ISO-10303-21;
HEADER;
FILE_DESCRIPTION(('Open CASCADE Model'),'2;1');
FILE_NAME('Open CASCADE Shape Model','2026-10-05T09:20:33',('Author'),(
    'Open CASCADE'),'Open CASCADE STEP processor 7.8','Open CASCADE 7.8'
  ,'Unknown');
FILE_SCHEMA(('AUTOMOTIVE_DESIGN { 1 0 10303 214 1 1 1 1 }'));
ENDSEC;
DATA;
#1 = APPLICATION_PROTOCOL_DEFINITION('international standard',
  'automotive_design',2000,#2);
#2 = APPLICATION_CONTEXT(
  'core data for automotive mechanical design processes');
#3 = SHAPE_DEFINITION_REPRESENTATION(#4,#10);
#4 = PRODUCT_DEFINITION_SHAPE('','',#5);
#5 = PRODUCT_DEFINITION('design','',#6,#9);
#6 = PRODUCT_DEFINITION_FORMATION('','',#7);
#7 = PRODUCT('Open CASCADE STEP translator 7.8 3',
  'Open CASCADE STEP translator 7.8 3','',(#8));
#8 = PRODUCT_CONTEXT('',#2,'mechanical');
#9 = PRODUCT_DEFINITION_CONTEXT('part definition',#2,'design');
#10 = ADVANCED_BREP_SHAPE_REPRESENTATION('',(#11,#15),#17630);
#11 = AXIS2_PLACEMENT_3D('',#12,#13,#14);
#12 = CARTESIAN_POINT('',(0.,0.,0.));
#13 = DIRECTION('',(0.,0.,1.));
#14 = DIRECTION('',(1.,0.,-0.));
#15 = MANIFOLD_SOLID_BREP('',#16);
#16 = CLOSED_SHELL('',(#17,#137,#644,#1045,#2671,#2807,#2881,#2929,#2976
    ,#3024,#3138,#3243,#3292,#3365,#3413,#3462,#3531,#3600,#3655,#3710,
    #3765,#3830,#3941,#4190,#4243,#4292,#4460,#4509,#4759,#4909,#4958,
    #5138,#5185,#5923,#6188,#6491,#6538,#6711,#6738,#6834,#6883,#6982,
    #7027,#7118,#7167,#7266,#7544,#7591,#7791,#7818,#8295,#9024,#9071,
    #9275,#9322,#9461,#9510,#9537,#9564,#9619,#9646,#9673,#9728,#9755,
    #9782,#9837,#9892,#9919,#9946,#9971,#9986,#10013,#10040,#10047,
    #10051,#10055,#10059,#10130,#10197,#10229,#10359,#10396,#10428,
    #10558,#10595,#10602,#10824,#10867,#11310,#11374,#11605,#11634,
    #11663,#11730,#11755,#11762,#11766,#11992,#12021,#12053,#12183,
    #12215,#12345,#12352,#12379,#12385,#12557,#12606,#12702,#12729,
    #12901,#12950,#13046,#13073,#13122,#13151,#13180,#13187,#13194,
    #13198,#13205,#13232,#13306,#13355,#13382,#13391,#13398,#13406,
    #13410,#13520,#13630,#13750,#13918,#13967,#14063,#14090,#14258,
    #14307,#14403,#14430,#14539,#14649,#14768,#14841,#14914,#14922,
    #14951,#14998,#15024,#15031,#15035,#15062,#15069,#15073,#15077,
    #15081,#15085,#15089,#15144,#15148,#15203,#15308,#15357,#15430,
    #15473,#15480,#15505,#15530,#15622,#15727,#15776,#15849,#15874,
    #15881,#15936,#15991,#16046,#16083,#16120,#16124,#16128,#16153,
    #16178,#16185,#16240,#16265,#16290,#16297,#16352,#16379,#16461,
    #16526,#16578,#16585,#16640,#16695,#16720,#16745,#16752,#16807,
    #16832,#16857,#16864,#16919,#17001,#17066,#17118,#17125,#17180,
    #17235,#17239,#17243,#17270,#17277,#17304,#17331,#17338,#17342,
    #17346,#17350,#17405,#17460,#17464,#17468,#17472,#17529,#17533,
    #17537,#17541,#17545,#17549,#17606,#17610,#17614,#17618,#17622,
    #17626));
#17 = ADVANCED_FACE('',(#18),#32,.T.);
#18 = FACE_BOUND('',#19,.T.);
#19 = EDGE_LOOP('',(#20,#55,#83,#111));
#20 = ORIENTED_EDGE('',*,*,#21,.F.);
#21 = EDGE_CURVE('',#22,#24,#26,.T.);
#22 = VERTEX_POINT('',#23);
#23 = CARTESIAN_POINT('',(82.5,-58.5,105.));
#24 = VERTEX_POINT('',#25);
#25 = CARTESIAN_POINT('',(82.5,58.5,105.));
#26 = SURFACE_CURVE('',#27,(#31,#43),.PCURVE_S1.);
#27 = LINE('',#28,#29);
#28 = CARTESIAN_POINT('',(82.5,-66.,105.));
#29 = VECTOR('',#30,1.);
#30 = DIRECTION('',(0.,1.,0.));
#31 = PCURVE('',#32,#37);
#32 = PLANE('',#33);
#33 = AXIS2_PLACEMENT_3D('',#34,#35,#36);
#34 = CARTESIAN_POINT('',(82.5,-58.5,14.));
#35 = DIRECTION('',(1.,0.,0.));
#36 = DIRECTION('',(0.,0.,1.));
#37 = DEFINITIONAL_REPRESENTATION('',(#38),#42);
#38 = LINE('',#39,#40);
#39 = CARTESIAN_POINT('',(91.,7.5));
#40 = VECTOR('',#41,1.);
#41 = DIRECTION('',(0.,-1.));
#42 = ( GEOMETRIC_REPRESENTATION_CONTEXT(2) 
PARAMETRIC_REPRESENTATION_CONTEXT() REPRESENTATION_CONTEXT('2D SPACE',''
  ) );
#43 = PCURVE('',#44,#49);
#44 = PLANE('',#45);
#45 = AXIS2_PLACEMENT_3D('',#46,#47,#48);
#46 = CARTESIAN_POINT('',(77.5,-66.,105.));
#47 = DIRECTION('',(0.,0.,1.));
#48 = DIRECTION('',(1.,0.,0.));
#49 = DEFINITIONAL_REPRESENTATION('',(#50),#54);
#50 = LINE('',#51,#52);
#51 = CARTESIAN_POINT('',(5.,0.));
#52 = VECTOR('',#53,1.);
#53 = DIRECTION('',(0.,1.));
#54 = ( GEOMETRIC_REPRESENTATION_CONTEXT(2) 
PARAMETRIC_REPRESENTATION_CONTEXT() REPRESENTATION_CONTEXT('2D SPACE',''
  ) );
#55 = ORIENTED_EDGE('',*,*,#56,.T.);
#56 = EDGE_CURVE('',#22,#57,#59,.T.);
#57 = VERTEX_POINT('',#58);
#58 = CARTESIAN_POINT('',(82.5,-58.5,14.));
#59 = SURFACE_CURVE('',#60,(#64,#71),.PCURVE_S1.);
#60 = LINE('',#61,#62);
#61 = CARTESIAN_POINT('',(82.5,-58.5,105.));
#62 = VECTOR('',#63,1.);
#63 = DIRECTION('',(0.,0.,-1.));
#64 = PCURVE('',#32,#65);
#65 = DEFINITIONAL_REPRESENTATION('',(#66),#70);
#66 = LINE('',#67,#68);
#67 = CARTESIAN_POINT('',(91.,0.));
#68 = VECTOR('',#69,1.);
#69 = DIRECTION('',(-1.,0.));
#70 = ( GEOMETRIC_REPRESENTATION_CONTEXT(2) 
PARAMETRIC_REPRESENTATION_CONTEXT() REPRESENTATION_CONTEXT('2D SPACE',''
  ) );
#71 = PCURVE('',#72,#77);
#72 = CYLINDRICAL_SURFACE('',#73,24.);
#73 = AXIS2_PLACEMENT_3D('',#74,#75,#76);
#74 = CARTESIAN_POINT('',(58.5,-58.5,14.));
#75 = DIRECTION('',(-0.,-0.,-1.));
#76 = DIRECTION('',(1.,0.,0.));
#77 = DEFINITIONAL_REPRESENTATION('',(#78),#82);
#78 = LINE('',#79,#80);
#79 = CARTESIAN_POINT('',(-6.28318530718,-91.));
#80 = VECTOR('',#81,1.);
#81 = DIRECTION('',(0.,1.));
#82 = ( GEOMETRIC_REPRESENTATION_CONTEXT(2) 
PARAMETRIC_REPRESENTATION_CONTEXT() REPRESENTATION_CONTEXT('2D SPACE',''
  ) );
#83 = ORIENTED_EDGE('',*,*,#84,.T.);
#84 = EDGE_CURVE('',#57,#85,#87,.T.);
#85 = VERTEX_POINT('',#86);
#86 = CARTESIAN_POINT('',(82.5,58.5,14.));
#87 = SURFACE_CURVE('',#88,(#92,#99),.PCURVE_S1.);
#88 = LINE('',#89,#90);
#89 = CARTESIAN_POINT('',(82.5,-58.5,14.));
#90 = VECTOR('',#91,1.);
#91 = DIRECTION('',(0.,1.,0.));
#92 = PCURVE('',#32,#93);
#93 = DEFINITIONAL_REPRESENTATION('',(#94),#98);
#94 = LINE('',#95,#96);
#95 = CARTESIAN_POINT('',(0.,0.));
#96 = VECTOR('',#97,1.);
#97 = DIRECTION('',(0.,-1.));
#98 = ( GEOMETRIC_REPRESENTATION_CONTEXT(2) 
PARAMETRIC_REPRESENTATION_CONTEXT() REPRESENTATION_CONTEXT('2D SPACE',''
  ) );
#99 = PCURVE('',#100,#105);
#100 = PLANE('',#101);
#101 = AXIS2_PLACEMENT_3D('',#102,#103,#104);
#102 = CARTESIAN_POINT('',(-58.5,-58.5,14.));
#103 = DIRECTION('',(0.,0.,1.));
#104 = DIRECTION('',(1.,0.,-0.));
#105 = DEFINITIONAL_REPRESENTATION('',(#106),#110);
#106 = LINE('',#107,#108);
#107 = CARTESIAN_POINT('',(141.,-7.105427357601E-15));
#108 = VECTOR('',#109,1.);
#109 = DIRECTION('',(0.,1.));
#110 = ( GEOMETRIC_REPRESENTATION_CONTEXT(2) 
PARAMETRIC_REPRESENTATION_CONTEXT() REPRESENTATION_CONTEXT('2D SPACE',''
  ) );
#111 = ORIENTED_EDGE('',*,*,#112,.T.);
#112 = EDGE_CURVE('',#85,#24,#113,.T.);
#113 = SURFACE_CURVE('',#114,(#118,#125),.PCURVE_S1.);
#114 = LINE('',#115,#116);
#115 = CARTESIAN_POINT('',(82.5,58.5,14.));
#116 = VECTOR('',#117,1.);
#117 = DIRECTION('',(0.,0.,1.));
#118 = PCURVE('',#32,#119);
#119 = DEFINITIONAL_REPRESENTATION('',(#120),#124);
#120 = LINE('',#121,#122);
#121 = CARTESIAN_POINT('',(0.,-117.));
#122 = VECTOR('',#123,1.);
#123 = DIRECTION('',(1.,0.));
#124 = ( GEOMETRIC_REPRESENTATION_CONTEXT(2) 
PARAMETRIC_REPRESENTATION_CONTEXT() REPRESENTATION_CONTEXT('2D SPACE',''
  ) );
#125 = PCURVE('',#126,#131);
#126 = CYLINDRICAL_SURFACE('',#127,24.);
#127 = AXIS2_PLACEMENT_3D('',#128,#129,#130);
#128 = CARTESIAN_POINT('',(58.5,58.5,13.));
#129 = DIRECTION('',(-0.,-0.,-1.));
#130 = DIRECTION('',(1.,0.,0.));
#131 = DEFINITIONAL_REPRESENTATION('',(#132),#136);
#132 = LINE('',#133,#134);
#133 = CARTESIAN_POINT('',(-0.,-1.));
#134 = VECTOR('',#135,1.);
#135 = DIRECTION('',(-0.,-1.));
#136 = ( GEOMETRIC_REPRESENTATION_CONTEXT(2) 
PARAMETRIC_REPRESENTATION_CONTEXT() REPRESENTATION_CONTEXT('2D SPACE',''
  ) );
#137 = ADVANCED_FACE('',(#138,#551,#582,#613),#44,.T.);
#138 = FACE_BOUND('',#139,.T.);
#139 = EDGE_LOOP('',(#140,#170,#198,#224,#225,#253,#281,#309,#338,#366,
    #392,#418,#444,#467,#496,#524));
#140 = ORIENTED_EDGE('',*,*,#141,.F.);
#141 = EDGE_CURVE('',#142,#144,#146,.T.);
#142 = VERTEX_POINT('',#143);
#143 = CARTESIAN_POINT('',(77.5,-66.,105.));
#144 = VERTEX_POINT('',#145);
#145 = CARTESIAN_POINT('',(77.5,-55.15266921119,105.));
#146 = SURFACE_CURVE('',#147,(#151,#158),.PCURVE_S1.);
#147 = LINE('',#148,#149);
#148 = CARTESIAN_POINT('',(77.5,-66.,105.));
#149 = VECTOR('',#150,1.);
#150 = DIRECTION('',(0.,1.,0.));
#151 = PCURVE('',#44,#152);
#152 = DEFINITIONAL_REPRESENTATION('',(#153),#157);
#153 = LINE('',#154,#155);
#154 = CARTESIAN_POINT('',(0.,0.));
#155 = VECTOR('',#156,1.);
#156 = DIRECTION('',(0.,1.));
#157 = ( GEOMETRIC_REPRESENTATION_CONTEXT(2) 
PARAMETRIC_REPRESENTATION_CONTEXT() REPRESENTATION_CONTEXT('2D SPACE',''
  ) );
#158 = PCURVE('',#159,#164);
#159 = PLANE('',#160);
#160 = AXIS2_PLACEMENT_3D('',#161,#162,#163);
#161 = CARTESIAN_POINT('',(77.5,-66.,93.));
#162 = DIRECTION('',(1.,0.,0.));
#163 = DIRECTION('',(0.,0.,1.));
#164 = DEFINITIONAL_REPRESENTATION('',(#165),#169);
#165 = LINE('',#166,#167);
#166 = CARTESIAN_POINT('',(12.,0.));
#167 = VECTOR('',#168,1.);
#168 = DIRECTION('',(0.,-1.));
#169 = ( GEOMETRIC_REPRESENTATION_CONTEXT(2) 
PARAMETRIC_REPRESENTATION_CONTEXT() REPRESENTATION_CONTEXT('2D SPACE',''
  ) );
#170 = ORIENTED_EDGE('',*,*,#171,.T.);
#171 = EDGE_CURVE('',#142,#172,#174,.T.);
#172 = VERTEX_POINT('',#173);
#173 = CARTESIAN_POINT('',(81.298026230356,-66.,105.));
#174 = SURFACE_CURVE('',#175,(#179,#186),.PCURVE_S1.);
#175 = LINE('',#176,#177);
#176 = CARTESIAN_POINT('',(77.5,-66.,105.));
#177 = VECTOR('',#178,1.);
#178 = DIRECTION('',(1.,0.,0.));
#179 = PCURVE('',#44,#180);
#180 = DEFINITIONAL_REPRESENTATION('',(#181),#185);
#181 = LINE('',#182,#183);
#182 = CARTESIAN_POINT('',(0.,0.));
#183 = VECTOR('',#184,1.);
#184 = DIRECTION('',(1.,0.));
#185 = ( GEOMETRIC_REPRESENTATION_CONTEXT(2) 
PARAMETRIC_REPRESENTATION_CONTEXT() REPRESENTATION_CONTEXT('2D SPACE',''
  ) );
#186 = PCURVE('',#187,#192);
#187 = PLANE('',#188);
#188 = AXIS2_PLACEMENT_3D('',#189,#190,#191);
#189 = CARTESIAN_POINT('',(77.5,-66.,93.));
#190 = DIRECTION('',(0.,1.,0.));
#191 = DIRECTION('',(0.,0.,1.));
#192 = DEFINITIONAL_REPRESENTATION('',(#193),#197);
#193 = LINE('',#194,#195);
#194 = CARTESIAN_POINT('',(12.,0.));
#195 = VECTOR('',#196,1.);
#196 = DIRECTION('',(0.,1.));
#197 = ( GEOMETRIC_REPRESENTATION_CONTEXT(2) 
PARAMETRIC_REPRESENTATION_CONTEXT() REPRESENTATION_CONTEXT('2D SPACE',''
  ) );
#198 = ORIENTED_EDGE('',*,*,#199,.F.);
#199 = EDGE_CURVE('',#22,#172,#200,.T.);
#200 = SURFACE_CURVE('',#201,(#206,#217),.PCURVE_S1.);
#201 = CIRCLE('',#202,24.);
#202 = AXIS2_PLACEMENT_3D('',#203,#204,#205);
#203 = CARTESIAN_POINT('',(58.5,-58.5,105.));
#204 = DIRECTION('',(0.,0.,-1.));
#205 = DIRECTION('',(1.,0.,0.));
#206 = PCURVE('',#44,#207);
#207 = DEFINITIONAL_REPRESENTATION('',(#208),#216);
#208 = ( BOUNDED_CURVE() B_SPLINE_CURVE(2,(#209,#210,#211,#212,#213,#214
,#215),.UNSPECIFIED.,.T.,.F.) B_SPLINE_CURVE_WITH_KNOTS((1,2,2,2,2,1),(
    -2.094395102393,0.,2.094395102393,4.188790204786,6.28318530718,
8.377580409573),.UNSPECIFIED.) CURVE() GEOMETRIC_REPRESENTATION_ITEM() 
RATIONAL_B_SPLINE_CURVE((1.,0.5,1.,0.5,1.,0.5,1.)) REPRESENTATION_ITEM(
  '') );
#209 = CARTESIAN_POINT('',(5.,7.5));
#210 = CARTESIAN_POINT('',(5.,-34.06921938165));
#211 = CARTESIAN_POINT('',(-31.,-13.28460969082));
#212 = CARTESIAN_POINT('',(-67.,7.5));
#213 = CARTESIAN_POINT('',(-31.,28.284609690827));
#214 = CARTESIAN_POINT('',(5.,49.069219381653));
#215 = CARTESIAN_POINT('',(5.,7.5));
#216 = ( GEOMETRIC_REPRESENTATION_CONTEXT(2) 
PARAMETRIC_REPRESENTATION_CONTEXT() REPRESENTATION_CONTEXT('2D SPACE',''
  ) );
#217 = PCURVE('',#72,#218);
#218 = DEFINITIONAL_REPRESENTATION('',(#219),#223);
#219 = LINE('',#220,#221);
#220 = CARTESIAN_POINT('',(-6.28318530718,-91.));
#221 = VECTOR('',#222,1.);
#222 = DIRECTION('',(1.,-0.));
#223 = ( GEOMETRIC_REPRESENTATION_CONTEXT(2) 
PARAMETRIC_REPRESENTATION_CONTEXT() REPRESENTATION_CONTEXT('2D SPACE',''
  ) );
#224 = ORIENTED_EDGE('',*,*,#21,.T.);
#225 = ORIENTED_EDGE('',*,*,#226,.F.);
#226 = EDGE_CURVE('',#227,#24,#229,.T.);
#227 = VERTEX_POINT('',#228);
#228 = CARTESIAN_POINT('',(81.298026230356,66.,105.));
#229 = SURFACE_CURVE('',#230,(#235,#246),.PCURVE_S1.);
#230 = CIRCLE('',#231,24.);
#231 = AXIS2_PLACEMENT_3D('',#232,#233,#234);
#232 = CARTESIAN_POINT('',(58.5,58.5,105.));
#233 = DIRECTION('',(0.,0.,-1.));
#234 = DIRECTION('',(1.,0.,0.));
#235 = PCURVE('',#44,#236);
#236 = DEFINITIONAL_REPRESENTATION('',(#237),#245);
#237 = ( BOUNDED_CURVE() B_SPLINE_CURVE(2,(#238,#239,#240,#241,#242,#243
,#244),.UNSPECIFIED.,.T.,.F.) B_SPLINE_CURVE_WITH_KNOTS((1,2,2,2,2,1),(
    -2.094395102393,0.,2.094395102393,4.188790204786,6.28318530718,
8.377580409573),.UNSPECIFIED.) CURVE() GEOMETRIC_REPRESENTATION_ITEM() 
RATIONAL_B_SPLINE_CURVE((1.,0.5,1.,0.5,1.,0.5,1.)) REPRESENTATION_ITEM(
  '') );
#238 = CARTESIAN_POINT('',(5.,124.5));
#239 = CARTESIAN_POINT('',(5.,82.930780618347));
#240 = CARTESIAN_POINT('',(-31.,103.71539030917));
#241 = CARTESIAN_POINT('',(-67.,124.5));
#242 = CARTESIAN_POINT('',(-31.,145.28460969082));
#243 = CARTESIAN_POINT('',(5.,166.06921938165));
#244 = CARTESIAN_POINT('',(5.,124.5));
#245 = ( GEOMETRIC_REPRESENTATION_CONTEXT(2) 
PARAMETRIC_REPRESENTATION_CONTEXT() REPRESENTATION_CONTEXT('2D SPACE',''
  ) );
#246 = PCURVE('',#126,#247);
#247 = DEFINITIONAL_REPRESENTATION('',(#248),#252);
#248 = LINE('',#249,#250);
#249 = CARTESIAN_POINT('',(-6.28318530718,-92.));
#250 = VECTOR('',#251,1.);
#251 = DIRECTION('',(1.,-0.));
#252 = ( GEOMETRIC_REPRESENTATION_CONTEXT(2) 
PARAMETRIC_REPRESENTATION_CONTEXT() REPRESENTATION_CONTEXT('2D SPACE',''
  ) );
#253 = ORIENTED_EDGE('',*,*,#254,.F.);
#254 = EDGE_CURVE('',#255,#227,#257,.T.);
#255 = VERTEX_POINT('',#256);
#256 = CARTESIAN_POINT('',(77.5,66.,105.));
#257 = SURFACE_CURVE('',#258,(#262,#269),.PCURVE_S1.);
#258 = LINE('',#259,#260);
#259 = CARTESIAN_POINT('',(77.5,66.,105.));
#260 = VECTOR('',#261,1.);
#261 = DIRECTION('',(1.,0.,0.));
#262 = PCURVE('',#44,#263);
#263 = DEFINITIONAL_REPRESENTATION('',(#264),#268);
#264 = LINE('',#265,#266);
#265 = CARTESIAN_POINT('',(0.,132.));
#266 = VECTOR('',#267,1.);
#267 = DIRECTION('',(1.,0.));
#268 = ( GEOMETRIC_REPRESENTATION_CONTEXT(2) 
PARAMETRIC_REPRESENTATION_CONTEXT() REPRESENTATION_CONTEXT('2D SPACE',''
  ) );
#269 = PCURVE('',#270,#275);
#270 = PLANE('',#271);
#271 = AXIS2_PLACEMENT_3D('',#272,#273,#274);
#272 = CARTESIAN_POINT('',(77.5,66.,93.));
#273 = DIRECTION('',(0.,1.,0.));
#274 = DIRECTION('',(0.,0.,1.));
#275 = DEFINITIONAL_REPRESENTATION('',(#276),#280);
#276 = LINE('',#277,#278);
#277 = CARTESIAN_POINT('',(12.,0.));
#278 = VECTOR('',#279,1.);
#279 = DIRECTION('',(0.,1.));
#280 = ( GEOMETRIC_REPRESENTATION_CONTEXT(2) 
PARAMETRIC_REPRESENTATION_CONTEXT() REPRESENTATION_CONTEXT('2D SPACE',''
  ) );
#281 = ORIENTED_EDGE('',*,*,#282,.F.);
#282 = EDGE_CURVE('',#283,#255,#285,.T.);
#283 = VERTEX_POINT('',#284);
#284 = CARTESIAN_POINT('',(77.5,55.152669211195,105.));
#285 = SURFACE_CURVE('',#286,(#290,#297),.PCURVE_S1.);
#286 = LINE('',#287,#288);
#287 = CARTESIAN_POINT('',(77.5,-66.,105.));
#288 = VECTOR('',#289,1.);
#289 = DIRECTION('',(0.,1.,0.));
#290 = PCURVE('',#44,#291);
#291 = DEFINITIONAL_REPRESENTATION('',(#292),#296);
#292 = LINE('',#293,#294);
#293 = CARTESIAN_POINT('',(0.,0.));
#294 = VECTOR('',#295,1.);
#295 = DIRECTION('',(0.,1.));
#296 = ( GEOMETRIC_REPRESENTATION_CONTEXT(2) 
PARAMETRIC_REPRESENTATION_CONTEXT() REPRESENTATION_CONTEXT('2D SPACE',''
  ) );
#297 = PCURVE('',#298,#303);
#298 = PLANE('',#299);
#299 = AXIS2_PLACEMENT_3D('',#300,#301,#302);
#300 = CARTESIAN_POINT('',(77.5,-66.,93.));
#301 = DIRECTION('',(1.,0.,0.));
#302 = DIRECTION('',(0.,0.,1.));
#303 = DEFINITIONAL_REPRESENTATION('',(#304),#308);
#304 = LINE('',#305,#306);
#305 = CARTESIAN_POINT('',(12.,0.));
#306 = VECTOR('',#307,1.);
#307 = DIRECTION('',(0.,-1.));
#308 = ( GEOMETRIC_REPRESENTATION_CONTEXT(2) 
PARAMETRIC_REPRESENTATION_CONTEXT() REPRESENTATION_CONTEXT('2D SPACE',''
  ) );
#309 = ORIENTED_EDGE('',*,*,#310,.T.);
#310 = EDGE_CURVE('',#283,#311,#313,.T.);
#311 = VERTEX_POINT('',#312);
#312 = CARTESIAN_POINT('',(77.5,44.847330788805,105.));
#313 = SURFACE_CURVE('',#314,(#319,#326),.PCURVE_S1.);
#314 = CIRCLE('',#315,5.2);
#315 = AXIS2_PLACEMENT_3D('',#316,#317,#318);
#316 = CARTESIAN_POINT('',(76.8,50.,105.));
#317 = DIRECTION('',(0.,0.,1.));
#318 = DIRECTION('',(1.,0.,0.));
#319 = PCURVE('',#44,#320);
#320 = DEFINITIONAL_REPRESENTATION('',(#321),#325);
#321 = CIRCLE('',#322,5.2);
#322 = AXIS2_PLACEMENT_2D('',#323,#324);
#323 = CARTESIAN_POINT('',(-0.7,116.));
#324 = DIRECTION('',(1.,0.));
#325 = ( GEOMETRIC_REPRESENTATION_CONTEXT(2) 
PARAMETRIC_REPRESENTATION_CONTEXT() REPRESENTATION_CONTEXT('2D SPACE',''
  ) );
#326 = PCURVE('',#327,#332);
#327 = CYLINDRICAL_SURFACE('',#328,5.2);
#328 = AXIS2_PLACEMENT_3D('',#329,#330,#331);
#329 = CARTESIAN_POINT('',(76.8,50.,93.));
#330 = DIRECTION('',(-0.,-0.,-1.));
#331 = DIRECTION('',(1.,0.,0.));
#332 = DEFINITIONAL_REPRESENTATION('',(#333),#337);
#333 = LINE('',#334,#335);
#334 = CARTESIAN_POINT('',(-0.,-12.));
#335 = VECTOR('',#336,1.);
#336 = DIRECTION('',(-1.,0.));
#337 = ( GEOMETRIC_REPRESENTATION_CONTEXT(2) 
PARAMETRIC_REPRESENTATION_CONTEXT() REPRESENTATION_CONTEXT('2D SPACE',''
  ) );
#338 = ORIENTED_EDGE('',*,*,#339,.F.);
#339 = EDGE_CURVE('',#340,#311,#342,.T.);
#340 = VERTEX_POINT('',#341);
#341 = CARTESIAN_POINT('',(77.5,32.,105.));
#342 = SURFACE_CURVE('',#343,(#347,#354),.PCURVE_S1.);
#343 = LINE('',#344,#345);
#344 = CARTESIAN_POINT('',(77.5,-66.,105.));
#345 = VECTOR('',#346,1.);
#346 = DIRECTION('',(0.,1.,0.));
#347 = PCURVE('',#44,#348);
#348 = DEFINITIONAL_REPRESENTATION('',(#349),#353);
#349 = LINE('',#350,#351);
#350 = CARTESIAN_POINT('',(0.,0.));
#351 = VECTOR('',#352,1.);
#352 = DIRECTION('',(0.,1.));
#353 = ( GEOMETRIC_REPRESENTATION_CONTEXT(2) 
PARAMETRIC_REPRESENTATION_CONTEXT() REPRESENTATION_CONTEXT('2D SPACE',''
  ) );
#354 = PCURVE('',#355,#360);
#355 = PLANE('',#356);
#356 = AXIS2_PLACEMENT_3D('',#357,#358,#359);
#357 = CARTESIAN_POINT('',(77.5,-66.,93.));
#358 = DIRECTION('',(1.,0.,0.));
#359 = DIRECTION('',(0.,0.,1.));
#360 = DEFINITIONAL_REPRESENTATION('',(#361),#365);
#361 = LINE('',#362,#363);
#362 = CARTESIAN_POINT('',(12.,0.));
#363 = VECTOR('',#364,1.);
#364 = DIRECTION('',(0.,-1.));
#365 = ( GEOMETRIC_REPRESENTATION_CONTEXT(2) 
PARAMETRIC_REPRESENTATION_CONTEXT() REPRESENTATION_CONTEXT('2D SPACE',''
  ) );
#366 = ORIENTED_EDGE('',*,*,#367,.F.);
#367 = EDGE_CURVE('',#368,#340,#370,.T.);
#368 = VERTEX_POINT('',#369);
#369 = CARTESIAN_POINT('',(80.3,32.,105.));
#370 = SURFACE_CURVE('',#371,(#375,#381),.PCURVE_S1.);
#371 = LINE('',#372,#373);
#372 = CARTESIAN_POINT('',(76.4,32.,105.));
#373 = VECTOR('',#374,1.);
#374 = DIRECTION('',(-1.,0.,0.));
#375 = PCURVE('',#44,#376);
#376 = DEFINITIONAL_REPRESENTATION('',(#377),#380);
#377 = B_SPLINE_CURVE_WITH_KNOTS('',1,(#378,#379),.UNSPECIFIED.,.F.,.F.,
  (2,2),(-3.9,1.1),.PIECEWISE_BEZIER_KNOTS.);
#378 = CARTESIAN_POINT('',(2.8,98.));
#379 = CARTESIAN_POINT('',(-2.2,98.));
#380 = ( GEOMETRIC_REPRESENTATION_CONTEXT(2) 
PARAMETRIC_REPRESENTATION_CONTEXT() REPRESENTATION_CONTEXT('2D SPACE',''
  ) );
#381 = PCURVE('',#382,#387);
#382 = PLANE('',#383);
#383 = AXIS2_PLACEMENT_3D('',#384,#385,#386);
#384 = CARTESIAN_POINT('',(75.3,32.,103.));
#385 = DIRECTION('',(0.,1.,0.));
#386 = DIRECTION('',(0.,0.,1.));
#387 = DEFINITIONAL_REPRESENTATION('',(#388),#391);
#388 = B_SPLINE_CURVE_WITH_KNOTS('',1,(#389,#390),.UNSPECIFIED.,.F.,.F.,
  (2,2),(-3.9,1.1),.PIECEWISE_BEZIER_KNOTS.);
#389 = CARTESIAN_POINT('',(2.,5.));
#390 = CARTESIAN_POINT('',(2.,0.));
#391 = ( GEOMETRIC_REPRESENTATION_CONTEXT(2) 
PARAMETRIC_REPRESENTATION_CONTEXT() REPRESENTATION_CONTEXT('2D SPACE',''
  ) );
#392 = ORIENTED_EDGE('',*,*,#393,.F.);
#393 = EDGE_CURVE('',#394,#368,#396,.T.);
#394 = VERTEX_POINT('',#395);
#395 = CARTESIAN_POINT('',(80.3,18.,105.));
#396 = SURFACE_CURVE('',#397,(#401,#407),.PCURVE_S1.);
#397 = LINE('',#398,#399);
#398 = CARTESIAN_POINT('',(80.3,-24.,105.));
#399 = VECTOR('',#400,1.);
#400 = DIRECTION('',(0.,1.,0.));
#401 = PCURVE('',#44,#402);
#402 = DEFINITIONAL_REPRESENTATION('',(#403),#406);
#403 = B_SPLINE_CURVE_WITH_KNOTS('',1,(#404,#405),.UNSPECIFIED.,.F.,.F.,
  (2,2),(42.,56.),.PIECEWISE_BEZIER_KNOTS.);
#404 = CARTESIAN_POINT('',(2.8,84.));
#405 = CARTESIAN_POINT('',(2.8,98.));
#406 = ( GEOMETRIC_REPRESENTATION_CONTEXT(2) 
PARAMETRIC_REPRESENTATION_CONTEXT() REPRESENTATION_CONTEXT('2D SPACE',''
  ) );
#407 = PCURVE('',#408,#413);
#408 = PLANE('',#409);
#409 = AXIS2_PLACEMENT_3D('',#410,#411,#412);
#410 = CARTESIAN_POINT('',(80.3,18.,103.));
#411 = DIRECTION('',(1.,0.,0.));
#412 = DIRECTION('',(0.,0.,1.));
#413 = DEFINITIONAL_REPRESENTATION('',(#414),#417);
#414 = B_SPLINE_CURVE_WITH_KNOTS('',1,(#415,#416),.UNSPECIFIED.,.F.,.F.,
  (2,2),(42.,56.),.PIECEWISE_BEZIER_KNOTS.);
#415 = CARTESIAN_POINT('',(2.,0.));
#416 = CARTESIAN_POINT('',(2.,-14.));
#417 = ( GEOMETRIC_REPRESENTATION_CONTEXT(2) 
PARAMETRIC_REPRESENTATION_CONTEXT() REPRESENTATION_CONTEXT('2D SPACE',''
  ) );
#418 = ORIENTED_EDGE('',*,*,#419,.T.);
#419 = EDGE_CURVE('',#394,#420,#422,.T.);
#420 = VERTEX_POINT('',#421);
#421 = CARTESIAN_POINT('',(77.5,18.,105.));
#422 = SURFACE_CURVE('',#423,(#427,#433),.PCURVE_S1.);
#423 = LINE('',#424,#425);
#424 = CARTESIAN_POINT('',(76.4,18.,105.));
#425 = VECTOR('',#426,1.);
#426 = DIRECTION('',(-1.,0.,0.));
#427 = PCURVE('',#44,#428);
#428 = DEFINITIONAL_REPRESENTATION('',(#429),#432);
#429 = B_SPLINE_CURVE_WITH_KNOTS('',1,(#430,#431),.UNSPECIFIED.,.F.,.F.,
  (2,2),(-3.9,1.1),.PIECEWISE_BEZIER_KNOTS.);
#430 = CARTESIAN_POINT('',(2.8,84.));
#431 = CARTESIAN_POINT('',(-2.2,84.));
#432 = ( GEOMETRIC_REPRESENTATION_CONTEXT(2) 
PARAMETRIC_REPRESENTATION_CONTEXT() REPRESENTATION_CONTEXT('2D SPACE',''
  ) );
#433 = PCURVE('',#434,#439);
#434 = PLANE('',#435);
#435 = AXIS2_PLACEMENT_3D('',#436,#437,#438);
#436 = CARTESIAN_POINT('',(75.3,18.,103.));
#437 = DIRECTION('',(0.,1.,0.));
#438 = DIRECTION('',(0.,0.,1.));
#439 = DEFINITIONAL_REPRESENTATION('',(#440),#443);
#440 = B_SPLINE_CURVE_WITH_KNOTS('',1,(#441,#442),.UNSPECIFIED.,.F.,.F.,
  (2,2),(-3.9,1.1),.PIECEWISE_BEZIER_KNOTS.);
#441 = CARTESIAN_POINT('',(2.,5.));
#442 = CARTESIAN_POINT('',(2.,0.));
#443 = ( GEOMETRIC_REPRESENTATION_CONTEXT(2) 
PARAMETRIC_REPRESENTATION_CONTEXT() REPRESENTATION_CONTEXT('2D SPACE',''
  ) );
#444 = ORIENTED_EDGE('',*,*,#445,.F.);
#445 = EDGE_CURVE('',#446,#420,#448,.T.);
#446 = VERTEX_POINT('',#447);
#447 = CARTESIAN_POINT('',(77.5,15.152669211195,105.));
#448 = SURFACE_CURVE('',#449,(#453,#460),.PCURVE_S1.);
#449 = LINE('',#450,#451);
#450 = CARTESIAN_POINT('',(77.5,-66.,105.));
#451 = VECTOR('',#452,1.);
#452 = DIRECTION('',(0.,1.,0.));
#453 = PCURVE('',#44,#454);
#454 = DEFINITIONAL_REPRESENTATION('',(#455),#459);
#455 = LINE('',#456,#457);
#456 = CARTESIAN_POINT('',(0.,0.));
#457 = VECTOR('',#458,1.);
#458 = DIRECTION('',(0.,1.));
#459 = ( GEOMETRIC_REPRESENTATION_CONTEXT(2) 
PARAMETRIC_REPRESENTATION_CONTEXT() REPRESENTATION_CONTEXT('2D SPACE',''
  ) );
#460 = PCURVE('',#355,#461);
#461 = DEFINITIONAL_REPRESENTATION('',(#462),#466);
#462 = LINE('',#463,#464);
#463 = CARTESIAN_POINT('',(12.,0.));
#464 = VECTOR('',#465,1.);
#465 = DIRECTION('',(0.,-1.));
#466 = ( GEOMETRIC_REPRESENTATION_CONTEXT(2) 
PARAMETRIC_REPRESENTATION_CONTEXT() REPRESENTATION_CONTEXT('2D SPACE',''
  ) );
#467 = ORIENTED_EDGE('',*,*,#468,.T.);
#468 = EDGE_CURVE('',#446,#469,#471,.T.);
#469 = VERTEX_POINT('',#470);
#470 = CARTESIAN_POINT('',(77.5,4.847330788805,105.));
#471 = SURFACE_CURVE('',#472,(#477,#484),.PCURVE_S1.);
#472 = CIRCLE('',#473,5.2);
#473 = AXIS2_PLACEMENT_3D('',#474,#475,#476);
#474 = CARTESIAN_POINT('',(76.8,10.,105.));
#475 = DIRECTION('',(0.,0.,1.));
#476 = DIRECTION('',(1.,0.,0.));
#477 = PCURVE('',#44,#478);
#478 = DEFINITIONAL_REPRESENTATION('',(#479),#483);
#479 = CIRCLE('',#480,5.2);
#480 = AXIS2_PLACEMENT_2D('',#481,#482);
#481 = CARTESIAN_POINT('',(-0.7,76.));
#482 = DIRECTION('',(1.,0.));
#483 = ( GEOMETRIC_REPRESENTATION_CONTEXT(2) 
PARAMETRIC_REPRESENTATION_CONTEXT() REPRESENTATION_CONTEXT('2D SPACE',''
  ) );
#484 = PCURVE('',#485,#490);
#485 = CYLINDRICAL_SURFACE('',#486,5.2);
#486 = AXIS2_PLACEMENT_3D('',#487,#488,#489);
#487 = CARTESIAN_POINT('',(76.8,10.,93.));
#488 = DIRECTION('',(-0.,-0.,-1.));
#489 = DIRECTION('',(1.,0.,0.));
#490 = DEFINITIONAL_REPRESENTATION('',(#491),#495);
#491 = LINE('',#492,#493);
#492 = CARTESIAN_POINT('',(-0.,-12.));
#493 = VECTOR('',#494,1.);
#494 = DIRECTION('',(-1.,0.));
#495 = ( GEOMETRIC_REPRESENTATION_CONTEXT(2) 
PARAMETRIC_REPRESENTATION_CONTEXT() REPRESENTATION_CONTEXT('2D SPACE',''
  ) );
#496 = ORIENTED_EDGE('',*,*,#497,.F.);
#497 = EDGE_CURVE('',#498,#469,#500,.T.);
#498 = VERTEX_POINT('',#499);
#499 = CARTESIAN_POINT('',(77.5,-44.8473307888,105.));
#500 = SURFACE_CURVE('',#501,(#505,#512),.PCURVE_S1.);
#501 = LINE('',#502,#503);
#502 = CARTESIAN_POINT('',(77.5,-66.,105.));
#503 = VECTOR('',#504,1.);
#504 = DIRECTION('',(0.,1.,0.));
#505 = PCURVE('',#44,#506);
#506 = DEFINITIONAL_REPRESENTATION('',(#507),#511);
#507 = LINE('',#508,#509);
#508 = CARTESIAN_POINT('',(0.,0.));
#509 = VECTOR('',#510,1.);
#510 = DIRECTION('',(0.,1.));
#511 = ( GEOMETRIC_REPRESENTATION_CONTEXT(2) 
PARAMETRIC_REPRESENTATION_CONTEXT() REPRESENTATION_CONTEXT('2D SPACE',''
  ) );
#512 = PCURVE('',#513,#518);
#513 = PLANE('',#514);
#514 = AXIS2_PLACEMENT_3D('',#515,#516,#517);
#515 = CARTESIAN_POINT('',(77.5,-66.,93.));
#516 = DIRECTION('',(1.,0.,0.));
#517 = DIRECTION('',(0.,0.,1.));
#518 = DEFINITIONAL_REPRESENTATION('',(#519),#523);
#519 = LINE('',#520,#521);
#520 = CARTESIAN_POINT('',(12.,0.));
#521 = VECTOR('',#522,1.);
#522 = DIRECTION('',(0.,-1.));
#523 = ( GEOMETRIC_REPRESENTATION_CONTEXT(2) 
PARAMETRIC_REPRESENTATION_CONTEXT() REPRESENTATION_CONTEXT('2D SPACE',''
  ) );
#524 = ORIENTED_EDGE('',*,*,#525,.T.);
#525 = EDGE_CURVE('',#498,#144,#526,.T.);
#526 = SURFACE_CURVE('',#527,(#532,#539),.PCURVE_S1.);
#527 = CIRCLE('',#528,5.2);
#528 = AXIS2_PLACEMENT_3D('',#529,#530,#531);
#529 = CARTESIAN_POINT('',(76.8,-50.,105.));
#530 = DIRECTION('',(0.,0.,1.));
#531 = DIRECTION('',(1.,0.,0.));
#532 = PCURVE('',#44,#533);
#533 = DEFINITIONAL_REPRESENTATION('',(#534),#538);
#534 = CIRCLE('',#535,5.2);
#535 = AXIS2_PLACEMENT_2D('',#536,#537);
#536 = CARTESIAN_POINT('',(-0.7,16.));
#537 = DIRECTION('',(1.,0.));
#538 = ( GEOMETRIC_REPRESENTATION_CONTEXT(2) 
PARAMETRIC_REPRESENTATION_CONTEXT() REPRESENTATION_CONTEXT('2D SPACE',''
  ) );
#539 = PCURVE('',#540,#545);
#540 = CYLINDRICAL_SURFACE('',#541,5.2);
#541 = AXIS2_PLACEMENT_3D('',#542,#543,#544);
#542 = CARTESIAN_POINT('',(76.8,-50.,93.));
#543 = DIRECTION('',(-0.,-0.,-1.));
#544 = DIRECTION('',(1.,0.,0.));
#545 = DEFINITIONAL_REPRESENTATION('',(#546),#550);
#546 = LINE('',#547,#548);
#547 = CARTESIAN_POINT('',(-0.,-12.));
#548 = VECTOR('',#549,1.);
#549 = DIRECTION('',(-1.,0.));
#550 = ( GEOMETRIC_REPRESENTATION_CONTEXT(2) 
PARAMETRIC_REPRESENTATION_CONTEXT() REPRESENTATION_CONTEXT('2D SPACE',''
  ) );
#551 = FACE_BOUND('',#552,.T.);
#552 = EDGE_LOOP('',(#553));
#553 = ORIENTED_EDGE('',*,*,#554,.F.);
#554 = EDGE_CURVE('',#555,#555,#557,.T.);
#555 = VERTEX_POINT('',#556);
#556 = CARTESIAN_POINT('',(79.5,-50.,105.));
#557 = SURFACE_CURVE('',#558,(#563,#570),.PCURVE_S1.);
#558 = CIRCLE('',#559,2.7);
#559 = AXIS2_PLACEMENT_3D('',#560,#561,#562);
#560 = CARTESIAN_POINT('',(76.8,-50.,105.));
#561 = DIRECTION('',(0.,0.,1.));
#562 = DIRECTION('',(1.,0.,0.));
#563 = PCURVE('',#44,#564);
#564 = DEFINITIONAL_REPRESENTATION('',(#565),#569);
#565 = CIRCLE('',#566,2.7);
#566 = AXIS2_PLACEMENT_2D('',#567,#568);
#567 = CARTESIAN_POINT('',(-0.7,16.));
#568 = DIRECTION('',(1.,0.));
#569 = ( GEOMETRIC_REPRESENTATION_CONTEXT(2) 
PARAMETRIC_REPRESENTATION_CONTEXT() REPRESENTATION_CONTEXT('2D SPACE',''
  ) );
#570 = PCURVE('',#571,#576);
#571 = CYLINDRICAL_SURFACE('',#572,2.7);
#572 = AXIS2_PLACEMENT_3D('',#573,#574,#575);
#573 = CARTESIAN_POINT('',(76.8,-50.,98.));
#574 = DIRECTION('',(-0.,-0.,-1.));
#575 = DIRECTION('',(1.,0.,0.));
#576 = DEFINITIONAL_REPRESENTATION('',(#577),#581);
#577 = LINE('',#578,#579);
#578 = CARTESIAN_POINT('',(-0.,-7.));
#579 = VECTOR('',#580,1.);
#580 = DIRECTION('',(-1.,0.));
#581 = ( GEOMETRIC_REPRESENTATION_CONTEXT(2) 
PARAMETRIC_REPRESENTATION_CONTEXT() REPRESENTATION_CONTEXT('2D SPACE',''
  ) );
#582 = FACE_BOUND('',#583,.T.);
#583 = EDGE_LOOP('',(#584));
#584 = ORIENTED_EDGE('',*,*,#585,.F.);
#585 = EDGE_CURVE('',#586,#586,#588,.T.);
#586 = VERTEX_POINT('',#587);
#587 = CARTESIAN_POINT('',(79.5,10.,105.));
#588 = SURFACE_CURVE('',#589,(#594,#601),.PCURVE_S1.);
#589 = CIRCLE('',#590,2.7);
#590 = AXIS2_PLACEMENT_3D('',#591,#592,#593);
#591 = CARTESIAN_POINT('',(76.8,10.,105.));
#592 = DIRECTION('',(0.,0.,1.));
#593 = DIRECTION('',(1.,0.,0.));
#594 = PCURVE('',#44,#595);
#595 = DEFINITIONAL_REPRESENTATION('',(#596),#600);
#596 = CIRCLE('',#597,2.7);
#597 = AXIS2_PLACEMENT_2D('',#598,#599);
#598 = CARTESIAN_POINT('',(-0.7,76.));
#599 = DIRECTION('',(1.,0.));
#600 = ( GEOMETRIC_REPRESENTATION_CONTEXT(2) 
PARAMETRIC_REPRESENTATION_CONTEXT() REPRESENTATION_CONTEXT('2D SPACE',''
  ) );
#601 = PCURVE('',#602,#607);
#602 = CYLINDRICAL_SURFACE('',#603,2.7);
#603 = AXIS2_PLACEMENT_3D('',#604,#605,#606);
#604 = CARTESIAN_POINT('',(76.8,10.,98.));
#605 = DIRECTION('',(-0.,-0.,-1.));
#606 = DIRECTION('',(1.,0.,0.));
#607 = DEFINITIONAL_REPRESENTATION('',(#608),#612);
#608 = LINE('',#609,#610);
#609 = CARTESIAN_POINT('',(-0.,-7.));
#610 = VECTOR('',#611,1.);
#611 = DIRECTION('',(-1.,0.));
#612 = ( GEOMETRIC_REPRESENTATION_CONTEXT(2) 
PARAMETRIC_REPRESENTATION_CONTEXT() REPRESENTATION_CONTEXT('2D SPACE',''
  ) );
#613 = FACE_BOUND('',#614,.T.);
#614 = EDGE_LOOP('',(#615));
#615 = ORIENTED_EDGE('',*,*,#616,.F.);
#616 = EDGE_CURVE('',#617,#617,#619,.T.);
#617 = VERTEX_POINT('',#618);
#618 = CARTESIAN_POINT('',(79.5,50.,105.));
#619 = SURFACE_CURVE('',#620,(#625,#632),.PCURVE_S1.);
#620 = CIRCLE('',#621,2.7);
#621 = AXIS2_PLACEMENT_3D('',#622,#623,#624);
#622 = CARTESIAN_POINT('',(76.8,50.,105.));
#623 = DIRECTION('',(0.,0.,1.));
#624 = DIRECTION('',(1.,0.,0.));
#625 = PCURVE('',#44,#626);
#626 = DEFINITIONAL_REPRESENTATION('',(#627),#631);
#627 = CIRCLE('',#628,2.7);
#628 = AXIS2_PLACEMENT_2D('',#629,#630);
#629 = CARTESIAN_POINT('',(-0.7,116.));
#630 = DIRECTION('',(1.,0.));
#631 = ( GEOMETRIC_REPRESENTATION_CONTEXT(2) 
PARAMETRIC_REPRESENTATION_CONTEXT() REPRESENTATION_CONTEXT('2D SPACE',''
  ) );
#632 = PCURVE('',#633,#638);
#633 = CYLINDRICAL_SURFACE('',#634,2.7);
#634 = AXIS2_PLACEMENT_3D('',#635,#636,#637);
#635 = CARTESIAN_POINT('',(76.8,50.,98.));
#636 = DIRECTION('',(-0.,-0.,-1.));
#637 = DIRECTION('',(1.,0.,0.));
#638 = DEFINITIONAL_REPRESENTATION('',(#639),#643);
#639 = LINE('',#640,#641);
#640 = CARTESIAN_POINT('',(-0.,-7.));
#641 = VECTOR('',#642,1.);
#642 = DIRECTION('',(-1.,0.));
#643 = ( GEOMETRIC_REPRESENTATION_CONTEXT(2) 
PARAMETRIC_REPRESENTATION_CONTEXT() REPRESENTATION_CONTEXT('2D SPACE',''
  ) );
#644 = ADVANCED_FACE('',(#645),#126,.T.);
#645 = FACE_BOUND('',#646,.F.);
#646 = EDGE_LOOP('',(#647,#668,#697,#724,#899,#926,#959,#993,#1021,#1043
    ,#1044));
#647 = ORIENTED_EDGE('',*,*,#648,.T.);
#648 = EDGE_CURVE('',#227,#649,#651,.T.);
#649 = VERTEX_POINT('',#650);
#650 = CARTESIAN_POINT('',(81.298026230356,66.,104.6));
#651 = SURFACE_CURVE('',#652,(#656,#662),.PCURVE_S1.);
#652 = LINE('',#653,#654);
#653 = CARTESIAN_POINT('',(81.298026230356,66.,13.));
#654 = VECTOR('',#655,1.);
#655 = DIRECTION('',(-0.,-0.,-1.));
#656 = PCURVE('',#126,#657);
#657 = DEFINITIONAL_REPRESENTATION('',(#658),#661);
#658 = B_SPLINE_CURVE_WITH_KNOTS('',1,(#659,#660),.UNSPECIFIED.,.F.,.F.,
  (2,2),(-93.2,-78.8),.PIECEWISE_BEZIER_KNOTS.);
#659 = CARTESIAN_POINT('',(-0.317823703928,-93.2));
#660 = CARTESIAN_POINT('',(-0.317823703928,-78.8));
#661 = ( GEOMETRIC_REPRESENTATION_CONTEXT(2) 
PARAMETRIC_REPRESENTATION_CONTEXT() REPRESENTATION_CONTEXT('2D SPACE',''
  ) );
#662 = PCURVE('',#270,#663);
#663 = DEFINITIONAL_REPRESENTATION('',(#664),#667);
#664 = B_SPLINE_CURVE_WITH_KNOTS('',1,(#665,#666),.UNSPECIFIED.,.F.,.F.,
  (2,2),(-93.2,-78.8),.PIECEWISE_BEZIER_KNOTS.);
#665 = CARTESIAN_POINT('',(13.2,3.798026230356));
#666 = CARTESIAN_POINT('',(-1.2,3.798026230356));
#667 = ( GEOMETRIC_REPRESENTATION_CONTEXT(2) 
PARAMETRIC_REPRESENTATION_CONTEXT() REPRESENTATION_CONTEXT('2D SPACE',''
  ) );
#668 = ORIENTED_EDGE('',*,*,#669,.T.);
#669 = EDGE_CURVE('',#649,#670,#672,.T.);
#670 = VERTEX_POINT('',#671);
#671 = CARTESIAN_POINT('',(66.15,81.248131791424,104.6));
#672 = SURFACE_CURVE('',#673,(#678,#685),.PCURVE_S1.);
#673 = CIRCLE('',#674,24.);
#674 = AXIS2_PLACEMENT_3D('',#675,#676,#677);
#675 = CARTESIAN_POINT('',(58.5,58.5,104.6));
#676 = DIRECTION('',(0.,0.,1.));
#677 = DIRECTION('',(1.,0.,0.));
#678 = PCURVE('',#126,#679);
#679 = DEFINITIONAL_REPRESENTATION('',(#680),#684);
#680 = LINE('',#681,#682);
#681 = CARTESIAN_POINT('',(-0.,-91.6));
#682 = VECTOR('',#683,1.);
#683 = DIRECTION('',(-1.,0.));
#684 = ( GEOMETRIC_REPRESENTATION_CONTEXT(2) 
PARAMETRIC_REPRESENTATION_CONTEXT() REPRESENTATION_CONTEXT('2D SPACE',''
  ) );
#685 = PCURVE('',#686,#691);
#686 = PLANE('',#687);
#687 = AXIS2_PLACEMENT_3D('',#688,#689,#690);
#688 = CARTESIAN_POINT('',(-58.5,-82.5,104.6));
#689 = DIRECTION('',(0.,0.,1.));
#690 = DIRECTION('',(1.,0.,0.));
#691 = DEFINITIONAL_REPRESENTATION('',(#692),#696);
#692 = CIRCLE('',#693,24.);
#693 = AXIS2_PLACEMENT_2D('',#694,#695);
#694 = CARTESIAN_POINT('',(117.,141.));
#695 = DIRECTION('',(1.,0.));
#696 = ( GEOMETRIC_REPRESENTATION_CONTEXT(2) 
PARAMETRIC_REPRESENTATION_CONTEXT() REPRESENTATION_CONTEXT('2D SPACE',''
  ) );
#697 = ORIENTED_EDGE('',*,*,#698,.T.);
#698 = EDGE_CURVE('',#670,#699,#701,.T.);
#699 = VERTEX_POINT('',#700);
#700 = CARTESIAN_POINT('',(66.15,81.248131791424,26.1));
#701 = SURFACE_CURVE('',#702,(#706,#713),.PCURVE_S1.);
#702 = LINE('',#703,#704);
#703 = CARTESIAN_POINT('',(66.15,81.248131791424,14.));
#704 = VECTOR('',#705,1.);
#705 = DIRECTION('',(-0.,-0.,-1.));
#706 = PCURVE('',#126,#707);
#707 = DEFINITIONAL_REPRESENTATION('',(#708),#712);
#708 = LINE('',#709,#710);
#709 = CARTESIAN_POINT('',(-1.246385922069,-1.));
#710 = VECTOR('',#711,1.);
#711 = DIRECTION('',(-0.,1.));
#712 = ( GEOMETRIC_REPRESENTATION_CONTEXT(2) 
PARAMETRIC_REPRESENTATION_CONTEXT() REPRESENTATION_CONTEXT('2D SPACE',''
  ) );
#713 = PCURVE('',#714,#719);
#714 = PLANE('',#715);
#715 = AXIS2_PLACEMENT_3D('',#716,#717,#718);
#716 = CARTESIAN_POINT('',(66.15,78.3,26.1));
#717 = DIRECTION('',(1.,0.,0.));
#718 = DIRECTION('',(0.,0.,1.));
#719 = DEFINITIONAL_REPRESENTATION('',(#720),#723);
#720 = B_SPLINE_CURVE_WITH_KNOTS('',1,(#721,#722),.UNSPECIFIED.,.F.,.F.,
  (2,2),(-90.6000006,5.999999999062E-07),.PIECEWISE_BEZIER_KNOTS.);
#721 = CARTESIAN_POINT('',(78.5000006,-2.948131791424));
#722 = CARTESIAN_POINT('',(-12.1000006,-2.948131791424));
#723 = ( GEOMETRIC_REPRESENTATION_CONTEXT(2) 
PARAMETRIC_REPRESENTATION_CONTEXT() REPRESENTATION_CONTEXT('2D SPACE',''
  ) );
#724 = ORIENTED_EDGE('',*,*,#725,.T.);
#725 = EDGE_CURVE('',#699,#726,#728,.T.);
#726 = VERTEX_POINT('',#727);
#727 = CARTESIAN_POINT('',(60.,82.453079134007,18.199208900369));
#728 = SURFACE_CURVE('',#729,(#762,#858),.PCURVE_S1.);
#729 = B_SPLINE_CURVE_WITH_KNOTS('',7,(#730,#731,#732,#733,#734,#735,
    #736,#737,#738,#739,#740,#741,#742,#743,#744,#745,#746,#747,#748,
    #749,#750,#751,#752,#753,#754,#755,#756,#757,#758,#759,#760,#761),
  .UNSPECIFIED.,.F.,.F.,(8,6,6,6,6,8),(0.,0.485546069278,0.605008208123,
    0.748730562414,0.854535049234,1.),.UNSPECIFIED.);
#730 = CARTESIAN_POINT('',(66.15,81.248131791424,26.1));
#731 = CARTESIAN_POINT('',(66.15,81.248131791424,25.352853561243));
#732 = CARTESIAN_POINT('',(66.07009002551,81.275004882738,
    24.606902459788));
#733 = CARTESIAN_POINT('',(65.910730914983,81.328595614471,
    23.867416799707));
#734 = CARTESIAN_POINT('',(65.670824800889,81.40730677914,
    23.139851017522));
#735 = CARTESIAN_POINT('',(65.34805929545,81.50803511287,22.430759163014
    ));
#736 = CARTESIAN_POINT('',(64.939039093054,81.62583655948,
    21.748469921081));
#737 = CARTESIAN_POINT('',(64.316923208989,81.784747768707,
    20.946442956074));
#738 = CARTESIAN_POINT('',(64.188573852327,81.816726429183,
    20.790357598177));
#739 = CARTESIAN_POINT('',(64.054634349783,81.849200886046,
    20.63671323996));
#740 = CARTESIAN_POINT('',(63.915023271043,81.882056001008,
    20.485692590348));
#741 = CARTESIAN_POINT('',(63.769658643323,81.915165988552,
    20.33749925482));
#742 = CARTESIAN_POINT('',(63.618457908122,81.948393919579,
    20.19235772397));
#743 = CARTESIAN_POINT('',(63.272310116915,82.021530196053,
    19.879863432034));
#744 = CARTESIAN_POINT('',(63.074675380748,82.061433125684,
    19.713950025955));
#745 = CARTESIAN_POINT('',(62.868324214421,82.101032512825,
    19.55324429903));
#746 = CARTESIAN_POINT('',(62.653168112792,82.140033298954,
    19.398264362783));
#747 = CARTESIAN_POINT('',(62.42913994339,82.178114321144,
    19.249575729949));
#748 = CARTESIAN_POINT('',(62.196194369163,82.214929765069,
    19.107791759362));
#749 = CARTESIAN_POINT('',(61.776238307182,82.276009804728,
    18.874766712454));
#750 = CARTESIAN_POINT('',(61.593300496771,82.301026408221,
    18.780047604153));
#751 = CARTESIAN_POINT('',(61.405594828952,82.324996671281,
    18.689745043021));
#752 = CARTESIAN_POINT('',(61.21323655762,82.34775454871,18.604182162735
    ));
#753 = CARTESIAN_POINT('',(61.01635618288,82.369133697468,
    18.523677482336));
#754 = CARTESIAN_POINT('',(60.815099432314,82.388969466845,
    18.448545424988));
#755 = CARTESIAN_POINT('',(60.327134477466,82.432028814225,
    18.283615673569));
#756 = CARTESIAN_POINT('',(60.036387501553,82.453760434434,
    18.198780675543));
#757 = CARTESIAN_POINT('',(59.738496477721,82.471802190826,
    18.125682678685));
#758 = CARTESIAN_POINT('',(59.434647525368,82.485728428207,
    18.065207011623));
#759 = CARTESIAN_POINT('',(59.126085853525,82.495204124786,
    18.018037521444));
#760 = CARTESIAN_POINT('',(58.814098974826,82.5,17.984658124505));
#761 = CARTESIAN_POINT('',(58.5,82.5,17.965351882226));
#762 = PCURVE('',#126,#763);
#763 = DEFINITIONAL_REPRESENTATION('',(#764),#857);
#764 = B_SPLINE_CURVE_WITH_KNOTS('',10,(#765,#766,#767,#768,#769,#770,
    #771,#772,#773,#774,#775,#776,#777,#778,#779,#780,#781,#782,#783,
    #784,#785,#786,#787,#788,#789,#790,#791,#792,#793,#794,#795,#796,
    #797,#798,#799,#800,#801,#802,#803,#804,#805,#806,#807,#808,#809,
    #810,#811,#812,#813,#814,#815,#816,#817,#818,#819,#820,#821,#822,
    #823,#824,#825,#826,#827,#828,#829,#830,#831,#832,#833,#834,#835,
    #836,#837,#838,#839,#840,#841,#842,#843,#844,#845,#846,#847,#848,
    #849,#850,#851,#852,#853,#854,#855,#856),.UNSPECIFIED.,.F.,.F.,(11,9
    ,9,9,9,9,9,9,9,9,11),(0.,0.449152657068,0.477224698134,
    0.529859775134,0.575915467509,0.616214198338,0.686736977287,
    0.739629061499,0.818967187817,0.858636250976,0.898305314135),
  .UNSPECIFIED.);
#765 = CARTESIAN_POINT('',(-1.246385922069,-13.1));
#766 = CARTESIAN_POINT('',(-1.246385922069,-12.61619839888));
#767 = CARTESIAN_POINT('',(-1.247788699896,-12.13287413391));
#768 = CARTESIAN_POINT('',(-1.250589581942,-11.6512439417));
#769 = CARTESIAN_POINT('',(-1.254789056146,-11.17254705484));
#770 = CARTESIAN_POINT('',(-1.260391985176,-10.69809686623));
#771 = CARTESIAN_POINT('',(-1.267407075228,-10.22932757527));
#772 = CARTESIAN_POINT('',(-1.275846540813,-9.767842028271));
#773 = CARTESIAN_POINT('',(-1.28572590592,-9.31546696533));
#774 = CARTESIAN_POINT('',(-1.297063881915,-8.874321885926));
#775 = CARTESIAN_POINT('',(-1.310683411348,-8.420194361755));
#776 = CARTESIAN_POINT('',(-1.311490342972,-8.393534614459));
#777 = CARTESIAN_POINT('',(-1.312303062753,-8.366929114231));
#778 = CARTESIAN_POINT('',(-1.313121576059,-8.340378477474));
#779 = CARTESIAN_POINT('',(-1.313945888307,-8.313883326498));
#780 = CARTESIAN_POINT('',(-1.314776004959,-8.287444289603));
#781 = CARTESIAN_POINT('',(-1.315611931527,-8.261062001169));
#782 = CARTESIAN_POINT('',(-1.316453673569,-8.234737101744));
#783 = CARTESIAN_POINT('',(-1.317301236687,-8.208470238129));
#784 = CARTESIAN_POINT('',(-1.319754732495,-8.13312173598));
#785 = CARTESIAN_POINT('',(-1.321375375112,-8.084186163868));
#786 = CARTESIAN_POINT('',(-1.323016120505,-8.035473972821));
#787 = CARTESIAN_POINT('',(-1.324678504932,-7.98694338099));
#788 = CARTESIAN_POINT('',(-1.326361150448,-7.938644863729));
#789 = CARTESIAN_POINT('',(-1.328064685262,-7.890561932972));
#790 = CARTESIAN_POINT('',(-1.329789395292,-7.842695208636));
#791 = CARTESIAN_POINT('',(-1.331534923925,-7.795060187941));
#792 = CARTESIAN_POINT('',(-1.333301570468,-7.747654945929));
#793 = CARTESIAN_POINT('',(-1.336653617178,-7.659213559504));
#794 = CARTESIAN_POINT('',(-1.338234075425,-7.618121808914));
#795 = CARTESIAN_POINT('',(-1.339830744508,-7.577214177174));
#796 = CARTESIAN_POINT('',(-1.3414436656,-7.536493963655));
#797 = CARTESIAN_POINT('',(-1.343072880013,-7.495964544657));
#798 = CARTESIAN_POINT('',(-1.344718429216,-7.455629373391));
#799 = CARTESIAN_POINT('',(-1.346380354851,-7.415491979981));
#800 = CARTESIAN_POINT('',(-1.348058698753,-7.375555971446));
#801 = CARTESIAN_POINT('',(-1.34975350297,-7.3358250317));
#802 = CARTESIAN_POINT('',(-1.35296220323,-7.261721075148));
#803 = CARTESIAN_POINT('',(-1.354472234877,-7.227299050163));
#804 = CARTESIAN_POINT('',(-1.355994913177,-7.193039751631));
#805 = CARTESIAN_POINT('',(-1.357530303939,-7.158944995933));
#806 = CARTESIAN_POINT('',(-1.359078427318,-7.125017580767));
#807 = CARTESIAN_POINT('',(-1.36063927246,-7.091260966173));
#808 = CARTESIAN_POINT('',(-1.362212860275,-7.057677990662));
#809 = CARTESIAN_POINT('',(-1.363799284784,-7.024270046497));
#810 = CARTESIAN_POINT('',(-1.365398663534,-6.991038138194));
#811 = CARTESIAN_POINT('',(-1.369832389486,-6.900148190976));
#812 = CARTESIAN_POINT('',(-1.372693368369,-6.842862295332));
#813 = CARTESIAN_POINT('',(-1.375593959851,-6.78614630208));
#814 = CARTESIAN_POINT('',(-1.378534252463,-6.730017406634));
#815 = CARTESIAN_POINT('',(-1.381514327768,-6.674493260164));
#816 = CARTESIAN_POINT('',(-1.384534260561,-6.619591970645));
#817 = CARTESIAN_POINT('',(-1.387594119052,-6.56533210392));
#818 = CARTESIAN_POINT('',(-1.390693965065,-6.511732684748));
#819 = CARTESIAN_POINT('',(-1.393833854226,-6.45881319786));
#820 = CARTESIAN_POINT('',(-1.399398822604,-6.367428882383));
#821 = CARTESIAN_POINT('',(-1.401806361235,-6.328657857149));
#822 = CARTESIAN_POINT('',(-1.404236472988,-6.290288927932));
#823 = CARTESIAN_POINT('',(-1.406689176903,-6.252330655222));
#824 = CARTESIAN_POINT('',(-1.40916449017,-6.214791745628));
#825 = CARTESIAN_POINT('',(-1.411662428177,-6.177681052135));
#826 = CARTESIAN_POINT('',(-1.414183004561,-6.14100757435));
#827 = CARTESIAN_POINT('',(-1.416726231253,-6.104780458753));
#828 = CARTESIAN_POINT('',(-1.419292118532,-6.069008998945));
#829 = CARTESIAN_POINT('',(-1.425763509872,-5.98074309134));
#830 = CARTESIAN_POINT('',(-1.42969735821,-5.928829979641));
#831 = CARTESIAN_POINT('',(-1.433681884429,-5.877999271552));
#832 = CARTESIAN_POINT('',(-1.437720056001,-5.828247459031));
#833 = CARTESIAN_POINT('',(-1.441803424401,-5.779716403697));
#834 = CARTESIAN_POINT('',(-1.44594128893,-5.732316303563));
#835 = CARTESIAN_POINT('',(-1.450124779723,-5.686195413763));
#836 = CARTESIAN_POINT('',(-1.454357913676,-5.641331293415));
#837 = CARTESIAN_POINT('',(-1.458638287573,-5.597786033332));
#838 = CARTESIAN_POINT('',(-1.465129243282,-5.5344970627));
#839 = CARTESIAN_POINT('',(-1.467304578103,-5.513739347896));
#840 = CARTESIAN_POINT('',(-1.469491733592,-5.493323256423));
#841 = CARTESIAN_POINT('',(-1.471690164373,-5.473257402316));
#842 = CARTESIAN_POINT('',(-1.473900071184,-5.453544190135));
#843 = CARTESIAN_POINT('',(-1.476121621732,-5.434186330893));
#844 = CARTESIAN_POINT('',(-1.478354412508,-5.415191248081));
#845 = CARTESIAN_POINT('',(-1.480598017757,-5.396566410608));
#846 = CARTESIAN_POINT('',(-1.482852868613,-5.378312101072));
#847 = CARTESIAN_POINT('',(-1.487385335939,-5.342551097564));
#848 = CARTESIAN_POINT('',(-1.489662831412,-5.325045352695));
#849 = CARTESIAN_POINT('',(-1.491951319909,-5.307920680134));
#850 = CARTESIAN_POINT('',(-1.494250530652,-5.291183206287));
#851 = CARTESIAN_POINT('',(-1.496560190938,-5.274838868954));
#852 = CARTESIAN_POINT('',(-1.49888002621,-5.258893417728));
#853 = CARTESIAN_POINT('',(-1.501209760124,-5.2433524144));
#854 = CARTESIAN_POINT('',(-1.503549114624,-5.228221233361));
#855 = CARTESIAN_POINT('',(-1.50589781001,-5.213505062008));
#856 = CARTESIAN_POINT('',(-1.508255565007,-5.199208901148));
#857 = ( GEOMETRIC_REPRESENTATION_CONTEXT(2) 
PARAMETRIC_REPRESENTATION_CONTEXT() REPRESENTATION_CONTEXT('2D SPACE',''
  ) );
#858 = PCURVE('',#859,#864);
#859 = CYLINDRICAL_SURFACE('',#860,8.15);
#860 = AXIS2_PLACEMENT_3D('',#861,#862,#863);
#861 = CARTESIAN_POINT('',(58.,78.3,26.1));
#862 = DIRECTION('',(0.,1.,0.));
#863 = DIRECTION('',(0.,-0.,1.));
#864 = DEFINITIONAL_REPRESENTATION('',(#865),#898);
#865 = B_SPLINE_CURVE_WITH_KNOTS('',7,(#866,#867,#868,#869,#870,#871,
    #872,#873,#874,#875,#876,#877,#878,#879,#880,#881,#882,#883,#884,
    #885,#886,#887,#888,#889,#890,#891,#892,#893,#894,#895,#896,#897),
  .UNSPECIFIED.,.F.,.F.,(8,6,6,6,6,8),(0.,0.485546069278,0.605008208123,
    0.748730562414,0.854535049234,1.),.UNSPECIFIED.);
#866 = CARTESIAN_POINT('',(1.570796326795,2.948131791424));
#867 = CARTESIAN_POINT('',(1.662470736458,2.948131791424));
#868 = CARTESIAN_POINT('',(1.753998415456,2.975004882738));
#869 = CARTESIAN_POINT('',(1.845991564612,3.028595614471));
#870 = CARTESIAN_POINT('',(1.939019804164,3.10730677914));
#871 = CARTESIAN_POINT('',(2.03367077077,3.20803511287));
#872 = CARTESIAN_POINT('',(2.130579532227,3.32583655948));
#873 = CARTESIAN_POINT('',(2.25512245738,3.484747768707));
#874 = CARTESIAN_POINT('',(2.27990746492,3.516726429183));
#875 = CARTESIAN_POINT('',(2.304900515633,3.549200886046));
#876 = CARTESIAN_POINT('',(2.330116009928,3.582056001008));
#877 = CARTESIAN_POINT('',(2.355568460646,3.615165988552));
#878 = CARTESIAN_POINT('',(2.38127291405,3.648393919579));
#879 = CARTESIAN_POINT('',(2.438492280242,3.721530196053));
#880 = CARTESIAN_POINT('',(2.470133610516,3.761433125684));
#881 = CARTESIAN_POINT('',(2.502190509592,3.801032512825));
#882 = CARTESIAN_POINT('',(2.534683841697,3.840033298954));
#883 = CARTESIAN_POINT('',(2.567635330934,3.878114321144));
#884 = CARTESIAN_POINT('',(2.601068704882,3.914929765069));
#885 = CARTESIAN_POINT('',(2.659998113246,3.976009804728));
#886 = CARTESIAN_POINT('',(2.685264266376,4.001026408221));
#887 = CARTESIAN_POINT('',(2.710804523218,4.024996671281));
#888 = CARTESIAN_POINT('',(2.736615306156,4.04775454871));
#889 = CARTESIAN_POINT('',(2.762694207145,4.069133697468));
#890 = CARTESIAN_POINT('',(2.789039960513,4.088969466845));
#891 = CARTESIAN_POINT('',(2.852240462388,4.132028814225));
#892 = CARTESIAN_POINT('',(2.88936970162,4.153760434434));
#893 = CARTESIAN_POINT('',(2.926948237892,4.171802190826));
#894 = CARTESIAN_POINT('',(2.964894054928,4.185728428207));
#895 = CARTESIAN_POINT('',(3.003132170499,4.195204124786));
#896 = CARTESIAN_POINT('',(3.041591925946,4.2));
#897 = CARTESIAN_POINT('',(3.080204410503,4.2));
#898 = ( GEOMETRIC_REPRESENTATION_CONTEXT(2) 
PARAMETRIC_REPRESENTATION_CONTEXT() REPRESENTATION_CONTEXT('2D SPACE',''
  ) );
#899 = ORIENTED_EDGE('',*,*,#900,.T.);
#900 = EDGE_CURVE('',#726,#901,#903,.T.);
#901 = VERTEX_POINT('',#902);
#902 = CARTESIAN_POINT('',(60.,82.453079134007,18.));
#903 = SURFACE_CURVE('',#904,(#908,#915),.PCURVE_S1.);
#904 = LINE('',#905,#906);
#905 = CARTESIAN_POINT('',(60.,82.453079134007,14.));
#906 = VECTOR('',#907,1.);
#907 = DIRECTION('',(-0.,-0.,-1.));
#908 = PCURVE('',#126,#909);
#909 = DEFINITIONAL_REPRESENTATION('',(#910),#914);
#910 = LINE('',#911,#912);
#911 = CARTESIAN_POINT('',(-1.508255564998,-1.));
#912 = VECTOR('',#913,1.);
#913 = DIRECTION('',(-0.,1.));
#914 = ( GEOMETRIC_REPRESENTATION_CONTEXT(2) 
PARAMETRIC_REPRESENTATION_CONTEXT() REPRESENTATION_CONTEXT('2D SPACE',''
  ) );
#915 = PCURVE('',#916,#921);
#916 = PLANE('',#917);
#917 = AXIS2_PLACEMENT_3D('',#918,#919,#920);
#918 = CARTESIAN_POINT('',(60.,72.9,17.));
#919 = DIRECTION('',(1.,0.,0.));
#920 = DIRECTION('',(0.,0.,1.));
#921 = DEFINITIONAL_REPRESENTATION('',(#922),#925);
#922 = B_SPLINE_CURVE_WITH_KNOTS('',1,(#923,#924),.UNSPECIFIED.,.F.,.F.,
  (2,2),(-90.6000006,5.999999999062E-07),.PIECEWISE_BEZIER_KNOTS.);
#923 = CARTESIAN_POINT('',(87.6000006,-9.553079134007));
#924 = CARTESIAN_POINT('',(-3.0000006,-9.553079134007));
#925 = ( GEOMETRIC_REPRESENTATION_CONTEXT(2) 
PARAMETRIC_REPRESENTATION_CONTEXT() REPRESENTATION_CONTEXT('2D SPACE',''
  ) );
#926 = ORIENTED_EDGE('',*,*,#927,.F.);
#927 = EDGE_CURVE('',#928,#901,#930,.T.);
#928 = VERTEX_POINT('',#929);
#929 = CARTESIAN_POINT('',(58.901387818866,82.496643261483,18.));
#930 = SURFACE_CURVE('',#931,(#936,#943),.PCURVE_S1.);
#931 = CIRCLE('',#932,24.);
#932 = AXIS2_PLACEMENT_3D('',#933,#934,#935);
#933 = CARTESIAN_POINT('',(58.5,58.5,18.));
#934 = DIRECTION('',(0.,0.,-1.));
#935 = DIRECTION('',(1.,0.,0.));
#936 = PCURVE('',#126,#937);
#937 = DEFINITIONAL_REPRESENTATION('',(#938),#942);
#938 = LINE('',#939,#940);
#939 = CARTESIAN_POINT('',(-6.28318530718,-5.));
#940 = VECTOR('',#941,1.);
#941 = DIRECTION('',(1.,-0.));
#942 = ( GEOMETRIC_REPRESENTATION_CONTEXT(2) 
PARAMETRIC_REPRESENTATION_CONTEXT() REPRESENTATION_CONTEXT('2D SPACE',''
  ) );
#943 = PCURVE('',#944,#949);
#944 = PLANE('',#945);
#945 = AXIS2_PLACEMENT_3D('',#946,#947,#948);
#946 = CARTESIAN_POINT('',(-72.5,71.5,18.));
#947 = DIRECTION('',(0.,0.,1.));
#948 = DIRECTION('',(1.,0.,0.));
#949 = DEFINITIONAL_REPRESENTATION('',(#950),#958);
#950 = ( BOUNDED_CURVE() B_SPLINE_CURVE(2,(#951,#952,#953,#954,#955,#956
,#957),.UNSPECIFIED.,.T.,.F.) B_SPLINE_CURVE_WITH_KNOTS((1,2,2,2,2,1),(
    -2.094395102393,0.,2.094395102393,4.188790204786,6.28318530718,
8.377580409573),.UNSPECIFIED.) CURVE() GEOMETRIC_REPRESENTATION_ITEM() 
RATIONAL_B_SPLINE_CURVE((1.,0.5,1.,0.5,1.,0.5,1.)) REPRESENTATION_ITEM(
  '') );
#951 = CARTESIAN_POINT('',(155.,-13.));
#952 = CARTESIAN_POINT('',(155.,-54.56921938165));
#953 = CARTESIAN_POINT('',(119.,-33.78460969082));
#954 = CARTESIAN_POINT('',(83.,-13.));
#955 = CARTESIAN_POINT('',(119.,7.784609690827));
#956 = CARTESIAN_POINT('',(155.,28.569219381653));
#957 = CARTESIAN_POINT('',(155.,-13.));
#958 = ( GEOMETRIC_REPRESENTATION_CONTEXT(2) 
PARAMETRIC_REPRESENTATION_CONTEXT() REPRESENTATION_CONTEXT('2D SPACE',''
  ) );
#959 = ORIENTED_EDGE('',*,*,#960,.T.);
#960 = EDGE_CURVE('',#928,#961,#963,.T.);
#961 = VERTEX_POINT('',#962);
#962 = CARTESIAN_POINT('',(58.5,82.5,17.965351882226));
#963 = SURFACE_CURVE('',#964,(#970,#979),.PCURVE_S1.);
#964 = B_SPLINE_CURVE_WITH_KNOTS('',4,(#965,#966,#967,#968,#969),
  .UNSPECIFIED.,.F.,.F.,(5,5),(0.,1.),.PIECEWISE_BEZIER_KNOTS.);
#965 = CARTESIAN_POINT('',(58.901387818866,82.496643261483,18.));
#966 = CARTESIAN_POINT('',(58.80151869608,82.498313755515,
    17.988886319659));
#967 = CARTESIAN_POINT('',(58.701274090864,82.499436205076,
    17.979392952315));
#968 = CARTESIAN_POINT('',(58.60073793876,82.5,17.971543787352));
#969 = CARTESIAN_POINT('',(58.5,82.5,17.965351882226));
#970 = PCURVE('',#126,#971);
#971 = DEFINITIONAL_REPRESENTATION('',(#972),#978);
#972 = B_SPLINE_CURVE_WITH_KNOTS('',4,(#973,#974,#975,#976,#977),
  .UNSPECIFIED.,.F.,.F.,(5,5),(0.,1.),.PIECEWISE_BEZIER_KNOTS.);
#973 = CARTESIAN_POINT('',(-1.55407105458,-5.));
#974 = CARTESIAN_POINT('',(-1.558232850115,-4.988886319659));
#975 = CARTESIAN_POINT('',(-1.562409906499,-4.979392952315));
#976 = CARTESIAN_POINT('',(-1.56659891268,-4.971543787352));
#977 = CARTESIAN_POINT('',(-1.570796326795,-4.965351882226));
#978 = ( GEOMETRIC_REPRESENTATION_CONTEXT(2) 
PARAMETRIC_REPRESENTATION_CONTEXT() REPRESENTATION_CONTEXT('2D SPACE',''
  ) );
#979 = PCURVE('',#980,#985);
#980 = CYLINDRICAL_SURFACE('',#981,8.15);
#981 = AXIS2_PLACEMENT_3D('',#982,#983,#984);
#982 = CARTESIAN_POINT('',(58.,78.3,26.1));
#983 = DIRECTION('',(0.,1.,0.));
#984 = DIRECTION('',(0.,-0.,1.));
#985 = DEFINITIONAL_REPRESENTATION('',(#986),#992);
#986 = B_SPLINE_CURVE_WITH_KNOTS('',4,(#987,#988,#989,#990,#991),
  .UNSPECIFIED.,.F.,.F.,(5,5),(0.,1.),.PIECEWISE_BEZIER_KNOTS.);
#987 = CARTESIAN_POINT('',(3.030766189397,4.196643261483));
#988 = CARTESIAN_POINT('',(3.043095710729,4.198313755515));
#989 = CARTESIAN_POINT('',(3.055449029841,4.199436205076));
#990 = CARTESIAN_POINT('',(3.06782060025,4.2));
#991 = CARTESIAN_POINT('',(3.080204410503,4.2));
#992 = ( GEOMETRIC_REPRESENTATION_CONTEXT(2) 
PARAMETRIC_REPRESENTATION_CONTEXT() REPRESENTATION_CONTEXT('2D SPACE',''
  ) );
#993 = ORIENTED_EDGE('',*,*,#994,.F.);
#994 = EDGE_CURVE('',#995,#961,#997,.T.);
#995 = VERTEX_POINT('',#996);
#996 = CARTESIAN_POINT('',(58.5,82.5,14.));
#997 = SURFACE_CURVE('',#998,(#1002,#1009),.PCURVE_S1.);
#998 = LINE('',#999,#1000);
#999 = CARTESIAN_POINT('',(58.5,82.5,13.));
#1000 = VECTOR('',#1001,1.);
#1001 = DIRECTION('',(0.,0.,1.));
#1002 = PCURVE('',#126,#1003);
#1003 = DEFINITIONAL_REPRESENTATION('',(#1004),#1008);
#1004 = LINE('',#1005,#1006);
#1005 = CARTESIAN_POINT('',(-1.570796326795,0.));
#1006 = VECTOR('',#1007,1.);
#1007 = DIRECTION('',(-0.,-1.));
#1008 = ( GEOMETRIC_REPRESENTATION_CONTEXT(2) 
PARAMETRIC_REPRESENTATION_CONTEXT() REPRESENTATION_CONTEXT('2D SPACE',''
  ) );
#1009 = PCURVE('',#1010,#1015);
#1010 = PLANE('',#1011);
#1011 = AXIS2_PLACEMENT_3D('',#1012,#1013,#1014);
#1012 = CARTESIAN_POINT('',(-58.5,82.5,14.));
#1013 = DIRECTION('',(0.,1.,0.));
#1014 = DIRECTION('',(0.,0.,1.));
#1015 = DEFINITIONAL_REPRESENTATION('',(#1016),#1020);
#1016 = LINE('',#1017,#1018);
#1017 = CARTESIAN_POINT('',(-1.,117.));
#1018 = VECTOR('',#1019,1.);
#1019 = DIRECTION('',(1.,0.));
#1020 = ( GEOMETRIC_REPRESENTATION_CONTEXT(2) 
PARAMETRIC_REPRESENTATION_CONTEXT() REPRESENTATION_CONTEXT('2D SPACE',''
  ) );
#1021 = ORIENTED_EDGE('',*,*,#1022,.F.);
#1022 = EDGE_CURVE('',#85,#995,#1023,.T.);
#1023 = SURFACE_CURVE('',#1024,(#1029,#1036),.PCURVE_S1.);
#1024 = CIRCLE('',#1025,24.);
#1025 = AXIS2_PLACEMENT_3D('',#1026,#1027,#1028);
#1026 = CARTESIAN_POINT('',(58.5,58.5,14.));
#1027 = DIRECTION('',(0.,0.,1.));
#1028 = DIRECTION('',(1.,0.,-0.));
#1029 = PCURVE('',#126,#1030);
#1030 = DEFINITIONAL_REPRESENTATION('',(#1031),#1035);
#1031 = LINE('',#1032,#1033);
#1032 = CARTESIAN_POINT('',(-0.,-1.));
#1033 = VECTOR('',#1034,1.);
#1034 = DIRECTION('',(-1.,0.));
#1035 = ( GEOMETRIC_REPRESENTATION_CONTEXT(2) 
PARAMETRIC_REPRESENTATION_CONTEXT() REPRESENTATION_CONTEXT('2D SPACE',''
  ) );
#1036 = PCURVE('',#100,#1037);
#1037 = DEFINITIONAL_REPRESENTATION('',(#1038),#1042);
#1038 = CIRCLE('',#1039,24.);
#1039 = AXIS2_PLACEMENT_2D('',#1040,#1041);
#1040 = CARTESIAN_POINT('',(117.,117.));
#1041 = DIRECTION('',(1.,0.));
#1042 = ( GEOMETRIC_REPRESENTATION_CONTEXT(2) 
PARAMETRIC_REPRESENTATION_CONTEXT() REPRESENTATION_CONTEXT('2D SPACE',''
  ) );
#1043 = ORIENTED_EDGE('',*,*,#112,.T.);
#1044 = ORIENTED_EDGE('',*,*,#226,.F.);
#1045 = ADVANCED_FACE('',(#1046,#2099,#2209,#2244,#2354,#2389,#2499,
    #2530,#2561),#100,.F.);
#1046 = FACE_BOUND('',#1047,.F.);
#1047 = EDGE_LOOP('',(#1048,#1078,#1104,#1105,#1106,#1129,#1155,#1183,
    #1212,#1240,#1273,#1300,#1333,#1361,#1390,#1418,#1446,#1474,#1502,
    #1530,#1557,#1585,#1613,#1641,#1674,#1702,#1731,#1755,#1783,#1811,
    #1838,#1871,#1899,#1928,#1952,#1980,#2007,#2040,#2068));
#1048 = ORIENTED_EDGE('',*,*,#1049,.T.);
#1049 = EDGE_CURVE('',#1050,#1052,#1054,.T.);
#1050 = VERTEX_POINT('',#1051);
#1051 = CARTESIAN_POINT('',(-58.5,-82.5,14.));
#1052 = VERTEX_POINT('',#1053);
#1053 = CARTESIAN_POINT('',(58.5,-82.5,14.));
#1054 = SURFACE_CURVE('',#1055,(#1059,#1066),.PCURVE_S1.);
#1055 = LINE('',#1056,#1057);
#1056 = CARTESIAN_POINT('',(-58.5,-82.5,14.));
#1057 = VECTOR('',#1058,1.);
#1058 = DIRECTION('',(1.,0.,0.));
#1059 = PCURVE('',#100,#1060);
#1060 = DEFINITIONAL_REPRESENTATION('',(#1061),#1065);
#1061 = LINE('',#1062,#1063);
#1062 = CARTESIAN_POINT('',(7.105427357601E-15,-24.));
#1063 = VECTOR('',#1064,1.);
#1064 = DIRECTION('',(1.,0.));
#1065 = ( GEOMETRIC_REPRESENTATION_CONTEXT(2) 
PARAMETRIC_REPRESENTATION_CONTEXT() REPRESENTATION_CONTEXT('2D SPACE',''
  ) );
#1066 = PCURVE('',#1067,#1072);
#1067 = PLANE('',#1068);
#1068 = AXIS2_PLACEMENT_3D('',#1069,#1070,#1071);
#1069 = CARTESIAN_POINT('',(-58.5,-82.5,14.));
#1070 = DIRECTION('',(0.,1.,0.));
#1071 = DIRECTION('',(0.,0.,1.));
#1072 = DEFINITIONAL_REPRESENTATION('',(#1073),#1077);
#1073 = LINE('',#1074,#1075);
#1074 = CARTESIAN_POINT('',(0.,0.));
#1075 = VECTOR('',#1076,1.);
#1076 = DIRECTION('',(0.,1.));
#1077 = ( GEOMETRIC_REPRESENTATION_CONTEXT(2) 
PARAMETRIC_REPRESENTATION_CONTEXT() REPRESENTATION_CONTEXT('2D SPACE',''
  ) );
#1078 = ORIENTED_EDGE('',*,*,#1079,.F.);
#1079 = EDGE_CURVE('',#57,#1052,#1080,.T.);
#1080 = SURFACE_CURVE('',#1081,(#1086,#1097),.PCURVE_S1.);
#1081 = CIRCLE('',#1082,24.);
#1082 = AXIS2_PLACEMENT_3D('',#1083,#1084,#1085);
#1083 = CARTESIAN_POINT('',(58.5,-58.5,14.));
#1084 = DIRECTION('',(0.,0.,-1.));
#1085 = DIRECTION('',(1.,0.,0.));
#1086 = PCURVE('',#100,#1087);
#1087 = DEFINITIONAL_REPRESENTATION('',(#1088),#1096);
#1088 = ( BOUNDED_CURVE() B_SPLINE_CURVE(2,(#1089,#1090,#1091,#1092,
#1093,#1094,#1095),.UNSPECIFIED.,.T.,.F.) B_SPLINE_CURVE_WITH_KNOTS((1,2
    ,2,2,2,1),(-2.094395102393,0.,2.094395102393,4.188790204786,
6.28318530718,8.377580409573),.UNSPECIFIED.) CURVE() 
GEOMETRIC_REPRESENTATION_ITEM() RATIONAL_B_SPLINE_CURVE((1.,0.5,1.,0.5,
1.,0.5,1.)) REPRESENTATION_ITEM('') );
#1089 = CARTESIAN_POINT('',(141.,-7.105427357601E-15));
#1090 = CARTESIAN_POINT('',(141.,-41.56921938165));
#1091 = CARTESIAN_POINT('',(105.,-20.78460969082));
#1092 = CARTESIAN_POINT('',(69.,-1.298373199351E-14));
#1093 = CARTESIAN_POINT('',(105.,20.784609690827));
#1094 = CARTESIAN_POINT('',(141.,41.569219381653));
#1095 = CARTESIAN_POINT('',(141.,-7.105427357601E-15));
#1096 = ( GEOMETRIC_REPRESENTATION_CONTEXT(2) 
PARAMETRIC_REPRESENTATION_CONTEXT() REPRESENTATION_CONTEXT('2D SPACE',''
  ) );
#1097 = PCURVE('',#72,#1098);
#1098 = DEFINITIONAL_REPRESENTATION('',(#1099),#1103);
#1099 = LINE('',#1100,#1101);
#1100 = CARTESIAN_POINT('',(-6.28318530718,0.));
#1101 = VECTOR('',#1102,1.);
#1102 = DIRECTION('',(1.,-0.));
#1103 = ( GEOMETRIC_REPRESENTATION_CONTEXT(2) 
PARAMETRIC_REPRESENTATION_CONTEXT() REPRESENTATION_CONTEXT('2D SPACE',''
  ) );
#1104 = ORIENTED_EDGE('',*,*,#84,.T.);
#1105 = ORIENTED_EDGE('',*,*,#1022,.T.);
#1106 = ORIENTED_EDGE('',*,*,#1107,.F.);
#1107 = EDGE_CURVE('',#1108,#995,#1110,.T.);
#1108 = VERTEX_POINT('',#1109);
#1109 = CARTESIAN_POINT('',(-36.,82.5,14.));
#1110 = SURFACE_CURVE('',#1111,(#1115,#1122),.PCURVE_S1.);
#1111 = LINE('',#1112,#1113);
#1112 = CARTESIAN_POINT('',(-72.5,82.5,14.));
#1113 = VECTOR('',#1114,1.);
#1114 = DIRECTION('',(1.,0.,0.));
#1115 = PCURVE('',#100,#1116);
#1116 = DEFINITIONAL_REPRESENTATION('',(#1117),#1121);
#1117 = LINE('',#1118,#1119);
#1118 = CARTESIAN_POINT('',(-14.,141.));
#1119 = VECTOR('',#1120,1.);
#1120 = DIRECTION('',(1.,0.));
#1121 = ( GEOMETRIC_REPRESENTATION_CONTEXT(2) 
PARAMETRIC_REPRESENTATION_CONTEXT() REPRESENTATION_CONTEXT('2D SPACE',''
  ) );
#1122 = PCURVE('',#1010,#1123);
#1123 = DEFINITIONAL_REPRESENTATION('',(#1124),#1128);
#1124 = LINE('',#1125,#1126);
#1125 = CARTESIAN_POINT('',(0.,-14.));
#1126 = VECTOR('',#1127,1.);
#1127 = DIRECTION('',(0.,1.));
#1128 = ( GEOMETRIC_REPRESENTATION_CONTEXT(2) 
PARAMETRIC_REPRESENTATION_CONTEXT() REPRESENTATION_CONTEXT('2D SPACE',''
  ) );
#1129 = ORIENTED_EDGE('',*,*,#1130,.F.);
#1130 = EDGE_CURVE('',#1131,#1108,#1133,.T.);
#1131 = VERTEX_POINT('',#1132);
#1132 = CARTESIAN_POINT('',(-36.,71.5,14.));
#1133 = SURFACE_CURVE('',#1134,(#1138,#1144),.PCURVE_S1.);
#1134 = LINE('',#1135,#1136);
#1135 = CARTESIAN_POINT('',(-36.,0.5,14.));
#1136 = VECTOR('',#1137,1.);
#1137 = DIRECTION('',(0.,1.,0.));
#1138 = PCURVE('',#100,#1139);
#1139 = DEFINITIONAL_REPRESENTATION('',(#1140),#1143);
#1140 = B_SPLINE_CURVE_WITH_KNOTS('',1,(#1141,#1142),.UNSPECIFIED.,.F.,
  .F.,(2,2),(59.,82.),.PIECEWISE_BEZIER_KNOTS.);
#1141 = CARTESIAN_POINT('',(22.5,118.));
#1142 = CARTESIAN_POINT('',(22.5,141.));
#1143 = ( GEOMETRIC_REPRESENTATION_CONTEXT(2) 
PARAMETRIC_REPRESENTATION_CONTEXT() REPRESENTATION_CONTEXT('2D SPACE',''
  ) );
#1144 = PCURVE('',#1145,#1150);
#1145 = PLANE('',#1146);
#1146 = AXIS2_PLACEMENT_3D('',#1147,#1148,#1149);
#1147 = CARTESIAN_POINT('',(-36.,59.5,12.));
#1148 = DIRECTION('',(1.,0.,0.));
#1149 = DIRECTION('',(0.,0.,1.));
#1150 = DEFINITIONAL_REPRESENTATION('',(#1151),#1154);
#1151 = B_SPLINE_CURVE_WITH_KNOTS('',1,(#1152,#1153),.UNSPECIFIED.,.F.,
  .F.,(2,2),(59.,82.),.PIECEWISE_BEZIER_KNOTS.);
#1152 = CARTESIAN_POINT('',(2.,0.));
#1153 = CARTESIAN_POINT('',(2.,-23.));
#1154 = ( GEOMETRIC_REPRESENTATION_CONTEXT(2) 
PARAMETRIC_REPRESENTATION_CONTEXT() REPRESENTATION_CONTEXT('2D SPACE',''
  ) );
#1155 = ORIENTED_EDGE('',*,*,#1156,.T.);
#1156 = EDGE_CURVE('',#1131,#1157,#1159,.T.);
#1157 = VERTEX_POINT('',#1158);
#1158 = CARTESIAN_POINT('',(65.468871125851,71.5,14.));
#1159 = SURFACE_CURVE('',#1160,(#1164,#1171),.PCURVE_S1.);
#1160 = LINE('',#1161,#1162);
#1161 = CARTESIAN_POINT('',(-72.5,71.5,14.));
#1162 = VECTOR('',#1163,1.);
#1163 = DIRECTION('',(1.,0.,0.));
#1164 = PCURVE('',#100,#1165);
#1165 = DEFINITIONAL_REPRESENTATION('',(#1166),#1170);
#1166 = LINE('',#1167,#1168);
#1167 = CARTESIAN_POINT('',(-14.,130.));
#1168 = VECTOR('',#1169,1.);
#1169 = DIRECTION('',(1.,0.));
#1170 = ( GEOMETRIC_REPRESENTATION_CONTEXT(2) 
PARAMETRIC_REPRESENTATION_CONTEXT() REPRESENTATION_CONTEXT('2D SPACE',''
  ) );
#1171 = PCURVE('',#1172,#1177);
#1172 = PLANE('',#1173);
#1173 = AXIS2_PLACEMENT_3D('',#1174,#1175,#1176);
#1174 = CARTESIAN_POINT('',(-72.5,71.5,14.));
#1175 = DIRECTION('',(0.,1.,0.));
#1176 = DIRECTION('',(0.,0.,1.));
#1177 = DEFINITIONAL_REPRESENTATION('',(#1178),#1182);
#1178 = LINE('',#1179,#1180);
#1179 = CARTESIAN_POINT('',(0.,0.));
#1180 = VECTOR('',#1181,1.);
#1181 = DIRECTION('',(0.,1.));
#1182 = ( GEOMETRIC_REPRESENTATION_CONTEXT(2) 
PARAMETRIC_REPRESENTATION_CONTEXT() REPRESENTATION_CONTEXT('2D SPACE',''
  ) );
#1183 = ORIENTED_EDGE('',*,*,#1184,.T.);
#1184 = EDGE_CURVE('',#1157,#1185,#1187,.T.);
#1185 = VERTEX_POINT('',#1186);
#1186 = CARTESIAN_POINT('',(73.241657386774,67.,14.));
#1187 = SURFACE_CURVE('',#1188,(#1193,#1200),.PCURVE_S1.);
#1188 = CIRCLE('',#1189,4.5);
#1189 = AXIS2_PLACEMENT_3D('',#1190,#1191,#1192);
#1190 = CARTESIAN_POINT('',(69.5,69.5,14.));
#1191 = DIRECTION('',(0.,0.,1.));
#1192 = DIRECTION('',(1.,0.,0.));
#1193 = PCURVE('',#100,#1194);
#1194 = DEFINITIONAL_REPRESENTATION('',(#1195),#1199);
#1195 = CIRCLE('',#1196,4.5);
#1196 = AXIS2_PLACEMENT_2D('',#1197,#1198);
#1197 = CARTESIAN_POINT('',(128.,128.));
#1198 = DIRECTION('',(1.,0.));
#1199 = ( GEOMETRIC_REPRESENTATION_CONTEXT(2) 
PARAMETRIC_REPRESENTATION_CONTEXT() REPRESENTATION_CONTEXT('2D SPACE',''
  ) );
#1200 = PCURVE('',#1201,#1206);
#1201 = CYLINDRICAL_SURFACE('',#1202,4.5);
#1202 = AXIS2_PLACEMENT_3D('',#1203,#1204,#1205);
#1203 = CARTESIAN_POINT('',(69.5,69.5,14.));
#1204 = DIRECTION('',(-0.,-0.,-1.));
#1205 = DIRECTION('',(1.,0.,0.));
#1206 = DEFINITIONAL_REPRESENTATION('',(#1207),#1211);
#1207 = LINE('',#1208,#1209);
#1208 = CARTESIAN_POINT('',(-0.,0.));
#1209 = VECTOR('',#1210,1.);
#1210 = DIRECTION('',(-1.,0.));
#1211 = ( GEOMETRIC_REPRESENTATION_CONTEXT(2) 
PARAMETRIC_REPRESENTATION_CONTEXT() REPRESENTATION_CONTEXT('2D SPACE',''
  ) );
#1212 = ORIENTED_EDGE('',*,*,#1213,.T.);
#1213 = EDGE_CURVE('',#1185,#1214,#1216,.T.);
#1214 = VERTEX_POINT('',#1215);
#1215 = CARTESIAN_POINT('',(77.483940581449,67.,14.));
#1216 = SURFACE_CURVE('',#1217,(#1221,#1228),.PCURVE_S1.);
#1217 = LINE('',#1218,#1219);
#1218 = CARTESIAN_POINT('',(69.,67.,14.));
#1219 = VECTOR('',#1220,1.);
#1220 = DIRECTION('',(1.,0.,0.));
#1221 = PCURVE('',#100,#1222);
#1222 = DEFINITIONAL_REPRESENTATION('',(#1223),#1227);
#1223 = LINE('',#1224,#1225);
#1224 = CARTESIAN_POINT('',(127.5,125.5));
#1225 = VECTOR('',#1226,1.);
#1226 = DIRECTION('',(1.,0.));
#1227 = ( GEOMETRIC_REPRESENTATION_CONTEXT(2) 
PARAMETRIC_REPRESENTATION_CONTEXT() REPRESENTATION_CONTEXT('2D SPACE',''
  ) );
#1228 = PCURVE('',#1229,#1234);
#1229 = PLANE('',#1230);
#1230 = AXIS2_PLACEMENT_3D('',#1231,#1232,#1233);
#1231 = CARTESIAN_POINT('',(69.,67.,14.));
#1232 = DIRECTION('',(0.,1.,0.));
#1233 = DIRECTION('',(0.,0.,1.));
#1234 = DEFINITIONAL_REPRESENTATION('',(#1235),#1239);
#1235 = LINE('',#1236,#1237);
#1236 = CARTESIAN_POINT('',(0.,0.));
#1237 = VECTOR('',#1238,1.);
#1238 = DIRECTION('',(0.,1.));
#1239 = ( GEOMETRIC_REPRESENTATION_CONTEXT(2) 
PARAMETRIC_REPRESENTATION_CONTEXT() REPRESENTATION_CONTEXT('2D SPACE',''
  ) );
#1240 = ORIENTED_EDGE('',*,*,#1241,.T.);
#1241 = EDGE_CURVE('',#1214,#1242,#1244,.T.);
#1242 = VERTEX_POINT('',#1243);
#1243 = CARTESIAN_POINT('',(79.3,58.5,14.));
#1244 = SURFACE_CURVE('',#1245,(#1250,#1261),.PCURVE_S1.);
#1245 = CIRCLE('',#1246,20.8);
#1246 = AXIS2_PLACEMENT_3D('',#1247,#1248,#1249);
#1247 = CARTESIAN_POINT('',(58.5,58.5,14.));
#1248 = DIRECTION('',(0.,0.,-1.));
#1249 = DIRECTION('',(1.,0.,0.));
#1250 = PCURVE('',#100,#1251);
#1251 = DEFINITIONAL_REPRESENTATION('',(#1252),#1260);
#1252 = ( BOUNDED_CURVE() B_SPLINE_CURVE(2,(#1253,#1254,#1255,#1256,
#1257,#1258,#1259),.UNSPECIFIED.,.T.,.F.) B_SPLINE_CURVE_WITH_KNOTS((1,2
    ,2,2,2,1),(-2.094395102393,0.,2.094395102393,4.188790204786,
6.28318530718,8.377580409573),.UNSPECIFIED.) CURVE() 
GEOMETRIC_REPRESENTATION_ITEM() RATIONAL_B_SPLINE_CURVE((1.,0.5,1.,0.5,
1.,0.5,1.)) REPRESENTATION_ITEM('') );
#1253 = CARTESIAN_POINT('',(137.8,117.));
#1254 = CARTESIAN_POINT('',(137.8,80.973343202567));
#1255 = CARTESIAN_POINT('',(106.6,98.986671601284));
#1256 = CARTESIAN_POINT('',(75.4,117.));
#1257 = CARTESIAN_POINT('',(106.6,135.01332839871));
#1258 = CARTESIAN_POINT('',(137.8,153.02665679743));
#1259 = CARTESIAN_POINT('',(137.8,117.));
#1260 = ( GEOMETRIC_REPRESENTATION_CONTEXT(2) 
PARAMETRIC_REPRESENTATION_CONTEXT() REPRESENTATION_CONTEXT('2D SPACE',''
  ) );
#1261 = PCURVE('',#1262,#1267);
#1262 = CYLINDRICAL_SURFACE('',#1263,20.8);
#1263 = AXIS2_PLACEMENT_3D('',#1264,#1265,#1266);
#1264 = CARTESIAN_POINT('',(58.5,58.5,13.));
#1265 = DIRECTION('',(-0.,-0.,-1.));
#1266 = DIRECTION('',(1.,0.,0.));
#1267 = DEFINITIONAL_REPRESENTATION('',(#1268),#1272);
#1268 = LINE('',#1269,#1270);
#1269 = CARTESIAN_POINT('',(-6.28318530718,-1.));
#1270 = VECTOR('',#1271,1.);
#1271 = DIRECTION('',(1.,-0.));
#1272 = ( GEOMETRIC_REPRESENTATION_CONTEXT(2) 
PARAMETRIC_REPRESENTATION_CONTEXT() REPRESENTATION_CONTEXT('2D SPACE',''
  ) );
#1273 = ORIENTED_EDGE('',*,*,#1274,.F.);
#1274 = EDGE_CURVE('',#1275,#1242,#1277,.T.);
#1275 = VERTEX_POINT('',#1276);
#1276 = CARTESIAN_POINT('',(79.3,-58.5,14.));
#1277 = SURFACE_CURVE('',#1278,(#1282,#1289),.PCURVE_S1.);
#1278 = LINE('',#1279,#1280);
#1279 = CARTESIAN_POINT('',(79.3,-58.5,14.));
#1280 = VECTOR('',#1281,1.);
#1281 = DIRECTION('',(0.,1.,0.));
#1282 = PCURVE('',#100,#1283);
#1283 = DEFINITIONAL_REPRESENTATION('',(#1284),#1288);
#1284 = LINE('',#1285,#1286);
#1285 = CARTESIAN_POINT('',(137.8,-7.105427357601E-15));
#1286 = VECTOR('',#1287,1.);
#1287 = DIRECTION('',(0.,1.));
#1288 = ( GEOMETRIC_REPRESENTATION_CONTEXT(2) 
PARAMETRIC_REPRESENTATION_CONTEXT() REPRESENTATION_CONTEXT('2D SPACE',''
  ) );
#1289 = PCURVE('',#1290,#1295);
#1290 = PLANE('',#1291);
#1291 = AXIS2_PLACEMENT_3D('',#1292,#1293,#1294);
#1292 = CARTESIAN_POINT('',(79.3,-58.5,13.));
#1293 = DIRECTION('',(1.,0.,0.));
#1294 = DIRECTION('',(0.,0.,1.));
#1295 = DEFINITIONAL_REPRESENTATION('',(#1296),#1299);
#1296 = B_SPLINE_CURVE_WITH_KNOTS('',1,(#1297,#1298),.UNSPECIFIED.,.F.,
  .F.,(2,2),(0.,117.),.PIECEWISE_BEZIER_KNOTS.);
#1297 = CARTESIAN_POINT('',(1.,0.));
#1298 = CARTESIAN_POINT('',(1.,-117.));
#1299 = ( GEOMETRIC_REPRESENTATION_CONTEXT(2) 
PARAMETRIC_REPRESENTATION_CONTEXT() REPRESENTATION_CONTEXT('2D SPACE',''
  ) );
#1300 = ORIENTED_EDGE('',*,*,#1301,.T.);
#1301 = EDGE_CURVE('',#1275,#1302,#1304,.T.);
#1302 = VERTEX_POINT('',#1303);
#1303 = CARTESIAN_POINT('',(77.483940581449,-67.,14.));
#1304 = SURFACE_CURVE('',#1305,(#1310,#1321),.PCURVE_S1.);
#1305 = CIRCLE('',#1306,20.8);
#1306 = AXIS2_PLACEMENT_3D('',#1307,#1308,#1309);
#1307 = CARTESIAN_POINT('',(58.5,-58.5,14.));
#1308 = DIRECTION('',(0.,0.,-1.));
#1309 = DIRECTION('',(1.,0.,0.));
#1310 = PCURVE('',#100,#1311);
#1311 = DEFINITIONAL_REPRESENTATION('',(#1312),#1320);
#1312 = ( BOUNDED_CURVE() B_SPLINE_CURVE(2,(#1313,#1314,#1315,#1316,
#1317,#1318,#1319),.UNSPECIFIED.,.T.,.F.) B_SPLINE_CURVE_WITH_KNOTS((1,2
    ,2,2,2,1),(-2.094395102393,0.,2.094395102393,4.188790204786,
6.28318530718,8.377580409573),.UNSPECIFIED.) CURVE() 
GEOMETRIC_REPRESENTATION_ITEM() RATIONAL_B_SPLINE_CURVE((1.,0.5,1.,0.5,
1.,0.5,1.)) REPRESENTATION_ITEM('') );
#1313 = CARTESIAN_POINT('',(137.8,-7.105427357601E-15));
#1314 = CARTESIAN_POINT('',(137.8,-36.02665679743));
#1315 = CARTESIAN_POINT('',(106.6,-18.01332839871));
#1316 = CARTESIAN_POINT('',(75.4,-1.219995804205E-14));
#1317 = CARTESIAN_POINT('',(106.6,18.013328398716));
#1318 = CARTESIAN_POINT('',(137.8,36.026656797433));
#1319 = CARTESIAN_POINT('',(137.8,-7.105427357601E-15));
#1320 = ( GEOMETRIC_REPRESENTATION_CONTEXT(2) 
PARAMETRIC_REPRESENTATION_CONTEXT() REPRESENTATION_CONTEXT('2D SPACE',''
  ) );
#1321 = PCURVE('',#1322,#1327);
#1322 = CYLINDRICAL_SURFACE('',#1323,20.8);
#1323 = AXIS2_PLACEMENT_3D('',#1324,#1325,#1326);
#1324 = CARTESIAN_POINT('',(58.5,-58.5,13.));
#1325 = DIRECTION('',(-0.,-0.,-1.));
#1326 = DIRECTION('',(1.,0.,0.));
#1327 = DEFINITIONAL_REPRESENTATION('',(#1328),#1332);
#1328 = LINE('',#1329,#1330);
#1329 = CARTESIAN_POINT('',(-6.28318530718,-1.));
#1330 = VECTOR('',#1331,1.);
#1331 = DIRECTION('',(1.,-0.));
#1332 = ( GEOMETRIC_REPRESENTATION_CONTEXT(2) 
PARAMETRIC_REPRESENTATION_CONTEXT() REPRESENTATION_CONTEXT('2D SPACE',''
  ) );
#1333 = ORIENTED_EDGE('',*,*,#1334,.F.);
#1334 = EDGE_CURVE('',#1335,#1302,#1337,.T.);
#1335 = VERTEX_POINT('',#1336);
#1336 = CARTESIAN_POINT('',(73.241657386774,-67.,14.));
#1337 = SURFACE_CURVE('',#1338,(#1342,#1349),.PCURVE_S1.);
#1338 = LINE('',#1339,#1340);
#1339 = CARTESIAN_POINT('',(69.,-67.,14.));
#1340 = VECTOR('',#1341,1.);
#1341 = DIRECTION('',(1.,0.,0.));
#1342 = PCURVE('',#100,#1343);
#1343 = DEFINITIONAL_REPRESENTATION('',(#1344),#1348);
#1344 = LINE('',#1345,#1346);
#1345 = CARTESIAN_POINT('',(127.5,-8.5));
#1346 = VECTOR('',#1347,1.);
#1347 = DIRECTION('',(1.,0.));
#1348 = ( GEOMETRIC_REPRESENTATION_CONTEXT(2) 
PARAMETRIC_REPRESENTATION_CONTEXT() REPRESENTATION_CONTEXT('2D SPACE',''
  ) );
#1349 = PCURVE('',#1350,#1355);
#1350 = PLANE('',#1351);
#1351 = AXIS2_PLACEMENT_3D('',#1352,#1353,#1354);
#1352 = CARTESIAN_POINT('',(69.,-67.,14.));
#1353 = DIRECTION('',(0.,1.,0.));
#1354 = DIRECTION('',(0.,0.,1.));
#1355 = DEFINITIONAL_REPRESENTATION('',(#1356),#1360);
#1356 = LINE('',#1357,#1358);
#1357 = CARTESIAN_POINT('',(0.,0.));
#1358 = VECTOR('',#1359,1.);
#1359 = DIRECTION('',(0.,1.));
#1360 = ( GEOMETRIC_REPRESENTATION_CONTEXT(2) 
PARAMETRIC_REPRESENTATION_CONTEXT() REPRESENTATION_CONTEXT('2D SPACE',''
  ) );
#1361 = ORIENTED_EDGE('',*,*,#1362,.T.);
#1362 = EDGE_CURVE('',#1335,#1363,#1365,.T.);
#1363 = VERTEX_POINT('',#1364);
#1364 = CARTESIAN_POINT('',(67.,-73.24165738677,14.));
#1365 = SURFACE_CURVE('',#1366,(#1371,#1378),.PCURVE_S1.);
#1366 = CIRCLE('',#1367,4.5);
#1367 = AXIS2_PLACEMENT_3D('',#1368,#1369,#1370);
#1368 = CARTESIAN_POINT('',(69.5,-69.5,14.));
#1369 = DIRECTION('',(0.,0.,1.));
#1370 = DIRECTION('',(1.,0.,0.));
#1371 = PCURVE('',#100,#1372);
#1372 = DEFINITIONAL_REPRESENTATION('',(#1373),#1377);
#1373 = CIRCLE('',#1374,4.5);
#1374 = AXIS2_PLACEMENT_2D('',#1375,#1376);
#1375 = CARTESIAN_POINT('',(128.,-11.));
#1376 = DIRECTION('',(1.,0.));
#1377 = ( GEOMETRIC_REPRESENTATION_CONTEXT(2) 
PARAMETRIC_REPRESENTATION_CONTEXT() REPRESENTATION_CONTEXT('2D SPACE',''
  ) );
#1378 = PCURVE('',#1379,#1384);
#1379 = CYLINDRICAL_SURFACE('',#1380,4.5);
#1380 = AXIS2_PLACEMENT_3D('',#1381,#1382,#1383);
#1381 = CARTESIAN_POINT('',(69.5,-69.5,14.));
#1382 = DIRECTION('',(-0.,-0.,-1.));
#1383 = DIRECTION('',(1.,0.,0.));
#1384 = DEFINITIONAL_REPRESENTATION('',(#1385),#1389);
#1385 = LINE('',#1386,#1387);
#1386 = CARTESIAN_POINT('',(-0.,0.));
#1387 = VECTOR('',#1388,1.);
#1388 = DIRECTION('',(-1.,0.));
#1389 = ( GEOMETRIC_REPRESENTATION_CONTEXT(2) 
PARAMETRIC_REPRESENTATION_CONTEXT() REPRESENTATION_CONTEXT('2D SPACE',''
  ) );
#1390 = ORIENTED_EDGE('',*,*,#1391,.F.);
#1391 = EDGE_CURVE('',#1392,#1363,#1394,.T.);
#1392 = VERTEX_POINT('',#1393);
#1393 = CARTESIAN_POINT('',(67.,-77.48394058145,14.));
#1394 = SURFACE_CURVE('',#1395,(#1399,#1406),.PCURVE_S1.);
#1395 = LINE('',#1396,#1397);
#1396 = CARTESIAN_POINT('',(67.,-80.,14.));
#1397 = VECTOR('',#1398,1.);
#1398 = DIRECTION('',(0.,1.,0.));
#1399 = PCURVE('',#100,#1400);
#1400 = DEFINITIONAL_REPRESENTATION('',(#1401),#1405);
#1401 = LINE('',#1402,#1403);
#1402 = CARTESIAN_POINT('',(125.5,-21.5));
#1403 = VECTOR('',#1404,1.);
#1404 = DIRECTION('',(0.,1.));
#1405 = ( GEOMETRIC_REPRESENTATION_CONTEXT(2) 
PARAMETRIC_REPRESENTATION_CONTEXT() REPRESENTATION_CONTEXT('2D SPACE',''
  ) );
#1406 = PCURVE('',#1407,#1412);
#1407 = PLANE('',#1408);
#1408 = AXIS2_PLACEMENT_3D('',#1409,#1410,#1411);
#1409 = CARTESIAN_POINT('',(67.,-80.,14.));
#1410 = DIRECTION('',(1.,0.,0.));
#1411 = DIRECTION('',(0.,0.,1.));
#1412 = DEFINITIONAL_REPRESENTATION('',(#1413),#1417);
#1413 = LINE('',#1414,#1415);
#1414 = CARTESIAN_POINT('',(0.,0.));
#1415 = VECTOR('',#1416,1.);
#1416 = DIRECTION('',(0.,-1.));
#1417 = ( GEOMETRIC_REPRESENTATION_CONTEXT(2) 
PARAMETRIC_REPRESENTATION_CONTEXT() REPRESENTATION_CONTEXT('2D SPACE',''
  ) );
#1418 = ORIENTED_EDGE('',*,*,#1419,.T.);
#1419 = EDGE_CURVE('',#1392,#1420,#1422,.T.);
#1420 = VERTEX_POINT('',#1421);
#1421 = CARTESIAN_POINT('',(65.,-78.25828939964,14.));
#1422 = SURFACE_CURVE('',#1423,(#1428,#1439),.PCURVE_S1.);
#1423 = CIRCLE('',#1424,20.8);
#1424 = AXIS2_PLACEMENT_3D('',#1425,#1426,#1427);
#1425 = CARTESIAN_POINT('',(58.5,-58.5,14.));
#1426 = DIRECTION('',(0.,0.,-1.));
#1427 = DIRECTION('',(1.,0.,0.));
#1428 = PCURVE('',#100,#1429);
#1429 = DEFINITIONAL_REPRESENTATION('',(#1430),#1438);
#1430 = ( BOUNDED_CURVE() B_SPLINE_CURVE(2,(#1431,#1432,#1433,#1434,
#1435,#1436,#1437),.UNSPECIFIED.,.T.,.F.) B_SPLINE_CURVE_WITH_KNOTS((1,2
    ,2,2,2,1),(-2.094395102393,0.,2.094395102393,4.188790204786,
6.28318530718,8.377580409573),.UNSPECIFIED.) CURVE() 
GEOMETRIC_REPRESENTATION_ITEM() RATIONAL_B_SPLINE_CURVE((1.,0.5,1.,0.5,
1.,0.5,1.)) REPRESENTATION_ITEM('') );
#1431 = CARTESIAN_POINT('',(137.8,-7.105427357601E-15));
#1432 = CARTESIAN_POINT('',(137.8,-36.02665679743));
#1433 = CARTESIAN_POINT('',(106.6,-18.01332839871));
#1434 = CARTESIAN_POINT('',(75.4,-1.219995804205E-14));
#1435 = CARTESIAN_POINT('',(106.6,18.013328398716));
#1436 = CARTESIAN_POINT('',(137.8,36.026656797433));
#1437 = CARTESIAN_POINT('',(137.8,-7.105427357601E-15));
#1438 = ( GEOMETRIC_REPRESENTATION_CONTEXT(2) 
PARAMETRIC_REPRESENTATION_CONTEXT() REPRESENTATION_CONTEXT('2D SPACE',''
  ) );
#1439 = PCURVE('',#1322,#1440);
#1440 = DEFINITIONAL_REPRESENTATION('',(#1441),#1445);
#1441 = LINE('',#1442,#1443);
#1442 = CARTESIAN_POINT('',(-6.28318530718,-1.));
#1443 = VECTOR('',#1444,1.);
#1444 = DIRECTION('',(1.,-0.));
#1445 = ( GEOMETRIC_REPRESENTATION_CONTEXT(2) 
PARAMETRIC_REPRESENTATION_CONTEXT() REPRESENTATION_CONTEXT('2D SPACE',''
  ) );
#1446 = ORIENTED_EDGE('',*,*,#1447,.T.);
#1447 = EDGE_CURVE('',#1420,#1448,#1450,.T.);
#1448 = VERTEX_POINT('',#1449);
#1449 = CARTESIAN_POINT('',(65.,-72.,14.));
#1450 = SURFACE_CURVE('',#1451,(#1455,#1462),.PCURVE_S1.);
#1451 = LINE('',#1452,#1453);
#1452 = CARTESIAN_POINT('',(65.,-80.,14.));
#1453 = VECTOR('',#1454,1.);
#1454 = DIRECTION('',(0.,1.,0.));
#1455 = PCURVE('',#100,#1456);
#1456 = DEFINITIONAL_REPRESENTATION('',(#1457),#1461);
#1457 = LINE('',#1458,#1459);
#1458 = CARTESIAN_POINT('',(123.5,-21.5));
#1459 = VECTOR('',#1460,1.);
#1460 = DIRECTION('',(0.,1.));
#1461 = ( GEOMETRIC_REPRESENTATION_CONTEXT(2) 
PARAMETRIC_REPRESENTATION_CONTEXT() REPRESENTATION_CONTEXT('2D SPACE',''
  ) );
#1462 = PCURVE('',#1463,#1468);
#1463 = PLANE('',#1464);
#1464 = AXIS2_PLACEMENT_3D('',#1465,#1466,#1467);
#1465 = CARTESIAN_POINT('',(65.,-80.,14.));
#1466 = DIRECTION('',(1.,0.,0.));
#1467 = DIRECTION('',(0.,0.,1.));
#1468 = DEFINITIONAL_REPRESENTATION('',(#1469),#1473);
#1469 = LINE('',#1470,#1471);
#1470 = CARTESIAN_POINT('',(0.,0.));
#1471 = VECTOR('',#1472,1.);
#1472 = DIRECTION('',(0.,-1.));
#1473 = ( GEOMETRIC_REPRESENTATION_CONTEXT(2) 
PARAMETRIC_REPRESENTATION_CONTEXT() REPRESENTATION_CONTEXT('2D SPACE',''
  ) );
#1474 = ORIENTED_EDGE('',*,*,#1475,.F.);
#1475 = EDGE_CURVE('',#1476,#1448,#1478,.T.);
#1476 = VERTEX_POINT('',#1477);
#1477 = CARTESIAN_POINT('',(57.,-72.,14.));
#1478 = SURFACE_CURVE('',#1479,(#1483,#1490),.PCURVE_S1.);
#1479 = LINE('',#1480,#1481);
#1480 = CARTESIAN_POINT('',(57.,-72.,14.));
#1481 = VECTOR('',#1482,1.);
#1482 = DIRECTION('',(1.,0.,0.));
#1483 = PCURVE('',#100,#1484);
#1484 = DEFINITIONAL_REPRESENTATION('',(#1485),#1489);
#1485 = LINE('',#1486,#1487);
#1486 = CARTESIAN_POINT('',(115.5,-13.5));
#1487 = VECTOR('',#1488,1.);
#1488 = DIRECTION('',(1.,0.));
#1489 = ( GEOMETRIC_REPRESENTATION_CONTEXT(2) 
PARAMETRIC_REPRESENTATION_CONTEXT() REPRESENTATION_CONTEXT('2D SPACE',''
  ) );
#1490 = PCURVE('',#1491,#1496);
#1491 = PLANE('',#1492);
#1492 = AXIS2_PLACEMENT_3D('',#1493,#1494,#1495);
#1493 = CARTESIAN_POINT('',(57.,-72.,14.));
#1494 = DIRECTION('',(0.,1.,0.));
#1495 = DIRECTION('',(0.,0.,1.));
#1496 = DEFINITIONAL_REPRESENTATION('',(#1497),#1501);
#1497 = LINE('',#1498,#1499);
#1498 = CARTESIAN_POINT('',(0.,0.));
#1499 = VECTOR('',#1500,1.);
#1500 = DIRECTION('',(0.,1.));
#1501 = ( GEOMETRIC_REPRESENTATION_CONTEXT(2) 
PARAMETRIC_REPRESENTATION_CONTEXT() REPRESENTATION_CONTEXT('2D SPACE',''
  ) );
#1502 = ORIENTED_EDGE('',*,*,#1503,.F.);
#1503 = EDGE_CURVE('',#1504,#1476,#1506,.T.);
#1504 = VERTEX_POINT('',#1505);
#1505 = CARTESIAN_POINT('',(57.,-79.3,14.));
#1506 = SURFACE_CURVE('',#1507,(#1511,#1518),.PCURVE_S1.);
#1507 = LINE('',#1508,#1509);
#1508 = CARTESIAN_POINT('',(57.,-80.,14.));
#1509 = VECTOR('',#1510,1.);
#1510 = DIRECTION('',(0.,1.,0.));
#1511 = PCURVE('',#100,#1512);
#1512 = DEFINITIONAL_REPRESENTATION('',(#1513),#1517);
#1513 = LINE('',#1514,#1515);
#1514 = CARTESIAN_POINT('',(115.5,-21.5));
#1515 = VECTOR('',#1516,1.);
#1516 = DIRECTION('',(0.,1.));
#1517 = ( GEOMETRIC_REPRESENTATION_CONTEXT(2) 
PARAMETRIC_REPRESENTATION_CONTEXT() REPRESENTATION_CONTEXT('2D SPACE',''
  ) );
#1518 = PCURVE('',#1519,#1524);
#1519 = PLANE('',#1520);
#1520 = AXIS2_PLACEMENT_3D('',#1521,#1522,#1523);
#1521 = CARTESIAN_POINT('',(57.,-80.,14.));
#1522 = DIRECTION('',(1.,0.,0.));
#1523 = DIRECTION('',(0.,0.,1.));
#1524 = DEFINITIONAL_REPRESENTATION('',(#1525),#1529);
#1525 = LINE('',#1526,#1527);
#1526 = CARTESIAN_POINT('',(0.,0.));
#1527 = VECTOR('',#1528,1.);
#1528 = DIRECTION('',(0.,-1.));
#1529 = ( GEOMETRIC_REPRESENTATION_CONTEXT(2) 
PARAMETRIC_REPRESENTATION_CONTEXT() REPRESENTATION_CONTEXT('2D SPACE',''
  ) );
#1530 = ORIENTED_EDGE('',*,*,#1531,.T.);
#1531 = EDGE_CURVE('',#1504,#1532,#1534,.T.);
#1532 = VERTEX_POINT('',#1533);
#1533 = CARTESIAN_POINT('',(-57.,-79.3,14.));
#1534 = SURFACE_CURVE('',#1535,(#1539,#1546),.PCURVE_S1.);
#1535 = LINE('',#1536,#1537);
#1536 = CARTESIAN_POINT('',(-58.5,-79.3,14.));
#1537 = VECTOR('',#1538,1.);
#1538 = DIRECTION('',(-1.,0.,0.));
#1539 = PCURVE('',#100,#1540);
#1540 = DEFINITIONAL_REPRESENTATION('',(#1541),#1545);
#1541 = LINE('',#1542,#1543);
#1542 = CARTESIAN_POINT('',(7.105427357601E-15,-20.8));
#1543 = VECTOR('',#1544,1.);
#1544 = DIRECTION('',(-1.,0.));
#1545 = ( GEOMETRIC_REPRESENTATION_CONTEXT(2) 
PARAMETRIC_REPRESENTATION_CONTEXT() REPRESENTATION_CONTEXT('2D SPACE',''
  ) );
#1546 = PCURVE('',#1547,#1552);
#1547 = PLANE('',#1548);
#1548 = AXIS2_PLACEMENT_3D('',#1549,#1550,#1551);
#1549 = CARTESIAN_POINT('',(-58.5,-79.3,13.));
#1550 = DIRECTION('',(0.,1.,0.));
#1551 = DIRECTION('',(0.,0.,1.));
#1552 = DEFINITIONAL_REPRESENTATION('',(#1553),#1556);
#1553 = B_SPLINE_CURVE_WITH_KNOTS('',1,(#1554,#1555),.UNSPECIFIED.,.F.,
  .F.,(2,2),(-117.,0.),.PIECEWISE_BEZIER_KNOTS.);
#1554 = CARTESIAN_POINT('',(1.,117.));
#1555 = CARTESIAN_POINT('',(1.,0.));
#1556 = ( GEOMETRIC_REPRESENTATION_CONTEXT(2) 
PARAMETRIC_REPRESENTATION_CONTEXT() REPRESENTATION_CONTEXT('2D SPACE',''
  ) );
#1557 = ORIENTED_EDGE('',*,*,#1558,.T.);
#1558 = EDGE_CURVE('',#1532,#1559,#1561,.T.);
#1559 = VERTEX_POINT('',#1560);
#1560 = CARTESIAN_POINT('',(-57.,-72.,14.));
#1561 = SURFACE_CURVE('',#1562,(#1566,#1573),.PCURVE_S1.);
#1562 = LINE('',#1563,#1564);
#1563 = CARTESIAN_POINT('',(-57.,-80.,14.));
#1564 = VECTOR('',#1565,1.);
#1565 = DIRECTION('',(0.,1.,0.));
#1566 = PCURVE('',#100,#1567);
#1567 = DEFINITIONAL_REPRESENTATION('',(#1568),#1572);
#1568 = LINE('',#1569,#1570);
#1569 = CARTESIAN_POINT('',(1.5,-21.5));
#1570 = VECTOR('',#1571,1.);
#1571 = DIRECTION('',(0.,1.));
#1572 = ( GEOMETRIC_REPRESENTATION_CONTEXT(2) 
PARAMETRIC_REPRESENTATION_CONTEXT() REPRESENTATION_CONTEXT('2D SPACE',''
  ) );
#1573 = PCURVE('',#1574,#1579);
#1574 = PLANE('',#1575);
#1575 = AXIS2_PLACEMENT_3D('',#1576,#1577,#1578);
#1576 = CARTESIAN_POINT('',(-57.,-80.,14.));
#1577 = DIRECTION('',(1.,0.,0.));
#1578 = DIRECTION('',(0.,0.,1.));
#1579 = DEFINITIONAL_REPRESENTATION('',(#1580),#1584);
#1580 = LINE('',#1581,#1582);
#1581 = CARTESIAN_POINT('',(0.,0.));
#1582 = VECTOR('',#1583,1.);
#1583 = DIRECTION('',(0.,-1.));
#1584 = ( GEOMETRIC_REPRESENTATION_CONTEXT(2) 
PARAMETRIC_REPRESENTATION_CONTEXT() REPRESENTATION_CONTEXT('2D SPACE',''
  ) );
#1585 = ORIENTED_EDGE('',*,*,#1586,.F.);
#1586 = EDGE_CURVE('',#1587,#1559,#1589,.T.);
#1587 = VERTEX_POINT('',#1588);
#1588 = CARTESIAN_POINT('',(-65.,-72.,14.));
#1589 = SURFACE_CURVE('',#1590,(#1594,#1601),.PCURVE_S1.);
#1590 = LINE('',#1591,#1592);
#1591 = CARTESIAN_POINT('',(-65.,-72.,14.));
#1592 = VECTOR('',#1593,1.);
#1593 = DIRECTION('',(1.,0.,0.));
#1594 = PCURVE('',#100,#1595);
#1595 = DEFINITIONAL_REPRESENTATION('',(#1596),#1600);
#1596 = LINE('',#1597,#1598);
#1597 = CARTESIAN_POINT('',(-6.5,-13.5));
#1598 = VECTOR('',#1599,1.);
#1599 = DIRECTION('',(1.,0.));
#1600 = ( GEOMETRIC_REPRESENTATION_CONTEXT(2) 
PARAMETRIC_REPRESENTATION_CONTEXT() REPRESENTATION_CONTEXT('2D SPACE',''
  ) );
#1601 = PCURVE('',#1602,#1607);
#1602 = PLANE('',#1603);
#1603 = AXIS2_PLACEMENT_3D('',#1604,#1605,#1606);
#1604 = CARTESIAN_POINT('',(-65.,-72.,14.));
#1605 = DIRECTION('',(0.,1.,0.));
#1606 = DIRECTION('',(0.,0.,1.));
#1607 = DEFINITIONAL_REPRESENTATION('',(#1608),#1612);
#1608 = LINE('',#1609,#1610);
#1609 = CARTESIAN_POINT('',(0.,0.));
#1610 = VECTOR('',#1611,1.);
#1611 = DIRECTION('',(0.,1.));
#1612 = ( GEOMETRIC_REPRESENTATION_CONTEXT(2) 
PARAMETRIC_REPRESENTATION_CONTEXT() REPRESENTATION_CONTEXT('2D SPACE',''
  ) );
#1613 = ORIENTED_EDGE('',*,*,#1614,.F.);
#1614 = EDGE_CURVE('',#1615,#1587,#1617,.T.);
#1615 = VERTEX_POINT('',#1616);
#1616 = CARTESIAN_POINT('',(-65.,-78.25828939964,14.));
#1617 = SURFACE_CURVE('',#1618,(#1622,#1629),.PCURVE_S1.);
#1618 = LINE('',#1619,#1620);
#1619 = CARTESIAN_POINT('',(-65.,-80.,14.));
#1620 = VECTOR('',#1621,1.);
#1621 = DIRECTION('',(0.,1.,0.));
#1622 = PCURVE('',#100,#1623);
#1623 = DEFINITIONAL_REPRESENTATION('',(#1624),#1628);
#1624 = LINE('',#1625,#1626);
#1625 = CARTESIAN_POINT('',(-6.5,-21.5));
#1626 = VECTOR('',#1627,1.);
#1627 = DIRECTION('',(0.,1.));
#1628 = ( GEOMETRIC_REPRESENTATION_CONTEXT(2) 
PARAMETRIC_REPRESENTATION_CONTEXT() REPRESENTATION_CONTEXT('2D SPACE',''
  ) );
#1629 = PCURVE('',#1630,#1635);
#1630 = PLANE('',#1631);
#1631 = AXIS2_PLACEMENT_3D('',#1632,#1633,#1634);
#1632 = CARTESIAN_POINT('',(-65.,-80.,14.));
#1633 = DIRECTION('',(1.,0.,0.));
#1634 = DIRECTION('',(0.,0.,1.));
#1635 = DEFINITIONAL_REPRESENTATION('',(#1636),#1640);
#1636 = LINE('',#1637,#1638);
#1637 = CARTESIAN_POINT('',(0.,0.));
#1638 = VECTOR('',#1639,1.);
#1639 = DIRECTION('',(0.,-1.));
#1640 = ( GEOMETRIC_REPRESENTATION_CONTEXT(2) 
PARAMETRIC_REPRESENTATION_CONTEXT() REPRESENTATION_CONTEXT('2D SPACE',''
  ) );
#1641 = ORIENTED_EDGE('',*,*,#1642,.T.);
#1642 = EDGE_CURVE('',#1615,#1643,#1645,.T.);
#1643 = VERTEX_POINT('',#1644);
#1644 = CARTESIAN_POINT('',(-67.,-77.48394058145,14.));
#1645 = SURFACE_CURVE('',#1646,(#1651,#1662),.PCURVE_S1.);
#1646 = CIRCLE('',#1647,20.8);
#1647 = AXIS2_PLACEMENT_3D('',#1648,#1649,#1650);
#1648 = CARTESIAN_POINT('',(-58.5,-58.5,14.));
#1649 = DIRECTION('',(0.,0.,-1.));
#1650 = DIRECTION('',(1.,0.,0.));
#1651 = PCURVE('',#100,#1652);
#1652 = DEFINITIONAL_REPRESENTATION('',(#1653),#1661);
#1653 = ( BOUNDED_CURVE() B_SPLINE_CURVE(2,(#1654,#1655,#1656,#1657,
#1658,#1659,#1660),.UNSPECIFIED.,.T.,.F.) B_SPLINE_CURVE_WITH_KNOTS((1,2
    ,2,2,2,1),(-2.094395102393,0.,2.094395102393,4.188790204786,
6.28318530718,8.377580409573),.UNSPECIFIED.) CURVE() 
GEOMETRIC_REPRESENTATION_ITEM() RATIONAL_B_SPLINE_CURVE((1.,0.5,1.,0.5,
1.,0.5,1.)) REPRESENTATION_ITEM('') );
#1654 = CARTESIAN_POINT('',(20.8,-7.105427357601E-15));
#1655 = CARTESIAN_POINT('',(20.8,-36.02665679743));
#1656 = CARTESIAN_POINT('',(-10.4,-18.01332839871));
#1657 = CARTESIAN_POINT('',(-41.6,-1.219995804205E-14));
#1658 = CARTESIAN_POINT('',(-10.4,18.013328398716));
#1659 = CARTESIAN_POINT('',(20.8,36.026656797433));
#1660 = CARTESIAN_POINT('',(20.8,-7.105427357601E-15));
#1661 = ( GEOMETRIC_REPRESENTATION_CONTEXT(2) 
PARAMETRIC_REPRESENTATION_CONTEXT() REPRESENTATION_CONTEXT('2D SPACE',''
  ) );
#1662 = PCURVE('',#1663,#1668);
#1663 = CYLINDRICAL_SURFACE('',#1664,20.8);
#1664 = AXIS2_PLACEMENT_3D('',#1665,#1666,#1667);
#1665 = CARTESIAN_POINT('',(-58.5,-58.5,13.));
#1666 = DIRECTION('',(-0.,-0.,-1.));
#1667 = DIRECTION('',(1.,0.,0.));
#1668 = DEFINITIONAL_REPRESENTATION('',(#1669),#1673);
#1669 = LINE('',#1670,#1671);
#1670 = CARTESIAN_POINT('',(-6.28318530718,-1.));
#1671 = VECTOR('',#1672,1.);
#1672 = DIRECTION('',(1.,-0.));
#1673 = ( GEOMETRIC_REPRESENTATION_CONTEXT(2) 
PARAMETRIC_REPRESENTATION_CONTEXT() REPRESENTATION_CONTEXT('2D SPACE',''
  ) );
#1674 = ORIENTED_EDGE('',*,*,#1675,.T.);
#1675 = EDGE_CURVE('',#1643,#1676,#1678,.T.);
#1676 = VERTEX_POINT('',#1677);
#1677 = CARTESIAN_POINT('',(-67.,-73.24165738677,14.));
#1678 = SURFACE_CURVE('',#1679,(#1683,#1690),.PCURVE_S1.);
#1679 = LINE('',#1680,#1681);
#1680 = CARTESIAN_POINT('',(-67.,-80.,14.));
#1681 = VECTOR('',#1682,1.);
#1682 = DIRECTION('',(0.,1.,0.));
#1683 = PCURVE('',#100,#1684);
#1684 = DEFINITIONAL_REPRESENTATION('',(#1685),#1689);
#1685 = LINE('',#1686,#1687);
#1686 = CARTESIAN_POINT('',(-8.5,-21.5));
#1687 = VECTOR('',#1688,1.);
#1688 = DIRECTION('',(0.,1.));
#1689 = ( GEOMETRIC_REPRESENTATION_CONTEXT(2) 
PARAMETRIC_REPRESENTATION_CONTEXT() REPRESENTATION_CONTEXT('2D SPACE',''
  ) );
#1690 = PCURVE('',#1691,#1696);
#1691 = PLANE('',#1692);
#1692 = AXIS2_PLACEMENT_3D('',#1693,#1694,#1695);
#1693 = CARTESIAN_POINT('',(-67.,-80.,14.));
#1694 = DIRECTION('',(1.,0.,0.));
#1695 = DIRECTION('',(0.,0.,1.));
#1696 = DEFINITIONAL_REPRESENTATION('',(#1697),#1701);
#1697 = LINE('',#1698,#1699);
#1698 = CARTESIAN_POINT('',(0.,0.));
#1699 = VECTOR('',#1700,1.);
#1700 = DIRECTION('',(0.,-1.));
#1701 = ( GEOMETRIC_REPRESENTATION_CONTEXT(2) 
PARAMETRIC_REPRESENTATION_CONTEXT() REPRESENTATION_CONTEXT('2D SPACE',''
  ) );
#1702 = ORIENTED_EDGE('',*,*,#1703,.T.);
#1703 = EDGE_CURVE('',#1676,#1704,#1706,.T.);
#1704 = VERTEX_POINT('',#1705);
#1705 = CARTESIAN_POINT('',(-65.,-69.5,14.));
#1706 = SURFACE_CURVE('',#1707,(#1712,#1719),.PCURVE_S1.);
#1707 = CIRCLE('',#1708,4.5);
#1708 = AXIS2_PLACEMENT_3D('',#1709,#1710,#1711);
#1709 = CARTESIAN_POINT('',(-69.5,-69.5,14.));
#1710 = DIRECTION('',(0.,0.,1.));
#1711 = DIRECTION('',(1.,0.,0.));
#1712 = PCURVE('',#100,#1713);
#1713 = DEFINITIONAL_REPRESENTATION('',(#1714),#1718);
#1714 = CIRCLE('',#1715,4.5);
#1715 = AXIS2_PLACEMENT_2D('',#1716,#1717);
#1716 = CARTESIAN_POINT('',(-11.,-11.));
#1717 = DIRECTION('',(1.,0.));
#1718 = ( GEOMETRIC_REPRESENTATION_CONTEXT(2) 
PARAMETRIC_REPRESENTATION_CONTEXT() REPRESENTATION_CONTEXT('2D SPACE',''
  ) );
#1719 = PCURVE('',#1720,#1725);
#1720 = CYLINDRICAL_SURFACE('',#1721,4.5);
#1721 = AXIS2_PLACEMENT_3D('',#1722,#1723,#1724);
#1722 = CARTESIAN_POINT('',(-69.5,-69.5,14.));
#1723 = DIRECTION('',(-0.,-0.,-1.));
#1724 = DIRECTION('',(1.,0.,0.));
#1725 = DEFINITIONAL_REPRESENTATION('',(#1726),#1730);
#1726 = LINE('',#1727,#1728);
#1727 = CARTESIAN_POINT('',(-0.,0.));
#1728 = VECTOR('',#1729,1.);
#1729 = DIRECTION('',(-1.,0.));
#1730 = ( GEOMETRIC_REPRESENTATION_CONTEXT(2) 
PARAMETRIC_REPRESENTATION_CONTEXT() REPRESENTATION_CONTEXT('2D SPACE',''
  ) );
#1731 = ORIENTED_EDGE('',*,*,#1732,.T.);
#1732 = EDGE_CURVE('',#1704,#1733,#1735,.T.);
#1733 = VERTEX_POINT('',#1734);
#1734 = CARTESIAN_POINT('',(-73.24165738677,-67.,14.));
#1735 = SURFACE_CURVE('',#1736,(#1741,#1748),.PCURVE_S1.);
#1736 = CIRCLE('',#1737,4.5);
#1737 = AXIS2_PLACEMENT_3D('',#1738,#1739,#1740);
#1738 = CARTESIAN_POINT('',(-69.5,-69.5,14.));
#1739 = DIRECTION('',(0.,0.,1.));
#1740 = DIRECTION('',(1.,0.,0.));
#1741 = PCURVE('',#100,#1742);
#1742 = DEFINITIONAL_REPRESENTATION('',(#1743),#1747);
#1743 = CIRCLE('',#1744,4.5);
#1744 = AXIS2_PLACEMENT_2D('',#1745,#1746);
#1745 = CARTESIAN_POINT('',(-11.,-11.));
#1746 = DIRECTION('',(1.,0.));
#1747 = ( GEOMETRIC_REPRESENTATION_CONTEXT(2) 
PARAMETRIC_REPRESENTATION_CONTEXT() REPRESENTATION_CONTEXT('2D SPACE',''
  ) );
#1748 = PCURVE('',#1720,#1749);
#1749 = DEFINITIONAL_REPRESENTATION('',(#1750),#1754);
#1750 = LINE('',#1751,#1752);
#1751 = CARTESIAN_POINT('',(-0.,0.));
#1752 = VECTOR('',#1753,1.);
#1753 = DIRECTION('',(-1.,0.));
#1754 = ( GEOMETRIC_REPRESENTATION_CONTEXT(2) 
PARAMETRIC_REPRESENTATION_CONTEXT() REPRESENTATION_CONTEXT('2D SPACE',''
  ) );
#1755 = ORIENTED_EDGE('',*,*,#1756,.F.);
#1756 = EDGE_CURVE('',#1757,#1733,#1759,.T.);
#1757 = VERTEX_POINT('',#1758);
#1758 = CARTESIAN_POINT('',(-77.48394058144,-67.,14.));
#1759 = SURFACE_CURVE('',#1760,(#1764,#1771),.PCURVE_S1.);
#1760 = LINE('',#1761,#1762);
#1761 = CARTESIAN_POINT('',(-80.,-67.,14.));
#1762 = VECTOR('',#1763,1.);
#1763 = DIRECTION('',(1.,0.,0.));
#1764 = PCURVE('',#100,#1765);
#1765 = DEFINITIONAL_REPRESENTATION('',(#1766),#1770);
#1766 = LINE('',#1767,#1768);
#1767 = CARTESIAN_POINT('',(-21.5,-8.5));
#1768 = VECTOR('',#1769,1.);
#1769 = DIRECTION('',(1.,0.));
#1770 = ( GEOMETRIC_REPRESENTATION_CONTEXT(2) 
PARAMETRIC_REPRESENTATION_CONTEXT() REPRESENTATION_CONTEXT('2D SPACE',''
  ) );
#1771 = PCURVE('',#1772,#1777);
#1772 = PLANE('',#1773);
#1773 = AXIS2_PLACEMENT_3D('',#1774,#1775,#1776);
#1774 = CARTESIAN_POINT('',(-80.,-67.,14.));
#1775 = DIRECTION('',(0.,1.,0.));
#1776 = DIRECTION('',(0.,0.,1.));
#1777 = DEFINITIONAL_REPRESENTATION('',(#1778),#1782);
#1778 = LINE('',#1779,#1780);
#1779 = CARTESIAN_POINT('',(0.,0.));
#1780 = VECTOR('',#1781,1.);
#1781 = DIRECTION('',(0.,1.));
#1782 = ( GEOMETRIC_REPRESENTATION_CONTEXT(2) 
PARAMETRIC_REPRESENTATION_CONTEXT() REPRESENTATION_CONTEXT('2D SPACE',''
  ) );
#1783 = ORIENTED_EDGE('',*,*,#1784,.T.);
#1784 = EDGE_CURVE('',#1757,#1785,#1787,.T.);
#1785 = VERTEX_POINT('',#1786);
#1786 = CARTESIAN_POINT('',(-79.3,-58.5,14.));
#1787 = SURFACE_CURVE('',#1788,(#1793,#1804),.PCURVE_S1.);
#1788 = CIRCLE('',#1789,20.8);
#1789 = AXIS2_PLACEMENT_3D('',#1790,#1791,#1792);
#1790 = CARTESIAN_POINT('',(-58.5,-58.5,14.));
#1791 = DIRECTION('',(0.,0.,-1.));
#1792 = DIRECTION('',(1.,0.,0.));
#1793 = PCURVE('',#100,#1794);
#1794 = DEFINITIONAL_REPRESENTATION('',(#1795),#1803);
#1795 = ( BOUNDED_CURVE() B_SPLINE_CURVE(2,(#1796,#1797,#1798,#1799,
#1800,#1801,#1802),.UNSPECIFIED.,.T.,.F.) B_SPLINE_CURVE_WITH_KNOTS((1,2
    ,2,2,2,1),(-2.094395102393,0.,2.094395102393,4.188790204786,
6.28318530718,8.377580409573),.UNSPECIFIED.) CURVE() 
GEOMETRIC_REPRESENTATION_ITEM() RATIONAL_B_SPLINE_CURVE((1.,0.5,1.,0.5,
1.,0.5,1.)) REPRESENTATION_ITEM('') );
#1796 = CARTESIAN_POINT('',(20.8,-7.105427357601E-15));
#1797 = CARTESIAN_POINT('',(20.8,-36.02665679743));
#1798 = CARTESIAN_POINT('',(-10.4,-18.01332839871));
#1799 = CARTESIAN_POINT('',(-41.6,-1.219995804205E-14));
#1800 = CARTESIAN_POINT('',(-10.4,18.013328398716));
#1801 = CARTESIAN_POINT('',(20.8,36.026656797433));
#1802 = CARTESIAN_POINT('',(20.8,-7.105427357601E-15));
#1803 = ( GEOMETRIC_REPRESENTATION_CONTEXT(2) 
PARAMETRIC_REPRESENTATION_CONTEXT() REPRESENTATION_CONTEXT('2D SPACE',''
  ) );
#1804 = PCURVE('',#1663,#1805);
#1805 = DEFINITIONAL_REPRESENTATION('',(#1806),#1810);
#1806 = LINE('',#1807,#1808);
#1807 = CARTESIAN_POINT('',(-6.28318530718,-1.));
#1808 = VECTOR('',#1809,1.);
#1809 = DIRECTION('',(1.,-0.));
#1810 = ( GEOMETRIC_REPRESENTATION_CONTEXT(2) 
PARAMETRIC_REPRESENTATION_CONTEXT() REPRESENTATION_CONTEXT('2D SPACE',''
  ) );
#1811 = ORIENTED_EDGE('',*,*,#1812,.T.);
#1812 = EDGE_CURVE('',#1785,#1813,#1815,.T.);
#1813 = VERTEX_POINT('',#1814);
#1814 = CARTESIAN_POINT('',(-79.3,58.5,14.));
#1815 = SURFACE_CURVE('',#1816,(#1820,#1827),.PCURVE_S1.);
#1816 = LINE('',#1817,#1818);
#1817 = CARTESIAN_POINT('',(-79.3,-58.5,14.));
#1818 = VECTOR('',#1819,1.);
#1819 = DIRECTION('',(0.,1.,0.));
#1820 = PCURVE('',#100,#1821);
#1821 = DEFINITIONAL_REPRESENTATION('',(#1822),#1826);
#1822 = LINE('',#1823,#1824);
#1823 = CARTESIAN_POINT('',(-20.8,-7.105427357601E-15));
#1824 = VECTOR('',#1825,1.);
#1825 = DIRECTION('',(0.,1.));
#1826 = ( GEOMETRIC_REPRESENTATION_CONTEXT(2) 
PARAMETRIC_REPRESENTATION_CONTEXT() REPRESENTATION_CONTEXT('2D SPACE',''
  ) );
#1827 = PCURVE('',#1828,#1833);
#1828 = PLANE('',#1829);
#1829 = AXIS2_PLACEMENT_3D('',#1830,#1831,#1832);
#1830 = CARTESIAN_POINT('',(-79.3,-58.5,13.));
#1831 = DIRECTION('',(1.,0.,0.));
#1832 = DIRECTION('',(0.,0.,1.));
#1833 = DEFINITIONAL_REPRESENTATION('',(#1834),#1837);
#1834 = B_SPLINE_CURVE_WITH_KNOTS('',1,(#1835,#1836),.UNSPECIFIED.,.F.,
  .F.,(2,2),(0.,117.),.PIECEWISE_BEZIER_KNOTS.);
#1835 = CARTESIAN_POINT('',(1.,0.));
#1836 = CARTESIAN_POINT('',(1.,-117.));
#1837 = ( GEOMETRIC_REPRESENTATION_CONTEXT(2) 
PARAMETRIC_REPRESENTATION_CONTEXT() REPRESENTATION_CONTEXT('2D SPACE',''
  ) );
#1838 = ORIENTED_EDGE('',*,*,#1839,.T.);
#1839 = EDGE_CURVE('',#1813,#1840,#1842,.T.);
#1840 = VERTEX_POINT('',#1841);
#1841 = CARTESIAN_POINT('',(-77.48394058145,67.,14.));
#1842 = SURFACE_CURVE('',#1843,(#1848,#1859),.PCURVE_S1.);
#1843 = CIRCLE('',#1844,20.8);
#1844 = AXIS2_PLACEMENT_3D('',#1845,#1846,#1847);
#1845 = CARTESIAN_POINT('',(-58.5,58.5,14.));
#1846 = DIRECTION('',(0.,0.,-1.));
#1847 = DIRECTION('',(1.,0.,0.));
#1848 = PCURVE('',#100,#1849);
#1849 = DEFINITIONAL_REPRESENTATION('',(#1850),#1858);
#1850 = ( BOUNDED_CURVE() B_SPLINE_CURVE(2,(#1851,#1852,#1853,#1854,
#1855,#1856,#1857),.UNSPECIFIED.,.T.,.F.) B_SPLINE_CURVE_WITH_KNOTS((1,2
    ,2,2,2,1),(-2.094395102393,0.,2.094395102393,4.188790204786,
6.28318530718,8.377580409573),.UNSPECIFIED.) CURVE() 
GEOMETRIC_REPRESENTATION_ITEM() RATIONAL_B_SPLINE_CURVE((1.,0.5,1.,0.5,
1.,0.5,1.)) REPRESENTATION_ITEM('') );
#1851 = CARTESIAN_POINT('',(20.8,117.));
#1852 = CARTESIAN_POINT('',(20.8,80.973343202567));
#1853 = CARTESIAN_POINT('',(-10.4,98.986671601284));
#1854 = CARTESIAN_POINT('',(-41.6,117.));
#1855 = CARTESIAN_POINT('',(-10.4,135.01332839871));
#1856 = CARTESIAN_POINT('',(20.8,153.02665679743));
#1857 = CARTESIAN_POINT('',(20.8,117.));
#1858 = ( GEOMETRIC_REPRESENTATION_CONTEXT(2) 
PARAMETRIC_REPRESENTATION_CONTEXT() REPRESENTATION_CONTEXT('2D SPACE',''
  ) );
#1859 = PCURVE('',#1860,#1865);
#1860 = CYLINDRICAL_SURFACE('',#1861,20.8);
#1861 = AXIS2_PLACEMENT_3D('',#1862,#1863,#1864);
#1862 = CARTESIAN_POINT('',(-58.5,58.5,13.));
#1863 = DIRECTION('',(-0.,-0.,-1.));
#1864 = DIRECTION('',(1.,0.,0.));
#1865 = DEFINITIONAL_REPRESENTATION('',(#1866),#1870);
#1866 = LINE('',#1867,#1868);
#1867 = CARTESIAN_POINT('',(-6.28318530718,-1.));
#1868 = VECTOR('',#1869,1.);
#1869 = DIRECTION('',(1.,-0.));
#1870 = ( GEOMETRIC_REPRESENTATION_CONTEXT(2) 
PARAMETRIC_REPRESENTATION_CONTEXT() REPRESENTATION_CONTEXT('2D SPACE',''
  ) );
#1871 = ORIENTED_EDGE('',*,*,#1872,.T.);
#1872 = EDGE_CURVE('',#1840,#1873,#1875,.T.);
#1873 = VERTEX_POINT('',#1874);
#1874 = CARTESIAN_POINT('',(-73.24165738677,67.,14.));
#1875 = SURFACE_CURVE('',#1876,(#1880,#1887),.PCURVE_S1.);
#1876 = LINE('',#1877,#1878);
#1877 = CARTESIAN_POINT('',(-80.,67.,14.));
#1878 = VECTOR('',#1879,1.);
#1879 = DIRECTION('',(1.,0.,0.));
#1880 = PCURVE('',#100,#1881);
#1881 = DEFINITIONAL_REPRESENTATION('',(#1882),#1886);
#1882 = LINE('',#1883,#1884);
#1883 = CARTESIAN_POINT('',(-21.5,125.5));
#1884 = VECTOR('',#1885,1.);
#1885 = DIRECTION('',(1.,0.));
#1886 = ( GEOMETRIC_REPRESENTATION_CONTEXT(2) 
PARAMETRIC_REPRESENTATION_CONTEXT() REPRESENTATION_CONTEXT('2D SPACE',''
  ) );
#1887 = PCURVE('',#1888,#1893);
#1888 = PLANE('',#1889);
#1889 = AXIS2_PLACEMENT_3D('',#1890,#1891,#1892);
#1890 = CARTESIAN_POINT('',(-80.,67.,14.));
#1891 = DIRECTION('',(0.,1.,0.));
#1892 = DIRECTION('',(0.,0.,1.));
#1893 = DEFINITIONAL_REPRESENTATION('',(#1894),#1898);
#1894 = LINE('',#1895,#1896);
#1895 = CARTESIAN_POINT('',(0.,0.));
#1896 = VECTOR('',#1897,1.);
#1897 = DIRECTION('',(0.,1.));
#1898 = ( GEOMETRIC_REPRESENTATION_CONTEXT(2) 
PARAMETRIC_REPRESENTATION_CONTEXT() REPRESENTATION_CONTEXT('2D SPACE',''
  ) );
#1899 = ORIENTED_EDGE('',*,*,#1900,.T.);
#1900 = EDGE_CURVE('',#1873,#1901,#1903,.T.);
#1901 = VERTEX_POINT('',#1902);
#1902 = CARTESIAN_POINT('',(-65.,69.5,14.));
#1903 = SURFACE_CURVE('',#1904,(#1909,#1916),.PCURVE_S1.);
#1904 = CIRCLE('',#1905,4.5);
#1905 = AXIS2_PLACEMENT_3D('',#1906,#1907,#1908);
#1906 = CARTESIAN_POINT('',(-69.5,69.5,14.));
#1907 = DIRECTION('',(0.,0.,1.));
#1908 = DIRECTION('',(1.,0.,0.));
#1909 = PCURVE('',#100,#1910);
#1910 = DEFINITIONAL_REPRESENTATION('',(#1911),#1915);
#1911 = CIRCLE('',#1912,4.5);
#1912 = AXIS2_PLACEMENT_2D('',#1913,#1914);
#1913 = CARTESIAN_POINT('',(-11.,128.));
#1914 = DIRECTION('',(1.,0.));
#1915 = ( GEOMETRIC_REPRESENTATION_CONTEXT(2) 
PARAMETRIC_REPRESENTATION_CONTEXT() REPRESENTATION_CONTEXT('2D SPACE',''
  ) );
#1916 = PCURVE('',#1917,#1922);
#1917 = CYLINDRICAL_SURFACE('',#1918,4.5);
#1918 = AXIS2_PLACEMENT_3D('',#1919,#1920,#1921);
#1919 = CARTESIAN_POINT('',(-69.5,69.5,14.));
#1920 = DIRECTION('',(-0.,-0.,-1.));
#1921 = DIRECTION('',(1.,0.,0.));
#1922 = DEFINITIONAL_REPRESENTATION('',(#1923),#1927);
#1923 = LINE('',#1924,#1925);
#1924 = CARTESIAN_POINT('',(-0.,0.));
#1925 = VECTOR('',#1926,1.);
#1926 = DIRECTION('',(-1.,0.));
#1927 = ( GEOMETRIC_REPRESENTATION_CONTEXT(2) 
PARAMETRIC_REPRESENTATION_CONTEXT() REPRESENTATION_CONTEXT('2D SPACE',''
  ) );
#1928 = ORIENTED_EDGE('',*,*,#1929,.T.);
#1929 = EDGE_CURVE('',#1901,#1930,#1932,.T.);
#1930 = VERTEX_POINT('',#1931);
#1931 = CARTESIAN_POINT('',(-65.46887112585,71.5,14.));
#1932 = SURFACE_CURVE('',#1933,(#1938,#1945),.PCURVE_S1.);
#1933 = CIRCLE('',#1934,4.5);
#1934 = AXIS2_PLACEMENT_3D('',#1935,#1936,#1937);
#1935 = CARTESIAN_POINT('',(-69.5,69.5,14.));
#1936 = DIRECTION('',(0.,0.,1.));
#1937 = DIRECTION('',(1.,0.,0.));
#1938 = PCURVE('',#100,#1939);
#1939 = DEFINITIONAL_REPRESENTATION('',(#1940),#1944);
#1940 = CIRCLE('',#1941,4.5);
#1941 = AXIS2_PLACEMENT_2D('',#1942,#1943);
#1942 = CARTESIAN_POINT('',(-11.,128.));
#1943 = DIRECTION('',(1.,0.));
#1944 = ( GEOMETRIC_REPRESENTATION_CONTEXT(2) 
PARAMETRIC_REPRESENTATION_CONTEXT() REPRESENTATION_CONTEXT('2D SPACE',''
  ) );
#1945 = PCURVE('',#1917,#1946);
#1946 = DEFINITIONAL_REPRESENTATION('',(#1947),#1951);
#1947 = LINE('',#1948,#1949);
#1948 = CARTESIAN_POINT('',(-0.,0.));
#1949 = VECTOR('',#1950,1.);
#1950 = DIRECTION('',(-1.,0.));
#1951 = ( GEOMETRIC_REPRESENTATION_CONTEXT(2) 
PARAMETRIC_REPRESENTATION_CONTEXT() REPRESENTATION_CONTEXT('2D SPACE',''
  ) );
#1952 = ORIENTED_EDGE('',*,*,#1953,.T.);
#1953 = EDGE_CURVE('',#1930,#1954,#1956,.T.);
#1954 = VERTEX_POINT('',#1955);
#1955 = CARTESIAN_POINT('',(-64.,71.5,14.));
#1956 = SURFACE_CURVE('',#1957,(#1961,#1968),.PCURVE_S1.);
#1957 = LINE('',#1958,#1959);
#1958 = CARTESIAN_POINT('',(-72.5,71.5,14.));
#1959 = VECTOR('',#1960,1.);
#1960 = DIRECTION('',(1.,0.,0.));
#1961 = PCURVE('',#100,#1962);
#1962 = DEFINITIONAL_REPRESENTATION('',(#1963),#1967);
#1963 = LINE('',#1964,#1965);
#1964 = CARTESIAN_POINT('',(-14.,130.));
#1965 = VECTOR('',#1966,1.);
#1966 = DIRECTION('',(1.,0.));
#1967 = ( GEOMETRIC_REPRESENTATION_CONTEXT(2) 
PARAMETRIC_REPRESENTATION_CONTEXT() REPRESENTATION_CONTEXT('2D SPACE',''
  ) );
#1968 = PCURVE('',#1969,#1974);
#1969 = PLANE('',#1970);
#1970 = AXIS2_PLACEMENT_3D('',#1971,#1972,#1973);
#1971 = CARTESIAN_POINT('',(-72.5,71.5,14.));
#1972 = DIRECTION('',(0.,1.,0.));
#1973 = DIRECTION('',(0.,0.,1.));
#1974 = DEFINITIONAL_REPRESENTATION('',(#1975),#1979);
#1975 = LINE('',#1976,#1977);
#1976 = CARTESIAN_POINT('',(0.,0.));
#1977 = VECTOR('',#1978,1.);
#1978 = DIRECTION('',(0.,1.));
#1979 = ( GEOMETRIC_REPRESENTATION_CONTEXT(2) 
PARAMETRIC_REPRESENTATION_CONTEXT() REPRESENTATION_CONTEXT('2D SPACE',''
  ) );
#1980 = ORIENTED_EDGE('',*,*,#1981,.T.);
#1981 = EDGE_CURVE('',#1954,#1982,#1984,.T.);
#1982 = VERTEX_POINT('',#1983);
#1983 = CARTESIAN_POINT('',(-64.,81.861292772447,14.));
#1984 = SURFACE_CURVE('',#1985,(#1989,#1995),.PCURVE_S1.);
#1985 = LINE('',#1986,#1987);
#1986 = CARTESIAN_POINT('',(-64.,0.5,14.));
#1987 = VECTOR('',#1988,1.);
#1988 = DIRECTION('',(0.,1.,0.));
#1989 = PCURVE('',#100,#1990);
#1990 = DEFINITIONAL_REPRESENTATION('',(#1991),#1994);
#1991 = B_SPLINE_CURVE_WITH_KNOTS('',1,(#1992,#1993),.UNSPECIFIED.,.F.,
  .F.,(2,2),(59.,82.),.PIECEWISE_BEZIER_KNOTS.);
#1992 = CARTESIAN_POINT('',(-5.5,118.));
#1993 = CARTESIAN_POINT('',(-5.5,141.));
#1994 = ( GEOMETRIC_REPRESENTATION_CONTEXT(2) 
PARAMETRIC_REPRESENTATION_CONTEXT() REPRESENTATION_CONTEXT('2D SPACE',''
  ) );
#1995 = PCURVE('',#1996,#2001);
#1996 = PLANE('',#1997);
#1997 = AXIS2_PLACEMENT_3D('',#1998,#1999,#2000);
#1998 = CARTESIAN_POINT('',(-64.,59.5,12.));
#1999 = DIRECTION('',(1.,0.,0.));
#2000 = DIRECTION('',(0.,0.,1.));
#2001 = DEFINITIONAL_REPRESENTATION('',(#2002),#2006);
#2002 = LINE('',#2003,#2004);
#2003 = CARTESIAN_POINT('',(2.,59.));
#2004 = VECTOR('',#2005,1.);
#2005 = DIRECTION('',(0.,-1.));
#2006 = ( GEOMETRIC_REPRESENTATION_CONTEXT(2) 
PARAMETRIC_REPRESENTATION_CONTEXT() REPRESENTATION_CONTEXT('2D SPACE',''
  ) );
#2007 = ORIENTED_EDGE('',*,*,#2008,.F.);
#2008 = EDGE_CURVE('',#2009,#1982,#2011,.T.);
#2009 = VERTEX_POINT('',#2010);
#2010 = CARTESIAN_POINT('',(-82.5,58.5,14.));
#2011 = SURFACE_CURVE('',#2012,(#2017,#2028),.PCURVE_S1.);
#2012 = CIRCLE('',#2013,24.);
#2013 = AXIS2_PLACEMENT_3D('',#2014,#2015,#2016);
#2014 = CARTESIAN_POINT('',(-58.5,58.5,14.));
#2015 = DIRECTION('',(0.,0.,-1.));
#2016 = DIRECTION('',(-1.,0.,0.));
#2017 = PCURVE('',#100,#2018);
#2018 = DEFINITIONAL_REPRESENTATION('',(#2019),#2027);
#2019 = ( BOUNDED_CURVE() B_SPLINE_CURVE(2,(#2020,#2021,#2022,#2023,
#2024,#2025,#2026),.UNSPECIFIED.,.T.,.F.) B_SPLINE_CURVE_WITH_KNOTS((1,2
    ,2,2,2,1),(-2.094395102393,0.,2.094395102393,4.188790204786,
6.28318530718,8.377580409573),.UNSPECIFIED.) CURVE() 
GEOMETRIC_REPRESENTATION_ITEM() RATIONAL_B_SPLINE_CURVE((1.,0.5,1.,0.5,
1.,0.5,1.)) REPRESENTATION_ITEM('') );
#2020 = CARTESIAN_POINT('',(-24.,117.));
#2021 = CARTESIAN_POINT('',(-24.,158.56921938165));
#2022 = CARTESIAN_POINT('',(12.,137.78460969082));
#2023 = CARTESIAN_POINT('',(48.,117.));
#2024 = CARTESIAN_POINT('',(12.,96.215390309173));
#2025 = CARTESIAN_POINT('',(-24.,75.430780618347));
#2026 = CARTESIAN_POINT('',(-24.,117.));
#2027 = ( GEOMETRIC_REPRESENTATION_CONTEXT(2) 
PARAMETRIC_REPRESENTATION_CONTEXT() REPRESENTATION_CONTEXT('2D SPACE',''
  ) );
#2028 = PCURVE('',#2029,#2034);
#2029 = CYLINDRICAL_SURFACE('',#2030,24.);
#2030 = AXIS2_PLACEMENT_3D('',#2031,#2032,#2033);
#2031 = CARTESIAN_POINT('',(-58.5,58.5,14.));
#2032 = DIRECTION('',(-0.,-0.,-1.));
#2033 = DIRECTION('',(1.,0.,0.));
#2034 = DEFINITIONAL_REPRESENTATION('',(#2035),#2039);
#2035 = LINE('',#2036,#2037);
#2036 = CARTESIAN_POINT('',(-3.14159265359,0.));
#2037 = VECTOR('',#2038,1.);
#2038 = DIRECTION('',(1.,-0.));
#2039 = ( GEOMETRIC_REPRESENTATION_CONTEXT(2) 
PARAMETRIC_REPRESENTATION_CONTEXT() REPRESENTATION_CONTEXT('2D SPACE',''
  ) );
#2040 = ORIENTED_EDGE('',*,*,#2041,.F.);
#2041 = EDGE_CURVE('',#2042,#2009,#2044,.T.);
#2042 = VERTEX_POINT('',#2043);
#2043 = CARTESIAN_POINT('',(-82.5,-58.5,14.));
#2044 = SURFACE_CURVE('',#2045,(#2049,#2056),.PCURVE_S1.);
#2045 = LINE('',#2046,#2047);
#2046 = CARTESIAN_POINT('',(-82.5,-58.5,14.));
#2047 = VECTOR('',#2048,1.);
#2048 = DIRECTION('',(0.,1.,0.));
#2049 = PCURVE('',#100,#2050);
#2050 = DEFINITIONAL_REPRESENTATION('',(#2051),#2055);
#2051 = LINE('',#2052,#2053);
#2052 = CARTESIAN_POINT('',(-24.,-7.105427357601E-15));
#2053 = VECTOR('',#2054,1.);
#2054 = DIRECTION('',(0.,1.));
#2055 = ( GEOMETRIC_REPRESENTATION_CONTEXT(2) 
PARAMETRIC_REPRESENTATION_CONTEXT() REPRESENTATION_CONTEXT('2D SPACE',''
  ) );
#2056 = PCURVE('',#2057,#2062);
#2057 = PLANE('',#2058);
#2058 = AXIS2_PLACEMENT_3D('',#2059,#2060,#2061);
#2059 = CARTESIAN_POINT('',(-82.5,-58.5,14.));
#2060 = DIRECTION('',(1.,0.,0.));
#2061 = DIRECTION('',(0.,0.,1.));
#2062 = DEFINITIONAL_REPRESENTATION('',(#2063),#2067);
#2063 = LINE('',#2064,#2065);
#2064 = CARTESIAN_POINT('',(0.,0.));
#2065 = VECTOR('',#2066,1.);
#2066 = DIRECTION('',(0.,-1.));
#2067 = ( GEOMETRIC_REPRESENTATION_CONTEXT(2) 
PARAMETRIC_REPRESENTATION_CONTEXT() REPRESENTATION_CONTEXT('2D SPACE',''
  ) );
#2068 = ORIENTED_EDGE('',*,*,#2069,.F.);
#2069 = EDGE_CURVE('',#1050,#2042,#2070,.T.);
#2070 = SURFACE_CURVE('',#2071,(#2076,#2087),.PCURVE_S1.);
#2071 = CIRCLE('',#2072,24.);
#2072 = AXIS2_PLACEMENT_3D('',#2073,#2074,#2075);
#2073 = CARTESIAN_POINT('',(-58.5,-58.5,14.));
#2074 = DIRECTION('',(0.,-0.,-1.));
#2075 = DIRECTION('',(0.,-1.,0.));
#2076 = PCURVE('',#100,#2077);
#2077 = DEFINITIONAL_REPRESENTATION('',(#2078),#2086);
#2078 = ( BOUNDED_CURVE() B_SPLINE_CURVE(2,(#2079,#2080,#2081,#2082,
#2083,#2084,#2085),.UNSPECIFIED.,.T.,.F.) B_SPLINE_CURVE_WITH_KNOTS((1,2
    ,2,2,2,1),(-2.094395102393,0.,2.094395102393,4.188790204786,
6.28318530718,8.377580409573),.UNSPECIFIED.) CURVE() 
GEOMETRIC_REPRESENTATION_ITEM() RATIONAL_B_SPLINE_CURVE((1.,0.5,1.,0.5,
1.,0.5,1.)) REPRESENTATION_ITEM('') );
#2079 = CARTESIAN_POINT('',(7.105427357601E-15,-24.));
#2080 = CARTESIAN_POINT('',(-41.56921938165,-24.));
#2081 = CARTESIAN_POINT('',(-20.78460969082,12.));
#2082 = CARTESIAN_POINT('',(1.227122721694E-15,48.));
#2083 = CARTESIAN_POINT('',(20.784609690827,12.));
#2084 = CARTESIAN_POINT('',(41.569219381653,-24.));
#2085 = CARTESIAN_POINT('',(7.105427357601E-15,-24.));
#2086 = ( GEOMETRIC_REPRESENTATION_CONTEXT(2) 
PARAMETRIC_REPRESENTATION_CONTEXT() REPRESENTATION_CONTEXT('2D SPACE',''
  ) );
#2087 = PCURVE('',#2088,#2093);
#2088 = CYLINDRICAL_SURFACE('',#2089,24.);
#2089 = AXIS2_PLACEMENT_3D('',#2090,#2091,#2092);
#2090 = CARTESIAN_POINT('',(-58.5,-58.5,14.));
#2091 = DIRECTION('',(-0.,-0.,-1.));
#2092 = DIRECTION('',(1.,0.,0.));
#2093 = DEFINITIONAL_REPRESENTATION('',(#2094),#2098);
#2094 = LINE('',#2095,#2096);
#2095 = CARTESIAN_POINT('',(-4.712388980385,0.));
#2096 = VECTOR('',#2097,1.);
#2097 = DIRECTION('',(1.,-0.));
#2098 = ( GEOMETRIC_REPRESENTATION_CONTEXT(2) 
PARAMETRIC_REPRESENTATION_CONTEXT() REPRESENTATION_CONTEXT('2D SPACE',''
  ) );
#2099 = FACE_BOUND('',#2100,.F.);
#2100 = EDGE_LOOP('',(#2101,#2127,#2155,#2183));
#2101 = ORIENTED_EDGE('',*,*,#2102,.T.);
#2102 = EDGE_CURVE('',#2103,#2105,#2107,.T.);
#2103 = VERTEX_POINT('',#2104);
#2104 = CARTESIAN_POINT('',(-73.24165738677,-72.,14.));
#2105 = VERTEX_POINT('',#2106);
#2106 = CARTESIAN_POINT('',(-72.,-73.24165738677,14.));
#2107 = SURFACE_CURVE('',#2108,(#2113,#2120),.PCURVE_S1.);
#2108 = CIRCLE('',#2109,4.5);
#2109 = AXIS2_PLACEMENT_3D('',#2110,#2111,#2112);
#2110 = CARTESIAN_POINT('',(-69.5,-69.5,14.));
#2111 = DIRECTION('',(0.,0.,1.));
#2112 = DIRECTION('',(1.,0.,0.));
#2113 = PCURVE('',#100,#2114);
#2114 = DEFINITIONAL_REPRESENTATION('',(#2115),#2119);
#2115 = CIRCLE('',#2116,4.5);
#2116 = AXIS2_PLACEMENT_2D('',#2117,#2118);
#2117 = CARTESIAN_POINT('',(-11.,-11.));
#2118 = DIRECTION('',(1.,0.));
#2119 = ( GEOMETRIC_REPRESENTATION_CONTEXT(2) 
PARAMETRIC_REPRESENTATION_CONTEXT() REPRESENTATION_CONTEXT('2D SPACE',''
  ) );
#2120 = PCURVE('',#1720,#2121);
#2121 = DEFINITIONAL_REPRESENTATION('',(#2122),#2126);
#2122 = LINE('',#2123,#2124);
#2123 = CARTESIAN_POINT('',(-0.,0.));
#2124 = VECTOR('',#2125,1.);
#2125 = DIRECTION('',(-1.,0.));
#2126 = ( GEOMETRIC_REPRESENTATION_CONTEXT(2) 
PARAMETRIC_REPRESENTATION_CONTEXT() REPRESENTATION_CONTEXT('2D SPACE',''
  ) );
#2127 = ORIENTED_EDGE('',*,*,#2128,.F.);
#2128 = EDGE_CURVE('',#2129,#2105,#2131,.T.);
#2129 = VERTEX_POINT('',#2130);
#2130 = CARTESIAN_POINT('',(-72.,-74.32371637763,14.));
#2131 = SURFACE_CURVE('',#2132,(#2136,#2143),.PCURVE_S1.);
#2132 = LINE('',#2133,#2134);
#2133 = CARTESIAN_POINT('',(-72.,-80.,14.));
#2134 = VECTOR('',#2135,1.);
#2135 = DIRECTION('',(0.,1.,0.));
#2136 = PCURVE('',#100,#2137);
#2137 = DEFINITIONAL_REPRESENTATION('',(#2138),#2142);
#2138 = LINE('',#2139,#2140);
#2139 = CARTESIAN_POINT('',(-13.5,-21.5));
#2140 = VECTOR('',#2141,1.);
#2141 = DIRECTION('',(0.,1.));
#2142 = ( GEOMETRIC_REPRESENTATION_CONTEXT(2) 
PARAMETRIC_REPRESENTATION_CONTEXT() REPRESENTATION_CONTEXT('2D SPACE',''
  ) );
#2143 = PCURVE('',#2144,#2149);
#2144 = PLANE('',#2145);
#2145 = AXIS2_PLACEMENT_3D('',#2146,#2147,#2148);
#2146 = CARTESIAN_POINT('',(-72.,-80.,14.));
#2147 = DIRECTION('',(1.,0.,0.));
#2148 = DIRECTION('',(0.,0.,1.));
#2149 = DEFINITIONAL_REPRESENTATION('',(#2150),#2154);
#2150 = LINE('',#2151,#2152);
#2151 = CARTESIAN_POINT('',(0.,0.));
#2152 = VECTOR('',#2153,1.);
#2153 = DIRECTION('',(0.,-1.));
#2154 = ( GEOMETRIC_REPRESENTATION_CONTEXT(2) 
PARAMETRIC_REPRESENTATION_CONTEXT() REPRESENTATION_CONTEXT('2D SPACE',''
  ) );
#2155 = ORIENTED_EDGE('',*,*,#2156,.T.);
#2156 = EDGE_CURVE('',#2129,#2157,#2159,.T.);
#2157 = VERTEX_POINT('',#2158);
#2158 = CARTESIAN_POINT('',(-74.32371637764,-72.,14.));
#2159 = SURFACE_CURVE('',#2160,(#2165,#2176),.PCURVE_S1.);
#2160 = CIRCLE('',#2161,20.8);
#2161 = AXIS2_PLACEMENT_3D('',#2162,#2163,#2164);
#2162 = CARTESIAN_POINT('',(-58.5,-58.5,14.));
#2163 = DIRECTION('',(0.,0.,-1.));
#2164 = DIRECTION('',(1.,0.,0.));
#2165 = PCURVE('',#100,#2166);
#2166 = DEFINITIONAL_REPRESENTATION('',(#2167),#2175);
#2167 = ( BOUNDED_CURVE() B_SPLINE_CURVE(2,(#2168,#2169,#2170,#2171,
#2172,#2173,#2174),.UNSPECIFIED.,.T.,.F.) B_SPLINE_CURVE_WITH_KNOTS((1,2
    ,2,2,2,1),(-2.094395102393,0.,2.094395102393,4.188790204786,
6.28318530718,8.377580409573),.UNSPECIFIED.) CURVE() 
GEOMETRIC_REPRESENTATION_ITEM() RATIONAL_B_SPLINE_CURVE((1.,0.5,1.,0.5,
1.,0.5,1.)) REPRESENTATION_ITEM('') );
#2168 = CARTESIAN_POINT('',(20.8,-7.105427357601E-15));
#2169 = CARTESIAN_POINT('',(20.8,-36.02665679743));
#2170 = CARTESIAN_POINT('',(-10.4,-18.01332839871));
#2171 = CARTESIAN_POINT('',(-41.6,-1.219995804205E-14));
#2172 = CARTESIAN_POINT('',(-10.4,18.013328398716));
#2173 = CARTESIAN_POINT('',(20.8,36.026656797433));
#2174 = CARTESIAN_POINT('',(20.8,-7.105427357601E-15));
#2175 = ( GEOMETRIC_REPRESENTATION_CONTEXT(2) 
PARAMETRIC_REPRESENTATION_CONTEXT() REPRESENTATION_CONTEXT('2D SPACE',''
  ) );
#2176 = PCURVE('',#1663,#2177);
#2177 = DEFINITIONAL_REPRESENTATION('',(#2178),#2182);
#2178 = LINE('',#2179,#2180);
#2179 = CARTESIAN_POINT('',(-6.28318530718,-1.));
#2180 = VECTOR('',#2181,1.);
#2181 = DIRECTION('',(1.,-0.));
#2182 = ( GEOMETRIC_REPRESENTATION_CONTEXT(2) 
PARAMETRIC_REPRESENTATION_CONTEXT() REPRESENTATION_CONTEXT('2D SPACE',''
  ) );
#2183 = ORIENTED_EDGE('',*,*,#2184,.T.);
#2184 = EDGE_CURVE('',#2157,#2103,#2185,.T.);
#2185 = SURFACE_CURVE('',#2186,(#2190,#2197),.PCURVE_S1.);
#2186 = LINE('',#2187,#2188);
#2187 = CARTESIAN_POINT('',(-80.,-72.,14.));
#2188 = VECTOR('',#2189,1.);
#2189 = DIRECTION('',(1.,0.,0.));
#2190 = PCURVE('',#100,#2191);
#2191 = DEFINITIONAL_REPRESENTATION('',(#2192),#2196);
#2192 = LINE('',#2193,#2194);
#2193 = CARTESIAN_POINT('',(-21.5,-13.5));
#2194 = VECTOR('',#2195,1.);
#2195 = DIRECTION('',(1.,0.));
#2196 = ( GEOMETRIC_REPRESENTATION_CONTEXT(2) 
PARAMETRIC_REPRESENTATION_CONTEXT() REPRESENTATION_CONTEXT('2D SPACE',''
  ) );
#2197 = PCURVE('',#2198,#2203);
#2198 = PLANE('',#2199);
#2199 = AXIS2_PLACEMENT_3D('',#2200,#2201,#2202);
#2200 = CARTESIAN_POINT('',(-80.,-72.,14.));
#2201 = DIRECTION('',(0.,1.,0.));
#2202 = DIRECTION('',(0.,0.,1.));
#2203 = DEFINITIONAL_REPRESENTATION('',(#2204),#2208);
#2204 = LINE('',#2205,#2206);
#2205 = CARTESIAN_POINT('',(0.,0.));
#2206 = VECTOR('',#2207,1.);
#2207 = DIRECTION('',(0.,1.));
#2208 = ( GEOMETRIC_REPRESENTATION_CONTEXT(2) 
PARAMETRIC_REPRESENTATION_CONTEXT() REPRESENTATION_CONTEXT('2D SPACE',''
  ) );
#2209 = FACE_BOUND('',#2210,.F.);
#2210 = EDGE_LOOP('',(#2211));
#2211 = ORIENTED_EDGE('',*,*,#2212,.T.);
#2212 = EDGE_CURVE('',#2213,#2213,#2215,.T.);
#2213 = VERTEX_POINT('',#2214);
#2214 = CARTESIAN_POINT('',(-67.4,-69.5,14.));
#2215 = SURFACE_CURVE('',#2216,(#2221,#2232),.PCURVE_S1.);
#2216 = CIRCLE('',#2217,2.1);
#2217 = AXIS2_PLACEMENT_3D('',#2218,#2219,#2220);
#2218 = CARTESIAN_POINT('',(-69.5,-69.5,14.));
#2219 = DIRECTION('',(0.,0.,-1.));
#2220 = DIRECTION('',(1.,0.,0.));
#2221 = PCURVE('',#100,#2222);
#2222 = DEFINITIONAL_REPRESENTATION('',(#2223),#2231);
#2223 = ( BOUNDED_CURVE() B_SPLINE_CURVE(2,(#2224,#2225,#2226,#2227,
#2228,#2229,#2230),.UNSPECIFIED.,.T.,.F.) B_SPLINE_CURVE_WITH_KNOTS((1,2
    ,2,2,2,1),(-2.094395102393,0.,2.094395102393,4.188790204786,
6.28318530718,8.377580409573),.UNSPECIFIED.) CURVE() 
GEOMETRIC_REPRESENTATION_ITEM() RATIONAL_B_SPLINE_CURVE((1.,0.5,1.,0.5,
1.,0.5,1.)) REPRESENTATION_ITEM('') );
#2224 = CARTESIAN_POINT('',(-8.9,-11.));
#2225 = CARTESIAN_POINT('',(-8.9,-14.63730669589));
#2226 = CARTESIAN_POINT('',(-12.05,-12.81865334794));
#2227 = CARTESIAN_POINT('',(-15.2,-11.));
#2228 = CARTESIAN_POINT('',(-12.05,-9.181346652053));
#2229 = CARTESIAN_POINT('',(-8.9,-7.362693304105));
#2230 = CARTESIAN_POINT('',(-8.9,-11.));
#2231 = ( GEOMETRIC_REPRESENTATION_CONTEXT(2) 
PARAMETRIC_REPRESENTATION_CONTEXT() REPRESENTATION_CONTEXT('2D SPACE',''
  ) );
#2232 = PCURVE('',#2233,#2238);
#2233 = CYLINDRICAL_SURFACE('',#2234,2.1);
#2234 = AXIS2_PLACEMENT_3D('',#2235,#2236,#2237);
#2235 = CARTESIAN_POINT('',(-69.5,-69.5,13.5));
#2236 = DIRECTION('',(-0.,-0.,-1.));
#2237 = DIRECTION('',(1.,0.,0.));
#2238 = DEFINITIONAL_REPRESENTATION('',(#2239),#2243);
#2239 = LINE('',#2240,#2241);
#2240 = CARTESIAN_POINT('',(-6.28318530718,-0.5));
#2241 = VECTOR('',#2242,1.);
#2242 = DIRECTION('',(1.,-0.));
#2243 = ( GEOMETRIC_REPRESENTATION_CONTEXT(2) 
PARAMETRIC_REPRESENTATION_CONTEXT() REPRESENTATION_CONTEXT('2D SPACE',''
  ) );
#2244 = FACE_BOUND('',#2245,.F.);
#2245 = EDGE_LOOP('',(#2246,#2276,#2304,#2328));
#2246 = ORIENTED_EDGE('',*,*,#2247,.T.);
#2247 = EDGE_CURVE('',#2248,#2250,#2252,.T.);
#2248 = VERTEX_POINT('',#2249);
#2249 = CARTESIAN_POINT('',(74.323716377641,-72.,14.));
#2250 = VERTEX_POINT('',#2251);
#2251 = CARTESIAN_POINT('',(72.000000000001,-74.32371637763,14.));
#2252 = SURFACE_CURVE('',#2253,(#2258,#2269),.PCURVE_S1.);
#2253 = CIRCLE('',#2254,20.8);
#2254 = AXIS2_PLACEMENT_3D('',#2255,#2256,#2257);
#2255 = CARTESIAN_POINT('',(58.5,-58.5,14.));
#2256 = DIRECTION('',(0.,0.,-1.));
#2257 = DIRECTION('',(1.,0.,0.));
#2258 = PCURVE('',#100,#2259);
#2259 = DEFINITIONAL_REPRESENTATION('',(#2260),#2268);
#2260 = ( BOUNDED_CURVE() B_SPLINE_CURVE(2,(#2261,#2262,#2263,#2264,
#2265,#2266,#2267),.UNSPECIFIED.,.T.,.F.) B_SPLINE_CURVE_WITH_KNOTS((1,2
    ,2,2,2,1),(-2.094395102393,0.,2.094395102393,4.188790204786,
6.28318530718,8.377580409573),.UNSPECIFIED.) CURVE() 
GEOMETRIC_REPRESENTATION_ITEM() RATIONAL_B_SPLINE_CURVE((1.,0.5,1.,0.5,
1.,0.5,1.)) REPRESENTATION_ITEM('') );
#2261 = CARTESIAN_POINT('',(137.8,-7.105427357601E-15));
#2262 = CARTESIAN_POINT('',(137.8,-36.02665679743));
#2263 = CARTESIAN_POINT('',(106.6,-18.01332839871));
#2264 = CARTESIAN_POINT('',(75.4,-1.219995804205E-14));
#2265 = CARTESIAN_POINT('',(106.6,18.013328398716));
#2266 = CARTESIAN_POINT('',(137.8,36.026656797433));
#2267 = CARTESIAN_POINT('',(137.8,-7.105427357601E-15));
#2268 = ( GEOMETRIC_REPRESENTATION_CONTEXT(2) 
PARAMETRIC_REPRESENTATION_CONTEXT() REPRESENTATION_CONTEXT('2D SPACE',''
  ) );
#2269 = PCURVE('',#1322,#2270);
#2270 = DEFINITIONAL_REPRESENTATION('',(#2271),#2275);
#2271 = LINE('',#2272,#2273);
#2272 = CARTESIAN_POINT('',(-6.28318530718,-1.));
#2273 = VECTOR('',#2274,1.);
#2274 = DIRECTION('',(1.,-0.));
#2275 = ( GEOMETRIC_REPRESENTATION_CONTEXT(2) 
PARAMETRIC_REPRESENTATION_CONTEXT() REPRESENTATION_CONTEXT('2D SPACE',''
  ) );
#2276 = ORIENTED_EDGE('',*,*,#2277,.T.);
#2277 = EDGE_CURVE('',#2250,#2278,#2280,.T.);
#2278 = VERTEX_POINT('',#2279);
#2279 = CARTESIAN_POINT('',(72.,-73.24165738677,14.));
#2280 = SURFACE_CURVE('',#2281,(#2285,#2292),.PCURVE_S1.);
#2281 = LINE('',#2282,#2283);
#2282 = CARTESIAN_POINT('',(72.,-80.,14.));
#2283 = VECTOR('',#2284,1.);
#2284 = DIRECTION('',(0.,1.,0.));
#2285 = PCURVE('',#100,#2286);
#2286 = DEFINITIONAL_REPRESENTATION('',(#2287),#2291);
#2287 = LINE('',#2288,#2289);
#2288 = CARTESIAN_POINT('',(130.5,-21.5));
#2289 = VECTOR('',#2290,1.);
#2290 = DIRECTION('',(0.,1.));
#2291 = ( GEOMETRIC_REPRESENTATION_CONTEXT(2) 
PARAMETRIC_REPRESENTATION_CONTEXT() REPRESENTATION_CONTEXT('2D SPACE',''
  ) );
#2292 = PCURVE('',#2293,#2298);
#2293 = PLANE('',#2294);
#2294 = AXIS2_PLACEMENT_3D('',#2295,#2296,#2297);
#2295 = CARTESIAN_POINT('',(72.,-80.,14.));
#2296 = DIRECTION('',(1.,0.,0.));
#2297 = DIRECTION('',(0.,0.,1.));
#2298 = DEFINITIONAL_REPRESENTATION('',(#2299),#2303);
#2299 = LINE('',#2300,#2301);
#2300 = CARTESIAN_POINT('',(0.,0.));
#2301 = VECTOR('',#2302,1.);
#2302 = DIRECTION('',(0.,-1.));
#2303 = ( GEOMETRIC_REPRESENTATION_CONTEXT(2) 
PARAMETRIC_REPRESENTATION_CONTEXT() REPRESENTATION_CONTEXT('2D SPACE',''
  ) );
#2304 = ORIENTED_EDGE('',*,*,#2305,.T.);
#2305 = EDGE_CURVE('',#2278,#2306,#2308,.T.);
#2306 = VERTEX_POINT('',#2307);
#2307 = CARTESIAN_POINT('',(73.241657386774,-72.,14.));
#2308 = SURFACE_CURVE('',#2309,(#2314,#2321),.PCURVE_S1.);
#2309 = CIRCLE('',#2310,4.5);
#2310 = AXIS2_PLACEMENT_3D('',#2311,#2312,#2313);
#2311 = CARTESIAN_POINT('',(69.5,-69.5,14.));
#2312 = DIRECTION('',(0.,0.,1.));
#2313 = DIRECTION('',(1.,0.,0.));
#2314 = PCURVE('',#100,#2315);
#2315 = DEFINITIONAL_REPRESENTATION('',(#2316),#2320);
#2316 = CIRCLE('',#2317,4.5);
#2317 = AXIS2_PLACEMENT_2D('',#2318,#2319);
#2318 = CARTESIAN_POINT('',(128.,-11.));
#2319 = DIRECTION('',(1.,0.));
#2320 = ( GEOMETRIC_REPRESENTATION_CONTEXT(2) 
PARAMETRIC_REPRESENTATION_CONTEXT() REPRESENTATION_CONTEXT('2D SPACE',''
  ) );
#2321 = PCURVE('',#1379,#2322);
#2322 = DEFINITIONAL_REPRESENTATION('',(#2323),#2327);
#2323 = LINE('',#2324,#2325);
#2324 = CARTESIAN_POINT('',(-0.,0.));
#2325 = VECTOR('',#2326,1.);
#2326 = DIRECTION('',(-1.,0.));
#2327 = ( GEOMETRIC_REPRESENTATION_CONTEXT(2) 
PARAMETRIC_REPRESENTATION_CONTEXT() REPRESENTATION_CONTEXT('2D SPACE',''
  ) );
#2328 = ORIENTED_EDGE('',*,*,#2329,.T.);
#2329 = EDGE_CURVE('',#2306,#2248,#2330,.T.);
#2330 = SURFACE_CURVE('',#2331,(#2335,#2342),.PCURVE_S1.);
#2331 = LINE('',#2332,#2333);
#2332 = CARTESIAN_POINT('',(69.,-72.,14.));
#2333 = VECTOR('',#2334,1.);
#2334 = DIRECTION('',(1.,0.,0.));
#2335 = PCURVE('',#100,#2336);
#2336 = DEFINITIONAL_REPRESENTATION('',(#2337),#2341);
#2337 = LINE('',#2338,#2339);
#2338 = CARTESIAN_POINT('',(127.5,-13.5));
#2339 = VECTOR('',#2340,1.);
#2340 = DIRECTION('',(1.,0.));
#2341 = ( GEOMETRIC_REPRESENTATION_CONTEXT(2) 
PARAMETRIC_REPRESENTATION_CONTEXT() REPRESENTATION_CONTEXT('2D SPACE',''
  ) );
#2342 = PCURVE('',#2343,#2348);
#2343 = PLANE('',#2344);
#2344 = AXIS2_PLACEMENT_3D('',#2345,#2346,#2347);
#2345 = CARTESIAN_POINT('',(69.,-72.,14.));
#2346 = DIRECTION('',(0.,1.,0.));
#2347 = DIRECTION('',(0.,0.,1.));
#2348 = DEFINITIONAL_REPRESENTATION('',(#2349),#2353);
#2349 = LINE('',#2350,#2351);
#2350 = CARTESIAN_POINT('',(0.,0.));
#2351 = VECTOR('',#2352,1.);
#2352 = DIRECTION('',(0.,1.));
#2353 = ( GEOMETRIC_REPRESENTATION_CONTEXT(2) 
PARAMETRIC_REPRESENTATION_CONTEXT() REPRESENTATION_CONTEXT('2D SPACE',''
  ) );
#2354 = FACE_BOUND('',#2355,.F.);
#2355 = EDGE_LOOP('',(#2356));
#2356 = ORIENTED_EDGE('',*,*,#2357,.T.);
#2357 = EDGE_CURVE('',#2358,#2358,#2360,.T.);
#2358 = VERTEX_POINT('',#2359);
#2359 = CARTESIAN_POINT('',(71.6,-69.5,14.));
#2360 = SURFACE_CURVE('',#2361,(#2366,#2377),.PCURVE_S1.);
#2361 = CIRCLE('',#2362,2.1);
#2362 = AXIS2_PLACEMENT_3D('',#2363,#2364,#2365);
#2363 = CARTESIAN_POINT('',(69.5,-69.5,14.));
#2364 = DIRECTION('',(0.,0.,-1.));
#2365 = DIRECTION('',(1.,0.,0.));
#2366 = PCURVE('',#100,#2367);
#2367 = DEFINITIONAL_REPRESENTATION('',(#2368),#2376);
#2368 = ( BOUNDED_CURVE() B_SPLINE_CURVE(2,(#2369,#2370,#2371,#2372,
#2373,#2374,#2375),.UNSPECIFIED.,.T.,.F.) B_SPLINE_CURVE_WITH_KNOTS((1,2
    ,2,2,2,1),(-2.094395102393,0.,2.094395102393,4.188790204786,
6.28318530718,8.377580409573),.UNSPECIFIED.) CURVE() 
GEOMETRIC_REPRESENTATION_ITEM() RATIONAL_B_SPLINE_CURVE((1.,0.5,1.,0.5,
1.,0.5,1.)) REPRESENTATION_ITEM('') );
#2369 = CARTESIAN_POINT('',(130.1,-11.));
#2370 = CARTESIAN_POINT('',(130.1,-14.63730669589));
#2371 = CARTESIAN_POINT('',(126.95,-12.81865334794));
#2372 = CARTESIAN_POINT('',(123.8,-11.));
#2373 = CARTESIAN_POINT('',(126.95,-9.181346652053));
#2374 = CARTESIAN_POINT('',(130.1,-7.362693304105));
#2375 = CARTESIAN_POINT('',(130.1,-11.));
#2376 = ( GEOMETRIC_REPRESENTATION_CONTEXT(2) 
PARAMETRIC_REPRESENTATION_CONTEXT() REPRESENTATION_CONTEXT('2D SPACE',''
  ) );
#2377 = PCURVE('',#2378,#2383);
#2378 = CYLINDRICAL_SURFACE('',#2379,2.1);
#2379 = AXIS2_PLACEMENT_3D('',#2380,#2381,#2382);
#2380 = CARTESIAN_POINT('',(69.5,-69.5,13.5));
#2381 = DIRECTION('',(-0.,-0.,-1.));
#2382 = DIRECTION('',(1.,0.,0.));
#2383 = DEFINITIONAL_REPRESENTATION('',(#2384),#2388);
#2384 = LINE('',#2385,#2386);
#2385 = CARTESIAN_POINT('',(-6.28318530718,-0.5));
#2386 = VECTOR('',#2387,1.);
#2387 = DIRECTION('',(1.,-0.));
#2388 = ( GEOMETRIC_REPRESENTATION_CONTEXT(2) 
PARAMETRIC_REPRESENTATION_CONTEXT() REPRESENTATION_CONTEXT('2D SPACE',''
  ) );
#2389 = FACE_BOUND('',#2390,.F.);
#2390 = EDGE_LOOP('',(#2391,#2421,#2449,#2477));
#2391 = ORIENTED_EDGE('',*,*,#2392,.F.);
#2392 = EDGE_CURVE('',#2393,#2395,#2397,.T.);
#2393 = VERTEX_POINT('',#2394);
#2394 = CARTESIAN_POINT('',(-74.32371637764,72.,14.));
#2395 = VERTEX_POINT('',#2396);
#2396 = CARTESIAN_POINT('',(-73.24165738677,72.,14.));
#2397 = SURFACE_CURVE('',#2398,(#2402,#2409),.PCURVE_S1.);
#2398 = LINE('',#2399,#2400);
#2399 = CARTESIAN_POINT('',(-80.,72.,14.));
#2400 = VECTOR('',#2401,1.);
#2401 = DIRECTION('',(1.,0.,0.));
#2402 = PCURVE('',#100,#2403);
#2403 = DEFINITIONAL_REPRESENTATION('',(#2404),#2408);
#2404 = LINE('',#2405,#2406);
#2405 = CARTESIAN_POINT('',(-21.5,130.5));
#2406 = VECTOR('',#2407,1.);
#2407 = DIRECTION('',(1.,0.));
#2408 = ( GEOMETRIC_REPRESENTATION_CONTEXT(2) 
PARAMETRIC_REPRESENTATION_CONTEXT() REPRESENTATION_CONTEXT('2D SPACE',''
  ) );
#2409 = PCURVE('',#2410,#2415);
#2410 = PLANE('',#2411);
#2411 = AXIS2_PLACEMENT_3D('',#2412,#2413,#2414);
#2412 = CARTESIAN_POINT('',(-80.,72.,14.));
#2413 = DIRECTION('',(0.,1.,0.));
#2414 = DIRECTION('',(0.,0.,1.));
#2415 = DEFINITIONAL_REPRESENTATION('',(#2416),#2420);
#2416 = LINE('',#2417,#2418);
#2417 = CARTESIAN_POINT('',(0.,0.));
#2418 = VECTOR('',#2419,1.);
#2419 = DIRECTION('',(0.,1.));
#2420 = ( GEOMETRIC_REPRESENTATION_CONTEXT(2) 
PARAMETRIC_REPRESENTATION_CONTEXT() REPRESENTATION_CONTEXT('2D SPACE',''
  ) );
#2421 = ORIENTED_EDGE('',*,*,#2422,.T.);
#2422 = EDGE_CURVE('',#2393,#2423,#2425,.T.);
#2423 = VERTEX_POINT('',#2424);
#2424 = CARTESIAN_POINT('',(-72.5,73.883107618424,14.));
#2425 = SURFACE_CURVE('',#2426,(#2431,#2442),.PCURVE_S1.);
#2426 = CIRCLE('',#2427,20.8);
#2427 = AXIS2_PLACEMENT_3D('',#2428,#2429,#2430);
#2428 = CARTESIAN_POINT('',(-58.5,58.5,14.));
#2429 = DIRECTION('',(0.,0.,-1.));
#2430 = DIRECTION('',(1.,0.,0.));
#2431 = PCURVE('',#100,#2432);
#2432 = DEFINITIONAL_REPRESENTATION('',(#2433),#2441);
#2433 = ( BOUNDED_CURVE() B_SPLINE_CURVE(2,(#2434,#2435,#2436,#2437,
#2438,#2439,#2440),.UNSPECIFIED.,.T.,.F.) B_SPLINE_CURVE_WITH_KNOTS((1,2
    ,2,2,2,1),(-2.094395102393,0.,2.094395102393,4.188790204786,
6.28318530718,8.377580409573),.UNSPECIFIED.) CURVE() 
GEOMETRIC_REPRESENTATION_ITEM() RATIONAL_B_SPLINE_CURVE((1.,0.5,1.,0.5,
1.,0.5,1.)) REPRESENTATION_ITEM('') );
#2434 = CARTESIAN_POINT('',(20.8,117.));
#2435 = CARTESIAN_POINT('',(20.8,80.973343202567));
#2436 = CARTESIAN_POINT('',(-10.4,98.986671601284));
#2437 = CARTESIAN_POINT('',(-41.6,117.));
#2438 = CARTESIAN_POINT('',(-10.4,135.01332839871));
#2439 = CARTESIAN_POINT('',(20.8,153.02665679743));
#2440 = CARTESIAN_POINT('',(20.8,117.));
#2441 = ( GEOMETRIC_REPRESENTATION_CONTEXT(2) 
PARAMETRIC_REPRESENTATION_CONTEXT() REPRESENTATION_CONTEXT('2D SPACE',''
  ) );
#2442 = PCURVE('',#1860,#2443);
#2443 = DEFINITIONAL_REPRESENTATION('',(#2444),#2448);
#2444 = LINE('',#2445,#2446);
#2445 = CARTESIAN_POINT('',(-6.28318530718,-1.));
#2446 = VECTOR('',#2447,1.);
#2447 = DIRECTION('',(1.,-0.));
#2448 = ( GEOMETRIC_REPRESENTATION_CONTEXT(2) 
PARAMETRIC_REPRESENTATION_CONTEXT() REPRESENTATION_CONTEXT('2D SPACE',''
  ) );
#2449 = ORIENTED_EDGE('',*,*,#2450,.F.);
#2450 = EDGE_CURVE('',#2451,#2423,#2453,.T.);
#2451 = VERTEX_POINT('',#2452);
#2452 = CARTESIAN_POINT('',(-72.5,72.85410196625,14.));
#2453 = SURFACE_CURVE('',#2454,(#2458,#2465),.PCURVE_S1.);
#2454 = LINE('',#2455,#2456);
#2455 = CARTESIAN_POINT('',(-72.5,71.5,14.));
#2456 = VECTOR('',#2457,1.);
#2457 = DIRECTION('',(0.,1.,0.));
#2458 = PCURVE('',#100,#2459);
#2459 = DEFINITIONAL_REPRESENTATION('',(#2460),#2464);
#2460 = LINE('',#2461,#2462);
#2461 = CARTESIAN_POINT('',(-14.,130.));
#2462 = VECTOR('',#2463,1.);
#2463 = DIRECTION('',(0.,1.));
#2464 = ( GEOMETRIC_REPRESENTATION_CONTEXT(2) 
PARAMETRIC_REPRESENTATION_CONTEXT() REPRESENTATION_CONTEXT('2D SPACE',''
  ) );
#2465 = PCURVE('',#2466,#2471);
#2466 = PLANE('',#2467);
#2467 = AXIS2_PLACEMENT_3D('',#2468,#2469,#2470);
#2468 = CARTESIAN_POINT('',(-72.5,71.5,14.));
#2469 = DIRECTION('',(1.,0.,0.));
#2470 = DIRECTION('',(0.,0.,1.));
#2471 = DEFINITIONAL_REPRESENTATION('',(#2472),#2476);
#2472 = LINE('',#2473,#2474);
#2473 = CARTESIAN_POINT('',(0.,0.));
#2474 = VECTOR('',#2475,1.);
#2475 = DIRECTION('',(0.,-1.));
#2476 = ( GEOMETRIC_REPRESENTATION_CONTEXT(2) 
PARAMETRIC_REPRESENTATION_CONTEXT() REPRESENTATION_CONTEXT('2D SPACE',''
  ) );
#2477 = ORIENTED_EDGE('',*,*,#2478,.T.);
#2478 = EDGE_CURVE('',#2451,#2395,#2479,.T.);
#2479 = SURFACE_CURVE('',#2480,(#2485,#2492),.PCURVE_S1.);
#2480 = CIRCLE('',#2481,4.5);
#2481 = AXIS2_PLACEMENT_3D('',#2482,#2483,#2484);
#2482 = CARTESIAN_POINT('',(-69.5,69.5,14.));
#2483 = DIRECTION('',(0.,0.,1.));
#2484 = DIRECTION('',(1.,0.,0.));
#2485 = PCURVE('',#100,#2486);
#2486 = DEFINITIONAL_REPRESENTATION('',(#2487),#2491);
#2487 = CIRCLE('',#2488,4.5);
#2488 = AXIS2_PLACEMENT_2D('',#2489,#2490);
#2489 = CARTESIAN_POINT('',(-11.,128.));
#2490 = DIRECTION('',(1.,0.));
#2491 = ( GEOMETRIC_REPRESENTATION_CONTEXT(2) 
PARAMETRIC_REPRESENTATION_CONTEXT() REPRESENTATION_CONTEXT('2D SPACE',''
  ) );
#2492 = PCURVE('',#1917,#2493);
#2493 = DEFINITIONAL_REPRESENTATION('',(#2494),#2498);
#2494 = LINE('',#2495,#2496);
#2495 = CARTESIAN_POINT('',(-0.,0.));
#2496 = VECTOR('',#2497,1.);
#2497 = DIRECTION('',(-1.,0.));
#2498 = ( GEOMETRIC_REPRESENTATION_CONTEXT(2) 
PARAMETRIC_REPRESENTATION_CONTEXT() REPRESENTATION_CONTEXT('2D SPACE',''
  ) );
#2499 = FACE_BOUND('',#2500,.F.);
#2500 = EDGE_LOOP('',(#2501));
#2501 = ORIENTED_EDGE('',*,*,#2502,.F.);
#2502 = EDGE_CURVE('',#2503,#2503,#2505,.T.);
#2503 = VERTEX_POINT('',#2504);
#2504 = CARTESIAN_POINT('',(-68.85968757625,71.5,14.));
#2505 = SURFACE_CURVE('',#2506,(#2511,#2518),.PCURVE_S1.);
#2506 = CIRCLE('',#2507,2.1);
#2507 = AXIS2_PLACEMENT_3D('',#2508,#2509,#2510);
#2508 = CARTESIAN_POINT('',(-69.5,69.5,14.));
#2509 = DIRECTION('',(0.,0.,1.));
#2510 = DIRECTION('',(0.304910677973,0.952380952381,-0.));
#2511 = PCURVE('',#100,#2512);
#2512 = DEFINITIONAL_REPRESENTATION('',(#2513),#2517);
#2513 = CIRCLE('',#2514,2.1);
#2514 = AXIS2_PLACEMENT_2D('',#2515,#2516);
#2515 = CARTESIAN_POINT('',(-11.,128.));
#2516 = DIRECTION('',(0.304910677973,0.952380952381));
#2517 = ( GEOMETRIC_REPRESENTATION_CONTEXT(2) 
PARAMETRIC_REPRESENTATION_CONTEXT() REPRESENTATION_CONTEXT('2D SPACE',''
  ) );
#2518 = PCURVE('',#2519,#2524);
#2519 = CYLINDRICAL_SURFACE('',#2520,2.1);
#2520 = AXIS2_PLACEMENT_3D('',#2521,#2522,#2523);
#2521 = CARTESIAN_POINT('',(-69.5,69.5,13.5));
#2522 = DIRECTION('',(-0.,-0.,-1.));
#2523 = DIRECTION('',(1.,0.,0.));
#2524 = DEFINITIONAL_REPRESENTATION('',(#2525),#2529);
#2525 = LINE('',#2526,#2527);
#2526 = CARTESIAN_POINT('',(-1.260951687053,-0.5));
#2527 = VECTOR('',#2528,1.);
#2528 = DIRECTION('',(-1.,-0.));
#2529 = ( GEOMETRIC_REPRESENTATION_CONTEXT(2) 
PARAMETRIC_REPRESENTATION_CONTEXT() REPRESENTATION_CONTEXT('2D SPACE',''
  ) );
#2530 = FACE_BOUND('',#2531,.F.);
#2531 = EDGE_LOOP('',(#2532));
#2532 = ORIENTED_EDGE('',*,*,#2533,.F.);
#2533 = EDGE_CURVE('',#2534,#2534,#2536,.T.);
#2534 = VERTEX_POINT('',#2535);
#2535 = CARTESIAN_POINT('',(70.140312423743,71.5,14.));
#2536 = SURFACE_CURVE('',#2537,(#2542,#2549),.PCURVE_S1.);
#2537 = CIRCLE('',#2538,2.1);
#2538 = AXIS2_PLACEMENT_3D('',#2539,#2540,#2541);
#2539 = CARTESIAN_POINT('',(69.5,69.5,14.));
#2540 = DIRECTION('',(0.,0.,1.));
#2541 = DIRECTION('',(0.304910677973,0.952380952381,-0.));
#2542 = PCURVE('',#100,#2543);
#2543 = DEFINITIONAL_REPRESENTATION('',(#2544),#2548);
#2544 = CIRCLE('',#2545,2.1);
#2545 = AXIS2_PLACEMENT_2D('',#2546,#2547);
#2546 = CARTESIAN_POINT('',(128.,128.));
#2547 = DIRECTION('',(0.304910677973,0.952380952381));
#2548 = ( GEOMETRIC_REPRESENTATION_CONTEXT(2) 
PARAMETRIC_REPRESENTATION_CONTEXT() REPRESENTATION_CONTEXT('2D SPACE',''
  ) );
#2549 = PCURVE('',#2550,#2555);
#2550 = CYLINDRICAL_SURFACE('',#2551,2.1);
#2551 = AXIS2_PLACEMENT_3D('',#2552,#2553,#2554);
#2552 = CARTESIAN_POINT('',(69.5,69.5,13.5));
#2553 = DIRECTION('',(-0.,-0.,-1.));
#2554 = DIRECTION('',(1.,0.,0.));
#2555 = DEFINITIONAL_REPRESENTATION('',(#2556),#2560);
#2556 = LINE('',#2557,#2558);
#2557 = CARTESIAN_POINT('',(-1.260951687053,-0.5));
#2558 = VECTOR('',#2559,1.);
#2559 = DIRECTION('',(-1.,-0.));
#2560 = ( GEOMETRIC_REPRESENTATION_CONTEXT(2) 
PARAMETRIC_REPRESENTATION_CONTEXT() REPRESENTATION_CONTEXT('2D SPACE',''
  ) );
#2561 = FACE_BOUND('',#2562,.F.);
#2562 = EDGE_LOOP('',(#2563,#2589,#2617,#2645));
#2563 = ORIENTED_EDGE('',*,*,#2564,.T.);
#2564 = EDGE_CURVE('',#2565,#2567,#2569,.T.);
#2565 = VERTEX_POINT('',#2566);
#2566 = CARTESIAN_POINT('',(73.241657386774,72.,14.));
#2567 = VERTEX_POINT('',#2568);
#2568 = CARTESIAN_POINT('',(72.5,72.85410196625,14.));
#2569 = SURFACE_CURVE('',#2570,(#2575,#2582),.PCURVE_S1.);
#2570 = CIRCLE('',#2571,4.5);
#2571 = AXIS2_PLACEMENT_3D('',#2572,#2573,#2574);
#2572 = CARTESIAN_POINT('',(69.5,69.5,14.));
#2573 = DIRECTION('',(0.,0.,1.));
#2574 = DIRECTION('',(1.,0.,0.));
#2575 = PCURVE('',#100,#2576);
#2576 = DEFINITIONAL_REPRESENTATION('',(#2577),#2581);
#2577 = CIRCLE('',#2578,4.5);
#2578 = AXIS2_PLACEMENT_2D('',#2579,#2580);
#2579 = CARTESIAN_POINT('',(128.,128.));
#2580 = DIRECTION('',(1.,0.));
#2581 = ( GEOMETRIC_REPRESENTATION_CONTEXT(2) 
PARAMETRIC_REPRESENTATION_CONTEXT() REPRESENTATION_CONTEXT('2D SPACE',''
  ) );
#2582 = PCURVE('',#1201,#2583);
#2583 = DEFINITIONAL_REPRESENTATION('',(#2584),#2588);
#2584 = LINE('',#2585,#2586);
#2585 = CARTESIAN_POINT('',(-0.,0.));
#2586 = VECTOR('',#2587,1.);
#2587 = DIRECTION('',(-1.,0.));
#2588 = ( GEOMETRIC_REPRESENTATION_CONTEXT(2) 
PARAMETRIC_REPRESENTATION_CONTEXT() REPRESENTATION_CONTEXT('2D SPACE',''
  ) );
#2589 = ORIENTED_EDGE('',*,*,#2590,.T.);
#2590 = EDGE_CURVE('',#2567,#2591,#2593,.T.);
#2591 = VERTEX_POINT('',#2592);
#2592 = CARTESIAN_POINT('',(72.5,73.883107618424,14.));
#2593 = SURFACE_CURVE('',#2594,(#2598,#2605),.PCURVE_S1.);
#2594 = LINE('',#2595,#2596);
#2595 = CARTESIAN_POINT('',(72.5,71.5,14.));
#2596 = VECTOR('',#2597,1.);
#2597 = DIRECTION('',(0.,1.,0.));
#2598 = PCURVE('',#100,#2599);
#2599 = DEFINITIONAL_REPRESENTATION('',(#2600),#2604);
#2600 = LINE('',#2601,#2602);
#2601 = CARTESIAN_POINT('',(131.,130.));
#2602 = VECTOR('',#2603,1.);
#2603 = DIRECTION('',(0.,1.));
#2604 = ( GEOMETRIC_REPRESENTATION_CONTEXT(2) 
PARAMETRIC_REPRESENTATION_CONTEXT() REPRESENTATION_CONTEXT('2D SPACE',''
  ) );
#2605 = PCURVE('',#2606,#2611);
#2606 = PLANE('',#2607);
#2607 = AXIS2_PLACEMENT_3D('',#2608,#2609,#2610);
#2608 = CARTESIAN_POINT('',(72.5,71.5,14.));
#2609 = DIRECTION('',(1.,0.,0.));
#2610 = DIRECTION('',(0.,0.,1.));
#2611 = DEFINITIONAL_REPRESENTATION('',(#2612),#2616);
#2612 = LINE('',#2613,#2614);
#2613 = CARTESIAN_POINT('',(0.,0.));
#2614 = VECTOR('',#2615,1.);
#2615 = DIRECTION('',(0.,-1.));
#2616 = ( GEOMETRIC_REPRESENTATION_CONTEXT(2) 
PARAMETRIC_REPRESENTATION_CONTEXT() REPRESENTATION_CONTEXT('2D SPACE',''
  ) );
#2617 = ORIENTED_EDGE('',*,*,#2618,.T.);
#2618 = EDGE_CURVE('',#2591,#2619,#2621,.T.);
#2619 = VERTEX_POINT('',#2620);
#2620 = CARTESIAN_POINT('',(74.323716377641,72.,14.));
#2621 = SURFACE_CURVE('',#2622,(#2627,#2638),.PCURVE_S1.);
#2622 = CIRCLE('',#2623,20.8);
#2623 = AXIS2_PLACEMENT_3D('',#2624,#2625,#2626);
#2624 = CARTESIAN_POINT('',(58.5,58.5,14.));
#2625 = DIRECTION('',(0.,0.,-1.));
#2626 = DIRECTION('',(1.,0.,0.));
#2627 = PCURVE('',#100,#2628);
#2628 = DEFINITIONAL_REPRESENTATION('',(#2629),#2637);
#2629 = ( BOUNDED_CURVE() B_SPLINE_CURVE(2,(#2630,#2631,#2632,#2633,
#2634,#2635,#2636),.UNSPECIFIED.,.T.,.F.) B_SPLINE_CURVE_WITH_KNOTS((1,2
    ,2,2,2,1),(-2.094395102393,0.,2.094395102393,4.188790204786,
6.28318530718,8.377580409573),.UNSPECIFIED.) CURVE() 
GEOMETRIC_REPRESENTATION_ITEM() RATIONAL_B_SPLINE_CURVE((1.,0.5,1.,0.5,
1.,0.5,1.)) REPRESENTATION_ITEM('') );
#2630 = CARTESIAN_POINT('',(137.8,117.));
#2631 = CARTESIAN_POINT('',(137.8,80.973343202567));
#2632 = CARTESIAN_POINT('',(106.6,98.986671601284));
#2633 = CARTESIAN_POINT('',(75.4,117.));
#2634 = CARTESIAN_POINT('',(106.6,135.01332839871));
#2635 = CARTESIAN_POINT('',(137.8,153.02665679743));
#2636 = CARTESIAN_POINT('',(137.8,117.));
#2637 = ( GEOMETRIC_REPRESENTATION_CONTEXT(2) 
PARAMETRIC_REPRESENTATION_CONTEXT() REPRESENTATION_CONTEXT('2D SPACE',''
  ) );
#2638 = PCURVE('',#1262,#2639);
#2639 = DEFINITIONAL_REPRESENTATION('',(#2640),#2644);
#2640 = LINE('',#2641,#2642);
#2641 = CARTESIAN_POINT('',(-6.28318530718,-1.));
#2642 = VECTOR('',#2643,1.);
#2643 = DIRECTION('',(1.,-0.));
#2644 = ( GEOMETRIC_REPRESENTATION_CONTEXT(2) 
PARAMETRIC_REPRESENTATION_CONTEXT() REPRESENTATION_CONTEXT('2D SPACE',''
  ) );
#2645 = ORIENTED_EDGE('',*,*,#2646,.F.);
#2646 = EDGE_CURVE('',#2565,#2619,#2647,.T.);
#2647 = SURFACE_CURVE('',#2648,(#2652,#2659),.PCURVE_S1.);
#2648 = LINE('',#2649,#2650);
#2649 = CARTESIAN_POINT('',(69.,72.,14.));
#2650 = VECTOR('',#2651,1.);
#2651 = DIRECTION('',(1.,0.,0.));
#2652 = PCURVE('',#100,#2653);
#2653 = DEFINITIONAL_REPRESENTATION('',(#2654),#2658);
#2654 = LINE('',#2655,#2656);
#2655 = CARTESIAN_POINT('',(127.5,130.5));
#2656 = VECTOR('',#2657,1.);
#2657 = DIRECTION('',(1.,0.));
#2658 = ( GEOMETRIC_REPRESENTATION_CONTEXT(2) 
PARAMETRIC_REPRESENTATION_CONTEXT() REPRESENTATION_CONTEXT('2D SPACE',''
  ) );
#2659 = PCURVE('',#2660,#2665);
#2660 = PLANE('',#2661);
#2661 = AXIS2_PLACEMENT_3D('',#2662,#2663,#2664);
#2662 = CARTESIAN_POINT('',(69.,72.,14.));
#2663 = DIRECTION('',(0.,1.,0.));
#2664 = DIRECTION('',(0.,0.,1.));
#2665 = DEFINITIONAL_REPRESENTATION('',(#2666),#2670);
#2666 = LINE('',#2667,#2668);
#2667 = CARTESIAN_POINT('',(0.,0.));
#2668 = VECTOR('',#2669,1.);
#2669 = DIRECTION('',(0.,1.));
#2670 = ( GEOMETRIC_REPRESENTATION_CONTEXT(2) 
PARAMETRIC_REPRESENTATION_CONTEXT() REPRESENTATION_CONTEXT('2D SPACE',''
  ) );
#2671 = ADVANCED_FACE('',(#2672),#72,.T.);
#2672 = FACE_BOUND('',#2673,.F.);
#2673 = EDGE_LOOP('',(#2674,#2675,#2698,#2731,#2757,#2786,#2805,#2806));
#2674 = ORIENTED_EDGE('',*,*,#1079,.T.);
#2675 = ORIENTED_EDGE('',*,*,#2676,.F.);
#2676 = EDGE_CURVE('',#2677,#1052,#2679,.T.);
#2677 = VERTEX_POINT('',#2678);
#2678 = CARTESIAN_POINT('',(58.5,-82.5,105.));
#2679 = SURFACE_CURVE('',#2680,(#2684,#2691),.PCURVE_S1.);
#2680 = LINE('',#2681,#2682);
#2681 = CARTESIAN_POINT('',(58.5,-82.5,105.));
#2682 = VECTOR('',#2683,1.);
#2683 = DIRECTION('',(0.,0.,-1.));
#2684 = PCURVE('',#72,#2685);
#2685 = DEFINITIONAL_REPRESENTATION('',(#2686),#2690);
#2686 = LINE('',#2687,#2688);
#2687 = CARTESIAN_POINT('',(-4.712388980385,-91.));
#2688 = VECTOR('',#2689,1.);
#2689 = DIRECTION('',(0.,1.));
#2690 = ( GEOMETRIC_REPRESENTATION_CONTEXT(2) 
PARAMETRIC_REPRESENTATION_CONTEXT() REPRESENTATION_CONTEXT('2D SPACE',''
  ) );
#2691 = PCURVE('',#1067,#2692);
#2692 = DEFINITIONAL_REPRESENTATION('',(#2693),#2697);
#2693 = LINE('',#2694,#2695);
#2694 = CARTESIAN_POINT('',(91.,117.));
#2695 = VECTOR('',#2696,1.);
#2696 = DIRECTION('',(-1.,0.));
#2697 = ( GEOMETRIC_REPRESENTATION_CONTEXT(2) 
PARAMETRIC_REPRESENTATION_CONTEXT() REPRESENTATION_CONTEXT('2D SPACE',''
  ) );
#2698 = ORIENTED_EDGE('',*,*,#2699,.F.);
#2699 = EDGE_CURVE('',#2700,#2677,#2702,.T.);
#2700 = VERTEX_POINT('',#2701);
#2701 = CARTESIAN_POINT('',(66.,-81.29802623035,105.));
#2702 = SURFACE_CURVE('',#2703,(#2708,#2715),.PCURVE_S1.);
#2703 = CIRCLE('',#2704,24.);
#2704 = AXIS2_PLACEMENT_3D('',#2705,#2706,#2707);
#2705 = CARTESIAN_POINT('',(58.5,-58.5,105.));
#2706 = DIRECTION('',(0.,0.,-1.));
#2707 = DIRECTION('',(1.,0.,0.));
#2708 = PCURVE('',#72,#2709);
#2709 = DEFINITIONAL_REPRESENTATION('',(#2710),#2714);
#2710 = LINE('',#2711,#2712);
#2711 = CARTESIAN_POINT('',(-6.28318530718,-91.));
#2712 = VECTOR('',#2713,1.);
#2713 = DIRECTION('',(1.,-0.));
#2714 = ( GEOMETRIC_REPRESENTATION_CONTEXT(2) 
PARAMETRIC_REPRESENTATION_CONTEXT() REPRESENTATION_CONTEXT('2D SPACE',''
  ) );
#2715 = PCURVE('',#2716,#2721);
#2716 = PLANE('',#2717);
#2717 = AXIS2_PLACEMENT_3D('',#2718,#2719,#2720);
#2718 = CARTESIAN_POINT('',(-66.,-82.5,105.));
#2719 = DIRECTION('',(0.,0.,1.));
#2720 = DIRECTION('',(1.,0.,0.));
#2721 = DEFINITIONAL_REPRESENTATION('',(#2722),#2730);
#2722 = ( BOUNDED_CURVE() B_SPLINE_CURVE(2,(#2723,#2724,#2725,#2726,
#2727,#2728,#2729),.UNSPECIFIED.,.T.,.F.) B_SPLINE_CURVE_WITH_KNOTS((1,2
    ,2,2,2,1),(-2.094395102393,0.,2.094395102393,4.188790204786,
6.28318530718,8.377580409573),.UNSPECIFIED.) CURVE() 
GEOMETRIC_REPRESENTATION_ITEM() RATIONAL_B_SPLINE_CURVE((1.,0.5,1.,0.5,
1.,0.5,1.)) REPRESENTATION_ITEM('') );
#2723 = CARTESIAN_POINT('',(148.5,24.));
#2724 = CARTESIAN_POINT('',(148.5,-17.56921938165));
#2725 = CARTESIAN_POINT('',(112.5,3.215390309173));
#2726 = CARTESIAN_POINT('',(76.5,24.));
#2727 = CARTESIAN_POINT('',(112.5,44.784609690827));
#2728 = CARTESIAN_POINT('',(148.5,65.569219381653));
#2729 = CARTESIAN_POINT('',(148.5,24.));
#2730 = ( GEOMETRIC_REPRESENTATION_CONTEXT(2) 
PARAMETRIC_REPRESENTATION_CONTEXT() REPRESENTATION_CONTEXT('2D SPACE',''
  ) );
#2731 = ORIENTED_EDGE('',*,*,#2732,.T.);
#2732 = EDGE_CURVE('',#2700,#2733,#2735,.T.);
#2733 = VERTEX_POINT('',#2734);
#2734 = CARTESIAN_POINT('',(66.,-81.29802623035,104.6));
#2735 = SURFACE_CURVE('',#2736,(#2740,#2746),.PCURVE_S1.);
#2736 = LINE('',#2737,#2738);
#2737 = CARTESIAN_POINT('',(66.,-81.29802623035,13.));
#2738 = VECTOR('',#2739,1.);
#2739 = DIRECTION('',(-0.,-0.,-1.));
#2740 = PCURVE('',#72,#2741);
#2741 = DEFINITIONAL_REPRESENTATION('',(#2742),#2745);
#2742 = B_SPLINE_CURVE_WITH_KNOTS('',1,(#2743,#2744),.UNSPECIFIED.,.F.,
  .F.,(2,2),(-93.2,-78.8),.PIECEWISE_BEZIER_KNOTS.);
#2743 = CARTESIAN_POINT('',(-5.030212684313,-92.2));
#2744 = CARTESIAN_POINT('',(-5.030212684313,-77.8));
#2745 = ( GEOMETRIC_REPRESENTATION_CONTEXT(2) 
PARAMETRIC_REPRESENTATION_CONTEXT() REPRESENTATION_CONTEXT('2D SPACE',''
  ) );
#2746 = PCURVE('',#2747,#2752);
#2747 = PLANE('',#2748);
#2748 = AXIS2_PLACEMENT_3D('',#2749,#2750,#2751);
#2749 = CARTESIAN_POINT('',(66.,-82.5,93.));
#2750 = DIRECTION('',(1.,0.,0.));
#2751 = DIRECTION('',(0.,0.,1.));
#2752 = DEFINITIONAL_REPRESENTATION('',(#2753),#2756);
#2753 = B_SPLINE_CURVE_WITH_KNOTS('',1,(#2754,#2755),.UNSPECIFIED.,.F.,
  .F.,(2,2),(-93.2,-78.8),.PIECEWISE_BEZIER_KNOTS.);
#2754 = CARTESIAN_POINT('',(13.2,-1.201973769644));
#2755 = CARTESIAN_POINT('',(-1.2,-1.201973769644));
#2756 = ( GEOMETRIC_REPRESENTATION_CONTEXT(2) 
PARAMETRIC_REPRESENTATION_CONTEXT() REPRESENTATION_CONTEXT('2D SPACE',''
  ) );
#2757 = ORIENTED_EDGE('',*,*,#2758,.T.);
#2758 = EDGE_CURVE('',#2733,#2759,#2761,.T.);
#2759 = VERTEX_POINT('',#2760);
#2760 = CARTESIAN_POINT('',(81.298026230356,-66.,104.6));
#2761 = SURFACE_CURVE('',#2762,(#2767,#2774),.PCURVE_S1.);
#2762 = CIRCLE('',#2763,24.);
#2763 = AXIS2_PLACEMENT_3D('',#2764,#2765,#2766);
#2764 = CARTESIAN_POINT('',(58.5,-58.5,104.6));
#2765 = DIRECTION('',(0.,0.,1.));
#2766 = DIRECTION('',(1.,0.,0.));
#2767 = PCURVE('',#72,#2768);
#2768 = DEFINITIONAL_REPRESENTATION('',(#2769),#2773);
#2769 = LINE('',#2770,#2771);
#2770 = CARTESIAN_POINT('',(-0.,-90.6));
#2771 = VECTOR('',#2772,1.);
#2772 = DIRECTION('',(-1.,0.));
#2773 = ( GEOMETRIC_REPRESENTATION_CONTEXT(2) 
PARAMETRIC_REPRESENTATION_CONTEXT() REPRESENTATION_CONTEXT('2D SPACE',''
  ) );
#2774 = PCURVE('',#2775,#2780);
#2775 = PLANE('',#2776);
#2776 = AXIS2_PLACEMENT_3D('',#2777,#2778,#2779);
#2777 = CARTESIAN_POINT('',(-58.5,-82.5,104.6));
#2778 = DIRECTION('',(0.,0.,1.));
#2779 = DIRECTION('',(1.,0.,0.));
#2780 = DEFINITIONAL_REPRESENTATION('',(#2781),#2785);
#2781 = CIRCLE('',#2782,24.);
#2782 = AXIS2_PLACEMENT_2D('',#2783,#2784);
#2783 = CARTESIAN_POINT('',(117.,24.));
#2784 = DIRECTION('',(1.,0.));
#2785 = ( GEOMETRIC_REPRESENTATION_CONTEXT(2) 
PARAMETRIC_REPRESENTATION_CONTEXT() REPRESENTATION_CONTEXT('2D SPACE',''
  ) );
#2786 = ORIENTED_EDGE('',*,*,#2787,.F.);
#2787 = EDGE_CURVE('',#172,#2759,#2788,.T.);
#2788 = SURFACE_CURVE('',#2789,(#2793,#2799),.PCURVE_S1.);
#2789 = LINE('',#2790,#2791);
#2790 = CARTESIAN_POINT('',(81.298026230356,-66.,13.));
#2791 = VECTOR('',#2792,1.);
#2792 = DIRECTION('',(-0.,-0.,-1.));
#2793 = PCURVE('',#72,#2794);
#2794 = DEFINITIONAL_REPRESENTATION('',(#2795),#2798);
#2795 = B_SPLINE_CURVE_WITH_KNOTS('',1,(#2796,#2797),.UNSPECIFIED.,.F.,
  .F.,(2,2),(-93.2,-78.8),.PIECEWISE_BEZIER_KNOTS.);
#2796 = CARTESIAN_POINT('',(-5.965361603252,-92.2));
#2797 = CARTESIAN_POINT('',(-5.965361603252,-77.8));
#2798 = ( GEOMETRIC_REPRESENTATION_CONTEXT(2) 
PARAMETRIC_REPRESENTATION_CONTEXT() REPRESENTATION_CONTEXT('2D SPACE',''
  ) );
#2799 = PCURVE('',#187,#2800);
#2800 = DEFINITIONAL_REPRESENTATION('',(#2801),#2804);
#2801 = B_SPLINE_CURVE_WITH_KNOTS('',1,(#2802,#2803),.UNSPECIFIED.,.F.,
  .F.,(2,2),(-93.2,-78.8),.PIECEWISE_BEZIER_KNOTS.);
#2802 = CARTESIAN_POINT('',(13.2,3.798026230356));
#2803 = CARTESIAN_POINT('',(-1.2,3.798026230356));
#2804 = ( GEOMETRIC_REPRESENTATION_CONTEXT(2) 
PARAMETRIC_REPRESENTATION_CONTEXT() REPRESENTATION_CONTEXT('2D SPACE',''
  ) );
#2805 = ORIENTED_EDGE('',*,*,#199,.F.);
#2806 = ORIENTED_EDGE('',*,*,#56,.T.);
#2807 = ADVANCED_FACE('',(#2808),#159,.F.);
#2808 = FACE_BOUND('',#2809,.F.);
#2809 = EDGE_LOOP('',(#2810,#2811,#2834,#2862));
#2810 = ORIENTED_EDGE('',*,*,#141,.F.);
#2811 = ORIENTED_EDGE('',*,*,#2812,.F.);
#2812 = EDGE_CURVE('',#2813,#142,#2815,.T.);
#2813 = VERTEX_POINT('',#2814);
#2814 = CARTESIAN_POINT('',(77.5,-66.,93.));
#2815 = SURFACE_CURVE('',#2816,(#2820,#2827),.PCURVE_S1.);
#2816 = LINE('',#2817,#2818);
#2817 = CARTESIAN_POINT('',(77.5,-66.,93.));
#2818 = VECTOR('',#2819,1.);
#2819 = DIRECTION('',(0.,0.,1.));
#2820 = PCURVE('',#159,#2821);
#2821 = DEFINITIONAL_REPRESENTATION('',(#2822),#2826);
#2822 = LINE('',#2823,#2824);
#2823 = CARTESIAN_POINT('',(0.,0.));
#2824 = VECTOR('',#2825,1.);
#2825 = DIRECTION('',(1.,0.));
#2826 = ( GEOMETRIC_REPRESENTATION_CONTEXT(2) 
PARAMETRIC_REPRESENTATION_CONTEXT() REPRESENTATION_CONTEXT('2D SPACE',''
  ) );
#2827 = PCURVE('',#187,#2828);
#2828 = DEFINITIONAL_REPRESENTATION('',(#2829),#2833);
#2829 = LINE('',#2830,#2831);
#2830 = CARTESIAN_POINT('',(0.,0.));
#2831 = VECTOR('',#2832,1.);
#2832 = DIRECTION('',(1.,0.));
#2833 = ( GEOMETRIC_REPRESENTATION_CONTEXT(2) 
PARAMETRIC_REPRESENTATION_CONTEXT() REPRESENTATION_CONTEXT('2D SPACE',''
  ) );
#2834 = ORIENTED_EDGE('',*,*,#2835,.T.);
#2835 = EDGE_CURVE('',#2813,#2836,#2838,.T.);
#2836 = VERTEX_POINT('',#2837);
#2837 = CARTESIAN_POINT('',(77.5,-55.15266921119,93.));
#2838 = SURFACE_CURVE('',#2839,(#2843,#2850),.PCURVE_S1.);
#2839 = LINE('',#2840,#2841);
#2840 = CARTESIAN_POINT('',(77.5,-66.,93.));
#2841 = VECTOR('',#2842,1.);
#2842 = DIRECTION('',(0.,1.,0.));
#2843 = PCURVE('',#159,#2844);
#2844 = DEFINITIONAL_REPRESENTATION('',(#2845),#2849);
#2845 = LINE('',#2846,#2847);
#2846 = CARTESIAN_POINT('',(0.,0.));
#2847 = VECTOR('',#2848,1.);
#2848 = DIRECTION('',(0.,-1.));
#2849 = ( GEOMETRIC_REPRESENTATION_CONTEXT(2) 
PARAMETRIC_REPRESENTATION_CONTEXT() REPRESENTATION_CONTEXT('2D SPACE',''
  ) );
#2850 = PCURVE('',#2851,#2856);
#2851 = PLANE('',#2852);
#2852 = AXIS2_PLACEMENT_3D('',#2853,#2854,#2855);
#2853 = CARTESIAN_POINT('',(77.5,-66.,93.));
#2854 = DIRECTION('',(0.,0.,1.));
#2855 = DIRECTION('',(1.,0.,0.));
#2856 = DEFINITIONAL_REPRESENTATION('',(#2857),#2861);
#2857 = LINE('',#2858,#2859);
#2858 = CARTESIAN_POINT('',(0.,0.));
#2859 = VECTOR('',#2860,1.);
#2860 = DIRECTION('',(0.,1.));
#2861 = ( GEOMETRIC_REPRESENTATION_CONTEXT(2) 
PARAMETRIC_REPRESENTATION_CONTEXT() REPRESENTATION_CONTEXT('2D SPACE',''
  ) );
#2862 = ORIENTED_EDGE('',*,*,#2863,.F.);
#2863 = EDGE_CURVE('',#144,#2836,#2864,.T.);
#2864 = SURFACE_CURVE('',#2865,(#2869,#2875),.PCURVE_S1.);
#2865 = LINE('',#2866,#2867);
#2866 = CARTESIAN_POINT('',(77.5,-55.15266921119,93.));
#2867 = VECTOR('',#2868,1.);
#2868 = DIRECTION('',(-0.,-0.,-1.));
#2869 = PCURVE('',#159,#2870);
#2870 = DEFINITIONAL_REPRESENTATION('',(#2871),#2874);
#2871 = B_SPLINE_CURVE_WITH_KNOTS('',1,(#2872,#2873),.UNSPECIFIED.,.F.,
  .F.,(2,2),(-12.0000006,6.000000070117E-07),.PIECEWISE_BEZIER_KNOTS.);
#2872 = CARTESIAN_POINT('',(12.0000006,-10.8473307888));
#2873 = CARTESIAN_POINT('',(-6.000000070117E-07,-10.8473307888));
#2874 = ( GEOMETRIC_REPRESENTATION_CONTEXT(2) 
PARAMETRIC_REPRESENTATION_CONTEXT() REPRESENTATION_CONTEXT('2D SPACE',''
  ) );
#2875 = PCURVE('',#540,#2876);
#2876 = DEFINITIONAL_REPRESENTATION('',(#2877),#2880);
#2877 = B_SPLINE_CURVE_WITH_KNOTS('',1,(#2878,#2879),.UNSPECIFIED.,.F.,
  .F.,(2,2),(-12.0000006,6.000000070117E-07),.PIECEWISE_BEZIER_KNOTS.);
#2878 = CARTESIAN_POINT('',(-4.847414284267,-12.0000006));
#2879 = CARTESIAN_POINT('',(-4.847414284267,6.000000070117E-07));
#2880 = ( GEOMETRIC_REPRESENTATION_CONTEXT(2) 
PARAMETRIC_REPRESENTATION_CONTEXT() REPRESENTATION_CONTEXT('2D SPACE',''
  ) );
#2881 = ADVANCED_FACE('',(#2882),#540,.T.);
#2882 = FACE_BOUND('',#2883,.F.);
#2883 = EDGE_LOOP('',(#2884,#2905,#2906,#2907));
#2884 = ORIENTED_EDGE('',*,*,#2885,.F.);
#2885 = EDGE_CURVE('',#498,#2886,#2888,.T.);
#2886 = VERTEX_POINT('',#2887);
#2887 = CARTESIAN_POINT('',(77.5,-44.8473307888,93.));
#2888 = SURFACE_CURVE('',#2889,(#2893,#2899),.PCURVE_S1.);
#2889 = LINE('',#2890,#2891);
#2890 = CARTESIAN_POINT('',(77.5,-44.8473307888,93.));
#2891 = VECTOR('',#2892,1.);
#2892 = DIRECTION('',(-0.,-0.,-1.));
#2893 = PCURVE('',#540,#2894);
#2894 = DEFINITIONAL_REPRESENTATION('',(#2895),#2898);
#2895 = B_SPLINE_CURVE_WITH_KNOTS('',1,(#2896,#2897),.UNSPECIFIED.,.F.,
  .F.,(2,2),(-12.0000006,6.000000070117E-07),.PIECEWISE_BEZIER_KNOTS.);
#2896 = CARTESIAN_POINT('',(-1.435771022912,-12.0000006));
#2897 = CARTESIAN_POINT('',(-1.435771022912,6.000000070117E-07));
#2898 = ( GEOMETRIC_REPRESENTATION_CONTEXT(2) 
PARAMETRIC_REPRESENTATION_CONTEXT() REPRESENTATION_CONTEXT('2D SPACE',''
  ) );
#2899 = PCURVE('',#513,#2900);
#2900 = DEFINITIONAL_REPRESENTATION('',(#2901),#2904);
#2901 = B_SPLINE_CURVE_WITH_KNOTS('',1,(#2902,#2903),.UNSPECIFIED.,.F.,
  .F.,(2,2),(-12.0000006,6.000000070117E-07),.PIECEWISE_BEZIER_KNOTS.);
#2902 = CARTESIAN_POINT('',(12.0000006,-21.15266921119));
#2903 = CARTESIAN_POINT('',(-6.000000070117E-07,-21.15266921119));
#2904 = ( GEOMETRIC_REPRESENTATION_CONTEXT(2) 
PARAMETRIC_REPRESENTATION_CONTEXT() REPRESENTATION_CONTEXT('2D SPACE',''
  ) );
#2905 = ORIENTED_EDGE('',*,*,#525,.T.);
#2906 = ORIENTED_EDGE('',*,*,#2863,.T.);
#2907 = ORIENTED_EDGE('',*,*,#2908,.F.);
#2908 = EDGE_CURVE('',#2886,#2836,#2909,.T.);
#2909 = SURFACE_CURVE('',#2910,(#2915,#2922),.PCURVE_S1.);
#2910 = CIRCLE('',#2911,5.2);
#2911 = AXIS2_PLACEMENT_3D('',#2912,#2913,#2914);
#2912 = CARTESIAN_POINT('',(76.8,-50.,93.));
#2913 = DIRECTION('',(0.,0.,1.));
#2914 = DIRECTION('',(1.,0.,0.));
#2915 = PCURVE('',#540,#2916);
#2916 = DEFINITIONAL_REPRESENTATION('',(#2917),#2921);
#2917 = LINE('',#2918,#2919);
#2918 = CARTESIAN_POINT('',(-0.,0.));
#2919 = VECTOR('',#2920,1.);
#2920 = DIRECTION('',(-1.,0.));
#2921 = ( GEOMETRIC_REPRESENTATION_CONTEXT(2) 
PARAMETRIC_REPRESENTATION_CONTEXT() REPRESENTATION_CONTEXT('2D SPACE',''
  ) );
#2922 = PCURVE('',#2851,#2923);
#2923 = DEFINITIONAL_REPRESENTATION('',(#2924),#2928);
#2924 = CIRCLE('',#2925,5.2);
#2925 = AXIS2_PLACEMENT_2D('',#2926,#2927);
#2926 = CARTESIAN_POINT('',(-0.7,16.));
#2927 = DIRECTION('',(1.,0.));
#2928 = ( GEOMETRIC_REPRESENTATION_CONTEXT(2) 
PARAMETRIC_REPRESENTATION_CONTEXT() REPRESENTATION_CONTEXT('2D SPACE',''
  ) );
#2929 = ADVANCED_FACE('',(#2930),#513,.F.);
#2930 = FACE_BOUND('',#2931,.F.);
#2931 = EDGE_LOOP('',(#2932,#2933,#2934,#2957));
#2932 = ORIENTED_EDGE('',*,*,#497,.F.);
#2933 = ORIENTED_EDGE('',*,*,#2885,.T.);
#2934 = ORIENTED_EDGE('',*,*,#2935,.T.);
#2935 = EDGE_CURVE('',#2886,#2936,#2938,.T.);
#2936 = VERTEX_POINT('',#2937);
#2937 = CARTESIAN_POINT('',(77.5,4.847330788805,93.));
#2938 = SURFACE_CURVE('',#2939,(#2943,#2950),.PCURVE_S1.);
#2939 = LINE('',#2940,#2941);
#2940 = CARTESIAN_POINT('',(77.5,-66.,93.));
#2941 = VECTOR('',#2942,1.);
#2942 = DIRECTION('',(0.,1.,0.));
#2943 = PCURVE('',#513,#2944);
#2944 = DEFINITIONAL_REPRESENTATION('',(#2945),#2949);
#2945 = LINE('',#2946,#2947);
#2946 = CARTESIAN_POINT('',(0.,0.));
#2947 = VECTOR('',#2948,1.);
#2948 = DIRECTION('',(0.,-1.));
#2949 = ( GEOMETRIC_REPRESENTATION_CONTEXT(2) 
PARAMETRIC_REPRESENTATION_CONTEXT() REPRESENTATION_CONTEXT('2D SPACE',''
  ) );
#2950 = PCURVE('',#2851,#2951);
#2951 = DEFINITIONAL_REPRESENTATION('',(#2952),#2956);
#2952 = LINE('',#2953,#2954);
#2953 = CARTESIAN_POINT('',(0.,0.));
#2954 = VECTOR('',#2955,1.);
#2955 = DIRECTION('',(0.,1.));
#2956 = ( GEOMETRIC_REPRESENTATION_CONTEXT(2) 
PARAMETRIC_REPRESENTATION_CONTEXT() REPRESENTATION_CONTEXT('2D SPACE',''
  ) );
#2957 = ORIENTED_EDGE('',*,*,#2958,.F.);
#2958 = EDGE_CURVE('',#469,#2936,#2959,.T.);
#2959 = SURFACE_CURVE('',#2960,(#2964,#2970),.PCURVE_S1.);
#2960 = LINE('',#2961,#2962);
#2961 = CARTESIAN_POINT('',(77.5,4.847330788805,93.));
#2962 = VECTOR('',#2963,1.);
#2963 = DIRECTION('',(-0.,-0.,-1.));
#2964 = PCURVE('',#513,#2965);
#2965 = DEFINITIONAL_REPRESENTATION('',(#2966),#2969);
#2966 = B_SPLINE_CURVE_WITH_KNOTS('',1,(#2967,#2968),.UNSPECIFIED.,.F.,
  .F.,(2,2),(-12.0000006,6.000000070117E-07),.PIECEWISE_BEZIER_KNOTS.);
#2967 = CARTESIAN_POINT('',(12.0000006,-70.8473307888));
#2968 = CARTESIAN_POINT('',(-6.000000070117E-07,-70.8473307888));
#2969 = ( GEOMETRIC_REPRESENTATION_CONTEXT(2) 
PARAMETRIC_REPRESENTATION_CONTEXT() REPRESENTATION_CONTEXT('2D SPACE',''
  ) );
#2970 = PCURVE('',#485,#2971);
#2971 = DEFINITIONAL_REPRESENTATION('',(#2972),#2975);
#2972 = B_SPLINE_CURVE_WITH_KNOTS('',1,(#2973,#2974),.UNSPECIFIED.,.F.,
  .F.,(2,2),(-12.0000006,6.000000070117E-07),.PIECEWISE_BEZIER_KNOTS.);
#2973 = CARTESIAN_POINT('',(-4.847414284267,-12.0000006));
#2974 = CARTESIAN_POINT('',(-4.847414284267,6.000000070117E-07));
#2975 = ( GEOMETRIC_REPRESENTATION_CONTEXT(2) 
PARAMETRIC_REPRESENTATION_CONTEXT() REPRESENTATION_CONTEXT('2D SPACE',''
  ) );
#2976 = ADVANCED_FACE('',(#2977),#485,.T.);
#2977 = FACE_BOUND('',#2978,.F.);
#2978 = EDGE_LOOP('',(#2979,#3000,#3001,#3002));
#2979 = ORIENTED_EDGE('',*,*,#2980,.F.);
#2980 = EDGE_CURVE('',#446,#2981,#2983,.T.);
#2981 = VERTEX_POINT('',#2982);
#2982 = CARTESIAN_POINT('',(77.5,15.152669211195,93.));
#2983 = SURFACE_CURVE('',#2984,(#2988,#2994),.PCURVE_S1.);
#2984 = LINE('',#2985,#2986);
#2985 = CARTESIAN_POINT('',(77.5,15.152669211195,93.));
#2986 = VECTOR('',#2987,1.);
#2987 = DIRECTION('',(-0.,-0.,-1.));
#2988 = PCURVE('',#485,#2989);
#2989 = DEFINITIONAL_REPRESENTATION('',(#2990),#2993);
#2990 = B_SPLINE_CURVE_WITH_KNOTS('',1,(#2991,#2992),.UNSPECIFIED.,.F.,
  .F.,(2,2),(-12.0000006,6.000000070117E-07),.PIECEWISE_BEZIER_KNOTS.);
#2991 = CARTESIAN_POINT('',(-1.435771022912,-12.0000006));
#2992 = CARTESIAN_POINT('',(-1.435771022912,6.000000070117E-07));
#2993 = ( GEOMETRIC_REPRESENTATION_CONTEXT(2) 
PARAMETRIC_REPRESENTATION_CONTEXT() REPRESENTATION_CONTEXT('2D SPACE',''
  ) );
#2994 = PCURVE('',#355,#2995);
#2995 = DEFINITIONAL_REPRESENTATION('',(#2996),#2999);
#2996 = B_SPLINE_CURVE_WITH_KNOTS('',1,(#2997,#2998),.UNSPECIFIED.,.F.,
  .F.,(2,2),(-12.0000006,6.000000070117E-07),.PIECEWISE_BEZIER_KNOTS.);
#2997 = CARTESIAN_POINT('',(12.0000006,-81.15266921119));
#2998 = CARTESIAN_POINT('',(-6.000000070117E-07,-81.15266921119));
#2999 = ( GEOMETRIC_REPRESENTATION_CONTEXT(2) 
PARAMETRIC_REPRESENTATION_CONTEXT() REPRESENTATION_CONTEXT('2D SPACE',''
  ) );
#3000 = ORIENTED_EDGE('',*,*,#468,.T.);
#3001 = ORIENTED_EDGE('',*,*,#2958,.T.);
#3002 = ORIENTED_EDGE('',*,*,#3003,.F.);
#3003 = EDGE_CURVE('',#2981,#2936,#3004,.T.);
#3004 = SURFACE_CURVE('',#3005,(#3010,#3017),.PCURVE_S1.);
#3005 = CIRCLE('',#3006,5.2);
#3006 = AXIS2_PLACEMENT_3D('',#3007,#3008,#3009);
#3007 = CARTESIAN_POINT('',(76.8,10.,93.));
#3008 = DIRECTION('',(0.,0.,1.));
#3009 = DIRECTION('',(1.,0.,0.));
#3010 = PCURVE('',#485,#3011);
#3011 = DEFINITIONAL_REPRESENTATION('',(#3012),#3016);
#3012 = LINE('',#3013,#3014);
#3013 = CARTESIAN_POINT('',(-0.,0.));
#3014 = VECTOR('',#3015,1.);
#3015 = DIRECTION('',(-1.,0.));
#3016 = ( GEOMETRIC_REPRESENTATION_CONTEXT(2) 
PARAMETRIC_REPRESENTATION_CONTEXT() REPRESENTATION_CONTEXT('2D SPACE',''
  ) );
#3017 = PCURVE('',#2851,#3018);
#3018 = DEFINITIONAL_REPRESENTATION('',(#3019),#3023);
#3019 = CIRCLE('',#3020,5.2);
#3020 = AXIS2_PLACEMENT_2D('',#3021,#3022);
#3021 = CARTESIAN_POINT('',(-0.7,76.));
#3022 = DIRECTION('',(1.,0.));
#3023 = ( GEOMETRIC_REPRESENTATION_CONTEXT(2) 
PARAMETRIC_REPRESENTATION_CONTEXT() REPRESENTATION_CONTEXT('2D SPACE',''
  ) );
#3024 = ADVANCED_FACE('',(#3025),#355,.F.);
#3025 = FACE_BOUND('',#3026,.F.);
#3026 = EDGE_LOOP('',(#3027,#3028,#3029,#3052,#3071,#3072,#3093,#3119));
#3027 = ORIENTED_EDGE('',*,*,#445,.F.);
#3028 = ORIENTED_EDGE('',*,*,#2980,.T.);
#3029 = ORIENTED_EDGE('',*,*,#3030,.T.);
#3030 = EDGE_CURVE('',#2981,#3031,#3033,.T.);
#3031 = VERTEX_POINT('',#3032);
#3032 = CARTESIAN_POINT('',(77.5,44.847330788805,93.));
#3033 = SURFACE_CURVE('',#3034,(#3038,#3045),.PCURVE_S1.);
#3034 = LINE('',#3035,#3036);
#3035 = CARTESIAN_POINT('',(77.5,-66.,93.));
#3036 = VECTOR('',#3037,1.);
#3037 = DIRECTION('',(0.,1.,0.));
#3038 = PCURVE('',#355,#3039);
#3039 = DEFINITIONAL_REPRESENTATION('',(#3040),#3044);
#3040 = LINE('',#3041,#3042);
#3041 = CARTESIAN_POINT('',(0.,0.));
#3042 = VECTOR('',#3043,1.);
#3043 = DIRECTION('',(0.,-1.));
#3044 = ( GEOMETRIC_REPRESENTATION_CONTEXT(2) 
PARAMETRIC_REPRESENTATION_CONTEXT() REPRESENTATION_CONTEXT('2D SPACE',''
  ) );
#3045 = PCURVE('',#2851,#3046);
#3046 = DEFINITIONAL_REPRESENTATION('',(#3047),#3051);
#3047 = LINE('',#3048,#3049);
#3048 = CARTESIAN_POINT('',(0.,0.));
#3049 = VECTOR('',#3050,1.);
#3050 = DIRECTION('',(0.,1.));
#3051 = ( GEOMETRIC_REPRESENTATION_CONTEXT(2) 
PARAMETRIC_REPRESENTATION_CONTEXT() REPRESENTATION_CONTEXT('2D SPACE',''
  ) );
#3052 = ORIENTED_EDGE('',*,*,#3053,.F.);
#3053 = EDGE_CURVE('',#311,#3031,#3054,.T.);
#3054 = SURFACE_CURVE('',#3055,(#3059,#3065),.PCURVE_S1.);
#3055 = LINE('',#3056,#3057);
#3056 = CARTESIAN_POINT('',(77.5,44.847330788805,93.));
#3057 = VECTOR('',#3058,1.);
#3058 = DIRECTION('',(-0.,-0.,-1.));
#3059 = PCURVE('',#355,#3060);
#3060 = DEFINITIONAL_REPRESENTATION('',(#3061),#3064);
#3061 = B_SPLINE_CURVE_WITH_KNOTS('',1,(#3062,#3063),.UNSPECIFIED.,.F.,
  .F.,(2,2),(-12.0000006,6.000000070117E-07),.PIECEWISE_BEZIER_KNOTS.);
#3062 = CARTESIAN_POINT('',(12.0000006,-110.8473307888));
#3063 = CARTESIAN_POINT('',(-6.000000070117E-07,-110.8473307888));
#3064 = ( GEOMETRIC_REPRESENTATION_CONTEXT(2) 
PARAMETRIC_REPRESENTATION_CONTEXT() REPRESENTATION_CONTEXT('2D SPACE',''
  ) );
#3065 = PCURVE('',#327,#3066);
#3066 = DEFINITIONAL_REPRESENTATION('',(#3067),#3070);
#3067 = B_SPLINE_CURVE_WITH_KNOTS('',1,(#3068,#3069),.UNSPECIFIED.,.F.,
  .F.,(2,2),(-12.0000006,6.000000070117E-07),.PIECEWISE_BEZIER_KNOTS.);
#3068 = CARTESIAN_POINT('',(-4.847414284267,-12.0000006));
#3069 = CARTESIAN_POINT('',(-4.847414284267,6.000000070117E-07));
#3070 = ( GEOMETRIC_REPRESENTATION_CONTEXT(2) 
PARAMETRIC_REPRESENTATION_CONTEXT() REPRESENTATION_CONTEXT('2D SPACE',''
  ) );
#3071 = ORIENTED_EDGE('',*,*,#339,.F.);
#3072 = ORIENTED_EDGE('',*,*,#3073,.F.);
#3073 = EDGE_CURVE('',#3074,#340,#3076,.T.);
#3074 = VERTEX_POINT('',#3075);
#3075 = CARTESIAN_POINT('',(77.5,32.,103.));
#3076 = SURFACE_CURVE('',#3077,(#3081,#3087),.PCURVE_S1.);
#3077 = LINE('',#3078,#3079);
#3078 = CARTESIAN_POINT('',(77.5,32.,98.));
#3079 = VECTOR('',#3080,1.);
#3080 = DIRECTION('',(0.,0.,1.));
#3081 = PCURVE('',#355,#3082);
#3082 = DEFINITIONAL_REPRESENTATION('',(#3083),#3086);
#3083 = B_SPLINE_CURVE_WITH_KNOTS('',1,(#3084,#3085),.UNSPECIFIED.,.F.,
  .F.,(2,2),(5.,7.),.PIECEWISE_BEZIER_KNOTS.);
#3084 = CARTESIAN_POINT('',(10.,-98.));
#3085 = CARTESIAN_POINT('',(12.,-98.));
#3086 = ( GEOMETRIC_REPRESENTATION_CONTEXT(2) 
PARAMETRIC_REPRESENTATION_CONTEXT() REPRESENTATION_CONTEXT('2D SPACE',''
  ) );
#3087 = PCURVE('',#382,#3088);
#3088 = DEFINITIONAL_REPRESENTATION('',(#3089),#3092);
#3089 = B_SPLINE_CURVE_WITH_KNOTS('',1,(#3090,#3091),.UNSPECIFIED.,.F.,
  .F.,(2,2),(5.,7.),.PIECEWISE_BEZIER_KNOTS.);
#3090 = CARTESIAN_POINT('',(0.,2.2));
#3091 = CARTESIAN_POINT('',(2.,2.2));
#3092 = ( GEOMETRIC_REPRESENTATION_CONTEXT(2) 
PARAMETRIC_REPRESENTATION_CONTEXT() REPRESENTATION_CONTEXT('2D SPACE',''
  ) );
#3093 = ORIENTED_EDGE('',*,*,#3094,.T.);
#3094 = EDGE_CURVE('',#3074,#3095,#3097,.T.);
#3095 = VERTEX_POINT('',#3096);
#3096 = CARTESIAN_POINT('',(77.5,18.,103.));
#3097 = SURFACE_CURVE('',#3098,(#3102,#3108),.PCURVE_S1.);
#3098 = LINE('',#3099,#3100);
#3099 = CARTESIAN_POINT('',(77.5,-24.,103.));
#3100 = VECTOR('',#3101,1.);
#3101 = DIRECTION('',(0.,-1.,0.));
#3102 = PCURVE('',#355,#3103);
#3103 = DEFINITIONAL_REPRESENTATION('',(#3104),#3107);
#3104 = B_SPLINE_CURVE_WITH_KNOTS('',1,(#3105,#3106),.UNSPECIFIED.,.F.,
  .F.,(2,2),(-56.,-42.),.PIECEWISE_BEZIER_KNOTS.);
#3105 = CARTESIAN_POINT('',(10.,-98.));
#3106 = CARTESIAN_POINT('',(10.,-84.));
#3107 = ( GEOMETRIC_REPRESENTATION_CONTEXT(2) 
PARAMETRIC_REPRESENTATION_CONTEXT() REPRESENTATION_CONTEXT('2D SPACE',''
  ) );
#3108 = PCURVE('',#3109,#3114);
#3109 = PLANE('',#3110);
#3110 = AXIS2_PLACEMENT_3D('',#3111,#3112,#3113);
#3111 = CARTESIAN_POINT('',(75.3,18.,103.));
#3112 = DIRECTION('',(0.,0.,1.));
#3113 = DIRECTION('',(1.,0.,0.));
#3114 = DEFINITIONAL_REPRESENTATION('',(#3115),#3118);
#3115 = B_SPLINE_CURVE_WITH_KNOTS('',1,(#3116,#3117),.UNSPECIFIED.,.F.,
  .F.,(2,2),(-56.,-42.),.PIECEWISE_BEZIER_KNOTS.);
#3116 = CARTESIAN_POINT('',(2.2,14.));
#3117 = CARTESIAN_POINT('',(2.2,0.));
#3118 = ( GEOMETRIC_REPRESENTATION_CONTEXT(2) 
PARAMETRIC_REPRESENTATION_CONTEXT() REPRESENTATION_CONTEXT('2D SPACE',''
  ) );
#3119 = ORIENTED_EDGE('',*,*,#3120,.T.);
#3120 = EDGE_CURVE('',#3095,#420,#3121,.T.);
#3121 = SURFACE_CURVE('',#3122,(#3126,#3132),.PCURVE_S1.);
#3122 = LINE('',#3123,#3124);
#3123 = CARTESIAN_POINT('',(77.5,18.,98.));
#3124 = VECTOR('',#3125,1.);
#3125 = DIRECTION('',(0.,0.,1.));
#3126 = PCURVE('',#355,#3127);
#3127 = DEFINITIONAL_REPRESENTATION('',(#3128),#3131);
#3128 = B_SPLINE_CURVE_WITH_KNOTS('',1,(#3129,#3130),.UNSPECIFIED.,.F.,
  .F.,(2,2),(5.,7.),.PIECEWISE_BEZIER_KNOTS.);
#3129 = CARTESIAN_POINT('',(10.,-84.));
#3130 = CARTESIAN_POINT('',(12.,-84.));
#3131 = ( GEOMETRIC_REPRESENTATION_CONTEXT(2) 
PARAMETRIC_REPRESENTATION_CONTEXT() REPRESENTATION_CONTEXT('2D SPACE',''
  ) );
#3132 = PCURVE('',#434,#3133);
#3133 = DEFINITIONAL_REPRESENTATION('',(#3134),#3137);
#3134 = B_SPLINE_CURVE_WITH_KNOTS('',1,(#3135,#3136),.UNSPECIFIED.,.F.,
  .F.,(2,2),(5.,7.),.PIECEWISE_BEZIER_KNOTS.);
#3135 = CARTESIAN_POINT('',(0.,2.2));
#3136 = CARTESIAN_POINT('',(2.,2.2));
#3137 = ( GEOMETRIC_REPRESENTATION_CONTEXT(2) 
PARAMETRIC_REPRESENTATION_CONTEXT() REPRESENTATION_CONTEXT('2D SPACE',''
  ) );
#3138 = ADVANCED_FACE('',(#3139),#434,.F.);
#3139 = FACE_BOUND('',#3140,.F.);
#3140 = EDGE_LOOP('',(#3141,#3164,#3192,#3220,#3241,#3242));
#3141 = ORIENTED_EDGE('',*,*,#3142,.F.);
#3142 = EDGE_CURVE('',#3143,#3095,#3145,.T.);
#3143 = VERTEX_POINT('',#3144);
#3144 = CARTESIAN_POINT('',(75.3,18.,103.));
#3145 = SURFACE_CURVE('',#3146,(#3150,#3157),.PCURVE_S1.);
#3146 = LINE('',#3147,#3148);
#3147 = CARTESIAN_POINT('',(75.3,18.,103.));
#3148 = VECTOR('',#3149,1.);
#3149 = DIRECTION('',(1.,0.,0.));
#3150 = PCURVE('',#434,#3151);
#3151 = DEFINITIONAL_REPRESENTATION('',(#3152),#3156);
#3152 = LINE('',#3153,#3154);
#3153 = CARTESIAN_POINT('',(0.,0.));
#3154 = VECTOR('',#3155,1.);
#3155 = DIRECTION('',(0.,1.));
#3156 = ( GEOMETRIC_REPRESENTATION_CONTEXT(2) 
PARAMETRIC_REPRESENTATION_CONTEXT() REPRESENTATION_CONTEXT('2D SPACE',''
  ) );
#3157 = PCURVE('',#3109,#3158);
#3158 = DEFINITIONAL_REPRESENTATION('',(#3159),#3163);
#3159 = LINE('',#3160,#3161);
#3160 = CARTESIAN_POINT('',(0.,0.));
#3161 = VECTOR('',#3162,1.);
#3162 = DIRECTION('',(1.,0.));
#3163 = ( GEOMETRIC_REPRESENTATION_CONTEXT(2) 
PARAMETRIC_REPRESENTATION_CONTEXT() REPRESENTATION_CONTEXT('2D SPACE',''
  ) );
#3164 = ORIENTED_EDGE('',*,*,#3165,.T.);
#3165 = EDGE_CURVE('',#3143,#3166,#3168,.T.);
#3166 = VERTEX_POINT('',#3167);
#3167 = CARTESIAN_POINT('',(75.3,18.,111.));
#3168 = SURFACE_CURVE('',#3169,(#3173,#3180),.PCURVE_S1.);
#3169 = LINE('',#3170,#3171);
#3170 = CARTESIAN_POINT('',(75.3,18.,103.));
#3171 = VECTOR('',#3172,1.);
#3172 = DIRECTION('',(0.,0.,1.));
#3173 = PCURVE('',#434,#3174);
#3174 = DEFINITIONAL_REPRESENTATION('',(#3175),#3179);
#3175 = LINE('',#3176,#3177);
#3176 = CARTESIAN_POINT('',(0.,0.));
#3177 = VECTOR('',#3178,1.);
#3178 = DIRECTION('',(1.,0.));
#3179 = ( GEOMETRIC_REPRESENTATION_CONTEXT(2) 
PARAMETRIC_REPRESENTATION_CONTEXT() REPRESENTATION_CONTEXT('2D SPACE',''
  ) );
#3180 = PCURVE('',#3181,#3186);
#3181 = PLANE('',#3182);
#3182 = AXIS2_PLACEMENT_3D('',#3183,#3184,#3185);
#3183 = CARTESIAN_POINT('',(75.3,18.,103.));
#3184 = DIRECTION('',(1.,0.,0.));
#3185 = DIRECTION('',(0.,0.,1.));
#3186 = DEFINITIONAL_REPRESENTATION('',(#3187),#3191);
#3187 = LINE('',#3188,#3189);
#3188 = CARTESIAN_POINT('',(0.,0.));
#3189 = VECTOR('',#3190,1.);
#3190 = DIRECTION('',(1.,0.));
#3191 = ( GEOMETRIC_REPRESENTATION_CONTEXT(2) 
PARAMETRIC_REPRESENTATION_CONTEXT() REPRESENTATION_CONTEXT('2D SPACE',''
  ) );
#3192 = ORIENTED_EDGE('',*,*,#3193,.T.);
#3193 = EDGE_CURVE('',#3166,#3194,#3196,.T.);
#3194 = VERTEX_POINT('',#3195);
#3195 = CARTESIAN_POINT('',(80.3,18.,111.));
#3196 = SURFACE_CURVE('',#3197,(#3201,#3208),.PCURVE_S1.);
#3197 = LINE('',#3198,#3199);
#3198 = CARTESIAN_POINT('',(75.3,18.,111.));
#3199 = VECTOR('',#3200,1.);
#3200 = DIRECTION('',(1.,0.,0.));
#3201 = PCURVE('',#434,#3202);
#3202 = DEFINITIONAL_REPRESENTATION('',(#3203),#3207);
#3203 = LINE('',#3204,#3205);
#3204 = CARTESIAN_POINT('',(8.,0.));
#3205 = VECTOR('',#3206,1.);
#3206 = DIRECTION('',(0.,1.));
#3207 = ( GEOMETRIC_REPRESENTATION_CONTEXT(2) 
PARAMETRIC_REPRESENTATION_CONTEXT() REPRESENTATION_CONTEXT('2D SPACE',''
  ) );
#3208 = PCURVE('',#3209,#3214);
#3209 = PLANE('',#3210);
#3210 = AXIS2_PLACEMENT_3D('',#3211,#3212,#3213);
#3211 = CARTESIAN_POINT('',(75.3,18.,111.));
#3212 = DIRECTION('',(0.,0.,1.));
#3213 = DIRECTION('',(1.,0.,0.));
#3214 = DEFINITIONAL_REPRESENTATION('',(#3215),#3219);
#3215 = LINE('',#3216,#3217);
#3216 = CARTESIAN_POINT('',(0.,0.));
#3217 = VECTOR('',#3218,1.);
#3218 = DIRECTION('',(1.,0.));
#3219 = ( GEOMETRIC_REPRESENTATION_CONTEXT(2) 
PARAMETRIC_REPRESENTATION_CONTEXT() REPRESENTATION_CONTEXT('2D SPACE',''
  ) );
#3220 = ORIENTED_EDGE('',*,*,#3221,.F.);
#3221 = EDGE_CURVE('',#394,#3194,#3222,.T.);
#3222 = SURFACE_CURVE('',#3223,(#3227,#3234),.PCURVE_S1.);
#3223 = LINE('',#3224,#3225);
#3224 = CARTESIAN_POINT('',(80.3,18.,103.));
#3225 = VECTOR('',#3226,1.);
#3226 = DIRECTION('',(0.,0.,1.));
#3227 = PCURVE('',#434,#3228);
#3228 = DEFINITIONAL_REPRESENTATION('',(#3229),#3233);
#3229 = LINE('',#3230,#3231);
#3230 = CARTESIAN_POINT('',(0.,5.));
#3231 = VECTOR('',#3232,1.);
#3232 = DIRECTION('',(1.,0.));
#3233 = ( GEOMETRIC_REPRESENTATION_CONTEXT(2) 
PARAMETRIC_REPRESENTATION_CONTEXT() REPRESENTATION_CONTEXT('2D SPACE',''
  ) );
#3234 = PCURVE('',#408,#3235);
#3235 = DEFINITIONAL_REPRESENTATION('',(#3236),#3240);
#3236 = LINE('',#3237,#3238);
#3237 = CARTESIAN_POINT('',(0.,0.));
#3238 = VECTOR('',#3239,1.);
#3239 = DIRECTION('',(1.,0.));
#3240 = ( GEOMETRIC_REPRESENTATION_CONTEXT(2) 
PARAMETRIC_REPRESENTATION_CONTEXT() REPRESENTATION_CONTEXT('2D SPACE',''
  ) );
#3241 = ORIENTED_EDGE('',*,*,#419,.T.);
#3242 = ORIENTED_EDGE('',*,*,#3120,.F.);
#3243 = ADVANCED_FACE('',(#3244),#408,.T.);
#3244 = FACE_BOUND('',#3245,.T.);
#3245 = EDGE_LOOP('',(#3246,#3247,#3248,#3271));
#3246 = ORIENTED_EDGE('',*,*,#3221,.F.);
#3247 = ORIENTED_EDGE('',*,*,#393,.T.);
#3248 = ORIENTED_EDGE('',*,*,#3249,.T.);
#3249 = EDGE_CURVE('',#368,#3250,#3252,.T.);
#3250 = VERTEX_POINT('',#3251);
#3251 = CARTESIAN_POINT('',(80.3,32.,111.));
#3252 = SURFACE_CURVE('',#3253,(#3257,#3264),.PCURVE_S1.);
#3253 = LINE('',#3254,#3255);
#3254 = CARTESIAN_POINT('',(80.3,32.,103.));
#3255 = VECTOR('',#3256,1.);
#3256 = DIRECTION('',(0.,0.,1.));
#3257 = PCURVE('',#408,#3258);
#3258 = DEFINITIONAL_REPRESENTATION('',(#3259),#3263);
#3259 = LINE('',#3260,#3261);
#3260 = CARTESIAN_POINT('',(0.,-14.));
#3261 = VECTOR('',#3262,1.);
#3262 = DIRECTION('',(1.,0.));
#3263 = ( GEOMETRIC_REPRESENTATION_CONTEXT(2) 
PARAMETRIC_REPRESENTATION_CONTEXT() REPRESENTATION_CONTEXT('2D SPACE',''
  ) );
#3264 = PCURVE('',#382,#3265);
#3265 = DEFINITIONAL_REPRESENTATION('',(#3266),#3270);
#3266 = LINE('',#3267,#3268);
#3267 = CARTESIAN_POINT('',(0.,5.));
#3268 = VECTOR('',#3269,1.);
#3269 = DIRECTION('',(1.,0.));
#3270 = ( GEOMETRIC_REPRESENTATION_CONTEXT(2) 
PARAMETRIC_REPRESENTATION_CONTEXT() REPRESENTATION_CONTEXT('2D SPACE',''
  ) );
#3271 = ORIENTED_EDGE('',*,*,#3272,.F.);
#3272 = EDGE_CURVE('',#3194,#3250,#3273,.T.);
#3273 = SURFACE_CURVE('',#3274,(#3278,#3285),.PCURVE_S1.);
#3274 = LINE('',#3275,#3276);
#3275 = CARTESIAN_POINT('',(80.3,18.,111.));
#3276 = VECTOR('',#3277,1.);
#3277 = DIRECTION('',(0.,1.,0.));
#3278 = PCURVE('',#408,#3279);
#3279 = DEFINITIONAL_REPRESENTATION('',(#3280),#3284);
#3280 = LINE('',#3281,#3282);
#3281 = CARTESIAN_POINT('',(8.,0.));
#3282 = VECTOR('',#3283,1.);
#3283 = DIRECTION('',(0.,-1.));
#3284 = ( GEOMETRIC_REPRESENTATION_CONTEXT(2) 
PARAMETRIC_REPRESENTATION_CONTEXT() REPRESENTATION_CONTEXT('2D SPACE',''
  ) );
#3285 = PCURVE('',#3209,#3286);
#3286 = DEFINITIONAL_REPRESENTATION('',(#3287),#3291);
#3287 = LINE('',#3288,#3289);
#3288 = CARTESIAN_POINT('',(5.,0.));
#3289 = VECTOR('',#3290,1.);
#3290 = DIRECTION('',(0.,1.));
#3291 = ( GEOMETRIC_REPRESENTATION_CONTEXT(2) 
PARAMETRIC_REPRESENTATION_CONTEXT() REPRESENTATION_CONTEXT('2D SPACE',''
  ) );
#3292 = ADVANCED_FACE('',(#3293),#382,.T.);
#3293 = FACE_BOUND('',#3294,.T.);
#3294 = EDGE_LOOP('',(#3295,#3318,#3341,#3362,#3363,#3364));
#3295 = ORIENTED_EDGE('',*,*,#3296,.F.);
#3296 = EDGE_CURVE('',#3297,#3074,#3299,.T.);
#3297 = VERTEX_POINT('',#3298);
#3298 = CARTESIAN_POINT('',(75.3,32.,103.));
#3299 = SURFACE_CURVE('',#3300,(#3304,#3311),.PCURVE_S1.);
#3300 = LINE('',#3301,#3302);
#3301 = CARTESIAN_POINT('',(75.3,32.,103.));
#3302 = VECTOR('',#3303,1.);
#3303 = DIRECTION('',(1.,0.,0.));
#3304 = PCURVE('',#382,#3305);
#3305 = DEFINITIONAL_REPRESENTATION('',(#3306),#3310);
#3306 = LINE('',#3307,#3308);
#3307 = CARTESIAN_POINT('',(0.,0.));
#3308 = VECTOR('',#3309,1.);
#3309 = DIRECTION('',(0.,1.));
#3310 = ( GEOMETRIC_REPRESENTATION_CONTEXT(2) 
PARAMETRIC_REPRESENTATION_CONTEXT() REPRESENTATION_CONTEXT('2D SPACE',''
  ) );
#3311 = PCURVE('',#3109,#3312);
#3312 = DEFINITIONAL_REPRESENTATION('',(#3313),#3317);
#3313 = LINE('',#3314,#3315);
#3314 = CARTESIAN_POINT('',(0.,14.));
#3315 = VECTOR('',#3316,1.);
#3316 = DIRECTION('',(1.,0.));
#3317 = ( GEOMETRIC_REPRESENTATION_CONTEXT(2) 
PARAMETRIC_REPRESENTATION_CONTEXT() REPRESENTATION_CONTEXT('2D SPACE',''
  ) );
#3318 = ORIENTED_EDGE('',*,*,#3319,.T.);
#3319 = EDGE_CURVE('',#3297,#3320,#3322,.T.);
#3320 = VERTEX_POINT('',#3321);
#3321 = CARTESIAN_POINT('',(75.3,32.,111.));
#3322 = SURFACE_CURVE('',#3323,(#3327,#3334),.PCURVE_S1.);
#3323 = LINE('',#3324,#3325);
#3324 = CARTESIAN_POINT('',(75.3,32.,103.));
#3325 = VECTOR('',#3326,1.);
#3326 = DIRECTION('',(0.,0.,1.));
#3327 = PCURVE('',#382,#3328);
#3328 = DEFINITIONAL_REPRESENTATION('',(#3329),#3333);
#3329 = LINE('',#3330,#3331);
#3330 = CARTESIAN_POINT('',(0.,0.));
#3331 = VECTOR('',#3332,1.);
#3332 = DIRECTION('',(1.,0.));
#3333 = ( GEOMETRIC_REPRESENTATION_CONTEXT(2) 
PARAMETRIC_REPRESENTATION_CONTEXT() REPRESENTATION_CONTEXT('2D SPACE',''
  ) );
#3334 = PCURVE('',#3181,#3335);
#3335 = DEFINITIONAL_REPRESENTATION('',(#3336),#3340);
#3336 = LINE('',#3337,#3338);
#3337 = CARTESIAN_POINT('',(0.,-14.));
#3338 = VECTOR('',#3339,1.);
#3339 = DIRECTION('',(1.,0.));
#3340 = ( GEOMETRIC_REPRESENTATION_CONTEXT(2) 
PARAMETRIC_REPRESENTATION_CONTEXT() REPRESENTATION_CONTEXT('2D SPACE',''
  ) );
#3341 = ORIENTED_EDGE('',*,*,#3342,.T.);
#3342 = EDGE_CURVE('',#3320,#3250,#3343,.T.);
#3343 = SURFACE_CURVE('',#3344,(#3348,#3355),.PCURVE_S1.);
#3344 = LINE('',#3345,#3346);
#3345 = CARTESIAN_POINT('',(75.3,32.,111.));
#3346 = VECTOR('',#3347,1.);
#3347 = DIRECTION('',(1.,0.,0.));
#3348 = PCURVE('',#382,#3349);
#3349 = DEFINITIONAL_REPRESENTATION('',(#3350),#3354);
#3350 = LINE('',#3351,#3352);
#3351 = CARTESIAN_POINT('',(8.,0.));
#3352 = VECTOR('',#3353,1.);
#3353 = DIRECTION('',(0.,1.));
#3354 = ( GEOMETRIC_REPRESENTATION_CONTEXT(2) 
PARAMETRIC_REPRESENTATION_CONTEXT() REPRESENTATION_CONTEXT('2D SPACE',''
  ) );
#3355 = PCURVE('',#3209,#3356);
#3356 = DEFINITIONAL_REPRESENTATION('',(#3357),#3361);
#3357 = LINE('',#3358,#3359);
#3358 = CARTESIAN_POINT('',(0.,14.));
#3359 = VECTOR('',#3360,1.);
#3360 = DIRECTION('',(1.,0.));
#3361 = ( GEOMETRIC_REPRESENTATION_CONTEXT(2) 
PARAMETRIC_REPRESENTATION_CONTEXT() REPRESENTATION_CONTEXT('2D SPACE',''
  ) );
#3362 = ORIENTED_EDGE('',*,*,#3249,.F.);
#3363 = ORIENTED_EDGE('',*,*,#367,.T.);
#3364 = ORIENTED_EDGE('',*,*,#3073,.F.);
#3365 = ADVANCED_FACE('',(#3366),#327,.T.);
#3366 = FACE_BOUND('',#3367,.F.);
#3367 = EDGE_LOOP('',(#3368,#3389,#3390,#3391));
#3368 = ORIENTED_EDGE('',*,*,#3369,.F.);
#3369 = EDGE_CURVE('',#283,#3370,#3372,.T.);
#3370 = VERTEX_POINT('',#3371);
#3371 = CARTESIAN_POINT('',(77.5,55.152669211195,93.));
#3372 = SURFACE_CURVE('',#3373,(#3377,#3383),.PCURVE_S1.);
#3373 = LINE('',#3374,#3375);
#3374 = CARTESIAN_POINT('',(77.5,55.152669211195,93.));
#3375 = VECTOR('',#3376,1.);
#3376 = DIRECTION('',(-0.,-0.,-1.));
#3377 = PCURVE('',#327,#3378);
#3378 = DEFINITIONAL_REPRESENTATION('',(#3379),#3382);
#3379 = B_SPLINE_CURVE_WITH_KNOTS('',1,(#3380,#3381),.UNSPECIFIED.,.F.,
  .F.,(2,2),(-12.0000006,6.000000070117E-07),.PIECEWISE_BEZIER_KNOTS.);
#3380 = CARTESIAN_POINT('',(-1.435771022912,-12.0000006));
#3381 = CARTESIAN_POINT('',(-1.435771022912,6.000000070117E-07));
#3382 = ( GEOMETRIC_REPRESENTATION_CONTEXT(2) 
PARAMETRIC_REPRESENTATION_CONTEXT() REPRESENTATION_CONTEXT('2D SPACE',''
  ) );
#3383 = PCURVE('',#298,#3384);
#3384 = DEFINITIONAL_REPRESENTATION('',(#3385),#3388);
#3385 = B_SPLINE_CURVE_WITH_KNOTS('',1,(#3386,#3387),.UNSPECIFIED.,.F.,
  .F.,(2,2),(-12.0000006,6.000000070117E-07),.PIECEWISE_BEZIER_KNOTS.);
#3386 = CARTESIAN_POINT('',(12.0000006,-121.1526692111));
#3387 = CARTESIAN_POINT('',(-6.000000070117E-07,-121.1526692111));
#3388 = ( GEOMETRIC_REPRESENTATION_CONTEXT(2) 
PARAMETRIC_REPRESENTATION_CONTEXT() REPRESENTATION_CONTEXT('2D SPACE',''
  ) );
#3389 = ORIENTED_EDGE('',*,*,#310,.T.);
#3390 = ORIENTED_EDGE('',*,*,#3053,.T.);
#3391 = ORIENTED_EDGE('',*,*,#3392,.F.);
#3392 = EDGE_CURVE('',#3370,#3031,#3393,.T.);
#3393 = SURFACE_CURVE('',#3394,(#3399,#3406),.PCURVE_S1.);
#3394 = CIRCLE('',#3395,5.2);
#3395 = AXIS2_PLACEMENT_3D('',#3396,#3397,#3398);
#3396 = CARTESIAN_POINT('',(76.8,50.,93.));
#3397 = DIRECTION('',(0.,0.,1.));
#3398 = DIRECTION('',(1.,0.,0.));
#3399 = PCURVE('',#327,#3400);
#3400 = DEFINITIONAL_REPRESENTATION('',(#3401),#3405);
#3401 = LINE('',#3402,#3403);
#3402 = CARTESIAN_POINT('',(-0.,0.));
#3403 = VECTOR('',#3404,1.);
#3404 = DIRECTION('',(-1.,0.));
#3405 = ( GEOMETRIC_REPRESENTATION_CONTEXT(2) 
PARAMETRIC_REPRESENTATION_CONTEXT() REPRESENTATION_CONTEXT('2D SPACE',''
  ) );
#3406 = PCURVE('',#2851,#3407);
#3407 = DEFINITIONAL_REPRESENTATION('',(#3408),#3412);
#3408 = CIRCLE('',#3409,5.2);
#3409 = AXIS2_PLACEMENT_2D('',#3410,#3411);
#3410 = CARTESIAN_POINT('',(-0.7,116.));
#3411 = DIRECTION('',(1.,0.));
#3412 = ( GEOMETRIC_REPRESENTATION_CONTEXT(2) 
PARAMETRIC_REPRESENTATION_CONTEXT() REPRESENTATION_CONTEXT('2D SPACE',''
  ) );
#3413 = ADVANCED_FACE('',(#3414),#298,.F.);
#3414 = FACE_BOUND('',#3415,.F.);
#3415 = EDGE_LOOP('',(#3416,#3417,#3418,#3441));
#3416 = ORIENTED_EDGE('',*,*,#282,.F.);
#3417 = ORIENTED_EDGE('',*,*,#3369,.T.);
#3418 = ORIENTED_EDGE('',*,*,#3419,.T.);
#3419 = EDGE_CURVE('',#3370,#3420,#3422,.T.);
#3420 = VERTEX_POINT('',#3421);
#3421 = CARTESIAN_POINT('',(77.5,66.,93.));
#3422 = SURFACE_CURVE('',#3423,(#3427,#3434),.PCURVE_S1.);
#3423 = LINE('',#3424,#3425);
#3424 = CARTESIAN_POINT('',(77.5,-66.,93.));
#3425 = VECTOR('',#3426,1.);
#3426 = DIRECTION('',(0.,1.,0.));
#3427 = PCURVE('',#298,#3428);
#3428 = DEFINITIONAL_REPRESENTATION('',(#3429),#3433);
#3429 = LINE('',#3430,#3431);
#3430 = CARTESIAN_POINT('',(0.,0.));
#3431 = VECTOR('',#3432,1.);
#3432 = DIRECTION('',(0.,-1.));
#3433 = ( GEOMETRIC_REPRESENTATION_CONTEXT(2) 
PARAMETRIC_REPRESENTATION_CONTEXT() REPRESENTATION_CONTEXT('2D SPACE',''
  ) );
#3434 = PCURVE('',#2851,#3435);
#3435 = DEFINITIONAL_REPRESENTATION('',(#3436),#3440);
#3436 = LINE('',#3437,#3438);
#3437 = CARTESIAN_POINT('',(0.,0.));
#3438 = VECTOR('',#3439,1.);
#3439 = DIRECTION('',(0.,1.));
#3440 = ( GEOMETRIC_REPRESENTATION_CONTEXT(2) 
PARAMETRIC_REPRESENTATION_CONTEXT() REPRESENTATION_CONTEXT('2D SPACE',''
  ) );
#3441 = ORIENTED_EDGE('',*,*,#3442,.T.);
#3442 = EDGE_CURVE('',#3420,#255,#3443,.T.);
#3443 = SURFACE_CURVE('',#3444,(#3448,#3455),.PCURVE_S1.);
#3444 = LINE('',#3445,#3446);
#3445 = CARTESIAN_POINT('',(77.5,66.,93.));
#3446 = VECTOR('',#3447,1.);
#3447 = DIRECTION('',(0.,0.,1.));
#3448 = PCURVE('',#298,#3449);
#3449 = DEFINITIONAL_REPRESENTATION('',(#3450),#3454);
#3450 = LINE('',#3451,#3452);
#3451 = CARTESIAN_POINT('',(0.,-132.));
#3452 = VECTOR('',#3453,1.);
#3453 = DIRECTION('',(1.,0.));
#3454 = ( GEOMETRIC_REPRESENTATION_CONTEXT(2) 
PARAMETRIC_REPRESENTATION_CONTEXT() REPRESENTATION_CONTEXT('2D SPACE',''
  ) );
#3455 = PCURVE('',#270,#3456);
#3456 = DEFINITIONAL_REPRESENTATION('',(#3457),#3461);
#3457 = LINE('',#3458,#3459);
#3458 = CARTESIAN_POINT('',(0.,0.));
#3459 = VECTOR('',#3460,1.);
#3460 = DIRECTION('',(1.,0.));
#3461 = ( GEOMETRIC_REPRESENTATION_CONTEXT(2) 
PARAMETRIC_REPRESENTATION_CONTEXT() REPRESENTATION_CONTEXT('2D SPACE',''
  ) );
#3462 = ADVANCED_FACE('',(#3463),#270,.T.);
#3463 = FACE_BOUND('',#3464,.T.);
#3464 = EDGE_LOOP('',(#3465,#3488,#3489,#3490,#3491,#3512));
#3465 = ORIENTED_EDGE('',*,*,#3466,.F.);
#3466 = EDGE_CURVE('',#3420,#3467,#3469,.T.);
#3467 = VERTEX_POINT('',#3468);
#3468 = CARTESIAN_POINT('',(77.900773180469,66.,93.));
#3469 = SURFACE_CURVE('',#3470,(#3474,#3481),.PCURVE_S1.);
#3470 = LINE('',#3471,#3472);
#3471 = CARTESIAN_POINT('',(77.5,66.,93.));
#3472 = VECTOR('',#3473,1.);
#3473 = DIRECTION('',(1.,0.,0.));
#3474 = PCURVE('',#270,#3475);
#3475 = DEFINITIONAL_REPRESENTATION('',(#3476),#3480);
#3476 = LINE('',#3477,#3478);
#3477 = CARTESIAN_POINT('',(0.,0.));
#3478 = VECTOR('',#3479,1.);
#3479 = DIRECTION('',(0.,1.));
#3480 = ( GEOMETRIC_REPRESENTATION_CONTEXT(2) 
PARAMETRIC_REPRESENTATION_CONTEXT() REPRESENTATION_CONTEXT('2D SPACE',''
  ) );
#3481 = PCURVE('',#2851,#3482);
#3482 = DEFINITIONAL_REPRESENTATION('',(#3483),#3487);
#3483 = LINE('',#3484,#3485);
#3484 = CARTESIAN_POINT('',(0.,132.));
#3485 = VECTOR('',#3486,1.);
#3486 = DIRECTION('',(1.,0.));
#3487 = ( GEOMETRIC_REPRESENTATION_CONTEXT(2) 
PARAMETRIC_REPRESENTATION_CONTEXT() REPRESENTATION_CONTEXT('2D SPACE',''
  ) );
#3488 = ORIENTED_EDGE('',*,*,#3442,.T.);
#3489 = ORIENTED_EDGE('',*,*,#254,.T.);
#3490 = ORIENTED_EDGE('',*,*,#648,.T.);
#3491 = ORIENTED_EDGE('',*,*,#3492,.T.);
#3492 = EDGE_CURVE('',#649,#3493,#3495,.T.);
#3493 = VERTEX_POINT('',#3494);
#3494 = CARTESIAN_POINT('',(77.900773180469,66.,104.6));
#3495 = SURFACE_CURVE('',#3496,(#3500,#3506),.PCURVE_S1.);
#3496 = LINE('',#3497,#3498);
#3497 = CARTESIAN_POINT('',(9.5,66.,104.6));
#3498 = VECTOR('',#3499,1.);
#3499 = DIRECTION('',(-1.,0.,0.));
#3500 = PCURVE('',#270,#3501);
#3501 = DEFINITIONAL_REPRESENTATION('',(#3502),#3505);
#3502 = B_SPLINE_CURVE_WITH_KNOTS('',1,(#3503,#3504),.UNSPECIFIED.,.F.,
  .F.,(2,2),(-73.,-68.),.PIECEWISE_BEZIER_KNOTS.);
#3503 = CARTESIAN_POINT('',(11.6,5.));
#3504 = CARTESIAN_POINT('',(11.6,0.));
#3505 = ( GEOMETRIC_REPRESENTATION_CONTEXT(2) 
PARAMETRIC_REPRESENTATION_CONTEXT() REPRESENTATION_CONTEXT('2D SPACE',''
  ) );
#3506 = PCURVE('',#686,#3507);
#3507 = DEFINITIONAL_REPRESENTATION('',(#3508),#3511);
#3508 = B_SPLINE_CURVE_WITH_KNOTS('',1,(#3509,#3510),.UNSPECIFIED.,.F.,
  .F.,(2,2),(-73.,-68.),.PIECEWISE_BEZIER_KNOTS.);
#3509 = CARTESIAN_POINT('',(141.,148.5));
#3510 = CARTESIAN_POINT('',(136.,148.5));
#3511 = ( GEOMETRIC_REPRESENTATION_CONTEXT(2) 
PARAMETRIC_REPRESENTATION_CONTEXT() REPRESENTATION_CONTEXT('2D SPACE',''
  ) );
#3512 = ORIENTED_EDGE('',*,*,#3513,.T.);
#3513 = EDGE_CURVE('',#3493,#3467,#3514,.T.);
#3514 = SURFACE_CURVE('',#3515,(#3519,#3525),.PCURVE_S1.);
#3515 = LINE('',#3516,#3517);
#3516 = CARTESIAN_POINT('',(77.900773180469,66.,13.));
#3517 = VECTOR('',#3518,1.);
#3518 = DIRECTION('',(-0.,-0.,-1.));
#3519 = PCURVE('',#270,#3520);
#3520 = DEFINITIONAL_REPRESENTATION('',(#3521),#3524);
#3521 = B_SPLINE_CURVE_WITH_KNOTS('',1,(#3522,#3523),.UNSPECIFIED.,.F.,
  .F.,(2,2),(-91.6000006,-78.8),.PIECEWISE_BEZIER_KNOTS.);
#3522 = CARTESIAN_POINT('',(11.6000006,0.400773180469));
#3523 = CARTESIAN_POINT('',(-1.2,0.400773180469));
#3524 = ( GEOMETRIC_REPRESENTATION_CONTEXT(2) 
PARAMETRIC_REPRESENTATION_CONTEXT() REPRESENTATION_CONTEXT('2D SPACE',''
  ) );
#3525 = PCURVE('',#1262,#3526);
#3526 = DEFINITIONAL_REPRESENTATION('',(#3527),#3530);
#3527 = B_SPLINE_CURVE_WITH_KNOTS('',1,(#3528,#3529),.UNSPECIFIED.,.F.,
  .F.,(2,2),(-91.6000006,-78.8),.PIECEWISE_BEZIER_KNOTS.);
#3528 = CARTESIAN_POINT('',(-0.368886351594,-91.6000006));
#3529 = CARTESIAN_POINT('',(-0.368886351594,-78.8));
#3530 = ( GEOMETRIC_REPRESENTATION_CONTEXT(2) 
PARAMETRIC_REPRESENTATION_CONTEXT() REPRESENTATION_CONTEXT('2D SPACE',''
  ) );
#3531 = ADVANCED_FACE('',(#3532),#187,.F.);
#3532 = FACE_BOUND('',#3533,.F.);
#3533 = EDGE_LOOP('',(#3534,#3557,#3558,#3559,#3560,#3581));
#3534 = ORIENTED_EDGE('',*,*,#3535,.F.);
#3535 = EDGE_CURVE('',#2813,#3536,#3538,.T.);
#3536 = VERTEX_POINT('',#3537);
#3537 = CARTESIAN_POINT('',(77.900773180469,-66.,93.));
#3538 = SURFACE_CURVE('',#3539,(#3543,#3550),.PCURVE_S1.);
#3539 = LINE('',#3540,#3541);
#3540 = CARTESIAN_POINT('',(77.5,-66.,93.));
#3541 = VECTOR('',#3542,1.);
#3542 = DIRECTION('',(1.,0.,0.));
#3543 = PCURVE('',#187,#3544);
#3544 = DEFINITIONAL_REPRESENTATION('',(#3545),#3549);
#3545 = LINE('',#3546,#3547);
#3546 = CARTESIAN_POINT('',(0.,0.));
#3547 = VECTOR('',#3548,1.);
#3548 = DIRECTION('',(0.,1.));
#3549 = ( GEOMETRIC_REPRESENTATION_CONTEXT(2) 
PARAMETRIC_REPRESENTATION_CONTEXT() REPRESENTATION_CONTEXT('2D SPACE',''
  ) );
#3550 = PCURVE('',#2851,#3551);
#3551 = DEFINITIONAL_REPRESENTATION('',(#3552),#3556);
#3552 = LINE('',#3553,#3554);
#3553 = CARTESIAN_POINT('',(0.,0.));
#3554 = VECTOR('',#3555,1.);
#3555 = DIRECTION('',(1.,0.));
#3556 = ( GEOMETRIC_REPRESENTATION_CONTEXT(2) 
PARAMETRIC_REPRESENTATION_CONTEXT() REPRESENTATION_CONTEXT('2D SPACE',''
  ) );
#3557 = ORIENTED_EDGE('',*,*,#2812,.T.);
#3558 = ORIENTED_EDGE('',*,*,#171,.T.);
#3559 = ORIENTED_EDGE('',*,*,#2787,.T.);
#3560 = ORIENTED_EDGE('',*,*,#3561,.T.);
#3561 = EDGE_CURVE('',#2759,#3562,#3564,.T.);
#3562 = VERTEX_POINT('',#3563);
#3563 = CARTESIAN_POINT('',(77.900773180469,-66.,104.6));
#3564 = SURFACE_CURVE('',#3565,(#3569,#3575),.PCURVE_S1.);
#3565 = LINE('',#3566,#3567);
#3566 = CARTESIAN_POINT('',(9.5,-66.,104.6));
#3567 = VECTOR('',#3568,1.);
#3568 = DIRECTION('',(-1.,0.,0.));
#3569 = PCURVE('',#187,#3570);
#3570 = DEFINITIONAL_REPRESENTATION('',(#3571),#3574);
#3571 = B_SPLINE_CURVE_WITH_KNOTS('',1,(#3572,#3573),.UNSPECIFIED.,.F.,
  .F.,(2,2),(-73.,-68.),.PIECEWISE_BEZIER_KNOTS.);
#3572 = CARTESIAN_POINT('',(11.6,5.));
#3573 = CARTESIAN_POINT('',(11.6,0.));
#3574 = ( GEOMETRIC_REPRESENTATION_CONTEXT(2) 
PARAMETRIC_REPRESENTATION_CONTEXT() REPRESENTATION_CONTEXT('2D SPACE',''
  ) );
#3575 = PCURVE('',#2775,#3576);
#3576 = DEFINITIONAL_REPRESENTATION('',(#3577),#3580);
#3577 = B_SPLINE_CURVE_WITH_KNOTS('',1,(#3578,#3579),.UNSPECIFIED.,.F.,
  .F.,(2,2),(-73.,-68.),.PIECEWISE_BEZIER_KNOTS.);
#3578 = CARTESIAN_POINT('',(141.,16.5));
#3579 = CARTESIAN_POINT('',(136.,16.5));
#3580 = ( GEOMETRIC_REPRESENTATION_CONTEXT(2) 
PARAMETRIC_REPRESENTATION_CONTEXT() REPRESENTATION_CONTEXT('2D SPACE',''
  ) );
#3581 = ORIENTED_EDGE('',*,*,#3582,.T.);
#3582 = EDGE_CURVE('',#3562,#3536,#3583,.T.);
#3583 = SURFACE_CURVE('',#3584,(#3588,#3594),.PCURVE_S1.);
#3584 = LINE('',#3585,#3586);
#3585 = CARTESIAN_POINT('',(77.900773180469,-66.,13.));
#3586 = VECTOR('',#3587,1.);
#3587 = DIRECTION('',(-0.,-0.,-1.));
#3588 = PCURVE('',#187,#3589);
#3589 = DEFINITIONAL_REPRESENTATION('',(#3590),#3593);
#3590 = B_SPLINE_CURVE_WITH_KNOTS('',1,(#3591,#3592),.UNSPECIFIED.,.F.,
  .F.,(2,2),(-91.6000006,-78.8),.PIECEWISE_BEZIER_KNOTS.);
#3591 = CARTESIAN_POINT('',(11.6000006,0.400773180469));
#3592 = CARTESIAN_POINT('',(-1.2,0.400773180469));
#3593 = ( GEOMETRIC_REPRESENTATION_CONTEXT(2) 
PARAMETRIC_REPRESENTATION_CONTEXT() REPRESENTATION_CONTEXT('2D SPACE',''
  ) );
#3594 = PCURVE('',#1322,#3595);
#3595 = DEFINITIONAL_REPRESENTATION('',(#3596),#3599);
#3596 = B_SPLINE_CURVE_WITH_KNOTS('',1,(#3597,#3598),.UNSPECIFIED.,.F.,
  .F.,(2,2),(-91.6000006,-78.8),.PIECEWISE_BEZIER_KNOTS.);
#3597 = CARTESIAN_POINT('',(-5.914298955586,-91.6000006));
#3598 = CARTESIAN_POINT('',(-5.914298955586,-78.8));
#3599 = ( GEOMETRIC_REPRESENTATION_CONTEXT(2) 
PARAMETRIC_REPRESENTATION_CONTEXT() REPRESENTATION_CONTEXT('2D SPACE',''
  ) );
#3600 = ADVANCED_FACE('',(#3601),#571,.F.);
#3601 = FACE_BOUND('',#3602,.T.);
#3602 = EDGE_LOOP('',(#3603,#3626,#3627,#3628));
#3603 = ORIENTED_EDGE('',*,*,#3604,.T.);
#3604 = EDGE_CURVE('',#3605,#555,#3607,.T.);
#3605 = VERTEX_POINT('',#3606);
#3606 = CARTESIAN_POINT('',(79.5,-50.,98.));
#3607 = SEAM_CURVE('',#3608,(#3612,#3619),.PCURVE_S1.);
#3608 = LINE('',#3609,#3610);
#3609 = CARTESIAN_POINT('',(79.5,-50.,98.));
#3610 = VECTOR('',#3611,1.);
#3611 = DIRECTION('',(0.,0.,1.));
#3612 = PCURVE('',#571,#3613);
#3613 = DEFINITIONAL_REPRESENTATION('',(#3614),#3618);
#3614 = LINE('',#3615,#3616);
#3615 = CARTESIAN_POINT('',(-0.,0.));
#3616 = VECTOR('',#3617,1.);
#3617 = DIRECTION('',(-0.,-1.));
#3618 = ( GEOMETRIC_REPRESENTATION_CONTEXT(2) 
PARAMETRIC_REPRESENTATION_CONTEXT() REPRESENTATION_CONTEXT('2D SPACE',''
  ) );
#3619 = PCURVE('',#571,#3620);
#3620 = DEFINITIONAL_REPRESENTATION('',(#3621),#3625);
#3621 = LINE('',#3622,#3623);
#3622 = CARTESIAN_POINT('',(-6.28318530718,0.));
#3623 = VECTOR('',#3624,1.);
#3624 = DIRECTION('',(-0.,-1.));
#3625 = ( GEOMETRIC_REPRESENTATION_CONTEXT(2) 
PARAMETRIC_REPRESENTATION_CONTEXT() REPRESENTATION_CONTEXT('2D SPACE',''
  ) );
#3626 = ORIENTED_EDGE('',*,*,#554,.T.);
#3627 = ORIENTED_EDGE('',*,*,#3604,.F.);
#3628 = ORIENTED_EDGE('',*,*,#3629,.F.);
#3629 = EDGE_CURVE('',#3605,#3605,#3630,.T.);
#3630 = SURFACE_CURVE('',#3631,(#3636,#3643),.PCURVE_S1.);
#3631 = CIRCLE('',#3632,2.7);
#3632 = AXIS2_PLACEMENT_3D('',#3633,#3634,#3635);
#3633 = CARTESIAN_POINT('',(76.8,-50.,98.));
#3634 = DIRECTION('',(0.,0.,1.));
#3635 = DIRECTION('',(1.,0.,0.));
#3636 = PCURVE('',#571,#3637);
#3637 = DEFINITIONAL_REPRESENTATION('',(#3638),#3642);
#3638 = LINE('',#3639,#3640);
#3639 = CARTESIAN_POINT('',(-0.,0.));
#3640 = VECTOR('',#3641,1.);
#3641 = DIRECTION('',(-1.,0.));
#3642 = ( GEOMETRIC_REPRESENTATION_CONTEXT(2) 
PARAMETRIC_REPRESENTATION_CONTEXT() REPRESENTATION_CONTEXT('2D SPACE',''
  ) );
#3643 = PCURVE('',#3644,#3649);
#3644 = PLANE('',#3645);
#3645 = AXIS2_PLACEMENT_3D('',#3646,#3647,#3648);
#3646 = CARTESIAN_POINT('',(76.8,-50.,98.));
#3647 = DIRECTION('',(0.,0.,1.));
#3648 = DIRECTION('',(1.,0.,-0.));
#3649 = DEFINITIONAL_REPRESENTATION('',(#3650),#3654);
#3650 = CIRCLE('',#3651,2.7);
#3651 = AXIS2_PLACEMENT_2D('',#3652,#3653);
#3652 = CARTESIAN_POINT('',(0.,-7.105427357601E-15));
#3653 = DIRECTION('',(1.,0.));
#3654 = ( GEOMETRIC_REPRESENTATION_CONTEXT(2) 
PARAMETRIC_REPRESENTATION_CONTEXT() REPRESENTATION_CONTEXT('2D SPACE',''
  ) );
#3655 = ADVANCED_FACE('',(#3656),#602,.F.);
#3656 = FACE_BOUND('',#3657,.T.);
#3657 = EDGE_LOOP('',(#3658,#3681,#3682,#3683));
#3658 = ORIENTED_EDGE('',*,*,#3659,.T.);
#3659 = EDGE_CURVE('',#3660,#586,#3662,.T.);
#3660 = VERTEX_POINT('',#3661);
#3661 = CARTESIAN_POINT('',(79.5,10.,98.));
#3662 = SEAM_CURVE('',#3663,(#3667,#3674),.PCURVE_S1.);
#3663 = LINE('',#3664,#3665);
#3664 = CARTESIAN_POINT('',(79.5,10.,98.));
#3665 = VECTOR('',#3666,1.);
#3666 = DIRECTION('',(0.,0.,1.));
#3667 = PCURVE('',#602,#3668);
#3668 = DEFINITIONAL_REPRESENTATION('',(#3669),#3673);
#3669 = LINE('',#3670,#3671);
#3670 = CARTESIAN_POINT('',(-0.,0.));
#3671 = VECTOR('',#3672,1.);
#3672 = DIRECTION('',(-0.,-1.));
#3673 = ( GEOMETRIC_REPRESENTATION_CONTEXT(2) 
PARAMETRIC_REPRESENTATION_CONTEXT() REPRESENTATION_CONTEXT('2D SPACE',''
  ) );
#3674 = PCURVE('',#602,#3675);
#3675 = DEFINITIONAL_REPRESENTATION('',(#3676),#3680);
#3676 = LINE('',#3677,#3678);
#3677 = CARTESIAN_POINT('',(-6.28318530718,0.));
#3678 = VECTOR('',#3679,1.);
#3679 = DIRECTION('',(-0.,-1.));
#3680 = ( GEOMETRIC_REPRESENTATION_CONTEXT(2) 
PARAMETRIC_REPRESENTATION_CONTEXT() REPRESENTATION_CONTEXT('2D SPACE',''
  ) );
#3681 = ORIENTED_EDGE('',*,*,#585,.T.);
#3682 = ORIENTED_EDGE('',*,*,#3659,.F.);
#3683 = ORIENTED_EDGE('',*,*,#3684,.F.);
#3684 = EDGE_CURVE('',#3660,#3660,#3685,.T.);
#3685 = SURFACE_CURVE('',#3686,(#3691,#3698),.PCURVE_S1.);
#3686 = CIRCLE('',#3687,2.7);
#3687 = AXIS2_PLACEMENT_3D('',#3688,#3689,#3690);
#3688 = CARTESIAN_POINT('',(76.8,10.,98.));
#3689 = DIRECTION('',(0.,0.,1.));
#3690 = DIRECTION('',(1.,0.,0.));
#3691 = PCURVE('',#602,#3692);
#3692 = DEFINITIONAL_REPRESENTATION('',(#3693),#3697);
#3693 = LINE('',#3694,#3695);
#3694 = CARTESIAN_POINT('',(-0.,0.));
#3695 = VECTOR('',#3696,1.);
#3696 = DIRECTION('',(-1.,0.));
#3697 = ( GEOMETRIC_REPRESENTATION_CONTEXT(2) 
PARAMETRIC_REPRESENTATION_CONTEXT() REPRESENTATION_CONTEXT('2D SPACE',''
  ) );
#3698 = PCURVE('',#3699,#3704);
#3699 = PLANE('',#3700);
#3700 = AXIS2_PLACEMENT_3D('',#3701,#3702,#3703);
#3701 = CARTESIAN_POINT('',(76.8,10.,98.));
#3702 = DIRECTION('',(0.,0.,1.));
#3703 = DIRECTION('',(1.,0.,-0.));
#3704 = DEFINITIONAL_REPRESENTATION('',(#3705),#3709);
#3705 = CIRCLE('',#3706,2.7);
#3706 = AXIS2_PLACEMENT_2D('',#3707,#3708);
#3707 = CARTESIAN_POINT('',(0.,0.));
#3708 = DIRECTION('',(1.,0.));
#3709 = ( GEOMETRIC_REPRESENTATION_CONTEXT(2) 
PARAMETRIC_REPRESENTATION_CONTEXT() REPRESENTATION_CONTEXT('2D SPACE',''
  ) );
#3710 = ADVANCED_FACE('',(#3711),#633,.F.);
#3711 = FACE_BOUND('',#3712,.T.);
#3712 = EDGE_LOOP('',(#3713,#3736,#3737,#3738));
#3713 = ORIENTED_EDGE('',*,*,#3714,.T.);
#3714 = EDGE_CURVE('',#3715,#617,#3717,.T.);
#3715 = VERTEX_POINT('',#3716);
#3716 = CARTESIAN_POINT('',(79.5,50.,98.));
#3717 = SEAM_CURVE('',#3718,(#3722,#3729),.PCURVE_S1.);
#3718 = LINE('',#3719,#3720);
#3719 = CARTESIAN_POINT('',(79.5,50.,98.));
#3720 = VECTOR('',#3721,1.);
#3721 = DIRECTION('',(0.,0.,1.));
#3722 = PCURVE('',#633,#3723);
#3723 = DEFINITIONAL_REPRESENTATION('',(#3724),#3728);
#3724 = LINE('',#3725,#3726);
#3725 = CARTESIAN_POINT('',(-0.,0.));
#3726 = VECTOR('',#3727,1.);
#3727 = DIRECTION('',(-0.,-1.));
#3728 = ( GEOMETRIC_REPRESENTATION_CONTEXT(2) 
PARAMETRIC_REPRESENTATION_CONTEXT() REPRESENTATION_CONTEXT('2D SPACE',''
  ) );
#3729 = PCURVE('',#633,#3730);
#3730 = DEFINITIONAL_REPRESENTATION('',(#3731),#3735);
#3731 = LINE('',#3732,#3733);
#3732 = CARTESIAN_POINT('',(-6.28318530718,0.));
#3733 = VECTOR('',#3734,1.);
#3734 = DIRECTION('',(-0.,-1.));
#3735 = ( GEOMETRIC_REPRESENTATION_CONTEXT(2) 
PARAMETRIC_REPRESENTATION_CONTEXT() REPRESENTATION_CONTEXT('2D SPACE',''
  ) );
#3736 = ORIENTED_EDGE('',*,*,#616,.T.);
#3737 = ORIENTED_EDGE('',*,*,#3714,.F.);
#3738 = ORIENTED_EDGE('',*,*,#3739,.F.);
#3739 = EDGE_CURVE('',#3715,#3715,#3740,.T.);
#3740 = SURFACE_CURVE('',#3741,(#3746,#3753),.PCURVE_S1.);
#3741 = CIRCLE('',#3742,2.7);
#3742 = AXIS2_PLACEMENT_3D('',#3743,#3744,#3745);
#3743 = CARTESIAN_POINT('',(76.8,50.,98.));
#3744 = DIRECTION('',(0.,0.,1.));
#3745 = DIRECTION('',(1.,0.,0.));
#3746 = PCURVE('',#633,#3747);
#3747 = DEFINITIONAL_REPRESENTATION('',(#3748),#3752);
#3748 = LINE('',#3749,#3750);
#3749 = CARTESIAN_POINT('',(-0.,0.));
#3750 = VECTOR('',#3751,1.);
#3751 = DIRECTION('',(-1.,0.));
#3752 = ( GEOMETRIC_REPRESENTATION_CONTEXT(2) 
PARAMETRIC_REPRESENTATION_CONTEXT() REPRESENTATION_CONTEXT('2D SPACE',''
  ) );
#3753 = PCURVE('',#3754,#3759);
#3754 = PLANE('',#3755);
#3755 = AXIS2_PLACEMENT_3D('',#3756,#3757,#3758);
#3756 = CARTESIAN_POINT('',(76.8,50.,98.));
#3757 = DIRECTION('',(0.,0.,1.));
#3758 = DIRECTION('',(1.,0.,-0.));
#3759 = DEFINITIONAL_REPRESENTATION('',(#3760),#3764);
#3760 = CIRCLE('',#3761,2.7);
#3761 = AXIS2_PLACEMENT_2D('',#3762,#3763);
#3762 = CARTESIAN_POINT('',(0.,7.105427357601E-15));
#3763 = DIRECTION('',(1.,0.));
#3764 = ( GEOMETRIC_REPRESENTATION_CONTEXT(2) 
PARAMETRIC_REPRESENTATION_CONTEXT() REPRESENTATION_CONTEXT('2D SPACE',''
  ) );
#3765 = ADVANCED_FACE('',(#3766),#916,.F.);
#3766 = FACE_BOUND('',#3767,.F.);
#3767 = EDGE_LOOP('',(#3768,#3789,#3810,#3829));
#3768 = ORIENTED_EDGE('',*,*,#3769,.F.);
#3769 = EDGE_CURVE('',#3770,#726,#3772,.T.);
#3770 = VERTEX_POINT('',#3771);
#3771 = CARTESIAN_POINT('',(60.,79.245842957084,18.199208900369));
#3772 = SURFACE_CURVE('',#3773,(#3777,#3783),.PCURVE_S1.);
#3773 = LINE('',#3774,#3775);
#3774 = CARTESIAN_POINT('',(60.,78.3,18.19920890037));
#3775 = VECTOR('',#3776,1.);
#3776 = DIRECTION('',(0.,1.,0.));
#3777 = PCURVE('',#916,#3778);
#3778 = DEFINITIONAL_REPRESENTATION('',(#3779),#3782);
#3779 = B_SPLINE_CURVE_WITH_KNOTS('',1,(#3780,#3781),.UNSPECIFIED.,.F.,
  .F.,(2,2),(0.625119339392,4.473802751699),.PIECEWISE_BEZIER_KNOTS.);
#3780 = CARTESIAN_POINT('',(1.19920890037,-6.025119339392));
#3781 = CARTESIAN_POINT('',(1.19920890037,-9.873802751699));
#3782 = ( GEOMETRIC_REPRESENTATION_CONTEXT(2) 
PARAMETRIC_REPRESENTATION_CONTEXT() REPRESENTATION_CONTEXT('2D SPACE',''
  ) );
#3783 = PCURVE('',#859,#3784);
#3784 = DEFINITIONAL_REPRESENTATION('',(#3785),#3788);
#3785 = B_SPLINE_CURVE_WITH_KNOTS('',1,(#3786,#3787),.UNSPECIFIED.,.F.,
  .F.,(2,2),(0.625119339392,4.473802751699),.PIECEWISE_BEZIER_KNOTS.);
#3786 = CARTESIAN_POINT('',(2.893661631246,0.625119339392));
#3787 = CARTESIAN_POINT('',(2.893661631246,4.473802751699));
#3788 = ( GEOMETRIC_REPRESENTATION_CONTEXT(2) 
PARAMETRIC_REPRESENTATION_CONTEXT() REPRESENTATION_CONTEXT('2D SPACE',''
  ) );
#3789 = ORIENTED_EDGE('',*,*,#3790,.T.);
#3790 = EDGE_CURVE('',#3770,#3791,#3793,.T.);
#3791 = VERTEX_POINT('',#3792);
#3792 = CARTESIAN_POINT('',(60.,79.245842957084,18.));
#3793 = SURFACE_CURVE('',#3794,(#3798,#3804),.PCURVE_S1.);
#3794 = LINE('',#3795,#3796);
#3795 = CARTESIAN_POINT('',(60.,79.245842957084,13.));
#3796 = VECTOR('',#3797,1.);
#3797 = DIRECTION('',(-0.,-0.,-1.));
#3798 = PCURVE('',#916,#3799);
#3799 = DEFINITIONAL_REPRESENTATION('',(#3800),#3803);
#3800 = B_SPLINE_CURVE_WITH_KNOTS('',1,(#3801,#3802),.UNSPECIFIED.,.F.,
  .F.,(2,2),(-91.6000006,-0.9999994),.PIECEWISE_BEZIER_KNOTS.);
#3801 = CARTESIAN_POINT('',(87.6000006,-6.345842957084));
#3802 = CARTESIAN_POINT('',(-3.0000006,-6.345842957084));
#3803 = ( GEOMETRIC_REPRESENTATION_CONTEXT(2) 
PARAMETRIC_REPRESENTATION_CONTEXT() REPRESENTATION_CONTEXT('2D SPACE',''
  ) );
#3804 = PCURVE('',#1262,#3805);
#3805 = DEFINITIONAL_REPRESENTATION('',(#3806),#3809);
#3806 = B_SPLINE_CURVE_WITH_KNOTS('',1,(#3807,#3808),.UNSPECIFIED.,.F.,
  .F.,(2,2),(-91.6000006,-0.9999994),.PIECEWISE_BEZIER_KNOTS.);
#3807 = CARTESIAN_POINT('',(-1.498618287883,-91.6000006));
#3808 = CARTESIAN_POINT('',(-1.498618287883,-0.9999994));
#3809 = ( GEOMETRIC_REPRESENTATION_CONTEXT(2) 
PARAMETRIC_REPRESENTATION_CONTEXT() REPRESENTATION_CONTEXT('2D SPACE',''
  ) );
#3810 = ORIENTED_EDGE('',*,*,#3811,.F.);
#3811 = EDGE_CURVE('',#901,#3791,#3812,.T.);
#3812 = SURFACE_CURVE('',#3813,(#3817,#3823),.PCURVE_S1.);
#3813 = LINE('',#3814,#3815);
#3814 = CARTESIAN_POINT('',(60.,72.2,18.));
#3815 = VECTOR('',#3816,1.);
#3816 = DIRECTION('',(0.,-1.,0.));
#3817 = PCURVE('',#916,#3818);
#3818 = DEFINITIONAL_REPRESENTATION('',(#3819),#3822);
#3819 = B_SPLINE_CURVE_WITH_KNOTS('',1,(#3820,#3821),.UNSPECIFIED.,.F.,
  .F.,(2,2),(-10.253079134,-7.045842957084),.PIECEWISE_BEZIER_KNOTS.);
#3820 = CARTESIAN_POINT('',(1.,-9.553079134007));
#3821 = CARTESIAN_POINT('',(1.,-6.345842957084));
#3822 = ( GEOMETRIC_REPRESENTATION_CONTEXT(2) 
PARAMETRIC_REPRESENTATION_CONTEXT() REPRESENTATION_CONTEXT('2D SPACE',''
  ) );
#3823 = PCURVE('',#944,#3824);
#3824 = DEFINITIONAL_REPRESENTATION('',(#3825),#3828);
#3825 = B_SPLINE_CURVE_WITH_KNOTS('',1,(#3826,#3827),.UNSPECIFIED.,.F.,
  .F.,(2,2),(-10.253079134,-7.045842957084),.PIECEWISE_BEZIER_KNOTS.);
#3826 = CARTESIAN_POINT('',(132.5,10.953079134007));
#3827 = CARTESIAN_POINT('',(132.5,7.745842957084));
#3828 = ( GEOMETRIC_REPRESENTATION_CONTEXT(2) 
PARAMETRIC_REPRESENTATION_CONTEXT() REPRESENTATION_CONTEXT('2D SPACE',''
  ) );
#3829 = ORIENTED_EDGE('',*,*,#900,.F.);
#3830 = ADVANCED_FACE('',(#3831),#859,.F.);
#3831 = FACE_BOUND('',#3832,.F.);
#3832 = EDGE_LOOP('',(#3833,#3834,#3857,#3886,#3940));
#3833 = ORIENTED_EDGE('',*,*,#725,.F.);
#3834 = ORIENTED_EDGE('',*,*,#3835,.F.);
#3835 = EDGE_CURVE('',#3836,#699,#3838,.T.);
#3836 = VERTEX_POINT('',#3837);
#3837 = CARTESIAN_POINT('',(66.15,78.3,26.1));
#3838 = SURFACE_CURVE('',#3839,(#3843,#3850),.PCURVE_S1.);
#3839 = LINE('',#3840,#3841);
#3840 = CARTESIAN_POINT('',(66.15,78.3,26.1));
#3841 = VECTOR('',#3842,1.);
#3842 = DIRECTION('',(0.,1.,0.));
#3843 = PCURVE('',#859,#3844);
#3844 = DEFINITIONAL_REPRESENTATION('',(#3845),#3849);
#3845 = LINE('',#3846,#3847);
#3846 = CARTESIAN_POINT('',(1.570796326795,0.));
#3847 = VECTOR('',#3848,1.);
#3848 = DIRECTION('',(0.,1.));
#3849 = ( GEOMETRIC_REPRESENTATION_CONTEXT(2) 
PARAMETRIC_REPRESENTATION_CONTEXT() REPRESENTATION_CONTEXT('2D SPACE',''
  ) );
#3850 = PCURVE('',#714,#3851);
#3851 = DEFINITIONAL_REPRESENTATION('',(#3852),#3856);
#3852 = LINE('',#3853,#3854);
#3853 = CARTESIAN_POINT('',(0.,0.));
#3854 = VECTOR('',#3855,1.);
#3855 = DIRECTION('',(0.,-1.));
#3856 = ( GEOMETRIC_REPRESENTATION_CONTEXT(2) 
PARAMETRIC_REPRESENTATION_CONTEXT() REPRESENTATION_CONTEXT('2D SPACE',''
  ) );
#3857 = ORIENTED_EDGE('',*,*,#3858,.T.);
#3858 = EDGE_CURVE('',#3836,#3859,#3861,.T.);
#3859 = VERTEX_POINT('',#3860);
#3860 = CARTESIAN_POINT('',(64.87181292883,78.3,21.718141139748));
#3861 = SURFACE_CURVE('',#3862,(#3867,#3874),.PCURVE_S1.);
#3862 = CIRCLE('',#3863,8.15);
#3863 = AXIS2_PLACEMENT_3D('',#3864,#3865,#3866);
#3864 = CARTESIAN_POINT('',(58.,78.3,26.1));
#3865 = DIRECTION('',(0.,1.,0.));
#3866 = DIRECTION('',(0.,-0.,1.));
#3867 = PCURVE('',#859,#3868);
#3868 = DEFINITIONAL_REPRESENTATION('',(#3869),#3873);
#3869 = LINE('',#3870,#3871);
#3870 = CARTESIAN_POINT('',(0.,0.));
#3871 = VECTOR('',#3872,1.);
#3872 = DIRECTION('',(1.,0.));
#3873 = ( GEOMETRIC_REPRESENTATION_CONTEXT(2) 
PARAMETRIC_REPRESENTATION_CONTEXT() REPRESENTATION_CONTEXT('2D SPACE',''
  ) );
#3874 = PCURVE('',#3875,#3880);
#3875 = PLANE('',#3876);
#3876 = AXIS2_PLACEMENT_3D('',#3877,#3878,#3879);
#3877 = CARTESIAN_POINT('',(-58.,78.3,17.95));
#3878 = DIRECTION('',(0.,1.,0.));
#3879 = DIRECTION('',(0.,0.,1.));
#3880 = DEFINITIONAL_REPRESENTATION('',(#3881),#3885);
#3881 = CIRCLE('',#3882,8.15);
#3882 = AXIS2_PLACEMENT_2D('',#3883,#3884);
#3883 = CARTESIAN_POINT('',(8.15,116.));
#3884 = DIRECTION('',(1.,0.));
#3885 = ( GEOMETRIC_REPRESENTATION_CONTEXT(2) 
PARAMETRIC_REPRESENTATION_CONTEXT() REPRESENTATION_CONTEXT('2D SPACE',''
  ) );
#3886 = ORIENTED_EDGE('',*,*,#3887,.T.);
#3887 = EDGE_CURVE('',#3859,#3770,#3888,.T.);
#3888 = SURFACE_CURVE('',#3889,(#3904,#3922),.PCURVE_S1.);
#3889 = B_SPLINE_CURVE_WITH_KNOTS('',7,(#3890,#3891,#3892,#3893,#3894,
    #3895,#3896,#3897,#3898,#3899,#3900,#3901,#3902,#3903),
  .UNSPECIFIED.,.F.,.F.,(8,6,8),(0.,0.609332788646,1.),.UNSPECIFIED.);
#3890 = CARTESIAN_POINT('',(64.871814793291,78.2999994,21.718144063675)
  );
#3891 = CARTESIAN_POINT('',(64.561477623526,78.399868643896,
    21.231459977049));
#3892 = CARTESIAN_POINT('',(64.20518259765,78.508264985242,
    20.761408650871));
#3893 = CARTESIAN_POINT('',(63.801112015924,78.622567954565,
    20.311055504787));
#3894 = CARTESIAN_POINT('',(63.347060871032,78.739476933625,
    19.884791310425));
#3895 = CARTESIAN_POINT('',(62.840762006301,78.854777729522,
    19.488588062397));
#3896 = CARTESIAN_POINT('',(62.280334749023,78.963056990016,
    19.130360531946));
#3897 = CARTESIAN_POINT('',(61.270457619208,79.11853303525,
    18.621917875938));
#3898 = CARTESIAN_POINT('',(60.851522964944,79.1739875337,
    18.442265876967));
#3899 = CARTESIAN_POINT('',(60.410874566355,79.221841126773,
    18.28633324831));
#3900 = CARTESIAN_POINT('',(59.951694949575,79.259918868189,
    18.157998330045));
#3901 = CARTESIAN_POINT('',(59.477553904192,79.286405788226,
    18.060329371868));
#3902 = CARTESIAN_POINT('',(58.992308020668,79.3,17.995611827926));
#3903 = CARTESIAN_POINT('',(58.5,79.3,17.965351882226));
#3904 = PCURVE('',#859,#3905);
#3905 = DEFINITIONAL_REPRESENTATION('',(#3906),#3921);
#3906 = B_SPLINE_CURVE_WITH_KNOTS('',7,(#3907,#3908,#3909,#3910,#3911,
    #3912,#3913,#3914,#3915,#3916,#3917,#3918,#3919,#3920),
  .UNSPECIFIED.,.F.,.F.,(8,6,8),(0.,0.609332788646,1.),.UNSPECIFIED.);
#3907 = CARTESIAN_POINT('',(2.138445071915,-6.E-07));
#3908 = CARTESIAN_POINT('',(2.209268297114,9.986864389569E-02));
#3909 = CARTESIAN_POINT('',(2.281402526654,0.208264985242));
#3910 = CARTESIAN_POINT('',(2.355231113202,0.322567954566));
#3911 = CARTESIAN_POINT('',(2.431121031297,0.439476933625));
#3912 = CARTESIAN_POINT('',(2.509455499985,0.554777729522));
#3913 = CARTESIAN_POINT('',(2.590640389853,0.663056990016));
#3914 = CARTESIAN_POINT('',(2.729370252027,0.81853303525));
#3915 = CARTESIAN_POINT('',(2.785195235589,0.8739875337));
#3916 = CARTESIAN_POINT('',(2.842351186788,0.921841126773));
#3917 = CARTESIAN_POINT('',(2.900605603688,0.959918868189));
#3918 = CARTESIAN_POINT('',(2.959770144835,0.986405788226));
#3919 = CARTESIAN_POINT('',(3.019684519102,1.));
#3920 = CARTESIAN_POINT('',(3.080204410503,1.));
#3921 = ( GEOMETRIC_REPRESENTATION_CONTEXT(2) 
PARAMETRIC_REPRESENTATION_CONTEXT() REPRESENTATION_CONTEXT('2D SPACE',''
  ) );
#3922 = PCURVE('',#1262,#3923);
#3923 = DEFINITIONAL_REPRESENTATION('',(#3924),#3939);
#3924 = B_SPLINE_CURVE_WITH_KNOTS('',7,(#3925,#3926,#3927,#3928,#3929,
    #3930,#3931,#3932,#3933,#3934,#3935,#3936,#3937,#3938),
  .UNSPECIFIED.,.F.,.F.,(8,6,8),(0.,0.609332788646,1.),.UNSPECIFIED.);
#3925 = CARTESIAN_POINT('',(-1.259453426862,-8.718144063675));
#3926 = CARTESIAN_POINT('',(-1.27512702177,-8.231459977049));
#3927 = CARTESIAN_POINT('',(-1.293029492526,-7.76140865087));
#3928 = CARTESIAN_POINT('',(-1.313211685045,-7.311055504787));
#3929 = CARTESIAN_POINT('',(-1.335740371816,-6.884791310425));
#3930 = CARTESIAN_POINT('',(-1.360685539825,-6.488588062397));
#3931 = CARTESIAN_POINT('',(-1.388107524842,-6.130360531946));
#3932 = CARTESIAN_POINT('',(-1.437231333914,-5.621917875938));
#3933 = CARTESIAN_POINT('',(-1.457543574385,-5.442265876967));
#3934 = CARTESIAN_POINT('',(-1.478843498588,-5.28633324831));
#3935 = CARTESIAN_POINT('',(-1.500981665827,-5.157998330045));
#3936 = CARTESIAN_POINT('',(-1.523798534636,-5.060329371868));
#3937 = CARTESIAN_POINT('',(-1.547127671955,-4.995611827926));
#3938 = CARTESIAN_POINT('',(-1.570796326795,-4.965351882226));
#3939 = ( GEOMETRIC_REPRESENTATION_CONTEXT(2) 
PARAMETRIC_REPRESENTATION_CONTEXT() REPRESENTATION_CONTEXT('2D SPACE',''
  ) );
#3940 = ORIENTED_EDGE('',*,*,#3769,.T.);
#3941 = ADVANCED_FACE('',(#3942),#714,.F.);
#3942 = FACE_BOUND('',#3943,.F.);
#3943 = EDGE_LOOP('',(#3944,#3967,#3968,#3969,#3990,#4018,#4044,#4070,
    #4091,#4119,#4145,#4171));
#3944 = ORIENTED_EDGE('',*,*,#3945,.F.);
#3945 = EDGE_CURVE('',#3836,#3946,#3948,.T.);
#3946 = VERTEX_POINT('',#3947);
#3947 = CARTESIAN_POINT('',(66.15,78.3,27.786357207156));
#3948 = SURFACE_CURVE('',#3949,(#3953,#3960),.PCURVE_S1.);
#3949 = LINE('',#3950,#3951);
#3950 = CARTESIAN_POINT('',(66.15,78.3,26.1));
#3951 = VECTOR('',#3952,1.);
#3952 = DIRECTION('',(0.,0.,1.));
#3953 = PCURVE('',#714,#3954);
#3954 = DEFINITIONAL_REPRESENTATION('',(#3955),#3959);
#3955 = LINE('',#3956,#3957);
#3956 = CARTESIAN_POINT('',(0.,0.));
#3957 = VECTOR('',#3958,1.);
#3958 = DIRECTION('',(1.,0.));
#3959 = ( GEOMETRIC_REPRESENTATION_CONTEXT(2) 
PARAMETRIC_REPRESENTATION_CONTEXT() REPRESENTATION_CONTEXT('2D SPACE',''
  ) );
#3960 = PCURVE('',#3875,#3961);
#3961 = DEFINITIONAL_REPRESENTATION('',(#3962),#3966);
#3962 = LINE('',#3963,#3964);
#3963 = CARTESIAN_POINT('',(8.15,124.15));
#3964 = VECTOR('',#3965,1.);
#3965 = DIRECTION('',(1.,0.));
#3966 = ( GEOMETRIC_REPRESENTATION_CONTEXT(2) 
PARAMETRIC_REPRESENTATION_CONTEXT() REPRESENTATION_CONTEXT('2D SPACE',''
  ) );
#3967 = ORIENTED_EDGE('',*,*,#3835,.T.);
#3968 = ORIENTED_EDGE('',*,*,#698,.F.);
#3969 = ORIENTED_EDGE('',*,*,#3970,.F.);
#3970 = EDGE_CURVE('',#3971,#670,#3973,.T.);
#3971 = VERTEX_POINT('',#3972);
#3972 = CARTESIAN_POINT('',(66.15,78.3,104.6));
#3973 = SURFACE_CURVE('',#3974,(#3978,#3984),.PCURVE_S1.);
#3974 = LINE('',#3975,#3976);
#3975 = CARTESIAN_POINT('',(66.15,-2.1,104.6));
#3976 = VECTOR('',#3977,1.);
#3977 = DIRECTION('',(0.,1.,0.));
#3978 = PCURVE('',#714,#3979);
#3979 = DEFINITIONAL_REPRESENTATION('',(#3980),#3983);
#3980 = B_SPLINE_CURVE_WITH_KNOTS('',1,(#3981,#3982),.UNSPECIFIED.,.F.,
  .F.,(2,2),(80.4,84.553079134007),.PIECEWISE_BEZIER_KNOTS.);
#3981 = CARTESIAN_POINT('',(78.5,0.));
#3982 = CARTESIAN_POINT('',(78.5,-4.153079134007));
#3983 = ( GEOMETRIC_REPRESENTATION_CONTEXT(2) 
PARAMETRIC_REPRESENTATION_CONTEXT() REPRESENTATION_CONTEXT('2D SPACE',''
  ) );
#3984 = PCURVE('',#686,#3985);
#3985 = DEFINITIONAL_REPRESENTATION('',(#3986),#3989);
#3986 = B_SPLINE_CURVE_WITH_KNOTS('',1,(#3987,#3988),.UNSPECIFIED.,.F.,
  .F.,(2,2),(80.4,84.553079134007),.PIECEWISE_BEZIER_KNOTS.);
#3987 = CARTESIAN_POINT('',(124.65,160.8));
#3988 = CARTESIAN_POINT('',(124.65,164.953079134));
#3989 = ( GEOMETRIC_REPRESENTATION_CONTEXT(2) 
PARAMETRIC_REPRESENTATION_CONTEXT() REPRESENTATION_CONTEXT('2D SPACE',''
  ) );
#3990 = ORIENTED_EDGE('',*,*,#3991,.F.);
#3991 = EDGE_CURVE('',#3992,#3971,#3994,.T.);
#3992 = VERTEX_POINT('',#3993);
#3993 = CARTESIAN_POINT('',(66.15,78.3,95.213642792844));
#3994 = SURFACE_CURVE('',#3995,(#3999,#4006),.PCURVE_S1.);
#3995 = LINE('',#3996,#3997);
#3996 = CARTESIAN_POINT('',(66.15,78.3,26.1));
#3997 = VECTOR('',#3998,1.);
#3998 = DIRECTION('',(0.,0.,1.));
#3999 = PCURVE('',#714,#4000);
#4000 = DEFINITIONAL_REPRESENTATION('',(#4001),#4005);
#4001 = LINE('',#4002,#4003);
#4002 = CARTESIAN_POINT('',(0.,0.));
#4003 = VECTOR('',#4004,1.);
#4004 = DIRECTION('',(1.,0.));
#4005 = ( GEOMETRIC_REPRESENTATION_CONTEXT(2) 
PARAMETRIC_REPRESENTATION_CONTEXT() REPRESENTATION_CONTEXT('2D SPACE',''
  ) );
#4006 = PCURVE('',#4007,#4012);
#4007 = PLANE('',#4008);
#4008 = AXIS2_PLACEMENT_3D('',#4009,#4010,#4011);
#4009 = CARTESIAN_POINT('',(-58.,78.3,17.95));
#4010 = DIRECTION('',(0.,1.,0.));
#4011 = DIRECTION('',(0.,0.,1.));
#4012 = DEFINITIONAL_REPRESENTATION('',(#4013),#4017);
#4013 = LINE('',#4014,#4015);
#4014 = CARTESIAN_POINT('',(8.15,124.15));
#4015 = VECTOR('',#4016,1.);
#4016 = DIRECTION('',(1.,0.));
#4017 = ( GEOMETRIC_REPRESENTATION_CONTEXT(2) 
PARAMETRIC_REPRESENTATION_CONTEXT() REPRESENTATION_CONTEXT('2D SPACE',''
  ) );
#4018 = ORIENTED_EDGE('',*,*,#4019,.F.);
#4019 = EDGE_CURVE('',#4020,#3992,#4022,.T.);
#4020 = VERTEX_POINT('',#4021);
#4021 = CARTESIAN_POINT('',(66.15,79.3,95.213642792844));
#4022 = SURFACE_CURVE('',#4023,(#4027,#4033),.PCURVE_S1.);
#4023 = LINE('',#4024,#4025);
#4024 = CARTESIAN_POINT('',(66.15,79.3,95.213642792844));
#4025 = VECTOR('',#4026,1.);
#4026 = DIRECTION('',(0.,-1.,0.));
#4027 = PCURVE('',#714,#4028);
#4028 = DEFINITIONAL_REPRESENTATION('',(#4029),#4032);
#4029 = B_SPLINE_CURVE_WITH_KNOTS('',1,(#4030,#4031),.UNSPECIFIED.,.F.,
  .F.,(2,2),(-6.000000070117E-07,1.294813179142),
  .PIECEWISE_BEZIER_KNOTS.);
#4030 = CARTESIAN_POINT('',(69.113642792844,-1.0000006));
#4031 = CARTESIAN_POINT('',(69.113642792844,0.294813179142));
#4032 = ( GEOMETRIC_REPRESENTATION_CONTEXT(2) 
PARAMETRIC_REPRESENTATION_CONTEXT() REPRESENTATION_CONTEXT('2D SPACE',''
  ) );
#4033 = PCURVE('',#4034,#4039);
#4034 = CYLINDRICAL_SURFACE('',#4035,4.5);
#4035 = AXIS2_PLACEMENT_3D('',#4036,#4037,#4038);
#4036 = CARTESIAN_POINT('',(63.,79.3,92.));
#4037 = DIRECTION('',(0.,-1.,0.));
#4038 = DIRECTION('',(0.,-0.,-1.));
#4039 = DEFINITIONAL_REPRESENTATION('',(#4040),#4043);
#4040 = B_SPLINE_CURVE_WITH_KNOTS('',1,(#4041,#4042),.UNSPECIFIED.,.F.,
  .F.,(2,2),(-6.000000070117E-07,1.294813179142),
  .PIECEWISE_BEZIER_KNOTS.);
#4041 = CARTESIAN_POINT('',(2.366195156979,-6.000000070117E-07));
#4042 = CARTESIAN_POINT('',(2.366195156979,1.294813179142));
#4043 = ( GEOMETRIC_REPRESENTATION_CONTEXT(2) 
PARAMETRIC_REPRESENTATION_CONTEXT() REPRESENTATION_CONTEXT('2D SPACE',''
  ) );
#4044 = ORIENTED_EDGE('',*,*,#4045,.T.);
#4045 = EDGE_CURVE('',#4020,#4046,#4048,.T.);
#4046 = VERTEX_POINT('',#4047);
#4047 = CARTESIAN_POINT('',(66.15,79.3,88.786357207156));
#4048 = SURFACE_CURVE('',#4049,(#4053,#4059),.PCURVE_S1.);
#4049 = LINE('',#4050,#4051);
#4050 = CARTESIAN_POINT('',(66.15,79.3,59.05));
#4051 = VECTOR('',#4052,1.);
#4052 = DIRECTION('',(0.,0.,-1.));
#4053 = PCURVE('',#714,#4054);
#4054 = DEFINITIONAL_REPRESENTATION('',(#4055),#4058);
#4055 = B_SPLINE_CURVE_WITH_KNOTS('',1,(#4056,#4057),.UNSPECIFIED.,.F.,
  .F.,(2,2),(-37.45,-28.45),.PIECEWISE_BEZIER_KNOTS.);
#4056 = CARTESIAN_POINT('',(70.4,-1.));
#4057 = CARTESIAN_POINT('',(61.4,-1.));
#4058 = ( GEOMETRIC_REPRESENTATION_CONTEXT(2) 
PARAMETRIC_REPRESENTATION_CONTEXT() REPRESENTATION_CONTEXT('2D SPACE',''
  ) );
#4059 = PCURVE('',#4060,#4065);
#4060 = PLANE('',#4061);
#4061 = AXIS2_PLACEMENT_3D('',#4062,#4063,#4064);
#4062 = CARTESIAN_POINT('',(63.,79.3,92.));
#4063 = DIRECTION('',(0.,-1.,0.));
#4064 = DIRECTION('',(0.,-0.,-1.));
#4065 = DEFINITIONAL_REPRESENTATION('',(#4066),#4069);
#4066 = B_SPLINE_CURVE_WITH_KNOTS('',1,(#4067,#4068),.UNSPECIFIED.,.F.,
  .F.,(2,2),(-37.45,-28.45),.PIECEWISE_BEZIER_KNOTS.);
#4067 = CARTESIAN_POINT('',(-4.5,3.15));
#4068 = CARTESIAN_POINT('',(4.5,3.15));
#4069 = ( GEOMETRIC_REPRESENTATION_CONTEXT(2) 
PARAMETRIC_REPRESENTATION_CONTEXT() REPRESENTATION_CONTEXT('2D SPACE',''
  ) );
#4070 = ORIENTED_EDGE('',*,*,#4071,.T.);
#4071 = EDGE_CURVE('',#4046,#4072,#4074,.T.);
#4072 = VERTEX_POINT('',#4073);
#4073 = CARTESIAN_POINT('',(66.15,78.3,88.786357207156));
#4074 = SURFACE_CURVE('',#4075,(#4079,#4085),.PCURVE_S1.);
#4075 = LINE('',#4076,#4077);
#4076 = CARTESIAN_POINT('',(66.15,79.3,88.786357207156));
#4077 = VECTOR('',#4078,1.);
#4078 = DIRECTION('',(0.,-1.,0.));
#4079 = PCURVE('',#714,#4080);
#4080 = DEFINITIONAL_REPRESENTATION('',(#4081),#4084);
#4081 = B_SPLINE_CURVE_WITH_KNOTS('',1,(#4082,#4083),.UNSPECIFIED.,.F.,
  .F.,(2,2),(-6.000000070117E-07,1.294813179142),
  .PIECEWISE_BEZIER_KNOTS.);
#4082 = CARTESIAN_POINT('',(62.686357207156,-1.0000006));
#4083 = CARTESIAN_POINT('',(62.686357207156,0.294813179142));
#4084 = ( GEOMETRIC_REPRESENTATION_CONTEXT(2) 
PARAMETRIC_REPRESENTATION_CONTEXT() REPRESENTATION_CONTEXT('2D SPACE',''
  ) );
#4085 = PCURVE('',#4034,#4086);
#4086 = DEFINITIONAL_REPRESENTATION('',(#4087),#4090);
#4087 = B_SPLINE_CURVE_WITH_KNOTS('',1,(#4088,#4089),.UNSPECIFIED.,.F.,
  .F.,(2,2),(-6.000000070117E-07,1.294813179142),
  .PIECEWISE_BEZIER_KNOTS.);
#4088 = CARTESIAN_POINT('',(0.775397496611,-6.000000070117E-07));
#4089 = CARTESIAN_POINT('',(0.775397496611,1.294813179142));
#4090 = ( GEOMETRIC_REPRESENTATION_CONTEXT(2) 
PARAMETRIC_REPRESENTATION_CONTEXT() REPRESENTATION_CONTEXT('2D SPACE',''
  ) );
#4091 = ORIENTED_EDGE('',*,*,#4092,.F.);
#4092 = EDGE_CURVE('',#4093,#4072,#4095,.T.);
#4093 = VERTEX_POINT('',#4094);
#4094 = CARTESIAN_POINT('',(66.15,78.3,34.213642792844));
#4095 = SURFACE_CURVE('',#4096,(#4100,#4107),.PCURVE_S1.);
#4096 = LINE('',#4097,#4098);
#4097 = CARTESIAN_POINT('',(66.15,78.3,26.1));
#4098 = VECTOR('',#4099,1.);
#4099 = DIRECTION('',(0.,0.,1.));
#4100 = PCURVE('',#714,#4101);
#4101 = DEFINITIONAL_REPRESENTATION('',(#4102),#4106);
#4102 = LINE('',#4103,#4104);
#4103 = CARTESIAN_POINT('',(0.,0.));
#4104 = VECTOR('',#4105,1.);
#4105 = DIRECTION('',(1.,0.));
#4106 = ( GEOMETRIC_REPRESENTATION_CONTEXT(2) 
PARAMETRIC_REPRESENTATION_CONTEXT() REPRESENTATION_CONTEXT('2D SPACE',''
  ) );
#4107 = PCURVE('',#4108,#4113);
#4108 = PLANE('',#4109);
#4109 = AXIS2_PLACEMENT_3D('',#4110,#4111,#4112);
#4110 = CARTESIAN_POINT('',(-58.,78.3,17.95));
#4111 = DIRECTION('',(0.,1.,0.));
#4112 = DIRECTION('',(0.,0.,1.));
#4113 = DEFINITIONAL_REPRESENTATION('',(#4114),#4118);
#4114 = LINE('',#4115,#4116);
#4115 = CARTESIAN_POINT('',(8.15,124.15));
#4116 = VECTOR('',#4117,1.);
#4117 = DIRECTION('',(1.,0.));
#4118 = ( GEOMETRIC_REPRESENTATION_CONTEXT(2) 
PARAMETRIC_REPRESENTATION_CONTEXT() REPRESENTATION_CONTEXT('2D SPACE',''
  ) );
#4119 = ORIENTED_EDGE('',*,*,#4120,.F.);
#4120 = EDGE_CURVE('',#4121,#4093,#4123,.T.);
#4121 = VERTEX_POINT('',#4122);
#4122 = CARTESIAN_POINT('',(66.15,79.3,34.213642792844));
#4123 = SURFACE_CURVE('',#4124,(#4128,#4134),.PCURVE_S1.);
#4124 = LINE('',#4125,#4126);
#4125 = CARTESIAN_POINT('',(66.15,79.3,34.213642792844));
#4126 = VECTOR('',#4127,1.);
#4127 = DIRECTION('',(0.,-1.,0.));
#4128 = PCURVE('',#714,#4129);
#4129 = DEFINITIONAL_REPRESENTATION('',(#4130),#4133);
#4130 = B_SPLINE_CURVE_WITH_KNOTS('',1,(#4131,#4132),.UNSPECIFIED.,.F.,
  .F.,(2,2),(-6.000000070117E-07,1.294813179142),
  .PIECEWISE_BEZIER_KNOTS.);
#4131 = CARTESIAN_POINT('',(8.113642792844,-1.0000006));
#4132 = CARTESIAN_POINT('',(8.113642792844,0.294813179142));
#4133 = ( GEOMETRIC_REPRESENTATION_CONTEXT(2) 
PARAMETRIC_REPRESENTATION_CONTEXT() REPRESENTATION_CONTEXT('2D SPACE',''
  ) );
#4134 = PCURVE('',#4135,#4140);
#4135 = CYLINDRICAL_SURFACE('',#4136,4.5);
#4136 = AXIS2_PLACEMENT_3D('',#4137,#4138,#4139);
#4137 = CARTESIAN_POINT('',(63.,79.3,31.));
#4138 = DIRECTION('',(0.,-1.,0.));
#4139 = DIRECTION('',(0.,-0.,-1.));
#4140 = DEFINITIONAL_REPRESENTATION('',(#4141),#4144);
#4141 = B_SPLINE_CURVE_WITH_KNOTS('',1,(#4142,#4143),.UNSPECIFIED.,.F.,
  .F.,(2,2),(-6.000000070117E-07,1.294813179142),
  .PIECEWISE_BEZIER_KNOTS.);
#4142 = CARTESIAN_POINT('',(2.366195156979,-6.000000070117E-07));
#4143 = CARTESIAN_POINT('',(2.366195156979,1.294813179142));
#4144 = ( GEOMETRIC_REPRESENTATION_CONTEXT(2) 
PARAMETRIC_REPRESENTATION_CONTEXT() REPRESENTATION_CONTEXT('2D SPACE',''
  ) );
#4145 = ORIENTED_EDGE('',*,*,#4146,.T.);
#4146 = EDGE_CURVE('',#4121,#4147,#4149,.T.);
#4147 = VERTEX_POINT('',#4148);
#4148 = CARTESIAN_POINT('',(66.15,79.3,27.786357207156));
#4149 = SURFACE_CURVE('',#4150,(#4154,#4160),.PCURVE_S1.);
#4150 = LINE('',#4151,#4152);
#4151 = CARTESIAN_POINT('',(66.15,79.3,28.55));
#4152 = VECTOR('',#4153,1.);
#4153 = DIRECTION('',(0.,0.,-1.));
#4154 = PCURVE('',#714,#4155);
#4155 = DEFINITIONAL_REPRESENTATION('',(#4156),#4159);
#4156 = B_SPLINE_CURVE_WITH_KNOTS('',1,(#4157,#4158),.UNSPECIFIED.,.F.,
  .F.,(2,2),(-6.95,2.05),.PIECEWISE_BEZIER_KNOTS.);
#4157 = CARTESIAN_POINT('',(9.4,-1.));
#4158 = CARTESIAN_POINT('',(0.4,-1.));
#4159 = ( GEOMETRIC_REPRESENTATION_CONTEXT(2) 
PARAMETRIC_REPRESENTATION_CONTEXT() REPRESENTATION_CONTEXT('2D SPACE',''
  ) );
#4160 = PCURVE('',#4161,#4166);
#4161 = PLANE('',#4162);
#4162 = AXIS2_PLACEMENT_3D('',#4163,#4164,#4165);
#4163 = CARTESIAN_POINT('',(63.,79.3,31.));
#4164 = DIRECTION('',(0.,-1.,0.));
#4165 = DIRECTION('',(0.,-0.,-1.));
#4166 = DEFINITIONAL_REPRESENTATION('',(#4167),#4170);
#4167 = B_SPLINE_CURVE_WITH_KNOTS('',1,(#4168,#4169),.UNSPECIFIED.,.F.,
  .F.,(2,2),(-6.95,2.05),.PIECEWISE_BEZIER_KNOTS.);
#4168 = CARTESIAN_POINT('',(-4.5,3.15));
#4169 = CARTESIAN_POINT('',(4.5,3.15));
#4170 = ( GEOMETRIC_REPRESENTATION_CONTEXT(2) 
PARAMETRIC_REPRESENTATION_CONTEXT() REPRESENTATION_CONTEXT('2D SPACE',''
  ) );
#4171 = ORIENTED_EDGE('',*,*,#4172,.T.);
#4172 = EDGE_CURVE('',#4147,#3946,#4173,.T.);
#4173 = SURFACE_CURVE('',#4174,(#4178,#4184),.PCURVE_S1.);
#4174 = LINE('',#4175,#4176);
#4175 = CARTESIAN_POINT('',(66.15,79.3,27.786357207156));
#4176 = VECTOR('',#4177,1.);
#4177 = DIRECTION('',(0.,-1.,0.));
#4178 = PCURVE('',#714,#4179);
#4179 = DEFINITIONAL_REPRESENTATION('',(#4180),#4183);
#4180 = B_SPLINE_CURVE_WITH_KNOTS('',1,(#4181,#4182),.UNSPECIFIED.,.F.,
  .F.,(2,2),(-6.000000070117E-07,1.294813179142),
  .PIECEWISE_BEZIER_KNOTS.);
#4181 = CARTESIAN_POINT('',(1.686357207156,-1.0000006));
#4182 = CARTESIAN_POINT('',(1.686357207156,0.294813179142));
#4183 = ( GEOMETRIC_REPRESENTATION_CONTEXT(2) 
PARAMETRIC_REPRESENTATION_CONTEXT() REPRESENTATION_CONTEXT('2D SPACE',''
  ) );
#4184 = PCURVE('',#4135,#4185);
#4185 = DEFINITIONAL_REPRESENTATION('',(#4186),#4189);
#4186 = B_SPLINE_CURVE_WITH_KNOTS('',1,(#4187,#4188),.UNSPECIFIED.,.F.,
  .F.,(2,2),(-6.000000070117E-07,1.294813179142),
  .PIECEWISE_BEZIER_KNOTS.);
#4187 = CARTESIAN_POINT('',(0.775397496611,-6.000000070117E-07));
#4188 = CARTESIAN_POINT('',(0.775397496611,1.294813179142));
#4189 = ( GEOMETRIC_REPRESENTATION_CONTEXT(2) 
PARAMETRIC_REPRESENTATION_CONTEXT() REPRESENTATION_CONTEXT('2D SPACE',''
  ) );
#4190 = ADVANCED_FACE('',(#4191),#686,.T.);
#4191 = FACE_BOUND('',#4192,.T.);
#4192 = EDGE_LOOP('',(#4193,#4194,#4195,#4196,#4217));
#4193 = ORIENTED_EDGE('',*,*,#3492,.F.);
#4194 = ORIENTED_EDGE('',*,*,#669,.T.);
#4195 = ORIENTED_EDGE('',*,*,#3970,.F.);
#4196 = ORIENTED_EDGE('',*,*,#4197,.T.);
#4197 = EDGE_CURVE('',#3971,#4198,#4200,.T.);
#4198 = VERTEX_POINT('',#4199);
#4199 = CARTESIAN_POINT('',(64.87181292883,78.3,104.6));
#4200 = SURFACE_CURVE('',#4201,(#4205,#4211),.PCURVE_S1.);
#4201 = LINE('',#4202,#4203);
#4202 = CARTESIAN_POINT('',(-58.25,78.3,104.6));
#4203 = VECTOR('',#4204,1.);
#4204 = DIRECTION('',(-1.,0.,0.));
#4205 = PCURVE('',#686,#4206);
#4206 = DEFINITIONAL_REPRESENTATION('',(#4207),#4210);
#4207 = B_SPLINE_CURVE_WITH_KNOTS('',1,(#4208,#4209),.UNSPECIFIED.,.F.,
  .F.,(2,2),(-124.4,7.9),.PIECEWISE_BEZIER_KNOTS.);
#4208 = CARTESIAN_POINT('',(124.65,160.8));
#4209 = CARTESIAN_POINT('',(-7.65,160.8));
#4210 = ( GEOMETRIC_REPRESENTATION_CONTEXT(2) 
PARAMETRIC_REPRESENTATION_CONTEXT() REPRESENTATION_CONTEXT('2D SPACE',''
  ) );
#4211 = PCURVE('',#4007,#4212);
#4212 = DEFINITIONAL_REPRESENTATION('',(#4213),#4216);
#4213 = B_SPLINE_CURVE_WITH_KNOTS('',1,(#4214,#4215),.UNSPECIFIED.,.F.,
  .F.,(2,2),(-124.4,7.9),.PIECEWISE_BEZIER_KNOTS.);
#4214 = CARTESIAN_POINT('',(86.65,124.15));
#4215 = CARTESIAN_POINT('',(86.65,-8.15));
#4216 = ( GEOMETRIC_REPRESENTATION_CONTEXT(2) 
PARAMETRIC_REPRESENTATION_CONTEXT() REPRESENTATION_CONTEXT('2D SPACE',''
  ) );
#4217 = ORIENTED_EDGE('',*,*,#4218,.T.);
#4218 = EDGE_CURVE('',#4198,#3493,#4219,.T.);
#4219 = SURFACE_CURVE('',#4220,(#4225,#4236),.PCURVE_S1.);
#4220 = CIRCLE('',#4221,20.8);
#4221 = AXIS2_PLACEMENT_3D('',#4222,#4223,#4224);
#4222 = CARTESIAN_POINT('',(58.5,58.5,104.6));
#4223 = DIRECTION('',(0.,0.,-1.));
#4224 = DIRECTION('',(1.,0.,0.));
#4225 = PCURVE('',#686,#4226);
#4226 = DEFINITIONAL_REPRESENTATION('',(#4227),#4235);
#4227 = ( BOUNDED_CURVE() B_SPLINE_CURVE(2,(#4228,#4229,#4230,#4231,
#4232,#4233,#4234),.UNSPECIFIED.,.T.,.F.) B_SPLINE_CURVE_WITH_KNOTS((1,2
    ,2,2,2,1),(-2.094395102393,0.,2.094395102393,4.188790204786,
6.28318530718,8.377580409573),.UNSPECIFIED.) CURVE() 
GEOMETRIC_REPRESENTATION_ITEM() RATIONAL_B_SPLINE_CURVE((1.,0.5,1.,0.5,
1.,0.5,1.)) REPRESENTATION_ITEM('') );
#4228 = CARTESIAN_POINT('',(137.8,141.));
#4229 = CARTESIAN_POINT('',(137.8,104.97334320256));
#4230 = CARTESIAN_POINT('',(106.6,122.98667160128));
#4231 = CARTESIAN_POINT('',(75.4,141.));
#4232 = CARTESIAN_POINT('',(106.6,159.01332839871));
#4233 = CARTESIAN_POINT('',(137.8,177.02665679743));
#4234 = CARTESIAN_POINT('',(137.8,141.));
#4235 = ( GEOMETRIC_REPRESENTATION_CONTEXT(2) 
PARAMETRIC_REPRESENTATION_CONTEXT() REPRESENTATION_CONTEXT('2D SPACE',''
  ) );
#4236 = PCURVE('',#1262,#4237);
#4237 = DEFINITIONAL_REPRESENTATION('',(#4238),#4242);
#4238 = LINE('',#4239,#4240);
#4239 = CARTESIAN_POINT('',(-6.28318530718,-91.6));
#4240 = VECTOR('',#4241,1.);
#4241 = DIRECTION('',(1.,-0.));
#4242 = ( GEOMETRIC_REPRESENTATION_CONTEXT(2) 
PARAMETRIC_REPRESENTATION_CONTEXT() REPRESENTATION_CONTEXT('2D SPACE',''
  ) );
#4243 = ADVANCED_FACE('',(#4244),#1067,.F.);
#4244 = FACE_BOUND('',#4245,.F.);
#4245 = EDGE_LOOP('',(#4246,#4247,#4248,#4271));
#4246 = ORIENTED_EDGE('',*,*,#2676,.T.);
#4247 = ORIENTED_EDGE('',*,*,#1049,.F.);
#4248 = ORIENTED_EDGE('',*,*,#4249,.F.);
#4249 = EDGE_CURVE('',#4250,#1050,#4252,.T.);
#4250 = VERTEX_POINT('',#4251);
#4251 = CARTESIAN_POINT('',(-58.5,-82.5,105.));
#4252 = SURFACE_CURVE('',#4253,(#4257,#4264),.PCURVE_S1.);
#4253 = LINE('',#4254,#4255);
#4254 = CARTESIAN_POINT('',(-58.5,-82.5,105.));
#4255 = VECTOR('',#4256,1.);
#4256 = DIRECTION('',(0.,0.,-1.));
#4257 = PCURVE('',#1067,#4258);
#4258 = DEFINITIONAL_REPRESENTATION('',(#4259),#4263);
#4259 = LINE('',#4260,#4261);
#4260 = CARTESIAN_POINT('',(91.,0.));
#4261 = VECTOR('',#4262,1.);
#4262 = DIRECTION('',(-1.,0.));
#4263 = ( GEOMETRIC_REPRESENTATION_CONTEXT(2) 
PARAMETRIC_REPRESENTATION_CONTEXT() REPRESENTATION_CONTEXT('2D SPACE',''
  ) );
#4264 = PCURVE('',#2088,#4265);
#4265 = DEFINITIONAL_REPRESENTATION('',(#4266),#4270);
#4266 = LINE('',#4267,#4268);
#4267 = CARTESIAN_POINT('',(-4.712388980385,-91.));
#4268 = VECTOR('',#4269,1.);
#4269 = DIRECTION('',(0.,1.));
#4270 = ( GEOMETRIC_REPRESENTATION_CONTEXT(2) 
PARAMETRIC_REPRESENTATION_CONTEXT() REPRESENTATION_CONTEXT('2D SPACE',''
  ) );
#4271 = ORIENTED_EDGE('',*,*,#4272,.T.);
#4272 = EDGE_CURVE('',#4250,#2677,#4273,.T.);
#4273 = SURFACE_CURVE('',#4274,(#4278,#4285),.PCURVE_S1.);
#4274 = LINE('',#4275,#4276);
#4275 = CARTESIAN_POINT('',(-66.,-82.5,105.));
#4276 = VECTOR('',#4277,1.);
#4277 = DIRECTION('',(1.,0.,0.));
#4278 = PCURVE('',#1067,#4279);
#4279 = DEFINITIONAL_REPRESENTATION('',(#4280),#4284);
#4280 = LINE('',#4281,#4282);
#4281 = CARTESIAN_POINT('',(91.,-7.5));
#4282 = VECTOR('',#4283,1.);
#4283 = DIRECTION('',(0.,1.));
#4284 = ( GEOMETRIC_REPRESENTATION_CONTEXT(2) 
PARAMETRIC_REPRESENTATION_CONTEXT() REPRESENTATION_CONTEXT('2D SPACE',''
  ) );
#4285 = PCURVE('',#2716,#4286);
#4286 = DEFINITIONAL_REPRESENTATION('',(#4287),#4291);
#4287 = LINE('',#4288,#4289);
#4288 = CARTESIAN_POINT('',(0.,0.));
#4289 = VECTOR('',#4290,1.);
#4290 = DIRECTION('',(1.,0.));
#4291 = ( GEOMETRIC_REPRESENTATION_CONTEXT(2) 
PARAMETRIC_REPRESENTATION_CONTEXT() REPRESENTATION_CONTEXT('2D SPACE',''
  ) );
#4292 = ADVANCED_FACE('',(#4293),#2088,.T.);
#4293 = FACE_BOUND('',#4294,.F.);
#4294 = EDGE_LOOP('',(#4295,#4318,#4351,#4377,#4406,#4432,#4458,#4459));
#4295 = ORIENTED_EDGE('',*,*,#4296,.F.);
#4296 = EDGE_CURVE('',#4297,#2042,#4299,.T.);
#4297 = VERTEX_POINT('',#4298);
#4298 = CARTESIAN_POINT('',(-82.5,-58.5,105.));
#4299 = SURFACE_CURVE('',#4300,(#4304,#4311),.PCURVE_S1.);
#4300 = LINE('',#4301,#4302);
#4301 = CARTESIAN_POINT('',(-82.5,-58.5,105.));
#4302 = VECTOR('',#4303,1.);
#4303 = DIRECTION('',(0.,0.,-1.));
#4304 = PCURVE('',#2088,#4305);
#4305 = DEFINITIONAL_REPRESENTATION('',(#4306),#4310);
#4306 = LINE('',#4307,#4308);
#4307 = CARTESIAN_POINT('',(-3.14159265359,-91.));
#4308 = VECTOR('',#4309,1.);
#4309 = DIRECTION('',(0.,1.));
#4310 = ( GEOMETRIC_REPRESENTATION_CONTEXT(2) 
PARAMETRIC_REPRESENTATION_CONTEXT() REPRESENTATION_CONTEXT('2D SPACE',''
  ) );
#4311 = PCURVE('',#2057,#4312);
#4312 = DEFINITIONAL_REPRESENTATION('',(#4313),#4317);
#4313 = LINE('',#4314,#4315);
#4314 = CARTESIAN_POINT('',(91.,0.));
#4315 = VECTOR('',#4316,1.);
#4316 = DIRECTION('',(-1.,0.));
#4317 = ( GEOMETRIC_REPRESENTATION_CONTEXT(2) 
PARAMETRIC_REPRESENTATION_CONTEXT() REPRESENTATION_CONTEXT('2D SPACE',''
  ) );
#4318 = ORIENTED_EDGE('',*,*,#4319,.F.);
#4319 = EDGE_CURVE('',#4320,#4297,#4322,.T.);
#4320 = VERTEX_POINT('',#4321);
#4321 = CARTESIAN_POINT('',(-81.29802623035,-66.,105.));
#4322 = SURFACE_CURVE('',#4323,(#4328,#4335),.PCURVE_S1.);
#4323 = CIRCLE('',#4324,24.);
#4324 = AXIS2_PLACEMENT_3D('',#4325,#4326,#4327);
#4325 = CARTESIAN_POINT('',(-58.5,-58.5,105.));
#4326 = DIRECTION('',(0.,0.,-1.));
#4327 = DIRECTION('',(1.,0.,0.));
#4328 = PCURVE('',#2088,#4329);
#4329 = DEFINITIONAL_REPRESENTATION('',(#4330),#4334);
#4330 = LINE('',#4331,#4332);
#4331 = CARTESIAN_POINT('',(-6.28318530718,-91.));
#4332 = VECTOR('',#4333,1.);
#4333 = DIRECTION('',(1.,-0.));
#4334 = ( GEOMETRIC_REPRESENTATION_CONTEXT(2) 
PARAMETRIC_REPRESENTATION_CONTEXT() REPRESENTATION_CONTEXT('2D SPACE',''
  ) );
#4335 = PCURVE('',#4336,#4341);
#4336 = PLANE('',#4337);
#4337 = AXIS2_PLACEMENT_3D('',#4338,#4339,#4340);
#4338 = CARTESIAN_POINT('',(-82.5,-66.,105.));
#4339 = DIRECTION('',(0.,0.,1.));
#4340 = DIRECTION('',(1.,0.,0.));
#4341 = DEFINITIONAL_REPRESENTATION('',(#4342),#4350);
#4342 = ( BOUNDED_CURVE() B_SPLINE_CURVE(2,(#4343,#4344,#4345,#4346,
#4347,#4348,#4349),.UNSPECIFIED.,.T.,.F.) B_SPLINE_CURVE_WITH_KNOTS((1,2
    ,2,2,2,1),(-2.094395102393,0.,2.094395102393,4.188790204786,
6.28318530718,8.377580409573),.UNSPECIFIED.) CURVE() 
GEOMETRIC_REPRESENTATION_ITEM() RATIONAL_B_SPLINE_CURVE((1.,0.5,1.,0.5,
1.,0.5,1.)) REPRESENTATION_ITEM('') );
#4343 = CARTESIAN_POINT('',(48.,7.5));
#4344 = CARTESIAN_POINT('',(48.,-34.06921938165));
#4345 = CARTESIAN_POINT('',(12.,-13.28460969082));
#4346 = CARTESIAN_POINT('',(-24.,7.5));
#4347 = CARTESIAN_POINT('',(12.,28.284609690827));
#4348 = CARTESIAN_POINT('',(48.,49.069219381653));
#4349 = CARTESIAN_POINT('',(48.,7.5));
#4350 = ( GEOMETRIC_REPRESENTATION_CONTEXT(2) 
PARAMETRIC_REPRESENTATION_CONTEXT() REPRESENTATION_CONTEXT('2D SPACE',''
  ) );
#4351 = ORIENTED_EDGE('',*,*,#4352,.T.);
#4352 = EDGE_CURVE('',#4320,#4353,#4355,.T.);
#4353 = VERTEX_POINT('',#4354);
#4354 = CARTESIAN_POINT('',(-81.29802623035,-66.,104.6));
#4355 = SURFACE_CURVE('',#4356,(#4360,#4366),.PCURVE_S1.);
#4356 = LINE('',#4357,#4358);
#4357 = CARTESIAN_POINT('',(-81.29802623035,-66.,13.));
#4358 = VECTOR('',#4359,1.);
#4359 = DIRECTION('',(-0.,-0.,-1.));
#4360 = PCURVE('',#2088,#4361);
#4361 = DEFINITIONAL_REPRESENTATION('',(#4362),#4365);
#4362 = B_SPLINE_CURVE_WITH_KNOTS('',1,(#4363,#4364),.UNSPECIFIED.,.F.,
  .F.,(2,2),(-93.2,-78.8),.PIECEWISE_BEZIER_KNOTS.);
#4363 = CARTESIAN_POINT('',(-3.459416357518,-92.2));
#4364 = CARTESIAN_POINT('',(-3.459416357518,-77.8));
#4365 = ( GEOMETRIC_REPRESENTATION_CONTEXT(2) 
PARAMETRIC_REPRESENTATION_CONTEXT() REPRESENTATION_CONTEXT('2D SPACE',''
  ) );
#4366 = PCURVE('',#4367,#4372);
#4367 = PLANE('',#4368);
#4368 = AXIS2_PLACEMENT_3D('',#4369,#4370,#4371);
#4369 = CARTESIAN_POINT('',(-82.5,-66.,93.));
#4370 = DIRECTION('',(0.,1.,0.));
#4371 = DIRECTION('',(0.,0.,1.));
#4372 = DEFINITIONAL_REPRESENTATION('',(#4373),#4376);
#4373 = B_SPLINE_CURVE_WITH_KNOTS('',1,(#4374,#4375),.UNSPECIFIED.,.F.,
  .F.,(2,2),(-93.2,-78.8),.PIECEWISE_BEZIER_KNOTS.);
#4374 = CARTESIAN_POINT('',(13.2,1.201973769644));
#4375 = CARTESIAN_POINT('',(-1.2,1.201973769644));
#4376 = ( GEOMETRIC_REPRESENTATION_CONTEXT(2) 
PARAMETRIC_REPRESENTATION_CONTEXT() REPRESENTATION_CONTEXT('2D SPACE',''
  ) );
#4377 = ORIENTED_EDGE('',*,*,#4378,.T.);
#4378 = EDGE_CURVE('',#4353,#4379,#4381,.T.);
#4379 = VERTEX_POINT('',#4380);
#4380 = CARTESIAN_POINT('',(-66.,-81.29802623035,104.6));
#4381 = SURFACE_CURVE('',#4382,(#4387,#4394),.PCURVE_S1.);
#4382 = CIRCLE('',#4383,24.);
#4383 = AXIS2_PLACEMENT_3D('',#4384,#4385,#4386);
#4384 = CARTESIAN_POINT('',(-58.5,-58.5,104.6));
#4385 = DIRECTION('',(0.,0.,1.));
#4386 = DIRECTION('',(1.,0.,0.));
#4387 = PCURVE('',#2088,#4388);
#4388 = DEFINITIONAL_REPRESENTATION('',(#4389),#4393);
#4389 = LINE('',#4390,#4391);
#4390 = CARTESIAN_POINT('',(-0.,-90.6));
#4391 = VECTOR('',#4392,1.);
#4392 = DIRECTION('',(-1.,0.));
#4393 = ( GEOMETRIC_REPRESENTATION_CONTEXT(2) 
PARAMETRIC_REPRESENTATION_CONTEXT() REPRESENTATION_CONTEXT('2D SPACE',''
  ) );
#4394 = PCURVE('',#4395,#4400);
#4395 = PLANE('',#4396);
#4396 = AXIS2_PLACEMENT_3D('',#4397,#4398,#4399);
#4397 = CARTESIAN_POINT('',(-58.5,-82.5,104.6));
#4398 = DIRECTION('',(0.,0.,1.));
#4399 = DIRECTION('',(1.,0.,0.));
#4400 = DEFINITIONAL_REPRESENTATION('',(#4401),#4405);
#4401 = CIRCLE('',#4402,24.);
#4402 = AXIS2_PLACEMENT_2D('',#4403,#4404);
#4403 = CARTESIAN_POINT('',(0.,24.));
#4404 = DIRECTION('',(1.,0.));
#4405 = ( GEOMETRIC_REPRESENTATION_CONTEXT(2) 
PARAMETRIC_REPRESENTATION_CONTEXT() REPRESENTATION_CONTEXT('2D SPACE',''
  ) );
#4406 = ORIENTED_EDGE('',*,*,#4407,.F.);
#4407 = EDGE_CURVE('',#4408,#4379,#4410,.T.);
#4408 = VERTEX_POINT('',#4409);
#4409 = CARTESIAN_POINT('',(-66.,-81.29802623035,105.));
#4410 = SURFACE_CURVE('',#4411,(#4415,#4421),.PCURVE_S1.);
#4411 = LINE('',#4412,#4413);
#4412 = CARTESIAN_POINT('',(-66.,-81.29802623035,13.));
#4413 = VECTOR('',#4414,1.);
#4414 = DIRECTION('',(-0.,-0.,-1.));
#4415 = PCURVE('',#2088,#4416);
#4416 = DEFINITIONAL_REPRESENTATION('',(#4417),#4420);
#4417 = B_SPLINE_CURVE_WITH_KNOTS('',1,(#4418,#4419),.UNSPECIFIED.,.F.,
  .F.,(2,2),(-93.2,-78.8),.PIECEWISE_BEZIER_KNOTS.);
#4418 = CARTESIAN_POINT('',(-4.394565276457,-92.2));
#4419 = CARTESIAN_POINT('',(-4.394565276457,-77.8));
#4420 = ( GEOMETRIC_REPRESENTATION_CONTEXT(2) 
PARAMETRIC_REPRESENTATION_CONTEXT() REPRESENTATION_CONTEXT('2D SPACE',''
  ) );
#4421 = PCURVE('',#4422,#4427);
#4422 = PLANE('',#4423);
#4423 = AXIS2_PLACEMENT_3D('',#4424,#4425,#4426);
#4424 = CARTESIAN_POINT('',(-66.,-82.5,93.));
#4425 = DIRECTION('',(1.,0.,0.));
#4426 = DIRECTION('',(0.,0.,1.));
#4427 = DEFINITIONAL_REPRESENTATION('',(#4428),#4431);
#4428 = B_SPLINE_CURVE_WITH_KNOTS('',1,(#4429,#4430),.UNSPECIFIED.,.F.,
  .F.,(2,2),(-93.2,-78.8),.PIECEWISE_BEZIER_KNOTS.);
#4429 = CARTESIAN_POINT('',(13.2,-1.201973769644));
#4430 = CARTESIAN_POINT('',(-1.2,-1.201973769644));
#4431 = ( GEOMETRIC_REPRESENTATION_CONTEXT(2) 
PARAMETRIC_REPRESENTATION_CONTEXT() REPRESENTATION_CONTEXT('2D SPACE',''
  ) );
#4432 = ORIENTED_EDGE('',*,*,#4433,.F.);
#4433 = EDGE_CURVE('',#4250,#4408,#4434,.T.);
#4434 = SURFACE_CURVE('',#4435,(#4440,#4447),.PCURVE_S1.);
#4435 = CIRCLE('',#4436,24.);
#4436 = AXIS2_PLACEMENT_3D('',#4437,#4438,#4439);
#4437 = CARTESIAN_POINT('',(-58.5,-58.5,105.));
#4438 = DIRECTION('',(0.,0.,-1.));
#4439 = DIRECTION('',(1.,0.,0.));
#4440 = PCURVE('',#2088,#4441);
#4441 = DEFINITIONAL_REPRESENTATION('',(#4442),#4446);
#4442 = LINE('',#4443,#4444);
#4443 = CARTESIAN_POINT('',(-6.28318530718,-91.));
#4444 = VECTOR('',#4445,1.);
#4445 = DIRECTION('',(1.,-0.));
#4446 = ( GEOMETRIC_REPRESENTATION_CONTEXT(2) 
PARAMETRIC_REPRESENTATION_CONTEXT() REPRESENTATION_CONTEXT('2D SPACE',''
  ) );
#4447 = PCURVE('',#2716,#4448);
#4448 = DEFINITIONAL_REPRESENTATION('',(#4449),#4457);
#4449 = ( BOUNDED_CURVE() B_SPLINE_CURVE(2,(#4450,#4451,#4452,#4453,
#4454,#4455,#4456),.UNSPECIFIED.,.T.,.F.) B_SPLINE_CURVE_WITH_KNOTS((1,2
    ,2,2,2,1),(-2.094395102393,0.,2.094395102393,4.188790204786,
6.28318530718,8.377580409573),.UNSPECIFIED.) CURVE() 
GEOMETRIC_REPRESENTATION_ITEM() RATIONAL_B_SPLINE_CURVE((1.,0.5,1.,0.5,
1.,0.5,1.)) REPRESENTATION_ITEM('') );
#4450 = CARTESIAN_POINT('',(31.5,24.));
#4451 = CARTESIAN_POINT('',(31.5,-17.56921938165));
#4452 = CARTESIAN_POINT('',(-4.5,3.215390309173));
#4453 = CARTESIAN_POINT('',(-40.5,24.));
#4454 = CARTESIAN_POINT('',(-4.5,44.784609690827));
#4455 = CARTESIAN_POINT('',(31.5,65.569219381653));
#4456 = CARTESIAN_POINT('',(31.5,24.));
#4457 = ( GEOMETRIC_REPRESENTATION_CONTEXT(2) 
PARAMETRIC_REPRESENTATION_CONTEXT() REPRESENTATION_CONTEXT('2D SPACE',''
  ) );
#4458 = ORIENTED_EDGE('',*,*,#4249,.T.);
#4459 = ORIENTED_EDGE('',*,*,#2069,.T.);
#4460 = ADVANCED_FACE('',(#4461),#2057,.F.);
#4461 = FACE_BOUND('',#4462,.F.);
#4462 = EDGE_LOOP('',(#4463,#4464,#4465,#4488));
#4463 = ORIENTED_EDGE('',*,*,#4296,.T.);
#4464 = ORIENTED_EDGE('',*,*,#2041,.T.);
#4465 = ORIENTED_EDGE('',*,*,#4466,.F.);
#4466 = EDGE_CURVE('',#4467,#2009,#4469,.T.);
#4467 = VERTEX_POINT('',#4468);
#4468 = CARTESIAN_POINT('',(-82.5,58.5,105.));
#4469 = SURFACE_CURVE('',#4470,(#4474,#4481),.PCURVE_S1.);
#4470 = LINE('',#4471,#4472);
#4471 = CARTESIAN_POINT('',(-82.5,58.5,105.));
#4472 = VECTOR('',#4473,1.);
#4473 = DIRECTION('',(0.,0.,-1.));
#4474 = PCURVE('',#2057,#4475);
#4475 = DEFINITIONAL_REPRESENTATION('',(#4476),#4480);
#4476 = LINE('',#4477,#4478);
#4477 = CARTESIAN_POINT('',(91.,-117.));
#4478 = VECTOR('',#4479,1.);
#4479 = DIRECTION('',(-1.,0.));
#4480 = ( GEOMETRIC_REPRESENTATION_CONTEXT(2) 
PARAMETRIC_REPRESENTATION_CONTEXT() REPRESENTATION_CONTEXT('2D SPACE',''
  ) );
#4481 = PCURVE('',#2029,#4482);
#4482 = DEFINITIONAL_REPRESENTATION('',(#4483),#4487);
#4483 = LINE('',#4484,#4485);
#4484 = CARTESIAN_POINT('',(-3.14159265359,-91.));
#4485 = VECTOR('',#4486,1.);
#4486 = DIRECTION('',(0.,1.));
#4487 = ( GEOMETRIC_REPRESENTATION_CONTEXT(2) 
PARAMETRIC_REPRESENTATION_CONTEXT() REPRESENTATION_CONTEXT('2D SPACE',''
  ) );
#4488 = ORIENTED_EDGE('',*,*,#4489,.F.);
#4489 = EDGE_CURVE('',#4297,#4467,#4490,.T.);
#4490 = SURFACE_CURVE('',#4491,(#4495,#4502),.PCURVE_S1.);
#4491 = LINE('',#4492,#4493);
#4492 = CARTESIAN_POINT('',(-82.5,-66.,105.));
#4493 = VECTOR('',#4494,1.);
#4494 = DIRECTION('',(0.,1.,0.));
#4495 = PCURVE('',#2057,#4496);
#4496 = DEFINITIONAL_REPRESENTATION('',(#4497),#4501);
#4497 = LINE('',#4498,#4499);
#4498 = CARTESIAN_POINT('',(91.,7.5));
#4499 = VECTOR('',#4500,1.);
#4500 = DIRECTION('',(0.,-1.));
#4501 = ( GEOMETRIC_REPRESENTATION_CONTEXT(2) 
PARAMETRIC_REPRESENTATION_CONTEXT() REPRESENTATION_CONTEXT('2D SPACE',''
  ) );
#4502 = PCURVE('',#4336,#4503);
#4503 = DEFINITIONAL_REPRESENTATION('',(#4504),#4508);
#4504 = LINE('',#4505,#4506);
#4505 = CARTESIAN_POINT('',(0.,0.));
#4506 = VECTOR('',#4507,1.);
#4507 = DIRECTION('',(0.,1.));
#4508 = ( GEOMETRIC_REPRESENTATION_CONTEXT(2) 
PARAMETRIC_REPRESENTATION_CONTEXT() REPRESENTATION_CONTEXT('2D SPACE',''
  ) );
#4509 = ADVANCED_FACE('',(#4510),#2029,.T.);
#4510 = FACE_BOUND('',#4511,.F.);
#4511 = EDGE_LOOP('',(#4512,#4535,#4650,#4676,#4705,#4731,#4757,#4758));
#4512 = ORIENTED_EDGE('',*,*,#4513,.F.);
#4513 = EDGE_CURVE('',#4514,#1982,#4516,.T.);
#4514 = VERTEX_POINT('',#4515);
#4515 = CARTESIAN_POINT('',(-64.,81.861292771771,20.584340493006));
#4516 = SURFACE_CURVE('',#4517,(#4521,#4528),.PCURVE_S1.);
#4517 = LINE('',#4518,#4519);
#4518 = CARTESIAN_POINT('',(-64.,81.861292771771,20.584340493006));
#4519 = VECTOR('',#4520,1.);
#4520 = DIRECTION('',(-3.237420983232E-15,1.026586193783E-10,-1.));
#4521 = PCURVE('',#2029,#4522);
#4522 = DEFINITIONAL_REPRESENTATION('',(#4523),#4527);
#4523 = LINE('',#4524,#4525);
#4524 = CARTESIAN_POINT('',(-1.802017806252,-6.584340493006));
#4525 = VECTOR('',#4526,1.);
#4526 = DIRECTION('',(-0.,1.));
#4527 = ( GEOMETRIC_REPRESENTATION_CONTEXT(2) 
PARAMETRIC_REPRESENTATION_CONTEXT() REPRESENTATION_CONTEXT('2D SPACE',''
  ) );
#4528 = PCURVE('',#1996,#4529);
#4529 = DEFINITIONAL_REPRESENTATION('',(#4530),#4534);
#4530 = LINE('',#4531,#4532);
#4531 = CARTESIAN_POINT('',(8.584340493006,-22.36129277177));
#4532 = VECTOR('',#4533,1.);
#4533 = DIRECTION('',(-1.,-1.026586193783E-10));
#4534 = ( GEOMETRIC_REPRESENTATION_CONTEXT(2) 
PARAMETRIC_REPRESENTATION_CONTEXT() REPRESENTATION_CONTEXT('2D SPACE',''
  ) );
#4535 = ORIENTED_EDGE('',*,*,#4536,.T.);
#4536 = EDGE_CURVE('',#4514,#4537,#4539,.T.);
#4537 = VERTEX_POINT('',#4538);
#4538 = CARTESIAN_POINT('',(-66.15,81.248131791424,26.1));
#4539 = SURFACE_CURVE('',#4540,(#4573,#4609),.PCURVE_S1.);
#4540 = B_SPLINE_CURVE_WITH_KNOTS('',7,(#4541,#4542,#4543,#4544,#4545,
    #4546,#4547,#4548,#4549,#4550,#4551,#4552,#4553,#4554,#4555,#4556,
    #4557,#4558,#4559,#4560,#4561,#4562,#4563,#4564,#4565,#4566,#4567,
    #4568,#4569,#4570,#4571,#4572),.UNSPECIFIED.,.F.,.F.,(8,6,6,6,6,8),(
    0.,0.144646769784,0.252774307413,0.394046476354,0.51345552307,1.),
  .UNSPECIFIED.);
#4541 = CARTESIAN_POINT('',(-58.5,82.5,17.965351882226));
#4542 = CARTESIAN_POINT('',(-58.81232698881,82.5,17.984549208545));
#4543 = CARTESIAN_POINT('',(-59.12257004264,82.495258083688,
    18.017661620115));
#4544 = CARTESIAN_POINT('',(-59.42943591691,82.485888112412,
    18.064411395959));
#4545 = CARTESIAN_POINT('',(-59.7316563149,82.472114846559,
    18.124323845756));
#4546 = CARTESIAN_POINT('',(-60.02800417897,82.454266684283,
    18.196728197563));
#4547 = CARTESIAN_POINT('',(-60.31731005847,82.43276099668,
    18.280756080058));
#4548 = CARTESIAN_POINT('',(-60.8086599298,82.389633858128,
    18.446039950979));
#4549 = CARTESIAN_POINT('',(-61.0144450132,82.369399204184,
    18.522690418734));
#4550 = CARTESIAN_POINT('',(-61.21566201439,82.34754974498,
    18.604957478149));
#4551 = CARTESIAN_POINT('',(-61.412155711,82.324261165564,
    18.692505807028));
#4552 = CARTESIAN_POINT('',(-61.60378746848,82.299710976065,
    18.784995709083));
#4553 = CARTESIAN_POINT('',(-61.79043526044,82.27407629915,
    18.882082537595));
#4554 = CARTESIAN_POINT('',(-62.20920572182,82.212850213844,
    19.115811761839));
#4555 = CARTESIAN_POINT('',(-62.43777900677,82.1766082701,
    19.255483686682));
#4556 = CARTESIAN_POINT('',(-62.65773698124,82.139155351114,
    19.401805526015));
#4557 = CARTESIAN_POINT('',(-62.86912372692,82.10081924542,
    19.55419603697));
#4558 = CARTESIAN_POINT('',(-63.07200358974,82.061904684446,
    19.712118700683));
#4559 = CARTESIAN_POINT('',(-63.26646079974,82.022692021749,
    19.875081321552));
#4560 = CARTESIAN_POINT('',(-63.60993082925,81.950255034153,
    20.184259415385));
#4561 = CARTESIAN_POINT('',(-63.76134536431,81.917037635833,
    20.329187287066));
#4562 = CARTESIAN_POINT('',(-63.90692569086,81.883932476927,
    20.477173436666));
#4563 = CARTESIAN_POINT('',(-64.04675422787,81.851076677418,
    20.627992952369));
#4564 = CARTESIAN_POINT('',(-64.18091286039,81.818596210671,
    20.78144182687));
#4565 = CARTESIAN_POINT('',(-64.30948298135,81.786606396478,
    20.937336968827));
#4566 = CARTESIAN_POINT('',(-64.93397659439,81.627294293371,
    21.740033864896));
#4567 = CARTESIAN_POINT('',(-65.34473289766,81.509073102794,
    22.423457606742));
#4568 = CARTESIAN_POINT('',(-65.66884662517,81.407955692177,
    23.133858818289));
#4569 = CARTESIAN_POINT('',(-65.90974412086,81.328927465408,
    23.862846700351));
#4570 = CARTESIAN_POINT('',(-66.06975915239,81.275116152089,
    24.603824645725));
#4571 = CARTESIAN_POINT('',(-66.15,81.248131791424,25.351308359329));
#4572 = CARTESIAN_POINT('',(-66.15,81.248131791424,26.1));
#4573 = PCURVE('',#2029,#4574);
#4574 = DEFINITIONAL_REPRESENTATION('',(#4575),#4608);
#4575 = B_SPLINE_CURVE_WITH_KNOTS('',7,(#4576,#4577,#4578,#4579,#4580,
    #4581,#4582,#4583,#4584,#4585,#4586,#4587,#4588,#4589,#4590,#4591,
    #4592,#4593,#4594,#4595,#4596,#4597,#4598,#4599,#4600,#4601,#4602,
    #4603,#4604,#4605,#4606,#4607),.UNSPECIFIED.,.F.,.F.,(8,6,6,6,6,8),(
    0.,0.144646769784,0.252774307413,0.394046476354,0.51345552307,1.),
  .UNSPECIFIED.);
#4576 = CARTESIAN_POINT('',(-1.570796326795,-3.965351882226));
#4577 = CARTESIAN_POINT('',(-1.583809951329,-3.984549208545));
#4578 = CARTESIAN_POINT('',(-1.596736745827,-4.017661620115));
#4579 = CARTESIAN_POINT('',(-1.609526421528,-4.064411395959));
#4580 = CARTESIAN_POINT('',(-1.622129524352,-4.124323845756));
#4581 = CARTESIAN_POINT('',(-1.634497739909,-4.196728197563));
#4582 = CARTESIAN_POINT('',(-1.646584334113,-4.280756080058));
#4583 = CARTESIAN_POINT('',(-1.667135956368,-4.446039950979));
#4584 = CARTESIAN_POINT('',(-1.675751213723,-4.522690418734));
#4585 = CARTESIAN_POINT('',(-1.684183858148,-4.604957478149));
#4586 = CARTESIAN_POINT('',(-1.692427713078,-4.692505807028));
#4587 = CARTESIAN_POINT('',(-1.700477086393,-4.784995709083));
#4588 = CARTESIAN_POINT('',(-1.708326788116,-4.882082537595));
#4589 = CARTESIAN_POINT('',(-1.725961061329,-5.115811761839));
#4590 = CARTESIAN_POINT('',(-1.735603219988,-5.255483686682));
#4591 = CARTESIAN_POINT('',(-1.744899109689,-5.401805526015));
#4592 = CARTESIAN_POINT('',(-1.753849693271,-5.55419603697));
#4593 = CARTESIAN_POINT('',(-1.762456487524,-5.712118700683));
#4594 = CARTESIAN_POINT('',(-1.770721639893,-5.875081321552));
#4595 = CARTESIAN_POINT('',(-1.785347695075,-6.184259415385));
#4596 = CARTESIAN_POINT('',(-1.791806455888,-6.329187287066));
#4597 = CARTESIAN_POINT('',(-1.79802688178,-6.477173436666));
#4598 = CARTESIAN_POINT('',(-1.804011488213,-6.627992952369));
#4599 = CARTESIAN_POINT('',(-1.809762736805,-6.78144182687));
#4600 = CARTESIAN_POINT('',(-1.815283060174,-6.937336968827));
#4601 = CARTESIAN_POINT('',(-1.842136980167,-7.740033864896));
#4602 = CARTESIAN_POINT('',(-1.859938334732,-8.423457606742));
#4603 = CARTESIAN_POINT('',(-1.874081797388,-9.133858818289));
#4604 = CARTESIAN_POINT('',(-1.884645149123,-9.86284670035));
#4605 = CARTESIAN_POINT('',(-1.891679375588,-10.60382464572));
#4606 = CARTESIAN_POINT('',(-1.895206731521,-11.35130835932));
#4607 = CARTESIAN_POINT('',(-1.895206731521,-12.1));
#4608 = ( GEOMETRIC_REPRESENTATION_CONTEXT(2) 
PARAMETRIC_REPRESENTATION_CONTEXT() REPRESENTATION_CONTEXT('2D SPACE',''
  ) );
#4609 = PCURVE('',#4610,#4615);
#4610 = CYLINDRICAL_SURFACE('',#4611,8.15);
#4611 = AXIS2_PLACEMENT_3D('',#4612,#4613,#4614);
#4612 = CARTESIAN_POINT('',(-58.,78.3,26.1));
#4613 = DIRECTION('',(0.,1.,0.));
#4614 = DIRECTION('',(0.,-0.,1.));
#4615 = DEFINITIONAL_REPRESENTATION('',(#4616),#4649);
#4616 = B_SPLINE_CURVE_WITH_KNOTS('',7,(#4617,#4618,#4619,#4620,#4621,
    #4622,#4623,#4624,#4625,#4626,#4627,#4628,#4629,#4630,#4631,#4632,
    #4633,#4634,#4635,#4636,#4637,#4638,#4639,#4640,#4641,#4642,#4643,
    #4644,#4645,#4646,#4647,#4648),.UNSPECIFIED.,.F.,.F.,(8,6,6,6,6,8),(
    0.,0.144646769784,0.252774307413,0.394046476354,0.51345552307,1.),
  .UNSPECIFIED.);
#4617 = CARTESIAN_POINT('',(3.202980896677,4.2));
#4618 = CARTESIAN_POINT('',(3.241375549315,4.2));
#4619 = CARTESIAN_POINT('',(3.279619731843,4.195258083688));
#4620 = CARTESIAN_POINT('',(3.317645424047,4.185888112412));
#4621 = CARTESIAN_POINT('',(3.355382894859,4.172114846559));
#4622 = CARTESIAN_POINT('',(3.392758187543,4.154266684283));
#4623 = CARTESIAN_POINT('',(3.42969047446,4.13276099668));
#4624 = CARTESIAN_POINT('',(3.493298415602,4.089633858128));
#4625 = CARTESIAN_POINT('',(3.520228976577,4.069399204184));
#4626 = CARTESIAN_POINT('',(3.546880901074,4.04754974498));
#4627 = CARTESIAN_POINT('',(3.573252911181,4.024261165564));
#4628 = CARTESIAN_POINT('',(3.599342485458,3.999710976065));
#4629 = CARTESIAN_POINT('',(3.625145830051,3.97407629915));
#4630 = CARTESIAN_POINT('',(3.683990139116,3.912850213844));
#4631 = CARTESIAN_POINT('',(3.716831995491,3.8766082701));
#4632 = CARTESIAN_POINT('',(3.749208885183,3.839155351114));
#4633 = CARTESIAN_POINT('',(3.781143364106,3.80081924542));
#4634 = CARTESIAN_POINT('',(3.812656129555,3.761904684446));
#4635 = CARTESIAN_POINT('',(3.843767071918,3.722692021749));
#4636 = CARTESIAN_POINT('',(3.900469955932,3.650255034153));
#4637 = CARTESIAN_POINT('',(3.92617520462,3.617037635833));
#4638 = CARTESIAN_POINT('',(3.951628065373,3.583932476927));
#4639 = CARTESIAN_POINT('',(3.976843576397,3.551076677418));
#4640 = CARTESIAN_POINT('',(4.001836242165,3.518596210671));
#4641 = CARTESIAN_POINT('',(4.026620454415,3.486606396478));
#4642 = CARTESIAN_POINT('',(4.151407273554,3.327294293371));
#4643 = CARTESIAN_POINT('',(4.248539781739,3.209073102794));
#4644 = CARTESIAN_POINT('',(4.343399242592,3.107955692177));
#4645 = CARTESIAN_POINT('',(4.436625166316,3.028927465408));
#4646 = CARTESIAN_POINT('',(4.528809246895,2.975116152089));
#4647 = CARTESIAN_POINT('',(4.620524975394,2.948131791424));
#4648 = CARTESIAN_POINT('',(4.712388980385,2.948131791424));
#4649 = ( GEOMETRIC_REPRESENTATION_CONTEXT(2) 
PARAMETRIC_REPRESENTATION_CONTEXT() REPRESENTATION_CONTEXT('2D SPACE',''
  ) );
#4650 = ORIENTED_EDGE('',*,*,#4651,.F.);
#4651 = EDGE_CURVE('',#4652,#4537,#4654,.T.);
#4652 = VERTEX_POINT('',#4653);
#4653 = CARTESIAN_POINT('',(-66.15,81.248131791424,104.6));
#4654 = SURFACE_CURVE('',#4655,(#4659,#4665),.PCURVE_S1.);
#4655 = LINE('',#4656,#4657);
#4656 = CARTESIAN_POINT('',(-66.15,81.248131791424,14.));
#4657 = VECTOR('',#4658,1.);
#4658 = DIRECTION('',(-0.,-0.,-1.));
#4659 = PCURVE('',#2029,#4660);
#4660 = DEFINITIONAL_REPRESENTATION('',(#4661),#4664);
#4661 = B_SPLINE_CURVE_WITH_KNOTS('',1,(#4662,#4663),.UNSPECIFIED.,.F.,
  .F.,(2,2),(-90.6000006,5.999999999062E-07),.PIECEWISE_BEZIER_KNOTS.);
#4662 = CARTESIAN_POINT('',(-1.895206731521,-90.6000006));
#4663 = CARTESIAN_POINT('',(-1.895206731521,5.999999999062E-07));
#4664 = ( GEOMETRIC_REPRESENTATION_CONTEXT(2) 
PARAMETRIC_REPRESENTATION_CONTEXT() REPRESENTATION_CONTEXT('2D SPACE',''
  ) );
#4665 = PCURVE('',#4666,#4671);
#4666 = PLANE('',#4667);
#4667 = AXIS2_PLACEMENT_3D('',#4668,#4669,#4670);
#4668 = CARTESIAN_POINT('',(-66.15,78.3,26.1));
#4669 = DIRECTION('',(1.,0.,0.));
#4670 = DIRECTION('',(0.,0.,1.));
#4671 = DEFINITIONAL_REPRESENTATION('',(#4672),#4675);
#4672 = B_SPLINE_CURVE_WITH_KNOTS('',1,(#4673,#4674),.UNSPECIFIED.,.F.,
  .F.,(2,2),(-90.6000006,5.999999999062E-07),.PIECEWISE_BEZIER_KNOTS.);
#4673 = CARTESIAN_POINT('',(78.5000006,-2.948131791424));
#4674 = CARTESIAN_POINT('',(-12.1000006,-2.948131791424));
#4675 = ( GEOMETRIC_REPRESENTATION_CONTEXT(2) 
PARAMETRIC_REPRESENTATION_CONTEXT() REPRESENTATION_CONTEXT('2D SPACE',''
  ) );
#4676 = ORIENTED_EDGE('',*,*,#4677,.T.);
#4677 = EDGE_CURVE('',#4652,#4678,#4680,.T.);
#4678 = VERTEX_POINT('',#4679);
#4679 = CARTESIAN_POINT('',(-81.29802623035,66.,104.6));
#4680 = SURFACE_CURVE('',#4681,(#4686,#4693),.PCURVE_S1.);
#4681 = CIRCLE('',#4682,24.);
#4682 = AXIS2_PLACEMENT_3D('',#4683,#4684,#4685);
#4683 = CARTESIAN_POINT('',(-58.5,58.5,104.6));
#4684 = DIRECTION('',(0.,0.,1.));
#4685 = DIRECTION('',(1.,0.,0.));
#4686 = PCURVE('',#2029,#4687);
#4687 = DEFINITIONAL_REPRESENTATION('',(#4688),#4692);
#4688 = LINE('',#4689,#4690);
#4689 = CARTESIAN_POINT('',(-0.,-90.6));
#4690 = VECTOR('',#4691,1.);
#4691 = DIRECTION('',(-1.,0.));
#4692 = ( GEOMETRIC_REPRESENTATION_CONTEXT(2) 
PARAMETRIC_REPRESENTATION_CONTEXT() REPRESENTATION_CONTEXT('2D SPACE',''
  ) );
#4693 = PCURVE('',#4694,#4699);
#4694 = PLANE('',#4695);
#4695 = AXIS2_PLACEMENT_3D('',#4696,#4697,#4698);
#4696 = CARTESIAN_POINT('',(-58.5,-82.5,104.6));
#4697 = DIRECTION('',(0.,0.,1.));
#4698 = DIRECTION('',(1.,0.,0.));
#4699 = DEFINITIONAL_REPRESENTATION('',(#4700),#4704);
#4700 = CIRCLE('',#4701,24.);
#4701 = AXIS2_PLACEMENT_2D('',#4702,#4703);
#4702 = CARTESIAN_POINT('',(0.,141.));
#4703 = DIRECTION('',(1.,0.));
#4704 = ( GEOMETRIC_REPRESENTATION_CONTEXT(2) 
PARAMETRIC_REPRESENTATION_CONTEXT() REPRESENTATION_CONTEXT('2D SPACE',''
  ) );
#4705 = ORIENTED_EDGE('',*,*,#4706,.F.);
#4706 = EDGE_CURVE('',#4707,#4678,#4709,.T.);
#4707 = VERTEX_POINT('',#4708);
#4708 = CARTESIAN_POINT('',(-81.29802623035,66.,105.));
#4709 = SURFACE_CURVE('',#4710,(#4714,#4720),.PCURVE_S1.);
#4710 = LINE('',#4711,#4712);
#4711 = CARTESIAN_POINT('',(-81.29802623035,66.,13.));
#4712 = VECTOR('',#4713,1.);
#4713 = DIRECTION('',(-0.,-0.,-1.));
#4714 = PCURVE('',#2029,#4715);
#4715 = DEFINITIONAL_REPRESENTATION('',(#4716),#4719);
#4716 = B_SPLINE_CURVE_WITH_KNOTS('',1,(#4717,#4718),.UNSPECIFIED.,.F.,
  .F.,(2,2),(-93.2,-78.8),.PIECEWISE_BEZIER_KNOTS.);
#4717 = CARTESIAN_POINT('',(-2.823768949662,-92.2));
#4718 = CARTESIAN_POINT('',(-2.823768949662,-77.8));
#4719 = ( GEOMETRIC_REPRESENTATION_CONTEXT(2) 
PARAMETRIC_REPRESENTATION_CONTEXT() REPRESENTATION_CONTEXT('2D SPACE',''
  ) );
#4720 = PCURVE('',#4721,#4726);
#4721 = PLANE('',#4722);
#4722 = AXIS2_PLACEMENT_3D('',#4723,#4724,#4725);
#4723 = CARTESIAN_POINT('',(-82.5,66.,93.));
#4724 = DIRECTION('',(0.,1.,0.));
#4725 = DIRECTION('',(0.,0.,1.));
#4726 = DEFINITIONAL_REPRESENTATION('',(#4727),#4730);
#4727 = B_SPLINE_CURVE_WITH_KNOTS('',1,(#4728,#4729),.UNSPECIFIED.,.F.,
  .F.,(2,2),(-93.2,-78.8),.PIECEWISE_BEZIER_KNOTS.);
#4728 = CARTESIAN_POINT('',(13.2,1.201973769644));
#4729 = CARTESIAN_POINT('',(-1.2,1.201973769644));
#4730 = ( GEOMETRIC_REPRESENTATION_CONTEXT(2) 
PARAMETRIC_REPRESENTATION_CONTEXT() REPRESENTATION_CONTEXT('2D SPACE',''
  ) );
#4731 = ORIENTED_EDGE('',*,*,#4732,.F.);
#4732 = EDGE_CURVE('',#4467,#4707,#4733,.T.);
#4733 = SURFACE_CURVE('',#4734,(#4739,#4746),.PCURVE_S1.);
#4734 = CIRCLE('',#4735,24.);
#4735 = AXIS2_PLACEMENT_3D('',#4736,#4737,#4738);
#4736 = CARTESIAN_POINT('',(-58.5,58.5,105.));
#4737 = DIRECTION('',(0.,0.,-1.));
#4738 = DIRECTION('',(1.,0.,0.));
#4739 = PCURVE('',#2029,#4740);
#4740 = DEFINITIONAL_REPRESENTATION('',(#4741),#4745);
#4741 = LINE('',#4742,#4743);
#4742 = CARTESIAN_POINT('',(-6.28318530718,-91.));
#4743 = VECTOR('',#4744,1.);
#4744 = DIRECTION('',(1.,-0.));
#4745 = ( GEOMETRIC_REPRESENTATION_CONTEXT(2) 
PARAMETRIC_REPRESENTATION_CONTEXT() REPRESENTATION_CONTEXT('2D SPACE',''
  ) );
#4746 = PCURVE('',#4336,#4747);
#4747 = DEFINITIONAL_REPRESENTATION('',(#4748),#4756);
#4748 = ( BOUNDED_CURVE() B_SPLINE_CURVE(2,(#4749,#4750,#4751,#4752,
#4753,#4754,#4755),.UNSPECIFIED.,.T.,.F.) B_SPLINE_CURVE_WITH_KNOTS((1,2
    ,2,2,2,1),(-2.094395102393,0.,2.094395102393,4.188790204786,
6.28318530718,8.377580409573),.UNSPECIFIED.) CURVE() 
GEOMETRIC_REPRESENTATION_ITEM() RATIONAL_B_SPLINE_CURVE((1.,0.5,1.,0.5,
1.,0.5,1.)) REPRESENTATION_ITEM('') );
#4749 = CARTESIAN_POINT('',(48.,124.5));
#4750 = CARTESIAN_POINT('',(48.,82.930780618347));
#4751 = CARTESIAN_POINT('',(12.,103.71539030917));
#4752 = CARTESIAN_POINT('',(-24.,124.5));
#4753 = CARTESIAN_POINT('',(12.,145.28460969082));
#4754 = CARTESIAN_POINT('',(48.,166.06921938165));
#4755 = CARTESIAN_POINT('',(48.,124.5));
#4756 = ( GEOMETRIC_REPRESENTATION_CONTEXT(2) 
PARAMETRIC_REPRESENTATION_CONTEXT() REPRESENTATION_CONTEXT('2D SPACE',''
  ) );
#4757 = ORIENTED_EDGE('',*,*,#4466,.T.);
#4758 = ORIENTED_EDGE('',*,*,#2008,.T.);
#4759 = ADVANCED_FACE('',(#4760),#1996,.T.);
#4760 = FACE_BOUND('',#4761,.T.);
#4761 = EDGE_LOOP('',(#4762,#4763,#4764,#4786,#4808,#4835,#4862,#4889));
#4762 = ORIENTED_EDGE('',*,*,#1981,.T.);
#4763 = ORIENTED_EDGE('',*,*,#4513,.F.);
#4764 = ORIENTED_EDGE('',*,*,#4765,.F.);
#4765 = EDGE_CURVE('',#4766,#4514,#4768,.T.);
#4766 = VERTEX_POINT('',#4767);
#4767 = CARTESIAN_POINT('',(-64.,78.559661015804,20.584340488668));
#4768 = SURFACE_CURVE('',#4769,(#4773,#4780),.PCURVE_S1.);
#4769 = LINE('',#4770,#4771);
#4770 = CARTESIAN_POINT('',(-64.,78.3,20.584340474612));
#4771 = VECTOR('',#4772,1.);
#4772 = DIRECTION('',(0.,1.,0.));
#4773 = PCURVE('',#1996,#4774);
#4774 = DEFINITIONAL_REPRESENTATION('',(#4775),#4779);
#4775 = LINE('',#4776,#4777);
#4776 = CARTESIAN_POINT('',(8.584340474612,-18.8));
#4777 = VECTOR('',#4778,1.);
#4778 = DIRECTION('',(0.,-1.));
#4779 = ( GEOMETRIC_REPRESENTATION_CONTEXT(2) 
PARAMETRIC_REPRESENTATION_CONTEXT() REPRESENTATION_CONTEXT('2D SPACE',''
  ) );
#4780 = PCURVE('',#4610,#4781);
#4781 = DEFINITIONAL_REPRESENTATION('',(#4782),#4785);
#4782 = B_SPLINE_CURVE_WITH_KNOTS('',1,(#4783,#4784),.UNSPECIFIED.,.F.,
  .F.,(2,2),(-6.000000070117E-07,4.153079734291),
  .PIECEWISE_BEZIER_KNOTS.);
#4783 = CARTESIAN_POINT('',(3.969025333504,-6.000000070117E-07));
#4784 = CARTESIAN_POINT('',(3.969025333504,4.153079734291));
#4785 = ( GEOMETRIC_REPRESENTATION_CONTEXT(2) 
PARAMETRIC_REPRESENTATION_CONTEXT() REPRESENTATION_CONTEXT('2D SPACE',''
  ) );
#4786 = ORIENTED_EDGE('',*,*,#4787,.T.);
#4787 = EDGE_CURVE('',#4766,#4788,#4790,.T.);
#4788 = VERTEX_POINT('',#4789);
#4789 = CARTESIAN_POINT('',(-64.,78.559661014085,18.));
#4790 = SURFACE_CURVE('',#4791,(#4795,#4802),.PCURVE_S1.);
#4791 = LINE('',#4792,#4793);
#4792 = CARTESIAN_POINT('',(-64.,78.559661014085,13.));
#4793 = VECTOR('',#4794,1.);
#4794 = DIRECTION('',(-0.,-0.,-1.));
#4795 = PCURVE('',#1996,#4796);
#4796 = DEFINITIONAL_REPRESENTATION('',(#4797),#4801);
#4797 = LINE('',#4798,#4799);
#4798 = CARTESIAN_POINT('',(1.,-19.05966101408));
#4799 = VECTOR('',#4800,1.);
#4800 = DIRECTION('',(-1.,0.));
#4801 = ( GEOMETRIC_REPRESENTATION_CONTEXT(2) 
PARAMETRIC_REPRESENTATION_CONTEXT() REPRESENTATION_CONTEXT('2D SPACE',''
  ) );
#4802 = PCURVE('',#1860,#4803);
#4803 = DEFINITIONAL_REPRESENTATION('',(#4804),#4807);
#4804 = B_SPLINE_CURVE_WITH_KNOTS('',1,(#4805,#4806),.UNSPECIFIED.,.F.,
  .F.,(2,2),(-21.,-0.9999994),.PIECEWISE_BEZIER_KNOTS.);
#4805 = CARTESIAN_POINT('',(-1.838401984518,-21.));
#4806 = CARTESIAN_POINT('',(-1.838401984518,-0.9999994));
#4807 = ( GEOMETRIC_REPRESENTATION_CONTEXT(2) 
PARAMETRIC_REPRESENTATION_CONTEXT() REPRESENTATION_CONTEXT('2D SPACE',''
  ) );
#4808 = ORIENTED_EDGE('',*,*,#4809,.F.);
#4809 = EDGE_CURVE('',#4810,#4788,#4812,.T.);
#4810 = VERTEX_POINT('',#4811);
#4811 = CARTESIAN_POINT('',(-64.,75.5,18.));
#4812 = SURFACE_CURVE('',#4813,(#4817,#4824),.PCURVE_S1.);
#4813 = LINE('',#4814,#4815);
#4814 = CARTESIAN_POINT('',(-64.,65.5,18.));
#4815 = VECTOR('',#4816,1.);
#4816 = DIRECTION('',(0.,1.,0.));
#4817 = PCURVE('',#1996,#4818);
#4818 = DEFINITIONAL_REPRESENTATION('',(#4819),#4823);
#4819 = LINE('',#4820,#4821);
#4820 = CARTESIAN_POINT('',(6.,-6.));
#4821 = VECTOR('',#4822,1.);
#4822 = DIRECTION('',(0.,-1.));
#4823 = ( GEOMETRIC_REPRESENTATION_CONTEXT(2) 
PARAMETRIC_REPRESENTATION_CONTEXT() REPRESENTATION_CONTEXT('2D SPACE',''
  ) );
#4824 = PCURVE('',#4825,#4830);
#4825 = PLANE('',#4826);
#4826 = AXIS2_PLACEMENT_3D('',#4827,#4828,#4829);
#4827 = CARTESIAN_POINT('',(-72.5,71.5,18.));
#4828 = DIRECTION('',(0.,0.,1.));
#4829 = DIRECTION('',(1.,0.,0.));
#4830 = DEFINITIONAL_REPRESENTATION('',(#4831),#4834);
#4831 = B_SPLINE_CURVE_WITH_KNOTS('',1,(#4832,#4833),.UNSPECIFIED.,.F.,
  .F.,(2,2),(10.,17.),.PIECEWISE_BEZIER_KNOTS.);
#4832 = CARTESIAN_POINT('',(8.5,4.));
#4833 = CARTESIAN_POINT('',(8.5,11.));
#4834 = ( GEOMETRIC_REPRESENTATION_CONTEXT(2) 
PARAMETRIC_REPRESENTATION_CONTEXT() REPRESENTATION_CONTEXT('2D SPACE',''
  ) );
#4835 = ORIENTED_EDGE('',*,*,#4836,.F.);
#4836 = EDGE_CURVE('',#4837,#4810,#4839,.T.);
#4837 = VERTEX_POINT('',#4838);
#4838 = CARTESIAN_POINT('',(-64.,75.5,24.));
#4839 = SURFACE_CURVE('',#4840,(#4844,#4851),.PCURVE_S1.);
#4840 = LINE('',#4841,#4842);
#4841 = CARTESIAN_POINT('',(-64.,75.5,13.));
#4842 = VECTOR('',#4843,1.);
#4843 = DIRECTION('',(0.,0.,-1.));
#4844 = PCURVE('',#1996,#4845);
#4845 = DEFINITIONAL_REPRESENTATION('',(#4846),#4850);
#4846 = LINE('',#4847,#4848);
#4847 = CARTESIAN_POINT('',(1.,-16.));
#4848 = VECTOR('',#4849,1.);
#4849 = DIRECTION('',(-1.,0.));
#4850 = ( GEOMETRIC_REPRESENTATION_CONTEXT(2) 
PARAMETRIC_REPRESENTATION_CONTEXT() REPRESENTATION_CONTEXT('2D SPACE',''
  ) );
#4851 = PCURVE('',#4852,#4857);
#4852 = PLANE('',#4853);
#4853 = AXIS2_PLACEMENT_3D('',#4854,#4855,#4856);
#4854 = CARTESIAN_POINT('',(-72.5,75.5,14.));
#4855 = DIRECTION('',(0.,1.,0.));
#4856 = DIRECTION('',(0.,0.,1.));
#4857 = DEFINITIONAL_REPRESENTATION('',(#4858),#4861);
#4858 = B_SPLINE_CURVE_WITH_KNOTS('',1,(#4859,#4860),.UNSPECIFIED.,.F.,
  .F.,(2,2),(-11.,-5.),.PIECEWISE_BEZIER_KNOTS.);
#4859 = CARTESIAN_POINT('',(10.,8.5));
#4860 = CARTESIAN_POINT('',(4.,8.5));
#4861 = ( GEOMETRIC_REPRESENTATION_CONTEXT(2) 
PARAMETRIC_REPRESENTATION_CONTEXT() REPRESENTATION_CONTEXT('2D SPACE',''
  ) );
#4862 = ORIENTED_EDGE('',*,*,#4863,.F.);
#4863 = EDGE_CURVE('',#4864,#4837,#4866,.T.);
#4864 = VERTEX_POINT('',#4865);
#4865 = CARTESIAN_POINT('',(-64.,71.5,24.));
#4866 = SURFACE_CURVE('',#4867,(#4871,#4878),.PCURVE_S1.);
#4867 = LINE('',#4868,#4869);
#4868 = CARTESIAN_POINT('',(-64.,65.5,24.));
#4869 = VECTOR('',#4870,1.);
#4870 = DIRECTION('',(0.,1.,0.));
#4871 = PCURVE('',#1996,#4872);
#4872 = DEFINITIONAL_REPRESENTATION('',(#4873),#4877);
#4873 = LINE('',#4874,#4875);
#4874 = CARTESIAN_POINT('',(12.,-6.));
#4875 = VECTOR('',#4876,1.);
#4876 = DIRECTION('',(0.,-1.));
#4877 = ( GEOMETRIC_REPRESENTATION_CONTEXT(2) 
PARAMETRIC_REPRESENTATION_CONTEXT() REPRESENTATION_CONTEXT('2D SPACE',''
  ) );
#4878 = PCURVE('',#4879,#4884);
#4879 = PLANE('',#4880);
#4880 = AXIS2_PLACEMENT_3D('',#4881,#4882,#4883);
#4881 = CARTESIAN_POINT('',(-72.5,71.5,24.));
#4882 = DIRECTION('',(0.,0.,1.));
#4883 = DIRECTION('',(1.,0.,0.));
#4884 = DEFINITIONAL_REPRESENTATION('',(#4885),#4888);
#4885 = B_SPLINE_CURVE_WITH_KNOTS('',1,(#4886,#4887),.UNSPECIFIED.,.F.,
  .F.,(2,2),(6.,10.),.PIECEWISE_BEZIER_KNOTS.);
#4886 = CARTESIAN_POINT('',(8.5,0.));
#4887 = CARTESIAN_POINT('',(8.5,4.));
#4888 = ( GEOMETRIC_REPRESENTATION_CONTEXT(2) 
PARAMETRIC_REPRESENTATION_CONTEXT() REPRESENTATION_CONTEXT('2D SPACE',''
  ) );
#4889 = ORIENTED_EDGE('',*,*,#4890,.T.);
#4890 = EDGE_CURVE('',#4864,#1954,#4891,.T.);
#4891 = SURFACE_CURVE('',#4892,(#4896,#4903),.PCURVE_S1.);
#4892 = LINE('',#4893,#4894);
#4893 = CARTESIAN_POINT('',(-64.,71.5,13.));
#4894 = VECTOR('',#4895,1.);
#4895 = DIRECTION('',(0.,0.,-1.));
#4896 = PCURVE('',#1996,#4897);
#4897 = DEFINITIONAL_REPRESENTATION('',(#4898),#4902);
#4898 = LINE('',#4899,#4900);
#4899 = CARTESIAN_POINT('',(1.,-12.));
#4900 = VECTOR('',#4901,1.);
#4901 = DIRECTION('',(-1.,0.));
#4902 = ( GEOMETRIC_REPRESENTATION_CONTEXT(2) 
PARAMETRIC_REPRESENTATION_CONTEXT() REPRESENTATION_CONTEXT('2D SPACE',''
  ) );
#4903 = PCURVE('',#1969,#4904);
#4904 = DEFINITIONAL_REPRESENTATION('',(#4905),#4908);
#4905 = B_SPLINE_CURVE_WITH_KNOTS('',1,(#4906,#4907),.UNSPECIFIED.,.F.,
  .F.,(2,2),(-11.,-1.),.PIECEWISE_BEZIER_KNOTS.);
#4906 = CARTESIAN_POINT('',(10.,8.5));
#4907 = CARTESIAN_POINT('',(0.,8.5));
#4908 = ( GEOMETRIC_REPRESENTATION_CONTEXT(2) 
PARAMETRIC_REPRESENTATION_CONTEXT() REPRESENTATION_CONTEXT('2D SPACE',''
  ) );
#4909 = ADVANCED_FACE('',(#4910),#1969,.F.);
#4910 = FACE_BOUND('',#4911,.F.);
#4911 = EDGE_LOOP('',(#4912,#4913,#4936,#4957));
#4912 = ORIENTED_EDGE('',*,*,#1953,.F.);
#4913 = ORIENTED_EDGE('',*,*,#4914,.T.);
#4914 = EDGE_CURVE('',#1930,#4915,#4917,.T.);
#4915 = VERTEX_POINT('',#4916);
#4916 = CARTESIAN_POINT('',(-65.46887112585,71.5,24.));
#4917 = SURFACE_CURVE('',#4918,(#4922,#4929),.PCURVE_S1.);
#4918 = LINE('',#4919,#4920);
#4919 = CARTESIAN_POINT('',(-65.46887112585,71.5,14.));
#4920 = VECTOR('',#4921,1.);
#4921 = DIRECTION('',(-5.684341886081E-15,5.684341886081E-15,1.));
#4922 = PCURVE('',#1969,#4923);
#4923 = DEFINITIONAL_REPRESENTATION('',(#4924),#4928);
#4924 = LINE('',#4925,#4926);
#4925 = CARTESIAN_POINT('',(0.,7.031128874149));
#4926 = VECTOR('',#4927,1.);
#4927 = DIRECTION('',(1.,-5.684341886081E-15));
#4928 = ( GEOMETRIC_REPRESENTATION_CONTEXT(2) 
PARAMETRIC_REPRESENTATION_CONTEXT() REPRESENTATION_CONTEXT('2D SPACE',''
  ) );
#4929 = PCURVE('',#1917,#4930);
#4930 = DEFINITIONAL_REPRESENTATION('',(#4931),#4935);
#4931 = LINE('',#4932,#4933);
#4932 = CARTESIAN_POINT('',(-0.460553991681,0.));
#4933 = VECTOR('',#4934,1.);
#4934 = DIRECTION('',(-0.,-1.));
#4935 = ( GEOMETRIC_REPRESENTATION_CONTEXT(2) 
PARAMETRIC_REPRESENTATION_CONTEXT() REPRESENTATION_CONTEXT('2D SPACE',''
  ) );
#4936 = ORIENTED_EDGE('',*,*,#4937,.T.);
#4937 = EDGE_CURVE('',#4915,#4864,#4938,.T.);
#4938 = SURFACE_CURVE('',#4939,(#4943,#4950),.PCURVE_S1.);
#4939 = LINE('',#4940,#4941);
#4940 = CARTESIAN_POINT('',(-72.5,71.5,24.));
#4941 = VECTOR('',#4942,1.);
#4942 = DIRECTION('',(1.,0.,0.));
#4943 = PCURVE('',#1969,#4944);
#4944 = DEFINITIONAL_REPRESENTATION('',(#4945),#4949);
#4945 = LINE('',#4946,#4947);
#4946 = CARTESIAN_POINT('',(10.,0.));
#4947 = VECTOR('',#4948,1.);
#4948 = DIRECTION('',(0.,1.));
#4949 = ( GEOMETRIC_REPRESENTATION_CONTEXT(2) 
PARAMETRIC_REPRESENTATION_CONTEXT() REPRESENTATION_CONTEXT('2D SPACE',''
  ) );
#4950 = PCURVE('',#4879,#4951);
#4951 = DEFINITIONAL_REPRESENTATION('',(#4952),#4956);
#4952 = LINE('',#4953,#4954);
#4953 = CARTESIAN_POINT('',(0.,0.));
#4954 = VECTOR('',#4955,1.);
#4955 = DIRECTION('',(1.,0.));
#4956 = ( GEOMETRIC_REPRESENTATION_CONTEXT(2) 
PARAMETRIC_REPRESENTATION_CONTEXT() REPRESENTATION_CONTEXT('2D SPACE',''
  ) );
#4957 = ORIENTED_EDGE('',*,*,#4890,.T.);
#4958 = ADVANCED_FACE('',(#4959),#1917,.T.);
#4959 = FACE_BOUND('',#4960,.F.);
#4960 = EDGE_LOOP('',(#4961,#4984,#4985,#5006,#5039,#5058,#5059,#5082,
    #5108,#5109,#5110,#5111));
#4961 = ORIENTED_EDGE('',*,*,#4962,.F.);
#4962 = EDGE_CURVE('',#1901,#4963,#4965,.T.);
#4963 = VERTEX_POINT('',#4964);
#4964 = CARTESIAN_POINT('',(-65.,69.5,26.));
#4965 = SEAM_CURVE('',#4966,(#4970,#4977),.PCURVE_S1.);
#4966 = LINE('',#4967,#4968);
#4967 = CARTESIAN_POINT('',(-65.,69.5,14.));
#4968 = VECTOR('',#4969,1.);
#4969 = DIRECTION('',(0.,0.,1.));
#4970 = PCURVE('',#1917,#4971);
#4971 = DEFINITIONAL_REPRESENTATION('',(#4972),#4976);
#4972 = LINE('',#4973,#4974);
#4973 = CARTESIAN_POINT('',(-6.28318530718,0.));
#4974 = VECTOR('',#4975,1.);
#4975 = DIRECTION('',(-0.,-1.));
#4976 = ( GEOMETRIC_REPRESENTATION_CONTEXT(2) 
PARAMETRIC_REPRESENTATION_CONTEXT() REPRESENTATION_CONTEXT('2D SPACE',''
  ) );
#4977 = PCURVE('',#1917,#4978);
#4978 = DEFINITIONAL_REPRESENTATION('',(#4979),#4983);
#4979 = LINE('',#4980,#4981);
#4980 = CARTESIAN_POINT('',(-0.,0.));
#4981 = VECTOR('',#4982,1.);
#4982 = DIRECTION('',(-0.,-1.));
#4983 = ( GEOMETRIC_REPRESENTATION_CONTEXT(2) 
PARAMETRIC_REPRESENTATION_CONTEXT() REPRESENTATION_CONTEXT('2D SPACE',''
  ) );
#4984 = ORIENTED_EDGE('',*,*,#1900,.F.);
#4985 = ORIENTED_EDGE('',*,*,#4986,.F.);
#4986 = EDGE_CURVE('',#4987,#1873,#4989,.T.);
#4987 = VERTEX_POINT('',#4988);
#4988 = CARTESIAN_POINT('',(-73.24165738677,67.,22.));
#4989 = SURFACE_CURVE('',#4990,(#4994,#5000),.PCURVE_S1.);
#4990 = LINE('',#4991,#4992);
#4991 = CARTESIAN_POINT('',(-73.24165738677,67.,14.));
#4992 = VECTOR('',#4993,1.);
#4993 = DIRECTION('',(-0.,-0.,-1.));
#4994 = PCURVE('',#1917,#4995);
#4995 = DEFINITIONAL_REPRESENTATION('',(#4996),#4999);
#4996 = B_SPLINE_CURVE_WITH_KNOTS('',1,(#4997,#4998),.UNSPECIFIED.,.F.,
  .F.,(2,2),(-8.8,5.999999999062E-07),.PIECEWISE_BEZIER_KNOTS.);
#4997 = CARTESIAN_POINT('',(-3.730623623806,-8.8));
#4998 = CARTESIAN_POINT('',(-3.730623623806,5.999999999062E-07));
#4999 = ( GEOMETRIC_REPRESENTATION_CONTEXT(2) 
PARAMETRIC_REPRESENTATION_CONTEXT() REPRESENTATION_CONTEXT('2D SPACE',''
  ) );
#5000 = PCURVE('',#1888,#5001);
#5001 = DEFINITIONAL_REPRESENTATION('',(#5002),#5005);
#5002 = B_SPLINE_CURVE_WITH_KNOTS('',1,(#5003,#5004),.UNSPECIFIED.,.F.,
  .F.,(2,2),(-8.8,5.999999999062E-07),.PIECEWISE_BEZIER_KNOTS.);
#5003 = CARTESIAN_POINT('',(8.8,6.758342613226));
#5004 = CARTESIAN_POINT('',(-5.999999999062E-07,6.758342613226));
#5005 = ( GEOMETRIC_REPRESENTATION_CONTEXT(2) 
PARAMETRIC_REPRESENTATION_CONTEXT() REPRESENTATION_CONTEXT('2D SPACE',''
  ) );
#5006 = ORIENTED_EDGE('',*,*,#5007,.T.);
#5007 = EDGE_CURVE('',#4987,#5008,#5010,.T.);
#5008 = VERTEX_POINT('',#5009);
#5009 = CARTESIAN_POINT('',(-73.24165738677,72.,22.));
#5010 = SURFACE_CURVE('',#5011,(#5016,#5023),.PCURVE_S1.);
#5011 = CIRCLE('',#5012,4.5);
#5012 = AXIS2_PLACEMENT_3D('',#5013,#5014,#5015);
#5013 = CARTESIAN_POINT('',(-69.5,69.5,22.));
#5014 = DIRECTION('',(0.,0.,-1.));
#5015 = DIRECTION('',(1.,0.,0.));
#5016 = PCURVE('',#1917,#5017);
#5017 = DEFINITIONAL_REPRESENTATION('',(#5018),#5022);
#5018 = LINE('',#5019,#5020);
#5019 = CARTESIAN_POINT('',(-6.28318530718,-8.));
#5020 = VECTOR('',#5021,1.);
#5021 = DIRECTION('',(1.,-0.));
#5022 = ( GEOMETRIC_REPRESENTATION_CONTEXT(2) 
PARAMETRIC_REPRESENTATION_CONTEXT() REPRESENTATION_CONTEXT('2D SPACE',''
  ) );
#5023 = PCURVE('',#5024,#5029);
#5024 = PLANE('',#5025);
#5025 = AXIS2_PLACEMENT_3D('',#5026,#5027,#5028);
#5026 = CARTESIAN_POINT('',(-80.,67.,22.));
#5027 = DIRECTION('',(0.,0.,1.));
#5028 = DIRECTION('',(1.,0.,0.));
#5029 = DEFINITIONAL_REPRESENTATION('',(#5030),#5038);
#5030 = ( BOUNDED_CURVE() B_SPLINE_CURVE(2,(#5031,#5032,#5033,#5034,
#5035,#5036,#5037),.UNSPECIFIED.,.T.,.F.) B_SPLINE_CURVE_WITH_KNOTS((1,2
    ,2,2,2,1),(-2.094395102393,0.,2.094395102393,4.188790204786,
6.28318530718,8.377580409573),.UNSPECIFIED.) CURVE() 
GEOMETRIC_REPRESENTATION_ITEM() RATIONAL_B_SPLINE_CURVE((1.,0.5,1.,0.5,
1.,0.5,1.)) REPRESENTATION_ITEM('') );
#5031 = CARTESIAN_POINT('',(15.,2.5));
#5032 = CARTESIAN_POINT('',(15.,-5.29422863406));
#5033 = CARTESIAN_POINT('',(8.25,-1.39711431703));
#5034 = CARTESIAN_POINT('',(1.5,2.5));
#5035 = CARTESIAN_POINT('',(8.25,6.39711431703));
#5036 = CARTESIAN_POINT('',(15.,10.29422863406));
#5037 = CARTESIAN_POINT('',(15.,2.5));
#5038 = ( GEOMETRIC_REPRESENTATION_CONTEXT(2) 
PARAMETRIC_REPRESENTATION_CONTEXT() REPRESENTATION_CONTEXT('2D SPACE',''
  ) );
#5039 = ORIENTED_EDGE('',*,*,#5040,.T.);
#5040 = EDGE_CURVE('',#5008,#2395,#5041,.T.);
#5041 = SURFACE_CURVE('',#5042,(#5046,#5052),.PCURVE_S1.);
#5042 = LINE('',#5043,#5044);
#5043 = CARTESIAN_POINT('',(-73.24165738677,72.,14.));
#5044 = VECTOR('',#5045,1.);
#5045 = DIRECTION('',(-0.,-0.,-1.));
#5046 = PCURVE('',#1917,#5047);
#5047 = DEFINITIONAL_REPRESENTATION('',(#5048),#5051);
#5048 = B_SPLINE_CURVE_WITH_KNOTS('',1,(#5049,#5050),.UNSPECIFIED.,.F.,
  .F.,(2,2),(-8.8,5.999999999062E-07),.PIECEWISE_BEZIER_KNOTS.);
#5049 = CARTESIAN_POINT('',(-2.552561683374,-8.8));
#5050 = CARTESIAN_POINT('',(-2.552561683374,5.999999999062E-07));
#5051 = ( GEOMETRIC_REPRESENTATION_CONTEXT(2) 
PARAMETRIC_REPRESENTATION_CONTEXT() REPRESENTATION_CONTEXT('2D SPACE',''
  ) );
#5052 = PCURVE('',#2410,#5053);
#5053 = DEFINITIONAL_REPRESENTATION('',(#5054),#5057);
#5054 = B_SPLINE_CURVE_WITH_KNOTS('',1,(#5055,#5056),.UNSPECIFIED.,.F.,
  .F.,(2,2),(-8.8,5.999999999062E-07),.PIECEWISE_BEZIER_KNOTS.);
#5055 = CARTESIAN_POINT('',(8.8,6.758342613226));
#5056 = CARTESIAN_POINT('',(-5.999999999062E-07,6.758342613226));
#5057 = ( GEOMETRIC_REPRESENTATION_CONTEXT(2) 
PARAMETRIC_REPRESENTATION_CONTEXT() REPRESENTATION_CONTEXT('2D SPACE',''
  ) );
#5058 = ORIENTED_EDGE('',*,*,#2478,.F.);
#5059 = ORIENTED_EDGE('',*,*,#5060,.F.);
#5060 = EDGE_CURVE('',#5061,#2451,#5063,.T.);
#5061 = VERTEX_POINT('',#5062);
#5062 = CARTESIAN_POINT('',(-72.5,72.85410196625,24.));
#5063 = SURFACE_CURVE('',#5064,(#5068,#5075),.PCURVE_S1.);
#5064 = LINE('',#5065,#5066);
#5065 = CARTESIAN_POINT('',(-72.5,72.85410196625,24.));
#5066 = VECTOR('',#5067,1.);
#5067 = DIRECTION('',(8.526512829121E-15,1.563194018672E-14,-1.));
#5068 = PCURVE('',#1917,#5069);
#5069 = DEFINITIONAL_REPRESENTATION('',(#5070),#5074);
#5070 = LINE('',#5071,#5072);
#5071 = CARTESIAN_POINT('',(-2.300523983022,-10.));
#5072 = VECTOR('',#5073,1.);
#5073 = DIRECTION('',(-0.,1.));
#5074 = ( GEOMETRIC_REPRESENTATION_CONTEXT(2) 
PARAMETRIC_REPRESENTATION_CONTEXT() REPRESENTATION_CONTEXT('2D SPACE',''
  ) );
#5075 = PCURVE('',#2466,#5076);
#5076 = DEFINITIONAL_REPRESENTATION('',(#5077),#5081);
#5077 = LINE('',#5078,#5079);
#5078 = CARTESIAN_POINT('',(10.,-1.35410196625));
#5079 = VECTOR('',#5080,1.);
#5080 = DIRECTION('',(-1.,-1.563194018672E-14));
#5081 = ( GEOMETRIC_REPRESENTATION_CONTEXT(2) 
PARAMETRIC_REPRESENTATION_CONTEXT() REPRESENTATION_CONTEXT('2D SPACE',''
  ) );
#5082 = ORIENTED_EDGE('',*,*,#5083,.T.);
#5083 = EDGE_CURVE('',#5061,#4915,#5084,.T.);
#5084 = SURFACE_CURVE('',#5085,(#5090,#5097),.PCURVE_S1.);
#5085 = CIRCLE('',#5086,4.5);
#5086 = AXIS2_PLACEMENT_3D('',#5087,#5088,#5089);
#5087 = CARTESIAN_POINT('',(-69.5,69.5,24.));
#5088 = DIRECTION('',(0.,0.,-1.));
#5089 = DIRECTION('',(1.,0.,0.));
#5090 = PCURVE('',#1917,#5091);
#5091 = DEFINITIONAL_REPRESENTATION('',(#5092),#5096);
#5092 = LINE('',#5093,#5094);
#5093 = CARTESIAN_POINT('',(-6.28318530718,-10.));
#5094 = VECTOR('',#5095,1.);
#5095 = DIRECTION('',(1.,-0.));
#5096 = ( GEOMETRIC_REPRESENTATION_CONTEXT(2) 
PARAMETRIC_REPRESENTATION_CONTEXT() REPRESENTATION_CONTEXT('2D SPACE',''
  ) );
#5097 = PCURVE('',#4879,#5098);
#5098 = DEFINITIONAL_REPRESENTATION('',(#5099),#5107);
#5099 = ( BOUNDED_CURVE() B_SPLINE_CURVE(2,(#5100,#5101,#5102,#5103,
#5104,#5105,#5106),.UNSPECIFIED.,.T.,.F.) B_SPLINE_CURVE_WITH_KNOTS((1,2
    ,2,2,2,1),(-2.094395102393,0.,2.094395102393,4.188790204786,
6.28318530718,8.377580409573),.UNSPECIFIED.) CURVE() 
GEOMETRIC_REPRESENTATION_ITEM() RATIONAL_B_SPLINE_CURVE((1.,0.5,1.,0.5,
1.,0.5,1.)) REPRESENTATION_ITEM('') );
#5100 = CARTESIAN_POINT('',(7.5,-2.));
#5101 = CARTESIAN_POINT('',(7.5,-9.79422863406));
#5102 = CARTESIAN_POINT('',(0.75,-5.89711431703));
#5103 = CARTESIAN_POINT('',(-6.,-2.));
#5104 = CARTESIAN_POINT('',(0.75,1.89711431703));
#5105 = CARTESIAN_POINT('',(7.5,5.79422863406));
#5106 = CARTESIAN_POINT('',(7.5,-2.));
#5107 = ( GEOMETRIC_REPRESENTATION_CONTEXT(2) 
PARAMETRIC_REPRESENTATION_CONTEXT() REPRESENTATION_CONTEXT('2D SPACE',''
  ) );
#5108 = ORIENTED_EDGE('',*,*,#4914,.F.);
#5109 = ORIENTED_EDGE('',*,*,#1929,.F.);
#5110 = ORIENTED_EDGE('',*,*,#4962,.T.);
#5111 = ORIENTED_EDGE('',*,*,#5112,.T.);
#5112 = EDGE_CURVE('',#4963,#4963,#5113,.T.);
#5113 = SURFACE_CURVE('',#5114,(#5119,#5126),.PCURVE_S1.);
#5114 = CIRCLE('',#5115,4.5);
#5115 = AXIS2_PLACEMENT_3D('',#5116,#5117,#5118);
#5116 = CARTESIAN_POINT('',(-69.5,69.5,26.));
#5117 = DIRECTION('',(0.,0.,1.));
#5118 = DIRECTION('',(1.,0.,0.));
#5119 = PCURVE('',#1917,#5120);
#5120 = DEFINITIONAL_REPRESENTATION('',(#5121),#5125);
#5121 = LINE('',#5122,#5123);
#5122 = CARTESIAN_POINT('',(-0.,-12.));
#5123 = VECTOR('',#5124,1.);
#5124 = DIRECTION('',(-1.,0.));
#5125 = ( GEOMETRIC_REPRESENTATION_CONTEXT(2) 
PARAMETRIC_REPRESENTATION_CONTEXT() REPRESENTATION_CONTEXT('2D SPACE',''
  ) );
#5126 = PCURVE('',#5127,#5132);
#5127 = PLANE('',#5128);
#5128 = AXIS2_PLACEMENT_3D('',#5129,#5130,#5131);
#5129 = CARTESIAN_POINT('',(-69.5,69.5,26.));
#5130 = DIRECTION('',(0.,0.,1.));
#5131 = DIRECTION('',(1.,0.,-0.));
#5132 = DEFINITIONAL_REPRESENTATION('',(#5133),#5137);
#5133 = CIRCLE('',#5134,4.5);
#5134 = AXIS2_PLACEMENT_2D('',#5135,#5136);
#5135 = CARTESIAN_POINT('',(0.,0.));
#5136 = DIRECTION('',(1.,0.));
#5137 = ( GEOMETRIC_REPRESENTATION_CONTEXT(2) 
PARAMETRIC_REPRESENTATION_CONTEXT() REPRESENTATION_CONTEXT('2D SPACE',''
  ) );
#5138 = ADVANCED_FACE('',(#5139),#1888,.F.);
#5139 = FACE_BOUND('',#5140,.F.);
#5140 = EDGE_LOOP('',(#5141,#5142,#5163,#5184));
#5141 = ORIENTED_EDGE('',*,*,#1872,.F.);
#5142 = ORIENTED_EDGE('',*,*,#5143,.F.);
#5143 = EDGE_CURVE('',#5144,#1840,#5146,.T.);
#5144 = VERTEX_POINT('',#5145);
#5145 = CARTESIAN_POINT('',(-77.48394058144,67.,22.));
#5146 = SURFACE_CURVE('',#5147,(#5151,#5157),.PCURVE_S1.);
#5147 = LINE('',#5148,#5149);
#5148 = CARTESIAN_POINT('',(-77.48394058144,67.,13.));
#5149 = VECTOR('',#5150,1.);
#5150 = DIRECTION('',(-0.,-0.,-1.));
#5151 = PCURVE('',#1888,#5152);
#5152 = DEFINITIONAL_REPRESENTATION('',(#5153),#5156);
#5153 = B_SPLINE_CURVE_WITH_KNOTS('',1,(#5154,#5155),.UNSPECIFIED.,.F.,
  .F.,(2,2),(-9.8,-0.9999994),.PIECEWISE_BEZIER_KNOTS.);
#5154 = CARTESIAN_POINT('',(8.8,2.516059418551));
#5155 = CARTESIAN_POINT('',(-5.999999999062E-07,2.516059418551));
#5156 = ( GEOMETRIC_REPRESENTATION_CONTEXT(2) 
PARAMETRIC_REPRESENTATION_CONTEXT() REPRESENTATION_CONTEXT('2D SPACE',''
  ) );
#5157 = PCURVE('',#1860,#5158);
#5158 = DEFINITIONAL_REPRESENTATION('',(#5159),#5162);
#5159 = B_SPLINE_CURVE_WITH_KNOTS('',1,(#5160,#5161),.UNSPECIFIED.,.F.,
  .F.,(2,2),(-9.8,-0.9999994),.PIECEWISE_BEZIER_KNOTS.);
#5160 = CARTESIAN_POINT('',(-2.72061401015,-9.8));
#5161 = CARTESIAN_POINT('',(-2.72061401015,-0.9999994));
#5162 = ( GEOMETRIC_REPRESENTATION_CONTEXT(2) 
PARAMETRIC_REPRESENTATION_CONTEXT() REPRESENTATION_CONTEXT('2D SPACE',''
  ) );
#5163 = ORIENTED_EDGE('',*,*,#5164,.T.);
#5164 = EDGE_CURVE('',#5144,#4987,#5165,.T.);
#5165 = SURFACE_CURVE('',#5166,(#5170,#5177),.PCURVE_S1.);
#5166 = LINE('',#5167,#5168);
#5167 = CARTESIAN_POINT('',(-80.,67.,22.));
#5168 = VECTOR('',#5169,1.);
#5169 = DIRECTION('',(1.,0.,0.));
#5170 = PCURVE('',#1888,#5171);
#5171 = DEFINITIONAL_REPRESENTATION('',(#5172),#5176);
#5172 = LINE('',#5173,#5174);
#5173 = CARTESIAN_POINT('',(8.,0.));
#5174 = VECTOR('',#5175,1.);
#5175 = DIRECTION('',(0.,1.));
#5176 = ( GEOMETRIC_REPRESENTATION_CONTEXT(2) 
PARAMETRIC_REPRESENTATION_CONTEXT() REPRESENTATION_CONTEXT('2D SPACE',''
  ) );
#5177 = PCURVE('',#5024,#5178);
#5178 = DEFINITIONAL_REPRESENTATION('',(#5179),#5183);
#5179 = LINE('',#5180,#5181);
#5180 = CARTESIAN_POINT('',(0.,0.));
#5181 = VECTOR('',#5182,1.);
#5182 = DIRECTION('',(1.,0.));
#5183 = ( GEOMETRIC_REPRESENTATION_CONTEXT(2) 
PARAMETRIC_REPRESENTATION_CONTEXT() REPRESENTATION_CONTEXT('2D SPACE',''
  ) );
#5184 = ORIENTED_EDGE('',*,*,#4986,.T.);
#5185 = ADVANCED_FACE('',(#5186),#1860,.F.);
#5186 = FACE_BOUND('',#5187,.T.);
#5187 = EDGE_LOOP('',(#5188,#5211,#5212,#5213,#5241,#5260,#5261,#5284,
    #5312,#5333,#5366,#5392,#5418,#5419,#5475,#5501,#5646,#5672,#5817,
    #5843,#5871,#5892));
#5188 = ORIENTED_EDGE('',*,*,#5189,.F.);
#5189 = EDGE_CURVE('',#1813,#5190,#5192,.T.);
#5190 = VERTEX_POINT('',#5191);
#5191 = CARTESIAN_POINT('',(-79.3,58.5,93.));
#5192 = SURFACE_CURVE('',#5193,(#5197,#5204),.PCURVE_S1.);
#5193 = LINE('',#5194,#5195);
#5194 = CARTESIAN_POINT('',(-79.3,58.5,13.));
#5195 = VECTOR('',#5196,1.);
#5196 = DIRECTION('',(0.,0.,1.));
#5197 = PCURVE('',#1860,#5198);
#5198 = DEFINITIONAL_REPRESENTATION('',(#5199),#5203);
#5199 = LINE('',#5200,#5201);
#5200 = CARTESIAN_POINT('',(-3.14159265359,0.));
#5201 = VECTOR('',#5202,1.);
#5202 = DIRECTION('',(-0.,-1.));
#5203 = ( GEOMETRIC_REPRESENTATION_CONTEXT(2) 
PARAMETRIC_REPRESENTATION_CONTEXT() REPRESENTATION_CONTEXT('2D SPACE',''
  ) );
#5204 = PCURVE('',#1828,#5205);
#5205 = DEFINITIONAL_REPRESENTATION('',(#5206),#5210);
#5206 = LINE('',#5207,#5208);
#5207 = CARTESIAN_POINT('',(0.,-117.));
#5208 = VECTOR('',#5209,1.);
#5209 = DIRECTION('',(1.,0.));
#5210 = ( GEOMETRIC_REPRESENTATION_CONTEXT(2) 
PARAMETRIC_REPRESENTATION_CONTEXT() REPRESENTATION_CONTEXT('2D SPACE',''
  ) );
#5211 = ORIENTED_EDGE('',*,*,#1839,.T.);
#5212 = ORIENTED_EDGE('',*,*,#5143,.F.);
#5213 = ORIENTED_EDGE('',*,*,#5214,.T.);
#5214 = EDGE_CURVE('',#5144,#5215,#5217,.T.);
#5215 = VERTEX_POINT('',#5216);
#5216 = CARTESIAN_POINT('',(-74.32371637764,72.,22.));
#5217 = SURFACE_CURVE('',#5218,(#5223,#5230),.PCURVE_S1.);
#5218 = CIRCLE('',#5219,20.8);
#5219 = AXIS2_PLACEMENT_3D('',#5220,#5221,#5222);
#5220 = CARTESIAN_POINT('',(-58.5,58.5,22.));
#5221 = DIRECTION('',(0.,0.,-1.));
#5222 = DIRECTION('',(1.,0.,0.));
#5223 = PCURVE('',#1860,#5224);
#5224 = DEFINITIONAL_REPRESENTATION('',(#5225),#5229);
#5225 = LINE('',#5226,#5227);
#5226 = CARTESIAN_POINT('',(-6.28318530718,-9.));
#5227 = VECTOR('',#5228,1.);
#5228 = DIRECTION('',(1.,-0.));
#5229 = ( GEOMETRIC_REPRESENTATION_CONTEXT(2) 
PARAMETRIC_REPRESENTATION_CONTEXT() REPRESENTATION_CONTEXT('2D SPACE',''
  ) );
#5230 = PCURVE('',#5024,#5231);
#5231 = DEFINITIONAL_REPRESENTATION('',(#5232),#5240);
#5232 = ( BOUNDED_CURVE() B_SPLINE_CURVE(2,(#5233,#5234,#5235,#5236,
#5237,#5238,#5239),.UNSPECIFIED.,.T.,.F.) B_SPLINE_CURVE_WITH_KNOTS((1,2
    ,2,2,2,1),(-2.094395102393,0.,2.094395102393,4.188790204786,
6.28318530718,8.377580409573),.UNSPECIFIED.) CURVE() 
GEOMETRIC_REPRESENTATION_ITEM() RATIONAL_B_SPLINE_CURVE((1.,0.5,1.,0.5,
1.,0.5,1.)) REPRESENTATION_ITEM('') );
#5233 = CARTESIAN_POINT('',(42.3,-8.5));
#5234 = CARTESIAN_POINT('',(42.3,-44.52665679743));
#5235 = CARTESIAN_POINT('',(11.1,-26.51332839871));
#5236 = CARTESIAN_POINT('',(-20.1,-8.5));
#5237 = CARTESIAN_POINT('',(11.1,9.513328398716));
#5238 = CARTESIAN_POINT('',(42.3,27.526656797433));
#5239 = CARTESIAN_POINT('',(42.3,-8.5));
#5240 = ( GEOMETRIC_REPRESENTATION_CONTEXT(2) 
PARAMETRIC_REPRESENTATION_CONTEXT() REPRESENTATION_CONTEXT('2D SPACE',''
  ) );
#5241 = ORIENTED_EDGE('',*,*,#5242,.T.);
#5242 = EDGE_CURVE('',#5215,#2393,#5243,.T.);
#5243 = SURFACE_CURVE('',#5244,(#5248,#5254),.PCURVE_S1.);
#5244 = LINE('',#5245,#5246);
#5245 = CARTESIAN_POINT('',(-74.32371637764,72.,13.));
#5246 = VECTOR('',#5247,1.);
#5247 = DIRECTION('',(-0.,-0.,-1.));
#5248 = PCURVE('',#1860,#5249);
#5249 = DEFINITIONAL_REPRESENTATION('',(#5250),#5253);
#5250 = B_SPLINE_CURVE_WITH_KNOTS('',1,(#5251,#5252),.UNSPECIFIED.,.F.,
  .F.,(2,2),(-9.8,-0.9999994),.PIECEWISE_BEZIER_KNOTS.);
#5251 = CARTESIAN_POINT('',(-2.435272824981,-9.8));
#5252 = CARTESIAN_POINT('',(-2.435272824981,-0.9999994));
#5253 = ( GEOMETRIC_REPRESENTATION_CONTEXT(2) 
PARAMETRIC_REPRESENTATION_CONTEXT() REPRESENTATION_CONTEXT('2D SPACE',''
  ) );
#5254 = PCURVE('',#2410,#5255);
#5255 = DEFINITIONAL_REPRESENTATION('',(#5256),#5259);
#5256 = B_SPLINE_CURVE_WITH_KNOTS('',1,(#5257,#5258),.UNSPECIFIED.,.F.,
  .F.,(2,2),(-9.8,-0.9999994),.PIECEWISE_BEZIER_KNOTS.);
#5257 = CARTESIAN_POINT('',(8.8,5.67628362236));
#5258 = CARTESIAN_POINT('',(-5.999999999062E-07,5.67628362236));
#5259 = ( GEOMETRIC_REPRESENTATION_CONTEXT(2) 
PARAMETRIC_REPRESENTATION_CONTEXT() REPRESENTATION_CONTEXT('2D SPACE',''
  ) );
#5260 = ORIENTED_EDGE('',*,*,#2422,.T.);
#5261 = ORIENTED_EDGE('',*,*,#5262,.T.);
#5262 = EDGE_CURVE('',#2423,#5263,#5265,.T.);
#5263 = VERTEX_POINT('',#5264);
#5264 = CARTESIAN_POINT('',(-72.5,73.883107618424,24.));
#5265 = SURFACE_CURVE('',#5266,(#5270,#5277),.PCURVE_S1.);
#5266 = LINE('',#5267,#5268);
#5267 = CARTESIAN_POINT('',(-72.5,73.883107618424,14.));
#5268 = VECTOR('',#5269,1.);
#5269 = DIRECTION('',(-7.105427357601E-15,-1.42108547152E-14,1.));
#5270 = PCURVE('',#1860,#5271);
#5271 = DEFINITIONAL_REPRESENTATION('',(#5272),#5276);
#5272 = LINE('',#5273,#5274);
#5273 = CARTESIAN_POINT('',(-2.309157687208,-1.));
#5274 = VECTOR('',#5275,1.);
#5275 = DIRECTION('',(-0.,-1.));
#5276 = ( GEOMETRIC_REPRESENTATION_CONTEXT(2) 
PARAMETRIC_REPRESENTATION_CONTEXT() REPRESENTATION_CONTEXT('2D SPACE',''
  ) );
#5277 = PCURVE('',#2466,#5278);
#5278 = DEFINITIONAL_REPRESENTATION('',(#5279),#5283);
#5279 = LINE('',#5280,#5281);
#5280 = CARTESIAN_POINT('',(0.,-2.383107618424));
#5281 = VECTOR('',#5282,1.);
#5282 = DIRECTION('',(1.,1.42108547152E-14));
#5283 = ( GEOMETRIC_REPRESENTATION_CONTEXT(2) 
PARAMETRIC_REPRESENTATION_CONTEXT() REPRESENTATION_CONTEXT('2D SPACE',''
  ) );
#5284 = ORIENTED_EDGE('',*,*,#5285,.T.);
#5285 = EDGE_CURVE('',#5263,#5286,#5288,.T.);
#5286 = VERTEX_POINT('',#5287);
#5287 = CARTESIAN_POINT('',(-70.48499061326,75.5,24.));
#5288 = SURFACE_CURVE('',#5289,(#5294,#5301),.PCURVE_S1.);
#5289 = CIRCLE('',#5290,20.8);
#5290 = AXIS2_PLACEMENT_3D('',#5291,#5292,#5293);
#5291 = CARTESIAN_POINT('',(-58.5,58.5,24.));
#5292 = DIRECTION('',(0.,0.,-1.));
#5293 = DIRECTION('',(1.,0.,0.));
#5294 = PCURVE('',#1860,#5295);
#5295 = DEFINITIONAL_REPRESENTATION('',(#5296),#5300);
#5296 = LINE('',#5297,#5298);
#5297 = CARTESIAN_POINT('',(-6.28318530718,-11.));
#5298 = VECTOR('',#5299,1.);
#5299 = DIRECTION('',(1.,-0.));
#5300 = ( GEOMETRIC_REPRESENTATION_CONTEXT(2) 
PARAMETRIC_REPRESENTATION_CONTEXT() REPRESENTATION_CONTEXT('2D SPACE',''
  ) );
#5301 = PCURVE('',#4879,#5302);
#5302 = DEFINITIONAL_REPRESENTATION('',(#5303),#5311);
#5303 = ( BOUNDED_CURVE() B_SPLINE_CURVE(2,(#5304,#5305,#5306,#5307,
#5308,#5309,#5310),.UNSPECIFIED.,.T.,.F.) B_SPLINE_CURVE_WITH_KNOTS((1,2
    ,2,2,2,1),(-2.094395102393,0.,2.094395102393,4.188790204786,
6.28318530718,8.377580409573),.UNSPECIFIED.) CURVE() 
GEOMETRIC_REPRESENTATION_ITEM() RATIONAL_B_SPLINE_CURVE((1.,0.5,1.,0.5,
1.,0.5,1.)) REPRESENTATION_ITEM('') );
#5304 = CARTESIAN_POINT('',(34.8,-13.));
#5305 = CARTESIAN_POINT('',(34.8,-49.02665679743));
#5306 = CARTESIAN_POINT('',(3.6,-31.01332839871));
#5307 = CARTESIAN_POINT('',(-27.6,-13.));
#5308 = CARTESIAN_POINT('',(3.6,5.013328398716));
#5309 = CARTESIAN_POINT('',(34.8,23.026656797433));
#5310 = CARTESIAN_POINT('',(34.8,-13.));
#5311 = ( GEOMETRIC_REPRESENTATION_CONTEXT(2) 
PARAMETRIC_REPRESENTATION_CONTEXT() REPRESENTATION_CONTEXT('2D SPACE',''
  ) );
#5312 = ORIENTED_EDGE('',*,*,#5313,.T.);
#5313 = EDGE_CURVE('',#5286,#5314,#5316,.T.);
#5314 = VERTEX_POINT('',#5315);
#5315 = CARTESIAN_POINT('',(-70.48499061326,75.5,22.));
#5316 = SURFACE_CURVE('',#5317,(#5321,#5327),.PCURVE_S1.);
#5317 = LINE('',#5318,#5319);
#5318 = CARTESIAN_POINT('',(-70.48499061326,75.5,13.));
#5319 = VECTOR('',#5320,1.);
#5320 = DIRECTION('',(-0.,-0.,-1.));
#5321 = PCURVE('',#1860,#5322);
#5322 = DEFINITIONAL_REPRESENTATION('',(#5323),#5326);
#5323 = B_SPLINE_CURVE_WITH_KNOTS('',1,(#5324,#5325),.UNSPECIFIED.,.F.,
  .F.,(2,2),(-12.,-0.9999994),.PIECEWISE_BEZIER_KNOTS.);
#5324 = CARTESIAN_POINT('',(-2.18486975048,-12.));
#5325 = CARTESIAN_POINT('',(-2.18486975048,-0.9999994));
#5326 = ( GEOMETRIC_REPRESENTATION_CONTEXT(2) 
PARAMETRIC_REPRESENTATION_CONTEXT() REPRESENTATION_CONTEXT('2D SPACE',''
  ) );
#5327 = PCURVE('',#4852,#5328);
#5328 = DEFINITIONAL_REPRESENTATION('',(#5329),#5332);
#5329 = B_SPLINE_CURVE_WITH_KNOTS('',1,(#5330,#5331),.UNSPECIFIED.,.F.,
  .F.,(2,2),(-12.,-0.9999994),.PIECEWISE_BEZIER_KNOTS.);
#5330 = CARTESIAN_POINT('',(11.,2.015009386737));
#5331 = CARTESIAN_POINT('',(-5.999999999062E-07,2.015009386737));
#5332 = ( GEOMETRIC_REPRESENTATION_CONTEXT(2) 
PARAMETRIC_REPRESENTATION_CONTEXT() REPRESENTATION_CONTEXT('2D SPACE',''
  ) );
#5333 = ORIENTED_EDGE('',*,*,#5334,.T.);
#5334 = EDGE_CURVE('',#5314,#5335,#5337,.T.);
#5335 = VERTEX_POINT('',#5336);
#5336 = CARTESIAN_POINT('',(-67.,77.483940581449,22.));
#5337 = SURFACE_CURVE('',#5338,(#5343,#5350),.PCURVE_S1.);
#5338 = CIRCLE('',#5339,20.8);
#5339 = AXIS2_PLACEMENT_3D('',#5340,#5341,#5342);
#5340 = CARTESIAN_POINT('',(-58.5,58.5,22.));
#5341 = DIRECTION('',(0.,0.,-1.));
#5342 = DIRECTION('',(1.,0.,0.));
#5343 = PCURVE('',#1860,#5344);
#5344 = DEFINITIONAL_REPRESENTATION('',(#5345),#5349);
#5345 = LINE('',#5346,#5347);
#5346 = CARTESIAN_POINT('',(-6.28318530718,-9.));
#5347 = VECTOR('',#5348,1.);
#5348 = DIRECTION('',(1.,-0.));
#5349 = ( GEOMETRIC_REPRESENTATION_CONTEXT(2) 
PARAMETRIC_REPRESENTATION_CONTEXT() REPRESENTATION_CONTEXT('2D SPACE',''
  ) );
#5350 = PCURVE('',#5351,#5356);
#5351 = PLANE('',#5352);
#5352 = AXIS2_PLACEMENT_3D('',#5353,#5354,#5355);
#5353 = CARTESIAN_POINT('',(-72.,69.,22.));
#5354 = DIRECTION('',(0.,0.,1.));
#5355 = DIRECTION('',(1.,0.,0.));
#5356 = DEFINITIONAL_REPRESENTATION('',(#5357),#5365);
#5357 = ( BOUNDED_CURVE() B_SPLINE_CURVE(2,(#5358,#5359,#5360,#5361,
#5362,#5363,#5364),.UNSPECIFIED.,.T.,.F.) B_SPLINE_CURVE_WITH_KNOTS((1,2
    ,2,2,2,1),(-2.094395102393,0.,2.094395102393,4.188790204786,
6.28318530718,8.377580409573),.UNSPECIFIED.) CURVE() 
GEOMETRIC_REPRESENTATION_ITEM() RATIONAL_B_SPLINE_CURVE((1.,0.5,1.,0.5,
1.,0.5,1.)) REPRESENTATION_ITEM('') );
#5358 = CARTESIAN_POINT('',(34.3,-10.5));
#5359 = CARTESIAN_POINT('',(34.3,-46.52665679743));
#5360 = CARTESIAN_POINT('',(3.1,-28.51332839871));
#5361 = CARTESIAN_POINT('',(-28.1,-10.5));
#5362 = CARTESIAN_POINT('',(3.1,7.513328398716));
#5363 = CARTESIAN_POINT('',(34.3,25.526656797433));
#5364 = CARTESIAN_POINT('',(34.3,-10.5));
#5365 = ( GEOMETRIC_REPRESENTATION_CONTEXT(2) 
PARAMETRIC_REPRESENTATION_CONTEXT() REPRESENTATION_CONTEXT('2D SPACE',''
  ) );
#5366 = ORIENTED_EDGE('',*,*,#5367,.T.);
#5367 = EDGE_CURVE('',#5335,#5368,#5370,.T.);
#5368 = VERTEX_POINT('',#5369);
#5369 = CARTESIAN_POINT('',(-67.,77.483940581449,18.));
#5370 = SURFACE_CURVE('',#5371,(#5375,#5381),.PCURVE_S1.);
#5371 = LINE('',#5372,#5373);
#5372 = CARTESIAN_POINT('',(-67.,77.483940581449,13.));
#5373 = VECTOR('',#5374,1.);
#5374 = DIRECTION('',(-0.,-0.,-1.));
#5375 = PCURVE('',#1860,#5376);
#5376 = DEFINITIONAL_REPRESENTATION('',(#5377),#5380);
#5377 = B_SPLINE_CURVE_WITH_KNOTS('',1,(#5378,#5379),.UNSPECIFIED.,.F.,
  .F.,(2,2),(-9.8,-0.9999994),.PIECEWISE_BEZIER_KNOTS.);
#5378 = CARTESIAN_POINT('',(-1.991774970235,-9.8));
#5379 = CARTESIAN_POINT('',(-1.991774970235,-0.9999994));
#5380 = ( GEOMETRIC_REPRESENTATION_CONTEXT(2) 
PARAMETRIC_REPRESENTATION_CONTEXT() REPRESENTATION_CONTEXT('2D SPACE',''
  ) );
#5381 = PCURVE('',#5382,#5387);
#5382 = PLANE('',#5383);
#5383 = AXIS2_PLACEMENT_3D('',#5384,#5385,#5386);
#5384 = CARTESIAN_POINT('',(-67.,69.,14.));
#5385 = DIRECTION('',(1.,0.,0.));
#5386 = DIRECTION('',(0.,0.,1.));
#5387 = DEFINITIONAL_REPRESENTATION('',(#5388),#5391);
#5388 = B_SPLINE_CURVE_WITH_KNOTS('',1,(#5389,#5390),.UNSPECIFIED.,.F.,
  .F.,(2,2),(-9.8,-0.9999994),.PIECEWISE_BEZIER_KNOTS.);
#5389 = CARTESIAN_POINT('',(8.8,-8.483940581449));
#5390 = CARTESIAN_POINT('',(-5.999999999062E-07,-8.483940581449));
#5391 = ( GEOMETRIC_REPRESENTATION_CONTEXT(2) 
PARAMETRIC_REPRESENTATION_CONTEXT() REPRESENTATION_CONTEXT('2D SPACE',''
  ) );
#5392 = ORIENTED_EDGE('',*,*,#5393,.T.);
#5393 = EDGE_CURVE('',#5368,#4788,#5394,.T.);
#5394 = SURFACE_CURVE('',#5395,(#5400,#5407),.PCURVE_S1.);
#5395 = CIRCLE('',#5396,20.8);
#5396 = AXIS2_PLACEMENT_3D('',#5397,#5398,#5399);
#5397 = CARTESIAN_POINT('',(-58.5,58.5,18.));
#5398 = DIRECTION('',(0.,0.,-1.));
#5399 = DIRECTION('',(1.,0.,0.));
#5400 = PCURVE('',#1860,#5401);
#5401 = DEFINITIONAL_REPRESENTATION('',(#5402),#5406);
#5402 = LINE('',#5403,#5404);
#5403 = CARTESIAN_POINT('',(-6.28318530718,-5.));
#5404 = VECTOR('',#5405,1.);
#5405 = DIRECTION('',(1.,-0.));
#5406 = ( GEOMETRIC_REPRESENTATION_CONTEXT(2) 
PARAMETRIC_REPRESENTATION_CONTEXT() REPRESENTATION_CONTEXT('2D SPACE',''
  ) );
#5407 = PCURVE('',#4825,#5408);
#5408 = DEFINITIONAL_REPRESENTATION('',(#5409),#5417);
#5409 = ( BOUNDED_CURVE() B_SPLINE_CURVE(2,(#5410,#5411,#5412,#5413,
#5414,#5415,#5416),.UNSPECIFIED.,.T.,.F.) B_SPLINE_CURVE_WITH_KNOTS((1,2
    ,2,2,2,1),(-2.094395102393,0.,2.094395102393,4.188790204786,
6.28318530718,8.377580409573),.UNSPECIFIED.) CURVE() 
GEOMETRIC_REPRESENTATION_ITEM() RATIONAL_B_SPLINE_CURVE((1.,0.5,1.,0.5,
1.,0.5,1.)) REPRESENTATION_ITEM('') );
#5410 = CARTESIAN_POINT('',(34.8,-13.));
#5411 = CARTESIAN_POINT('',(34.8,-49.02665679743));
#5412 = CARTESIAN_POINT('',(3.6,-31.01332839871));
#5413 = CARTESIAN_POINT('',(-27.6,-13.));
#5414 = CARTESIAN_POINT('',(3.6,5.013328398716));
#5415 = CARTESIAN_POINT('',(34.8,23.026656797433));
#5416 = CARTESIAN_POINT('',(34.8,-13.));
#5417 = ( GEOMETRIC_REPRESENTATION_CONTEXT(2) 
PARAMETRIC_REPRESENTATION_CONTEXT() REPRESENTATION_CONTEXT('2D SPACE',''
  ) );
#5418 = ORIENTED_EDGE('',*,*,#4787,.F.);
#5419 = ORIENTED_EDGE('',*,*,#5420,.T.);
#5420 = EDGE_CURVE('',#4766,#5421,#5423,.T.);
#5421 = VERTEX_POINT('',#5422);
#5422 = CARTESIAN_POINT('',(-64.87181292883,78.3,21.718141139748));
#5423 = SURFACE_CURVE('',#5424,(#5439,#5457),.PCURVE_S1.);
#5424 = B_SPLINE_CURVE_WITH_KNOTS('',7,(#5425,#5426,#5427,#5428,#5429,
    #5430,#5431,#5432,#5433,#5434,#5435,#5436,#5437,#5438),
  .UNSPECIFIED.,.F.,.F.,(8,6,8),(0.,0.391961855239,1.),.UNSPECIFIED.);
#5425 = CARTESIAN_POINT('',(-58.5,79.3,17.965351882226));
#5426 = CARTESIAN_POINT('',(-58.99396256103,79.3,17.995713525034));
#5427 = CARTESIAN_POINT('',(-59.48077574825,79.286314261228,
    18.060762322674));
#5428 = CARTESIAN_POINT('',(-59.95637535009,79.259655340708,
    18.158967903808));
#5429 = CARTESIAN_POINT('',(-60.41688574037,79.221340891165,
    18.288018328282));
#5430 = CARTESIAN_POINT('',(-60.85872129953,79.17320498657,
    18.444815808256));
#5431 = CARTESIAN_POINT('',(-61.27868769367,79.117443089703,
    18.62544847803));
#5432 = CARTESIAN_POINT('',(-62.2874473785,78.96168194317,
    19.134910640852));
#5433 = CARTESIAN_POINT('',(-62.84611906819,78.853557145907,
    19.492783163867));
#5434 = CARTESIAN_POINT('',(-63.35090371083,78.738487111191,
    19.888401372097));
#5435 = CARTESIAN_POINT('',(-63.80367579124,78.621842563333,
    20.313914376301));
#5436 = CARTESIAN_POINT('',(-64.2066890969,78.507806628473,
    20.763396605991));
#5437 = CARTESIAN_POINT('',(-64.56213359635,78.399657546042,
    21.232488701829));
#5438 = CARTESIAN_POINT('',(-64.87181479329,78.2999994,21.718144063675)
  );
#5439 = PCURVE('',#1860,#5440);
#5440 = DEFINITIONAL_REPRESENTATION('',(#5441),#5456);
#5441 = B_SPLINE_CURVE_WITH_KNOTS('',7,(#5442,#5443,#5444,#5445,#5446,
    #5447,#5448,#5449,#5450,#5451,#5452,#5453,#5454,#5455),
  .UNSPECIFIED.,.F.,.F.,(8,6,8),(0.,0.391961855239,1.),.UNSPECIFIED.);
#5442 = CARTESIAN_POINT('',(-1.570796326795,-4.965351882226));
#5443 = CARTESIAN_POINT('',(-1.594544526845,-4.995713525034));
#5444 = CARTESIAN_POINT('',(-1.617949015414,-5.060762322674));
#5445 = CARTESIAN_POINT('',(-1.640836225883,-5.158967903808));
#5446 = CARTESIAN_POINT('',(-1.663038976684,-5.288018328282));
#5447 = CARTESIAN_POINT('',(-1.684397035103,-5.444815808256));
#5448 = CARTESIAN_POINT('',(-1.704760360503,-5.62544847803));
#5449 = CARTESIAN_POINT('',(-1.753833162311,-6.134910640852));
#5450 = CARTESIAN_POINT('',(-1.781171060478,-6.492783163867));
#5451 = CARTESIAN_POINT('',(-1.806042957428,-6.888401372097));
#5452 = CARTESIAN_POINT('',(-1.828509023802,-7.313914376301));
#5453 = CARTESIAN_POINT('',(-1.848638857475,-7.763396605991));
#5454 = CARTESIAN_POINT('',(-1.866498761762,-8.232488701829));
#5455 = CARTESIAN_POINT('',(-1.882139226727,-8.718144063675));
#5456 = ( GEOMETRIC_REPRESENTATION_CONTEXT(2) 
PARAMETRIC_REPRESENTATION_CONTEXT() REPRESENTATION_CONTEXT('2D SPACE',''
  ) );
#5457 = PCURVE('',#4610,#5458);
#5458 = DEFINITIONAL_REPRESENTATION('',(#5459),#5474);
#5459 = B_SPLINE_CURVE_WITH_KNOTS('',7,(#5460,#5461,#5462,#5463,#5464,
    #5465,#5466,#5467,#5468,#5469,#5470,#5471,#5472,#5473),
  .UNSPECIFIED.,.F.,.F.,(8,6,8),(0.,0.391961855239,1.),.UNSPECIFIED.);
#5460 = CARTESIAN_POINT('',(3.202980896677,1.));
#5461 = CARTESIAN_POINT('',(3.263704182293,1.));
#5462 = CARTESIAN_POINT('',(3.323812994922,0.986314261228));
#5463 = CARTESIAN_POINT('',(3.383163865486,0.959655340708));
#5464 = CARTESIAN_POINT('',(3.441596928081,0.921340891165));
#5465 = CARTESIAN_POINT('',(3.498923880059,0.87320498657));
#5466 = CARTESIAN_POINT('',(3.554911780139,0.817443089703));
#5467 = CARTESIAN_POINT('',(3.693575539576,0.66168194317));
#5468 = CARTESIAN_POINT('',(3.774558875682,0.553557145907));
#5469 = CARTESIAN_POINT('',(3.852706771528,0.438487111191));
#5470 = CARTESIAN_POINT('',(3.928422767348,0.321842563333));
#5471 = CARTESIAN_POINT('',(4.002087828833,0.207806628473));
#5472 = CARTESIAN_POINT('',(4.074066712119,9.965754604236E-02));
#5473 = CARTESIAN_POINT('',(4.144740235264,-6.E-07));
#5474 = ( GEOMETRIC_REPRESENTATION_CONTEXT(2) 
PARAMETRIC_REPRESENTATION_CONTEXT() REPRESENTATION_CONTEXT('2D SPACE',''
  ) );
#5475 = ORIENTED_EDGE('',*,*,#5476,.F.);
#5476 = EDGE_CURVE('',#5477,#5421,#5479,.T.);
#5477 = VERTEX_POINT('',#5478);
#5478 = CARTESIAN_POINT('',(-64.87181292883,78.3,26.907773667126));
#5479 = SURFACE_CURVE('',#5480,(#5484,#5490),.PCURVE_S1.);
#5480 = LINE('',#5481,#5482);
#5481 = CARTESIAN_POINT('',(-64.87181292883,78.3,13.));
#5482 = VECTOR('',#5483,1.);
#5483 = DIRECTION('',(-0.,-0.,-1.));
#5484 = PCURVE('',#1860,#5485);
#5485 = DEFINITIONAL_REPRESENTATION('',(#5486),#5489);
#5486 = B_SPLINE_CURVE_WITH_KNOTS('',1,(#5487,#5488),.UNSPECIFIED.,.F.,
  .F.,(2,2),(-91.6000006,-0.9999994),.PIECEWISE_BEZIER_KNOTS.);
#5487 = CARTESIAN_POINT('',(-1.882139132563,-91.6000006));
#5488 = CARTESIAN_POINT('',(-1.882139132563,-0.9999994));
#5489 = ( GEOMETRIC_REPRESENTATION_CONTEXT(2) 
PARAMETRIC_REPRESENTATION_CONTEXT() REPRESENTATION_CONTEXT('2D SPACE',''
  ) );
#5490 = PCURVE('',#5491,#5496);
#5491 = PLANE('',#5492);
#5492 = AXIS2_PLACEMENT_3D('',#5493,#5494,#5495);
#5493 = CARTESIAN_POINT('',(-58.,78.3,17.95));
#5494 = DIRECTION('',(0.,1.,0.));
#5495 = DIRECTION('',(0.,0.,1.));
#5496 = DEFINITIONAL_REPRESENTATION('',(#5497),#5500);
#5497 = B_SPLINE_CURVE_WITH_KNOTS('',1,(#5498,#5499),.UNSPECIFIED.,.F.,
  .F.,(2,2),(-91.6000006,-0.9999994),.PIECEWISE_BEZIER_KNOTS.);
#5498 = CARTESIAN_POINT('',(86.6500006,-6.87181292883));
#5499 = CARTESIAN_POINT('',(-3.9500006,-6.87181292883));
#5500 = ( GEOMETRIC_REPRESENTATION_CONTEXT(2) 
PARAMETRIC_REPRESENTATION_CONTEXT() REPRESENTATION_CONTEXT('2D SPACE',''
  ) );
#5501 = ORIENTED_EDGE('',*,*,#5502,.F.);
#5502 = EDGE_CURVE('',#5503,#5477,#5505,.T.);
#5503 = VERTEX_POINT('',#5504);
#5504 = CARTESIAN_POINT('',(-64.87181292883,78.3,35.092226332874));
#5505 = SURFACE_CURVE('',#5506,(#5549,#5595),.PCURVE_S1.);
#5506 = B_SPLINE_CURVE_WITH_KNOTS('',5,(#5507,#5508,#5509,#5510,#5511,
    #5512,#5513,#5514,#5515,#5516,#5517,#5518,#5519,#5520,#5521,#5522,
    #5523,#5524,#5525,#5526,#5527,#5528,#5529,#5530,#5531,#5532,#5533,
    #5534,#5535,#5536,#5537,#5538,#5539,#5540,#5541,#5542,#5543,#5544,
    #5545,#5546,#5547,#5548),.UNSPECIFIED.,.F.,.F.,(6,4,4,4,4,4,4,4,4,4,
    6),(0.,0.103335249447,0.177762701937,0.239599665738,0.337834693501,
    0.500002179303,0.661062554563,0.759340139136,0.82121625466,
    0.895701687624,1.),.UNSPECIFIED.);
#5507 = CARTESIAN_POINT('',(-64.,78.559661014085,35.387482193696));
#5508 = CARTESIAN_POINT('',(-64.28837057061,78.480594965198,
    35.321756440773));
#5509 = CARTESIAN_POINT('',(-64.56486438346,78.399213661875,
    35.233814757561));
#5510 = CARTESIAN_POINT('',(-64.82759957392,78.316842417191,
    35.126327801908));
#5511 = CARTESIAN_POINT('',(-65.07523232142,78.234903288635,
    35.00202318613));
#5512 = CARTESIAN_POINT('',(-65.47369566403,78.096906393219,
    34.764118053899));
#5513 = CARTESIAN_POINT('',(-65.63242449385,78.039952533743,
    34.657133601418));
#5514 = CARTESIAN_POINT('',(-65.78300213868,77.984195344486,
    34.54359908229));
#5515 = CARTESIAN_POINT('',(-65.92543341584,77.929969904637,
    34.424237356661));
#5516 = CARTESIAN_POINT('',(-66.17137518564,77.834020667089,
    34.196176928949));
#5517 = CARTESIAN_POINT('',(-66.27740243437,77.79173037466,
    34.089082117392));
#5518 = CARTESIAN_POINT('',(-66.37788821035,77.750851101085,
    33.978728156768));
#5519 = CARTESIAN_POINT('',(-66.47287472721,77.711525234043,
    33.865416979934));
#5520 = CARTESIAN_POINT('',(-66.70463773881,77.614071417588,
    33.565122088685));
#5521 = CARTESIAN_POINT('',(-66.83311261199,77.558497116894,
    33.374020175357));
#5522 = CARTESIAN_POINT('',(-66.94797640864,77.507670331384,
    33.177186567771));
#5523 = CARTESIAN_POINT('',(-67.04935192275,77.462012953885,
    32.975547702904));
#5524 = CARTESIAN_POINT('',(-67.28257290939,77.355553643705,
    32.430362333702));
#5525 = CARTESIAN_POINT('',(-67.39132958932,77.304224539807,
    32.079817267362));
#5526 = CARTESIAN_POINT('',(-67.46376030905,77.269459102899,
    31.722274221011));
#5527 = CARTESIAN_POINT('',(-67.5,77.252066552783,31.361194435633));
#5528 = CARTESIAN_POINT('',(-67.5,77.252066552783,30.641271423446));
#5529 = CARTESIAN_POINT('',(-67.46425343534,77.26922244936,
    30.282653584618));
#5530 = CARTESIAN_POINT('',(-67.39280704514,77.30351537031,
    29.927501140176));
#5531 = CARTESIAN_POINT('',(-67.28553058658,77.354157569459,
    29.57920637759));
#5532 = CARTESIAN_POINT('',(-67.05485664913,77.459526986718,
    29.035772636334));
#5533 = CARTESIAN_POINT('',(-66.95403745569,77.50496992655,
    28.833838901649));
#5534 = CARTESIAN_POINT('',(-66.83972165164,77.55559994065,
    28.636685322732));
#5535 = CARTESIAN_POINT('',(-66.71178738306,77.610996418856,
    28.445237153529));
#5536 = CARTESIAN_POINT('',(-66.48087658813,77.708200809252,
    28.144308346718));
#5537 = CARTESIAN_POINT('',(-66.3862034745,77.747443604915,
    28.030727715629));
#5538 = CARTESIAN_POINT('',(-66.28602636428,77.788248727763,
    27.920093487077));
#5539 = CARTESIAN_POINT('',(-66.18030288549,77.830474092523,
    27.812706844264));
#5540 = CARTESIAN_POINT('',(-65.93499918473,77.926309009073,
    27.583957442621));
#5541 = CARTESIAN_POINT('',(-65.79289791541,77.980489709761,
    27.464194840076));
#5542 = CARTESIAN_POINT('',(-65.64263899278,78.036217222318,
    27.350240950018));
#5543 = CARTESIAN_POINT('',(-65.48421532092,78.093157270903,
    27.24281686806));
#5544 = CARTESIAN_POINT('',(-65.08446793397,78.231845120096,
    27.002624405685));
#5545 = CARTESIAN_POINT('',(-64.83495028833,78.314536445218,
    26.87668639843));
#5546 = CARTESIAN_POINT('',(-64.57002778638,78.397693176581,
    26.76783071005));
#5547 = CARTESIAN_POINT('',(-64.29106903559,78.479855094403,
    26.678858596475));
#5548 = CARTESIAN_POINT('',(-64.,78.559661014085,26.612517806304));
#5549 = PCURVE('',#1860,#5550);
#5550 = DEFINITIONAL_REPRESENTATION('',(#5551),#5594);
#5551 = B_SPLINE_CURVE_WITH_KNOTS('',5,(#5552,#5553,#5554,#5555,#5556,
    #5557,#5558,#5559,#5560,#5561,#5562,#5563,#5564,#5565,#5566,#5567,
    #5568,#5569,#5570,#5571,#5572,#5573,#5574,#5575,#5576,#5577,#5578,
    #5579,#5580,#5581,#5582,#5583,#5584,#5585,#5586,#5587,#5588,#5589,
    #5590,#5591,#5592,#5593),.UNSPECIFIED.,.F.,.F.,(6,4,4,4,4,4,4,4,4,4,
    6),(0.,0.103335249447,0.177762701937,0.239599665738,0.337834693501,
    0.500002179303,0.661062554563,0.759340139136,0.82121625466,
    0.895701687624,1.),.UNSPECIFIED.);
#5552 = CARTESIAN_POINT('',(-1.838401984518,-22.38748219369));
#5553 = CARTESIAN_POINT('',(-1.852777629771,-22.32175644077));
#5554 = CARTESIAN_POINT('',(-1.866632022197,-22.23381475756));
#5555 = CARTESIAN_POINT('',(-1.879867323916,-22.1263278019));
#5556 = CARTESIAN_POINT('',(-1.892406379237,-22.00202318613));
#5557 = CARTESIAN_POINT('',(-1.912679579074,-21.76411805389));
#5558 = CARTESIAN_POINT('',(-1.920786647554,-21.65713360141));
#5559 = CARTESIAN_POINT('',(-1.928505857805,-21.54359908229));
#5560 = CARTESIAN_POINT('',(-1.935832740902,-21.42423735666));
#5561 = CARTESIAN_POINT('',(-1.948524831,-21.19617692894));
#5562 = CARTESIAN_POINT('',(-1.954012664952,-21.08908211739));
#5563 = CARTESIAN_POINT('',(-1.959228029048,-20.97872815676));
#5564 = CARTESIAN_POINT('',(-1.9641705287,-20.86541697993));
#5565 = CARTESIAN_POINT('',(-1.976257964018,-20.56512208868));
#5566 = CARTESIAN_POINT('',(-1.982987403386,-20.37402017535));
#5567 = CARTESIAN_POINT('',(-1.989025995304,-20.17718656777));
#5568 = CARTESIAN_POINT('',(-1.99437124757,-19.9755477029));
#5569 = CARTESIAN_POINT('',(-2.006696731755,-19.4303623337));
#5570 = CARTESIAN_POINT('',(-2.012478063358,-19.07981726736));
#5571 = CARTESIAN_POINT('',(-2.016340776001,-18.72227422101));
#5572 = CARTESIAN_POINT('',(-2.018273308606,-18.36119443563));
#5573 = CARTESIAN_POINT('',(-2.018273308606,-17.64127142344));
#5574 = CARTESIAN_POINT('',(-2.016367071713,-17.28265358461));
#5575 = CARTESIAN_POINT('',(-2.012556857263,-16.92750114017));
#5576 = CARTESIAN_POINT('',(-2.006853959937,-16.57920637759));
#5577 = CARTESIAN_POINT('',(-1.994661631438,-16.03577263633));
#5578 = CARTESIAN_POINT('',(-1.98934499817,-15.83383890164));
#5579 = CARTESIAN_POINT('',(-1.983334323388,-15.63668532273));
#5580 = CARTESIAN_POINT('',(-1.976632128586,-15.44523715352));
#5581 = CARTESIAN_POINT('',(-1.964587109259,-15.14430834671));
#5582 = CARTESIAN_POINT('',(-1.959660057628,-15.03072771562));
#5583 = CARTESIAN_POINT('',(-1.954459780886,-14.92009348707));
#5584 = CARTESIAN_POINT('',(-1.94898666677,-14.81270684426));
#5585 = CARTESIAN_POINT('',(-1.93632515138,-14.58395744262));
#5586 = CARTESIAN_POINT('',(-1.929013858445,-14.46419484007));
#5587 = CARTESIAN_POINT('',(-1.921309509443,-14.35024095001));
#5588 = CARTESIAN_POINT('',(-1.913216470864,-14.24281686806));
#5589 = CARTESIAN_POINT('',(-1.892874063268,-14.00262440568));
#5590 = CARTESIAN_POINT('',(-1.880237637464,-13.87668639843));
#5591 = CARTESIAN_POINT('',(-1.866890755857,-13.76783071005));
#5592 = CARTESIAN_POINT('',(-1.852912151733,-13.67885859647));
#5593 = CARTESIAN_POINT('',(-1.838401984518,-13.6125178063));
#5594 = ( GEOMETRIC_REPRESENTATION_CONTEXT(2) 
PARAMETRIC_REPRESENTATION_CONTEXT() REPRESENTATION_CONTEXT('2D SPACE',''
  ) );
#5595 = PCURVE('',#5596,#5601);
#5596 = CYLINDRICAL_SURFACE('',#5597,4.5);
#5597 = AXIS2_PLACEMENT_3D('',#5598,#5599,#5600);
#5598 = CARTESIAN_POINT('',(-63.,79.3,31.));
#5599 = DIRECTION('',(0.,-1.,0.));
#5600 = DIRECTION('',(0.,-0.,-1.));
#5601 = DEFINITIONAL_REPRESENTATION('',(#5602),#5645);
#5602 = B_SPLINE_CURVE_WITH_KNOTS('',5,(#5603,#5604,#5605,#5606,#5607,
    #5608,#5609,#5610,#5611,#5612,#5613,#5614,#5615,#5616,#5617,#5618,
    #5619,#5620,#5621,#5622,#5623,#5624,#5625,#5626,#5627,#5628,#5629,
    #5630,#5631,#5632,#5633,#5634,#5635,#5636,#5637,#5638,#5639,#5640,
    #5641,#5642,#5643,#5644),.UNSPECIFIED.,.F.,.F.,(6,4,4,4,4,4,4,4,4,4,
    6),(0.,0.103335249447,0.177762701937,0.239599665738,0.337834693501,
    0.500002179303,0.661062554563,0.759340139136,0.82121625466,
    0.895701687624,1.),.UNSPECIFIED.);
#5603 = CARTESIAN_POINT('',(3.365685745891,0.740338985915));
#5604 = CARTESIAN_POINT('',(3.431411498815,0.819405034802));
#5605 = CARTESIAN_POINT('',(3.495661212243,0.900786338125));
#5606 = CARTESIAN_POINT('',(3.558485724546,0.983157582809));
#5607 = CARTESIAN_POINT('',(3.619894920818,1.065096711365));
#5608 = CARTESIAN_POINT('',(3.723024202585,1.203093606781));
#5609 = CARTESIAN_POINT('',(3.765497468375,1.260047466257));
#5610 = CARTESIAN_POINT('',(3.807329272075,1.315804655514));
#5611 = CARTESIAN_POINT('',(3.848573467805,1.370030095363));
#5612 = CARTESIAN_POINT('',(3.923108706904,1.465979332911));
#5613 = CARTESIAN_POINT('',(3.956567697894,1.50826962534));
#5614 = CARTESIAN_POINT('',(3.989696134056,1.549148898915));
#5615 = CARTESIAN_POINT('',(4.022526835016,1.588474765957));
#5616 = CARTESIAN_POINT('',(4.106822351426,1.685928582412));
#5617 = CARTESIAN_POINT('',(4.15788474556,1.741502883106));
#5618 = CARTESIAN_POINT('',(4.208395687676,1.792329668616));
#5619 = CARTESIAN_POINT('',(4.258453408985,1.837987046115));
#5620 = CARTESIAN_POINT('',(4.390225587131,1.944446356295));
#5621 = CARTESIAN_POINT('',(4.471352077289,1.995775460193));
#5622 = CARTESIAN_POINT('',(4.55188367779,2.030540897101));
#5623 = CARTESIAN_POINT('',(4.632123550244,2.047933447217));
#5624 = CARTESIAN_POINT('',(4.792106441841,2.047933447217));
#5625 = CARTESIAN_POINT('',(4.87179921963,2.03077755064));
#5626 = CARTESIAN_POINT('',(4.95177764557,1.99648462969));
#5627 = CARTESIAN_POINT('',(5.032338535657,1.945842430541));
#5628 = CARTESIAN_POINT('',(5.163530732156,1.840473013282));
#5629 = CARTESIAN_POINT('',(5.213591622651,1.79503007345));
#5630 = CARTESIAN_POINT('',(5.264102789166,1.74440005935));
#5631 = CARTESIAN_POINT('',(5.315162260196,1.689003581144));
#5632 = CARTESIAN_POINT('',(5.399453917877,1.591799190748));
#5633 = CARTESIAN_POINT('',(5.432285886599,1.552556395085));
#5634 = CARTESIAN_POINT('',(5.465414321697,1.511751272237));
#5635 = CARTESIAN_POINT('',(5.498872043861,1.469525907477));
#5636 = CARTESIAN_POINT('',(5.573407707496,1.373690990927));
#5637 = CARTESIAN_POINT('',(5.614653062504,1.319510290239));
#5638 = CARTESIAN_POINT('',(5.656484586507,1.263782777682));
#5639 = CARTESIAN_POINT('',(5.698956400474,1.206842729097));
#5640 = CARTESIAN_POINT('',(5.802591656488,1.068154879904));
#5641 = CARTESIAN_POINT('',(5.86453401074,0.985463554782));
#5642 = CARTESIAN_POINT('',(5.927916748531,0.902306823419));
#5643 = CARTESIAN_POINT('',(5.992751424707,0.820144905597));
#5644 = CARTESIAN_POINT('',(6.059092214878,0.740338985915));
#5645 = ( GEOMETRIC_REPRESENTATION_CONTEXT(2) 
PARAMETRIC_REPRESENTATION_CONTEXT() REPRESENTATION_CONTEXT('2D SPACE',''
  ) );
#5646 = ORIENTED_EDGE('',*,*,#5647,.F.);
#5647 = EDGE_CURVE('',#5648,#5503,#5650,.T.);
#5648 = VERTEX_POINT('',#5649);
#5649 = CARTESIAN_POINT('',(-64.87181292883,78.3,87.907773667126));
#5650 = SURFACE_CURVE('',#5651,(#5655,#5661),.PCURVE_S1.);
#5651 = LINE('',#5652,#5653);
#5652 = CARTESIAN_POINT('',(-64.87181292883,78.3,13.));
#5653 = VECTOR('',#5654,1.);
#5654 = DIRECTION('',(-0.,-0.,-1.));
#5655 = PCURVE('',#1860,#5656);
#5656 = DEFINITIONAL_REPRESENTATION('',(#5657),#5660);
#5657 = B_SPLINE_CURVE_WITH_KNOTS('',1,(#5658,#5659),.UNSPECIFIED.,.F.,
  .F.,(2,2),(-91.6000006,-0.9999994),.PIECEWISE_BEZIER_KNOTS.);
#5658 = CARTESIAN_POINT('',(-1.882139132563,-91.6000006));
#5659 = CARTESIAN_POINT('',(-1.882139132563,-0.9999994));
#5660 = ( GEOMETRIC_REPRESENTATION_CONTEXT(2) 
PARAMETRIC_REPRESENTATION_CONTEXT() REPRESENTATION_CONTEXT('2D SPACE',''
  ) );
#5661 = PCURVE('',#5662,#5667);
#5662 = PLANE('',#5663);
#5663 = AXIS2_PLACEMENT_3D('',#5664,#5665,#5666);
#5664 = CARTESIAN_POINT('',(-58.,78.3,17.95));
#5665 = DIRECTION('',(0.,1.,0.));
#5666 = DIRECTION('',(0.,0.,1.));
#5667 = DEFINITIONAL_REPRESENTATION('',(#5668),#5671);
#5668 = B_SPLINE_CURVE_WITH_KNOTS('',1,(#5669,#5670),.UNSPECIFIED.,.F.,
  .F.,(2,2),(-91.6000006,-0.9999994),.PIECEWISE_BEZIER_KNOTS.);
#5669 = CARTESIAN_POINT('',(86.6500006,-6.87181292883));
#5670 = CARTESIAN_POINT('',(-3.9500006,-6.87181292883));
#5671 = ( GEOMETRIC_REPRESENTATION_CONTEXT(2) 
PARAMETRIC_REPRESENTATION_CONTEXT() REPRESENTATION_CONTEXT('2D SPACE',''
  ) );
#5672 = ORIENTED_EDGE('',*,*,#5673,.F.);
#5673 = EDGE_CURVE('',#5674,#5648,#5676,.T.);
#5674 = VERTEX_POINT('',#5675);
#5675 = CARTESIAN_POINT('',(-64.87181292883,78.3,96.092226332874));
#5676 = SURFACE_CURVE('',#5677,(#5720,#5766),.PCURVE_S1.);
#5677 = B_SPLINE_CURVE_WITH_KNOTS('',5,(#5678,#5679,#5680,#5681,#5682,
    #5683,#5684,#5685,#5686,#5687,#5688,#5689,#5690,#5691,#5692,#5693,
    #5694,#5695,#5696,#5697,#5698,#5699,#5700,#5701,#5702,#5703,#5704,
    #5705,#5706,#5707,#5708,#5709,#5710,#5711,#5712,#5713,#5714,#5715,
    #5716,#5717,#5718,#5719),.UNSPECIFIED.,.F.,.F.,(6,4,4,4,4,4,4,4,4,4,
    6),(0.,0.103335249453,0.177762701947,0.239599665752,0.337834693521,
    0.500002179332,0.661062554603,0.759340139181,0.821216254709,
    0.895701687678,1.),.UNSPECIFIED.);
#5678 = CARTESIAN_POINT('',(-64.,78.559661014085,96.387482193696));
#5679 = CARTESIAN_POINT('',(-64.28837057061,78.480594965198,
    96.321756440773));
#5680 = CARTESIAN_POINT('',(-64.56486438346,78.399213661875,
    96.233814757561));
#5681 = CARTESIAN_POINT('',(-64.82759957392,78.316842417191,
    96.126327801908));
#5682 = CARTESIAN_POINT('',(-65.07523232142,78.234903288635,
    96.00202318613));
#5683 = CARTESIAN_POINT('',(-65.47369566403,78.096906393219,
    95.764118053899));
#5684 = CARTESIAN_POINT('',(-65.63242449385,78.039952533743,
    95.657133601418));
#5685 = CARTESIAN_POINT('',(-65.78300213868,77.984195344486,
    95.54359908229));
#5686 = CARTESIAN_POINT('',(-65.92543341584,77.929969904637,
    95.424237356661));
#5687 = CARTESIAN_POINT('',(-66.17137518564,77.834020667089,
    95.196176928949));
#5688 = CARTESIAN_POINT('',(-66.27740243437,77.79173037466,
    95.089082117392));
#5689 = CARTESIAN_POINT('',(-66.37788821035,77.750851101085,
    94.978728156768));
#5690 = CARTESIAN_POINT('',(-66.47287472721,77.711525234043,
    94.865416979934));
#5691 = CARTESIAN_POINT('',(-66.70463773881,77.614071417588,
    94.565122088685));
#5692 = CARTESIAN_POINT('',(-66.83311261199,77.558497116894,
    94.374020175356));
#5693 = CARTESIAN_POINT('',(-66.94797640864,77.507670331384,
    94.177186567771));
#5694 = CARTESIAN_POINT('',(-67.04935192275,77.462012953885,
    93.975547702904));
#5695 = CARTESIAN_POINT('',(-67.28257290939,77.355553643705,
    93.430362333702));
#5696 = CARTESIAN_POINT('',(-67.39132958932,77.304224539807,
    93.079817267362));
#5697 = CARTESIAN_POINT('',(-67.46376030905,77.269459102899,
    92.722274221011));
#5698 = CARTESIAN_POINT('',(-67.5,77.252066552783,92.361194435633));
#5699 = CARTESIAN_POINT('',(-67.5,77.252066552783,91.641271423446));
#5700 = CARTESIAN_POINT('',(-67.46425343534,77.26922244936,
    91.282653584618));
#5701 = CARTESIAN_POINT('',(-67.39280704514,77.30351537031,
    90.927501140176));
#5702 = CARTESIAN_POINT('',(-67.28553058658,77.354157569459,
    90.57920637759));
#5703 = CARTESIAN_POINT('',(-67.05485664913,77.459526986718,
    90.035772636334));
#5704 = CARTESIAN_POINT('',(-66.95403745569,77.50496992655,
    89.833838901649));
#5705 = CARTESIAN_POINT('',(-66.83972165164,77.55559994065,
    89.636685322732));
#5706 = CARTESIAN_POINT('',(-66.71178738306,77.610996418856,
    89.445237153529));
#5707 = CARTESIAN_POINT('',(-66.48087658813,77.708200809252,
    89.144308346718));
#5708 = CARTESIAN_POINT('',(-66.3862034745,77.747443604915,
    89.030727715629));
#5709 = CARTESIAN_POINT('',(-66.28602636428,77.788248727763,
    88.920093487077));
#5710 = CARTESIAN_POINT('',(-66.18030288549,77.830474092523,
    88.812706844264));
#5711 = CARTESIAN_POINT('',(-65.93499918473,77.926309009073,
    88.583957442621));
#5712 = CARTESIAN_POINT('',(-65.79289791541,77.980489709761,
    88.464194840076));
#5713 = CARTESIAN_POINT('',(-65.64263899278,78.036217222318,
    88.350240950018));
#5714 = CARTESIAN_POINT('',(-65.48421532092,78.093157270903,
    88.24281686806));
#5715 = CARTESIAN_POINT('',(-65.08446793411,78.23184512005,
    88.002624405765));
#5716 = CARTESIAN_POINT('',(-64.83495028823,78.314536445258,
    87.876686398341));
#5717 = CARTESIAN_POINT('',(-64.57002778623,78.397693176618,
    87.76783071004));
#5718 = CARTESIAN_POINT('',(-64.29106903575,78.479855094356,
    87.678858596513));
#5719 = CARTESIAN_POINT('',(-64.,78.559661014085,87.612517806304));
#5720 = PCURVE('',#1860,#5721);
#5721 = DEFINITIONAL_REPRESENTATION('',(#5722),#5765);
#5722 = B_SPLINE_CURVE_WITH_KNOTS('',5,(#5723,#5724,#5725,#5726,#5727,
    #5728,#5729,#5730,#5731,#5732,#5733,#5734,#5735,#5736,#5737,#5738,
    #5739,#5740,#5741,#5742,#5743,#5744,#5745,#5746,#5747,#5748,#5749,
    #5750,#5751,#5752,#5753,#5754,#5755,#5756,#5757,#5758,#5759,#5760,
    #5761,#5762,#5763,#5764),.UNSPECIFIED.,.F.,.F.,(6,4,4,4,4,4,4,4,4,4,
    6),(0.,0.103335249453,0.177762701947,0.239599665752,0.337834693521,
    0.500002179332,0.661062554603,0.759340139181,0.821216254709,
    0.895701687678,1.),.UNSPECIFIED.);
#5723 = CARTESIAN_POINT('',(-1.838401984518,-83.38748219369));
#5724 = CARTESIAN_POINT('',(-1.852777629771,-83.32175644077));
#5725 = CARTESIAN_POINT('',(-1.866632022197,-83.23381475756));
#5726 = CARTESIAN_POINT('',(-1.879867323916,-83.1263278019));
#5727 = CARTESIAN_POINT('',(-1.892406379237,-83.00202318613));
#5728 = CARTESIAN_POINT('',(-1.912679579074,-82.76411805389));
#5729 = CARTESIAN_POINT('',(-1.920786647554,-82.65713360141));
#5730 = CARTESIAN_POINT('',(-1.928505857805,-82.54359908229));
#5731 = CARTESIAN_POINT('',(-1.935832740902,-82.42423735666));
#5732 = CARTESIAN_POINT('',(-1.948524831,-82.19617692894));
#5733 = CARTESIAN_POINT('',(-1.954012664952,-82.08908211739));
#5734 = CARTESIAN_POINT('',(-1.959228029048,-81.97872815676));
#5735 = CARTESIAN_POINT('',(-1.9641705287,-81.86541697993));
#5736 = CARTESIAN_POINT('',(-1.976257964018,-81.56512208868));
#5737 = CARTESIAN_POINT('',(-1.982987403386,-81.37402017535));
#5738 = CARTESIAN_POINT('',(-1.989025995304,-81.17718656777));
#5739 = CARTESIAN_POINT('',(-1.99437124757,-80.9755477029));
#5740 = CARTESIAN_POINT('',(-2.006696731755,-80.4303623337));
#5741 = CARTESIAN_POINT('',(-2.012478063358,-80.07981726736));
#5742 = CARTESIAN_POINT('',(-2.016340776001,-79.72227422101));
#5743 = CARTESIAN_POINT('',(-2.018273308606,-79.36119443563));
#5744 = CARTESIAN_POINT('',(-2.018273308606,-78.64127142344));
#5745 = CARTESIAN_POINT('',(-2.016367071713,-78.28265358461));
#5746 = CARTESIAN_POINT('',(-2.012556857263,-77.92750114017));
#5747 = CARTESIAN_POINT('',(-2.006853959937,-77.57920637759));
#5748 = CARTESIAN_POINT('',(-1.994661631438,-77.03577263633));
#5749 = CARTESIAN_POINT('',(-1.98934499817,-76.83383890164));
#5750 = CARTESIAN_POINT('',(-1.983334323388,-76.63668532273));
#5751 = CARTESIAN_POINT('',(-1.976632128586,-76.44523715352));
#5752 = CARTESIAN_POINT('',(-1.964587109259,-76.14430834671));
#5753 = CARTESIAN_POINT('',(-1.959660057628,-76.03072771562));
#5754 = CARTESIAN_POINT('',(-1.954459780886,-75.92009348707));
#5755 = CARTESIAN_POINT('',(-1.94898666677,-75.81270684426));
#5756 = CARTESIAN_POINT('',(-1.93632515138,-75.58395744262));
#5757 = CARTESIAN_POINT('',(-1.929013858445,-75.46419484007));
#5758 = CARTESIAN_POINT('',(-1.921309509443,-75.35024095001));
#5759 = CARTESIAN_POINT('',(-1.913216470864,-75.24281686806));
#5760 = CARTESIAN_POINT('',(-1.892874063275,-75.00262440576));
#5761 = CARTESIAN_POINT('',(-1.880237637459,-74.87668639834));
#5762 = CARTESIAN_POINT('',(-1.86689075585,-74.76783071004));
#5763 = CARTESIAN_POINT('',(-1.852912151742,-74.67885859651));
#5764 = CARTESIAN_POINT('',(-1.838401984518,-74.6125178063));
#5765 = ( GEOMETRIC_REPRESENTATION_CONTEXT(2) 
PARAMETRIC_REPRESENTATION_CONTEXT() REPRESENTATION_CONTEXT('2D SPACE',''
  ) );
#5766 = PCURVE('',#5767,#5772);
#5767 = CYLINDRICAL_SURFACE('',#5768,4.5);
#5768 = AXIS2_PLACEMENT_3D('',#5769,#5770,#5771);
#5769 = CARTESIAN_POINT('',(-63.,79.3,92.));
#5770 = DIRECTION('',(0.,-1.,0.));
#5771 = DIRECTION('',(0.,-0.,-1.));
#5772 = DEFINITIONAL_REPRESENTATION('',(#5773),#5816);
#5773 = B_SPLINE_CURVE_WITH_KNOTS('',5,(#5774,#5775,#5776,#5777,#5778,
    #5779,#5780,#5781,#5782,#5783,#5784,#5785,#5786,#5787,#5788,#5789,
    #5790,#5791,#5792,#5793,#5794,#5795,#5796,#5797,#5798,#5799,#5800,
    #5801,#5802,#5803,#5804,#5805,#5806,#5807,#5808,#5809,#5810,#5811,
    #5812,#5813,#5814,#5815),.UNSPECIFIED.,.F.,.F.,(6,4,4,4,4,4,4,4,4,4,
    6),(0.,0.103335249453,0.177762701947,0.239599665752,0.337834693521,
    0.500002179332,0.661062554603,0.759340139181,0.821216254709,
    0.895701687678,1.),.UNSPECIFIED.);
#5774 = CARTESIAN_POINT('',(3.365685745891,0.740338985915));
#5775 = CARTESIAN_POINT('',(3.431411498815,0.819405034802));
#5776 = CARTESIAN_POINT('',(3.495661212243,0.900786338125));
#5777 = CARTESIAN_POINT('',(3.558485724546,0.983157582809));
#5778 = CARTESIAN_POINT('',(3.619894920818,1.065096711365));
#5779 = CARTESIAN_POINT('',(3.723024202585,1.203093606781));
#5780 = CARTESIAN_POINT('',(3.765497468375,1.260047466257));
#5781 = CARTESIAN_POINT('',(3.807329272075,1.315804655514));
#5782 = CARTESIAN_POINT('',(3.848573467805,1.370030095363));
#5783 = CARTESIAN_POINT('',(3.923108706904,1.465979332911));
#5784 = CARTESIAN_POINT('',(3.956567697894,1.50826962534));
#5785 = CARTESIAN_POINT('',(3.989696134056,1.549148898915));
#5786 = CARTESIAN_POINT('',(4.022526835016,1.588474765957));
#5787 = CARTESIAN_POINT('',(4.106822351426,1.685928582412));
#5788 = CARTESIAN_POINT('',(4.15788474556,1.741502883106));
#5789 = CARTESIAN_POINT('',(4.208395687676,1.792329668616));
#5790 = CARTESIAN_POINT('',(4.258453408985,1.837987046115));
#5791 = CARTESIAN_POINT('',(4.390225587131,1.944446356295));
#5792 = CARTESIAN_POINT('',(4.471352077289,1.995775460193));
#5793 = CARTESIAN_POINT('',(4.55188367779,2.030540897101));
#5794 = CARTESIAN_POINT('',(4.632123550244,2.047933447217));
#5795 = CARTESIAN_POINT('',(4.792106441841,2.047933447217));
#5796 = CARTESIAN_POINT('',(4.87179921963,2.03077755064));
#5797 = CARTESIAN_POINT('',(4.95177764557,1.99648462969));
#5798 = CARTESIAN_POINT('',(5.032338535657,1.945842430541));
#5799 = CARTESIAN_POINT('',(5.163530732156,1.840473013282));
#5800 = CARTESIAN_POINT('',(5.213591622651,1.79503007345));
#5801 = CARTESIAN_POINT('',(5.264102789166,1.74440005935));
#5802 = CARTESIAN_POINT('',(5.315162260196,1.689003581144));
#5803 = CARTESIAN_POINT('',(5.399453917877,1.591799190748));
#5804 = CARTESIAN_POINT('',(5.432285886599,1.552556395085));
#5805 = CARTESIAN_POINT('',(5.465414321697,1.511751272237));
#5806 = CARTESIAN_POINT('',(5.498872043861,1.469525907477));
#5807 = CARTESIAN_POINT('',(5.573407707496,1.373690990927));
#5808 = CARTESIAN_POINT('',(5.614653062504,1.319510290239));
#5809 = CARTESIAN_POINT('',(5.656484586507,1.263782777682));
#5810 = CARTESIAN_POINT('',(5.698956400474,1.206842729097));
#5811 = CARTESIAN_POINT('',(5.802591656453,1.06815487995));
#5812 = CARTESIAN_POINT('',(5.864534010768,0.985463554742));
#5813 = CARTESIAN_POINT('',(5.927916748564,0.902306823382));
#5814 = CARTESIAN_POINT('',(5.992751424669,0.820144905644));
#5815 = CARTESIAN_POINT('',(6.059092214878,0.740338985915));
#5816 = ( GEOMETRIC_REPRESENTATION_CONTEXT(2) 
PARAMETRIC_REPRESENTATION_CONTEXT() REPRESENTATION_CONTEXT('2D SPACE',''
  ) );
#5817 = ORIENTED_EDGE('',*,*,#5818,.F.);
#5818 = EDGE_CURVE('',#5819,#5674,#5821,.T.);
#5819 = VERTEX_POINT('',#5820);
#5820 = CARTESIAN_POINT('',(-64.87181292883,78.3,104.6));
#5821 = SURFACE_CURVE('',#5822,(#5826,#5832),.PCURVE_S1.);
#5822 = LINE('',#5823,#5824);
#5823 = CARTESIAN_POINT('',(-64.87181292883,78.3,13.));
#5824 = VECTOR('',#5825,1.);
#5825 = DIRECTION('',(-0.,-0.,-1.));
#5826 = PCURVE('',#1860,#5827);
#5827 = DEFINITIONAL_REPRESENTATION('',(#5828),#5831);
#5828 = B_SPLINE_CURVE_WITH_KNOTS('',1,(#5829,#5830),.UNSPECIFIED.,.F.,
  .F.,(2,2),(-91.6000006,-0.9999994),.PIECEWISE_BEZIER_KNOTS.);
#5829 = CARTESIAN_POINT('',(-1.882139132563,-91.6000006));
#5830 = CARTESIAN_POINT('',(-1.882139132563,-0.9999994));
#5831 = ( GEOMETRIC_REPRESENTATION_CONTEXT(2) 
PARAMETRIC_REPRESENTATION_CONTEXT() REPRESENTATION_CONTEXT('2D SPACE',''
  ) );
#5832 = PCURVE('',#5833,#5838);
#5833 = PLANE('',#5834);
#5834 = AXIS2_PLACEMENT_3D('',#5835,#5836,#5837);
#5835 = CARTESIAN_POINT('',(-58.,78.3,17.95));
#5836 = DIRECTION('',(0.,1.,0.));
#5837 = DIRECTION('',(0.,0.,1.));
#5838 = DEFINITIONAL_REPRESENTATION('',(#5839),#5842);
#5839 = B_SPLINE_CURVE_WITH_KNOTS('',1,(#5840,#5841),.UNSPECIFIED.,.F.,
  .F.,(2,2),(-91.6000006,-0.9999994),.PIECEWISE_BEZIER_KNOTS.);
#5840 = CARTESIAN_POINT('',(86.6500006,-6.87181292883));
#5841 = CARTESIAN_POINT('',(-3.9500006,-6.87181292883));
#5842 = ( GEOMETRIC_REPRESENTATION_CONTEXT(2) 
PARAMETRIC_REPRESENTATION_CONTEXT() REPRESENTATION_CONTEXT('2D SPACE',''
  ) );
#5843 = ORIENTED_EDGE('',*,*,#5844,.F.);
#5844 = EDGE_CURVE('',#5845,#5819,#5847,.T.);
#5845 = VERTEX_POINT('',#5846);
#5846 = CARTESIAN_POINT('',(-77.90077318046,66.,104.6));
#5847 = SURFACE_CURVE('',#5848,(#5853,#5860),.PCURVE_S1.);
#5848 = CIRCLE('',#5849,20.8);
#5849 = AXIS2_PLACEMENT_3D('',#5850,#5851,#5852);
#5850 = CARTESIAN_POINT('',(-58.5,58.5,104.6));
#5851 = DIRECTION('',(0.,0.,-1.));
#5852 = DIRECTION('',(1.,0.,0.));
#5853 = PCURVE('',#1860,#5854);
#5854 = DEFINITIONAL_REPRESENTATION('',(#5855),#5859);
#5855 = LINE('',#5856,#5857);
#5856 = CARTESIAN_POINT('',(-6.28318530718,-91.6));
#5857 = VECTOR('',#5858,1.);
#5858 = DIRECTION('',(1.,-0.));
#5859 = ( GEOMETRIC_REPRESENTATION_CONTEXT(2) 
PARAMETRIC_REPRESENTATION_CONTEXT() REPRESENTATION_CONTEXT('2D SPACE',''
  ) );
#5860 = PCURVE('',#4694,#5861);
#5861 = DEFINITIONAL_REPRESENTATION('',(#5862),#5870);
#5862 = ( BOUNDED_CURVE() B_SPLINE_CURVE(2,(#5863,#5864,#5865,#5866,
#5867,#5868,#5869),.UNSPECIFIED.,.T.,.F.) B_SPLINE_CURVE_WITH_KNOTS((1,2
    ,2,2,2,1),(-2.094395102393,0.,2.094395102393,4.188790204786,
6.28318530718,8.377580409573),.UNSPECIFIED.) CURVE() 
GEOMETRIC_REPRESENTATION_ITEM() RATIONAL_B_SPLINE_CURVE((1.,0.5,1.,0.5,
1.,0.5,1.)) REPRESENTATION_ITEM('') );
#5863 = CARTESIAN_POINT('',(20.8,141.));
#5864 = CARTESIAN_POINT('',(20.8,104.97334320256));
#5865 = CARTESIAN_POINT('',(-10.4,122.98667160128));
#5866 = CARTESIAN_POINT('',(-41.6,141.));
#5867 = CARTESIAN_POINT('',(-10.4,159.01332839871));
#5868 = CARTESIAN_POINT('',(20.8,177.02665679743));
#5869 = CARTESIAN_POINT('',(20.8,141.));
#5870 = ( GEOMETRIC_REPRESENTATION_CONTEXT(2) 
PARAMETRIC_REPRESENTATION_CONTEXT() REPRESENTATION_CONTEXT('2D SPACE',''
  ) );
#5871 = ORIENTED_EDGE('',*,*,#5872,.T.);
#5872 = EDGE_CURVE('',#5845,#5873,#5875,.T.);
#5873 = VERTEX_POINT('',#5874);
#5874 = CARTESIAN_POINT('',(-77.90077318046,66.,93.));
#5875 = SURFACE_CURVE('',#5876,(#5880,#5886),.PCURVE_S1.);
#5876 = LINE('',#5877,#5878);
#5877 = CARTESIAN_POINT('',(-77.90077318046,66.,13.));
#5878 = VECTOR('',#5879,1.);
#5879 = DIRECTION('',(-0.,-0.,-1.));
#5880 = PCURVE('',#1860,#5881);
#5881 = DEFINITIONAL_REPRESENTATION('',(#5882),#5885);
#5882 = B_SPLINE_CURVE_WITH_KNOTS('',1,(#5883,#5884),.UNSPECIFIED.,.F.,
  .F.,(2,2),(-91.6000006,-78.8),.PIECEWISE_BEZIER_KNOTS.);
#5883 = CARTESIAN_POINT('',(-2.772706301996,-91.6000006));
#5884 = CARTESIAN_POINT('',(-2.772706301996,-78.8));
#5885 = ( GEOMETRIC_REPRESENTATION_CONTEXT(2) 
PARAMETRIC_REPRESENTATION_CONTEXT() REPRESENTATION_CONTEXT('2D SPACE',''
  ) );
#5886 = PCURVE('',#4721,#5887);
#5887 = DEFINITIONAL_REPRESENTATION('',(#5888),#5891);
#5888 = B_SPLINE_CURVE_WITH_KNOTS('',1,(#5889,#5890),.UNSPECIFIED.,.F.,
  .F.,(2,2),(-91.6000006,-78.8),.PIECEWISE_BEZIER_KNOTS.);
#5889 = CARTESIAN_POINT('',(11.6000006,4.599226819531));
#5890 = CARTESIAN_POINT('',(-1.2,4.599226819531));
#5891 = ( GEOMETRIC_REPRESENTATION_CONTEXT(2) 
PARAMETRIC_REPRESENTATION_CONTEXT() REPRESENTATION_CONTEXT('2D SPACE',''
  ) );
#5892 = ORIENTED_EDGE('',*,*,#5893,.F.);
#5893 = EDGE_CURVE('',#5190,#5873,#5894,.T.);
#5894 = SURFACE_CURVE('',#5895,(#5900,#5907),.PCURVE_S1.);
#5895 = CIRCLE('',#5896,20.8);
#5896 = AXIS2_PLACEMENT_3D('',#5897,#5898,#5899);
#5897 = CARTESIAN_POINT('',(-58.5,58.5,93.));
#5898 = DIRECTION('',(0.,0.,-1.));
#5899 = DIRECTION('',(1.,0.,0.));
#5900 = PCURVE('',#1860,#5901);
#5901 = DEFINITIONAL_REPRESENTATION('',(#5902),#5906);
#5902 = LINE('',#5903,#5904);
#5903 = CARTESIAN_POINT('',(-6.28318530718,-80.));
#5904 = VECTOR('',#5905,1.);
#5905 = DIRECTION('',(1.,-0.));
#5906 = ( GEOMETRIC_REPRESENTATION_CONTEXT(2) 
PARAMETRIC_REPRESENTATION_CONTEXT() REPRESENTATION_CONTEXT('2D SPACE',''
  ) );
#5907 = PCURVE('',#5908,#5913);
#5908 = PLANE('',#5909);
#5909 = AXIS2_PLACEMENT_3D('',#5910,#5911,#5912);
#5910 = CARTESIAN_POINT('',(-82.5,-66.,93.));
#5911 = DIRECTION('',(0.,0.,1.));
#5912 = DIRECTION('',(1.,0.,0.));
#5913 = DEFINITIONAL_REPRESENTATION('',(#5914),#5922);
#5914 = ( BOUNDED_CURVE() B_SPLINE_CURVE(2,(#5915,#5916,#5917,#5918,
#5919,#5920,#5921),.UNSPECIFIED.,.T.,.F.) B_SPLINE_CURVE_WITH_KNOTS((1,2
    ,2,2,2,1),(-2.094395102393,0.,2.094395102393,4.188790204786,
6.28318530718,8.377580409573),.UNSPECIFIED.) CURVE() 
GEOMETRIC_REPRESENTATION_ITEM() RATIONAL_B_SPLINE_CURVE((1.,0.5,1.,0.5,
1.,0.5,1.)) REPRESENTATION_ITEM('') );
#5915 = CARTESIAN_POINT('',(44.8,124.5));
#5916 = CARTESIAN_POINT('',(44.8,88.473343202567));
#5917 = CARTESIAN_POINT('',(13.6,106.48667160128));
#5918 = CARTESIAN_POINT('',(-17.6,124.5));
#5919 = CARTESIAN_POINT('',(13.6,142.51332839871));
#5920 = CARTESIAN_POINT('',(44.8,160.52665679743));
#5921 = CARTESIAN_POINT('',(44.8,124.5));
#5922 = ( GEOMETRIC_REPRESENTATION_CONTEXT(2) 
PARAMETRIC_REPRESENTATION_CONTEXT() REPRESENTATION_CONTEXT('2D SPACE',''
  ) );
#5923 = ADVANCED_FACE('',(#5924,#5972,#6080),#1828,.T.);
#5924 = FACE_BOUND('',#5925,.T.);
#5925 = EDGE_LOOP('',(#5926,#5949,#5950,#5951));
#5926 = ORIENTED_EDGE('',*,*,#5927,.F.);
#5927 = EDGE_CURVE('',#1785,#5928,#5930,.T.);
#5928 = VERTEX_POINT('',#5929);
#5929 = CARTESIAN_POINT('',(-79.3,-58.5,93.));
#5930 = SURFACE_CURVE('',#5931,(#5935,#5942),.PCURVE_S1.);
#5931 = LINE('',#5932,#5933);
#5932 = CARTESIAN_POINT('',(-79.3,-58.5,13.));
#5933 = VECTOR('',#5934,1.);
#5934 = DIRECTION('',(0.,0.,1.));
#5935 = PCURVE('',#1828,#5936);
#5936 = DEFINITIONAL_REPRESENTATION('',(#5937),#5941);
#5937 = LINE('',#5938,#5939);
#5938 = CARTESIAN_POINT('',(0.,0.));
#5939 = VECTOR('',#5940,1.);
#5940 = DIRECTION('',(1.,0.));
#5941 = ( GEOMETRIC_REPRESENTATION_CONTEXT(2) 
PARAMETRIC_REPRESENTATION_CONTEXT() REPRESENTATION_CONTEXT('2D SPACE',''
  ) );
#5942 = PCURVE('',#1663,#5943);
#5943 = DEFINITIONAL_REPRESENTATION('',(#5944),#5948);
#5944 = LINE('',#5945,#5946);
#5945 = CARTESIAN_POINT('',(-3.14159265359,0.));
#5946 = VECTOR('',#5947,1.);
#5947 = DIRECTION('',(-0.,-1.));
#5948 = ( GEOMETRIC_REPRESENTATION_CONTEXT(2) 
PARAMETRIC_REPRESENTATION_CONTEXT() REPRESENTATION_CONTEXT('2D SPACE',''
  ) );
#5949 = ORIENTED_EDGE('',*,*,#1812,.T.);
#5950 = ORIENTED_EDGE('',*,*,#5189,.T.);
#5951 = ORIENTED_EDGE('',*,*,#5952,.T.);
#5952 = EDGE_CURVE('',#5190,#5928,#5953,.T.);
#5953 = SURFACE_CURVE('',#5954,(#5958,#5965),.PCURVE_S1.);
#5954 = LINE('',#5955,#5956);
#5955 = CARTESIAN_POINT('',(-79.3,58.5,93.));
#5956 = VECTOR('',#5957,1.);
#5957 = DIRECTION('',(0.,-1.,0.));
#5958 = PCURVE('',#1828,#5959);
#5959 = DEFINITIONAL_REPRESENTATION('',(#5960),#5964);
#5960 = LINE('',#5961,#5962);
#5961 = CARTESIAN_POINT('',(80.,-117.));
#5962 = VECTOR('',#5963,1.);
#5963 = DIRECTION('',(0.,1.));
#5964 = ( GEOMETRIC_REPRESENTATION_CONTEXT(2) 
PARAMETRIC_REPRESENTATION_CONTEXT() REPRESENTATION_CONTEXT('2D SPACE',''
  ) );
#5965 = PCURVE('',#5908,#5966);
#5966 = DEFINITIONAL_REPRESENTATION('',(#5967),#5971);
#5967 = LINE('',#5968,#5969);
#5968 = CARTESIAN_POINT('',(3.2,124.5));
#5969 = VECTOR('',#5970,1.);
#5970 = DIRECTION('',(0.,-1.));
#5971 = ( GEOMETRIC_REPRESENTATION_CONTEXT(2) 
PARAMETRIC_REPRESENTATION_CONTEXT() REPRESENTATION_CONTEXT('2D SPACE',''
  ) );
#5972 = FACE_BOUND('',#5973,.T.);
#5973 = EDGE_LOOP('',(#5974,#6003,#6029,#6056));
#5974 = ORIENTED_EDGE('',*,*,#5975,.T.);
#5975 = EDGE_CURVE('',#5976,#5978,#5980,.T.);
#5976 = VERTEX_POINT('',#5977);
#5977 = CARTESIAN_POINT('',(-79.3,25.,23.));
#5978 = VERTEX_POINT('',#5979);
#5979 = CARTESIAN_POINT('',(-79.3,15.,23.));
#5980 = SURFACE_CURVE('',#5981,(#5985,#5991),.PCURVE_S1.);
#5981 = LINE('',#5982,#5983);
#5982 = CARTESIAN_POINT('',(-79.3,-21.75,23.));
#5983 = VECTOR('',#5984,1.);
#5984 = DIRECTION('',(0.,-1.,0.));
#5985 = PCURVE('',#1828,#5986);
#5986 = DEFINITIONAL_REPRESENTATION('',(#5987),#5990);
#5987 = B_SPLINE_CURVE_WITH_KNOTS('',1,(#5988,#5989),.UNSPECIFIED.,.F.,
  .F.,(2,2),(-46.75,-36.75),.PIECEWISE_BEZIER_KNOTS.);
#5988 = CARTESIAN_POINT('',(10.,-83.5));
#5989 = CARTESIAN_POINT('',(10.,-73.5));
#5990 = ( GEOMETRIC_REPRESENTATION_CONTEXT(2) 
PARAMETRIC_REPRESENTATION_CONTEXT() REPRESENTATION_CONTEXT('2D SPACE',''
  ) );
#5991 = PCURVE('',#5992,#5997);
#5992 = PLANE('',#5993);
#5993 = AXIS2_PLACEMENT_3D('',#5994,#5995,#5996);
#5994 = CARTESIAN_POINT('',(-80.,15.,23.));
#5995 = DIRECTION('',(0.,0.,1.));
#5996 = DIRECTION('',(1.,0.,0.));
#5997 = DEFINITIONAL_REPRESENTATION('',(#5998),#6002);
#5998 = LINE('',#5999,#6000);
#5999 = CARTESIAN_POINT('',(0.7,-36.75));
#6000 = VECTOR('',#6001,1.);
#6001 = DIRECTION('',(0.,-1.));
#6002 = ( GEOMETRIC_REPRESENTATION_CONTEXT(2) 
PARAMETRIC_REPRESENTATION_CONTEXT() REPRESENTATION_CONTEXT('2D SPACE',''
  ) );
#6003 = ORIENTED_EDGE('',*,*,#6004,.T.);
#6004 = EDGE_CURVE('',#5978,#6005,#6007,.T.);
#6005 = VERTEX_POINT('',#6006);
#6006 = CARTESIAN_POINT('',(-79.3,15.,35.));
#6007 = SURFACE_CURVE('',#6008,(#6012,#6018),.PCURVE_S1.);
#6008 = LINE('',#6009,#6010);
#6009 = CARTESIAN_POINT('',(-79.3,15.,18.));
#6010 = VECTOR('',#6011,1.);
#6011 = DIRECTION('',(0.,0.,1.));
#6012 = PCURVE('',#1828,#6013);
#6013 = DEFINITIONAL_REPRESENTATION('',(#6014),#6017);
#6014 = B_SPLINE_CURVE_WITH_KNOTS('',1,(#6015,#6016),.UNSPECIFIED.,.F.,
  .F.,(2,2),(5.,17.),.PIECEWISE_BEZIER_KNOTS.);
#6015 = CARTESIAN_POINT('',(10.,-73.5));
#6016 = CARTESIAN_POINT('',(22.,-73.5));
#6017 = ( GEOMETRIC_REPRESENTATION_CONTEXT(2) 
PARAMETRIC_REPRESENTATION_CONTEXT() REPRESENTATION_CONTEXT('2D SPACE',''
  ) );
#6018 = PCURVE('',#6019,#6024);
#6019 = PLANE('',#6020);
#6020 = AXIS2_PLACEMENT_3D('',#6021,#6022,#6023);
#6021 = CARTESIAN_POINT('',(-80.,15.,23.));
#6022 = DIRECTION('',(0.,1.,0.));
#6023 = DIRECTION('',(0.,0.,1.));
#6024 = DEFINITIONAL_REPRESENTATION('',(#6025),#6028);
#6025 = B_SPLINE_CURVE_WITH_KNOTS('',1,(#6026,#6027),.UNSPECIFIED.,.F.,
  .F.,(2,2),(5.,17.),.PIECEWISE_BEZIER_KNOTS.);
#6026 = CARTESIAN_POINT('',(0.,0.7));
#6027 = CARTESIAN_POINT('',(12.,0.7));
#6028 = ( GEOMETRIC_REPRESENTATION_CONTEXT(2) 
PARAMETRIC_REPRESENTATION_CONTEXT() REPRESENTATION_CONTEXT('2D SPACE',''
  ) );
#6029 = ORIENTED_EDGE('',*,*,#6030,.F.);
#6030 = EDGE_CURVE('',#6031,#6005,#6033,.T.);
#6031 = VERTEX_POINT('',#6032);
#6032 = CARTESIAN_POINT('',(-79.3,25.,35.));
#6033 = SURFACE_CURVE('',#6034,(#6038,#6044),.PCURVE_S1.);
#6034 = LINE('',#6035,#6036);
#6035 = CARTESIAN_POINT('',(-79.3,-21.75,35.));
#6036 = VECTOR('',#6037,1.);
#6037 = DIRECTION('',(0.,-1.,0.));
#6038 = PCURVE('',#1828,#6039);
#6039 = DEFINITIONAL_REPRESENTATION('',(#6040),#6043);
#6040 = B_SPLINE_CURVE_WITH_KNOTS('',1,(#6041,#6042),.UNSPECIFIED.,.F.,
  .F.,(2,2),(-46.75,-36.75),.PIECEWISE_BEZIER_KNOTS.);
#6041 = CARTESIAN_POINT('',(22.,-83.5));
#6042 = CARTESIAN_POINT('',(22.,-73.5));
#6043 = ( GEOMETRIC_REPRESENTATION_CONTEXT(2) 
PARAMETRIC_REPRESENTATION_CONTEXT() REPRESENTATION_CONTEXT('2D SPACE',''
  ) );
#6044 = PCURVE('',#6045,#6050);
#6045 = PLANE('',#6046);
#6046 = AXIS2_PLACEMENT_3D('',#6047,#6048,#6049);
#6047 = CARTESIAN_POINT('',(-80.,15.,35.));
#6048 = DIRECTION('',(0.,0.,1.));
#6049 = DIRECTION('',(1.,0.,0.));
#6050 = DEFINITIONAL_REPRESENTATION('',(#6051),#6055);
#6051 = LINE('',#6052,#6053);
#6052 = CARTESIAN_POINT('',(0.7,-36.75));
#6053 = VECTOR('',#6054,1.);
#6054 = DIRECTION('',(0.,-1.));
#6055 = ( GEOMETRIC_REPRESENTATION_CONTEXT(2) 
PARAMETRIC_REPRESENTATION_CONTEXT() REPRESENTATION_CONTEXT('2D SPACE',''
  ) );
#6056 = ORIENTED_EDGE('',*,*,#6057,.F.);
#6057 = EDGE_CURVE('',#5976,#6031,#6058,.T.);
#6058 = SURFACE_CURVE('',#6059,(#6063,#6069),.PCURVE_S1.);
#6059 = LINE('',#6060,#6061);
#6060 = CARTESIAN_POINT('',(-79.3,25.,18.));
#6061 = VECTOR('',#6062,1.);
#6062 = DIRECTION('',(0.,0.,1.));
#6063 = PCURVE('',#1828,#6064);
#6064 = DEFINITIONAL_REPRESENTATION('',(#6065),#6068);
#6065 = B_SPLINE_CURVE_WITH_KNOTS('',1,(#6066,#6067),.UNSPECIFIED.,.F.,
  .F.,(2,2),(5.,17.),.PIECEWISE_BEZIER_KNOTS.);
#6066 = CARTESIAN_POINT('',(10.,-83.5));
#6067 = CARTESIAN_POINT('',(22.,-83.5));
#6068 = ( GEOMETRIC_REPRESENTATION_CONTEXT(2) 
PARAMETRIC_REPRESENTATION_CONTEXT() REPRESENTATION_CONTEXT('2D SPACE',''
  ) );
#6069 = PCURVE('',#6070,#6075);
#6070 = PLANE('',#6071);
#6071 = AXIS2_PLACEMENT_3D('',#6072,#6073,#6074);
#6072 = CARTESIAN_POINT('',(-80.,25.,23.));
#6073 = DIRECTION('',(0.,1.,0.));
#6074 = DIRECTION('',(0.,0.,1.));
#6075 = DEFINITIONAL_REPRESENTATION('',(#6076),#6079);
#6076 = B_SPLINE_CURVE_WITH_KNOTS('',1,(#6077,#6078),.UNSPECIFIED.,.F.,
  .F.,(2,2),(5.,17.),.PIECEWISE_BEZIER_KNOTS.);
#6077 = CARTESIAN_POINT('',(0.,0.7));
#6078 = CARTESIAN_POINT('',(12.,0.7));
#6079 = ( GEOMETRIC_REPRESENTATION_CONTEXT(2) 
PARAMETRIC_REPRESENTATION_CONTEXT() REPRESENTATION_CONTEXT('2D SPACE',''
  ) );
#6080 = FACE_BOUND('',#6081,.T.);
#6081 = EDGE_LOOP('',(#6082,#6111,#6137,#6164));
#6082 = ORIENTED_EDGE('',*,*,#6083,.T.);
#6083 = EDGE_CURVE('',#6084,#6086,#6088,.T.);
#6084 = VERTEX_POINT('',#6085);
#6085 = CARTESIAN_POINT('',(-79.3,-37.,23.));
#6086 = VERTEX_POINT('',#6087);
#6087 = CARTESIAN_POINT('',(-79.3,-47.,23.));
#6088 = SURFACE_CURVE('',#6089,(#6093,#6099),.PCURVE_S1.);
#6089 = LINE('',#6090,#6091);
#6090 = CARTESIAN_POINT('',(-79.3,-52.75,23.));
#6091 = VECTOR('',#6092,1.);
#6092 = DIRECTION('',(0.,-1.,0.));
#6093 = PCURVE('',#1828,#6094);
#6094 = DEFINITIONAL_REPRESENTATION('',(#6095),#6098);
#6095 = B_SPLINE_CURVE_WITH_KNOTS('',1,(#6096,#6097),.UNSPECIFIED.,.F.,
  .F.,(2,2),(-15.75,-5.75),.PIECEWISE_BEZIER_KNOTS.);
#6096 = CARTESIAN_POINT('',(10.,-21.5));
#6097 = CARTESIAN_POINT('',(10.,-11.5));
#6098 = ( GEOMETRIC_REPRESENTATION_CONTEXT(2) 
PARAMETRIC_REPRESENTATION_CONTEXT() REPRESENTATION_CONTEXT('2D SPACE',''
  ) );
#6099 = PCURVE('',#6100,#6105);
#6100 = PLANE('',#6101);
#6101 = AXIS2_PLACEMENT_3D('',#6102,#6103,#6104);
#6102 = CARTESIAN_POINT('',(-80.,-47.,23.));
#6103 = DIRECTION('',(0.,0.,1.));
#6104 = DIRECTION('',(1.,0.,0.));
#6105 = DEFINITIONAL_REPRESENTATION('',(#6106),#6110);
#6106 = LINE('',#6107,#6108);
#6107 = CARTESIAN_POINT('',(0.7,-5.75));
#6108 = VECTOR('',#6109,1.);
#6109 = DIRECTION('',(0.,-1.));
#6110 = ( GEOMETRIC_REPRESENTATION_CONTEXT(2) 
PARAMETRIC_REPRESENTATION_CONTEXT() REPRESENTATION_CONTEXT('2D SPACE',''
  ) );
#6111 = ORIENTED_EDGE('',*,*,#6112,.T.);
#6112 = EDGE_CURVE('',#6086,#6113,#6115,.T.);
#6113 = VERTEX_POINT('',#6114);
#6114 = CARTESIAN_POINT('',(-79.3,-47.,35.));
#6115 = SURFACE_CURVE('',#6116,(#6120,#6126),.PCURVE_S1.);
#6116 = LINE('',#6117,#6118);
#6117 = CARTESIAN_POINT('',(-79.3,-47.,18.));
#6118 = VECTOR('',#6119,1.);
#6119 = DIRECTION('',(0.,0.,1.));
#6120 = PCURVE('',#1828,#6121);
#6121 = DEFINITIONAL_REPRESENTATION('',(#6122),#6125);
#6122 = B_SPLINE_CURVE_WITH_KNOTS('',1,(#6123,#6124),.UNSPECIFIED.,.F.,
  .F.,(2,2),(5.,17.),.PIECEWISE_BEZIER_KNOTS.);
#6123 = CARTESIAN_POINT('',(10.,-11.5));
#6124 = CARTESIAN_POINT('',(22.,-11.5));
#6125 = ( GEOMETRIC_REPRESENTATION_CONTEXT(2) 
PARAMETRIC_REPRESENTATION_CONTEXT() REPRESENTATION_CONTEXT('2D SPACE',''
  ) );
#6126 = PCURVE('',#6127,#6132);
#6127 = PLANE('',#6128);
#6128 = AXIS2_PLACEMENT_3D('',#6129,#6130,#6131);
#6129 = CARTESIAN_POINT('',(-80.,-47.,23.));
#6130 = DIRECTION('',(0.,1.,0.));
#6131 = DIRECTION('',(0.,0.,1.));
#6132 = DEFINITIONAL_REPRESENTATION('',(#6133),#6136);
#6133 = B_SPLINE_CURVE_WITH_KNOTS('',1,(#6134,#6135),.UNSPECIFIED.,.F.,
  .F.,(2,2),(5.,17.),.PIECEWISE_BEZIER_KNOTS.);
#6134 = CARTESIAN_POINT('',(0.,0.7));
#6135 = CARTESIAN_POINT('',(12.,0.7));
#6136 = ( GEOMETRIC_REPRESENTATION_CONTEXT(2) 
PARAMETRIC_REPRESENTATION_CONTEXT() REPRESENTATION_CONTEXT('2D SPACE',''
  ) );
#6137 = ORIENTED_EDGE('',*,*,#6138,.F.);
#6138 = EDGE_CURVE('',#6139,#6113,#6141,.T.);
#6139 = VERTEX_POINT('',#6140);
#6140 = CARTESIAN_POINT('',(-79.3,-37.,35.));
#6141 = SURFACE_CURVE('',#6142,(#6146,#6152),.PCURVE_S1.);
#6142 = LINE('',#6143,#6144);
#6143 = CARTESIAN_POINT('',(-79.3,-52.75,35.));
#6144 = VECTOR('',#6145,1.);
#6145 = DIRECTION('',(0.,-1.,0.));
#6146 = PCURVE('',#1828,#6147);
#6147 = DEFINITIONAL_REPRESENTATION('',(#6148),#6151);
#6148 = B_SPLINE_CURVE_WITH_KNOTS('',1,(#6149,#6150),.UNSPECIFIED.,.F.,
  .F.,(2,2),(-15.75,-5.75),.PIECEWISE_BEZIER_KNOTS.);
#6149 = CARTESIAN_POINT('',(22.,-21.5));
#6150 = CARTESIAN_POINT('',(22.,-11.5));
#6151 = ( GEOMETRIC_REPRESENTATION_CONTEXT(2) 
PARAMETRIC_REPRESENTATION_CONTEXT() REPRESENTATION_CONTEXT('2D SPACE',''
  ) );
#6152 = PCURVE('',#6153,#6158);
#6153 = PLANE('',#6154);
#6154 = AXIS2_PLACEMENT_3D('',#6155,#6156,#6157);
#6155 = CARTESIAN_POINT('',(-80.,-47.,35.));
#6156 = DIRECTION('',(0.,0.,1.));
#6157 = DIRECTION('',(1.,0.,0.));
#6158 = DEFINITIONAL_REPRESENTATION('',(#6159),#6163);
#6159 = LINE('',#6160,#6161);
#6160 = CARTESIAN_POINT('',(0.7,-5.75));
#6161 = VECTOR('',#6162,1.);
#6162 = DIRECTION('',(0.,-1.));
#6163 = ( GEOMETRIC_REPRESENTATION_CONTEXT(2) 
PARAMETRIC_REPRESENTATION_CONTEXT() REPRESENTATION_CONTEXT('2D SPACE',''
  ) );
#6164 = ORIENTED_EDGE('',*,*,#6165,.F.);
#6165 = EDGE_CURVE('',#6084,#6139,#6166,.T.);
#6166 = SURFACE_CURVE('',#6167,(#6171,#6177),.PCURVE_S1.);
#6167 = LINE('',#6168,#6169);
#6168 = CARTESIAN_POINT('',(-79.3,-37.,18.));
#6169 = VECTOR('',#6170,1.);
#6170 = DIRECTION('',(0.,0.,1.));
#6171 = PCURVE('',#1828,#6172);
#6172 = DEFINITIONAL_REPRESENTATION('',(#6173),#6176);
#6173 = B_SPLINE_CURVE_WITH_KNOTS('',1,(#6174,#6175),.UNSPECIFIED.,.F.,
  .F.,(2,2),(5.,17.),.PIECEWISE_BEZIER_KNOTS.);
#6174 = CARTESIAN_POINT('',(10.,-21.5));
#6175 = CARTESIAN_POINT('',(22.,-21.5));
#6176 = ( GEOMETRIC_REPRESENTATION_CONTEXT(2) 
PARAMETRIC_REPRESENTATION_CONTEXT() REPRESENTATION_CONTEXT('2D SPACE',''
  ) );
#6177 = PCURVE('',#6178,#6183);
#6178 = PLANE('',#6179);
#6179 = AXIS2_PLACEMENT_3D('',#6180,#6181,#6182);
#6180 = CARTESIAN_POINT('',(-80.,-37.,23.));
#6181 = DIRECTION('',(0.,1.,0.));
#6182 = DIRECTION('',(0.,0.,1.));
#6183 = DEFINITIONAL_REPRESENTATION('',(#6184),#6187);
#6184 = B_SPLINE_CURVE_WITH_KNOTS('',1,(#6185,#6186),.UNSPECIFIED.,.F.,
  .F.,(2,2),(5.,17.),.PIECEWISE_BEZIER_KNOTS.);
#6185 = CARTESIAN_POINT('',(0.,0.7));
#6186 = CARTESIAN_POINT('',(12.,0.7));
#6187 = ( GEOMETRIC_REPRESENTATION_CONTEXT(2) 
PARAMETRIC_REPRESENTATION_CONTEXT() REPRESENTATION_CONTEXT('2D SPACE',''
  ) );
#6188 = ADVANCED_FACE('',(#6189),#1663,.F.);
#6189 = FACE_BOUND('',#6190,.T.);
#6190 = EDGE_LOOP('',(#6191,#6212,#6213,#6234,#6267,#6286,#6287,#6308,
    #6341,#6360,#6361,#6362,#6390,#6411,#6439,#6460));
#6191 = ORIENTED_EDGE('',*,*,#6192,.T.);
#6192 = EDGE_CURVE('',#6193,#1615,#6195,.T.);
#6193 = VERTEX_POINT('',#6194);
#6194 = CARTESIAN_POINT('',(-65.,-78.25828939964,93.));
#6195 = SURFACE_CURVE('',#6196,(#6200,#6206),.PCURVE_S1.);
#6196 = LINE('',#6197,#6198);
#6197 = CARTESIAN_POINT('',(-65.,-78.25828939964,13.));
#6198 = VECTOR('',#6199,1.);
#6199 = DIRECTION('',(-0.,-0.,-1.));
#6200 = PCURVE('',#1663,#6201);
#6201 = DEFINITIONAL_REPRESENTATION('',(#6202),#6205);
#6202 = B_SPLINE_CURVE_WITH_KNOTS('',1,(#6203,#6204),.UNSPECIFIED.,.F.,
  .F.,(2,2),(-91.6000006,-0.9999994),.PIECEWISE_BEZIER_KNOTS.);
#6203 = CARTESIAN_POINT('',(-4.394565276457,-91.6000006));
#6204 = CARTESIAN_POINT('',(-4.394565276457,-0.9999994));
#6205 = ( GEOMETRIC_REPRESENTATION_CONTEXT(2) 
PARAMETRIC_REPRESENTATION_CONTEXT() REPRESENTATION_CONTEXT('2D SPACE',''
  ) );
#6206 = PCURVE('',#1630,#6207);
#6207 = DEFINITIONAL_REPRESENTATION('',(#6208),#6211);
#6208 = B_SPLINE_CURVE_WITH_KNOTS('',1,(#6209,#6210),.UNSPECIFIED.,.F.,
  .F.,(2,2),(-91.6000006,-0.9999994),.PIECEWISE_BEZIER_KNOTS.);
#6209 = CARTESIAN_POINT('',(90.6000006,-1.741710600358));
#6210 = CARTESIAN_POINT('',(-5.999999999062E-07,-1.741710600358));
#6211 = ( GEOMETRIC_REPRESENTATION_CONTEXT(2) 
PARAMETRIC_REPRESENTATION_CONTEXT() REPRESENTATION_CONTEXT('2D SPACE',''
  ) );
#6212 = ORIENTED_EDGE('',*,*,#1642,.T.);
#6213 = ORIENTED_EDGE('',*,*,#6214,.F.);
#6214 = EDGE_CURVE('',#6215,#1643,#6217,.T.);
#6215 = VERTEX_POINT('',#6216);
#6216 = CARTESIAN_POINT('',(-67.,-77.48394058144,22.));
#6217 = SURFACE_CURVE('',#6218,(#6222,#6228),.PCURVE_S1.);
#6218 = LINE('',#6219,#6220);
#6219 = CARTESIAN_POINT('',(-67.,-77.48394058144,13.));
#6220 = VECTOR('',#6221,1.);
#6221 = DIRECTION('',(-0.,-0.,-1.));
#6222 = PCURVE('',#1663,#6223);
#6223 = DEFINITIONAL_REPRESENTATION('',(#6224),#6227);
#6224 = B_SPLINE_CURVE_WITH_KNOTS('',1,(#6225,#6226),.UNSPECIFIED.,.F.,
  .F.,(2,2),(-9.8,-0.9999994),.PIECEWISE_BEZIER_KNOTS.);
#6225 = CARTESIAN_POINT('',(-4.291410336944,-9.8));
#6226 = CARTESIAN_POINT('',(-4.291410336944,-0.9999994));
#6227 = ( GEOMETRIC_REPRESENTATION_CONTEXT(2) 
PARAMETRIC_REPRESENTATION_CONTEXT() REPRESENTATION_CONTEXT('2D SPACE',''
  ) );
#6228 = PCURVE('',#1691,#6229);
#6229 = DEFINITIONAL_REPRESENTATION('',(#6230),#6233);
#6230 = B_SPLINE_CURVE_WITH_KNOTS('',1,(#6231,#6232),.UNSPECIFIED.,.F.,
  .F.,(2,2),(-9.8,-0.9999994),.PIECEWISE_BEZIER_KNOTS.);
#6231 = CARTESIAN_POINT('',(8.8,-2.516059418551));
#6232 = CARTESIAN_POINT('',(-5.999999999062E-07,-2.516059418551));
#6233 = ( GEOMETRIC_REPRESENTATION_CONTEXT(2) 
PARAMETRIC_REPRESENTATION_CONTEXT() REPRESENTATION_CONTEXT('2D SPACE',''
  ) );
#6234 = ORIENTED_EDGE('',*,*,#6235,.T.);
#6235 = EDGE_CURVE('',#6215,#6236,#6238,.T.);
#6236 = VERTEX_POINT('',#6237);
#6237 = CARTESIAN_POINT('',(-72.,-74.32371637764,22.));
#6238 = SURFACE_CURVE('',#6239,(#6244,#6251),.PCURVE_S1.);
#6239 = CIRCLE('',#6240,20.8);
#6240 = AXIS2_PLACEMENT_3D('',#6241,#6242,#6243);
#6241 = CARTESIAN_POINT('',(-58.5,-58.5,22.));
#6242 = DIRECTION('',(0.,0.,-1.));
#6243 = DIRECTION('',(1.,0.,0.));
#6244 = PCURVE('',#1663,#6245);
#6245 = DEFINITIONAL_REPRESENTATION('',(#6246),#6250);
#6246 = LINE('',#6247,#6248);
#6247 = CARTESIAN_POINT('',(-6.28318530718,-9.));
#6248 = VECTOR('',#6249,1.);
#6249 = DIRECTION('',(1.,-0.));
#6250 = ( GEOMETRIC_REPRESENTATION_CONTEXT(2) 
PARAMETRIC_REPRESENTATION_CONTEXT() REPRESENTATION_CONTEXT('2D SPACE',''
  ) );
#6251 = PCURVE('',#6252,#6257);
#6252 = PLANE('',#6253);
#6253 = AXIS2_PLACEMENT_3D('',#6254,#6255,#6256);
#6254 = CARTESIAN_POINT('',(-72.,-80.,22.));
#6255 = DIRECTION('',(0.,0.,1.));
#6256 = DIRECTION('',(1.,0.,0.));
#6257 = DEFINITIONAL_REPRESENTATION('',(#6258),#6266);
#6258 = ( BOUNDED_CURVE() B_SPLINE_CURVE(2,(#6259,#6260,#6261,#6262,
#6263,#6264,#6265),.UNSPECIFIED.,.T.,.F.) B_SPLINE_CURVE_WITH_KNOTS((1,2
    ,2,2,2,1),(-2.094395102393,0.,2.094395102393,4.188790204786,
6.28318530718,8.377580409573),.UNSPECIFIED.) CURVE() 
GEOMETRIC_REPRESENTATION_ITEM() RATIONAL_B_SPLINE_CURVE((1.,0.5,1.,0.5,
1.,0.5,1.)) REPRESENTATION_ITEM('') );
#6259 = CARTESIAN_POINT('',(34.3,21.5));
#6260 = CARTESIAN_POINT('',(34.3,-14.52665679743));
#6261 = CARTESIAN_POINT('',(3.1,3.486671601284));
#6262 = CARTESIAN_POINT('',(-28.1,21.5));
#6263 = CARTESIAN_POINT('',(3.1,39.513328398716));
#6264 = CARTESIAN_POINT('',(34.3,57.526656797433));
#6265 = CARTESIAN_POINT('',(34.3,21.5));
#6266 = ( GEOMETRIC_REPRESENTATION_CONTEXT(2) 
PARAMETRIC_REPRESENTATION_CONTEXT() REPRESENTATION_CONTEXT('2D SPACE',''
  ) );
#6267 = ORIENTED_EDGE('',*,*,#6268,.T.);
#6268 = EDGE_CURVE('',#6236,#2129,#6269,.T.);
#6269 = SURFACE_CURVE('',#6270,(#6274,#6280),.PCURVE_S1.);
#6270 = LINE('',#6271,#6272);
#6271 = CARTESIAN_POINT('',(-72.,-74.32371637764,13.));
#6272 = VECTOR('',#6273,1.);
#6273 = DIRECTION('',(-0.,-0.,-1.));
#6274 = PCURVE('',#1663,#6275);
#6275 = DEFINITIONAL_REPRESENTATION('',(#6276),#6279);
#6276 = B_SPLINE_CURVE_WITH_KNOTS('',1,(#6277,#6278),.UNSPECIFIED.,.F.,
  .F.,(2,2),(-9.8,-0.9999994),.PIECEWISE_BEZIER_KNOTS.);
#6277 = CARTESIAN_POINT('',(-4.006069151776,-9.8));
#6278 = CARTESIAN_POINT('',(-4.006069151776,-0.9999994));
#6279 = ( GEOMETRIC_REPRESENTATION_CONTEXT(2) 
PARAMETRIC_REPRESENTATION_CONTEXT() REPRESENTATION_CONTEXT('2D SPACE',''
  ) );
#6280 = PCURVE('',#2144,#6281);
#6281 = DEFINITIONAL_REPRESENTATION('',(#6282),#6285);
#6282 = B_SPLINE_CURVE_WITH_KNOTS('',1,(#6283,#6284),.UNSPECIFIED.,.F.,
  .F.,(2,2),(-9.8,-0.9999994),.PIECEWISE_BEZIER_KNOTS.);
#6283 = CARTESIAN_POINT('',(8.8,-5.67628362236));
#6284 = CARTESIAN_POINT('',(-5.999999999062E-07,-5.67628362236));
#6285 = ( GEOMETRIC_REPRESENTATION_CONTEXT(2) 
PARAMETRIC_REPRESENTATION_CONTEXT() REPRESENTATION_CONTEXT('2D SPACE',''
  ) );
#6286 = ORIENTED_EDGE('',*,*,#2156,.T.);
#6287 = ORIENTED_EDGE('',*,*,#6288,.F.);
#6288 = EDGE_CURVE('',#6289,#2157,#6291,.T.);
#6289 = VERTEX_POINT('',#6290);
#6290 = CARTESIAN_POINT('',(-74.32371637764,-72.,22.));
#6291 = SURFACE_CURVE('',#6292,(#6296,#6302),.PCURVE_S1.);
#6292 = LINE('',#6293,#6294);
#6293 = CARTESIAN_POINT('',(-74.32371637764,-72.,13.));
#6294 = VECTOR('',#6295,1.);
#6295 = DIRECTION('',(-0.,-0.,-1.));
#6296 = PCURVE('',#1663,#6297);
#6297 = DEFINITIONAL_REPRESENTATION('',(#6298),#6301);
#6298 = B_SPLINE_CURVE_WITH_KNOTS('',1,(#6299,#6300),.UNSPECIFIED.,.F.,
  .F.,(2,2),(-9.8,-0.9999994),.PIECEWISE_BEZIER_KNOTS.);
#6299 = CARTESIAN_POINT('',(-3.847912482199,-9.8));
#6300 = CARTESIAN_POINT('',(-3.847912482199,-0.9999994));
#6301 = ( GEOMETRIC_REPRESENTATION_CONTEXT(2) 
PARAMETRIC_REPRESENTATION_CONTEXT() REPRESENTATION_CONTEXT('2D SPACE',''
  ) );
#6302 = PCURVE('',#2198,#6303);
#6303 = DEFINITIONAL_REPRESENTATION('',(#6304),#6307);
#6304 = B_SPLINE_CURVE_WITH_KNOTS('',1,(#6305,#6306),.UNSPECIFIED.,.F.,
  .F.,(2,2),(-9.8,-0.9999994),.PIECEWISE_BEZIER_KNOTS.);
#6305 = CARTESIAN_POINT('',(8.8,5.67628362236));
#6306 = CARTESIAN_POINT('',(-5.999999999062E-07,5.67628362236));
#6307 = ( GEOMETRIC_REPRESENTATION_CONTEXT(2) 
PARAMETRIC_REPRESENTATION_CONTEXT() REPRESENTATION_CONTEXT('2D SPACE',''
  ) );
#6308 = ORIENTED_EDGE('',*,*,#6309,.T.);
#6309 = EDGE_CURVE('',#6289,#6310,#6312,.T.);
#6310 = VERTEX_POINT('',#6311);
#6311 = CARTESIAN_POINT('',(-77.48394058144,-67.,22.));
#6312 = SURFACE_CURVE('',#6313,(#6318,#6325),.PCURVE_S1.);
#6313 = CIRCLE('',#6314,20.8);
#6314 = AXIS2_PLACEMENT_3D('',#6315,#6316,#6317);
#6315 = CARTESIAN_POINT('',(-58.5,-58.5,22.));
#6316 = DIRECTION('',(0.,0.,-1.));
#6317 = DIRECTION('',(1.,0.,0.));
#6318 = PCURVE('',#1663,#6319);
#6319 = DEFINITIONAL_REPRESENTATION('',(#6320),#6324);
#6320 = LINE('',#6321,#6322);
#6321 = CARTESIAN_POINT('',(-6.28318530718,-9.));
#6322 = VECTOR('',#6323,1.);
#6323 = DIRECTION('',(1.,-0.));
#6324 = ( GEOMETRIC_REPRESENTATION_CONTEXT(2) 
PARAMETRIC_REPRESENTATION_CONTEXT() REPRESENTATION_CONTEXT('2D SPACE',''
  ) );
#6325 = PCURVE('',#6326,#6331);
#6326 = PLANE('',#6327);
#6327 = AXIS2_PLACEMENT_3D('',#6328,#6329,#6330);
#6328 = CARTESIAN_POINT('',(-80.,-72.,22.));
#6329 = DIRECTION('',(0.,0.,1.));
#6330 = DIRECTION('',(1.,0.,0.));
#6331 = DEFINITIONAL_REPRESENTATION('',(#6332),#6340);
#6332 = ( BOUNDED_CURVE() B_SPLINE_CURVE(2,(#6333,#6334,#6335,#6336,
#6337,#6338,#6339),.UNSPECIFIED.,.T.,.F.) B_SPLINE_CURVE_WITH_KNOTS((1,2
    ,2,2,2,1),(-2.094395102393,0.,2.094395102393,4.188790204786,
6.28318530718,8.377580409573),.UNSPECIFIED.) CURVE() 
GEOMETRIC_REPRESENTATION_ITEM() RATIONAL_B_SPLINE_CURVE((1.,0.5,1.,0.5,
1.,0.5,1.)) REPRESENTATION_ITEM('') );
#6333 = CARTESIAN_POINT('',(42.3,13.5));
#6334 = CARTESIAN_POINT('',(42.3,-22.52665679743));
#6335 = CARTESIAN_POINT('',(11.1,-4.513328398716));
#6336 = CARTESIAN_POINT('',(-20.1,13.5));
#6337 = CARTESIAN_POINT('',(11.1,31.513328398716));
#6338 = CARTESIAN_POINT('',(42.3,49.526656797433));
#6339 = CARTESIAN_POINT('',(42.3,13.5));
#6340 = ( GEOMETRIC_REPRESENTATION_CONTEXT(2) 
PARAMETRIC_REPRESENTATION_CONTEXT() REPRESENTATION_CONTEXT('2D SPACE',''
  ) );
#6341 = ORIENTED_EDGE('',*,*,#6342,.T.);
#6342 = EDGE_CURVE('',#6310,#1757,#6343,.T.);
#6343 = SURFACE_CURVE('',#6344,(#6348,#6354),.PCURVE_S1.);
#6344 = LINE('',#6345,#6346);
#6345 = CARTESIAN_POINT('',(-77.48394058144,-67.,13.));
#6346 = VECTOR('',#6347,1.);
#6347 = DIRECTION('',(-0.,-0.,-1.));
#6348 = PCURVE('',#1663,#6349);
#6349 = DEFINITIONAL_REPRESENTATION('',(#6350),#6353);
#6350 = B_SPLINE_CURVE_WITH_KNOTS('',1,(#6351,#6352),.UNSPECIFIED.,.F.,
  .F.,(2,2),(-9.8,-0.9999994),.PIECEWISE_BEZIER_KNOTS.);
#6351 = CARTESIAN_POINT('',(-3.56257129703,-9.8));
#6352 = CARTESIAN_POINT('',(-3.56257129703,-0.9999994));
#6353 = ( GEOMETRIC_REPRESENTATION_CONTEXT(2) 
PARAMETRIC_REPRESENTATION_CONTEXT() REPRESENTATION_CONTEXT('2D SPACE',''
  ) );
#6354 = PCURVE('',#1772,#6355);
#6355 = DEFINITIONAL_REPRESENTATION('',(#6356),#6359);
#6356 = B_SPLINE_CURVE_WITH_KNOTS('',1,(#6357,#6358),.UNSPECIFIED.,.F.,
  .F.,(2,2),(-9.8,-0.9999994),.PIECEWISE_BEZIER_KNOTS.);
#6357 = CARTESIAN_POINT('',(8.8,2.516059418551));
#6358 = CARTESIAN_POINT('',(-5.999999999062E-07,2.516059418551));
#6359 = ( GEOMETRIC_REPRESENTATION_CONTEXT(2) 
PARAMETRIC_REPRESENTATION_CONTEXT() REPRESENTATION_CONTEXT('2D SPACE',''
  ) );
#6360 = ORIENTED_EDGE('',*,*,#1784,.T.);
#6361 = ORIENTED_EDGE('',*,*,#5927,.T.);
#6362 = ORIENTED_EDGE('',*,*,#6363,.F.);
#6363 = EDGE_CURVE('',#6364,#5928,#6366,.T.);
#6364 = VERTEX_POINT('',#6365);
#6365 = CARTESIAN_POINT('',(-77.90077318046,-66.,93.));
#6366 = SURFACE_CURVE('',#6367,(#6372,#6379),.PCURVE_S1.);
#6367 = CIRCLE('',#6368,20.8);
#6368 = AXIS2_PLACEMENT_3D('',#6369,#6370,#6371);
#6369 = CARTESIAN_POINT('',(-58.5,-58.5,93.));
#6370 = DIRECTION('',(0.,0.,-1.));
#6371 = DIRECTION('',(1.,0.,0.));
#6372 = PCURVE('',#1663,#6373);
#6373 = DEFINITIONAL_REPRESENTATION('',(#6374),#6378);
#6374 = LINE('',#6375,#6376);
#6375 = CARTESIAN_POINT('',(-6.28318530718,-80.));
#6376 = VECTOR('',#6377,1.);
#6377 = DIRECTION('',(1.,-0.));
#6378 = ( GEOMETRIC_REPRESENTATION_CONTEXT(2) 
PARAMETRIC_REPRESENTATION_CONTEXT() REPRESENTATION_CONTEXT('2D SPACE',''
  ) );
#6379 = PCURVE('',#5908,#6380);
#6380 = DEFINITIONAL_REPRESENTATION('',(#6381),#6389);
#6381 = ( BOUNDED_CURVE() B_SPLINE_CURVE(2,(#6382,#6383,#6384,#6385,
#6386,#6387,#6388),.UNSPECIFIED.,.T.,.F.) B_SPLINE_CURVE_WITH_KNOTS((1,2
    ,2,2,2,1),(-2.094395102393,0.,2.094395102393,4.188790204786,
6.28318530718,8.377580409573),.UNSPECIFIED.) CURVE() 
GEOMETRIC_REPRESENTATION_ITEM() RATIONAL_B_SPLINE_CURVE((1.,0.5,1.,0.5,
1.,0.5,1.)) REPRESENTATION_ITEM('') );
#6382 = CARTESIAN_POINT('',(44.8,7.5));
#6383 = CARTESIAN_POINT('',(44.8,-28.52665679743));
#6384 = CARTESIAN_POINT('',(13.6,-10.51332839871));
#6385 = CARTESIAN_POINT('',(-17.6,7.5));
#6386 = CARTESIAN_POINT('',(13.6,25.513328398716));
#6387 = CARTESIAN_POINT('',(44.8,43.526656797433));
#6388 = CARTESIAN_POINT('',(44.8,7.5));
#6389 = ( GEOMETRIC_REPRESENTATION_CONTEXT(2) 
PARAMETRIC_REPRESENTATION_CONTEXT() REPRESENTATION_CONTEXT('2D SPACE',''
  ) );
#6390 = ORIENTED_EDGE('',*,*,#6391,.F.);
#6391 = EDGE_CURVE('',#6392,#6364,#6394,.T.);
#6392 = VERTEX_POINT('',#6393);
#6393 = CARTESIAN_POINT('',(-77.90077318046,-66.,104.6));
#6394 = SURFACE_CURVE('',#6395,(#6399,#6405),.PCURVE_S1.);
#6395 = LINE('',#6396,#6397);
#6396 = CARTESIAN_POINT('',(-77.90077318046,-66.,13.));
#6397 = VECTOR('',#6398,1.);
#6398 = DIRECTION('',(-0.,-0.,-1.));
#6399 = PCURVE('',#1663,#6400);
#6400 = DEFINITIONAL_REPRESENTATION('',(#6401),#6404);
#6401 = B_SPLINE_CURVE_WITH_KNOTS('',1,(#6402,#6403),.UNSPECIFIED.,.F.,
  .F.,(2,2),(-91.6000006,-78.8),.PIECEWISE_BEZIER_KNOTS.);
#6402 = CARTESIAN_POINT('',(-3.510479005183,-91.6000006));
#6403 = CARTESIAN_POINT('',(-3.510479005183,-78.8));
#6404 = ( GEOMETRIC_REPRESENTATION_CONTEXT(2) 
PARAMETRIC_REPRESENTATION_CONTEXT() REPRESENTATION_CONTEXT('2D SPACE',''
  ) );
#6405 = PCURVE('',#4367,#6406);
#6406 = DEFINITIONAL_REPRESENTATION('',(#6407),#6410);
#6407 = B_SPLINE_CURVE_WITH_KNOTS('',1,(#6408,#6409),.UNSPECIFIED.,.F.,
  .F.,(2,2),(-91.6000006,-78.8),.PIECEWISE_BEZIER_KNOTS.);
#6408 = CARTESIAN_POINT('',(11.6000006,4.599226819531));
#6409 = CARTESIAN_POINT('',(-1.2,4.599226819531));
#6410 = ( GEOMETRIC_REPRESENTATION_CONTEXT(2) 
PARAMETRIC_REPRESENTATION_CONTEXT() REPRESENTATION_CONTEXT('2D SPACE',''
  ) );
#6411 = ORIENTED_EDGE('',*,*,#6412,.F.);
#6412 = EDGE_CURVE('',#6413,#6392,#6415,.T.);
#6413 = VERTEX_POINT('',#6414);
#6414 = CARTESIAN_POINT('',(-66.,-77.90077318046,104.6));
#6415 = SURFACE_CURVE('',#6416,(#6421,#6428),.PCURVE_S1.);
#6416 = CIRCLE('',#6417,20.8);
#6417 = AXIS2_PLACEMENT_3D('',#6418,#6419,#6420);
#6418 = CARTESIAN_POINT('',(-58.5,-58.5,104.6));
#6419 = DIRECTION('',(0.,0.,-1.));
#6420 = DIRECTION('',(1.,0.,0.));
#6421 = PCURVE('',#1663,#6422);
#6422 = DEFINITIONAL_REPRESENTATION('',(#6423),#6427);
#6423 = LINE('',#6424,#6425);
#6424 = CARTESIAN_POINT('',(-6.28318530718,-91.6));
#6425 = VECTOR('',#6426,1.);
#6426 = DIRECTION('',(1.,-0.));
#6427 = ( GEOMETRIC_REPRESENTATION_CONTEXT(2) 
PARAMETRIC_REPRESENTATION_CONTEXT() REPRESENTATION_CONTEXT('2D SPACE',''
  ) );
#6428 = PCURVE('',#4395,#6429);
#6429 = DEFINITIONAL_REPRESENTATION('',(#6430),#6438);
#6430 = ( BOUNDED_CURVE() B_SPLINE_CURVE(2,(#6431,#6432,#6433,#6434,
#6435,#6436,#6437),.UNSPECIFIED.,.T.,.F.) B_SPLINE_CURVE_WITH_KNOTS((1,2
    ,2,2,2,1),(-2.094395102393,0.,2.094395102393,4.188790204786,
6.28318530718,8.377580409573),.UNSPECIFIED.) CURVE() 
GEOMETRIC_REPRESENTATION_ITEM() RATIONAL_B_SPLINE_CURVE((1.,0.5,1.,0.5,
1.,0.5,1.)) REPRESENTATION_ITEM('') );
#6431 = CARTESIAN_POINT('',(20.8,24.));
#6432 = CARTESIAN_POINT('',(20.8,-12.02665679743));
#6433 = CARTESIAN_POINT('',(-10.4,5.986671601284));
#6434 = CARTESIAN_POINT('',(-41.6,24.));
#6435 = CARTESIAN_POINT('',(-10.4,42.013328398716));
#6436 = CARTESIAN_POINT('',(20.8,60.026656797433));
#6437 = CARTESIAN_POINT('',(20.8,24.));
#6438 = ( GEOMETRIC_REPRESENTATION_CONTEXT(2) 
PARAMETRIC_REPRESENTATION_CONTEXT() REPRESENTATION_CONTEXT('2D SPACE',''
  ) );
#6439 = ORIENTED_EDGE('',*,*,#6440,.T.);
#6440 = EDGE_CURVE('',#6413,#6441,#6443,.T.);
#6441 = VERTEX_POINT('',#6442);
#6442 = CARTESIAN_POINT('',(-66.,-77.90077318046,93.));
#6443 = SURFACE_CURVE('',#6444,(#6448,#6454),.PCURVE_S1.);
#6444 = LINE('',#6445,#6446);
#6445 = CARTESIAN_POINT('',(-66.,-77.90077318046,13.));
#6446 = VECTOR('',#6447,1.);
#6447 = DIRECTION('',(-0.,-0.,-1.));
#6448 = PCURVE('',#1663,#6449);
#6449 = DEFINITIONAL_REPRESENTATION('',(#6450),#6453);
#6450 = B_SPLINE_CURVE_WITH_KNOTS('',1,(#6451,#6452),.UNSPECIFIED.,.F.,
  .F.,(2,2),(-91.6000006,-78.8),.PIECEWISE_BEZIER_KNOTS.);
#6451 = CARTESIAN_POINT('',(-4.343502628791,-91.6000006));
#6452 = CARTESIAN_POINT('',(-4.343502628791,-78.8));
#6453 = ( GEOMETRIC_REPRESENTATION_CONTEXT(2) 
PARAMETRIC_REPRESENTATION_CONTEXT() REPRESENTATION_CONTEXT('2D SPACE',''
  ) );
#6454 = PCURVE('',#4422,#6455);
#6455 = DEFINITIONAL_REPRESENTATION('',(#6456),#6459);
#6456 = B_SPLINE_CURVE_WITH_KNOTS('',1,(#6457,#6458),.UNSPECIFIED.,.F.,
  .F.,(2,2),(-91.6000006,-78.8),.PIECEWISE_BEZIER_KNOTS.);
#6457 = CARTESIAN_POINT('',(11.6000006,-4.599226819531));
#6458 = CARTESIAN_POINT('',(-1.2,-4.599226819531));
#6459 = ( GEOMETRIC_REPRESENTATION_CONTEXT(2) 
PARAMETRIC_REPRESENTATION_CONTEXT() REPRESENTATION_CONTEXT('2D SPACE',''
  ) );
#6460 = ORIENTED_EDGE('',*,*,#6461,.F.);
#6461 = EDGE_CURVE('',#6193,#6441,#6462,.T.);
#6462 = SURFACE_CURVE('',#6463,(#6468,#6475),.PCURVE_S1.);
#6463 = CIRCLE('',#6464,20.8);
#6464 = AXIS2_PLACEMENT_3D('',#6465,#6466,#6467);
#6465 = CARTESIAN_POINT('',(-58.5,-58.5,93.));
#6466 = DIRECTION('',(0.,0.,-1.));
#6467 = DIRECTION('',(1.,0.,0.));
#6468 = PCURVE('',#1663,#6469);
#6469 = DEFINITIONAL_REPRESENTATION('',(#6470),#6474);
#6470 = LINE('',#6471,#6472);
#6471 = CARTESIAN_POINT('',(-6.28318530718,-80.));
#6472 = VECTOR('',#6473,1.);
#6473 = DIRECTION('',(1.,-0.));
#6474 = ( GEOMETRIC_REPRESENTATION_CONTEXT(2) 
PARAMETRIC_REPRESENTATION_CONTEXT() REPRESENTATION_CONTEXT('2D SPACE',''
  ) );
#6475 = PCURVE('',#6476,#6481);
#6476 = PLANE('',#6477);
#6477 = AXIS2_PLACEMENT_3D('',#6478,#6479,#6480);
#6478 = CARTESIAN_POINT('',(-66.,-82.5,93.));
#6479 = DIRECTION('',(0.,0.,1.));
#6480 = DIRECTION('',(1.,0.,0.));
#6481 = DEFINITIONAL_REPRESENTATION('',(#6482),#6490);
#6482 = ( BOUNDED_CURVE() B_SPLINE_CURVE(2,(#6483,#6484,#6485,#6486,
#6487,#6488,#6489),.UNSPECIFIED.,.T.,.F.) B_SPLINE_CURVE_WITH_KNOTS((1,2
    ,2,2,2,1),(-2.094395102393,0.,2.094395102393,4.188790204786,
6.28318530718,8.377580409573),.UNSPECIFIED.) CURVE() 
GEOMETRIC_REPRESENTATION_ITEM() RATIONAL_B_SPLINE_CURVE((1.,0.5,1.,0.5,
1.,0.5,1.)) REPRESENTATION_ITEM('') );
#6483 = CARTESIAN_POINT('',(28.3,24.));
#6484 = CARTESIAN_POINT('',(28.3,-12.02665679743));
#6485 = CARTESIAN_POINT('',(-2.9,5.986671601284));
#6486 = CARTESIAN_POINT('',(-34.1,24.));
#6487 = CARTESIAN_POINT('',(-2.9,42.013328398716));
#6488 = CARTESIAN_POINT('',(28.3,60.026656797433));
#6489 = CARTESIAN_POINT('',(28.3,24.));
#6490 = ( GEOMETRIC_REPRESENTATION_CONTEXT(2) 
PARAMETRIC_REPRESENTATION_CONTEXT() REPRESENTATION_CONTEXT('2D SPACE',''
  ) );
#6491 = ADVANCED_FACE('',(#6492),#1772,.T.);
#6492 = FACE_BOUND('',#6493,.T.);
#6493 = EDGE_LOOP('',(#6494,#6495,#6496,#6519));
#6494 = ORIENTED_EDGE('',*,*,#1756,.F.);
#6495 = ORIENTED_EDGE('',*,*,#6342,.F.);
#6496 = ORIENTED_EDGE('',*,*,#6497,.T.);
#6497 = EDGE_CURVE('',#6310,#6498,#6500,.T.);
#6498 = VERTEX_POINT('',#6499);
#6499 = CARTESIAN_POINT('',(-73.24165738677,-67.,22.));
#6500 = SURFACE_CURVE('',#6501,(#6505,#6512),.PCURVE_S1.);
#6501 = LINE('',#6502,#6503);
#6502 = CARTESIAN_POINT('',(-80.,-67.,22.));
#6503 = VECTOR('',#6504,1.);
#6504 = DIRECTION('',(1.,0.,0.));
#6505 = PCURVE('',#1772,#6506);
#6506 = DEFINITIONAL_REPRESENTATION('',(#6507),#6511);
#6507 = LINE('',#6508,#6509);
#6508 = CARTESIAN_POINT('',(8.,0.));
#6509 = VECTOR('',#6510,1.);
#6510 = DIRECTION('',(0.,1.));
#6511 = ( GEOMETRIC_REPRESENTATION_CONTEXT(2) 
PARAMETRIC_REPRESENTATION_CONTEXT() REPRESENTATION_CONTEXT('2D SPACE',''
  ) );
#6512 = PCURVE('',#6326,#6513);
#6513 = DEFINITIONAL_REPRESENTATION('',(#6514),#6518);
#6514 = LINE('',#6515,#6516);
#6515 = CARTESIAN_POINT('',(0.,5.));
#6516 = VECTOR('',#6517,1.);
#6517 = DIRECTION('',(1.,0.));
#6518 = ( GEOMETRIC_REPRESENTATION_CONTEXT(2) 
PARAMETRIC_REPRESENTATION_CONTEXT() REPRESENTATION_CONTEXT('2D SPACE',''
  ) );
#6519 = ORIENTED_EDGE('',*,*,#6520,.T.);
#6520 = EDGE_CURVE('',#6498,#1733,#6521,.T.);
#6521 = SURFACE_CURVE('',#6522,(#6526,#6532),.PCURVE_S1.);
#6522 = LINE('',#6523,#6524);
#6523 = CARTESIAN_POINT('',(-73.24165738677,-67.,14.));
#6524 = VECTOR('',#6525,1.);
#6525 = DIRECTION('',(-0.,-0.,-1.));
#6526 = PCURVE('',#1772,#6527);
#6527 = DEFINITIONAL_REPRESENTATION('',(#6528),#6531);
#6528 = B_SPLINE_CURVE_WITH_KNOTS('',1,(#6529,#6530),.UNSPECIFIED.,.F.,
  .F.,(2,2),(-8.8,5.999999999062E-07),.PIECEWISE_BEZIER_KNOTS.);
#6529 = CARTESIAN_POINT('',(8.8,6.758342613226));
#6530 = CARTESIAN_POINT('',(-5.999999999062E-07,6.758342613226));
#6531 = ( GEOMETRIC_REPRESENTATION_CONTEXT(2) 
PARAMETRIC_REPRESENTATION_CONTEXT() REPRESENTATION_CONTEXT('2D SPACE',''
  ) );
#6532 = PCURVE('',#1720,#6533);
#6533 = DEFINITIONAL_REPRESENTATION('',(#6534),#6537);
#6534 = B_SPLINE_CURVE_WITH_KNOTS('',1,(#6535,#6536),.UNSPECIFIED.,.F.,
  .F.,(2,2),(-8.8,5.999999999062E-07),.PIECEWISE_BEZIER_KNOTS.);
#6535 = CARTESIAN_POINT('',(-2.552561683374,-8.8));
#6536 = CARTESIAN_POINT('',(-2.552561683374,5.999999999062E-07));
#6537 = ( GEOMETRIC_REPRESENTATION_CONTEXT(2) 
PARAMETRIC_REPRESENTATION_CONTEXT() REPRESENTATION_CONTEXT('2D SPACE',''
  ) );
#6538 = ADVANCED_FACE('',(#6539),#1720,.T.);
#6539 = FACE_BOUND('',#6540,.F.);
#6540 = EDGE_LOOP('',(#6541,#6564,#6565,#6586,#6614,#6633,#6634,#6655,
    #6681,#6682,#6683,#6684));
#6541 = ORIENTED_EDGE('',*,*,#6542,.F.);
#6542 = EDGE_CURVE('',#1704,#6543,#6545,.T.);
#6543 = VERTEX_POINT('',#6544);
#6544 = CARTESIAN_POINT('',(-65.,-69.5,26.));
#6545 = SEAM_CURVE('',#6546,(#6550,#6557),.PCURVE_S1.);
#6546 = LINE('',#6547,#6548);
#6547 = CARTESIAN_POINT('',(-65.,-69.5,14.));
#6548 = VECTOR('',#6549,1.);
#6549 = DIRECTION('',(0.,0.,1.));
#6550 = PCURVE('',#1720,#6551);
#6551 = DEFINITIONAL_REPRESENTATION('',(#6552),#6556);
#6552 = LINE('',#6553,#6554);
#6553 = CARTESIAN_POINT('',(-6.28318530718,0.));
#6554 = VECTOR('',#6555,1.);
#6555 = DIRECTION('',(-0.,-1.));
#6556 = ( GEOMETRIC_REPRESENTATION_CONTEXT(2) 
PARAMETRIC_REPRESENTATION_CONTEXT() REPRESENTATION_CONTEXT('2D SPACE',''
  ) );
#6557 = PCURVE('',#1720,#6558);
#6558 = DEFINITIONAL_REPRESENTATION('',(#6559),#6563);
#6559 = LINE('',#6560,#6561);
#6560 = CARTESIAN_POINT('',(-0.,0.));
#6561 = VECTOR('',#6562,1.);
#6562 = DIRECTION('',(-0.,-1.));
#6563 = ( GEOMETRIC_REPRESENTATION_CONTEXT(2) 
PARAMETRIC_REPRESENTATION_CONTEXT() REPRESENTATION_CONTEXT('2D SPACE',''
  ) );
#6564 = ORIENTED_EDGE('',*,*,#1703,.F.);
#6565 = ORIENTED_EDGE('',*,*,#6566,.F.);
#6566 = EDGE_CURVE('',#6567,#1676,#6569,.T.);
#6567 = VERTEX_POINT('',#6568);
#6568 = CARTESIAN_POINT('',(-67.,-73.24165738677,22.));
#6569 = SURFACE_CURVE('',#6570,(#6574,#6580),.PCURVE_S1.);
#6570 = LINE('',#6571,#6572);
#6571 = CARTESIAN_POINT('',(-67.,-73.24165738677,14.));
#6572 = VECTOR('',#6573,1.);
#6573 = DIRECTION('',(-0.,-0.,-1.));
#6574 = PCURVE('',#1720,#6575);
#6575 = DEFINITIONAL_REPRESENTATION('',(#6576),#6579);
#6576 = B_SPLINE_CURVE_WITH_KNOTS('',1,(#6577,#6578),.UNSPECIFIED.,.F.,
  .F.,(2,2),(-8.8,5.999999999062E-07),.PIECEWISE_BEZIER_KNOTS.);
#6577 = CARTESIAN_POINT('',(-5.301419950601,-8.8));
#6578 = CARTESIAN_POINT('',(-5.301419950601,5.999999999062E-07));
#6579 = ( GEOMETRIC_REPRESENTATION_CONTEXT(2) 
PARAMETRIC_REPRESENTATION_CONTEXT() REPRESENTATION_CONTEXT('2D SPACE',''
  ) );
#6580 = PCURVE('',#1691,#6581);
#6581 = DEFINITIONAL_REPRESENTATION('',(#6582),#6585);
#6582 = B_SPLINE_CURVE_WITH_KNOTS('',1,(#6583,#6584),.UNSPECIFIED.,.F.,
  .F.,(2,2),(-8.8,5.999999999062E-07),.PIECEWISE_BEZIER_KNOTS.);
#6583 = CARTESIAN_POINT('',(8.8,-6.758342613226));
#6584 = CARTESIAN_POINT('',(-5.999999999062E-07,-6.758342613226));
#6585 = ( GEOMETRIC_REPRESENTATION_CONTEXT(2) 
PARAMETRIC_REPRESENTATION_CONTEXT() REPRESENTATION_CONTEXT('2D SPACE',''
  ) );
#6586 = ORIENTED_EDGE('',*,*,#6587,.T.);
#6587 = EDGE_CURVE('',#6567,#6588,#6590,.T.);
#6588 = VERTEX_POINT('',#6589);
#6589 = CARTESIAN_POINT('',(-72.,-73.24165738677,22.));
#6590 = SURFACE_CURVE('',#6591,(#6596,#6603),.PCURVE_S1.);
#6591 = CIRCLE('',#6592,4.5);
#6592 = AXIS2_PLACEMENT_3D('',#6593,#6594,#6595);
#6593 = CARTESIAN_POINT('',(-69.5,-69.5,22.));
#6594 = DIRECTION('',(0.,0.,-1.));
#6595 = DIRECTION('',(1.,0.,0.));
#6596 = PCURVE('',#1720,#6597);
#6597 = DEFINITIONAL_REPRESENTATION('',(#6598),#6602);
#6598 = LINE('',#6599,#6600);
#6599 = CARTESIAN_POINT('',(-6.28318530718,-8.));
#6600 = VECTOR('',#6601,1.);
#6601 = DIRECTION('',(1.,-0.));
#6602 = ( GEOMETRIC_REPRESENTATION_CONTEXT(2) 
PARAMETRIC_REPRESENTATION_CONTEXT() REPRESENTATION_CONTEXT('2D SPACE',''
  ) );
#6603 = PCURVE('',#6252,#6604);
#6604 = DEFINITIONAL_REPRESENTATION('',(#6605),#6613);
#6605 = ( BOUNDED_CURVE() B_SPLINE_CURVE(2,(#6606,#6607,#6608,#6609,
#6610,#6611,#6612),.UNSPECIFIED.,.T.,.F.) B_SPLINE_CURVE_WITH_KNOTS((1,2
    ,2,2,2,1),(-2.094395102393,0.,2.094395102393,4.188790204786,
6.28318530718,8.377580409573),.UNSPECIFIED.) CURVE() 
GEOMETRIC_REPRESENTATION_ITEM() RATIONAL_B_SPLINE_CURVE((1.,0.5,1.,0.5,
1.,0.5,1.)) REPRESENTATION_ITEM('') );
#6606 = CARTESIAN_POINT('',(7.,10.5));
#6607 = CARTESIAN_POINT('',(7.,2.70577136594));
#6608 = CARTESIAN_POINT('',(0.25,6.60288568297));
#6609 = CARTESIAN_POINT('',(-6.5,10.5));
#6610 = CARTESIAN_POINT('',(0.25,14.39711431703));
#6611 = CARTESIAN_POINT('',(7.,18.29422863406));
#6612 = CARTESIAN_POINT('',(7.,10.5));
#6613 = ( GEOMETRIC_REPRESENTATION_CONTEXT(2) 
PARAMETRIC_REPRESENTATION_CONTEXT() REPRESENTATION_CONTEXT('2D SPACE',''
  ) );
#6614 = ORIENTED_EDGE('',*,*,#6615,.T.);
#6615 = EDGE_CURVE('',#6588,#2105,#6616,.T.);
#6616 = SURFACE_CURVE('',#6617,(#6621,#6627),.PCURVE_S1.);
#6617 = LINE('',#6618,#6619);
#6618 = CARTESIAN_POINT('',(-72.,-73.24165738677,14.));
#6619 = VECTOR('',#6620,1.);
#6620 = DIRECTION('',(-0.,-0.,-1.));
#6621 = PCURVE('',#1720,#6622);
#6622 = DEFINITIONAL_REPRESENTATION('',(#6623),#6626);
#6623 = B_SPLINE_CURVE_WITH_KNOTS('',1,(#6624,#6625),.UNSPECIFIED.,.F.,
  .F.,(2,2),(-8.8,5.999999999062E-07),.PIECEWISE_BEZIER_KNOTS.);
#6624 = CARTESIAN_POINT('',(-4.123358010168,-8.8));
#6625 = CARTESIAN_POINT('',(-4.123358010168,5.999999999062E-07));
#6626 = ( GEOMETRIC_REPRESENTATION_CONTEXT(2) 
PARAMETRIC_REPRESENTATION_CONTEXT() REPRESENTATION_CONTEXT('2D SPACE',''
  ) );
#6627 = PCURVE('',#2144,#6628);
#6628 = DEFINITIONAL_REPRESENTATION('',(#6629),#6632);
#6629 = B_SPLINE_CURVE_WITH_KNOTS('',1,(#6630,#6631),.UNSPECIFIED.,.F.,
  .F.,(2,2),(-8.8,5.999999999062E-07),.PIECEWISE_BEZIER_KNOTS.);
#6630 = CARTESIAN_POINT('',(8.8,-6.758342613226));
#6631 = CARTESIAN_POINT('',(-5.999999999062E-07,-6.758342613226));
#6632 = ( GEOMETRIC_REPRESENTATION_CONTEXT(2) 
PARAMETRIC_REPRESENTATION_CONTEXT() REPRESENTATION_CONTEXT('2D SPACE',''
  ) );
#6633 = ORIENTED_EDGE('',*,*,#2102,.F.);
#6634 = ORIENTED_EDGE('',*,*,#6635,.F.);
#6635 = EDGE_CURVE('',#6636,#2103,#6638,.T.);
#6636 = VERTEX_POINT('',#6637);
#6637 = CARTESIAN_POINT('',(-73.24165738677,-72.,22.));
#6638 = SURFACE_CURVE('',#6639,(#6643,#6649),.PCURVE_S1.);
#6639 = LINE('',#6640,#6641);
#6640 = CARTESIAN_POINT('',(-73.24165738677,-72.,14.));
#6641 = VECTOR('',#6642,1.);
#6642 = DIRECTION('',(-0.,-0.,-1.));
#6643 = PCURVE('',#1720,#6644);
#6644 = DEFINITIONAL_REPRESENTATION('',(#6645),#6648);
#6645 = B_SPLINE_CURVE_WITH_KNOTS('',1,(#6646,#6647),.UNSPECIFIED.,.F.,
  .F.,(2,2),(-8.8,5.999999999062E-07),.PIECEWISE_BEZIER_KNOTS.);
#6646 = CARTESIAN_POINT('',(-3.730623623806,-8.8));
#6647 = CARTESIAN_POINT('',(-3.730623623806,5.999999999062E-07));
#6648 = ( GEOMETRIC_REPRESENTATION_CONTEXT(2) 
PARAMETRIC_REPRESENTATION_CONTEXT() REPRESENTATION_CONTEXT('2D SPACE',''
  ) );
#6649 = PCURVE('',#2198,#6650);
#6650 = DEFINITIONAL_REPRESENTATION('',(#6651),#6654);
#6651 = B_SPLINE_CURVE_WITH_KNOTS('',1,(#6652,#6653),.UNSPECIFIED.,.F.,
  .F.,(2,2),(-8.8,5.999999999062E-07),.PIECEWISE_BEZIER_KNOTS.);
#6652 = CARTESIAN_POINT('',(8.8,6.758342613226));
#6653 = CARTESIAN_POINT('',(-5.999999999062E-07,6.758342613226));
#6654 = ( GEOMETRIC_REPRESENTATION_CONTEXT(2) 
PARAMETRIC_REPRESENTATION_CONTEXT() REPRESENTATION_CONTEXT('2D SPACE',''
  ) );
#6655 = ORIENTED_EDGE('',*,*,#6656,.T.);
#6656 = EDGE_CURVE('',#6636,#6498,#6657,.T.);
#6657 = SURFACE_CURVE('',#6658,(#6663,#6670),.PCURVE_S1.);
#6658 = CIRCLE('',#6659,4.5);
#6659 = AXIS2_PLACEMENT_3D('',#6660,#6661,#6662);
#6660 = CARTESIAN_POINT('',(-69.5,-69.5,22.));
#6661 = DIRECTION('',(0.,0.,-1.));
#6662 = DIRECTION('',(1.,0.,0.));
#6663 = PCURVE('',#1720,#6664);
#6664 = DEFINITIONAL_REPRESENTATION('',(#6665),#6669);
#6665 = LINE('',#6666,#6667);
#6666 = CARTESIAN_POINT('',(-6.28318530718,-8.));
#6667 = VECTOR('',#6668,1.);
#6668 = DIRECTION('',(1.,-0.));
#6669 = ( GEOMETRIC_REPRESENTATION_CONTEXT(2) 
PARAMETRIC_REPRESENTATION_CONTEXT() REPRESENTATION_CONTEXT('2D SPACE',''
  ) );
#6670 = PCURVE('',#6326,#6671);
#6671 = DEFINITIONAL_REPRESENTATION('',(#6672),#6680);
#6672 = ( BOUNDED_CURVE() B_SPLINE_CURVE(2,(#6673,#6674,#6675,#6676,
#6677,#6678,#6679),.UNSPECIFIED.,.T.,.F.) B_SPLINE_CURVE_WITH_KNOTS((1,2
    ,2,2,2,1),(-2.094395102393,0.,2.094395102393,4.188790204786,
6.28318530718,8.377580409573),.UNSPECIFIED.) CURVE() 
GEOMETRIC_REPRESENTATION_ITEM() RATIONAL_B_SPLINE_CURVE((1.,0.5,1.,0.5,
1.,0.5,1.)) REPRESENTATION_ITEM('') );
#6673 = CARTESIAN_POINT('',(15.,2.5));
#6674 = CARTESIAN_POINT('',(15.,-5.29422863406));
#6675 = CARTESIAN_POINT('',(8.25,-1.39711431703));
#6676 = CARTESIAN_POINT('',(1.5,2.5));
#6677 = CARTESIAN_POINT('',(8.25,6.39711431703));
#6678 = CARTESIAN_POINT('',(15.,10.29422863406));
#6679 = CARTESIAN_POINT('',(15.,2.5));
#6680 = ( GEOMETRIC_REPRESENTATION_CONTEXT(2) 
PARAMETRIC_REPRESENTATION_CONTEXT() REPRESENTATION_CONTEXT('2D SPACE',''
  ) );
#6681 = ORIENTED_EDGE('',*,*,#6520,.T.);
#6682 = ORIENTED_EDGE('',*,*,#1732,.F.);
#6683 = ORIENTED_EDGE('',*,*,#6542,.T.);
#6684 = ORIENTED_EDGE('',*,*,#6685,.T.);
#6685 = EDGE_CURVE('',#6543,#6543,#6686,.T.);
#6686 = SURFACE_CURVE('',#6687,(#6692,#6699),.PCURVE_S1.);
#6687 = CIRCLE('',#6688,4.5);
#6688 = AXIS2_PLACEMENT_3D('',#6689,#6690,#6691);
#6689 = CARTESIAN_POINT('',(-69.5,-69.5,26.));
#6690 = DIRECTION('',(0.,0.,1.));
#6691 = DIRECTION('',(1.,0.,0.));
#6692 = PCURVE('',#1720,#6693);
#6693 = DEFINITIONAL_REPRESENTATION('',(#6694),#6698);
#6694 = LINE('',#6695,#6696);
#6695 = CARTESIAN_POINT('',(-0.,-12.));
#6696 = VECTOR('',#6697,1.);
#6697 = DIRECTION('',(-1.,0.));
#6698 = ( GEOMETRIC_REPRESENTATION_CONTEXT(2) 
PARAMETRIC_REPRESENTATION_CONTEXT() REPRESENTATION_CONTEXT('2D SPACE',''
  ) );
#6699 = PCURVE('',#6700,#6705);
#6700 = PLANE('',#6701);
#6701 = AXIS2_PLACEMENT_3D('',#6702,#6703,#6704);
#6702 = CARTESIAN_POINT('',(-69.5,-69.5,26.));
#6703 = DIRECTION('',(0.,0.,1.));
#6704 = DIRECTION('',(1.,0.,-0.));
#6705 = DEFINITIONAL_REPRESENTATION('',(#6706),#6710);
#6706 = CIRCLE('',#6707,4.5);
#6707 = AXIS2_PLACEMENT_2D('',#6708,#6709);
#6708 = CARTESIAN_POINT('',(0.,0.));
#6709 = DIRECTION('',(1.,0.));
#6710 = ( GEOMETRIC_REPRESENTATION_CONTEXT(2) 
PARAMETRIC_REPRESENTATION_CONTEXT() REPRESENTATION_CONTEXT('2D SPACE',''
  ) );
#6711 = ADVANCED_FACE('',(#6712),#1691,.T.);
#6712 = FACE_BOUND('',#6713,.T.);
#6713 = EDGE_LOOP('',(#6714,#6735,#6736,#6737));
#6714 = ORIENTED_EDGE('',*,*,#6715,.F.);
#6715 = EDGE_CURVE('',#6215,#6567,#6716,.T.);
#6716 = SURFACE_CURVE('',#6717,(#6721,#6728),.PCURVE_S1.);
#6717 = LINE('',#6718,#6719);
#6718 = CARTESIAN_POINT('',(-67.,-80.,22.));
#6719 = VECTOR('',#6720,1.);
#6720 = DIRECTION('',(0.,1.,0.));
#6721 = PCURVE('',#1691,#6722);
#6722 = DEFINITIONAL_REPRESENTATION('',(#6723),#6727);
#6723 = LINE('',#6724,#6725);
#6724 = CARTESIAN_POINT('',(8.,0.));
#6725 = VECTOR('',#6726,1.);
#6726 = DIRECTION('',(0.,-1.));
#6727 = ( GEOMETRIC_REPRESENTATION_CONTEXT(2) 
PARAMETRIC_REPRESENTATION_CONTEXT() REPRESENTATION_CONTEXT('2D SPACE',''
  ) );
#6728 = PCURVE('',#6252,#6729);
#6729 = DEFINITIONAL_REPRESENTATION('',(#6730),#6734);
#6730 = LINE('',#6731,#6732);
#6731 = CARTESIAN_POINT('',(5.,0.));
#6732 = VECTOR('',#6733,1.);
#6733 = DIRECTION('',(0.,1.));
#6734 = ( GEOMETRIC_REPRESENTATION_CONTEXT(2) 
PARAMETRIC_REPRESENTATION_CONTEXT() REPRESENTATION_CONTEXT('2D SPACE',''
  ) );
#6735 = ORIENTED_EDGE('',*,*,#6214,.T.);
#6736 = ORIENTED_EDGE('',*,*,#1675,.T.);
#6737 = ORIENTED_EDGE('',*,*,#6566,.F.);
#6738 = ADVANCED_FACE('',(#6739),#1630,.F.);
#6739 = FACE_BOUND('',#6740,.F.);
#6740 = EDGE_LOOP('',(#6741,#6766,#6792,#6811,#6812,#6813));
#6741 = ORIENTED_EDGE('',*,*,#6742,.F.);
#6742 = EDGE_CURVE('',#6743,#6745,#6747,.T.);
#6743 = VERTEX_POINT('',#6744);
#6744 = CARTESIAN_POINT('',(-65.,-77.5,105.));
#6745 = VERTEX_POINT('',#6746);
#6746 = CARTESIAN_POINT('',(-65.,-72.,105.));
#6747 = SURFACE_CURVE('',#6748,(#6752,#6759),.PCURVE_S1.);
#6748 = LINE('',#6749,#6750);
#6749 = CARTESIAN_POINT('',(-65.,-80.,105.));
#6750 = VECTOR('',#6751,1.);
#6751 = DIRECTION('',(0.,1.,0.));
#6752 = PCURVE('',#1630,#6753);
#6753 = DEFINITIONAL_REPRESENTATION('',(#6754),#6758);
#6754 = LINE('',#6755,#6756);
#6755 = CARTESIAN_POINT('',(91.,0.));
#6756 = VECTOR('',#6757,1.);
#6757 = DIRECTION('',(0.,-1.));
#6758 = ( GEOMETRIC_REPRESENTATION_CONTEXT(2) 
PARAMETRIC_REPRESENTATION_CONTEXT() REPRESENTATION_CONTEXT('2D SPACE',''
  ) );
#6759 = PCURVE('',#2716,#6760);
#6760 = DEFINITIONAL_REPRESENTATION('',(#6761),#6765);
#6761 = LINE('',#6762,#6763);
#6762 = CARTESIAN_POINT('',(1.,2.5));
#6763 = VECTOR('',#6764,1.);
#6764 = DIRECTION('',(0.,1.));
#6765 = ( GEOMETRIC_REPRESENTATION_CONTEXT(2) 
PARAMETRIC_REPRESENTATION_CONTEXT() REPRESENTATION_CONTEXT('2D SPACE',''
  ) );
#6766 = ORIENTED_EDGE('',*,*,#6767,.T.);
#6767 = EDGE_CURVE('',#6743,#6768,#6770,.T.);
#6768 = VERTEX_POINT('',#6769);
#6769 = CARTESIAN_POINT('',(-65.,-77.5,93.));
#6770 = SURFACE_CURVE('',#6771,(#6775,#6781),.PCURVE_S1.);
#6771 = LINE('',#6772,#6773);
#6772 = CARTESIAN_POINT('',(-65.,-77.5,53.5));
#6773 = VECTOR('',#6774,1.);
#6774 = DIRECTION('',(0.,0.,-1.));
#6775 = PCURVE('',#1630,#6776);
#6776 = DEFINITIONAL_REPRESENTATION('',(#6777),#6780);
#6777 = B_SPLINE_CURVE_WITH_KNOTS('',1,(#6778,#6779),.UNSPECIFIED.,.F.,
  .F.,(2,2),(-51.5,-39.5),.PIECEWISE_BEZIER_KNOTS.);
#6778 = CARTESIAN_POINT('',(91.,-2.5));
#6779 = CARTESIAN_POINT('',(79.,-2.5));
#6780 = ( GEOMETRIC_REPRESENTATION_CONTEXT(2) 
PARAMETRIC_REPRESENTATION_CONTEXT() REPRESENTATION_CONTEXT('2D SPACE',''
  ) );
#6781 = PCURVE('',#6782,#6787);
#6782 = PLANE('',#6783);
#6783 = AXIS2_PLACEMENT_3D('',#6784,#6785,#6786);
#6784 = CARTESIAN_POINT('',(-66.,-77.5,93.));
#6785 = DIRECTION('',(0.,1.,0.));
#6786 = DIRECTION('',(0.,0.,1.));
#6787 = DEFINITIONAL_REPRESENTATION('',(#6788),#6791);
#6788 = B_SPLINE_CURVE_WITH_KNOTS('',1,(#6789,#6790),.UNSPECIFIED.,.F.,
  .F.,(2,2),(-51.5,-39.5),.PIECEWISE_BEZIER_KNOTS.);
#6789 = CARTESIAN_POINT('',(12.,1.));
#6790 = CARTESIAN_POINT('',(0.,1.));
#6791 = ( GEOMETRIC_REPRESENTATION_CONTEXT(2) 
PARAMETRIC_REPRESENTATION_CONTEXT() REPRESENTATION_CONTEXT('2D SPACE',''
  ) );
#6792 = ORIENTED_EDGE('',*,*,#6793,.F.);
#6793 = EDGE_CURVE('',#6193,#6768,#6794,.T.);
#6794 = SURFACE_CURVE('',#6795,(#6799,#6805),.PCURVE_S1.);
#6795 = LINE('',#6796,#6797);
#6796 = CARTESIAN_POINT('',(-65.,-81.25,93.));
#6797 = VECTOR('',#6798,1.);
#6798 = DIRECTION('',(0.,1.,0.));
#6799 = PCURVE('',#1630,#6800);
#6800 = DEFINITIONAL_REPRESENTATION('',(#6801),#6804);
#6801 = B_SPLINE_CURVE_WITH_KNOTS('',1,(#6802,#6803),.UNSPECIFIED.,.F.,
  .F.,(2,2),(1.95,3.75),.PIECEWISE_BEZIER_KNOTS.);
#6802 = CARTESIAN_POINT('',(79.,-0.7));
#6803 = CARTESIAN_POINT('',(79.,-2.5));
#6804 = ( GEOMETRIC_REPRESENTATION_CONTEXT(2) 
PARAMETRIC_REPRESENTATION_CONTEXT() REPRESENTATION_CONTEXT('2D SPACE',''
  ) );
#6805 = PCURVE('',#6476,#6806);
#6806 = DEFINITIONAL_REPRESENTATION('',(#6807),#6810);
#6807 = B_SPLINE_CURVE_WITH_KNOTS('',1,(#6808,#6809),.UNSPECIFIED.,.F.,
  .F.,(2,2),(1.95,3.75),.PIECEWISE_BEZIER_KNOTS.);
#6808 = CARTESIAN_POINT('',(1.,3.2));
#6809 = CARTESIAN_POINT('',(1.,5.));
#6810 = ( GEOMETRIC_REPRESENTATION_CONTEXT(2) 
PARAMETRIC_REPRESENTATION_CONTEXT() REPRESENTATION_CONTEXT('2D SPACE',''
  ) );
#6811 = ORIENTED_EDGE('',*,*,#6192,.T.);
#6812 = ORIENTED_EDGE('',*,*,#1614,.T.);
#6813 = ORIENTED_EDGE('',*,*,#6814,.T.);
#6814 = EDGE_CURVE('',#1587,#6745,#6815,.T.);
#6815 = SURFACE_CURVE('',#6816,(#6820,#6827),.PCURVE_S1.);
#6816 = LINE('',#6817,#6818);
#6817 = CARTESIAN_POINT('',(-65.,-72.,14.));
#6818 = VECTOR('',#6819,1.);
#6819 = DIRECTION('',(0.,0.,1.));
#6820 = PCURVE('',#1630,#6821);
#6821 = DEFINITIONAL_REPRESENTATION('',(#6822),#6826);
#6822 = LINE('',#6823,#6824);
#6823 = CARTESIAN_POINT('',(0.,-8.));
#6824 = VECTOR('',#6825,1.);
#6825 = DIRECTION('',(1.,0.));
#6826 = ( GEOMETRIC_REPRESENTATION_CONTEXT(2) 
PARAMETRIC_REPRESENTATION_CONTEXT() REPRESENTATION_CONTEXT('2D SPACE',''
  ) );
#6827 = PCURVE('',#1602,#6828);
#6828 = DEFINITIONAL_REPRESENTATION('',(#6829),#6833);
#6829 = LINE('',#6830,#6831);
#6830 = CARTESIAN_POINT('',(0.,0.));
#6831 = VECTOR('',#6832,1.);
#6832 = DIRECTION('',(1.,0.));
#6833 = ( GEOMETRIC_REPRESENTATION_CONTEXT(2) 
PARAMETRIC_REPRESENTATION_CONTEXT() REPRESENTATION_CONTEXT('2D SPACE',''
  ) );
#6834 = ADVANCED_FACE('',(#6835),#1602,.T.);
#6835 = FACE_BOUND('',#6836,.T.);
#6836 = EDGE_LOOP('',(#6837,#6838,#6839,#6862));
#6837 = ORIENTED_EDGE('',*,*,#1586,.F.);
#6838 = ORIENTED_EDGE('',*,*,#6814,.T.);
#6839 = ORIENTED_EDGE('',*,*,#6840,.T.);
#6840 = EDGE_CURVE('',#6745,#6841,#6843,.T.);
#6841 = VERTEX_POINT('',#6842);
#6842 = CARTESIAN_POINT('',(-57.,-72.,105.));
#6843 = SURFACE_CURVE('',#6844,(#6848,#6855),.PCURVE_S1.);
#6844 = LINE('',#6845,#6846);
#6845 = CARTESIAN_POINT('',(-65.,-72.,105.));
#6846 = VECTOR('',#6847,1.);
#6847 = DIRECTION('',(1.,0.,0.));
#6848 = PCURVE('',#1602,#6849);
#6849 = DEFINITIONAL_REPRESENTATION('',(#6850),#6854);
#6850 = LINE('',#6851,#6852);
#6851 = CARTESIAN_POINT('',(91.,0.));
#6852 = VECTOR('',#6853,1.);
#6853 = DIRECTION('',(0.,1.));
#6854 = ( GEOMETRIC_REPRESENTATION_CONTEXT(2) 
PARAMETRIC_REPRESENTATION_CONTEXT() REPRESENTATION_CONTEXT('2D SPACE',''
  ) );
#6855 = PCURVE('',#2716,#6856);
#6856 = DEFINITIONAL_REPRESENTATION('',(#6857),#6861);
#6857 = LINE('',#6858,#6859);
#6858 = CARTESIAN_POINT('',(1.,10.5));
#6859 = VECTOR('',#6860,1.);
#6860 = DIRECTION('',(1.,0.));
#6861 = ( GEOMETRIC_REPRESENTATION_CONTEXT(2) 
PARAMETRIC_REPRESENTATION_CONTEXT() REPRESENTATION_CONTEXT('2D SPACE',''
  ) );
#6862 = ORIENTED_EDGE('',*,*,#6863,.F.);
#6863 = EDGE_CURVE('',#1559,#6841,#6864,.T.);
#6864 = SURFACE_CURVE('',#6865,(#6869,#6876),.PCURVE_S1.);
#6865 = LINE('',#6866,#6867);
#6866 = CARTESIAN_POINT('',(-57.,-72.,14.));
#6867 = VECTOR('',#6868,1.);
#6868 = DIRECTION('',(0.,0.,1.));
#6869 = PCURVE('',#1602,#6870);
#6870 = DEFINITIONAL_REPRESENTATION('',(#6871),#6875);
#6871 = LINE('',#6872,#6873);
#6872 = CARTESIAN_POINT('',(0.,8.));
#6873 = VECTOR('',#6874,1.);
#6874 = DIRECTION('',(1.,0.));
#6875 = ( GEOMETRIC_REPRESENTATION_CONTEXT(2) 
PARAMETRIC_REPRESENTATION_CONTEXT() REPRESENTATION_CONTEXT('2D SPACE',''
  ) );
#6876 = PCURVE('',#1574,#6877);
#6877 = DEFINITIONAL_REPRESENTATION('',(#6878),#6882);
#6878 = LINE('',#6879,#6880);
#6879 = CARTESIAN_POINT('',(0.,-8.));
#6880 = VECTOR('',#6881,1.);
#6881 = DIRECTION('',(1.,0.));
#6882 = ( GEOMETRIC_REPRESENTATION_CONTEXT(2) 
PARAMETRIC_REPRESENTATION_CONTEXT() REPRESENTATION_CONTEXT('2D SPACE',''
  ) );
#6883 = ADVANCED_FACE('',(#6884),#1574,.T.);
#6884 = FACE_BOUND('',#6885,.T.);
#6885 = EDGE_LOOP('',(#6886,#6909,#6935,#6961,#6980,#6981));
#6886 = ORIENTED_EDGE('',*,*,#6887,.F.);
#6887 = EDGE_CURVE('',#6888,#6841,#6890,.T.);
#6888 = VERTEX_POINT('',#6889);
#6889 = CARTESIAN_POINT('',(-57.,-77.5,105.));
#6890 = SURFACE_CURVE('',#6891,(#6895,#6902),.PCURVE_S1.);
#6891 = LINE('',#6892,#6893);
#6892 = CARTESIAN_POINT('',(-57.,-80.,105.));
#6893 = VECTOR('',#6894,1.);
#6894 = DIRECTION('',(0.,1.,0.));
#6895 = PCURVE('',#1574,#6896);
#6896 = DEFINITIONAL_REPRESENTATION('',(#6897),#6901);
#6897 = LINE('',#6898,#6899);
#6898 = CARTESIAN_POINT('',(91.,0.));
#6899 = VECTOR('',#6900,1.);
#6900 = DIRECTION('',(0.,-1.));
#6901 = ( GEOMETRIC_REPRESENTATION_CONTEXT(2) 
PARAMETRIC_REPRESENTATION_CONTEXT() REPRESENTATION_CONTEXT('2D SPACE',''
  ) );
#6902 = PCURVE('',#2716,#6903);
#6903 = DEFINITIONAL_REPRESENTATION('',(#6904),#6908);
#6904 = LINE('',#6905,#6906);
#6905 = CARTESIAN_POINT('',(9.,2.5));
#6906 = VECTOR('',#6907,1.);
#6907 = DIRECTION('',(0.,1.));
#6908 = ( GEOMETRIC_REPRESENTATION_CONTEXT(2) 
PARAMETRIC_REPRESENTATION_CONTEXT() REPRESENTATION_CONTEXT('2D SPACE',''
  ) );
#6909 = ORIENTED_EDGE('',*,*,#6910,.T.);
#6910 = EDGE_CURVE('',#6888,#6911,#6913,.T.);
#6911 = VERTEX_POINT('',#6912);
#6912 = CARTESIAN_POINT('',(-57.,-77.5,93.));
#6913 = SURFACE_CURVE('',#6914,(#6918,#6924),.PCURVE_S1.);
#6914 = LINE('',#6915,#6916);
#6915 = CARTESIAN_POINT('',(-57.,-77.5,53.5));
#6916 = VECTOR('',#6917,1.);
#6917 = DIRECTION('',(0.,0.,-1.));
#6918 = PCURVE('',#1574,#6919);
#6919 = DEFINITIONAL_REPRESENTATION('',(#6920),#6923);
#6920 = B_SPLINE_CURVE_WITH_KNOTS('',1,(#6921,#6922),.UNSPECIFIED.,.F.,
  .F.,(2,2),(-51.5,-39.5),.PIECEWISE_BEZIER_KNOTS.);
#6921 = CARTESIAN_POINT('',(91.,-2.5));
#6922 = CARTESIAN_POINT('',(79.,-2.5));
#6923 = ( GEOMETRIC_REPRESENTATION_CONTEXT(2) 
PARAMETRIC_REPRESENTATION_CONTEXT() REPRESENTATION_CONTEXT('2D SPACE',''
  ) );
#6924 = PCURVE('',#6925,#6930);
#6925 = PLANE('',#6926);
#6926 = AXIS2_PLACEMENT_3D('',#6927,#6928,#6929);
#6927 = CARTESIAN_POINT('',(-66.,-77.5,93.));
#6928 = DIRECTION('',(0.,1.,0.));
#6929 = DIRECTION('',(0.,0.,1.));
#6930 = DEFINITIONAL_REPRESENTATION('',(#6931),#6934);
#6931 = B_SPLINE_CURVE_WITH_KNOTS('',1,(#6932,#6933),.UNSPECIFIED.,.F.,
  .F.,(2,2),(-51.5,-39.5),.PIECEWISE_BEZIER_KNOTS.);
#6932 = CARTESIAN_POINT('',(12.,9.));
#6933 = CARTESIAN_POINT('',(0.,9.));
#6934 = ( GEOMETRIC_REPRESENTATION_CONTEXT(2) 
PARAMETRIC_REPRESENTATION_CONTEXT() REPRESENTATION_CONTEXT('2D SPACE',''
  ) );
#6935 = ORIENTED_EDGE('',*,*,#6936,.F.);
#6936 = EDGE_CURVE('',#6937,#6911,#6939,.T.);
#6937 = VERTEX_POINT('',#6938);
#6938 = CARTESIAN_POINT('',(-57.,-79.3,93.));
#6939 = SURFACE_CURVE('',#6940,(#6944,#6950),.PCURVE_S1.);
#6940 = LINE('',#6941,#6942);
#6941 = CARTESIAN_POINT('',(-57.,-81.25,93.));
#6942 = VECTOR('',#6943,1.);
#6943 = DIRECTION('',(0.,1.,0.));
#6944 = PCURVE('',#1574,#6945);
#6945 = DEFINITIONAL_REPRESENTATION('',(#6946),#6949);
#6946 = B_SPLINE_CURVE_WITH_KNOTS('',1,(#6947,#6948),.UNSPECIFIED.,.F.,
  .F.,(2,2),(1.95,3.75),.PIECEWISE_BEZIER_KNOTS.);
#6947 = CARTESIAN_POINT('',(79.,-0.7));
#6948 = CARTESIAN_POINT('',(79.,-2.5));
#6949 = ( GEOMETRIC_REPRESENTATION_CONTEXT(2) 
PARAMETRIC_REPRESENTATION_CONTEXT() REPRESENTATION_CONTEXT('2D SPACE',''
  ) );
#6950 = PCURVE('',#6951,#6956);
#6951 = PLANE('',#6952);
#6952 = AXIS2_PLACEMENT_3D('',#6953,#6954,#6955);
#6953 = CARTESIAN_POINT('',(-66.,-82.5,93.));
#6954 = DIRECTION('',(0.,0.,1.));
#6955 = DIRECTION('',(1.,0.,0.));
#6956 = DEFINITIONAL_REPRESENTATION('',(#6957),#6960);
#6957 = B_SPLINE_CURVE_WITH_KNOTS('',1,(#6958,#6959),.UNSPECIFIED.,.F.,
  .F.,(2,2),(1.95,3.75),.PIECEWISE_BEZIER_KNOTS.);
#6958 = CARTESIAN_POINT('',(9.,3.2));
#6959 = CARTESIAN_POINT('',(9.,5.));
#6960 = ( GEOMETRIC_REPRESENTATION_CONTEXT(2) 
PARAMETRIC_REPRESENTATION_CONTEXT() REPRESENTATION_CONTEXT('2D SPACE',''
  ) );
#6961 = ORIENTED_EDGE('',*,*,#6962,.T.);
#6962 = EDGE_CURVE('',#6937,#1532,#6963,.T.);
#6963 = SURFACE_CURVE('',#6964,(#6968,#6974),.PCURVE_S1.);
#6964 = LINE('',#6965,#6966);
#6965 = CARTESIAN_POINT('',(-57.,-79.3,13.5));
#6966 = VECTOR('',#6967,1.);
#6967 = DIRECTION('',(0.,0.,-1.));
#6968 = PCURVE('',#1574,#6969);
#6969 = DEFINITIONAL_REPRESENTATION('',(#6970),#6973);
#6970 = B_SPLINE_CURVE_WITH_KNOTS('',1,(#6971,#6972),.UNSPECIFIED.,.F.,
  .F.,(2,2),(-79.5,-0.5),.PIECEWISE_BEZIER_KNOTS.);
#6971 = CARTESIAN_POINT('',(79.,-0.7));
#6972 = CARTESIAN_POINT('',(0.,-0.7));
#6973 = ( GEOMETRIC_REPRESENTATION_CONTEXT(2) 
PARAMETRIC_REPRESENTATION_CONTEXT() REPRESENTATION_CONTEXT('2D SPACE',''
  ) );
#6974 = PCURVE('',#1547,#6975);
#6975 = DEFINITIONAL_REPRESENTATION('',(#6976),#6979);
#6976 = B_SPLINE_CURVE_WITH_KNOTS('',1,(#6977,#6978),.UNSPECIFIED.,.F.,
  .F.,(2,2),(-79.5,-0.5),.PIECEWISE_BEZIER_KNOTS.);
#6977 = CARTESIAN_POINT('',(80.,1.5));
#6978 = CARTESIAN_POINT('',(1.,1.5));
#6979 = ( GEOMETRIC_REPRESENTATION_CONTEXT(2) 
PARAMETRIC_REPRESENTATION_CONTEXT() REPRESENTATION_CONTEXT('2D SPACE',''
  ) );
#6980 = ORIENTED_EDGE('',*,*,#1558,.T.);
#6981 = ORIENTED_EDGE('',*,*,#6863,.T.);
#6982 = ADVANCED_FACE('',(#6983),#1547,.T.);
#6983 = FACE_BOUND('',#6984,.T.);
#6984 = EDGE_LOOP('',(#6985,#7006,#7007,#7008));
#6985 = ORIENTED_EDGE('',*,*,#6986,.T.);
#6986 = EDGE_CURVE('',#6987,#1504,#6989,.T.);
#6987 = VERTEX_POINT('',#6988);
#6988 = CARTESIAN_POINT('',(57.,-79.3,93.));
#6989 = SURFACE_CURVE('',#6990,(#6994,#7000),.PCURVE_S1.);
#6990 = LINE('',#6991,#6992);
#6991 = CARTESIAN_POINT('',(57.,-79.3,13.5));
#6992 = VECTOR('',#6993,1.);
#6993 = DIRECTION('',(0.,0.,-1.));
#6994 = PCURVE('',#1547,#6995);
#6995 = DEFINITIONAL_REPRESENTATION('',(#6996),#6999);
#6996 = B_SPLINE_CURVE_WITH_KNOTS('',1,(#6997,#6998),.UNSPECIFIED.,.F.,
  .F.,(2,2),(-79.5,-0.5),.PIECEWISE_BEZIER_KNOTS.);
#6997 = CARTESIAN_POINT('',(80.,115.5));
#6998 = CARTESIAN_POINT('',(1.,115.5));
#6999 = ( GEOMETRIC_REPRESENTATION_CONTEXT(2) 
PARAMETRIC_REPRESENTATION_CONTEXT() REPRESENTATION_CONTEXT('2D SPACE',''
  ) );
#7000 = PCURVE('',#1519,#7001);
#7001 = DEFINITIONAL_REPRESENTATION('',(#7002),#7005);
#7002 = B_SPLINE_CURVE_WITH_KNOTS('',1,(#7003,#7004),.UNSPECIFIED.,.F.,
  .F.,(2,2),(-79.5,-0.5),.PIECEWISE_BEZIER_KNOTS.);
#7003 = CARTESIAN_POINT('',(79.,-0.7));
#7004 = CARTESIAN_POINT('',(0.,-0.7));
#7005 = ( GEOMETRIC_REPRESENTATION_CONTEXT(2) 
PARAMETRIC_REPRESENTATION_CONTEXT() REPRESENTATION_CONTEXT('2D SPACE',''
  ) );
#7006 = ORIENTED_EDGE('',*,*,#1531,.T.);
#7007 = ORIENTED_EDGE('',*,*,#6962,.F.);
#7008 = ORIENTED_EDGE('',*,*,#7009,.T.);
#7009 = EDGE_CURVE('',#6937,#6987,#7010,.T.);
#7010 = SURFACE_CURVE('',#7011,(#7015,#7021),.PCURVE_S1.);
#7011 = LINE('',#7012,#7013);
#7012 = CARTESIAN_POINT('',(-62.25,-79.3,93.));
#7013 = VECTOR('',#7014,1.);
#7014 = DIRECTION('',(1.,0.,0.));
#7015 = PCURVE('',#1547,#7016);
#7016 = DEFINITIONAL_REPRESENTATION('',(#7017),#7020);
#7017 = B_SPLINE_CURVE_WITH_KNOTS('',1,(#7018,#7019),.UNSPECIFIED.,.F.,
  .F.,(2,2),(3.75,120.75),.PIECEWISE_BEZIER_KNOTS.);
#7018 = CARTESIAN_POINT('',(80.,0.));
#7019 = CARTESIAN_POINT('',(80.,117.));
#7020 = ( GEOMETRIC_REPRESENTATION_CONTEXT(2) 
PARAMETRIC_REPRESENTATION_CONTEXT() REPRESENTATION_CONTEXT('2D SPACE',''
  ) );
#7021 = PCURVE('',#6951,#7022);
#7022 = DEFINITIONAL_REPRESENTATION('',(#7023),#7026);
#7023 = B_SPLINE_CURVE_WITH_KNOTS('',1,(#7024,#7025),.UNSPECIFIED.,.F.,
  .F.,(2,2),(3.75,120.75),.PIECEWISE_BEZIER_KNOTS.);
#7024 = CARTESIAN_POINT('',(7.5,3.2));
#7025 = CARTESIAN_POINT('',(124.5,3.2));
#7026 = ( GEOMETRIC_REPRESENTATION_CONTEXT(2) 
PARAMETRIC_REPRESENTATION_CONTEXT() REPRESENTATION_CONTEXT('2D SPACE',''
  ) );
#7027 = ADVANCED_FACE('',(#7028),#1519,.F.);
#7028 = FACE_BOUND('',#7029,.F.);
#7029 = EDGE_LOOP('',(#7030,#7055,#7076,#7095,#7096,#7097));
#7030 = ORIENTED_EDGE('',*,*,#7031,.F.);
#7031 = EDGE_CURVE('',#7032,#7034,#7036,.T.);
#7032 = VERTEX_POINT('',#7033);
#7033 = CARTESIAN_POINT('',(57.,-77.5,105.));
#7034 = VERTEX_POINT('',#7035);
#7035 = CARTESIAN_POINT('',(57.,-72.,105.));
#7036 = SURFACE_CURVE('',#7037,(#7041,#7048),.PCURVE_S1.);
#7037 = LINE('',#7038,#7039);
#7038 = CARTESIAN_POINT('',(57.,-80.,105.));
#7039 = VECTOR('',#7040,1.);
#7040 = DIRECTION('',(0.,1.,0.));
#7041 = PCURVE('',#1519,#7042);
#7042 = DEFINITIONAL_REPRESENTATION('',(#7043),#7047);
#7043 = LINE('',#7044,#7045);
#7044 = CARTESIAN_POINT('',(91.,0.));
#7045 = VECTOR('',#7046,1.);
#7046 = DIRECTION('',(0.,-1.));
#7047 = ( GEOMETRIC_REPRESENTATION_CONTEXT(2) 
PARAMETRIC_REPRESENTATION_CONTEXT() REPRESENTATION_CONTEXT('2D SPACE',''
  ) );
#7048 = PCURVE('',#2716,#7049);
#7049 = DEFINITIONAL_REPRESENTATION('',(#7050),#7054);
#7050 = LINE('',#7051,#7052);
#7051 = CARTESIAN_POINT('',(123.,2.5));
#7052 = VECTOR('',#7053,1.);
#7053 = DIRECTION('',(0.,1.));
#7054 = ( GEOMETRIC_REPRESENTATION_CONTEXT(2) 
PARAMETRIC_REPRESENTATION_CONTEXT() REPRESENTATION_CONTEXT('2D SPACE',''
  ) );
#7055 = ORIENTED_EDGE('',*,*,#7056,.T.);
#7056 = EDGE_CURVE('',#7032,#7057,#7059,.T.);
#7057 = VERTEX_POINT('',#7058);
#7058 = CARTESIAN_POINT('',(57.,-77.5,93.));
#7059 = SURFACE_CURVE('',#7060,(#7064,#7070),.PCURVE_S1.);
#7060 = LINE('',#7061,#7062);
#7061 = CARTESIAN_POINT('',(57.,-77.5,53.5));
#7062 = VECTOR('',#7063,1.);
#7063 = DIRECTION('',(0.,0.,-1.));
#7064 = PCURVE('',#1519,#7065);
#7065 = DEFINITIONAL_REPRESENTATION('',(#7066),#7069);
#7066 = B_SPLINE_CURVE_WITH_KNOTS('',1,(#7067,#7068),.UNSPECIFIED.,.F.,
  .F.,(2,2),(-51.5,-39.5),.PIECEWISE_BEZIER_KNOTS.);
#7067 = CARTESIAN_POINT('',(91.,-2.5));
#7068 = CARTESIAN_POINT('',(79.,-2.5));
#7069 = ( GEOMETRIC_REPRESENTATION_CONTEXT(2) 
PARAMETRIC_REPRESENTATION_CONTEXT() REPRESENTATION_CONTEXT('2D SPACE',''
  ) );
#7070 = PCURVE('',#6925,#7071);
#7071 = DEFINITIONAL_REPRESENTATION('',(#7072),#7075);
#7072 = B_SPLINE_CURVE_WITH_KNOTS('',1,(#7073,#7074),.UNSPECIFIED.,.F.,
  .F.,(2,2),(-51.5,-39.5),.PIECEWISE_BEZIER_KNOTS.);
#7073 = CARTESIAN_POINT('',(12.,123.));
#7074 = CARTESIAN_POINT('',(0.,123.));
#7075 = ( GEOMETRIC_REPRESENTATION_CONTEXT(2) 
PARAMETRIC_REPRESENTATION_CONTEXT() REPRESENTATION_CONTEXT('2D SPACE',''
  ) );
#7076 = ORIENTED_EDGE('',*,*,#7077,.F.);
#7077 = EDGE_CURVE('',#6987,#7057,#7078,.T.);
#7078 = SURFACE_CURVE('',#7079,(#7083,#7089),.PCURVE_S1.);
#7079 = LINE('',#7080,#7081);
#7080 = CARTESIAN_POINT('',(57.,-81.25,93.));
#7081 = VECTOR('',#7082,1.);
#7082 = DIRECTION('',(0.,1.,0.));
#7083 = PCURVE('',#1519,#7084);
#7084 = DEFINITIONAL_REPRESENTATION('',(#7085),#7088);
#7085 = B_SPLINE_CURVE_WITH_KNOTS('',1,(#7086,#7087),.UNSPECIFIED.,.F.,
  .F.,(2,2),(1.95,3.75),.PIECEWISE_BEZIER_KNOTS.);
#7086 = CARTESIAN_POINT('',(79.,-0.7));
#7087 = CARTESIAN_POINT('',(79.,-2.5));
#7088 = ( GEOMETRIC_REPRESENTATION_CONTEXT(2) 
PARAMETRIC_REPRESENTATION_CONTEXT() REPRESENTATION_CONTEXT('2D SPACE',''
  ) );
#7089 = PCURVE('',#6951,#7090);
#7090 = DEFINITIONAL_REPRESENTATION('',(#7091),#7094);
#7091 = B_SPLINE_CURVE_WITH_KNOTS('',1,(#7092,#7093),.UNSPECIFIED.,.F.,
  .F.,(2,2),(1.95,3.75),.PIECEWISE_BEZIER_KNOTS.);
#7092 = CARTESIAN_POINT('',(123.,3.2));
#7093 = CARTESIAN_POINT('',(123.,5.));
#7094 = ( GEOMETRIC_REPRESENTATION_CONTEXT(2) 
PARAMETRIC_REPRESENTATION_CONTEXT() REPRESENTATION_CONTEXT('2D SPACE',''
  ) );
#7095 = ORIENTED_EDGE('',*,*,#6986,.T.);
#7096 = ORIENTED_EDGE('',*,*,#1503,.T.);
#7097 = ORIENTED_EDGE('',*,*,#7098,.T.);
#7098 = EDGE_CURVE('',#1476,#7034,#7099,.T.);
#7099 = SURFACE_CURVE('',#7100,(#7104,#7111),.PCURVE_S1.);
#7100 = LINE('',#7101,#7102);
#7101 = CARTESIAN_POINT('',(57.,-72.,14.));
#7102 = VECTOR('',#7103,1.);
#7103 = DIRECTION('',(0.,0.,1.));
#7104 = PCURVE('',#1519,#7105);
#7105 = DEFINITIONAL_REPRESENTATION('',(#7106),#7110);
#7106 = LINE('',#7107,#7108);
#7107 = CARTESIAN_POINT('',(0.,-8.));
#7108 = VECTOR('',#7109,1.);
#7109 = DIRECTION('',(1.,0.));
#7110 = ( GEOMETRIC_REPRESENTATION_CONTEXT(2) 
PARAMETRIC_REPRESENTATION_CONTEXT() REPRESENTATION_CONTEXT('2D SPACE',''
  ) );
#7111 = PCURVE('',#1491,#7112);
#7112 = DEFINITIONAL_REPRESENTATION('',(#7113),#7117);
#7113 = LINE('',#7114,#7115);
#7114 = CARTESIAN_POINT('',(0.,0.));
#7115 = VECTOR('',#7116,1.);
#7116 = DIRECTION('',(1.,0.));
#7117 = ( GEOMETRIC_REPRESENTATION_CONTEXT(2) 
PARAMETRIC_REPRESENTATION_CONTEXT() REPRESENTATION_CONTEXT('2D SPACE',''
  ) );
#7118 = ADVANCED_FACE('',(#7119),#1491,.T.);
#7119 = FACE_BOUND('',#7120,.T.);
#7120 = EDGE_LOOP('',(#7121,#7122,#7123,#7146));
#7121 = ORIENTED_EDGE('',*,*,#1475,.F.);
#7122 = ORIENTED_EDGE('',*,*,#7098,.T.);
#7123 = ORIENTED_EDGE('',*,*,#7124,.T.);
#7124 = EDGE_CURVE('',#7034,#7125,#7127,.T.);
#7125 = VERTEX_POINT('',#7126);
#7126 = CARTESIAN_POINT('',(65.,-72.,105.));
#7127 = SURFACE_CURVE('',#7128,(#7132,#7139),.PCURVE_S1.);
#7128 = LINE('',#7129,#7130);
#7129 = CARTESIAN_POINT('',(57.,-72.,105.));
#7130 = VECTOR('',#7131,1.);
#7131 = DIRECTION('',(1.,0.,0.));
#7132 = PCURVE('',#1491,#7133);
#7133 = DEFINITIONAL_REPRESENTATION('',(#7134),#7138);
#7134 = LINE('',#7135,#7136);
#7135 = CARTESIAN_POINT('',(91.,0.));
#7136 = VECTOR('',#7137,1.);
#7137 = DIRECTION('',(0.,1.));
#7138 = ( GEOMETRIC_REPRESENTATION_CONTEXT(2) 
PARAMETRIC_REPRESENTATION_CONTEXT() REPRESENTATION_CONTEXT('2D SPACE',''
  ) );
#7139 = PCURVE('',#2716,#7140);
#7140 = DEFINITIONAL_REPRESENTATION('',(#7141),#7145);
#7141 = LINE('',#7142,#7143);
#7142 = CARTESIAN_POINT('',(123.,10.5));
#7143 = VECTOR('',#7144,1.);
#7144 = DIRECTION('',(1.,0.));
#7145 = ( GEOMETRIC_REPRESENTATION_CONTEXT(2) 
PARAMETRIC_REPRESENTATION_CONTEXT() REPRESENTATION_CONTEXT('2D SPACE',''
  ) );
#7146 = ORIENTED_EDGE('',*,*,#7147,.F.);
#7147 = EDGE_CURVE('',#1448,#7125,#7148,.T.);
#7148 = SURFACE_CURVE('',#7149,(#7153,#7160),.PCURVE_S1.);
#7149 = LINE('',#7150,#7151);
#7150 = CARTESIAN_POINT('',(65.,-72.,14.));
#7151 = VECTOR('',#7152,1.);
#7152 = DIRECTION('',(0.,0.,1.));
#7153 = PCURVE('',#1491,#7154);
#7154 = DEFINITIONAL_REPRESENTATION('',(#7155),#7159);
#7155 = LINE('',#7156,#7157);
#7156 = CARTESIAN_POINT('',(0.,8.));
#7157 = VECTOR('',#7158,1.);
#7158 = DIRECTION('',(1.,0.));
#7159 = ( GEOMETRIC_REPRESENTATION_CONTEXT(2) 
PARAMETRIC_REPRESENTATION_CONTEXT() REPRESENTATION_CONTEXT('2D SPACE',''
  ) );
#7160 = PCURVE('',#1463,#7161);
#7161 = DEFINITIONAL_REPRESENTATION('',(#7162),#7166);
#7162 = LINE('',#7163,#7164);
#7163 = CARTESIAN_POINT('',(0.,-8.));
#7164 = VECTOR('',#7165,1.);
#7165 = DIRECTION('',(1.,0.));
#7166 = ( GEOMETRIC_REPRESENTATION_CONTEXT(2) 
PARAMETRIC_REPRESENTATION_CONTEXT() REPRESENTATION_CONTEXT('2D SPACE',''
  ) );
#7167 = ADVANCED_FACE('',(#7168),#1463,.T.);
#7168 = FACE_BOUND('',#7169,.T.);
#7169 = EDGE_LOOP('',(#7170,#7193,#7219,#7245,#7264,#7265));
#7170 = ORIENTED_EDGE('',*,*,#7171,.F.);
#7171 = EDGE_CURVE('',#7172,#7125,#7174,.T.);
#7172 = VERTEX_POINT('',#7173);
#7173 = CARTESIAN_POINT('',(65.,-77.5,105.));
#7174 = SURFACE_CURVE('',#7175,(#7179,#7186),.PCURVE_S1.);
#7175 = LINE('',#7176,#7177);
#7176 = CARTESIAN_POINT('',(65.,-80.,105.));
#7177 = VECTOR('',#7178,1.);
#7178 = DIRECTION('',(0.,1.,0.));
#7179 = PCURVE('',#1463,#7180);
#7180 = DEFINITIONAL_REPRESENTATION('',(#7181),#7185);
#7181 = LINE('',#7182,#7183);
#7182 = CARTESIAN_POINT('',(91.,0.));
#7183 = VECTOR('',#7184,1.);
#7184 = DIRECTION('',(0.,-1.));
#7185 = ( GEOMETRIC_REPRESENTATION_CONTEXT(2) 
PARAMETRIC_REPRESENTATION_CONTEXT() REPRESENTATION_CONTEXT('2D SPACE',''
  ) );
#7186 = PCURVE('',#2716,#7187);
#7187 = DEFINITIONAL_REPRESENTATION('',(#7188),#7192);
#7188 = LINE('',#7189,#7190);
#7189 = CARTESIAN_POINT('',(131.,2.5));
#7190 = VECTOR('',#7191,1.);
#7191 = DIRECTION('',(0.,1.));
#7192 = ( GEOMETRIC_REPRESENTATION_CONTEXT(2) 
PARAMETRIC_REPRESENTATION_CONTEXT() REPRESENTATION_CONTEXT('2D SPACE',''
  ) );
#7193 = ORIENTED_EDGE('',*,*,#7194,.T.);
#7194 = EDGE_CURVE('',#7172,#7195,#7197,.T.);
#7195 = VERTEX_POINT('',#7196);
#7196 = CARTESIAN_POINT('',(65.,-77.5,93.));
#7197 = SURFACE_CURVE('',#7198,(#7202,#7208),.PCURVE_S1.);
#7198 = LINE('',#7199,#7200);
#7199 = CARTESIAN_POINT('',(65.,-77.5,53.5));
#7200 = VECTOR('',#7201,1.);
#7201 = DIRECTION('',(0.,0.,-1.));
#7202 = PCURVE('',#1463,#7203);
#7203 = DEFINITIONAL_REPRESENTATION('',(#7204),#7207);
#7204 = B_SPLINE_CURVE_WITH_KNOTS('',1,(#7205,#7206),.UNSPECIFIED.,.F.,
  .F.,(2,2),(-51.5,-39.5),.PIECEWISE_BEZIER_KNOTS.);
#7205 = CARTESIAN_POINT('',(91.,-2.5));
#7206 = CARTESIAN_POINT('',(79.,-2.5));
#7207 = ( GEOMETRIC_REPRESENTATION_CONTEXT(2) 
PARAMETRIC_REPRESENTATION_CONTEXT() REPRESENTATION_CONTEXT('2D SPACE',''
  ) );
#7208 = PCURVE('',#7209,#7214);
#7209 = PLANE('',#7210);
#7210 = AXIS2_PLACEMENT_3D('',#7211,#7212,#7213);
#7211 = CARTESIAN_POINT('',(-66.,-77.5,93.));
#7212 = DIRECTION('',(0.,1.,0.));
#7213 = DIRECTION('',(0.,0.,1.));
#7214 = DEFINITIONAL_REPRESENTATION('',(#7215),#7218);
#7215 = B_SPLINE_CURVE_WITH_KNOTS('',1,(#7216,#7217),.UNSPECIFIED.,.F.,
  .F.,(2,2),(-51.5,-39.5),.PIECEWISE_BEZIER_KNOTS.);
#7216 = CARTESIAN_POINT('',(12.,131.));
#7217 = CARTESIAN_POINT('',(0.,131.));
#7218 = ( GEOMETRIC_REPRESENTATION_CONTEXT(2) 
PARAMETRIC_REPRESENTATION_CONTEXT() REPRESENTATION_CONTEXT('2D SPACE',''
  ) );
#7219 = ORIENTED_EDGE('',*,*,#7220,.F.);
#7220 = EDGE_CURVE('',#7221,#7195,#7223,.T.);
#7221 = VERTEX_POINT('',#7222);
#7222 = CARTESIAN_POINT('',(65.,-78.25828939964,93.));
#7223 = SURFACE_CURVE('',#7224,(#7228,#7234),.PCURVE_S1.);
#7224 = LINE('',#7225,#7226);
#7225 = CARTESIAN_POINT('',(65.,-81.25,93.));
#7226 = VECTOR('',#7227,1.);
#7227 = DIRECTION('',(0.,1.,0.));
#7228 = PCURVE('',#1463,#7229);
#7229 = DEFINITIONAL_REPRESENTATION('',(#7230),#7233);
#7230 = B_SPLINE_CURVE_WITH_KNOTS('',1,(#7231,#7232),.UNSPECIFIED.,.F.,
  .F.,(2,2),(1.95,3.75),.PIECEWISE_BEZIER_KNOTS.);
#7231 = CARTESIAN_POINT('',(79.,-0.7));
#7232 = CARTESIAN_POINT('',(79.,-2.5));
#7233 = ( GEOMETRIC_REPRESENTATION_CONTEXT(2) 
PARAMETRIC_REPRESENTATION_CONTEXT() REPRESENTATION_CONTEXT('2D SPACE',''
  ) );
#7234 = PCURVE('',#7235,#7240);
#7235 = PLANE('',#7236);
#7236 = AXIS2_PLACEMENT_3D('',#7237,#7238,#7239);
#7237 = CARTESIAN_POINT('',(-66.,-82.5,93.));
#7238 = DIRECTION('',(0.,0.,1.));
#7239 = DIRECTION('',(1.,0.,0.));
#7240 = DEFINITIONAL_REPRESENTATION('',(#7241),#7244);
#7241 = B_SPLINE_CURVE_WITH_KNOTS('',1,(#7242,#7243),.UNSPECIFIED.,.F.,
  .F.,(2,2),(1.95,3.75),.PIECEWISE_BEZIER_KNOTS.);
#7242 = CARTESIAN_POINT('',(131.,3.2));
#7243 = CARTESIAN_POINT('',(131.,5.));
#7244 = ( GEOMETRIC_REPRESENTATION_CONTEXT(2) 
PARAMETRIC_REPRESENTATION_CONTEXT() REPRESENTATION_CONTEXT('2D SPACE',''
  ) );
#7245 = ORIENTED_EDGE('',*,*,#7246,.T.);
#7246 = EDGE_CURVE('',#7221,#1420,#7247,.T.);
#7247 = SURFACE_CURVE('',#7248,(#7252,#7258),.PCURVE_S1.);
#7248 = LINE('',#7249,#7250);
#7249 = CARTESIAN_POINT('',(65.,-78.25828939964,13.));
#7250 = VECTOR('',#7251,1.);
#7251 = DIRECTION('',(-0.,-0.,-1.));
#7252 = PCURVE('',#1463,#7253);
#7253 = DEFINITIONAL_REPRESENTATION('',(#7254),#7257);
#7254 = B_SPLINE_CURVE_WITH_KNOTS('',1,(#7255,#7256),.UNSPECIFIED.,.F.,
  .F.,(2,2),(-91.6000006,-0.9999994),.PIECEWISE_BEZIER_KNOTS.);
#7255 = CARTESIAN_POINT('',(90.6000006,-1.741710600358));
#7256 = CARTESIAN_POINT('',(-5.999999999062E-07,-1.741710600358));
#7257 = ( GEOMETRIC_REPRESENTATION_CONTEXT(2) 
PARAMETRIC_REPRESENTATION_CONTEXT() REPRESENTATION_CONTEXT('2D SPACE',''
  ) );
#7258 = PCURVE('',#1322,#7259);
#7259 = DEFINITIONAL_REPRESENTATION('',(#7260),#7263);
#7260 = B_SPLINE_CURVE_WITH_KNOTS('',1,(#7261,#7262),.UNSPECIFIED.,.F.,
  .F.,(2,2),(-91.6000006,-0.9999994),.PIECEWISE_BEZIER_KNOTS.);
#7261 = CARTESIAN_POINT('',(-5.030212684313,-91.6000006));
#7262 = CARTESIAN_POINT('',(-5.030212684313,-0.9999994));
#7263 = ( GEOMETRIC_REPRESENTATION_CONTEXT(2) 
PARAMETRIC_REPRESENTATION_CONTEXT() REPRESENTATION_CONTEXT('2D SPACE',''
  ) );
#7264 = ORIENTED_EDGE('',*,*,#1447,.T.);
#7265 = ORIENTED_EDGE('',*,*,#7147,.T.);
#7266 = ADVANCED_FACE('',(#7267),#1322,.F.);
#7267 = FACE_BOUND('',#7268,.T.);
#7268 = EDGE_LOOP('',(#7269,#7292,#7293,#7314,#7347,#7366,#7367,#7388,
    #7421,#7440,#7441,#7442,#7470,#7491,#7517,#7518));
#7269 = ORIENTED_EDGE('',*,*,#7270,.F.);
#7270 = EDGE_CURVE('',#1275,#7271,#7273,.T.);
#7271 = VERTEX_POINT('',#7272);
#7272 = CARTESIAN_POINT('',(79.3,-58.5,93.));
#7273 = SURFACE_CURVE('',#7274,(#7278,#7285),.PCURVE_S1.);
#7274 = LINE('',#7275,#7276);
#7275 = CARTESIAN_POINT('',(79.3,-58.5,13.));
#7276 = VECTOR('',#7277,1.);
#7277 = DIRECTION('',(0.,0.,1.));
#7278 = PCURVE('',#1322,#7279);
#7279 = DEFINITIONAL_REPRESENTATION('',(#7280),#7284);
#7280 = LINE('',#7281,#7282);
#7281 = CARTESIAN_POINT('',(-6.28318530718,0.));
#7282 = VECTOR('',#7283,1.);
#7283 = DIRECTION('',(-0.,-1.));
#7284 = ( GEOMETRIC_REPRESENTATION_CONTEXT(2) 
PARAMETRIC_REPRESENTATION_CONTEXT() REPRESENTATION_CONTEXT('2D SPACE',''
  ) );
#7285 = PCURVE('',#1290,#7286);
#7286 = DEFINITIONAL_REPRESENTATION('',(#7287),#7291);
#7287 = LINE('',#7288,#7289);
#7288 = CARTESIAN_POINT('',(0.,0.));
#7289 = VECTOR('',#7290,1.);
#7290 = DIRECTION('',(1.,0.));
#7291 = ( GEOMETRIC_REPRESENTATION_CONTEXT(2) 
PARAMETRIC_REPRESENTATION_CONTEXT() REPRESENTATION_CONTEXT('2D SPACE',''
  ) );
#7292 = ORIENTED_EDGE('',*,*,#1301,.T.);
#7293 = ORIENTED_EDGE('',*,*,#7294,.F.);
#7294 = EDGE_CURVE('',#7295,#1302,#7297,.T.);
#7295 = VERTEX_POINT('',#7296);
#7296 = CARTESIAN_POINT('',(77.483940581449,-67.,22.));
#7297 = SURFACE_CURVE('',#7298,(#7302,#7308),.PCURVE_S1.);
#7298 = LINE('',#7299,#7300);
#7299 = CARTESIAN_POINT('',(77.483940581449,-67.,13.));
#7300 = VECTOR('',#7301,1.);
#7301 = DIRECTION('',(-0.,-0.,-1.));
#7302 = PCURVE('',#1322,#7303);
#7303 = DEFINITIONAL_REPRESENTATION('',(#7304),#7307);
#7304 = B_SPLINE_CURVE_WITH_KNOTS('',1,(#7305,#7306),.UNSPECIFIED.,.F.,
  .F.,(2,2),(-9.8,-0.9999994),.PIECEWISE_BEZIER_KNOTS.);
#7305 = CARTESIAN_POINT('',(-5.862206663739,-9.8));
#7306 = CARTESIAN_POINT('',(-5.862206663739,-0.9999994));
#7307 = ( GEOMETRIC_REPRESENTATION_CONTEXT(2) 
PARAMETRIC_REPRESENTATION_CONTEXT() REPRESENTATION_CONTEXT('2D SPACE',''
  ) );
#7308 = PCURVE('',#1350,#7309);
#7309 = DEFINITIONAL_REPRESENTATION('',(#7310),#7313);
#7310 = B_SPLINE_CURVE_WITH_KNOTS('',1,(#7311,#7312),.UNSPECIFIED.,.F.,
  .F.,(2,2),(-9.8,-0.9999994),.PIECEWISE_BEZIER_KNOTS.);
#7311 = CARTESIAN_POINT('',(8.8,8.483940581449));
#7312 = CARTESIAN_POINT('',(-5.999999999062E-07,8.483940581449));
#7313 = ( GEOMETRIC_REPRESENTATION_CONTEXT(2) 
PARAMETRIC_REPRESENTATION_CONTEXT() REPRESENTATION_CONTEXT('2D SPACE',''
  ) );
#7314 = ORIENTED_EDGE('',*,*,#7315,.T.);
#7315 = EDGE_CURVE('',#7295,#7316,#7318,.T.);
#7316 = VERTEX_POINT('',#7317);
#7317 = CARTESIAN_POINT('',(74.32371637764,-72.,22.));
#7318 = SURFACE_CURVE('',#7319,(#7324,#7331),.PCURVE_S1.);
#7319 = CIRCLE('',#7320,20.8);
#7320 = AXIS2_PLACEMENT_3D('',#7321,#7322,#7323);
#7321 = CARTESIAN_POINT('',(58.5,-58.5,22.));
#7322 = DIRECTION('',(0.,0.,-1.));
#7323 = DIRECTION('',(1.,0.,0.));
#7324 = PCURVE('',#1322,#7325);
#7325 = DEFINITIONAL_REPRESENTATION('',(#7326),#7330);
#7326 = LINE('',#7327,#7328);
#7327 = CARTESIAN_POINT('',(-6.28318530718,-9.));
#7328 = VECTOR('',#7329,1.);
#7329 = DIRECTION('',(1.,-0.));
#7330 = ( GEOMETRIC_REPRESENTATION_CONTEXT(2) 
PARAMETRIC_REPRESENTATION_CONTEXT() REPRESENTATION_CONTEXT('2D SPACE',''
  ) );
#7331 = PCURVE('',#7332,#7337);
#7332 = PLANE('',#7333);
#7333 = AXIS2_PLACEMENT_3D('',#7334,#7335,#7336);
#7334 = CARTESIAN_POINT('',(69.,-72.,22.));
#7335 = DIRECTION('',(0.,0.,1.));
#7336 = DIRECTION('',(1.,0.,0.));
#7337 = DEFINITIONAL_REPRESENTATION('',(#7338),#7346);
#7338 = ( BOUNDED_CURVE() B_SPLINE_CURVE(2,(#7339,#7340,#7341,#7342,
#7343,#7344,#7345),.UNSPECIFIED.,.T.,.F.) B_SPLINE_CURVE_WITH_KNOTS((1,2
    ,2,2,2,1),(-2.094395102393,0.,2.094395102393,4.188790204786,
6.28318530718,8.377580409573),.UNSPECIFIED.) CURVE() 
GEOMETRIC_REPRESENTATION_ITEM() RATIONAL_B_SPLINE_CURVE((1.,0.5,1.,0.5,
1.,0.5,1.)) REPRESENTATION_ITEM('') );
#7339 = CARTESIAN_POINT('',(10.3,13.5));
#7340 = CARTESIAN_POINT('',(10.3,-22.52665679743));
#7341 = CARTESIAN_POINT('',(-20.9,-4.513328398716));
#7342 = CARTESIAN_POINT('',(-52.1,13.5));
#7343 = CARTESIAN_POINT('',(-20.9,31.513328398716));
#7344 = CARTESIAN_POINT('',(10.3,49.526656797433));
#7345 = CARTESIAN_POINT('',(10.3,13.5));
#7346 = ( GEOMETRIC_REPRESENTATION_CONTEXT(2) 
PARAMETRIC_REPRESENTATION_CONTEXT() REPRESENTATION_CONTEXT('2D SPACE',''
  ) );
#7347 = ORIENTED_EDGE('',*,*,#7348,.T.);
#7348 = EDGE_CURVE('',#7316,#2248,#7349,.T.);
#7349 = SURFACE_CURVE('',#7350,(#7354,#7360),.PCURVE_S1.);
#7350 = LINE('',#7351,#7352);
#7351 = CARTESIAN_POINT('',(74.32371637764,-72.,13.));
#7352 = VECTOR('',#7353,1.);
#7353 = DIRECTION('',(-0.,-0.,-1.));
#7354 = PCURVE('',#1322,#7355);
#7355 = DEFINITIONAL_REPRESENTATION('',(#7356),#7359);
#7356 = B_SPLINE_CURVE_WITH_KNOTS('',1,(#7357,#7358),.UNSPECIFIED.,.F.,
  .F.,(2,2),(-9.8,-0.9999994),.PIECEWISE_BEZIER_KNOTS.);
#7357 = CARTESIAN_POINT('',(-5.57686547857,-9.8));
#7358 = CARTESIAN_POINT('',(-5.57686547857,-0.9999994));
#7359 = ( GEOMETRIC_REPRESENTATION_CONTEXT(2) 
PARAMETRIC_REPRESENTATION_CONTEXT() REPRESENTATION_CONTEXT('2D SPACE',''
  ) );
#7360 = PCURVE('',#2343,#7361);
#7361 = DEFINITIONAL_REPRESENTATION('',(#7362),#7365);
#7362 = B_SPLINE_CURVE_WITH_KNOTS('',1,(#7363,#7364),.UNSPECIFIED.,.F.,
  .F.,(2,2),(-9.8,-0.9999994),.PIECEWISE_BEZIER_KNOTS.);
#7363 = CARTESIAN_POINT('',(8.8,5.32371637764));
#7364 = CARTESIAN_POINT('',(-5.999999999062E-07,5.32371637764));
#7365 = ( GEOMETRIC_REPRESENTATION_CONTEXT(2) 
PARAMETRIC_REPRESENTATION_CONTEXT() REPRESENTATION_CONTEXT('2D SPACE',''
  ) );
#7366 = ORIENTED_EDGE('',*,*,#2247,.T.);
#7367 = ORIENTED_EDGE('',*,*,#7368,.F.);
#7368 = EDGE_CURVE('',#7369,#2250,#7371,.T.);
#7369 = VERTEX_POINT('',#7370);
#7370 = CARTESIAN_POINT('',(72.,-74.32371637764,22.));
#7371 = SURFACE_CURVE('',#7372,(#7376,#7382),.PCURVE_S1.);
#7372 = LINE('',#7373,#7374);
#7373 = CARTESIAN_POINT('',(72.,-74.32371637764,13.));
#7374 = VECTOR('',#7375,1.);
#7375 = DIRECTION('',(-0.,-0.,-1.));
#7376 = PCURVE('',#1322,#7377);
#7377 = DEFINITIONAL_REPRESENTATION('',(#7378),#7381);
#7378 = B_SPLINE_CURVE_WITH_KNOTS('',1,(#7379,#7380),.UNSPECIFIED.,.F.,
  .F.,(2,2),(-9.8,-0.9999994),.PIECEWISE_BEZIER_KNOTS.);
#7379 = CARTESIAN_POINT('',(-5.418708808994,-9.8));
#7380 = CARTESIAN_POINT('',(-5.418708808994,-0.9999994));
#7381 = ( GEOMETRIC_REPRESENTATION_CONTEXT(2) 
PARAMETRIC_REPRESENTATION_CONTEXT() REPRESENTATION_CONTEXT('2D SPACE',''
  ) );
#7382 = PCURVE('',#2293,#7383);
#7383 = DEFINITIONAL_REPRESENTATION('',(#7384),#7387);
#7384 = B_SPLINE_CURVE_WITH_KNOTS('',1,(#7385,#7386),.UNSPECIFIED.,.F.,
  .F.,(2,2),(-9.8,-0.9999994),.PIECEWISE_BEZIER_KNOTS.);
#7385 = CARTESIAN_POINT('',(8.8,-5.67628362236));
#7386 = CARTESIAN_POINT('',(-5.999999999062E-07,-5.67628362236));
#7387 = ( GEOMETRIC_REPRESENTATION_CONTEXT(2) 
PARAMETRIC_REPRESENTATION_CONTEXT() REPRESENTATION_CONTEXT('2D SPACE',''
  ) );
#7388 = ORIENTED_EDGE('',*,*,#7389,.T.);
#7389 = EDGE_CURVE('',#7369,#7390,#7392,.T.);
#7390 = VERTEX_POINT('',#7391);
#7391 = CARTESIAN_POINT('',(67.,-77.48394058144,22.));
#7392 = SURFACE_CURVE('',#7393,(#7398,#7405),.PCURVE_S1.);
#7393 = CIRCLE('',#7394,20.8);
#7394 = AXIS2_PLACEMENT_3D('',#7395,#7396,#7397);
#7395 = CARTESIAN_POINT('',(58.5,-58.5,22.));
#7396 = DIRECTION('',(0.,0.,-1.));
#7397 = DIRECTION('',(1.,0.,0.));
#7398 = PCURVE('',#1322,#7399);
#7399 = DEFINITIONAL_REPRESENTATION('',(#7400),#7404);
#7400 = LINE('',#7401,#7402);
#7401 = CARTESIAN_POINT('',(-6.28318530718,-9.));
#7402 = VECTOR('',#7403,1.);
#7403 = DIRECTION('',(1.,-0.));
#7404 = ( GEOMETRIC_REPRESENTATION_CONTEXT(2) 
PARAMETRIC_REPRESENTATION_CONTEXT() REPRESENTATION_CONTEXT('2D SPACE',''
  ) );
#7405 = PCURVE('',#7406,#7411);
#7406 = PLANE('',#7407);
#7407 = AXIS2_PLACEMENT_3D('',#7408,#7409,#7410);
#7408 = CARTESIAN_POINT('',(67.,-80.,22.));
#7409 = DIRECTION('',(0.,0.,1.));
#7410 = DIRECTION('',(1.,0.,0.));
#7411 = DEFINITIONAL_REPRESENTATION('',(#7412),#7420);
#7412 = ( BOUNDED_CURVE() B_SPLINE_CURVE(2,(#7413,#7414,#7415,#7416,
#7417,#7418,#7419),.UNSPECIFIED.,.T.,.F.) B_SPLINE_CURVE_WITH_KNOTS((1,2
    ,2,2,2,1),(-2.094395102393,0.,2.094395102393,4.188790204786,
6.28318530718,8.377580409573),.UNSPECIFIED.) CURVE() 
GEOMETRIC_REPRESENTATION_ITEM() RATIONAL_B_SPLINE_CURVE((1.,0.5,1.,0.5,
1.,0.5,1.)) REPRESENTATION_ITEM('') );
#7413 = CARTESIAN_POINT('',(12.3,21.5));
#7414 = CARTESIAN_POINT('',(12.3,-14.52665679743));
#7415 = CARTESIAN_POINT('',(-18.9,3.486671601284));
#7416 = CARTESIAN_POINT('',(-50.1,21.5));
#7417 = CARTESIAN_POINT('',(-18.9,39.513328398716));
#7418 = CARTESIAN_POINT('',(12.3,57.526656797433));
#7419 = CARTESIAN_POINT('',(12.3,21.5));
#7420 = ( GEOMETRIC_REPRESENTATION_CONTEXT(2) 
PARAMETRIC_REPRESENTATION_CONTEXT() REPRESENTATION_CONTEXT('2D SPACE',''
  ) );
#7421 = ORIENTED_EDGE('',*,*,#7422,.T.);
#7422 = EDGE_CURVE('',#7390,#1392,#7423,.T.);
#7423 = SURFACE_CURVE('',#7424,(#7428,#7434),.PCURVE_S1.);
#7424 = LINE('',#7425,#7426);
#7425 = CARTESIAN_POINT('',(67.,-77.48394058144,13.));
#7426 = VECTOR('',#7427,1.);
#7427 = DIRECTION('',(-0.,-0.,-1.));
#7428 = PCURVE('',#1322,#7429);
#7429 = DEFINITIONAL_REPRESENTATION('',(#7430),#7433);
#7430 = B_SPLINE_CURVE_WITH_KNOTS('',1,(#7431,#7432),.UNSPECIFIED.,.F.,
  .F.,(2,2),(-9.8,-0.9999994),.PIECEWISE_BEZIER_KNOTS.);
#7431 = CARTESIAN_POINT('',(-5.133367623825,-9.8));
#7432 = CARTESIAN_POINT('',(-5.133367623825,-0.9999994));
#7433 = ( GEOMETRIC_REPRESENTATION_CONTEXT(2) 
PARAMETRIC_REPRESENTATION_CONTEXT() REPRESENTATION_CONTEXT('2D SPACE',''
  ) );
#7434 = PCURVE('',#1407,#7435);
#7435 = DEFINITIONAL_REPRESENTATION('',(#7436),#7439);
#7436 = B_SPLINE_CURVE_WITH_KNOTS('',1,(#7437,#7438),.UNSPECIFIED.,.F.,
  .F.,(2,2),(-9.8,-0.9999994),.PIECEWISE_BEZIER_KNOTS.);
#7437 = CARTESIAN_POINT('',(8.8,-2.516059418551));
#7438 = CARTESIAN_POINT('',(-5.999999999062E-07,-2.516059418551));
#7439 = ( GEOMETRIC_REPRESENTATION_CONTEXT(2) 
PARAMETRIC_REPRESENTATION_CONTEXT() REPRESENTATION_CONTEXT('2D SPACE',''
  ) );
#7440 = ORIENTED_EDGE('',*,*,#1419,.T.);
#7441 = ORIENTED_EDGE('',*,*,#7246,.F.);
#7442 = ORIENTED_EDGE('',*,*,#7443,.F.);
#7443 = EDGE_CURVE('',#7444,#7221,#7446,.T.);
#7444 = VERTEX_POINT('',#7445);
#7445 = CARTESIAN_POINT('',(66.,-77.90077318046,93.));
#7446 = SURFACE_CURVE('',#7447,(#7452,#7459),.PCURVE_S1.);
#7447 = CIRCLE('',#7448,20.8);
#7448 = AXIS2_PLACEMENT_3D('',#7449,#7450,#7451);
#7449 = CARTESIAN_POINT('',(58.5,-58.5,93.));
#7450 = DIRECTION('',(0.,0.,-1.));
#7451 = DIRECTION('',(1.,0.,0.));
#7452 = PCURVE('',#1322,#7453);
#7453 = DEFINITIONAL_REPRESENTATION('',(#7454),#7458);
#7454 = LINE('',#7455,#7456);
#7455 = CARTESIAN_POINT('',(-6.28318530718,-80.));
#7456 = VECTOR('',#7457,1.);
#7457 = DIRECTION('',(1.,-0.));
#7458 = ( GEOMETRIC_REPRESENTATION_CONTEXT(2) 
PARAMETRIC_REPRESENTATION_CONTEXT() REPRESENTATION_CONTEXT('2D SPACE',''
  ) );
#7459 = PCURVE('',#7235,#7460);
#7460 = DEFINITIONAL_REPRESENTATION('',(#7461),#7469);
#7461 = ( BOUNDED_CURVE() B_SPLINE_CURVE(2,(#7462,#7463,#7464,#7465,
#7466,#7467,#7468),.UNSPECIFIED.,.T.,.F.) B_SPLINE_CURVE_WITH_KNOTS((1,2
    ,2,2,2,1),(-2.094395102393,0.,2.094395102393,4.188790204786,
6.28318530718,8.377580409573),.UNSPECIFIED.) CURVE() 
GEOMETRIC_REPRESENTATION_ITEM() RATIONAL_B_SPLINE_CURVE((1.,0.5,1.,0.5,
1.,0.5,1.)) REPRESENTATION_ITEM('') );
#7462 = CARTESIAN_POINT('',(145.3,24.));
#7463 = CARTESIAN_POINT('',(145.3,-12.02665679743));
#7464 = CARTESIAN_POINT('',(114.1,5.986671601284));
#7465 = CARTESIAN_POINT('',(82.9,24.));
#7466 = CARTESIAN_POINT('',(114.1,42.013328398716));
#7467 = CARTESIAN_POINT('',(145.3,60.026656797433));
#7468 = CARTESIAN_POINT('',(145.3,24.));
#7469 = ( GEOMETRIC_REPRESENTATION_CONTEXT(2) 
PARAMETRIC_REPRESENTATION_CONTEXT() REPRESENTATION_CONTEXT('2D SPACE',''
  ) );
#7470 = ORIENTED_EDGE('',*,*,#7471,.F.);
#7471 = EDGE_CURVE('',#7472,#7444,#7474,.T.);
#7472 = VERTEX_POINT('',#7473);
#7473 = CARTESIAN_POINT('',(66.,-77.90077318046,104.6));
#7474 = SURFACE_CURVE('',#7475,(#7479,#7485),.PCURVE_S1.);
#7475 = LINE('',#7476,#7477);
#7476 = CARTESIAN_POINT('',(66.,-77.90077318046,13.));
#7477 = VECTOR('',#7478,1.);
#7478 = DIRECTION('',(-0.,-0.,-1.));
#7479 = PCURVE('',#1322,#7480);
#7480 = DEFINITIONAL_REPRESENTATION('',(#7481),#7484);
#7481 = B_SPLINE_CURVE_WITH_KNOTS('',1,(#7482,#7483),.UNSPECIFIED.,.F.,
  .F.,(2,2),(-91.6000006,-78.8),.PIECEWISE_BEZIER_KNOTS.);
#7482 = CARTESIAN_POINT('',(-5.081275331978,-91.6000006));
#7483 = CARTESIAN_POINT('',(-5.081275331978,-78.8));
#7484 = ( GEOMETRIC_REPRESENTATION_CONTEXT(2) 
PARAMETRIC_REPRESENTATION_CONTEXT() REPRESENTATION_CONTEXT('2D SPACE',''
  ) );
#7485 = PCURVE('',#2747,#7486);
#7486 = DEFINITIONAL_REPRESENTATION('',(#7487),#7490);
#7487 = B_SPLINE_CURVE_WITH_KNOTS('',1,(#7488,#7489),.UNSPECIFIED.,.F.,
  .F.,(2,2),(-91.6000006,-78.8),.PIECEWISE_BEZIER_KNOTS.);
#7488 = CARTESIAN_POINT('',(11.6000006,-4.599226819531));
#7489 = CARTESIAN_POINT('',(-1.2,-4.599226819531));
#7490 = ( GEOMETRIC_REPRESENTATION_CONTEXT(2) 
PARAMETRIC_REPRESENTATION_CONTEXT() REPRESENTATION_CONTEXT('2D SPACE',''
  ) );
#7491 = ORIENTED_EDGE('',*,*,#7492,.F.);
#7492 = EDGE_CURVE('',#3562,#7472,#7493,.T.);
#7493 = SURFACE_CURVE('',#7494,(#7499,#7506),.PCURVE_S1.);
#7494 = CIRCLE('',#7495,20.8);
#7495 = AXIS2_PLACEMENT_3D('',#7496,#7497,#7498);
#7496 = CARTESIAN_POINT('',(58.5,-58.5,104.6));
#7497 = DIRECTION('',(0.,0.,-1.));
#7498 = DIRECTION('',(1.,0.,0.));
#7499 = PCURVE('',#1322,#7500);
#7500 = DEFINITIONAL_REPRESENTATION('',(#7501),#7505);
#7501 = LINE('',#7502,#7503);
#7502 = CARTESIAN_POINT('',(-6.28318530718,-91.6));
#7503 = VECTOR('',#7504,1.);
#7504 = DIRECTION('',(1.,-0.));
#7505 = ( GEOMETRIC_REPRESENTATION_CONTEXT(2) 
PARAMETRIC_REPRESENTATION_CONTEXT() REPRESENTATION_CONTEXT('2D SPACE',''
  ) );
#7506 = PCURVE('',#2775,#7507);
#7507 = DEFINITIONAL_REPRESENTATION('',(#7508),#7516);
#7508 = ( BOUNDED_CURVE() B_SPLINE_CURVE(2,(#7509,#7510,#7511,#7512,
#7513,#7514,#7515),.UNSPECIFIED.,.T.,.F.) B_SPLINE_CURVE_WITH_KNOTS((1,2
    ,2,2,2,1),(-2.094395102393,0.,2.094395102393,4.188790204786,
6.28318530718,8.377580409573),.UNSPECIFIED.) CURVE() 
GEOMETRIC_REPRESENTATION_ITEM() RATIONAL_B_SPLINE_CURVE((1.,0.5,1.,0.5,
1.,0.5,1.)) REPRESENTATION_ITEM('') );
#7509 = CARTESIAN_POINT('',(137.8,24.));
#7510 = CARTESIAN_POINT('',(137.8,-12.02665679743));
#7511 = CARTESIAN_POINT('',(106.6,5.986671601284));
#7512 = CARTESIAN_POINT('',(75.4,24.));
#7513 = CARTESIAN_POINT('',(106.6,42.013328398716));
#7514 = CARTESIAN_POINT('',(137.8,60.026656797433));
#7515 = CARTESIAN_POINT('',(137.8,24.));
#7516 = ( GEOMETRIC_REPRESENTATION_CONTEXT(2) 
PARAMETRIC_REPRESENTATION_CONTEXT() REPRESENTATION_CONTEXT('2D SPACE',''
  ) );
#7517 = ORIENTED_EDGE('',*,*,#3582,.T.);
#7518 = ORIENTED_EDGE('',*,*,#7519,.F.);
#7519 = EDGE_CURVE('',#7271,#3536,#7520,.T.);
#7520 = SURFACE_CURVE('',#7521,(#7526,#7533),.PCURVE_S1.);
#7521 = CIRCLE('',#7522,20.8);
#7522 = AXIS2_PLACEMENT_3D('',#7523,#7524,#7525);
#7523 = CARTESIAN_POINT('',(58.5,-58.5,93.));
#7524 = DIRECTION('',(0.,0.,-1.));
#7525 = DIRECTION('',(1.,0.,0.));
#7526 = PCURVE('',#1322,#7527);
#7527 = DEFINITIONAL_REPRESENTATION('',(#7528),#7532);
#7528 = LINE('',#7529,#7530);
#7529 = CARTESIAN_POINT('',(-6.28318530718,-80.));
#7530 = VECTOR('',#7531,1.);
#7531 = DIRECTION('',(1.,-0.));
#7532 = ( GEOMETRIC_REPRESENTATION_CONTEXT(2) 
PARAMETRIC_REPRESENTATION_CONTEXT() REPRESENTATION_CONTEXT('2D SPACE',''
  ) );
#7533 = PCURVE('',#2851,#7534);
#7534 = DEFINITIONAL_REPRESENTATION('',(#7535),#7543);
#7535 = ( BOUNDED_CURVE() B_SPLINE_CURVE(2,(#7536,#7537,#7538,#7539,
#7540,#7541,#7542),.UNSPECIFIED.,.T.,.F.) B_SPLINE_CURVE_WITH_KNOTS((1,2
    ,2,2,2,1),(-2.094395102393,0.,2.094395102393,4.188790204786,
6.28318530718,8.377580409573),.UNSPECIFIED.) CURVE() 
GEOMETRIC_REPRESENTATION_ITEM() RATIONAL_B_SPLINE_CURVE((1.,0.5,1.,0.5,
1.,0.5,1.)) REPRESENTATION_ITEM('') );
#7536 = CARTESIAN_POINT('',(1.8,7.5));
#7537 = CARTESIAN_POINT('',(1.8,-28.52665679743));
#7538 = CARTESIAN_POINT('',(-29.4,-10.51332839871));
#7539 = CARTESIAN_POINT('',(-60.6,7.5));
#7540 = CARTESIAN_POINT('',(-29.4,25.513328398716));
#7541 = CARTESIAN_POINT('',(1.8,43.526656797433));
#7542 = CARTESIAN_POINT('',(1.8,7.5));
#7543 = ( GEOMETRIC_REPRESENTATION_CONTEXT(2) 
PARAMETRIC_REPRESENTATION_CONTEXT() REPRESENTATION_CONTEXT('2D SPACE',''
  ) );
#7544 = ADVANCED_FACE('',(#7545),#1407,.F.);
#7545 = FACE_BOUND('',#7546,.F.);
#7546 = EDGE_LOOP('',(#7547,#7570,#7571,#7572));
#7547 = ORIENTED_EDGE('',*,*,#7548,.F.);
#7548 = EDGE_CURVE('',#7390,#7549,#7551,.T.);
#7549 = VERTEX_POINT('',#7550);
#7550 = CARTESIAN_POINT('',(67.,-73.24165738677,22.));
#7551 = SURFACE_CURVE('',#7552,(#7556,#7563),.PCURVE_S1.);
#7552 = LINE('',#7553,#7554);
#7553 = CARTESIAN_POINT('',(67.,-80.,22.));
#7554 = VECTOR('',#7555,1.);
#7555 = DIRECTION('',(0.,1.,0.));
#7556 = PCURVE('',#1407,#7557);
#7557 = DEFINITIONAL_REPRESENTATION('',(#7558),#7562);
#7558 = LINE('',#7559,#7560);
#7559 = CARTESIAN_POINT('',(8.,0.));
#7560 = VECTOR('',#7561,1.);
#7561 = DIRECTION('',(0.,-1.));
#7562 = ( GEOMETRIC_REPRESENTATION_CONTEXT(2) 
PARAMETRIC_REPRESENTATION_CONTEXT() REPRESENTATION_CONTEXT('2D SPACE',''
  ) );
#7563 = PCURVE('',#7406,#7564);
#7564 = DEFINITIONAL_REPRESENTATION('',(#7565),#7569);
#7565 = LINE('',#7566,#7567);
#7566 = CARTESIAN_POINT('',(0.,0.));
#7567 = VECTOR('',#7568,1.);
#7568 = DIRECTION('',(0.,1.));
#7569 = ( GEOMETRIC_REPRESENTATION_CONTEXT(2) 
PARAMETRIC_REPRESENTATION_CONTEXT() REPRESENTATION_CONTEXT('2D SPACE',''
  ) );
#7570 = ORIENTED_EDGE('',*,*,#7422,.T.);
#7571 = ORIENTED_EDGE('',*,*,#1391,.T.);
#7572 = ORIENTED_EDGE('',*,*,#7573,.F.);
#7573 = EDGE_CURVE('',#7549,#1363,#7574,.T.);
#7574 = SURFACE_CURVE('',#7575,(#7579,#7585),.PCURVE_S1.);
#7575 = LINE('',#7576,#7577);
#7576 = CARTESIAN_POINT('',(67.,-73.24165738677,14.));
#7577 = VECTOR('',#7578,1.);
#7578 = DIRECTION('',(-0.,-0.,-1.));
#7579 = PCURVE('',#1407,#7580);
#7580 = DEFINITIONAL_REPRESENTATION('',(#7581),#7584);
#7581 = B_SPLINE_CURVE_WITH_KNOTS('',1,(#7582,#7583),.UNSPECIFIED.,.F.,
  .F.,(2,2),(-8.8,5.999999999062E-07),.PIECEWISE_BEZIER_KNOTS.);
#7582 = CARTESIAN_POINT('',(8.8,-6.758342613226));
#7583 = CARTESIAN_POINT('',(-5.999999999062E-07,-6.758342613226));
#7584 = ( GEOMETRIC_REPRESENTATION_CONTEXT(2) 
PARAMETRIC_REPRESENTATION_CONTEXT() REPRESENTATION_CONTEXT('2D SPACE',''
  ) );
#7585 = PCURVE('',#1379,#7586);
#7586 = DEFINITIONAL_REPRESENTATION('',(#7587),#7590);
#7587 = B_SPLINE_CURVE_WITH_KNOTS('',1,(#7588,#7589),.UNSPECIFIED.,.F.,
  .F.,(2,2),(-8.8,5.999999999062E-07),.PIECEWISE_BEZIER_KNOTS.);
#7588 = CARTESIAN_POINT('',(-4.123358010168,-8.8));
#7589 = CARTESIAN_POINT('',(-4.123358010168,5.999999999062E-07));
#7590 = ( GEOMETRIC_REPRESENTATION_CONTEXT(2) 
PARAMETRIC_REPRESENTATION_CONTEXT() REPRESENTATION_CONTEXT('2D SPACE',''
  ) );
#7591 = ADVANCED_FACE('',(#7592),#1379,.T.);
#7592 = FACE_BOUND('',#7593,.F.);
#7593 = EDGE_LOOP('',(#7594,#7615,#7643,#7666,#7693,#7694,#7722,#7741,
    #7742,#7763,#7789,#7790));
#7594 = ORIENTED_EDGE('',*,*,#7595,.F.);
#7595 = EDGE_CURVE('',#7596,#1335,#7598,.T.);
#7596 = VERTEX_POINT('',#7597);
#7597 = CARTESIAN_POINT('',(73.241657386774,-67.,22.));
#7598 = SURFACE_CURVE('',#7599,(#7603,#7609),.PCURVE_S1.);
#7599 = LINE('',#7600,#7601);
#7600 = CARTESIAN_POINT('',(73.241657386774,-67.,14.));
#7601 = VECTOR('',#7602,1.);
#7602 = DIRECTION('',(-0.,-0.,-1.));
#7603 = PCURVE('',#1379,#7604);
#7604 = DEFINITIONAL_REPRESENTATION('',(#7605),#7608);
#7605 = B_SPLINE_CURVE_WITH_KNOTS('',1,(#7606,#7607),.UNSPECIFIED.,.F.,
  .F.,(2,2),(-8.8,5.999999999062E-07),.PIECEWISE_BEZIER_KNOTS.);
#7606 = CARTESIAN_POINT('',(-0.589030970216,-8.8));
#7607 = CARTESIAN_POINT('',(-0.589030970216,5.999999999062E-07));
#7608 = ( GEOMETRIC_REPRESENTATION_CONTEXT(2) 
PARAMETRIC_REPRESENTATION_CONTEXT() REPRESENTATION_CONTEXT('2D SPACE',''
  ) );
#7609 = PCURVE('',#1350,#7610);
#7610 = DEFINITIONAL_REPRESENTATION('',(#7611),#7614);
#7611 = B_SPLINE_CURVE_WITH_KNOTS('',1,(#7612,#7613),.UNSPECIFIED.,.F.,
  .F.,(2,2),(-8.8,5.999999999062E-07),.PIECEWISE_BEZIER_KNOTS.);
#7612 = CARTESIAN_POINT('',(8.8,4.241657386774));
#7613 = CARTESIAN_POINT('',(-5.999999999062E-07,4.241657386774));
#7614 = ( GEOMETRIC_REPRESENTATION_CONTEXT(2) 
PARAMETRIC_REPRESENTATION_CONTEXT() REPRESENTATION_CONTEXT('2D SPACE',''
  ) );
#7615 = ORIENTED_EDGE('',*,*,#7616,.T.);
#7616 = EDGE_CURVE('',#7596,#7617,#7619,.T.);
#7617 = VERTEX_POINT('',#7618);
#7618 = CARTESIAN_POINT('',(74.,-69.5,22.));
#7619 = SURFACE_CURVE('',#7620,(#7625,#7632),.PCURVE_S1.);
#7620 = CIRCLE('',#7621,4.5);
#7621 = AXIS2_PLACEMENT_3D('',#7622,#7623,#7624);
#7622 = CARTESIAN_POINT('',(69.5,-69.5,22.));
#7623 = DIRECTION('',(0.,0.,-1.));
#7624 = DIRECTION('',(1.,0.,0.));
#7625 = PCURVE('',#1379,#7626);
#7626 = DEFINITIONAL_REPRESENTATION('',(#7627),#7631);
#7627 = LINE('',#7628,#7629);
#7628 = CARTESIAN_POINT('',(-6.28318530718,-8.));
#7629 = VECTOR('',#7630,1.);
#7630 = DIRECTION('',(1.,-0.));
#7631 = ( GEOMETRIC_REPRESENTATION_CONTEXT(2) 
PARAMETRIC_REPRESENTATION_CONTEXT() REPRESENTATION_CONTEXT('2D SPACE',''
  ) );
#7632 = PCURVE('',#7332,#7633);
#7633 = DEFINITIONAL_REPRESENTATION('',(#7634),#7642);
#7634 = ( BOUNDED_CURVE() B_SPLINE_CURVE(2,(#7635,#7636,#7637,#7638,
#7639,#7640,#7641),.UNSPECIFIED.,.T.,.F.) B_SPLINE_CURVE_WITH_KNOTS((1,2
    ,2,2,2,1),(-2.094395102393,0.,2.094395102393,4.188790204786,
6.28318530718,8.377580409573),.UNSPECIFIED.) CURVE() 
GEOMETRIC_REPRESENTATION_ITEM() RATIONAL_B_SPLINE_CURVE((1.,0.5,1.,0.5,
1.,0.5,1.)) REPRESENTATION_ITEM('') );
#7635 = CARTESIAN_POINT('',(5.,2.5));
#7636 = CARTESIAN_POINT('',(5.,-5.29422863406));
#7637 = CARTESIAN_POINT('',(-1.75,-1.39711431703));
#7638 = CARTESIAN_POINT('',(-8.5,2.5));
#7639 = CARTESIAN_POINT('',(-1.75,6.39711431703));
#7640 = CARTESIAN_POINT('',(5.,10.29422863406));
#7641 = CARTESIAN_POINT('',(5.,2.5));
#7642 = ( GEOMETRIC_REPRESENTATION_CONTEXT(2) 
PARAMETRIC_REPRESENTATION_CONTEXT() REPRESENTATION_CONTEXT('2D SPACE',''
  ) );
#7643 = ORIENTED_EDGE('',*,*,#7644,.T.);
#7644 = EDGE_CURVE('',#7617,#7645,#7647,.T.);
#7645 = VERTEX_POINT('',#7646);
#7646 = CARTESIAN_POINT('',(74.,-69.5,26.));
#7647 = SEAM_CURVE('',#7648,(#7652,#7659),.PCURVE_S1.);
#7648 = LINE('',#7649,#7650);
#7649 = CARTESIAN_POINT('',(74.,-69.5,14.));
#7650 = VECTOR('',#7651,1.);
#7651 = DIRECTION('',(0.,0.,1.));
#7652 = PCURVE('',#1379,#7653);
#7653 = DEFINITIONAL_REPRESENTATION('',(#7654),#7658);
#7654 = LINE('',#7655,#7656);
#7655 = CARTESIAN_POINT('',(-6.28318530718,0.));
#7656 = VECTOR('',#7657,1.);
#7657 = DIRECTION('',(-0.,-1.));
#7658 = ( GEOMETRIC_REPRESENTATION_CONTEXT(2) 
PARAMETRIC_REPRESENTATION_CONTEXT() REPRESENTATION_CONTEXT('2D SPACE',''
  ) );
#7659 = PCURVE('',#1379,#7660);
#7660 = DEFINITIONAL_REPRESENTATION('',(#7661),#7665);
#7661 = LINE('',#7662,#7663);
#7662 = CARTESIAN_POINT('',(-0.,0.));
#7663 = VECTOR('',#7664,1.);
#7664 = DIRECTION('',(-0.,-1.));
#7665 = ( GEOMETRIC_REPRESENTATION_CONTEXT(2) 
PARAMETRIC_REPRESENTATION_CONTEXT() REPRESENTATION_CONTEXT('2D SPACE',''
  ) );
#7666 = ORIENTED_EDGE('',*,*,#7667,.T.);
#7667 = EDGE_CURVE('',#7645,#7645,#7668,.T.);
#7668 = SURFACE_CURVE('',#7669,(#7674,#7681),.PCURVE_S1.);
#7669 = CIRCLE('',#7670,4.5);
#7670 = AXIS2_PLACEMENT_3D('',#7671,#7672,#7673);
#7671 = CARTESIAN_POINT('',(69.5,-69.5,26.));
#7672 = DIRECTION('',(0.,0.,1.));
#7673 = DIRECTION('',(1.,0.,0.));
#7674 = PCURVE('',#1379,#7675);
#7675 = DEFINITIONAL_REPRESENTATION('',(#7676),#7680);
#7676 = LINE('',#7677,#7678);
#7677 = CARTESIAN_POINT('',(-0.,-12.));
#7678 = VECTOR('',#7679,1.);
#7679 = DIRECTION('',(-1.,0.));
#7680 = ( GEOMETRIC_REPRESENTATION_CONTEXT(2) 
PARAMETRIC_REPRESENTATION_CONTEXT() REPRESENTATION_CONTEXT('2D SPACE',''
  ) );
#7681 = PCURVE('',#7682,#7687);
#7682 = PLANE('',#7683);
#7683 = AXIS2_PLACEMENT_3D('',#7684,#7685,#7686);
#7684 = CARTESIAN_POINT('',(69.5,-69.5,26.));
#7685 = DIRECTION('',(0.,0.,1.));
#7686 = DIRECTION('',(1.,0.,-0.));
#7687 = DEFINITIONAL_REPRESENTATION('',(#7688),#7692);
#7688 = CIRCLE('',#7689,4.5);
#7689 = AXIS2_PLACEMENT_2D('',#7690,#7691);
#7690 = CARTESIAN_POINT('',(0.,0.));
#7691 = DIRECTION('',(1.,0.));
#7692 = ( GEOMETRIC_REPRESENTATION_CONTEXT(2) 
PARAMETRIC_REPRESENTATION_CONTEXT() REPRESENTATION_CONTEXT('2D SPACE',''
  ) );
#7693 = ORIENTED_EDGE('',*,*,#7644,.F.);
#7694 = ORIENTED_EDGE('',*,*,#7695,.T.);
#7695 = EDGE_CURVE('',#7617,#7696,#7698,.T.);
#7696 = VERTEX_POINT('',#7697);
#7697 = CARTESIAN_POINT('',(73.241657386774,-72.,22.));
#7698 = SURFACE_CURVE('',#7699,(#7704,#7711),.PCURVE_S1.);
#7699 = CIRCLE('',#7700,4.5);
#7700 = AXIS2_PLACEMENT_3D('',#7701,#7702,#7703);
#7701 = CARTESIAN_POINT('',(69.5,-69.5,22.));
#7702 = DIRECTION('',(0.,0.,-1.));
#7703 = DIRECTION('',(1.,0.,0.));
#7704 = PCURVE('',#1379,#7705);
#7705 = DEFINITIONAL_REPRESENTATION('',(#7706),#7710);
#7706 = LINE('',#7707,#7708);
#7707 = CARTESIAN_POINT('',(-6.28318530718,-8.));
#7708 = VECTOR('',#7709,1.);
#7709 = DIRECTION('',(1.,-0.));
#7710 = ( GEOMETRIC_REPRESENTATION_CONTEXT(2) 
PARAMETRIC_REPRESENTATION_CONTEXT() REPRESENTATION_CONTEXT('2D SPACE',''
  ) );
#7711 = PCURVE('',#7332,#7712);
#7712 = DEFINITIONAL_REPRESENTATION('',(#7713),#7721);
#7713 = ( BOUNDED_CURVE() B_SPLINE_CURVE(2,(#7714,#7715,#7716,#7717,
#7718,#7719,#7720),.UNSPECIFIED.,.T.,.F.) B_SPLINE_CURVE_WITH_KNOTS((1,2
    ,2,2,2,1),(-2.094395102393,0.,2.094395102393,4.188790204786,
6.28318530718,8.377580409573),.UNSPECIFIED.) CURVE() 
GEOMETRIC_REPRESENTATION_ITEM() RATIONAL_B_SPLINE_CURVE((1.,0.5,1.,0.5,
1.,0.5,1.)) REPRESENTATION_ITEM('') );
#7714 = CARTESIAN_POINT('',(5.,2.5));
#7715 = CARTESIAN_POINT('',(5.,-5.29422863406));
#7716 = CARTESIAN_POINT('',(-1.75,-1.39711431703));
#7717 = CARTESIAN_POINT('',(-8.5,2.5));
#7718 = CARTESIAN_POINT('',(-1.75,6.39711431703));
#7719 = CARTESIAN_POINT('',(5.,10.29422863406));
#7720 = CARTESIAN_POINT('',(5.,2.5));
#7721 = ( GEOMETRIC_REPRESENTATION_CONTEXT(2) 
PARAMETRIC_REPRESENTATION_CONTEXT() REPRESENTATION_CONTEXT('2D SPACE',''
  ) );
#7722 = ORIENTED_EDGE('',*,*,#7723,.T.);
#7723 = EDGE_CURVE('',#7696,#2306,#7724,.T.);
#7724 = SURFACE_CURVE('',#7725,(#7729,#7735),.PCURVE_S1.);
#7725 = LINE('',#7726,#7727);
#7726 = CARTESIAN_POINT('',(73.241657386774,-72.,14.));
#7727 = VECTOR('',#7728,1.);
#7728 = DIRECTION('',(-0.,-0.,-1.));
#7729 = PCURVE('',#1379,#7730);
#7730 = DEFINITIONAL_REPRESENTATION('',(#7731),#7734);
#7731 = B_SPLINE_CURVE_WITH_KNOTS('',1,(#7732,#7733),.UNSPECIFIED.,.F.,
  .F.,(2,2),(-8.8,5.999999999062E-07),.PIECEWISE_BEZIER_KNOTS.);
#7732 = CARTESIAN_POINT('',(-5.694154336963,-8.8));
#7733 = CARTESIAN_POINT('',(-5.694154336963,5.999999999062E-07));
#7734 = ( GEOMETRIC_REPRESENTATION_CONTEXT(2) 
PARAMETRIC_REPRESENTATION_CONTEXT() REPRESENTATION_CONTEXT('2D SPACE',''
  ) );
#7735 = PCURVE('',#2343,#7736);
#7736 = DEFINITIONAL_REPRESENTATION('',(#7737),#7740);
#7737 = B_SPLINE_CURVE_WITH_KNOTS('',1,(#7738,#7739),.UNSPECIFIED.,.F.,
  .F.,(2,2),(-8.8,5.999999999062E-07),.PIECEWISE_BEZIER_KNOTS.);
#7738 = CARTESIAN_POINT('',(8.8,4.241657386774));
#7739 = CARTESIAN_POINT('',(-5.999999999062E-07,4.241657386774));
#7740 = ( GEOMETRIC_REPRESENTATION_CONTEXT(2) 
PARAMETRIC_REPRESENTATION_CONTEXT() REPRESENTATION_CONTEXT('2D SPACE',''
  ) );
#7741 = ORIENTED_EDGE('',*,*,#2305,.F.);
#7742 = ORIENTED_EDGE('',*,*,#7743,.F.);
#7743 = EDGE_CURVE('',#7744,#2278,#7746,.T.);
#7744 = VERTEX_POINT('',#7745);
#7745 = CARTESIAN_POINT('',(72.,-73.24165738677,22.));
#7746 = SURFACE_CURVE('',#7747,(#7751,#7757),.PCURVE_S1.);
#7747 = LINE('',#7748,#7749);
#7748 = CARTESIAN_POINT('',(72.,-73.24165738677,14.));
#7749 = VECTOR('',#7750,1.);
#7750 = DIRECTION('',(-0.,-0.,-1.));
#7751 = PCURVE('',#1379,#7752);
#7752 = DEFINITIONAL_REPRESENTATION('',(#7753),#7756);
#7753 = B_SPLINE_CURVE_WITH_KNOTS('',1,(#7754,#7755),.UNSPECIFIED.,.F.,
  .F.,(2,2),(-8.8,5.999999999062E-07),.PIECEWISE_BEZIER_KNOTS.);
#7754 = CARTESIAN_POINT('',(-5.301419950601,-8.8));
#7755 = CARTESIAN_POINT('',(-5.301419950601,5.999999999062E-07));
#7756 = ( GEOMETRIC_REPRESENTATION_CONTEXT(2) 
PARAMETRIC_REPRESENTATION_CONTEXT() REPRESENTATION_CONTEXT('2D SPACE',''
  ) );
#7757 = PCURVE('',#2293,#7758);
#7758 = DEFINITIONAL_REPRESENTATION('',(#7759),#7762);
#7759 = B_SPLINE_CURVE_WITH_KNOTS('',1,(#7760,#7761),.UNSPECIFIED.,.F.,
  .F.,(2,2),(-8.8,5.999999999062E-07),.PIECEWISE_BEZIER_KNOTS.);
#7760 = CARTESIAN_POINT('',(8.8,-6.758342613226));
#7761 = CARTESIAN_POINT('',(-5.999999999062E-07,-6.758342613226));
#7762 = ( GEOMETRIC_REPRESENTATION_CONTEXT(2) 
PARAMETRIC_REPRESENTATION_CONTEXT() REPRESENTATION_CONTEXT('2D SPACE',''
  ) );
#7763 = ORIENTED_EDGE('',*,*,#7764,.T.);
#7764 = EDGE_CURVE('',#7744,#7549,#7765,.T.);
#7765 = SURFACE_CURVE('',#7766,(#7771,#7778),.PCURVE_S1.);
#7766 = CIRCLE('',#7767,4.5);
#7767 = AXIS2_PLACEMENT_3D('',#7768,#7769,#7770);
#7768 = CARTESIAN_POINT('',(69.5,-69.5,22.));
#7769 = DIRECTION('',(0.,0.,-1.));
#7770 = DIRECTION('',(1.,0.,0.));
#7771 = PCURVE('',#1379,#7772);
#7772 = DEFINITIONAL_REPRESENTATION('',(#7773),#7777);
#7773 = LINE('',#7774,#7775);
#7774 = CARTESIAN_POINT('',(-6.28318530718,-8.));
#7775 = VECTOR('',#7776,1.);
#7776 = DIRECTION('',(1.,-0.));
#7777 = ( GEOMETRIC_REPRESENTATION_CONTEXT(2) 
PARAMETRIC_REPRESENTATION_CONTEXT() REPRESENTATION_CONTEXT('2D SPACE',''
  ) );
#7778 = PCURVE('',#7406,#7779);
#7779 = DEFINITIONAL_REPRESENTATION('',(#7780),#7788);
#7780 = ( BOUNDED_CURVE() B_SPLINE_CURVE(2,(#7781,#7782,#7783,#7784,
#7785,#7786,#7787),.UNSPECIFIED.,.T.,.F.) B_SPLINE_CURVE_WITH_KNOTS((1,2
    ,2,2,2,1),(-2.094395102393,0.,2.094395102393,4.188790204786,
6.28318530718,8.377580409573),.UNSPECIFIED.) CURVE() 
GEOMETRIC_REPRESENTATION_ITEM() RATIONAL_B_SPLINE_CURVE((1.,0.5,1.,0.5,
1.,0.5,1.)) REPRESENTATION_ITEM('') );
#7781 = CARTESIAN_POINT('',(7.,10.5));
#7782 = CARTESIAN_POINT('',(7.,2.70577136594));
#7783 = CARTESIAN_POINT('',(0.25,6.60288568297));
#7784 = CARTESIAN_POINT('',(-6.5,10.5));
#7785 = CARTESIAN_POINT('',(0.25,14.39711431703));
#7786 = CARTESIAN_POINT('',(7.,18.29422863406));
#7787 = CARTESIAN_POINT('',(7.,10.5));
#7788 = ( GEOMETRIC_REPRESENTATION_CONTEXT(2) 
PARAMETRIC_REPRESENTATION_CONTEXT() REPRESENTATION_CONTEXT('2D SPACE',''
  ) );
#7789 = ORIENTED_EDGE('',*,*,#7573,.T.);
#7790 = ORIENTED_EDGE('',*,*,#1362,.F.);
#7791 = ADVANCED_FACE('',(#7792),#1350,.T.);
#7792 = FACE_BOUND('',#7793,.T.);
#7793 = EDGE_LOOP('',(#7794,#7795,#7796,#7817));
#7794 = ORIENTED_EDGE('',*,*,#1334,.F.);
#7795 = ORIENTED_EDGE('',*,*,#7595,.F.);
#7796 = ORIENTED_EDGE('',*,*,#7797,.T.);
#7797 = EDGE_CURVE('',#7596,#7295,#7798,.T.);
#7798 = SURFACE_CURVE('',#7799,(#7803,#7810),.PCURVE_S1.);
#7799 = LINE('',#7800,#7801);
#7800 = CARTESIAN_POINT('',(69.,-67.,22.));
#7801 = VECTOR('',#7802,1.);
#7802 = DIRECTION('',(1.,0.,0.));
#7803 = PCURVE('',#1350,#7804);
#7804 = DEFINITIONAL_REPRESENTATION('',(#7805),#7809);
#7805 = LINE('',#7806,#7807);
#7806 = CARTESIAN_POINT('',(8.,0.));
#7807 = VECTOR('',#7808,1.);
#7808 = DIRECTION('',(0.,1.));
#7809 = ( GEOMETRIC_REPRESENTATION_CONTEXT(2) 
PARAMETRIC_REPRESENTATION_CONTEXT() REPRESENTATION_CONTEXT('2D SPACE',''
  ) );
#7810 = PCURVE('',#7332,#7811);
#7811 = DEFINITIONAL_REPRESENTATION('',(#7812),#7816);
#7812 = LINE('',#7813,#7814);
#7813 = CARTESIAN_POINT('',(0.,5.));
#7814 = VECTOR('',#7815,1.);
#7815 = DIRECTION('',(1.,0.));
#7816 = ( GEOMETRIC_REPRESENTATION_CONTEXT(2) 
PARAMETRIC_REPRESENTATION_CONTEXT() REPRESENTATION_CONTEXT('2D SPACE',''
  ) );
#7817 = ORIENTED_EDGE('',*,*,#7294,.T.);
#7818 = ADVANCED_FACE('',(#7819,#7970,#8078,#8186),#1290,.F.);
#7819 = FACE_BOUND('',#7820,.F.);
#7820 = EDGE_LOOP('',(#7821,#7822,#7823,#7846,#7872,#7899,#7926,#7949));
#7821 = ORIENTED_EDGE('',*,*,#7270,.F.);
#7822 = ORIENTED_EDGE('',*,*,#1274,.T.);
#7823 = ORIENTED_EDGE('',*,*,#7824,.T.);
#7824 = EDGE_CURVE('',#1242,#7825,#7827,.T.);
#7825 = VERTEX_POINT('',#7826);
#7826 = CARTESIAN_POINT('',(79.3,58.5,79.5));
#7827 = SURFACE_CURVE('',#7828,(#7832,#7839),.PCURVE_S1.);
#7828 = LINE('',#7829,#7830);
#7829 = CARTESIAN_POINT('',(79.3,58.5,13.));
#7830 = VECTOR('',#7831,1.);
#7831 = DIRECTION('',(0.,0.,1.));
#7832 = PCURVE('',#1290,#7833);
#7833 = DEFINITIONAL_REPRESENTATION('',(#7834),#7838);
#7834 = LINE('',#7835,#7836);
#7835 = CARTESIAN_POINT('',(0.,-117.));
#7836 = VECTOR('',#7837,1.);
#7837 = DIRECTION('',(1.,0.));
#7838 = ( GEOMETRIC_REPRESENTATION_CONTEXT(2) 
PARAMETRIC_REPRESENTATION_CONTEXT() REPRESENTATION_CONTEXT('2D SPACE',''
  ) );
#7839 = PCURVE('',#1262,#7840);
#7840 = DEFINITIONAL_REPRESENTATION('',(#7841),#7845);
#7841 = LINE('',#7842,#7843);
#7842 = CARTESIAN_POINT('',(-0.,0.));
#7843 = VECTOR('',#7844,1.);
#7844 = DIRECTION('',(-0.,-1.));
#7845 = ( GEOMETRIC_REPRESENTATION_CONTEXT(2) 
PARAMETRIC_REPRESENTATION_CONTEXT() REPRESENTATION_CONTEXT('2D SPACE',''
  ) );
#7846 = ORIENTED_EDGE('',*,*,#7847,.T.);
#7847 = EDGE_CURVE('',#7825,#7848,#7850,.T.);
#7848 = VERTEX_POINT('',#7849);
#7849 = CARTESIAN_POINT('',(79.3,50.5,79.5));
#7850 = SURFACE_CURVE('',#7851,(#7855,#7861),.PCURVE_S1.);
#7851 = LINE('',#7852,#7853);
#7852 = CARTESIAN_POINT('',(79.3,-4.,79.5));
#7853 = VECTOR('',#7854,1.);
#7854 = DIRECTION('',(0.,-1.,0.));
#7855 = PCURVE('',#1290,#7856);
#7856 = DEFINITIONAL_REPRESENTATION('',(#7857),#7860);
#7857 = B_SPLINE_CURVE_WITH_KNOTS('',1,(#7858,#7859),.UNSPECIFIED.,.F.,
  .F.,(2,2),(-62.5,-54.5),.PIECEWISE_BEZIER_KNOTS.);
#7858 = CARTESIAN_POINT('',(66.5,-117.));
#7859 = CARTESIAN_POINT('',(66.5,-109.));
#7860 = ( GEOMETRIC_REPRESENTATION_CONTEXT(2) 
PARAMETRIC_REPRESENTATION_CONTEXT() REPRESENTATION_CONTEXT('2D SPACE',''
  ) );
#7861 = PCURVE('',#7862,#7867);
#7862 = PLANE('',#7863);
#7863 = AXIS2_PLACEMENT_3D('',#7864,#7865,#7866);
#7864 = CARTESIAN_POINT('',(-1.5,50.5,79.5));
#7865 = DIRECTION('',(0.,0.,1.));
#7866 = DIRECTION('',(1.,0.,0.));
#7867 = DEFINITIONAL_REPRESENTATION('',(#7868),#7871);
#7868 = B_SPLINE_CURVE_WITH_KNOTS('',1,(#7869,#7870),.UNSPECIFIED.,.F.,
  .F.,(2,2),(-62.5,-54.5),.PIECEWISE_BEZIER_KNOTS.);
#7869 = CARTESIAN_POINT('',(80.8,8.));
#7870 = CARTESIAN_POINT('',(80.8,0.));
#7871 = ( GEOMETRIC_REPRESENTATION_CONTEXT(2) 
PARAMETRIC_REPRESENTATION_CONTEXT() REPRESENTATION_CONTEXT('2D SPACE',''
  ) );
#7872 = ORIENTED_EDGE('',*,*,#7873,.T.);
#7873 = EDGE_CURVE('',#7848,#7874,#7876,.T.);
#7874 = VERTEX_POINT('',#7875);
#7875 = CARTESIAN_POINT('',(79.3,50.5,83.));
#7876 = SURFACE_CURVE('',#7877,(#7881,#7887),.PCURVE_S1.);
#7877 = LINE('',#7878,#7879);
#7878 = CARTESIAN_POINT('',(79.3,50.5,46.25));
#7879 = VECTOR('',#7880,1.);
#7880 = DIRECTION('',(0.,0.,1.));
#7881 = PCURVE('',#1290,#7882);
#7882 = DEFINITIONAL_REPRESENTATION('',(#7883),#7886);
#7883 = B_SPLINE_CURVE_WITH_KNOTS('',1,(#7884,#7885),.UNSPECIFIED.,.F.,
  .F.,(2,2),(33.25,36.75),.PIECEWISE_BEZIER_KNOTS.);
#7884 = CARTESIAN_POINT('',(66.5,-109.));
#7885 = CARTESIAN_POINT('',(70.,-109.));
#7886 = ( GEOMETRIC_REPRESENTATION_CONTEXT(2) 
PARAMETRIC_REPRESENTATION_CONTEXT() REPRESENTATION_CONTEXT('2D SPACE',''
  ) );
#7887 = PCURVE('',#7888,#7893);
#7888 = PLANE('',#7889);
#7889 = AXIS2_PLACEMENT_3D('',#7890,#7891,#7892);
#7890 = CARTESIAN_POINT('',(-1.5,50.5,79.5));
#7891 = DIRECTION('',(0.,1.,0.));
#7892 = DIRECTION('',(0.,0.,1.));
#7893 = DEFINITIONAL_REPRESENTATION('',(#7894),#7898);
#7894 = LINE('',#7895,#7896);
#7895 = CARTESIAN_POINT('',(-33.25,80.8));
#7896 = VECTOR('',#7897,1.);
#7897 = DIRECTION('',(1.,0.));
#7898 = ( GEOMETRIC_REPRESENTATION_CONTEXT(2) 
PARAMETRIC_REPRESENTATION_CONTEXT() REPRESENTATION_CONTEXT('2D SPACE',''
  ) );
#7899 = ORIENTED_EDGE('',*,*,#7900,.F.);
#7900 = EDGE_CURVE('',#7901,#7874,#7903,.T.);
#7901 = VERTEX_POINT('',#7902);
#7902 = CARTESIAN_POINT('',(79.3,58.5,83.));
#7903 = SURFACE_CURVE('',#7904,(#7908,#7914),.PCURVE_S1.);
#7904 = LINE('',#7905,#7906);
#7905 = CARTESIAN_POINT('',(79.3,-4.,83.));
#7906 = VECTOR('',#7907,1.);
#7907 = DIRECTION('',(0.,-1.,0.));
#7908 = PCURVE('',#1290,#7909);
#7909 = DEFINITIONAL_REPRESENTATION('',(#7910),#7913);
#7910 = B_SPLINE_CURVE_WITH_KNOTS('',1,(#7911,#7912),.UNSPECIFIED.,.F.,
  .F.,(2,2),(-62.5,-54.5),.PIECEWISE_BEZIER_KNOTS.);
#7911 = CARTESIAN_POINT('',(70.,-117.));
#7912 = CARTESIAN_POINT('',(70.,-109.));
#7913 = ( GEOMETRIC_REPRESENTATION_CONTEXT(2) 
PARAMETRIC_REPRESENTATION_CONTEXT() REPRESENTATION_CONTEXT('2D SPACE',''
  ) );
#7914 = PCURVE('',#7915,#7920);
#7915 = PLANE('',#7916);
#7916 = AXIS2_PLACEMENT_3D('',#7917,#7918,#7919);
#7917 = CARTESIAN_POINT('',(-1.5,50.5,83.));
#7918 = DIRECTION('',(0.,0.,1.));
#7919 = DIRECTION('',(1.,0.,0.));
#7920 = DEFINITIONAL_REPRESENTATION('',(#7921),#7925);
#7921 = LINE('',#7922,#7923);
#7922 = CARTESIAN_POINT('',(80.8,-54.5));
#7923 = VECTOR('',#7924,1.);
#7924 = DIRECTION('',(0.,-1.));
#7925 = ( GEOMETRIC_REPRESENTATION_CONTEXT(2) 
PARAMETRIC_REPRESENTATION_CONTEXT() REPRESENTATION_CONTEXT('2D SPACE',''
  ) );
#7926 = ORIENTED_EDGE('',*,*,#7927,.T.);
#7927 = EDGE_CURVE('',#7901,#7928,#7930,.T.);
#7928 = VERTEX_POINT('',#7929);
#7929 = CARTESIAN_POINT('',(79.3,58.5,93.));
#7930 = SURFACE_CURVE('',#7931,(#7935,#7942),.PCURVE_S1.);
#7931 = LINE('',#7932,#7933);
#7932 = CARTESIAN_POINT('',(79.3,58.5,13.));
#7933 = VECTOR('',#7934,1.);
#7934 = DIRECTION('',(0.,0.,1.));
#7935 = PCURVE('',#1290,#7936);
#7936 = DEFINITIONAL_REPRESENTATION('',(#7937),#7941);
#7937 = LINE('',#7938,#7939);
#7938 = CARTESIAN_POINT('',(0.,-117.));
#7939 = VECTOR('',#7940,1.);
#7940 = DIRECTION('',(1.,0.));
#7941 = ( GEOMETRIC_REPRESENTATION_CONTEXT(2) 
PARAMETRIC_REPRESENTATION_CONTEXT() REPRESENTATION_CONTEXT('2D SPACE',''
  ) );
#7942 = PCURVE('',#1262,#7943);
#7943 = DEFINITIONAL_REPRESENTATION('',(#7944),#7948);
#7944 = LINE('',#7945,#7946);
#7945 = CARTESIAN_POINT('',(-0.,0.));
#7946 = VECTOR('',#7947,1.);
#7947 = DIRECTION('',(-0.,-1.));
#7948 = ( GEOMETRIC_REPRESENTATION_CONTEXT(2) 
PARAMETRIC_REPRESENTATION_CONTEXT() REPRESENTATION_CONTEXT('2D SPACE',''
  ) );
#7949 = ORIENTED_EDGE('',*,*,#7950,.T.);
#7950 = EDGE_CURVE('',#7928,#7271,#7951,.T.);
#7951 = SURFACE_CURVE('',#7952,(#7956,#7963),.PCURVE_S1.);
#7952 = LINE('',#7953,#7954);
#7953 = CARTESIAN_POINT('',(79.3,58.5,93.));
#7954 = VECTOR('',#7955,1.);
#7955 = DIRECTION('',(0.,-1.,0.));
#7956 = PCURVE('',#1290,#7957);
#7957 = DEFINITIONAL_REPRESENTATION('',(#7958),#7962);
#7958 = LINE('',#7959,#7960);
#7959 = CARTESIAN_POINT('',(80.,-117.));
#7960 = VECTOR('',#7961,1.);
#7961 = DIRECTION('',(0.,1.));
#7962 = ( GEOMETRIC_REPRESENTATION_CONTEXT(2) 
PARAMETRIC_REPRESENTATION_CONTEXT() REPRESENTATION_CONTEXT('2D SPACE',''
  ) );
#7963 = PCURVE('',#2851,#7964);
#7964 = DEFINITIONAL_REPRESENTATION('',(#7965),#7969);
#7965 = LINE('',#7966,#7967);
#7966 = CARTESIAN_POINT('',(1.8,124.5));
#7967 = VECTOR('',#7968,1.);
#7968 = DIRECTION('',(0.,-1.));
#7969 = ( GEOMETRIC_REPRESENTATION_CONTEXT(2) 
PARAMETRIC_REPRESENTATION_CONTEXT() REPRESENTATION_CONTEXT('2D SPACE',''
  ) );
#7970 = FACE_BOUND('',#7971,.F.);
#7971 = EDGE_LOOP('',(#7972,#8001,#8027,#8054));
#7972 = ORIENTED_EDGE('',*,*,#7973,.T.);
#7973 = EDGE_CURVE('',#7974,#7976,#7978,.T.);
#7974 = VERTEX_POINT('',#7975);
#7975 = CARTESIAN_POINT('',(79.3,25.,23.));
#7976 = VERTEX_POINT('',#7977);
#7977 = CARTESIAN_POINT('',(79.3,15.,23.));
#7978 = SURFACE_CURVE('',#7979,(#7983,#7989),.PCURVE_S1.);
#7979 = LINE('',#7980,#7981);
#7980 = CARTESIAN_POINT('',(79.3,-21.75,23.));
#7981 = VECTOR('',#7982,1.);
#7982 = DIRECTION('',(0.,-1.,0.));
#7983 = PCURVE('',#1290,#7984);
#7984 = DEFINITIONAL_REPRESENTATION('',(#7985),#7988);
#7985 = B_SPLINE_CURVE_WITH_KNOTS('',1,(#7986,#7987),.UNSPECIFIED.,.F.,
  .F.,(2,2),(-46.75,-36.75),.PIECEWISE_BEZIER_KNOTS.);
#7986 = CARTESIAN_POINT('',(10.,-83.5));
#7987 = CARTESIAN_POINT('',(10.,-73.5));
#7988 = ( GEOMETRIC_REPRESENTATION_CONTEXT(2) 
PARAMETRIC_REPRESENTATION_CONTEXT() REPRESENTATION_CONTEXT('2D SPACE',''
  ) );
#7989 = PCURVE('',#7990,#7995);
#7990 = PLANE('',#7991);
#7991 = AXIS2_PLACEMENT_3D('',#7992,#7993,#7994);
#7992 = CARTESIAN_POINT('',(70.,15.,23.));
#7993 = DIRECTION('',(0.,0.,1.));
#7994 = DIRECTION('',(1.,0.,0.));
#7995 = DEFINITIONAL_REPRESENTATION('',(#7996),#8000);
#7996 = LINE('',#7997,#7998);
#7997 = CARTESIAN_POINT('',(9.3,-36.75));
#7998 = VECTOR('',#7999,1.);
#7999 = DIRECTION('',(0.,-1.));
#8000 = ( GEOMETRIC_REPRESENTATION_CONTEXT(2) 
PARAMETRIC_REPRESENTATION_CONTEXT() REPRESENTATION_CONTEXT('2D SPACE',''
  ) );
#8001 = ORIENTED_EDGE('',*,*,#8002,.T.);
#8002 = EDGE_CURVE('',#7976,#8003,#8005,.T.);
#8003 = VERTEX_POINT('',#8004);
#8004 = CARTESIAN_POINT('',(79.3,15.,35.));
#8005 = SURFACE_CURVE('',#8006,(#8010,#8016),.PCURVE_S1.);
#8006 = LINE('',#8007,#8008);
#8007 = CARTESIAN_POINT('',(79.3,15.,18.));
#8008 = VECTOR('',#8009,1.);
#8009 = DIRECTION('',(0.,0.,1.));
#8010 = PCURVE('',#1290,#8011);
#8011 = DEFINITIONAL_REPRESENTATION('',(#8012),#8015);
#8012 = B_SPLINE_CURVE_WITH_KNOTS('',1,(#8013,#8014),.UNSPECIFIED.,.F.,
  .F.,(2,2),(5.,17.),.PIECEWISE_BEZIER_KNOTS.);
#8013 = CARTESIAN_POINT('',(10.,-73.5));
#8014 = CARTESIAN_POINT('',(22.,-73.5));
#8015 = ( GEOMETRIC_REPRESENTATION_CONTEXT(2) 
PARAMETRIC_REPRESENTATION_CONTEXT() REPRESENTATION_CONTEXT('2D SPACE',''
  ) );
#8016 = PCURVE('',#8017,#8022);
#8017 = PLANE('',#8018);
#8018 = AXIS2_PLACEMENT_3D('',#8019,#8020,#8021);
#8019 = CARTESIAN_POINT('',(70.,15.,23.));
#8020 = DIRECTION('',(0.,1.,0.));
#8021 = DIRECTION('',(0.,0.,1.));
#8022 = DEFINITIONAL_REPRESENTATION('',(#8023),#8026);
#8023 = B_SPLINE_CURVE_WITH_KNOTS('',1,(#8024,#8025),.UNSPECIFIED.,.F.,
  .F.,(2,2),(5.,17.),.PIECEWISE_BEZIER_KNOTS.);
#8024 = CARTESIAN_POINT('',(0.,9.3));
#8025 = CARTESIAN_POINT('',(12.,9.3));
#8026 = ( GEOMETRIC_REPRESENTATION_CONTEXT(2) 
PARAMETRIC_REPRESENTATION_CONTEXT() REPRESENTATION_CONTEXT('2D SPACE',''
  ) );
#8027 = ORIENTED_EDGE('',*,*,#8028,.F.);
#8028 = EDGE_CURVE('',#8029,#8003,#8031,.T.);
#8029 = VERTEX_POINT('',#8030);
#8030 = CARTESIAN_POINT('',(79.3,25.,35.));
#8031 = SURFACE_CURVE('',#8032,(#8036,#8042),.PCURVE_S1.);
#8032 = LINE('',#8033,#8034);
#8033 = CARTESIAN_POINT('',(79.3,-21.75,35.));
#8034 = VECTOR('',#8035,1.);
#8035 = DIRECTION('',(0.,-1.,0.));
#8036 = PCURVE('',#1290,#8037);
#8037 = DEFINITIONAL_REPRESENTATION('',(#8038),#8041);
#8038 = B_SPLINE_CURVE_WITH_KNOTS('',1,(#8039,#8040),.UNSPECIFIED.,.F.,
  .F.,(2,2),(-46.75,-36.75),.PIECEWISE_BEZIER_KNOTS.);
#8039 = CARTESIAN_POINT('',(22.,-83.5));
#8040 = CARTESIAN_POINT('',(22.,-73.5));
#8041 = ( GEOMETRIC_REPRESENTATION_CONTEXT(2) 
PARAMETRIC_REPRESENTATION_CONTEXT() REPRESENTATION_CONTEXT('2D SPACE',''
  ) );
#8042 = PCURVE('',#8043,#8048);
#8043 = PLANE('',#8044);
#8044 = AXIS2_PLACEMENT_3D('',#8045,#8046,#8047);
#8045 = CARTESIAN_POINT('',(70.,15.,35.));
#8046 = DIRECTION('',(0.,0.,1.));
#8047 = DIRECTION('',(1.,0.,0.));
#8048 = DEFINITIONAL_REPRESENTATION('',(#8049),#8053);
#8049 = LINE('',#8050,#8051);
#8050 = CARTESIAN_POINT('',(9.3,-36.75));
#8051 = VECTOR('',#8052,1.);
#8052 = DIRECTION('',(0.,-1.));
#8053 = ( GEOMETRIC_REPRESENTATION_CONTEXT(2) 
PARAMETRIC_REPRESENTATION_CONTEXT() REPRESENTATION_CONTEXT('2D SPACE',''
  ) );
#8054 = ORIENTED_EDGE('',*,*,#8055,.F.);
#8055 = EDGE_CURVE('',#7974,#8029,#8056,.T.);
#8056 = SURFACE_CURVE('',#8057,(#8061,#8067),.PCURVE_S1.);
#8057 = LINE('',#8058,#8059);
#8058 = CARTESIAN_POINT('',(79.3,25.,18.));
#8059 = VECTOR('',#8060,1.);
#8060 = DIRECTION('',(0.,0.,1.));
#8061 = PCURVE('',#1290,#8062);
#8062 = DEFINITIONAL_REPRESENTATION('',(#8063),#8066);
#8063 = B_SPLINE_CURVE_WITH_KNOTS('',1,(#8064,#8065),.UNSPECIFIED.,.F.,
  .F.,(2,2),(5.,17.),.PIECEWISE_BEZIER_KNOTS.);
#8064 = CARTESIAN_POINT('',(10.,-83.5));
#8065 = CARTESIAN_POINT('',(22.,-83.5));
#8066 = ( GEOMETRIC_REPRESENTATION_CONTEXT(2) 
PARAMETRIC_REPRESENTATION_CONTEXT() REPRESENTATION_CONTEXT('2D SPACE',''
  ) );
#8067 = PCURVE('',#8068,#8073);
#8068 = PLANE('',#8069);
#8069 = AXIS2_PLACEMENT_3D('',#8070,#8071,#8072);
#8070 = CARTESIAN_POINT('',(70.,25.,23.));
#8071 = DIRECTION('',(0.,1.,0.));
#8072 = DIRECTION('',(0.,0.,1.));
#8073 = DEFINITIONAL_REPRESENTATION('',(#8074),#8077);
#8074 = B_SPLINE_CURVE_WITH_KNOTS('',1,(#8075,#8076),.UNSPECIFIED.,.F.,
  .F.,(2,2),(5.,17.),.PIECEWISE_BEZIER_KNOTS.);
#8075 = CARTESIAN_POINT('',(0.,9.3));
#8076 = CARTESIAN_POINT('',(12.,9.3));
#8077 = ( GEOMETRIC_REPRESENTATION_CONTEXT(2) 
PARAMETRIC_REPRESENTATION_CONTEXT() REPRESENTATION_CONTEXT('2D SPACE',''
  ) );
#8078 = FACE_BOUND('',#8079,.F.);
#8079 = EDGE_LOOP('',(#8080,#8109,#8135,#8162));
#8080 = ORIENTED_EDGE('',*,*,#8081,.T.);
#8081 = EDGE_CURVE('',#8082,#8084,#8086,.T.);
#8082 = VERTEX_POINT('',#8083);
#8083 = CARTESIAN_POINT('',(79.3,-37.,23.));
#8084 = VERTEX_POINT('',#8085);
#8085 = CARTESIAN_POINT('',(79.3,-47.,23.));
#8086 = SURFACE_CURVE('',#8087,(#8091,#8097),.PCURVE_S1.);
#8087 = LINE('',#8088,#8089);
#8088 = CARTESIAN_POINT('',(79.3,-52.75,23.));
#8089 = VECTOR('',#8090,1.);
#8090 = DIRECTION('',(0.,-1.,0.));
#8091 = PCURVE('',#1290,#8092);
#8092 = DEFINITIONAL_REPRESENTATION('',(#8093),#8096);
#8093 = B_SPLINE_CURVE_WITH_KNOTS('',1,(#8094,#8095),.UNSPECIFIED.,.F.,
  .F.,(2,2),(-15.75,-5.75),.PIECEWISE_BEZIER_KNOTS.);
#8094 = CARTESIAN_POINT('',(10.,-21.5));
#8095 = CARTESIAN_POINT('',(10.,-11.5));
#8096 = ( GEOMETRIC_REPRESENTATION_CONTEXT(2) 
PARAMETRIC_REPRESENTATION_CONTEXT() REPRESENTATION_CONTEXT('2D SPACE',''
  ) );
#8097 = PCURVE('',#8098,#8103);
#8098 = PLANE('',#8099);
#8099 = AXIS2_PLACEMENT_3D('',#8100,#8101,#8102);
#8100 = CARTESIAN_POINT('',(70.,-47.,23.));
#8101 = DIRECTION('',(0.,0.,1.));
#8102 = DIRECTION('',(1.,0.,0.));
#8103 = DEFINITIONAL_REPRESENTATION('',(#8104),#8108);
#8104 = LINE('',#8105,#8106);
#8105 = CARTESIAN_POINT('',(9.3,-5.75));
#8106 = VECTOR('',#8107,1.);
#8107 = DIRECTION('',(0.,-1.));
#8108 = ( GEOMETRIC_REPRESENTATION_CONTEXT(2) 
PARAMETRIC_REPRESENTATION_CONTEXT() REPRESENTATION_CONTEXT('2D SPACE',''
  ) );
#8109 = ORIENTED_EDGE('',*,*,#8110,.T.);
#8110 = EDGE_CURVE('',#8084,#8111,#8113,.T.);
#8111 = VERTEX_POINT('',#8112);
#8112 = CARTESIAN_POINT('',(79.3,-47.,35.));
#8113 = SURFACE_CURVE('',#8114,(#8118,#8124),.PCURVE_S1.);
#8114 = LINE('',#8115,#8116);
#8115 = CARTESIAN_POINT('',(79.3,-47.,18.));
#8116 = VECTOR('',#8117,1.);
#8117 = DIRECTION('',(0.,0.,1.));
#8118 = PCURVE('',#1290,#8119);
#8119 = DEFINITIONAL_REPRESENTATION('',(#8120),#8123);
#8120 = B_SPLINE_CURVE_WITH_KNOTS('',1,(#8121,#8122),.UNSPECIFIED.,.F.,
  .F.,(2,2),(5.,17.),.PIECEWISE_BEZIER_KNOTS.);
#8121 = CARTESIAN_POINT('',(10.,-11.5));
#8122 = CARTESIAN_POINT('',(22.,-11.5));
#8123 = ( GEOMETRIC_REPRESENTATION_CONTEXT(2) 
PARAMETRIC_REPRESENTATION_CONTEXT() REPRESENTATION_CONTEXT('2D SPACE',''
  ) );
#8124 = PCURVE('',#8125,#8130);
#8125 = PLANE('',#8126);
#8126 = AXIS2_PLACEMENT_3D('',#8127,#8128,#8129);
#8127 = CARTESIAN_POINT('',(70.,-47.,23.));
#8128 = DIRECTION('',(0.,1.,0.));
#8129 = DIRECTION('',(0.,0.,1.));
#8130 = DEFINITIONAL_REPRESENTATION('',(#8131),#8134);
#8131 = B_SPLINE_CURVE_WITH_KNOTS('',1,(#8132,#8133),.UNSPECIFIED.,.F.,
  .F.,(2,2),(5.,17.),.PIECEWISE_BEZIER_KNOTS.);
#8132 = CARTESIAN_POINT('',(0.,9.3));
#8133 = CARTESIAN_POINT('',(12.,9.3));
#8134 = ( GEOMETRIC_REPRESENTATION_CONTEXT(2) 
PARAMETRIC_REPRESENTATION_CONTEXT() REPRESENTATION_CONTEXT('2D SPACE',''
  ) );
#8135 = ORIENTED_EDGE('',*,*,#8136,.F.);
#8136 = EDGE_CURVE('',#8137,#8111,#8139,.T.);
#8137 = VERTEX_POINT('',#8138);
#8138 = CARTESIAN_POINT('',(79.3,-37.,35.));
#8139 = SURFACE_CURVE('',#8140,(#8144,#8150),.PCURVE_S1.);
#8140 = LINE('',#8141,#8142);
#8141 = CARTESIAN_POINT('',(79.3,-52.75,35.));
#8142 = VECTOR('',#8143,1.);
#8143 = DIRECTION('',(0.,-1.,0.));
#8144 = PCURVE('',#1290,#8145);
#8145 = DEFINITIONAL_REPRESENTATION('',(#8146),#8149);
#8146 = B_SPLINE_CURVE_WITH_KNOTS('',1,(#8147,#8148),.UNSPECIFIED.,.F.,
  .F.,(2,2),(-15.75,-5.75),.PIECEWISE_BEZIER_KNOTS.);
#8147 = CARTESIAN_POINT('',(22.,-21.5));
#8148 = CARTESIAN_POINT('',(22.,-11.5));
#8149 = ( GEOMETRIC_REPRESENTATION_CONTEXT(2) 
PARAMETRIC_REPRESENTATION_CONTEXT() REPRESENTATION_CONTEXT('2D SPACE',''
  ) );
#8150 = PCURVE('',#8151,#8156);
#8151 = PLANE('',#8152);
#8152 = AXIS2_PLACEMENT_3D('',#8153,#8154,#8155);
#8153 = CARTESIAN_POINT('',(70.,-47.,35.));
#8154 = DIRECTION('',(0.,0.,1.));
#8155 = DIRECTION('',(1.,0.,0.));
#8156 = DEFINITIONAL_REPRESENTATION('',(#8157),#8161);
#8157 = LINE('',#8158,#8159);
#8158 = CARTESIAN_POINT('',(9.3,-5.75));
#8159 = VECTOR('',#8160,1.);
#8160 = DIRECTION('',(0.,-1.));
#8161 = ( GEOMETRIC_REPRESENTATION_CONTEXT(2) 
PARAMETRIC_REPRESENTATION_CONTEXT() REPRESENTATION_CONTEXT('2D SPACE',''
  ) );
#8162 = ORIENTED_EDGE('',*,*,#8163,.F.);
#8163 = EDGE_CURVE('',#8082,#8137,#8164,.T.);
#8164 = SURFACE_CURVE('',#8165,(#8169,#8175),.PCURVE_S1.);
#8165 = LINE('',#8166,#8167);
#8166 = CARTESIAN_POINT('',(79.3,-37.,18.));
#8167 = VECTOR('',#8168,1.);
#8168 = DIRECTION('',(0.,0.,1.));
#8169 = PCURVE('',#1290,#8170);
#8170 = DEFINITIONAL_REPRESENTATION('',(#8171),#8174);
#8171 = B_SPLINE_CURVE_WITH_KNOTS('',1,(#8172,#8173),.UNSPECIFIED.,.F.,
  .F.,(2,2),(5.,17.),.PIECEWISE_BEZIER_KNOTS.);
#8172 = CARTESIAN_POINT('',(10.,-21.5));
#8173 = CARTESIAN_POINT('',(22.,-21.5));
#8174 = ( GEOMETRIC_REPRESENTATION_CONTEXT(2) 
PARAMETRIC_REPRESENTATION_CONTEXT() REPRESENTATION_CONTEXT('2D SPACE',''
  ) );
#8175 = PCURVE('',#8176,#8181);
#8176 = PLANE('',#8177);
#8177 = AXIS2_PLACEMENT_3D('',#8178,#8179,#8180);
#8178 = CARTESIAN_POINT('',(70.,-37.,23.));
#8179 = DIRECTION('',(0.,1.,0.));
#8180 = DIRECTION('',(0.,0.,1.));
#8181 = DEFINITIONAL_REPRESENTATION('',(#8182),#8185);
#8182 = B_SPLINE_CURVE_WITH_KNOTS('',1,(#8183,#8184),.UNSPECIFIED.,.F.,
  .F.,(2,2),(5.,17.),.PIECEWISE_BEZIER_KNOTS.);
#8183 = CARTESIAN_POINT('',(0.,9.3));
#8184 = CARTESIAN_POINT('',(12.,9.3));
#8185 = ( GEOMETRIC_REPRESENTATION_CONTEXT(2) 
PARAMETRIC_REPRESENTATION_CONTEXT() REPRESENTATION_CONTEXT('2D SPACE',''
  ) );
#8186 = FACE_BOUND('',#8187,.F.);
#8187 = EDGE_LOOP('',(#8188,#8216,#8243,#8270));
#8188 = ORIENTED_EDGE('',*,*,#8189,.T.);
#8189 = EDGE_CURVE('',#8190,#8192,#8194,.T.);
#8190 = VERTEX_POINT('',#8191);
#8191 = CARTESIAN_POINT('',(79.3,-40.5,79.5));
#8192 = VERTEX_POINT('',#8193);
#8193 = CARTESIAN_POINT('',(79.3,-49.5,79.5));
#8194 = SURFACE_CURVE('',#8195,(#8199,#8205),.PCURVE_S1.);
#8195 = LINE('',#8196,#8197);
#8196 = CARTESIAN_POINT('',(79.3,-54.,79.5));
#8197 = VECTOR('',#8198,1.);
#8198 = DIRECTION('',(0.,-1.,0.));
#8199 = PCURVE('',#1290,#8200);
#8200 = DEFINITIONAL_REPRESENTATION('',(#8201),#8204);
#8201 = B_SPLINE_CURVE_WITH_KNOTS('',1,(#8202,#8203),.UNSPECIFIED.,.F.,
  .F.,(2,2),(-13.5,-4.5),.PIECEWISE_BEZIER_KNOTS.);
#8202 = CARTESIAN_POINT('',(66.5,-18.));
#8203 = CARTESIAN_POINT('',(66.5,-9.));
#8204 = ( GEOMETRIC_REPRESENTATION_CONTEXT(2) 
PARAMETRIC_REPRESENTATION_CONTEXT() REPRESENTATION_CONTEXT('2D SPACE',''
  ) );
#8205 = PCURVE('',#8206,#8211);
#8206 = PLANE('',#8207);
#8207 = AXIS2_PLACEMENT_3D('',#8208,#8209,#8210);
#8208 = CARTESIAN_POINT('',(-1.5,-49.5,79.5));
#8209 = DIRECTION('',(0.,0.,1.));
#8210 = DIRECTION('',(1.,0.,0.));
#8211 = DEFINITIONAL_REPRESENTATION('',(#8212),#8215);
#8212 = B_SPLINE_CURVE_WITH_KNOTS('',1,(#8213,#8214),.UNSPECIFIED.,.F.,
  .F.,(2,2),(-13.5,-4.5),.PIECEWISE_BEZIER_KNOTS.);
#8213 = CARTESIAN_POINT('',(80.8,9.));
#8214 = CARTESIAN_POINT('',(80.8,0.));
#8215 = ( GEOMETRIC_REPRESENTATION_CONTEXT(2) 
PARAMETRIC_REPRESENTATION_CONTEXT() REPRESENTATION_CONTEXT('2D SPACE',''
  ) );
#8216 = ORIENTED_EDGE('',*,*,#8217,.T.);
#8217 = EDGE_CURVE('',#8192,#8218,#8220,.T.);
#8218 = VERTEX_POINT('',#8219);
#8219 = CARTESIAN_POINT('',(79.3,-49.5,83.));
#8220 = SURFACE_CURVE('',#8221,(#8225,#8231),.PCURVE_S1.);
#8221 = LINE('',#8222,#8223);
#8222 = CARTESIAN_POINT('',(79.3,-49.5,46.25));
#8223 = VECTOR('',#8224,1.);
#8224 = DIRECTION('',(0.,0.,1.));
#8225 = PCURVE('',#1290,#8226);
#8226 = DEFINITIONAL_REPRESENTATION('',(#8227),#8230);
#8227 = B_SPLINE_CURVE_WITH_KNOTS('',1,(#8228,#8229),.UNSPECIFIED.,.F.,
  .F.,(2,2),(33.25,36.75),.PIECEWISE_BEZIER_KNOTS.);
#8228 = CARTESIAN_POINT('',(66.5,-9.));
#8229 = CARTESIAN_POINT('',(70.,-9.));
#8230 = ( GEOMETRIC_REPRESENTATION_CONTEXT(2) 
PARAMETRIC_REPRESENTATION_CONTEXT() REPRESENTATION_CONTEXT('2D SPACE',''
  ) );
#8231 = PCURVE('',#8232,#8237);
#8232 = PLANE('',#8233);
#8233 = AXIS2_PLACEMENT_3D('',#8234,#8235,#8236);
#8234 = CARTESIAN_POINT('',(-1.5,-49.5,79.5));
#8235 = DIRECTION('',(0.,1.,0.));
#8236 = DIRECTION('',(0.,0.,1.));
#8237 = DEFINITIONAL_REPRESENTATION('',(#8238),#8242);
#8238 = LINE('',#8239,#8240);
#8239 = CARTESIAN_POINT('',(-33.25,80.8));
#8240 = VECTOR('',#8241,1.);
#8241 = DIRECTION('',(1.,0.));
#8242 = ( GEOMETRIC_REPRESENTATION_CONTEXT(2) 
PARAMETRIC_REPRESENTATION_CONTEXT() REPRESENTATION_CONTEXT('2D SPACE',''
  ) );
#8243 = ORIENTED_EDGE('',*,*,#8244,.F.);
#8244 = EDGE_CURVE('',#8245,#8218,#8247,.T.);
#8245 = VERTEX_POINT('',#8246);
#8246 = CARTESIAN_POINT('',(79.3,-40.5,83.));
#8247 = SURFACE_CURVE('',#8248,(#8252,#8258),.PCURVE_S1.);
#8248 = LINE('',#8249,#8250);
#8249 = CARTESIAN_POINT('',(79.3,-54.,83.));
#8250 = VECTOR('',#8251,1.);
#8251 = DIRECTION('',(0.,-1.,0.));
#8252 = PCURVE('',#1290,#8253);
#8253 = DEFINITIONAL_REPRESENTATION('',(#8254),#8257);
#8254 = B_SPLINE_CURVE_WITH_KNOTS('',1,(#8255,#8256),.UNSPECIFIED.,.F.,
  .F.,(2,2),(-13.5,-4.5),.PIECEWISE_BEZIER_KNOTS.);
#8255 = CARTESIAN_POINT('',(70.,-18.));
#8256 = CARTESIAN_POINT('',(70.,-9.));
#8257 = ( GEOMETRIC_REPRESENTATION_CONTEXT(2) 
PARAMETRIC_REPRESENTATION_CONTEXT() REPRESENTATION_CONTEXT('2D SPACE',''
  ) );
#8258 = PCURVE('',#8259,#8264);
#8259 = PLANE('',#8260);
#8260 = AXIS2_PLACEMENT_3D('',#8261,#8262,#8263);
#8261 = CARTESIAN_POINT('',(-1.5,-49.5,83.));
#8262 = DIRECTION('',(0.,0.,1.));
#8263 = DIRECTION('',(1.,0.,0.));
#8264 = DEFINITIONAL_REPRESENTATION('',(#8265),#8269);
#8265 = LINE('',#8266,#8267);
#8266 = CARTESIAN_POINT('',(80.8,-4.5));
#8267 = VECTOR('',#8268,1.);
#8268 = DIRECTION('',(0.,-1.));
#8269 = ( GEOMETRIC_REPRESENTATION_CONTEXT(2) 
PARAMETRIC_REPRESENTATION_CONTEXT() REPRESENTATION_CONTEXT('2D SPACE',''
  ) );
#8270 = ORIENTED_EDGE('',*,*,#8271,.F.);
#8271 = EDGE_CURVE('',#8190,#8245,#8272,.T.);
#8272 = SURFACE_CURVE('',#8273,(#8277,#8283),.PCURVE_S1.);
#8273 = LINE('',#8274,#8275);
#8274 = CARTESIAN_POINT('',(79.3,-40.5,46.25));
#8275 = VECTOR('',#8276,1.);
#8276 = DIRECTION('',(0.,0.,1.));
#8277 = PCURVE('',#1290,#8278);
#8278 = DEFINITIONAL_REPRESENTATION('',(#8279),#8282);
#8279 = B_SPLINE_CURVE_WITH_KNOTS('',1,(#8280,#8281),.UNSPECIFIED.,.F.,
  .F.,(2,2),(33.25,36.75),.PIECEWISE_BEZIER_KNOTS.);
#8280 = CARTESIAN_POINT('',(66.5,-18.));
#8281 = CARTESIAN_POINT('',(70.,-18.));
#8282 = ( GEOMETRIC_REPRESENTATION_CONTEXT(2) 
PARAMETRIC_REPRESENTATION_CONTEXT() REPRESENTATION_CONTEXT('2D SPACE',''
  ) );
#8283 = PCURVE('',#8284,#8289);
#8284 = PLANE('',#8285);
#8285 = AXIS2_PLACEMENT_3D('',#8286,#8287,#8288);
#8286 = CARTESIAN_POINT('',(-1.5,-40.5,79.5));
#8287 = DIRECTION('',(0.,1.,0.));
#8288 = DIRECTION('',(0.,0.,1.));
#8289 = DEFINITIONAL_REPRESENTATION('',(#8290),#8294);
#8290 = LINE('',#8291,#8292);
#8291 = CARTESIAN_POINT('',(-33.25,80.8));
#8292 = VECTOR('',#8293,1.);
#8293 = DIRECTION('',(1.,0.));
#8294 = ( GEOMETRIC_REPRESENTATION_CONTEXT(2) 
PARAMETRIC_REPRESENTATION_CONTEXT() REPRESENTATION_CONTEXT('2D SPACE',''
  ) );
#8295 = ADVANCED_FACE('',(#8296),#1262,.F.);
#8296 = FACE_BOUND('',#8297,.T.);
#8297 = EDGE_LOOP('',(#8298,#8319,#8320,#8321,#8349,#8375,#8408,#8434,
    #8467,#8488,#8489,#8510,#8543,#8562,#8563,#8564,#8592,#8619,#8645,
    #8646,#8672,#8673,#8674,#8695,#8850,#8871));
#8298 = ORIENTED_EDGE('',*,*,#8299,.T.);
#8299 = EDGE_CURVE('',#8300,#3859,#8302,.T.);
#8300 = VERTEX_POINT('',#8301);
#8301 = CARTESIAN_POINT('',(64.87181292883,78.3,26.907773667126));
#8302 = SURFACE_CURVE('',#8303,(#8307,#8313),.PCURVE_S1.);
#8303 = LINE('',#8304,#8305);
#8304 = CARTESIAN_POINT('',(64.87181292883,78.3,13.));
#8305 = VECTOR('',#8306,1.);
#8306 = DIRECTION('',(-0.,-0.,-1.));
#8307 = PCURVE('',#1262,#8308);
#8308 = DEFINITIONAL_REPRESENTATION('',(#8309),#8312);
#8309 = B_SPLINE_CURVE_WITH_KNOTS('',1,(#8310,#8311),.UNSPECIFIED.,.F.,
  .F.,(2,2),(-91.6000006,-0.9999994),.PIECEWISE_BEZIER_KNOTS.);
#8310 = CARTESIAN_POINT('',(-1.259453521027,-91.6000006));
#8311 = CARTESIAN_POINT('',(-1.259453521027,-0.9999994));
#8312 = ( GEOMETRIC_REPRESENTATION_CONTEXT(2) 
PARAMETRIC_REPRESENTATION_CONTEXT() REPRESENTATION_CONTEXT('2D SPACE',''
  ) );
#8313 = PCURVE('',#3875,#8314);
#8314 = DEFINITIONAL_REPRESENTATION('',(#8315),#8318);
#8315 = B_SPLINE_CURVE_WITH_KNOTS('',1,(#8316,#8317),.UNSPECIFIED.,.F.,
  .F.,(2,2),(-91.6000006,-0.9999994),.PIECEWISE_BEZIER_KNOTS.);
#8316 = CARTESIAN_POINT('',(86.6500006,122.87181292883));
#8317 = CARTESIAN_POINT('',(-3.9500006,122.87181292883));
#8318 = ( GEOMETRIC_REPRESENTATION_CONTEXT(2) 
PARAMETRIC_REPRESENTATION_CONTEXT() REPRESENTATION_CONTEXT('2D SPACE',''
  ) );
#8319 = ORIENTED_EDGE('',*,*,#3887,.T.);
#8320 = ORIENTED_EDGE('',*,*,#3790,.T.);
#8321 = ORIENTED_EDGE('',*,*,#8322,.T.);
#8322 = EDGE_CURVE('',#3791,#8323,#8325,.T.);
#8323 = VERTEX_POINT('',#8324);
#8324 = CARTESIAN_POINT('',(67.,77.483940581449,18.));
#8325 = SURFACE_CURVE('',#8326,(#8331,#8338),.PCURVE_S1.);
#8326 = CIRCLE('',#8327,20.8);
#8327 = AXIS2_PLACEMENT_3D('',#8328,#8329,#8330);
#8328 = CARTESIAN_POINT('',(58.5,58.5,18.));
#8329 = DIRECTION('',(0.,0.,-1.));
#8330 = DIRECTION('',(1.,0.,0.));
#8331 = PCURVE('',#1262,#8332);
#8332 = DEFINITIONAL_REPRESENTATION('',(#8333),#8337);
#8333 = LINE('',#8334,#8335);
#8334 = CARTESIAN_POINT('',(-6.28318530718,-5.));
#8335 = VECTOR('',#8336,1.);
#8336 = DIRECTION('',(1.,-0.));
#8337 = ( GEOMETRIC_REPRESENTATION_CONTEXT(2) 
PARAMETRIC_REPRESENTATION_CONTEXT() REPRESENTATION_CONTEXT('2D SPACE',''
  ) );
#8338 = PCURVE('',#944,#8339);
#8339 = DEFINITIONAL_REPRESENTATION('',(#8340),#8348);
#8340 = ( BOUNDED_CURVE() B_SPLINE_CURVE(2,(#8341,#8342,#8343,#8344,
#8345,#8346,#8347),.UNSPECIFIED.,.T.,.F.) B_SPLINE_CURVE_WITH_KNOTS((1,2
    ,2,2,2,1),(-2.094395102393,0.,2.094395102393,4.188790204786,
6.28318530718,8.377580409573),.UNSPECIFIED.) CURVE() 
GEOMETRIC_REPRESENTATION_ITEM() RATIONAL_B_SPLINE_CURVE((1.,0.5,1.,0.5,
1.,0.5,1.)) REPRESENTATION_ITEM('') );
#8341 = CARTESIAN_POINT('',(151.8,-13.));
#8342 = CARTESIAN_POINT('',(151.8,-49.02665679743));
#8343 = CARTESIAN_POINT('',(120.6,-31.01332839871));
#8344 = CARTESIAN_POINT('',(89.4,-13.));
#8345 = CARTESIAN_POINT('',(120.6,5.013328398716));
#8346 = CARTESIAN_POINT('',(151.8,23.026656797433));
#8347 = CARTESIAN_POINT('',(151.8,-13.));
#8348 = ( GEOMETRIC_REPRESENTATION_CONTEXT(2) 
PARAMETRIC_REPRESENTATION_CONTEXT() REPRESENTATION_CONTEXT('2D SPACE',''
  ) );
#8349 = ORIENTED_EDGE('',*,*,#8350,.F.);
#8350 = EDGE_CURVE('',#8351,#8323,#8353,.T.);
#8351 = VERTEX_POINT('',#8352);
#8352 = CARTESIAN_POINT('',(67.,77.483940581449,22.));
#8353 = SURFACE_CURVE('',#8354,(#8358,#8364),.PCURVE_S1.);
#8354 = LINE('',#8355,#8356);
#8355 = CARTESIAN_POINT('',(67.,77.483940581449,13.));
#8356 = VECTOR('',#8357,1.);
#8357 = DIRECTION('',(-0.,-0.,-1.));
#8358 = PCURVE('',#1262,#8359);
#8359 = DEFINITIONAL_REPRESENTATION('',(#8360),#8363);
#8360 = B_SPLINE_CURVE_WITH_KNOTS('',1,(#8361,#8362),.UNSPECIFIED.,.F.,
  .F.,(2,2),(-9.8,-0.9999994),.PIECEWISE_BEZIER_KNOTS.);
#8361 = CARTESIAN_POINT('',(-1.149817683355,-9.8));
#8362 = CARTESIAN_POINT('',(-1.149817683355,-0.9999994));
#8363 = ( GEOMETRIC_REPRESENTATION_CONTEXT(2) 
PARAMETRIC_REPRESENTATION_CONTEXT() REPRESENTATION_CONTEXT('2D SPACE',''
  ) );
#8364 = PCURVE('',#8365,#8370);
#8365 = PLANE('',#8366);
#8366 = AXIS2_PLACEMENT_3D('',#8367,#8368,#8369);
#8367 = CARTESIAN_POINT('',(67.,69.,14.));
#8368 = DIRECTION('',(1.,0.,0.));
#8369 = DIRECTION('',(0.,0.,1.));
#8370 = DEFINITIONAL_REPRESENTATION('',(#8371),#8374);
#8371 = B_SPLINE_CURVE_WITH_KNOTS('',1,(#8372,#8373),.UNSPECIFIED.,.F.,
  .F.,(2,2),(-9.8,-0.9999994),.PIECEWISE_BEZIER_KNOTS.);
#8372 = CARTESIAN_POINT('',(8.8,-8.483940581449));
#8373 = CARTESIAN_POINT('',(-5.999999999062E-07,-8.483940581449));
#8374 = ( GEOMETRIC_REPRESENTATION_CONTEXT(2) 
PARAMETRIC_REPRESENTATION_CONTEXT() REPRESENTATION_CONTEXT('2D SPACE',''
  ) );
#8375 = ORIENTED_EDGE('',*,*,#8376,.T.);
#8376 = EDGE_CURVE('',#8351,#8377,#8379,.T.);
#8377 = VERTEX_POINT('',#8378);
#8378 = CARTESIAN_POINT('',(70.484990613263,75.5,22.));
#8379 = SURFACE_CURVE('',#8380,(#8385,#8392),.PCURVE_S1.);
#8380 = CIRCLE('',#8381,20.8);
#8381 = AXIS2_PLACEMENT_3D('',#8382,#8383,#8384);
#8382 = CARTESIAN_POINT('',(58.5,58.5,22.));
#8383 = DIRECTION('',(0.,0.,-1.));
#8384 = DIRECTION('',(1.,0.,0.));
#8385 = PCURVE('',#1262,#8386);
#8386 = DEFINITIONAL_REPRESENTATION('',(#8387),#8391);
#8387 = LINE('',#8388,#8389);
#8388 = CARTESIAN_POINT('',(-6.28318530718,-9.));
#8389 = VECTOR('',#8390,1.);
#8390 = DIRECTION('',(1.,-0.));
#8391 = ( GEOMETRIC_REPRESENTATION_CONTEXT(2) 
PARAMETRIC_REPRESENTATION_CONTEXT() REPRESENTATION_CONTEXT('2D SPACE',''
  ) );
#8392 = PCURVE('',#8393,#8398);
#8393 = PLANE('',#8394);
#8394 = AXIS2_PLACEMENT_3D('',#8395,#8396,#8397);
#8395 = CARTESIAN_POINT('',(67.,69.,22.));
#8396 = DIRECTION('',(0.,0.,1.));
#8397 = DIRECTION('',(1.,0.,0.));
#8398 = DEFINITIONAL_REPRESENTATION('',(#8399),#8407);
#8399 = ( BOUNDED_CURVE() B_SPLINE_CURVE(2,(#8400,#8401,#8402,#8403,
#8404,#8405,#8406),.UNSPECIFIED.,.T.,.F.) B_SPLINE_CURVE_WITH_KNOTS((1,2
    ,2,2,2,1),(-2.094395102393,0.,2.094395102393,4.188790204786,
6.28318530718,8.377580409573),.UNSPECIFIED.) CURVE() 
GEOMETRIC_REPRESENTATION_ITEM() RATIONAL_B_SPLINE_CURVE((1.,0.5,1.,0.5,
1.,0.5,1.)) REPRESENTATION_ITEM('') );
#8400 = CARTESIAN_POINT('',(12.3,-10.5));
#8401 = CARTESIAN_POINT('',(12.3,-46.52665679743));
#8402 = CARTESIAN_POINT('',(-18.9,-28.51332839871));
#8403 = CARTESIAN_POINT('',(-50.1,-10.5));
#8404 = CARTESIAN_POINT('',(-18.9,7.513328398716));
#8405 = CARTESIAN_POINT('',(12.3,25.526656797433));
#8406 = CARTESIAN_POINT('',(12.3,-10.5));
#8407 = ( GEOMETRIC_REPRESENTATION_CONTEXT(2) 
PARAMETRIC_REPRESENTATION_CONTEXT() REPRESENTATION_CONTEXT('2D SPACE',''
  ) );
#8408 = ORIENTED_EDGE('',*,*,#8409,.F.);
#8409 = EDGE_CURVE('',#8410,#8377,#8412,.T.);
#8410 = VERTEX_POINT('',#8411);
#8411 = CARTESIAN_POINT('',(70.484990613263,75.5,24.));
#8412 = SURFACE_CURVE('',#8413,(#8417,#8423),.PCURVE_S1.);
#8413 = LINE('',#8414,#8415);
#8414 = CARTESIAN_POINT('',(70.484990613263,75.5,13.));
#8415 = VECTOR('',#8416,1.);
#8416 = DIRECTION('',(-0.,-0.,-1.));
#8417 = PCURVE('',#1262,#8418);
#8418 = DEFINITIONAL_REPRESENTATION('',(#8419),#8422);
#8419 = B_SPLINE_CURVE_WITH_KNOTS('',1,(#8420,#8421),.UNSPECIFIED.,.F.,
  .F.,(2,2),(-12.,-0.9999994),.PIECEWISE_BEZIER_KNOTS.);
#8420 = CARTESIAN_POINT('',(-0.956722903109,-12.));
#8421 = CARTESIAN_POINT('',(-0.956722903109,-0.9999994));
#8422 = ( GEOMETRIC_REPRESENTATION_CONTEXT(2) 
PARAMETRIC_REPRESENTATION_CONTEXT() REPRESENTATION_CONTEXT('2D SPACE',''
  ) );
#8423 = PCURVE('',#8424,#8429);
#8424 = PLANE('',#8425);
#8425 = AXIS2_PLACEMENT_3D('',#8426,#8427,#8428);
#8426 = CARTESIAN_POINT('',(-72.5,75.5,14.));
#8427 = DIRECTION('',(0.,1.,0.));
#8428 = DIRECTION('',(0.,0.,1.));
#8429 = DEFINITIONAL_REPRESENTATION('',(#8430),#8433);
#8430 = B_SPLINE_CURVE_WITH_KNOTS('',1,(#8431,#8432),.UNSPECIFIED.,.F.,
  .F.,(2,2),(-12.,-0.9999994),.PIECEWISE_BEZIER_KNOTS.);
#8431 = CARTESIAN_POINT('',(11.,142.98499061326));
#8432 = CARTESIAN_POINT('',(-5.999999999062E-07,142.98499061326));
#8433 = ( GEOMETRIC_REPRESENTATION_CONTEXT(2) 
PARAMETRIC_REPRESENTATION_CONTEXT() REPRESENTATION_CONTEXT('2D SPACE',''
  ) );
#8434 = ORIENTED_EDGE('',*,*,#8435,.T.);
#8435 = EDGE_CURVE('',#8410,#8436,#8438,.T.);
#8436 = VERTEX_POINT('',#8437);
#8437 = CARTESIAN_POINT('',(72.5,73.883107618424,24.));
#8438 = SURFACE_CURVE('',#8439,(#8444,#8451),.PCURVE_S1.);
#8439 = CIRCLE('',#8440,20.8);
#8440 = AXIS2_PLACEMENT_3D('',#8441,#8442,#8443);
#8441 = CARTESIAN_POINT('',(58.5,58.5,24.));
#8442 = DIRECTION('',(0.,0.,-1.));
#8443 = DIRECTION('',(1.,0.,0.));
#8444 = PCURVE('',#1262,#8445);
#8445 = DEFINITIONAL_REPRESENTATION('',(#8446),#8450);
#8446 = LINE('',#8447,#8448);
#8447 = CARTESIAN_POINT('',(-6.28318530718,-11.));
#8448 = VECTOR('',#8449,1.);
#8449 = DIRECTION('',(1.,-0.));
#8450 = ( GEOMETRIC_REPRESENTATION_CONTEXT(2) 
PARAMETRIC_REPRESENTATION_CONTEXT() REPRESENTATION_CONTEXT('2D SPACE',''
  ) );
#8451 = PCURVE('',#8452,#8457);
#8452 = PLANE('',#8453);
#8453 = AXIS2_PLACEMENT_3D('',#8454,#8455,#8456);
#8454 = CARTESIAN_POINT('',(-72.5,71.5,24.));
#8455 = DIRECTION('',(0.,0.,1.));
#8456 = DIRECTION('',(1.,0.,0.));
#8457 = DEFINITIONAL_REPRESENTATION('',(#8458),#8466);
#8458 = ( BOUNDED_CURVE() B_SPLINE_CURVE(2,(#8459,#8460,#8461,#8462,
#8463,#8464,#8465),.UNSPECIFIED.,.T.,.F.) B_SPLINE_CURVE_WITH_KNOTS((1,2
    ,2,2,2,1),(-2.094395102393,0.,2.094395102393,4.188790204786,
6.28318530718,8.377580409573),.UNSPECIFIED.) CURVE() 
GEOMETRIC_REPRESENTATION_ITEM() RATIONAL_B_SPLINE_CURVE((1.,0.5,1.,0.5,
1.,0.5,1.)) REPRESENTATION_ITEM('') );
#8459 = CARTESIAN_POINT('',(151.8,-13.));
#8460 = CARTESIAN_POINT('',(151.8,-49.02665679743));
#8461 = CARTESIAN_POINT('',(120.6,-31.01332839871));
#8462 = CARTESIAN_POINT('',(89.4,-13.));
#8463 = CARTESIAN_POINT('',(120.6,5.013328398716));
#8464 = CARTESIAN_POINT('',(151.8,23.026656797433));
#8465 = CARTESIAN_POINT('',(151.8,-13.));
#8466 = ( GEOMETRIC_REPRESENTATION_CONTEXT(2) 
PARAMETRIC_REPRESENTATION_CONTEXT() REPRESENTATION_CONTEXT('2D SPACE',''
  ) );
#8467 = ORIENTED_EDGE('',*,*,#8468,.T.);
#8468 = EDGE_CURVE('',#8436,#2591,#8469,.T.);
#8469 = SURFACE_CURVE('',#8470,(#8474,#8481),.PCURVE_S1.);
#8470 = LINE('',#8471,#8472);
#8471 = CARTESIAN_POINT('',(72.5,73.883107618424,24.));
#8472 = VECTOR('',#8473,1.);
#8473 = DIRECTION('',(-5.684341886081E-15,1.42108547152E-14,-1.));
#8474 = PCURVE('',#1262,#8475);
#8475 = DEFINITIONAL_REPRESENTATION('',(#8476),#8480);
#8476 = LINE('',#8477,#8478);
#8477 = CARTESIAN_POINT('',(-0.832434966382,-11.));
#8478 = VECTOR('',#8479,1.);
#8479 = DIRECTION('',(-0.,1.));
#8480 = ( GEOMETRIC_REPRESENTATION_CONTEXT(2) 
PARAMETRIC_REPRESENTATION_CONTEXT() REPRESENTATION_CONTEXT('2D SPACE',''
  ) );
#8481 = PCURVE('',#2606,#8482);
#8482 = DEFINITIONAL_REPRESENTATION('',(#8483),#8487);
#8483 = LINE('',#8484,#8485);
#8484 = CARTESIAN_POINT('',(10.,-2.383107618424));
#8485 = VECTOR('',#8486,1.);
#8486 = DIRECTION('',(-1.,-1.42108547152E-14));
#8487 = ( GEOMETRIC_REPRESENTATION_CONTEXT(2) 
PARAMETRIC_REPRESENTATION_CONTEXT() REPRESENTATION_CONTEXT('2D SPACE',''
  ) );
#8488 = ORIENTED_EDGE('',*,*,#2618,.T.);
#8489 = ORIENTED_EDGE('',*,*,#8490,.F.);
#8490 = EDGE_CURVE('',#8491,#2619,#8493,.T.);
#8491 = VERTEX_POINT('',#8492);
#8492 = CARTESIAN_POINT('',(74.32371637764,72.,22.));
#8493 = SURFACE_CURVE('',#8494,(#8498,#8504),.PCURVE_S1.);
#8494 = LINE('',#8495,#8496);
#8495 = CARTESIAN_POINT('',(74.32371637764,72.,13.));
#8496 = VECTOR('',#8497,1.);
#8497 = DIRECTION('',(-0.,-0.,-1.));
#8498 = PCURVE('',#1262,#8499);
#8499 = DEFINITIONAL_REPRESENTATION('',(#8500),#8503);
#8500 = B_SPLINE_CURVE_WITH_KNOTS('',1,(#8501,#8502),.UNSPECIFIED.,.F.,
  .F.,(2,2),(-9.8,-0.9999994),.PIECEWISE_BEZIER_KNOTS.);
#8501 = CARTESIAN_POINT('',(-0.706319828609,-9.8));
#8502 = CARTESIAN_POINT('',(-0.706319828609,-0.9999994));
#8503 = ( GEOMETRIC_REPRESENTATION_CONTEXT(2) 
PARAMETRIC_REPRESENTATION_CONTEXT() REPRESENTATION_CONTEXT('2D SPACE',''
  ) );
#8504 = PCURVE('',#2660,#8505);
#8505 = DEFINITIONAL_REPRESENTATION('',(#8506),#8509);
#8506 = B_SPLINE_CURVE_WITH_KNOTS('',1,(#8507,#8508),.UNSPECIFIED.,.F.,
  .F.,(2,2),(-9.8,-0.9999994),.PIECEWISE_BEZIER_KNOTS.);
#8507 = CARTESIAN_POINT('',(8.8,5.32371637764));
#8508 = CARTESIAN_POINT('',(-5.999999999062E-07,5.32371637764));
#8509 = ( GEOMETRIC_REPRESENTATION_CONTEXT(2) 
PARAMETRIC_REPRESENTATION_CONTEXT() REPRESENTATION_CONTEXT('2D SPACE',''
  ) );
#8510 = ORIENTED_EDGE('',*,*,#8511,.T.);
#8511 = EDGE_CURVE('',#8491,#8512,#8514,.T.);
#8512 = VERTEX_POINT('',#8513);
#8513 = CARTESIAN_POINT('',(77.483940581449,67.,22.));
#8514 = SURFACE_CURVE('',#8515,(#8520,#8527),.PCURVE_S1.);
#8515 = CIRCLE('',#8516,20.8);
#8516 = AXIS2_PLACEMENT_3D('',#8517,#8518,#8519);
#8517 = CARTESIAN_POINT('',(58.5,58.5,22.));
#8518 = DIRECTION('',(0.,0.,-1.));
#8519 = DIRECTION('',(1.,0.,0.));
#8520 = PCURVE('',#1262,#8521);
#8521 = DEFINITIONAL_REPRESENTATION('',(#8522),#8526);
#8522 = LINE('',#8523,#8524);
#8523 = CARTESIAN_POINT('',(-6.28318530718,-9.));
#8524 = VECTOR('',#8525,1.);
#8525 = DIRECTION('',(1.,-0.));
#8526 = ( GEOMETRIC_REPRESENTATION_CONTEXT(2) 
PARAMETRIC_REPRESENTATION_CONTEXT() REPRESENTATION_CONTEXT('2D SPACE',''
  ) );
#8527 = PCURVE('',#8528,#8533);
#8528 = PLANE('',#8529);
#8529 = AXIS2_PLACEMENT_3D('',#8530,#8531,#8532);
#8530 = CARTESIAN_POINT('',(69.,67.,22.));
#8531 = DIRECTION('',(0.,0.,1.));
#8532 = DIRECTION('',(1.,0.,0.));
#8533 = DEFINITIONAL_REPRESENTATION('',(#8534),#8542);
#8534 = ( BOUNDED_CURVE() B_SPLINE_CURVE(2,(#8535,#8536,#8537,#8538,
#8539,#8540,#8541),.UNSPECIFIED.,.T.,.F.) B_SPLINE_CURVE_WITH_KNOTS((1,2
    ,2,2,2,1),(-2.094395102393,0.,2.094395102393,4.188790204786,
6.28318530718,8.377580409573),.UNSPECIFIED.) CURVE() 
GEOMETRIC_REPRESENTATION_ITEM() RATIONAL_B_SPLINE_CURVE((1.,0.5,1.,0.5,
1.,0.5,1.)) REPRESENTATION_ITEM('') );
#8535 = CARTESIAN_POINT('',(10.3,-8.5));
#8536 = CARTESIAN_POINT('',(10.3,-44.52665679743));
#8537 = CARTESIAN_POINT('',(-20.9,-26.51332839871));
#8538 = CARTESIAN_POINT('',(-52.1,-8.5));
#8539 = CARTESIAN_POINT('',(-20.9,9.513328398716));
#8540 = CARTESIAN_POINT('',(10.3,27.526656797433));
#8541 = CARTESIAN_POINT('',(10.3,-8.5));
#8542 = ( GEOMETRIC_REPRESENTATION_CONTEXT(2) 
PARAMETRIC_REPRESENTATION_CONTEXT() REPRESENTATION_CONTEXT('2D SPACE',''
  ) );
#8543 = ORIENTED_EDGE('',*,*,#8544,.T.);
#8544 = EDGE_CURVE('',#8512,#1214,#8545,.T.);
#8545 = SURFACE_CURVE('',#8546,(#8550,#8556),.PCURVE_S1.);
#8546 = LINE('',#8547,#8548);
#8547 = CARTESIAN_POINT('',(77.483940581449,67.,13.));
#8548 = VECTOR('',#8549,1.);
#8549 = DIRECTION('',(-0.,-0.,-1.));
#8550 = PCURVE('',#1262,#8551);
#8551 = DEFINITIONAL_REPRESENTATION('',(#8552),#8555);
#8552 = B_SPLINE_CURVE_WITH_KNOTS('',1,(#8553,#8554),.UNSPECIFIED.,.F.,
  .F.,(2,2),(-9.8,-0.9999994),.PIECEWISE_BEZIER_KNOTS.);
#8553 = CARTESIAN_POINT('',(-0.42097864344,-9.8));
#8554 = CARTESIAN_POINT('',(-0.42097864344,-0.9999994));
#8555 = ( GEOMETRIC_REPRESENTATION_CONTEXT(2) 
PARAMETRIC_REPRESENTATION_CONTEXT() REPRESENTATION_CONTEXT('2D SPACE',''
  ) );
#8556 = PCURVE('',#1229,#8557);
#8557 = DEFINITIONAL_REPRESENTATION('',(#8558),#8561);
#8558 = B_SPLINE_CURVE_WITH_KNOTS('',1,(#8559,#8560),.UNSPECIFIED.,.F.,
  .F.,(2,2),(-9.8,-0.9999994),.PIECEWISE_BEZIER_KNOTS.);
#8559 = CARTESIAN_POINT('',(8.8,8.483940581449));
#8560 = CARTESIAN_POINT('',(-5.999999999062E-07,8.483940581449));
#8561 = ( GEOMETRIC_REPRESENTATION_CONTEXT(2) 
PARAMETRIC_REPRESENTATION_CONTEXT() REPRESENTATION_CONTEXT('2D SPACE',''
  ) );
#8562 = ORIENTED_EDGE('',*,*,#1241,.T.);
#8563 = ORIENTED_EDGE('',*,*,#7824,.T.);
#8564 = ORIENTED_EDGE('',*,*,#8565,.F.);
#8565 = EDGE_CURVE('',#8566,#7825,#8568,.T.);
#8566 = VERTEX_POINT('',#8567);
#8567 = CARTESIAN_POINT('',(79.275947631817,59.5,79.5));
#8568 = SURFACE_CURVE('',#8569,(#8574,#8581),.PCURVE_S1.);
#8569 = CIRCLE('',#8570,20.8);
#8570 = AXIS2_PLACEMENT_3D('',#8571,#8572,#8573);
#8571 = CARTESIAN_POINT('',(58.5,58.5,79.5));
#8572 = DIRECTION('',(0.,0.,-1.));
#8573 = DIRECTION('',(1.,0.,0.));
#8574 = PCURVE('',#1262,#8575);
#8575 = DEFINITIONAL_REPRESENTATION('',(#8576),#8580);
#8576 = LINE('',#8577,#8578);
#8577 = CARTESIAN_POINT('',(-6.28318530718,-66.5));
#8578 = VECTOR('',#8579,1.);
#8579 = DIRECTION('',(1.,-0.));
#8580 = ( GEOMETRIC_REPRESENTATION_CONTEXT(2) 
PARAMETRIC_REPRESENTATION_CONTEXT() REPRESENTATION_CONTEXT('2D SPACE',''
  ) );
#8581 = PCURVE('',#7862,#8582);
#8582 = DEFINITIONAL_REPRESENTATION('',(#8583),#8591);
#8583 = ( BOUNDED_CURVE() B_SPLINE_CURVE(2,(#8584,#8585,#8586,#8587,
#8588,#8589,#8590),.UNSPECIFIED.,.T.,.F.) B_SPLINE_CURVE_WITH_KNOTS((1,2
    ,2,2,2,1),(-2.094395102393,0.,2.094395102393,4.188790204786,
6.28318530718,8.377580409573),.UNSPECIFIED.) CURVE() 
GEOMETRIC_REPRESENTATION_ITEM() RATIONAL_B_SPLINE_CURVE((1.,0.5,1.,0.5,
1.,0.5,1.)) REPRESENTATION_ITEM('') );
#8584 = CARTESIAN_POINT('',(80.8,8.));
#8585 = CARTESIAN_POINT('',(80.8,-28.02665679743));
#8586 = CARTESIAN_POINT('',(49.6,-10.01332839871));
#8587 = CARTESIAN_POINT('',(18.4,8.));
#8588 = CARTESIAN_POINT('',(49.6,26.013328398716));
#8589 = CARTESIAN_POINT('',(80.8,44.026656797433));
#8590 = CARTESIAN_POINT('',(80.8,8.));
#8591 = ( GEOMETRIC_REPRESENTATION_CONTEXT(2) 
PARAMETRIC_REPRESENTATION_CONTEXT() REPRESENTATION_CONTEXT('2D SPACE',''
  ) );
#8592 = ORIENTED_EDGE('',*,*,#8593,.F.);
#8593 = EDGE_CURVE('',#8594,#8566,#8596,.T.);
#8594 = VERTEX_POINT('',#8595);
#8595 = CARTESIAN_POINT('',(79.275947631817,59.5,83.));
#8596 = SURFACE_CURVE('',#8597,(#8601,#8607),.PCURVE_S1.);
#8597 = LINE('',#8598,#8599);
#8598 = CARTESIAN_POINT('',(79.275947631817,59.5,13.));
#8599 = VECTOR('',#8600,1.);
#8600 = DIRECTION('',(-0.,-0.,-1.));
#8601 = PCURVE('',#1262,#8602);
#8602 = DEFINITIONAL_REPRESENTATION('',(#8603),#8606);
#8603 = B_SPLINE_CURVE_WITH_KNOTS('',1,(#8604,#8605),.UNSPECIFIED.,.F.,
  .F.,(2,2),(-70.35,-66.15),.PIECEWISE_BEZIER_KNOTS.);
#8604 = CARTESIAN_POINT('',(-4.809546312486E-02,-70.35));
#8605 = CARTESIAN_POINT('',(-4.809546312486E-02,-66.15));
#8606 = ( GEOMETRIC_REPRESENTATION_CONTEXT(2) 
PARAMETRIC_REPRESENTATION_CONTEXT() REPRESENTATION_CONTEXT('2D SPACE',''
  ) );
#8607 = PCURVE('',#8608,#8613);
#8608 = PLANE('',#8609);
#8609 = AXIS2_PLACEMENT_3D('',#8610,#8611,#8612);
#8610 = CARTESIAN_POINT('',(-1.5,59.5,79.5));
#8611 = DIRECTION('',(0.,1.,0.));
#8612 = DIRECTION('',(0.,0.,1.));
#8613 = DEFINITIONAL_REPRESENTATION('',(#8614),#8618);
#8614 = LINE('',#8615,#8616);
#8615 = CARTESIAN_POINT('',(-66.5,80.775947631817));
#8616 = VECTOR('',#8617,1.);
#8617 = DIRECTION('',(-1.,0.));
#8618 = ( GEOMETRIC_REPRESENTATION_CONTEXT(2) 
PARAMETRIC_REPRESENTATION_CONTEXT() REPRESENTATION_CONTEXT('2D SPACE',''
  ) );
#8619 = ORIENTED_EDGE('',*,*,#8620,.T.);
#8620 = EDGE_CURVE('',#8594,#7901,#8621,.T.);
#8621 = SURFACE_CURVE('',#8622,(#8627,#8634),.PCURVE_S1.);
#8622 = CIRCLE('',#8623,20.8);
#8623 = AXIS2_PLACEMENT_3D('',#8624,#8625,#8626);
#8624 = CARTESIAN_POINT('',(58.5,58.5,83.));
#8625 = DIRECTION('',(0.,0.,-1.));
#8626 = DIRECTION('',(1.,0.,0.));
#8627 = PCURVE('',#1262,#8628);
#8628 = DEFINITIONAL_REPRESENTATION('',(#8629),#8633);
#8629 = LINE('',#8630,#8631);
#8630 = CARTESIAN_POINT('',(-6.28318530718,-70.));
#8631 = VECTOR('',#8632,1.);
#8632 = DIRECTION('',(1.,-0.));
#8633 = ( GEOMETRIC_REPRESENTATION_CONTEXT(2) 
PARAMETRIC_REPRESENTATION_CONTEXT() REPRESENTATION_CONTEXT('2D SPACE',''
  ) );
#8634 = PCURVE('',#7915,#8635);
#8635 = DEFINITIONAL_REPRESENTATION('',(#8636),#8644);
#8636 = ( BOUNDED_CURVE() B_SPLINE_CURVE(2,(#8637,#8638,#8639,#8640,
#8641,#8642,#8643),.UNSPECIFIED.,.T.,.F.) B_SPLINE_CURVE_WITH_KNOTS((1,2
    ,2,2,2,1),(-2.094395102393,0.,2.094395102393,4.188790204786,
6.28318530718,8.377580409573),.UNSPECIFIED.) CURVE() 
GEOMETRIC_REPRESENTATION_ITEM() RATIONAL_B_SPLINE_CURVE((1.,0.5,1.,0.5,
1.,0.5,1.)) REPRESENTATION_ITEM('') );
#8637 = CARTESIAN_POINT('',(80.8,8.));
#8638 = CARTESIAN_POINT('',(80.8,-28.02665679743));
#8639 = CARTESIAN_POINT('',(49.6,-10.01332839871));
#8640 = CARTESIAN_POINT('',(18.4,8.));
#8641 = CARTESIAN_POINT('',(49.6,26.013328398716));
#8642 = CARTESIAN_POINT('',(80.8,44.026656797433));
#8643 = CARTESIAN_POINT('',(80.8,8.));
#8644 = ( GEOMETRIC_REPRESENTATION_CONTEXT(2) 
PARAMETRIC_REPRESENTATION_CONTEXT() REPRESENTATION_CONTEXT('2D SPACE',''
  ) );
#8645 = ORIENTED_EDGE('',*,*,#7927,.T.);
#8646 = ORIENTED_EDGE('',*,*,#8647,.F.);
#8647 = EDGE_CURVE('',#3467,#7928,#8648,.T.);
#8648 = SURFACE_CURVE('',#8649,(#8654,#8661),.PCURVE_S1.);
#8649 = CIRCLE('',#8650,20.8);
#8650 = AXIS2_PLACEMENT_3D('',#8651,#8652,#8653);
#8651 = CARTESIAN_POINT('',(58.5,58.5,93.));
#8652 = DIRECTION('',(0.,0.,-1.));
#8653 = DIRECTION('',(1.,0.,0.));
#8654 = PCURVE('',#1262,#8655);
#8655 = DEFINITIONAL_REPRESENTATION('',(#8656),#8660);
#8656 = LINE('',#8657,#8658);
#8657 = CARTESIAN_POINT('',(-6.28318530718,-80.));
#8658 = VECTOR('',#8659,1.);
#8659 = DIRECTION('',(1.,-0.));
#8660 = ( GEOMETRIC_REPRESENTATION_CONTEXT(2) 
PARAMETRIC_REPRESENTATION_CONTEXT() REPRESENTATION_CONTEXT('2D SPACE',''
  ) );
#8661 = PCURVE('',#2851,#8662);
#8662 = DEFINITIONAL_REPRESENTATION('',(#8663),#8671);
#8663 = ( BOUNDED_CURVE() B_SPLINE_CURVE(2,(#8664,#8665,#8666,#8667,
#8668,#8669,#8670),.UNSPECIFIED.,.T.,.F.) B_SPLINE_CURVE_WITH_KNOTS((1,2
    ,2,2,2,1),(-2.094395102393,0.,2.094395102393,4.188790204786,
6.28318530718,8.377580409573),.UNSPECIFIED.) CURVE() 
GEOMETRIC_REPRESENTATION_ITEM() RATIONAL_B_SPLINE_CURVE((1.,0.5,1.,0.5,
1.,0.5,1.)) REPRESENTATION_ITEM('') );
#8664 = CARTESIAN_POINT('',(1.8,124.5));
#8665 = CARTESIAN_POINT('',(1.8,88.473343202567));
#8666 = CARTESIAN_POINT('',(-29.4,106.48667160128));
#8667 = CARTESIAN_POINT('',(-60.6,124.5));
#8668 = CARTESIAN_POINT('',(-29.4,142.51332839871));
#8669 = CARTESIAN_POINT('',(1.8,160.52665679743));
#8670 = CARTESIAN_POINT('',(1.8,124.5));
#8671 = ( GEOMETRIC_REPRESENTATION_CONTEXT(2) 
PARAMETRIC_REPRESENTATION_CONTEXT() REPRESENTATION_CONTEXT('2D SPACE',''
  ) );
#8672 = ORIENTED_EDGE('',*,*,#3513,.F.);
#8673 = ORIENTED_EDGE('',*,*,#4218,.F.);
#8674 = ORIENTED_EDGE('',*,*,#8675,.T.);
#8675 = EDGE_CURVE('',#4198,#8676,#8678,.T.);
#8676 = VERTEX_POINT('',#8677);
#8677 = CARTESIAN_POINT('',(64.87181292883,78.3,96.092226332874));
#8678 = SURFACE_CURVE('',#8679,(#8683,#8689),.PCURVE_S1.);
#8679 = LINE('',#8680,#8681);
#8680 = CARTESIAN_POINT('',(64.87181292883,78.3,13.));
#8681 = VECTOR('',#8682,1.);
#8682 = DIRECTION('',(-0.,-0.,-1.));
#8683 = PCURVE('',#1262,#8684);
#8684 = DEFINITIONAL_REPRESENTATION('',(#8685),#8688);
#8685 = B_SPLINE_CURVE_WITH_KNOTS('',1,(#8686,#8687),.UNSPECIFIED.,.F.,
  .F.,(2,2),(-91.6000006,-0.9999994),.PIECEWISE_BEZIER_KNOTS.);
#8686 = CARTESIAN_POINT('',(-1.259453521027,-91.6000006));
#8687 = CARTESIAN_POINT('',(-1.259453521027,-0.9999994));
#8688 = ( GEOMETRIC_REPRESENTATION_CONTEXT(2) 
PARAMETRIC_REPRESENTATION_CONTEXT() REPRESENTATION_CONTEXT('2D SPACE',''
  ) );
#8689 = PCURVE('',#4007,#8690);
#8690 = DEFINITIONAL_REPRESENTATION('',(#8691),#8694);
#8691 = B_SPLINE_CURVE_WITH_KNOTS('',1,(#8692,#8693),.UNSPECIFIED.,.F.,
  .F.,(2,2),(-91.6000006,-0.9999994),.PIECEWISE_BEZIER_KNOTS.);
#8692 = CARTESIAN_POINT('',(86.6500006,122.87181292883));
#8693 = CARTESIAN_POINT('',(-3.9500006,122.87181292883));
#8694 = ( GEOMETRIC_REPRESENTATION_CONTEXT(2) 
PARAMETRIC_REPRESENTATION_CONTEXT() REPRESENTATION_CONTEXT('2D SPACE',''
  ) );
#8695 = ORIENTED_EDGE('',*,*,#8696,.F.);
#8696 = EDGE_CURVE('',#8697,#8676,#8699,.T.);
#8697 = VERTEX_POINT('',#8698);
#8698 = CARTESIAN_POINT('',(64.87181292883,78.3,87.907773667126));
#8699 = SURFACE_CURVE('',#8700,(#8748,#8799),.PCURVE_S1.);
#8700 = B_SPLINE_CURVE_WITH_KNOTS('',6,(#8701,#8702,#8703,#8704,#8705,
    #8706,#8707,#8708,#8709,#8710,#8711,#8712,#8713,#8714,#8715,#8716,
    #8717,#8718,#8719,#8720,#8721,#8722,#8723,#8724,#8725,#8726,#8727,
    #8728,#8729,#8730,#8731,#8732,#8733,#8734,#8735,#8736,#8737,#8738,
    #8739,#8740,#8741,#8742,#8743,#8744,#8745,#8746,#8747),
  .UNSPECIFIED.,.F.,.F.,(7,5,5,5,5,5,5,5,5,7),(0.,0.104758696784,
    0.209396147502,0.313383808098,0.416049795402,0.549019823301,
    0.669669304464,0.777254190973,0.889763407806,1.),.UNSPECIFIED.);
#8701 = CARTESIAN_POINT('',(63.,78.80738781823,87.5));
#8702 = CARTESIAN_POINT('',(63.356856314285,78.728310517464,87.5));
#8703 = CARTESIAN_POINT('',(63.708431693731,78.642509043481,
    87.533958848731));
#8704 = CARTESIAN_POINT('',(64.049896867639,78.551351642384,
    87.599993436169));
#8705 = CARTESIAN_POINT('',(64.376799360239,78.456824885878,
    87.695118747022));
#8706 = CARTESIAN_POINT('',(64.685359495654,78.361337468202,
    87.815296017341));
#8707 = CARTESIAN_POINT('',(65.259648296607,78.173290054778,
    88.095395380814));
#8708 = CARTESIAN_POINT('',(65.526973039642,78.080220477275,
    88.256025433276));
#8709 = CARTESIAN_POINT('',(65.774238141261,77.989487371232,
    88.434062541002));
#8710 = CARTESIAN_POINT('',(66.001411811176,77.902357384291,
    88.62680472884));
#8711 = CARTESIAN_POINT('',(66.208654198385,77.819879487185,
    88.831995529343));
#8712 = CARTESIAN_POINT('',(66.582567422114,77.666446932947,
    89.262133488963));
#8713 = CARTESIAN_POINT('',(66.749623341563,77.595365665556,
    89.487112236072));
#8714 = CARTESIAN_POINT('',(66.897561037221,77.530538016488,
    89.720870601469));
#8715 = CARTESIAN_POINT('',(67.02659842566,77.472665376881,
    89.961913883695));
#8716 = CARTESIAN_POINT('',(67.136918522632,77.422310754107,
    90.208970426321));
#8717 = CARTESIAN_POINT('',(67.319149588124,77.338061168867,
    90.709646163885));
#8718 = CARTESIAN_POINT('',(67.391518640938,77.303970813595,
    90.96310809616));
#8719 = CARTESIAN_POINT('',(67.445763432446,77.27809755259,
    91.220030734166));
#8720 = CARTESIAN_POINT('',(67.481917984671,77.260744805111,
    91.479238163283));
#8721 = CARTESIAN_POINT('',(67.5,77.252066552783,91.739601930011));
#8722 = CARTESIAN_POINT('',(67.5,77.252066552783,92.337260075521));
#8723 = CARTESIAN_POINT('',(67.469668127194,77.266624274688,
    92.674387449035));
#8724 = CARTESIAN_POINT('',(67.409049388942,77.295717923849,
    93.009002020533));
#8725 = CARTESIAN_POINT('',(67.31808164546,77.338925297289,
    93.338701283111));
#8726 = CARTESIAN_POINT('',(67.196633341283,77.395406450848,
    93.66090068584));
#8727 = CARTESIAN_POINT('',(66.906602445806,77.526085666708,
    94.255552145013));
#8728 = CARTESIAN_POINT('',(66.743426770424,77.598158765172,
    94.529853034879));
#8729 = CARTESIAN_POINT('',(66.554785835421,77.679284505932,
    94.793714450374));
#8730 = CARTESIAN_POINT('',(66.340252097033,77.768404620223,
    95.044898422311));
#8731 = CARTESIAN_POINT('',(66.099384886658,77.864168547563,
    95.280585652578));
#8732 = CARTESIAN_POINT('',(65.593458857174,78.054738174122,
    95.690276473231));
#8733 = CARTESIAN_POINT('',(65.333182259375,78.148774097432,
    95.868731199934));
#8734 = CARTESIAN_POINT('',(65.051475269986,78.245589655345,
    96.029184754393));
#8735 = CARTESIAN_POINT('',(64.749145818577,78.343490117405,
    96.168126707081));
#8736 = CARTESIAN_POINT('',(64.42753073646,78.440615741963,
    96.281837944556));
#8737 = CARTESIAN_POINT('',(63.734255149656,78.633999604283,
    96.454690962033));
#8738 = CARTESIAN_POINT('',(63.359957671388,78.730299105718,
    96.511350207432));
#8739 = CARTESIAN_POINT('',(62.973835792696,78.820262426846,
    96.529914932763));
#8740 = CARTESIAN_POINT('',(62.584963353133,78.90096786597,
    96.507604417346));
#8741 = CARTESIAN_POINT('',(62.202667666368,78.971169045968,
    96.445098256949));
#8742 = CARTESIAN_POINT('',(61.475381264833,79.089319492127,
    96.250222452992));
#8743 = CARTESIAN_POINT('',(61.132851028198,79.137193098681,
    96.120108382974));
#8744 = CARTESIAN_POINT('',(60.811483274713,79.175364231258,
    95.960451920808));
#8745 = CARTESIAN_POINT('',(60.514311643699,79.205209491352,
    95.775942956523));
#8746 = CARTESIAN_POINT('',(60.243466707678,79.228239427484,
    95.571865210198));
#8747 = CARTESIAN_POINT('',(59.999999996186,79.24584295736,
    95.354101962838));
#8748 = PCURVE('',#1262,#8749);
#8749 = DEFINITIONAL_REPRESENTATION('',(#8750),#8798);
#8750 = B_SPLINE_CURVE_WITH_KNOTS('',6,(#8751,#8752,#8753,#8754,#8755,
    #8756,#8757,#8758,#8759,#8760,#8761,#8762,#8763,#8764,#8765,#8766,
    #8767,#8768,#8769,#8770,#8771,#8772,#8773,#8774,#8775,#8776,#8777,
    #8778,#8779,#8780,#8781,#8782,#8783,#8784,#8785,#8786,#8787,#8788,
    #8789,#8790,#8791,#8792,#8793,#8794,#8795,#8796,#8797),
  .UNSPECIFIED.,.F.,.F.,(7,5,5,5,5,5,5,5,5,7),(0.,0.104758696784,
    0.209396147502,0.313383808098,0.416049795402,0.549019823301,
    0.669669304464,0.777254190973,0.889763407806,1.),.UNSPECIFIED.);
#8751 = CARTESIAN_POINT('',(-1.352725898538,-74.5));
#8752 = CARTESIAN_POINT('',(-1.335153165034,-74.5));
#8753 = CARTESIAN_POINT('',(-1.317758365051,-74.53395884873));
#8754 = CARTESIAN_POINT('',(-1.300772674562,-74.59999343616));
#8755 = CARTESIAN_POINT('',(-1.284416838876,-74.69511874702));
#8756 = CARTESIAN_POINT('',(-1.268890191263,-74.81529601734));
#8757 = CARTESIAN_POINT('',(-1.23983766599,-75.09539538081));
#8758 = CARTESIAN_POINT('',(-1.226231237054,-75.25602543327));
#8759 = CARTESIAN_POINT('',(-1.213570767052,-75.434062541));
#8760 = CARTESIAN_POINT('',(-1.201874655835,-75.62680472884));
#8761 = CARTESIAN_POINT('',(-1.191151629374,-75.83199552934));
#8762 = CARTESIAN_POINT('',(-1.171720423465,-76.26213348896));
#8763 = CARTESIAN_POINT('',(-1.162992800432,-76.48711223607));
#8764 = CARTESIAN_POINT('',(-1.155228042818,-76.72087060146));
#8765 = CARTESIAN_POINT('',(-1.148429178044,-76.96191388369));
#8766 = CARTESIAN_POINT('',(-1.142599024896,-77.20897042632));
#8767 = CARTESIAN_POINT('',(-1.132946913085,-77.70964616388));
#8768 = CARTESIAN_POINT('',(-1.129101021162,-77.96310809616));
#8769 = CARTESIAN_POINT('',(-1.126211663146,-78.22003073416));
#8770 = CARTESIAN_POINT('',(-1.124283603029,-78.47923816328));
#8771 = CARTESIAN_POINT('',(-1.123319344984,-78.73960193001));
#8772 = CARTESIAN_POINT('',(-1.123319344984,-79.33726007552));
#8773 = CARTESIAN_POINT('',(-1.12493686656,-79.67438744903));
#8774 = CARTESIAN_POINT('',(-1.128169509548,-80.00900202053));
#8775 = CARTESIAN_POINT('',(-1.133011171526,-80.33870128311));
#8776 = CARTESIAN_POINT('',(-1.139450111506,-80.66090068584));
#8777 = CARTESIAN_POINT('',(-1.154743937503,-81.25555214501));
#8778 = CARTESIAN_POINT('',(-1.163319852582,-81.52985303487));
#8779 = CARTESIAN_POINT('',(-1.173191474279,-81.79371445037));
#8780 = CARTESIAN_POINT('',(-1.184358553311,-82.04489842231));
#8781 = CARTESIAN_POINT('',(-1.196818319228,-82.28058565257));
#8782 = CARTESIAN_POINT('',(-1.222810018672,-82.69027647323));
#8783 = CARTESIAN_POINT('',(-1.236113745335,-82.86873119993));
#8784 = CARTESIAN_POINT('',(-1.250432084638,-83.02918475439));
#8785 = CARTESIAN_POINT('',(-1.265706034144,-83.16812670708));
#8786 = CARTESIAN_POINT('',(-1.281854342281,-83.28183794455));
#8787 = CARTESIAN_POINT('',(-1.316457316735,-83.45469096203));
#8788 = CARTESIAN_POINT('',(-1.335034663899,-83.51135020743));
#8789 = CARTESIAN_POINT('',(-1.354087492881,-83.52991493276));
#8790 = CARTESIAN_POINT('',(-1.373173673998,-83.50760441734));
#8791 = CARTESIAN_POINT('',(-1.391856672481,-83.44509825694));
#8792 = CARTESIAN_POINT('',(-1.427280754182,-83.25022245299));
#8793 = CARTESIAN_POINT('',(-1.443904522022,-83.12010838297));
#8794 = CARTESIAN_POINT('',(-1.459458961899,-82.9604519208));
#8795 = CARTESIAN_POINT('',(-1.473815272839,-82.77594295652));
#8796 = CARTESIAN_POINT('',(-1.486882601453,-82.57186521019));
#8797 = CARTESIAN_POINT('',(-1.498618288067,-82.35410196283));
#8798 = ( GEOMETRIC_REPRESENTATION_CONTEXT(2) 
PARAMETRIC_REPRESENTATION_CONTEXT() REPRESENTATION_CONTEXT('2D SPACE',''
  ) );
#8799 = PCURVE('',#4034,#8800);
#8800 = DEFINITIONAL_REPRESENTATION('',(#8801),#8849);
#8801 = B_SPLINE_CURVE_WITH_KNOTS('',6,(#8802,#8803,#8804,#8805,#8806,
    #8807,#8808,#8809,#8810,#8811,#8812,#8813,#8814,#8815,#8816,#8817,
    #8818,#8819,#8820,#8821,#8822,#8823,#8824,#8825,#8826,#8827,#8828,
    #8829,#8830,#8831,#8832,#8833,#8834,#8835,#8836,#8837,#8838,#8839,
    #8840,#8841,#8842,#8843,#8844,#8845,#8846,#8847,#8848),
  .UNSPECIFIED.,.F.,.F.,(7,5,5,5,5,5,5,5,5,7),(0.,0.104758696784,
    0.209396147502,0.313383808098,0.416049795402,0.549019823301,
    0.669669304464,0.777254190973,0.889763407806,1.),.UNSPECIFIED.);
#8802 = CARTESIAN_POINT('',(0.,0.49261218177));
#8803 = CARTESIAN_POINT('',(7.930140317441E-02,0.571689482536));
#8804 = CARTESIAN_POINT('',(0.157429241331,0.657490956519));
#8805 = CARTESIAN_POINT('',(0.234208176111,0.748648357616));
#8806 = CARTESIAN_POINT('',(0.309413017798,0.843175114122));
#8807 = CARTESIAN_POINT('',(0.3827495159,0.938662531798));
#8808 = CARTESIAN_POINT('',(0.524739479085,1.126709945222));
#8809 = CARTESIAN_POINT('',(0.593780744259,1.219779522725));
#8810 = CARTESIAN_POINT('',(0.661153851077,1.310512628768));
#8811 = CARTESIAN_POINT('',(0.727060289626,1.397642615709));
#8812 = CARTESIAN_POINT('',(0.791687607603,1.480120512815));
#8813 = CARTESIAN_POINT('',(0.918340582143,1.633553067053));
#8814 = CARTESIAN_POINT('',(0.980427957913,1.704634334444));
#8815 = CARTESIAN_POINT('',(1.041652468738,1.769461983512));
#8816 = CARTESIAN_POINT('',(1.102175831343,1.827334623119));
#8817 = CARTESIAN_POINT('',(1.162150963516,1.877689245893));
#8818 = CARTESIAN_POINT('',(1.280552739324,1.961938831133));
#8819 = CARTESIAN_POINT('',(1.33898122201,1.996029186405));
#8820 = CARTESIAN_POINT('',(1.397121025738,2.02190244741));
#8821 = CARTESIAN_POINT('',(1.455071490098,2.039255194889));
#8822 = CARTESIAN_POINT('',(1.51293008902,2.047933447217));
#8823 = CARTESIAN_POINT('',(1.645743010244,2.047933447217));
#8824 = CARTESIAN_POINT('',(1.720660252469,2.033375725312));
#8825 = CARTESIAN_POINT('',(1.795776573143,2.004282076151));
#8826 = CARTESIAN_POINT('',(1.871313961041,1.961074702711));
#8827 = CARTESIAN_POINT('',(1.947498527304,1.904593549152));
#8828 = CARTESIAN_POINT('',(2.094523053388,1.773914333292));
#8829 = CARTESIAN_POINT('',(2.165205698507,1.701841234828));
#8830 = CARTESIAN_POINT('',(2.23689932511,1.620715494068));
#8831 = CARTESIAN_POINT('',(2.309881550549,1.531595379777));
#8832 = CARTESIAN_POINT('',(2.384439800442,1.435831452437));
#8833 = CARTESIAN_POINT('',(2.529107613347,1.245261825878));
#8834 = CARTESIAN_POINT('',(2.599013923966,1.151225902568));
#8835 = CARTESIAN_POINT('',(2.670674257985,1.054410344655));
#8836 = CARTESIAN_POINT('',(2.744173697106,0.956509882595));
#8837 = CARTESIAN_POINT('',(2.819633975973,0.859384258037));
#8838 = CARTESIAN_POINT('',(2.97841159123,0.666000395717));
#8839 = CARTESIAN_POINT('',(3.062163980773,0.569700894282));
#8840 = CARTESIAN_POINT('',(3.147381217329,0.479737573154));
#8841 = CARTESIAN_POINT('',(3.233223528907,0.39903213403));
#8842 = CARTESIAN_POINT('',(3.318878220709,0.328830954032));
#8843 = CARTESIAN_POINT('',(3.486198729119,0.210680507873));
#8844 = CARTESIAN_POINT('',(3.567206498631,0.162806901319));
#8845 = CARTESIAN_POINT('',(3.646392691492,0.124635768742));
#8846 = CARTESIAN_POINT('',(3.723637457366,9.479050864773E-02));
#8847 = CARTESIAN_POINT('',(3.798732561926,7.176057251634E-02));
#8848 = CARTESIAN_POINT('',(3.871320310954,5.415704264001E-02));
#8849 = ( GEOMETRIC_REPRESENTATION_CONTEXT(2) 
PARAMETRIC_REPRESENTATION_CONTEXT() REPRESENTATION_CONTEXT('2D SPACE',''
  ) );
#8850 = ORIENTED_EDGE('',*,*,#8851,.T.);
#8851 = EDGE_CURVE('',#8697,#8852,#8854,.T.);
#8852 = VERTEX_POINT('',#8853);
#8853 = CARTESIAN_POINT('',(64.87181292883,78.3,35.092226332874));
#8854 = SURFACE_CURVE('',#8855,(#8859,#8865),.PCURVE_S1.);
#8855 = LINE('',#8856,#8857);
#8856 = CARTESIAN_POINT('',(64.87181292883,78.3,13.));
#8857 = VECTOR('',#8858,1.);
#8858 = DIRECTION('',(-0.,-0.,-1.));
#8859 = PCURVE('',#1262,#8860);
#8860 = DEFINITIONAL_REPRESENTATION('',(#8861),#8864);
#8861 = B_SPLINE_CURVE_WITH_KNOTS('',1,(#8862,#8863),.UNSPECIFIED.,.F.,
  .F.,(2,2),(-91.6000006,-0.9999994),.PIECEWISE_BEZIER_KNOTS.);
#8862 = CARTESIAN_POINT('',(-1.259453521027,-91.6000006));
#8863 = CARTESIAN_POINT('',(-1.259453521027,-0.9999994));
#8864 = ( GEOMETRIC_REPRESENTATION_CONTEXT(2) 
PARAMETRIC_REPRESENTATION_CONTEXT() REPRESENTATION_CONTEXT('2D SPACE',''
  ) );
#8865 = PCURVE('',#4108,#8866);
#8866 = DEFINITIONAL_REPRESENTATION('',(#8867),#8870);
#8867 = B_SPLINE_CURVE_WITH_KNOTS('',1,(#8868,#8869),.UNSPECIFIED.,.F.,
  .F.,(2,2),(-91.6000006,-0.9999994),.PIECEWISE_BEZIER_KNOTS.);
#8868 = CARTESIAN_POINT('',(86.6500006,122.87181292883));
#8869 = CARTESIAN_POINT('',(-3.9500006,122.87181292883));
#8870 = ( GEOMETRIC_REPRESENTATION_CONTEXT(2) 
PARAMETRIC_REPRESENTATION_CONTEXT() REPRESENTATION_CONTEXT('2D SPACE',''
  ) );
#8871 = ORIENTED_EDGE('',*,*,#8872,.F.);
#8872 = EDGE_CURVE('',#8300,#8852,#8873,.T.);
#8873 = SURFACE_CURVE('',#8874,(#8922,#8973),.PCURVE_S1.);
#8874 = B_SPLINE_CURVE_WITH_KNOTS('',6,(#8875,#8876,#8877,#8878,#8879,
    #8880,#8881,#8882,#8883,#8884,#8885,#8886,#8887,#8888,#8889,#8890,
    #8891,#8892,#8893,#8894,#8895,#8896,#8897,#8898,#8899,#8900,#8901,
    #8902,#8903,#8904,#8905,#8906,#8907,#8908,#8909,#8910,#8911,#8912,
    #8913,#8914,#8915,#8916,#8917,#8918,#8919,#8920,#8921),
  .UNSPECIFIED.,.F.,.F.,(7,5,5,5,5,5,5,5,5,7),(0.,0.104758697323,
    0.209396148636,0.313383804381,0.416049792271,0.54901982093,
    0.669669302782,0.777254189876,0.889763407273,1.),.UNSPECIFIED.);
#8875 = CARTESIAN_POINT('',(63.,78.80738781823,26.5));
#8876 = CARTESIAN_POINT('',(63.356856314461,78.728310517425,26.5));
#8877 = CARTESIAN_POINT('',(63.708431693686,78.642509043483,
    26.533958848764));
#8878 = CARTESIAN_POINT('',(64.04989686747,78.551351642432,
    26.59999343613));
#8879 = CARTESIAN_POINT('',(64.376799360195,78.456824885899,
    26.695118746968));
#8880 = CARTESIAN_POINT('',(64.685359495814,78.36133746815,
    26.815296017419));
#8881 = CARTESIAN_POINT('',(65.259648296607,78.173290054777,
    27.095395380814));
#8882 = CARTESIAN_POINT('',(65.526973039642,78.080220477275,
    27.256025433276));
#8883 = CARTESIAN_POINT('',(65.774238141262,77.989487371232,
    27.434062541003));
#8884 = CARTESIAN_POINT('',(66.001411811175,77.902357384291,
    27.62680472884));
#8885 = CARTESIAN_POINT('',(66.208654198385,77.819879487185,
    27.831995529343));
#8886 = CARTESIAN_POINT('',(66.582567412356,77.666446936951,
    28.262133477738));
#8887 = CARTESIAN_POINT('',(66.749623353844,77.59536566032,
    28.487112255549));
#8888 = CARTESIAN_POINT('',(66.897561039522,77.530538015659,
    28.720870600555));
#8889 = CARTESIAN_POINT('',(67.026598414466,77.472665381725,
    28.961913863787));
#8890 = CARTESIAN_POINT('',(67.136918527434,77.422310751887,
    29.208970439515));
#8891 = CARTESIAN_POINT('',(67.319149588124,77.338061168867,
    29.709646163885));
#8892 = CARTESIAN_POINT('',(67.391518640938,77.303970813595,
    29.96310809616));
#8893 = CARTESIAN_POINT('',(67.445763432446,77.27809755259,
    30.220030734166));
#8894 = CARTESIAN_POINT('',(67.481917984671,77.260744805111,
    30.479238163283));
#8895 = CARTESIAN_POINT('',(67.5,77.252066552783,30.739601930011));
#8896 = CARTESIAN_POINT('',(67.5,77.252066552783,31.337260075521));
#8897 = CARTESIAN_POINT('',(67.469668127194,77.266624274688,
    31.674387449036));
#8898 = CARTESIAN_POINT('',(67.409049388942,77.295717923849,
    32.009002020532));
#8899 = CARTESIAN_POINT('',(67.31808164546,77.33892529729,
    32.338701283111));
#8900 = CARTESIAN_POINT('',(67.196633341283,77.395406450848,
    32.66090068584));
#8901 = CARTESIAN_POINT('',(66.906602445806,77.526085666708,
    33.255552145013));
#8902 = CARTESIAN_POINT('',(66.743426770424,77.598158765172,
    33.529853034879));
#8903 = CARTESIAN_POINT('',(66.554785835421,77.679284505932,
    33.793714450374));
#8904 = CARTESIAN_POINT('',(66.340252097033,77.768404620223,
    34.044898422311));
#8905 = CARTESIAN_POINT('',(66.099384886658,77.864168547563,
    34.280585652578));
#8906 = CARTESIAN_POINT('',(65.593458857241,78.054738174097,
    34.690276473177));
#8907 = CARTESIAN_POINT('',(65.333182259359,78.14877409744,
    34.868731199964));
#8908 = CARTESIAN_POINT('',(65.051475269911,78.245589655371,
    35.029184754431));
#8909 = CARTESIAN_POINT('',(64.749145818553,78.343490117408,
    35.168126707071));
#8910 = CARTESIAN_POINT('',(64.427530736543,78.44061574194,
    35.281837944535));
#8911 = CARTESIAN_POINT('',(63.73425514972,78.633999604265,
    35.454690962018));
#8912 = CARTESIAN_POINT('',(63.35995767137,78.730299105726,
    35.511350207449));
#8913 = CARTESIAN_POINT('',(62.973835792632,78.82026242686,
    35.529914932763));
#8914 = CARTESIAN_POINT('',(62.584963353117,78.90096786597,
    35.507604417328));
#8915 = CARTESIAN_POINT('',(62.202667666431,78.971169045958,
    35.445098256966));
#8916 = CARTESIAN_POINT('',(61.475381264833,79.089319492127,
    35.250222452992));
#8917 = CARTESIAN_POINT('',(61.132851028198,79.137193098681,
    35.120108382974));
#8918 = CARTESIAN_POINT('',(60.811483274713,79.175364231258,
    34.960451920808));
#8919 = CARTESIAN_POINT('',(60.514311643699,79.205209491352,
    34.775942956523));
#8920 = CARTESIAN_POINT('',(60.243466707678,79.228239427484,
    34.571865210198));
#8921 = CARTESIAN_POINT('',(59.999999996186,79.24584295736,
    34.354101962838));
#8922 = PCURVE('',#1262,#8923);
#8923 = DEFINITIONAL_REPRESENTATION('',(#8924),#8972);
#8924 = B_SPLINE_CURVE_WITH_KNOTS('',6,(#8925,#8926,#8927,#8928,#8929,
    #8930,#8931,#8932,#8933,#8934,#8935,#8936,#8937,#8938,#8939,#8940,
    #8941,#8942,#8943,#8944,#8945,#8946,#8947,#8948,#8949,#8950,#8951,
    #8952,#8953,#8954,#8955,#8956,#8957,#8958,#8959,#8960,#8961,#8962,
    #8963,#8964,#8965,#8966,#8967,#8968,#8969,#8970,#8971),
  .UNSPECIFIED.,.F.,.F.,(7,5,5,5,5,5,5,5,5,7),(0.,0.104758697323,
    0.209396148636,0.313383804381,0.416049792271,0.54901982093,
    0.669669302782,0.777254189876,0.889763407273,1.),.UNSPECIFIED.);
#8925 = CARTESIAN_POINT('',(-1.352725898538,-13.5));
#8926 = CARTESIAN_POINT('',(-1.335153165025,-13.5));
#8927 = CARTESIAN_POINT('',(-1.317758365053,-13.53395884876));
#8928 = CARTESIAN_POINT('',(-1.300772674571,-13.59999343613));
#8929 = CARTESIAN_POINT('',(-1.284416838879,-13.69511874696));
#8930 = CARTESIAN_POINT('',(-1.268890191255,-13.81529601741));
#8931 = CARTESIAN_POINT('',(-1.23983766599,-14.09539538081));
#8932 = CARTESIAN_POINT('',(-1.226231237054,-14.25602543327));
#8933 = CARTESIAN_POINT('',(-1.213570767052,-14.434062541));
#8934 = CARTESIAN_POINT('',(-1.201874655835,-14.62680472884));
#8935 = CARTESIAN_POINT('',(-1.191151629374,-14.83199552934));
#8936 = CARTESIAN_POINT('',(-1.171720423972,-15.26213347773));
#8937 = CARTESIAN_POINT('',(-1.16299279979,-15.48711225554));
#8938 = CARTESIAN_POINT('',(-1.155228042701,-15.72087060055));
#8939 = CARTESIAN_POINT('',(-1.148429178631,-15.96191386378));
#8940 = CARTESIAN_POINT('',(-1.142599024641,-16.20897043951));
#8941 = CARTESIAN_POINT('',(-1.132946913085,-16.70964616388));
#8942 = CARTESIAN_POINT('',(-1.129101021162,-16.96310809616));
#8943 = CARTESIAN_POINT('',(-1.126211663146,-17.22003073416));
#8944 = CARTESIAN_POINT('',(-1.124283603029,-17.47923816328));
#8945 = CARTESIAN_POINT('',(-1.123319344984,-17.73960193001));
#8946 = CARTESIAN_POINT('',(-1.123319344984,-18.33726007552));
#8947 = CARTESIAN_POINT('',(-1.12493686656,-18.67438744903));
#8948 = CARTESIAN_POINT('',(-1.128169509548,-19.00900202053));
#8949 = CARTESIAN_POINT('',(-1.133011171526,-19.33870128311));
#8950 = CARTESIAN_POINT('',(-1.139450111506,-19.66090068584));
#8951 = CARTESIAN_POINT('',(-1.154743937503,-20.25555214501));
#8952 = CARTESIAN_POINT('',(-1.163319852582,-20.52985303487));
#8953 = CARTESIAN_POINT('',(-1.173191474279,-20.79371445037));
#8954 = CARTESIAN_POINT('',(-1.184358553311,-21.04489842231));
#8955 = CARTESIAN_POINT('',(-1.196818319228,-21.28058565257));
#8956 = CARTESIAN_POINT('',(-1.222810018669,-21.69027647317));
#8957 = CARTESIAN_POINT('',(-1.236113745336,-21.86873119996));
#8958 = CARTESIAN_POINT('',(-1.250432084642,-22.02918475443));
#8959 = CARTESIAN_POINT('',(-1.265706034145,-22.16812670707));
#8960 = CARTESIAN_POINT('',(-1.281854342277,-22.28183794453));
#8961 = CARTESIAN_POINT('',(-1.316457316731,-22.45469096201));
#8962 = CARTESIAN_POINT('',(-1.3350346639,-22.51135020744));
#8963 = CARTESIAN_POINT('',(-1.354087492884,-22.52991493276));
#8964 = CARTESIAN_POINT('',(-1.373173673999,-22.50760441732));
#8965 = CARTESIAN_POINT('',(-1.391856672478,-22.44509825696));
#8966 = CARTESIAN_POINT('',(-1.427280754182,-22.25022245299));
#8967 = CARTESIAN_POINT('',(-1.443904522022,-22.12010838297));
#8968 = CARTESIAN_POINT('',(-1.459458961899,-21.9604519208));
#8969 = CARTESIAN_POINT('',(-1.473815272839,-21.77594295652));
#8970 = CARTESIAN_POINT('',(-1.486882601453,-21.57186521019));
#8971 = CARTESIAN_POINT('',(-1.498618288067,-21.35410196283));
#8972 = ( GEOMETRIC_REPRESENTATION_CONTEXT(2) 
PARAMETRIC_REPRESENTATION_CONTEXT() REPRESENTATION_CONTEXT('2D SPACE',''
  ) );
#8973 = PCURVE('',#4135,#8974);
#8974 = DEFINITIONAL_REPRESENTATION('',(#8975),#9023);
#8975 = B_SPLINE_CURVE_WITH_KNOTS('',6,(#8976,#8977,#8978,#8979,#8980,
    #8981,#8982,#8983,#8984,#8985,#8986,#8987,#8988,#8989,#8990,#8991,
    #8992,#8993,#8994,#8995,#8996,#8997,#8998,#8999,#9000,#9001,#9002,
    #9003,#9004,#9005,#9006,#9007,#9008,#9009,#9010,#9011,#9012,#9013,
    #9014,#9015,#9016,#9017,#9018,#9019,#9020,#9021,#9022),
  .UNSPECIFIED.,.F.,.F.,(7,5,5,5,5,5,5,5,5,7),(0.,0.104758697323,
    0.209396148636,0.313383804381,0.416049792271,0.54901982093,
    0.669669302782,0.777254189876,0.889763407273,1.),.UNSPECIFIED.);
#8976 = CARTESIAN_POINT('',(0.,0.49261218177));
#8977 = CARTESIAN_POINT('',(7.930140321362E-02,0.571689482575));
#8978 = CARTESIAN_POINT('',(0.157429241321,0.657490956517));
#8979 = CARTESIAN_POINT('',(0.234208176075,0.748648357568));
#8980 = CARTESIAN_POINT('',(0.309413017783,0.843175114101));
#8981 = CARTESIAN_POINT('',(0.38274951594,0.93866253185));
#8982 = CARTESIAN_POINT('',(0.524739479085,1.126709945223));
#8983 = CARTESIAN_POINT('',(0.593780744258,1.219779522725));
#8984 = CARTESIAN_POINT('',(0.661153851077,1.310512628768));
#8985 = CARTESIAN_POINT('',(0.727060289625,1.397642615709));
#8986 = CARTESIAN_POINT('',(0.791687607603,1.480120512815));
#8987 = CARTESIAN_POINT('',(0.918340578837,1.633553063049));
#8988 = CARTESIAN_POINT('',(0.9804279631,1.70463433968));
#8989 = CARTESIAN_POINT('',(1.041652468824,1.769461984341));
#8990 = CARTESIAN_POINT('',(1.102175826196,1.827334618275));
#8991 = CARTESIAN_POINT('',(1.162150966637,1.877689248113));
#8992 = CARTESIAN_POINT('',(1.280552739324,1.961938831133));
#8993 = CARTESIAN_POINT('',(1.33898122201,1.996029186405));
#8994 = CARTESIAN_POINT('',(1.397121025738,2.02190244741));
#8995 = CARTESIAN_POINT('',(1.455071490098,2.039255194889));
#8996 = CARTESIAN_POINT('',(1.51293008902,2.047933447217));
#8997 = CARTESIAN_POINT('',(1.645743010244,2.047933447217));
#8998 = CARTESIAN_POINT('',(1.720660252469,2.033375725312));
#8999 = CARTESIAN_POINT('',(1.795776573143,2.004282076151));
#9000 = CARTESIAN_POINT('',(1.871313961041,1.96107470271));
#9001 = CARTESIAN_POINT('',(1.947498527304,1.904593549152));
#9002 = CARTESIAN_POINT('',(2.094523053388,1.773914333292));
#9003 = CARTESIAN_POINT('',(2.165205698507,1.701841234828));
#9004 = CARTESIAN_POINT('',(2.23689932511,1.620715494068));
#9005 = CARTESIAN_POINT('',(2.309881550549,1.531595379777));
#9006 = CARTESIAN_POINT('',(2.384439800442,1.435831452437));
#9007 = CARTESIAN_POINT('',(2.529107613328,1.245261825903));
#9008 = CARTESIAN_POINT('',(2.599013923973,1.15122590256));
#9009 = CARTESIAN_POINT('',(2.670674258003,1.054410344629));
#9010 = CARTESIAN_POINT('',(2.744173697111,0.956509882592));
#9011 = CARTESIAN_POINT('',(2.819633975955,0.85938425806));
#9012 = CARTESIAN_POINT('',(2.978411591216,0.666000395735));
#9013 = CARTESIAN_POINT('',(3.062163980778,0.569700894274));
#9014 = CARTESIAN_POINT('',(3.147381217342,0.47973757314));
#9015 = CARTESIAN_POINT('',(3.233223528911,0.39903213403));
#9016 = CARTESIAN_POINT('',(3.318878220694,0.328830954042));
#9017 = CARTESIAN_POINT('',(3.486198729119,0.210680507873));
#9018 = CARTESIAN_POINT('',(3.567206498631,0.162806901319));
#9019 = CARTESIAN_POINT('',(3.646392691492,0.124635768742));
#9020 = CARTESIAN_POINT('',(3.723637457366,9.479050864775E-02));
#9021 = CARTESIAN_POINT('',(3.798732561926,7.176057251634E-02));
#9022 = CARTESIAN_POINT('',(3.871320310954,5.415704264001E-02));
#9023 = ( GEOMETRIC_REPRESENTATION_CONTEXT(2) 
PARAMETRIC_REPRESENTATION_CONTEXT() REPRESENTATION_CONTEXT('2D SPACE',''
  ) );
#9024 = ADVANCED_FACE('',(#9025),#1229,.F.);
#9025 = FACE_BOUND('',#9026,.F.);
#9026 = EDGE_LOOP('',(#9027,#9028,#9049,#9070));
#9027 = ORIENTED_EDGE('',*,*,#1213,.F.);
#9028 = ORIENTED_EDGE('',*,*,#9029,.F.);
#9029 = EDGE_CURVE('',#9030,#1185,#9032,.T.);
#9030 = VERTEX_POINT('',#9031);
#9031 = CARTESIAN_POINT('',(73.241657386774,67.,22.));
#9032 = SURFACE_CURVE('',#9033,(#9037,#9043),.PCURVE_S1.);
#9033 = LINE('',#9034,#9035);
#9034 = CARTESIAN_POINT('',(73.241657386774,67.,14.));
#9035 = VECTOR('',#9036,1.);
#9036 = DIRECTION('',(-0.,-0.,-1.));
#9037 = PCURVE('',#1229,#9038);
#9038 = DEFINITIONAL_REPRESENTATION('',(#9039),#9042);
#9039 = B_SPLINE_CURVE_WITH_KNOTS('',1,(#9040,#9041),.UNSPECIFIED.,.F.,
  .F.,(2,2),(-8.8,5.999999999062E-07),.PIECEWISE_BEZIER_KNOTS.);
#9040 = CARTESIAN_POINT('',(8.8,4.241657386774));
#9041 = CARTESIAN_POINT('',(-5.999999999062E-07,4.241657386774));
#9042 = ( GEOMETRIC_REPRESENTATION_CONTEXT(2) 
PARAMETRIC_REPRESENTATION_CONTEXT() REPRESENTATION_CONTEXT('2D SPACE',''
  ) );
#9043 = PCURVE('',#1201,#9044);
#9044 = DEFINITIONAL_REPRESENTATION('',(#9045),#9048);
#9045 = B_SPLINE_CURVE_WITH_KNOTS('',1,(#9046,#9047),.UNSPECIFIED.,.F.,
  .F.,(2,2),(-8.8,5.999999999062E-07),.PIECEWISE_BEZIER_KNOTS.);
#9046 = CARTESIAN_POINT('',(-5.694154336963,-8.8));
#9047 = CARTESIAN_POINT('',(-5.694154336963,5.999999999062E-07));
#9048 = ( GEOMETRIC_REPRESENTATION_CONTEXT(2) 
PARAMETRIC_REPRESENTATION_CONTEXT() REPRESENTATION_CONTEXT('2D SPACE',''
  ) );
#9049 = ORIENTED_EDGE('',*,*,#9050,.T.);
#9050 = EDGE_CURVE('',#9030,#8512,#9051,.T.);
#9051 = SURFACE_CURVE('',#9052,(#9056,#9063),.PCURVE_S1.);
#9052 = LINE('',#9053,#9054);
#9053 = CARTESIAN_POINT('',(69.,67.,22.));
#9054 = VECTOR('',#9055,1.);
#9055 = DIRECTION('',(1.,0.,0.));
#9056 = PCURVE('',#1229,#9057);
#9057 = DEFINITIONAL_REPRESENTATION('',(#9058),#9062);
#9058 = LINE('',#9059,#9060);
#9059 = CARTESIAN_POINT('',(8.,0.));
#9060 = VECTOR('',#9061,1.);
#9061 = DIRECTION('',(0.,1.));
#9062 = ( GEOMETRIC_REPRESENTATION_CONTEXT(2) 
PARAMETRIC_REPRESENTATION_CONTEXT() REPRESENTATION_CONTEXT('2D SPACE',''
  ) );
#9063 = PCURVE('',#8528,#9064);
#9064 = DEFINITIONAL_REPRESENTATION('',(#9065),#9069);
#9065 = LINE('',#9066,#9067);
#9066 = CARTESIAN_POINT('',(0.,0.));
#9067 = VECTOR('',#9068,1.);
#9068 = DIRECTION('',(1.,0.));
#9069 = ( GEOMETRIC_REPRESENTATION_CONTEXT(2) 
PARAMETRIC_REPRESENTATION_CONTEXT() REPRESENTATION_CONTEXT('2D SPACE',''
  ) );
#9070 = ORIENTED_EDGE('',*,*,#8544,.T.);
#9071 = ADVANCED_FACE('',(#9072),#1201,.T.);
#9072 = FACE_BOUND('',#9073,.F.);
#9073 = EDGE_LOOP('',(#9074,#9095,#9123,#9146,#9173,#9174,#9200,#9201,
    #9202,#9225,#9253,#9274));
#9074 = ORIENTED_EDGE('',*,*,#9075,.F.);
#9075 = EDGE_CURVE('',#9076,#2565,#9078,.T.);
#9076 = VERTEX_POINT('',#9077);
#9077 = CARTESIAN_POINT('',(73.241657386774,72.,22.));
#9078 = SURFACE_CURVE('',#9079,(#9083,#9089),.PCURVE_S1.);
#9079 = LINE('',#9080,#9081);
#9080 = CARTESIAN_POINT('',(73.241657386774,72.,14.));
#9081 = VECTOR('',#9082,1.);
#9082 = DIRECTION('',(-0.,-0.,-1.));
#9083 = PCURVE('',#1201,#9084);
#9084 = DEFINITIONAL_REPRESENTATION('',(#9085),#9088);
#9085 = B_SPLINE_CURVE_WITH_KNOTS('',1,(#9086,#9087),.UNSPECIFIED.,.F.,
  .F.,(2,2),(-8.8,5.999999999062E-07),.PIECEWISE_BEZIER_KNOTS.);
#9086 = CARTESIAN_POINT('',(-0.589030970216,-8.8));
#9087 = CARTESIAN_POINT('',(-0.589030970216,5.999999999062E-07));
#9088 = ( GEOMETRIC_REPRESENTATION_CONTEXT(2) 
PARAMETRIC_REPRESENTATION_CONTEXT() REPRESENTATION_CONTEXT('2D SPACE',''
  ) );
#9089 = PCURVE('',#2660,#9090);
#9090 = DEFINITIONAL_REPRESENTATION('',(#9091),#9094);
#9091 = B_SPLINE_CURVE_WITH_KNOTS('',1,(#9092,#9093),.UNSPECIFIED.,.F.,
  .F.,(2,2),(-8.8,5.999999999062E-07),.PIECEWISE_BEZIER_KNOTS.);
#9092 = CARTESIAN_POINT('',(8.8,4.241657386774));
#9093 = CARTESIAN_POINT('',(-5.999999999062E-07,4.241657386774));
#9094 = ( GEOMETRIC_REPRESENTATION_CONTEXT(2) 
PARAMETRIC_REPRESENTATION_CONTEXT() REPRESENTATION_CONTEXT('2D SPACE',''
  ) );
#9095 = ORIENTED_EDGE('',*,*,#9096,.T.);
#9096 = EDGE_CURVE('',#9076,#9097,#9099,.T.);
#9097 = VERTEX_POINT('',#9098);
#9098 = CARTESIAN_POINT('',(74.,69.5,22.));
#9099 = SURFACE_CURVE('',#9100,(#9105,#9112),.PCURVE_S1.);
#9100 = CIRCLE('',#9101,4.5);
#9101 = AXIS2_PLACEMENT_3D('',#9102,#9103,#9104);
#9102 = CARTESIAN_POINT('',(69.5,69.5,22.));
#9103 = DIRECTION('',(0.,0.,-1.));
#9104 = DIRECTION('',(1.,0.,0.));
#9105 = PCURVE('',#1201,#9106);
#9106 = DEFINITIONAL_REPRESENTATION('',(#9107),#9111);
#9107 = LINE('',#9108,#9109);
#9108 = CARTESIAN_POINT('',(-6.28318530718,-8.));
#9109 = VECTOR('',#9110,1.);
#9110 = DIRECTION('',(1.,-0.));
#9111 = ( GEOMETRIC_REPRESENTATION_CONTEXT(2) 
PARAMETRIC_REPRESENTATION_CONTEXT() REPRESENTATION_CONTEXT('2D SPACE',''
  ) );
#9112 = PCURVE('',#8528,#9113);
#9113 = DEFINITIONAL_REPRESENTATION('',(#9114),#9122);
#9114 = ( BOUNDED_CURVE() B_SPLINE_CURVE(2,(#9115,#9116,#9117,#9118,
#9119,#9120,#9121),.UNSPECIFIED.,.T.,.F.) B_SPLINE_CURVE_WITH_KNOTS((1,2
    ,2,2,2,1),(-2.094395102393,0.,2.094395102393,4.188790204786,
6.28318530718,8.377580409573),.UNSPECIFIED.) CURVE() 
GEOMETRIC_REPRESENTATION_ITEM() RATIONAL_B_SPLINE_CURVE((1.,0.5,1.,0.5,
1.,0.5,1.)) REPRESENTATION_ITEM('') );
#9115 = CARTESIAN_POINT('',(5.,2.5));
#9116 = CARTESIAN_POINT('',(5.,-5.29422863406));
#9117 = CARTESIAN_POINT('',(-1.75,-1.39711431703));
#9118 = CARTESIAN_POINT('',(-8.5,2.5));
#9119 = CARTESIAN_POINT('',(-1.75,6.39711431703));
#9120 = CARTESIAN_POINT('',(5.,10.29422863406));
#9121 = CARTESIAN_POINT('',(5.,2.5));
#9122 = ( GEOMETRIC_REPRESENTATION_CONTEXT(2) 
PARAMETRIC_REPRESENTATION_CONTEXT() REPRESENTATION_CONTEXT('2D SPACE',''
  ) );
#9123 = ORIENTED_EDGE('',*,*,#9124,.T.);
#9124 = EDGE_CURVE('',#9097,#9125,#9127,.T.);
#9125 = VERTEX_POINT('',#9126);
#9126 = CARTESIAN_POINT('',(74.,69.5,26.));
#9127 = SEAM_CURVE('',#9128,(#9132,#9139),.PCURVE_S1.);
#9128 = LINE('',#9129,#9130);
#9129 = CARTESIAN_POINT('',(74.,69.5,14.));
#9130 = VECTOR('',#9131,1.);
#9131 = DIRECTION('',(0.,0.,1.));
#9132 = PCURVE('',#1201,#9133);
#9133 = DEFINITIONAL_REPRESENTATION('',(#9134),#9138);
#9134 = LINE('',#9135,#9136);
#9135 = CARTESIAN_POINT('',(-0.,0.));
#9136 = VECTOR('',#9137,1.);
#9137 = DIRECTION('',(-0.,-1.));
#9138 = ( GEOMETRIC_REPRESENTATION_CONTEXT(2) 
PARAMETRIC_REPRESENTATION_CONTEXT() REPRESENTATION_CONTEXT('2D SPACE',''
  ) );
#9139 = PCURVE('',#1201,#9140);
#9140 = DEFINITIONAL_REPRESENTATION('',(#9141),#9145);
#9141 = LINE('',#9142,#9143);
#9142 = CARTESIAN_POINT('',(-6.28318530718,0.));
#9143 = VECTOR('',#9144,1.);
#9144 = DIRECTION('',(-0.,-1.));
#9145 = ( GEOMETRIC_REPRESENTATION_CONTEXT(2) 
PARAMETRIC_REPRESENTATION_CONTEXT() REPRESENTATION_CONTEXT('2D SPACE',''
  ) );
#9146 = ORIENTED_EDGE('',*,*,#9147,.T.);
#9147 = EDGE_CURVE('',#9125,#9125,#9148,.T.);
#9148 = SURFACE_CURVE('',#9149,(#9154,#9161),.PCURVE_S1.);
#9149 = CIRCLE('',#9150,4.5);
#9150 = AXIS2_PLACEMENT_3D('',#9151,#9152,#9153);
#9151 = CARTESIAN_POINT('',(69.5,69.5,26.));
#9152 = DIRECTION('',(0.,0.,1.));
#9153 = DIRECTION('',(1.,0.,0.));
#9154 = PCURVE('',#1201,#9155);
#9155 = DEFINITIONAL_REPRESENTATION('',(#9156),#9160);
#9156 = LINE('',#9157,#9158);
#9157 = CARTESIAN_POINT('',(-0.,-12.));
#9158 = VECTOR('',#9159,1.);
#9159 = DIRECTION('',(-1.,0.));
#9160 = ( GEOMETRIC_REPRESENTATION_CONTEXT(2) 
PARAMETRIC_REPRESENTATION_CONTEXT() REPRESENTATION_CONTEXT('2D SPACE',''
  ) );
#9161 = PCURVE('',#9162,#9167);
#9162 = PLANE('',#9163);
#9163 = AXIS2_PLACEMENT_3D('',#9164,#9165,#9166);
#9164 = CARTESIAN_POINT('',(69.5,69.5,26.));
#9165 = DIRECTION('',(0.,0.,1.));
#9166 = DIRECTION('',(1.,0.,-0.));
#9167 = DEFINITIONAL_REPRESENTATION('',(#9168),#9172);
#9168 = CIRCLE('',#9169,4.5);
#9169 = AXIS2_PLACEMENT_2D('',#9170,#9171);
#9170 = CARTESIAN_POINT('',(0.,0.));
#9171 = DIRECTION('',(1.,0.));
#9172 = ( GEOMETRIC_REPRESENTATION_CONTEXT(2) 
PARAMETRIC_REPRESENTATION_CONTEXT() REPRESENTATION_CONTEXT('2D SPACE',''
  ) );
#9173 = ORIENTED_EDGE('',*,*,#9124,.F.);
#9174 = ORIENTED_EDGE('',*,*,#9175,.T.);
#9175 = EDGE_CURVE('',#9097,#9030,#9176,.T.);
#9176 = SURFACE_CURVE('',#9177,(#9182,#9189),.PCURVE_S1.);
#9177 = CIRCLE('',#9178,4.5);
#9178 = AXIS2_PLACEMENT_3D('',#9179,#9180,#9181);
#9179 = CARTESIAN_POINT('',(69.5,69.5,22.));
#9180 = DIRECTION('',(0.,0.,-1.));
#9181 = DIRECTION('',(1.,0.,0.));
#9182 = PCURVE('',#1201,#9183);
#9183 = DEFINITIONAL_REPRESENTATION('',(#9184),#9188);
#9184 = LINE('',#9185,#9186);
#9185 = CARTESIAN_POINT('',(-6.28318530718,-8.));
#9186 = VECTOR('',#9187,1.);
#9187 = DIRECTION('',(1.,-0.));
#9188 = ( GEOMETRIC_REPRESENTATION_CONTEXT(2) 
PARAMETRIC_REPRESENTATION_CONTEXT() REPRESENTATION_CONTEXT('2D SPACE',''
  ) );
#9189 = PCURVE('',#8528,#9190);
#9190 = DEFINITIONAL_REPRESENTATION('',(#9191),#9199);
#9191 = ( BOUNDED_CURVE() B_SPLINE_CURVE(2,(#9192,#9193,#9194,#9195,
#9196,#9197,#9198),.UNSPECIFIED.,.T.,.F.) B_SPLINE_CURVE_WITH_KNOTS((1,2
    ,2,2,2,1),(-2.094395102393,0.,2.094395102393,4.188790204786,
6.28318530718,8.377580409573),.UNSPECIFIED.) CURVE() 
GEOMETRIC_REPRESENTATION_ITEM() RATIONAL_B_SPLINE_CURVE((1.,0.5,1.,0.5,
1.,0.5,1.)) REPRESENTATION_ITEM('') );
#9192 = CARTESIAN_POINT('',(5.,2.5));
#9193 = CARTESIAN_POINT('',(5.,-5.29422863406));
#9194 = CARTESIAN_POINT('',(-1.75,-1.39711431703));
#9195 = CARTESIAN_POINT('',(-8.5,2.5));
#9196 = CARTESIAN_POINT('',(-1.75,6.39711431703));
#9197 = CARTESIAN_POINT('',(5.,10.29422863406));
#9198 = CARTESIAN_POINT('',(5.,2.5));
#9199 = ( GEOMETRIC_REPRESENTATION_CONTEXT(2) 
PARAMETRIC_REPRESENTATION_CONTEXT() REPRESENTATION_CONTEXT('2D SPACE',''
  ) );
#9200 = ORIENTED_EDGE('',*,*,#9029,.T.);
#9201 = ORIENTED_EDGE('',*,*,#1184,.F.);
#9202 = ORIENTED_EDGE('',*,*,#9203,.F.);
#9203 = EDGE_CURVE('',#9204,#1157,#9206,.T.);
#9204 = VERTEX_POINT('',#9205);
#9205 = CARTESIAN_POINT('',(65.468871125851,71.5,24.));
#9206 = SURFACE_CURVE('',#9207,(#9211,#9218),.PCURVE_S1.);
#9207 = LINE('',#9208,#9209);
#9208 = CARTESIAN_POINT('',(65.468871125851,71.5,24.));
#9209 = VECTOR('',#9210,1.);
#9210 = DIRECTION('',(-5.684341886081E-15,-4.263256414561E-15,-1.));
#9211 = PCURVE('',#1201,#9212);
#9212 = DEFINITIONAL_REPRESENTATION('',(#9213),#9217);
#9213 = LINE('',#9214,#9215);
#9214 = CARTESIAN_POINT('',(-2.681038661908,-10.));
#9215 = VECTOR('',#9216,1.);
#9216 = DIRECTION('',(-0.,1.));
#9217 = ( GEOMETRIC_REPRESENTATION_CONTEXT(2) 
PARAMETRIC_REPRESENTATION_CONTEXT() REPRESENTATION_CONTEXT('2D SPACE',''
  ) );
#9218 = PCURVE('',#1172,#9219);
#9219 = DEFINITIONAL_REPRESENTATION('',(#9220),#9224);
#9220 = LINE('',#9221,#9222);
#9221 = CARTESIAN_POINT('',(10.,137.96887112585));
#9222 = VECTOR('',#9223,1.);
#9223 = DIRECTION('',(-1.,-5.684341886081E-15));
#9224 = ( GEOMETRIC_REPRESENTATION_CONTEXT(2) 
PARAMETRIC_REPRESENTATION_CONTEXT() REPRESENTATION_CONTEXT('2D SPACE',''
  ) );
#9225 = ORIENTED_EDGE('',*,*,#9226,.T.);
#9226 = EDGE_CURVE('',#9204,#9227,#9229,.T.);
#9227 = VERTEX_POINT('',#9228);
#9228 = CARTESIAN_POINT('',(72.5,72.85410196625,24.));
#9229 = SURFACE_CURVE('',#9230,(#9235,#9242),.PCURVE_S1.);
#9230 = CIRCLE('',#9231,4.5);
#9231 = AXIS2_PLACEMENT_3D('',#9232,#9233,#9234);
#9232 = CARTESIAN_POINT('',(69.5,69.5,24.));
#9233 = DIRECTION('',(0.,0.,-1.));
#9234 = DIRECTION('',(1.,0.,0.));
#9235 = PCURVE('',#1201,#9236);
#9236 = DEFINITIONAL_REPRESENTATION('',(#9237),#9241);
#9237 = LINE('',#9238,#9239);
#9238 = CARTESIAN_POINT('',(-6.28318530718,-10.));
#9239 = VECTOR('',#9240,1.);
#9240 = DIRECTION('',(1.,-0.));
#9241 = ( GEOMETRIC_REPRESENTATION_CONTEXT(2) 
PARAMETRIC_REPRESENTATION_CONTEXT() REPRESENTATION_CONTEXT('2D SPACE',''
  ) );
#9242 = PCURVE('',#8452,#9243);
#9243 = DEFINITIONAL_REPRESENTATION('',(#9244),#9252);
#9244 = ( BOUNDED_CURVE() B_SPLINE_CURVE(2,(#9245,#9246,#9247,#9248,
#9249,#9250,#9251),.UNSPECIFIED.,.T.,.F.) B_SPLINE_CURVE_WITH_KNOTS((1,2
    ,2,2,2,1),(-2.094395102393,0.,2.094395102393,4.188790204786,
6.28318530718,8.377580409573),.UNSPECIFIED.) CURVE() 
GEOMETRIC_REPRESENTATION_ITEM() RATIONAL_B_SPLINE_CURVE((1.,0.5,1.,0.5,
1.,0.5,1.)) REPRESENTATION_ITEM('') );
#9245 = CARTESIAN_POINT('',(146.5,-2.));
#9246 = CARTESIAN_POINT('',(146.5,-9.79422863406));
#9247 = CARTESIAN_POINT('',(139.75,-5.89711431703));
#9248 = CARTESIAN_POINT('',(133.,-2.));
#9249 = CARTESIAN_POINT('',(139.75,1.89711431703));
#9250 = CARTESIAN_POINT('',(146.5,5.79422863406));
#9251 = CARTESIAN_POINT('',(146.5,-2.));
#9252 = ( GEOMETRIC_REPRESENTATION_CONTEXT(2) 
PARAMETRIC_REPRESENTATION_CONTEXT() REPRESENTATION_CONTEXT('2D SPACE',''
  ) );
#9253 = ORIENTED_EDGE('',*,*,#9254,.F.);
#9254 = EDGE_CURVE('',#2567,#9227,#9255,.T.);
#9255 = SURFACE_CURVE('',#9256,(#9260,#9267),.PCURVE_S1.);
#9256 = LINE('',#9257,#9258);
#9257 = CARTESIAN_POINT('',(72.5,72.85410196625,14.));
#9258 = VECTOR('',#9259,1.);
#9259 = DIRECTION('',(8.526512829121E-15,-1.563194018672E-14,1.));
#9260 = PCURVE('',#1201,#9261);
#9261 = DEFINITIONAL_REPRESENTATION('',(#9262),#9266);
#9262 = LINE('',#9263,#9264);
#9263 = CARTESIAN_POINT('',(-0.841068670568,0.));
#9264 = VECTOR('',#9265,1.);
#9265 = DIRECTION('',(-0.,-1.));
#9266 = ( GEOMETRIC_REPRESENTATION_CONTEXT(2) 
PARAMETRIC_REPRESENTATION_CONTEXT() REPRESENTATION_CONTEXT('2D SPACE',''
  ) );
#9267 = PCURVE('',#2606,#9268);
#9268 = DEFINITIONAL_REPRESENTATION('',(#9269),#9273);
#9269 = LINE('',#9270,#9271);
#9270 = CARTESIAN_POINT('',(0.,-1.35410196625));
#9271 = VECTOR('',#9272,1.);
#9272 = DIRECTION('',(1.,1.563194018672E-14));
#9273 = ( GEOMETRIC_REPRESENTATION_CONTEXT(2) 
PARAMETRIC_REPRESENTATION_CONTEXT() REPRESENTATION_CONTEXT('2D SPACE',''
  ) );
#9274 = ORIENTED_EDGE('',*,*,#2564,.F.);
#9275 = ADVANCED_FACE('',(#9276),#1172,.F.);
#9276 = FACE_BOUND('',#9277,.F.);
#9277 = EDGE_LOOP('',(#9278,#9279,#9300,#9321));
#9278 = ORIENTED_EDGE('',*,*,#1156,.F.);
#9279 = ORIENTED_EDGE('',*,*,#9280,.F.);
#9280 = EDGE_CURVE('',#9281,#1131,#9283,.T.);
#9281 = VERTEX_POINT('',#9282);
#9282 = CARTESIAN_POINT('',(-36.,71.5,24.));
#9283 = SURFACE_CURVE('',#9284,(#9288,#9294),.PCURVE_S1.);
#9284 = LINE('',#9285,#9286);
#9285 = CARTESIAN_POINT('',(-36.,71.5,13.));
#9286 = VECTOR('',#9287,1.);
#9287 = DIRECTION('',(0.,0.,-1.));
#9288 = PCURVE('',#1172,#9289);
#9289 = DEFINITIONAL_REPRESENTATION('',(#9290),#9293);
#9290 = B_SPLINE_CURVE_WITH_KNOTS('',1,(#9291,#9292),.UNSPECIFIED.,.F.,
  .F.,(2,2),(-11.,-1.),.PIECEWISE_BEZIER_KNOTS.);
#9291 = CARTESIAN_POINT('',(10.,36.5));
#9292 = CARTESIAN_POINT('',(0.,36.5));
#9293 = ( GEOMETRIC_REPRESENTATION_CONTEXT(2) 
PARAMETRIC_REPRESENTATION_CONTEXT() REPRESENTATION_CONTEXT('2D SPACE',''
  ) );
#9294 = PCURVE('',#1145,#9295);
#9295 = DEFINITIONAL_REPRESENTATION('',(#9296),#9299);
#9296 = B_SPLINE_CURVE_WITH_KNOTS('',1,(#9297,#9298),.UNSPECIFIED.,.F.,
  .F.,(2,2),(-11.,-1.),.PIECEWISE_BEZIER_KNOTS.);
#9297 = CARTESIAN_POINT('',(12.,-12.));
#9298 = CARTESIAN_POINT('',(2.,-12.));
#9299 = ( GEOMETRIC_REPRESENTATION_CONTEXT(2) 
PARAMETRIC_REPRESENTATION_CONTEXT() REPRESENTATION_CONTEXT('2D SPACE',''
  ) );
#9300 = ORIENTED_EDGE('',*,*,#9301,.T.);
#9301 = EDGE_CURVE('',#9281,#9204,#9302,.T.);
#9302 = SURFACE_CURVE('',#9303,(#9307,#9314),.PCURVE_S1.);
#9303 = LINE('',#9304,#9305);
#9304 = CARTESIAN_POINT('',(-72.5,71.5,24.));
#9305 = VECTOR('',#9306,1.);
#9306 = DIRECTION('',(1.,0.,0.));
#9307 = PCURVE('',#1172,#9308);
#9308 = DEFINITIONAL_REPRESENTATION('',(#9309),#9313);
#9309 = LINE('',#9310,#9311);
#9310 = CARTESIAN_POINT('',(10.,0.));
#9311 = VECTOR('',#9312,1.);
#9312 = DIRECTION('',(0.,1.));
#9313 = ( GEOMETRIC_REPRESENTATION_CONTEXT(2) 
PARAMETRIC_REPRESENTATION_CONTEXT() REPRESENTATION_CONTEXT('2D SPACE',''
  ) );
#9314 = PCURVE('',#8452,#9315);
#9315 = DEFINITIONAL_REPRESENTATION('',(#9316),#9320);
#9316 = LINE('',#9317,#9318);
#9317 = CARTESIAN_POINT('',(0.,0.));
#9318 = VECTOR('',#9319,1.);
#9319 = DIRECTION('',(1.,0.));
#9320 = ( GEOMETRIC_REPRESENTATION_CONTEXT(2) 
PARAMETRIC_REPRESENTATION_CONTEXT() REPRESENTATION_CONTEXT('2D SPACE',''
  ) );
#9321 = ORIENTED_EDGE('',*,*,#9203,.T.);
#9322 = ADVANCED_FACE('',(#9323),#1145,.F.);
#9323 = FACE_BOUND('',#9324,.F.);
#9324 = EDGE_LOOP('',(#9325,#9326,#9327,#9348,#9374,#9400,#9421,#9442));
#9325 = ORIENTED_EDGE('',*,*,#9280,.T.);
#9326 = ORIENTED_EDGE('',*,*,#1130,.T.);
#9327 = ORIENTED_EDGE('',*,*,#9328,.F.);
#9328 = EDGE_CURVE('',#9329,#1108,#9331,.T.);
#9329 = VERTEX_POINT('',#9330);
#9330 = CARTESIAN_POINT('',(-36.,82.5,17.95));
#9331 = SURFACE_CURVE('',#9332,(#9336,#9342),.PCURVE_S1.);
#9332 = LINE('',#9333,#9334);
#9333 = CARTESIAN_POINT('',(-36.,82.5,13.));
#9334 = VECTOR('',#9335,1.);
#9335 = DIRECTION('',(0.,0.,-1.));
#9336 = PCURVE('',#1145,#9337);
#9337 = DEFINITIONAL_REPRESENTATION('',(#9338),#9341);
#9338 = B_SPLINE_CURVE_WITH_KNOTS('',1,(#9339,#9340),.UNSPECIFIED.,.F.,
  .F.,(2,2),(-5.,-1.),.PIECEWISE_BEZIER_KNOTS.);
#9339 = CARTESIAN_POINT('',(6.,-23.));
#9340 = CARTESIAN_POINT('',(2.,-23.));
#9341 = ( GEOMETRIC_REPRESENTATION_CONTEXT(2) 
PARAMETRIC_REPRESENTATION_CONTEXT() REPRESENTATION_CONTEXT('2D SPACE',''
  ) );
#9342 = PCURVE('',#1010,#9343);
#9343 = DEFINITIONAL_REPRESENTATION('',(#9344),#9347);
#9344 = B_SPLINE_CURVE_WITH_KNOTS('',1,(#9345,#9346),.UNSPECIFIED.,.F.,
  .F.,(2,2),(-5.,-1.),.PIECEWISE_BEZIER_KNOTS.);
#9345 = CARTESIAN_POINT('',(4.,22.5));
#9346 = CARTESIAN_POINT('',(0.,22.5));
#9347 = ( GEOMETRIC_REPRESENTATION_CONTEXT(2) 
PARAMETRIC_REPRESENTATION_CONTEXT() REPRESENTATION_CONTEXT('2D SPACE',''
  ) );
#9348 = ORIENTED_EDGE('',*,*,#9349,.F.);
#9349 = EDGE_CURVE('',#9350,#9329,#9352,.T.);
#9350 = VERTEX_POINT('',#9351);
#9351 = CARTESIAN_POINT('',(-36.,78.3,17.95));
#9352 = SURFACE_CURVE('',#9353,(#9357,#9363),.PCURVE_S1.);
#9353 = LINE('',#9354,#9355);
#9354 = CARTESIAN_POINT('',(-36.,68.9,17.95));
#9355 = VECTOR('',#9356,1.);
#9356 = DIRECTION('',(0.,1.,0.));
#9357 = PCURVE('',#1145,#9358);
#9358 = DEFINITIONAL_REPRESENTATION('',(#9359),#9362);
#9359 = B_SPLINE_CURVE_WITH_KNOTS('',1,(#9360,#9361),.UNSPECIFIED.,.F.,
  .F.,(2,2),(9.4,13.6),.PIECEWISE_BEZIER_KNOTS.);
#9360 = CARTESIAN_POINT('',(5.95,-18.8));
#9361 = CARTESIAN_POINT('',(5.95,-23.));
#9362 = ( GEOMETRIC_REPRESENTATION_CONTEXT(2) 
PARAMETRIC_REPRESENTATION_CONTEXT() REPRESENTATION_CONTEXT('2D SPACE',''
  ) );
#9363 = PCURVE('',#9364,#9369);
#9364 = PLANE('',#9365);
#9365 = AXIS2_PLACEMENT_3D('',#9366,#9367,#9368);
#9366 = CARTESIAN_POINT('',(-58.,78.3,17.95));
#9367 = DIRECTION('',(0.,0.,1.));
#9368 = DIRECTION('',(1.,0.,0.));
#9369 = DEFINITIONAL_REPRESENTATION('',(#9370),#9373);
#9370 = B_SPLINE_CURVE_WITH_KNOTS('',1,(#9371,#9372),.UNSPECIFIED.,.F.,
  .F.,(2,2),(9.4,13.6),.PIECEWISE_BEZIER_KNOTS.);
#9371 = CARTESIAN_POINT('',(22.,0.));
#9372 = CARTESIAN_POINT('',(22.,4.2));
#9373 = ( GEOMETRIC_REPRESENTATION_CONTEXT(2) 
PARAMETRIC_REPRESENTATION_CONTEXT() REPRESENTATION_CONTEXT('2D SPACE',''
  ) );
#9374 = ORIENTED_EDGE('',*,*,#9375,.F.);
#9375 = EDGE_CURVE('',#9376,#9350,#9378,.T.);
#9376 = VERTEX_POINT('',#9377);
#9377 = CARTESIAN_POINT('',(-36.,78.3,18.));
#9378 = SURFACE_CURVE('',#9379,(#9383,#9389),.PCURVE_S1.);
#9379 = LINE('',#9380,#9381);
#9380 = CARTESIAN_POINT('',(-36.,78.3,14.975));
#9381 = VECTOR('',#9382,1.);
#9382 = DIRECTION('',(0.,0.,-1.));
#9383 = PCURVE('',#1145,#9384);
#9384 = DEFINITIONAL_REPRESENTATION('',(#9385),#9388);
#9385 = B_SPLINE_CURVE_WITH_KNOTS('',1,(#9386,#9387),.UNSPECIFIED.,.F.,
  .F.,(2,2),(-3.025,-2.975),.PIECEWISE_BEZIER_KNOTS.);
#9386 = CARTESIAN_POINT('',(6.,-18.8));
#9387 = CARTESIAN_POINT('',(5.95,-18.8));
#9388 = ( GEOMETRIC_REPRESENTATION_CONTEXT(2) 
PARAMETRIC_REPRESENTATION_CONTEXT() REPRESENTATION_CONTEXT('2D SPACE',''
  ) );
#9389 = PCURVE('',#9390,#9395);
#9390 = PLANE('',#9391);
#9391 = AXIS2_PLACEMENT_3D('',#9392,#9393,#9394);
#9392 = CARTESIAN_POINT('',(-58.,78.3,17.95));
#9393 = DIRECTION('',(0.,1.,0.));
#9394 = DIRECTION('',(0.,0.,1.));
#9395 = DEFINITIONAL_REPRESENTATION('',(#9396),#9399);
#9396 = B_SPLINE_CURVE_WITH_KNOTS('',1,(#9397,#9398),.UNSPECIFIED.,.F.,
  .F.,(2,2),(-3.025,-2.975),.PIECEWISE_BEZIER_KNOTS.);
#9397 = CARTESIAN_POINT('',(5.E-02,22.));
#9398 = CARTESIAN_POINT('',(0.,22.));
#9399 = ( GEOMETRIC_REPRESENTATION_CONTEXT(2) 
PARAMETRIC_REPRESENTATION_CONTEXT() REPRESENTATION_CONTEXT('2D SPACE',''
  ) );
#9400 = ORIENTED_EDGE('',*,*,#9401,.F.);
#9401 = EDGE_CURVE('',#9402,#9376,#9404,.T.);
#9402 = VERTEX_POINT('',#9403);
#9403 = CARTESIAN_POINT('',(-36.,75.5,18.));
#9404 = SURFACE_CURVE('',#9405,(#9409,#9415),.PCURVE_S1.);
#9405 = LINE('',#9406,#9407);
#9406 = CARTESIAN_POINT('',(-36.,65.5,18.));
#9407 = VECTOR('',#9408,1.);
#9408 = DIRECTION('',(0.,1.,0.));
#9409 = PCURVE('',#1145,#9410);
#9410 = DEFINITIONAL_REPRESENTATION('',(#9411),#9414);
#9411 = B_SPLINE_CURVE_WITH_KNOTS('',1,(#9412,#9413),.UNSPECIFIED.,.F.,
  .F.,(2,2),(10.,17.),.PIECEWISE_BEZIER_KNOTS.);
#9412 = CARTESIAN_POINT('',(6.,-16.));
#9413 = CARTESIAN_POINT('',(6.,-23.));
#9414 = ( GEOMETRIC_REPRESENTATION_CONTEXT(2) 
PARAMETRIC_REPRESENTATION_CONTEXT() REPRESENTATION_CONTEXT('2D SPACE',''
  ) );
#9415 = PCURVE('',#944,#9416);
#9416 = DEFINITIONAL_REPRESENTATION('',(#9417),#9420);
#9417 = B_SPLINE_CURVE_WITH_KNOTS('',1,(#9418,#9419),.UNSPECIFIED.,.F.,
  .F.,(2,2),(10.,17.),.PIECEWISE_BEZIER_KNOTS.);
#9418 = CARTESIAN_POINT('',(36.5,4.));
#9419 = CARTESIAN_POINT('',(36.5,11.));
#9420 = ( GEOMETRIC_REPRESENTATION_CONTEXT(2) 
PARAMETRIC_REPRESENTATION_CONTEXT() REPRESENTATION_CONTEXT('2D SPACE',''
  ) );
#9421 = ORIENTED_EDGE('',*,*,#9422,.F.);
#9422 = EDGE_CURVE('',#9423,#9402,#9425,.T.);
#9423 = VERTEX_POINT('',#9424);
#9424 = CARTESIAN_POINT('',(-36.,75.5,24.));
#9425 = SURFACE_CURVE('',#9426,(#9430,#9436),.PCURVE_S1.);
#9426 = LINE('',#9427,#9428);
#9427 = CARTESIAN_POINT('',(-36.,75.5,13.));
#9428 = VECTOR('',#9429,1.);
#9429 = DIRECTION('',(0.,0.,-1.));
#9430 = PCURVE('',#1145,#9431);
#9431 = DEFINITIONAL_REPRESENTATION('',(#9432),#9435);
#9432 = B_SPLINE_CURVE_WITH_KNOTS('',1,(#9433,#9434),.UNSPECIFIED.,.F.,
  .F.,(2,2),(-11.,-5.),.PIECEWISE_BEZIER_KNOTS.);
#9433 = CARTESIAN_POINT('',(12.,-16.));
#9434 = CARTESIAN_POINT('',(6.,-16.));
#9435 = ( GEOMETRIC_REPRESENTATION_CONTEXT(2) 
PARAMETRIC_REPRESENTATION_CONTEXT() REPRESENTATION_CONTEXT('2D SPACE',''
  ) );
#9436 = PCURVE('',#8424,#9437);
#9437 = DEFINITIONAL_REPRESENTATION('',(#9438),#9441);
#9438 = B_SPLINE_CURVE_WITH_KNOTS('',1,(#9439,#9440),.UNSPECIFIED.,.F.,
  .F.,(2,2),(-11.,-5.),.PIECEWISE_BEZIER_KNOTS.);
#9439 = CARTESIAN_POINT('',(10.,36.5));
#9440 = CARTESIAN_POINT('',(4.,36.5));
#9441 = ( GEOMETRIC_REPRESENTATION_CONTEXT(2) 
PARAMETRIC_REPRESENTATION_CONTEXT() REPRESENTATION_CONTEXT('2D SPACE',''
  ) );
#9442 = ORIENTED_EDGE('',*,*,#9443,.F.);
#9443 = EDGE_CURVE('',#9281,#9423,#9444,.T.);
#9444 = SURFACE_CURVE('',#9445,(#9449,#9455),.PCURVE_S1.);
#9445 = LINE('',#9446,#9447);
#9446 = CARTESIAN_POINT('',(-36.,65.5,24.));
#9447 = VECTOR('',#9448,1.);
#9448 = DIRECTION('',(0.,1.,0.));
#9449 = PCURVE('',#1145,#9450);
#9450 = DEFINITIONAL_REPRESENTATION('',(#9451),#9454);
#9451 = B_SPLINE_CURVE_WITH_KNOTS('',1,(#9452,#9453),.UNSPECIFIED.,.F.,
  .F.,(2,2),(6.,10.),.PIECEWISE_BEZIER_KNOTS.);
#9452 = CARTESIAN_POINT('',(12.,-12.));
#9453 = CARTESIAN_POINT('',(12.,-16.));
#9454 = ( GEOMETRIC_REPRESENTATION_CONTEXT(2) 
PARAMETRIC_REPRESENTATION_CONTEXT() REPRESENTATION_CONTEXT('2D SPACE',''
  ) );
#9455 = PCURVE('',#8452,#9456);
#9456 = DEFINITIONAL_REPRESENTATION('',(#9457),#9460);
#9457 = B_SPLINE_CURVE_WITH_KNOTS('',1,(#9458,#9459),.UNSPECIFIED.,.F.,
  .F.,(2,2),(6.,10.),.PIECEWISE_BEZIER_KNOTS.);
#9458 = CARTESIAN_POINT('',(36.5,0.));
#9459 = CARTESIAN_POINT('',(36.5,4.));
#9460 = ( GEOMETRIC_REPRESENTATION_CONTEXT(2) 
PARAMETRIC_REPRESENTATION_CONTEXT() REPRESENTATION_CONTEXT('2D SPACE',''
  ) );
#9461 = ADVANCED_FACE('',(#9462),#1010,.T.);
#9462 = FACE_BOUND('',#9463,.T.);
#9463 = EDGE_LOOP('',(#9464,#9465,#9466,#9487,#9509));
#9464 = ORIENTED_EDGE('',*,*,#1107,.F.);
#9465 = ORIENTED_EDGE('',*,*,#9328,.F.);
#9466 = ORIENTED_EDGE('',*,*,#9467,.T.);
#9467 = EDGE_CURVE('',#9329,#9468,#9470,.T.);
#9468 = VERTEX_POINT('',#9469);
#9469 = CARTESIAN_POINT('',(58.,82.5,17.95));
#9470 = SURFACE_CURVE('',#9471,(#9475,#9481),.PCURVE_S1.);
#9471 = LINE('',#9472,#9473);
#9472 = CARTESIAN_POINT('',(-58.25,82.5,17.95));
#9473 = VECTOR('',#9474,1.);
#9474 = DIRECTION('',(1.,0.,0.));
#9475 = PCURVE('',#1010,#9476);
#9476 = DEFINITIONAL_REPRESENTATION('',(#9477),#9480);
#9477 = B_SPLINE_CURVE_WITH_KNOTS('',1,(#9478,#9479),.UNSPECIFIED.,.F.,
  .F.,(2,2),(0.25,116.25),.PIECEWISE_BEZIER_KNOTS.);
#9478 = CARTESIAN_POINT('',(3.95,0.5));
#9479 = CARTESIAN_POINT('',(3.95,116.5));
#9480 = ( GEOMETRIC_REPRESENTATION_CONTEXT(2) 
PARAMETRIC_REPRESENTATION_CONTEXT() REPRESENTATION_CONTEXT('2D SPACE',''
  ) );
#9481 = PCURVE('',#9364,#9482);
#9482 = DEFINITIONAL_REPRESENTATION('',(#9483),#9486);
#9483 = B_SPLINE_CURVE_WITH_KNOTS('',1,(#9484,#9485),.UNSPECIFIED.,.F.,
  .F.,(2,2),(0.25,116.25),.PIECEWISE_BEZIER_KNOTS.);
#9484 = CARTESIAN_POINT('',(0.,4.2));
#9485 = CARTESIAN_POINT('',(116.,4.2));
#9486 = ( GEOMETRIC_REPRESENTATION_CONTEXT(2) 
PARAMETRIC_REPRESENTATION_CONTEXT() REPRESENTATION_CONTEXT('2D SPACE',''
  ) );
#9487 = ORIENTED_EDGE('',*,*,#9488,.F.);
#9488 = EDGE_CURVE('',#961,#9468,#9489,.T.);
#9489 = SURFACE_CURVE('',#9490,(#9495,#9502),.PCURVE_S1.);
#9490 = CIRCLE('',#9491,8.15);
#9491 = AXIS2_PLACEMENT_3D('',#9492,#9493,#9494);
#9492 = CARTESIAN_POINT('',(58.,82.5,26.1));
#9493 = DIRECTION('',(0.,1.,0.));
#9494 = DIRECTION('',(0.,-0.,1.));
#9495 = PCURVE('',#1010,#9496);
#9496 = DEFINITIONAL_REPRESENTATION('',(#9497),#9501);
#9497 = CIRCLE('',#9498,8.15);
#9498 = AXIS2_PLACEMENT_2D('',#9499,#9500);
#9499 = CARTESIAN_POINT('',(12.1,116.5));
#9500 = DIRECTION('',(1.,0.));
#9501 = ( GEOMETRIC_REPRESENTATION_CONTEXT(2) 
PARAMETRIC_REPRESENTATION_CONTEXT() REPRESENTATION_CONTEXT('2D SPACE',''
  ) );
#9502 = PCURVE('',#980,#9503);
#9503 = DEFINITIONAL_REPRESENTATION('',(#9504),#9508);
#9504 = LINE('',#9505,#9506);
#9505 = CARTESIAN_POINT('',(0.,4.2));
#9506 = VECTOR('',#9507,1.);
#9507 = DIRECTION('',(1.,0.));
#9508 = ( GEOMETRIC_REPRESENTATION_CONTEXT(2) 
PARAMETRIC_REPRESENTATION_CONTEXT() REPRESENTATION_CONTEXT('2D SPACE',''
  ) );
#9509 = ORIENTED_EDGE('',*,*,#994,.F.);
#9510 = ADVANCED_FACE('',(#9511),#2198,.F.);
#9511 = FACE_BOUND('',#9512,.F.);
#9512 = EDGE_LOOP('',(#9513,#9514,#9515,#9536));
#9513 = ORIENTED_EDGE('',*,*,#2184,.F.);
#9514 = ORIENTED_EDGE('',*,*,#6288,.F.);
#9515 = ORIENTED_EDGE('',*,*,#9516,.T.);
#9516 = EDGE_CURVE('',#6289,#6636,#9517,.T.);
#9517 = SURFACE_CURVE('',#9518,(#9522,#9529),.PCURVE_S1.);
#9518 = LINE('',#9519,#9520);
#9519 = CARTESIAN_POINT('',(-80.,-72.,22.));
#9520 = VECTOR('',#9521,1.);
#9521 = DIRECTION('',(1.,0.,0.));
#9522 = PCURVE('',#2198,#9523);
#9523 = DEFINITIONAL_REPRESENTATION('',(#9524),#9528);
#9524 = LINE('',#9525,#9526);
#9525 = CARTESIAN_POINT('',(8.,0.));
#9526 = VECTOR('',#9527,1.);
#9527 = DIRECTION('',(0.,1.));
#9528 = ( GEOMETRIC_REPRESENTATION_CONTEXT(2) 
PARAMETRIC_REPRESENTATION_CONTEXT() REPRESENTATION_CONTEXT('2D SPACE',''
  ) );
#9529 = PCURVE('',#6326,#9530);
#9530 = DEFINITIONAL_REPRESENTATION('',(#9531),#9535);
#9531 = LINE('',#9532,#9533);
#9532 = CARTESIAN_POINT('',(0.,0.));
#9533 = VECTOR('',#9534,1.);
#9534 = DIRECTION('',(1.,0.));
#9535 = ( GEOMETRIC_REPRESENTATION_CONTEXT(2) 
PARAMETRIC_REPRESENTATION_CONTEXT() REPRESENTATION_CONTEXT('2D SPACE',''
  ) );
#9536 = ORIENTED_EDGE('',*,*,#6635,.T.);
#9537 = ADVANCED_FACE('',(#9538),#2144,.F.);
#9538 = FACE_BOUND('',#9539,.F.);
#9539 = EDGE_LOOP('',(#9540,#9561,#9562,#9563));
#9540 = ORIENTED_EDGE('',*,*,#9541,.F.);
#9541 = EDGE_CURVE('',#6236,#6588,#9542,.T.);
#9542 = SURFACE_CURVE('',#9543,(#9547,#9554),.PCURVE_S1.);
#9543 = LINE('',#9544,#9545);
#9544 = CARTESIAN_POINT('',(-72.,-80.,22.));
#9545 = VECTOR('',#9546,1.);
#9546 = DIRECTION('',(0.,1.,0.));
#9547 = PCURVE('',#2144,#9548);
#9548 = DEFINITIONAL_REPRESENTATION('',(#9549),#9553);
#9549 = LINE('',#9550,#9551);
#9550 = CARTESIAN_POINT('',(8.,0.));
#9551 = VECTOR('',#9552,1.);
#9552 = DIRECTION('',(0.,-1.));
#9553 = ( GEOMETRIC_REPRESENTATION_CONTEXT(2) 
PARAMETRIC_REPRESENTATION_CONTEXT() REPRESENTATION_CONTEXT('2D SPACE',''
  ) );
#9554 = PCURVE('',#6252,#9555);
#9555 = DEFINITIONAL_REPRESENTATION('',(#9556),#9560);
#9556 = LINE('',#9557,#9558);
#9557 = CARTESIAN_POINT('',(0.,0.));
#9558 = VECTOR('',#9559,1.);
#9559 = DIRECTION('',(0.,1.));
#9560 = ( GEOMETRIC_REPRESENTATION_CONTEXT(2) 
PARAMETRIC_REPRESENTATION_CONTEXT() REPRESENTATION_CONTEXT('2D SPACE',''
  ) );
#9561 = ORIENTED_EDGE('',*,*,#6268,.T.);
#9562 = ORIENTED_EDGE('',*,*,#2128,.T.);
#9563 = ORIENTED_EDGE('',*,*,#6615,.F.);
#9564 = ADVANCED_FACE('',(#9565),#2233,.F.);
#9565 = FACE_BOUND('',#9566,.T.);
#9566 = EDGE_LOOP('',(#9567,#9590,#9591,#9592));
#9567 = ORIENTED_EDGE('',*,*,#9568,.F.);
#9568 = EDGE_CURVE('',#2213,#9569,#9571,.T.);
#9569 = VERTEX_POINT('',#9570);
#9570 = CARTESIAN_POINT('',(-67.4,-69.5,20.5));
#9571 = SEAM_CURVE('',#9572,(#9576,#9583),.PCURVE_S1.);
#9572 = LINE('',#9573,#9574);
#9573 = CARTESIAN_POINT('',(-67.4,-69.5,13.5));
#9574 = VECTOR('',#9575,1.);
#9575 = DIRECTION('',(0.,0.,1.));
#9576 = PCURVE('',#2233,#9577);
#9577 = DEFINITIONAL_REPRESENTATION('',(#9578),#9582);
#9578 = LINE('',#9579,#9580);
#9579 = CARTESIAN_POINT('',(-6.28318530718,0.));
#9580 = VECTOR('',#9581,1.);
#9581 = DIRECTION('',(-0.,-1.));
#9582 = ( GEOMETRIC_REPRESENTATION_CONTEXT(2) 
PARAMETRIC_REPRESENTATION_CONTEXT() REPRESENTATION_CONTEXT('2D SPACE',''
  ) );
#9583 = PCURVE('',#2233,#9584);
#9584 = DEFINITIONAL_REPRESENTATION('',(#9585),#9589);
#9585 = LINE('',#9586,#9587);
#9586 = CARTESIAN_POINT('',(-0.,0.));
#9587 = VECTOR('',#9588,1.);
#9588 = DIRECTION('',(-0.,-1.));
#9589 = ( GEOMETRIC_REPRESENTATION_CONTEXT(2) 
PARAMETRIC_REPRESENTATION_CONTEXT() REPRESENTATION_CONTEXT('2D SPACE',''
  ) );
#9590 = ORIENTED_EDGE('',*,*,#2212,.T.);
#9591 = ORIENTED_EDGE('',*,*,#9568,.T.);
#9592 = ORIENTED_EDGE('',*,*,#9593,.T.);
#9593 = EDGE_CURVE('',#9569,#9569,#9594,.T.);
#9594 = SURFACE_CURVE('',#9595,(#9600,#9607),.PCURVE_S1.);
#9595 = CIRCLE('',#9596,2.1);
#9596 = AXIS2_PLACEMENT_3D('',#9597,#9598,#9599);
#9597 = CARTESIAN_POINT('',(-69.5,-69.5,20.5));
#9598 = DIRECTION('',(0.,0.,1.));
#9599 = DIRECTION('',(1.,0.,0.));
#9600 = PCURVE('',#2233,#9601);
#9601 = DEFINITIONAL_REPRESENTATION('',(#9602),#9606);
#9602 = LINE('',#9603,#9604);
#9603 = CARTESIAN_POINT('',(-0.,-7.));
#9604 = VECTOR('',#9605,1.);
#9605 = DIRECTION('',(-1.,0.));
#9606 = ( GEOMETRIC_REPRESENTATION_CONTEXT(2) 
PARAMETRIC_REPRESENTATION_CONTEXT() REPRESENTATION_CONTEXT('2D SPACE',''
  ) );
#9607 = PCURVE('',#9608,#9613);
#9608 = PLANE('',#9609);
#9609 = AXIS2_PLACEMENT_3D('',#9610,#9611,#9612);
#9610 = CARTESIAN_POINT('',(-69.5,-69.5,20.5));
#9611 = DIRECTION('',(0.,0.,1.));
#9612 = DIRECTION('',(1.,0.,-0.));
#9613 = DEFINITIONAL_REPRESENTATION('',(#9614),#9618);
#9614 = CIRCLE('',#9615,2.1);
#9615 = AXIS2_PLACEMENT_2D('',#9616,#9617);
#9616 = CARTESIAN_POINT('',(1.42108547152E-14,0.));
#9617 = DIRECTION('',(1.,0.));
#9618 = ( GEOMETRIC_REPRESENTATION_CONTEXT(2) 
PARAMETRIC_REPRESENTATION_CONTEXT() REPRESENTATION_CONTEXT('2D SPACE',''
  ) );
#9619 = ADVANCED_FACE('',(#9620),#2343,.F.);
#9620 = FACE_BOUND('',#9621,.F.);
#9621 = EDGE_LOOP('',(#9622,#9623,#9624,#9645));
#9622 = ORIENTED_EDGE('',*,*,#2329,.F.);
#9623 = ORIENTED_EDGE('',*,*,#7723,.F.);
#9624 = ORIENTED_EDGE('',*,*,#9625,.T.);
#9625 = EDGE_CURVE('',#7696,#7316,#9626,.T.);
#9626 = SURFACE_CURVE('',#9627,(#9631,#9638),.PCURVE_S1.);
#9627 = LINE('',#9628,#9629);
#9628 = CARTESIAN_POINT('',(69.,-72.,22.));
#9629 = VECTOR('',#9630,1.);
#9630 = DIRECTION('',(1.,0.,0.));
#9631 = PCURVE('',#2343,#9632);
#9632 = DEFINITIONAL_REPRESENTATION('',(#9633),#9637);
#9633 = LINE('',#9634,#9635);
#9634 = CARTESIAN_POINT('',(8.,0.));
#9635 = VECTOR('',#9636,1.);
#9636 = DIRECTION('',(0.,1.));
#9637 = ( GEOMETRIC_REPRESENTATION_CONTEXT(2) 
PARAMETRIC_REPRESENTATION_CONTEXT() REPRESENTATION_CONTEXT('2D SPACE',''
  ) );
#9638 = PCURVE('',#7332,#9639);
#9639 = DEFINITIONAL_REPRESENTATION('',(#9640),#9644);
#9640 = LINE('',#9641,#9642);
#9641 = CARTESIAN_POINT('',(0.,0.));
#9642 = VECTOR('',#9643,1.);
#9643 = DIRECTION('',(1.,0.));
#9644 = ( GEOMETRIC_REPRESENTATION_CONTEXT(2) 
PARAMETRIC_REPRESENTATION_CONTEXT() REPRESENTATION_CONTEXT('2D SPACE',''
  ) );
#9645 = ORIENTED_EDGE('',*,*,#7348,.T.);
#9646 = ADVANCED_FACE('',(#9647),#2293,.T.);
#9647 = FACE_BOUND('',#9648,.T.);
#9648 = EDGE_LOOP('',(#9649,#9670,#9671,#9672));
#9649 = ORIENTED_EDGE('',*,*,#9650,.F.);
#9650 = EDGE_CURVE('',#7369,#7744,#9651,.T.);
#9651 = SURFACE_CURVE('',#9652,(#9656,#9663),.PCURVE_S1.);
#9652 = LINE('',#9653,#9654);
#9653 = CARTESIAN_POINT('',(72.,-80.,22.));
#9654 = VECTOR('',#9655,1.);
#9655 = DIRECTION('',(0.,1.,0.));
#9656 = PCURVE('',#2293,#9657);
#9657 = DEFINITIONAL_REPRESENTATION('',(#9658),#9662);
#9658 = LINE('',#9659,#9660);
#9659 = CARTESIAN_POINT('',(8.,0.));
#9660 = VECTOR('',#9661,1.);
#9661 = DIRECTION('',(0.,-1.));
#9662 = ( GEOMETRIC_REPRESENTATION_CONTEXT(2) 
PARAMETRIC_REPRESENTATION_CONTEXT() REPRESENTATION_CONTEXT('2D SPACE',''
  ) );
#9663 = PCURVE('',#7406,#9664);
#9664 = DEFINITIONAL_REPRESENTATION('',(#9665),#9669);
#9665 = LINE('',#9666,#9667);
#9666 = CARTESIAN_POINT('',(5.,0.));
#9667 = VECTOR('',#9668,1.);
#9668 = DIRECTION('',(0.,1.));
#9669 = ( GEOMETRIC_REPRESENTATION_CONTEXT(2) 
PARAMETRIC_REPRESENTATION_CONTEXT() REPRESENTATION_CONTEXT('2D SPACE',''
  ) );
#9670 = ORIENTED_EDGE('',*,*,#7368,.T.);
#9671 = ORIENTED_EDGE('',*,*,#2277,.T.);
#9672 = ORIENTED_EDGE('',*,*,#7743,.F.);
#9673 = ADVANCED_FACE('',(#9674),#2378,.F.);
#9674 = FACE_BOUND('',#9675,.T.);
#9675 = EDGE_LOOP('',(#9676,#9699,#9700,#9701));
#9676 = ORIENTED_EDGE('',*,*,#9677,.F.);
#9677 = EDGE_CURVE('',#2358,#9678,#9680,.T.);
#9678 = VERTEX_POINT('',#9679);
#9679 = CARTESIAN_POINT('',(71.6,-69.5,20.5));
#9680 = SEAM_CURVE('',#9681,(#9685,#9692),.PCURVE_S1.);
#9681 = LINE('',#9682,#9683);
#9682 = CARTESIAN_POINT('',(71.6,-69.5,13.5));
#9683 = VECTOR('',#9684,1.);
#9684 = DIRECTION('',(0.,0.,1.));
#9685 = PCURVE('',#2378,#9686);
#9686 = DEFINITIONAL_REPRESENTATION('',(#9687),#9691);
#9687 = LINE('',#9688,#9689);
#9688 = CARTESIAN_POINT('',(-6.28318530718,0.));
#9689 = VECTOR('',#9690,1.);
#9690 = DIRECTION('',(-0.,-1.));
#9691 = ( GEOMETRIC_REPRESENTATION_CONTEXT(2) 
PARAMETRIC_REPRESENTATION_CONTEXT() REPRESENTATION_CONTEXT('2D SPACE',''
  ) );
#9692 = PCURVE('',#2378,#9693);
#9693 = DEFINITIONAL_REPRESENTATION('',(#9694),#9698);
#9694 = LINE('',#9695,#9696);
#9695 = CARTESIAN_POINT('',(-0.,0.));
#9696 = VECTOR('',#9697,1.);
#9697 = DIRECTION('',(-0.,-1.));
#9698 = ( GEOMETRIC_REPRESENTATION_CONTEXT(2) 
PARAMETRIC_REPRESENTATION_CONTEXT() REPRESENTATION_CONTEXT('2D SPACE',''
  ) );
#9699 = ORIENTED_EDGE('',*,*,#2357,.T.);
#9700 = ORIENTED_EDGE('',*,*,#9677,.T.);
#9701 = ORIENTED_EDGE('',*,*,#9702,.T.);
#9702 = EDGE_CURVE('',#9678,#9678,#9703,.T.);
#9703 = SURFACE_CURVE('',#9704,(#9709,#9716),.PCURVE_S1.);
#9704 = CIRCLE('',#9705,2.1);
#9705 = AXIS2_PLACEMENT_3D('',#9706,#9707,#9708);
#9706 = CARTESIAN_POINT('',(69.5,-69.5,20.5));
#9707 = DIRECTION('',(0.,0.,1.));
#9708 = DIRECTION('',(1.,0.,0.));
#9709 = PCURVE('',#2378,#9710);
#9710 = DEFINITIONAL_REPRESENTATION('',(#9711),#9715);
#9711 = LINE('',#9712,#9713);
#9712 = CARTESIAN_POINT('',(-0.,-7.));
#9713 = VECTOR('',#9714,1.);
#9714 = DIRECTION('',(-1.,0.));
#9715 = ( GEOMETRIC_REPRESENTATION_CONTEXT(2) 
PARAMETRIC_REPRESENTATION_CONTEXT() REPRESENTATION_CONTEXT('2D SPACE',''
  ) );
#9716 = PCURVE('',#9717,#9722);
#9717 = PLANE('',#9718);
#9718 = AXIS2_PLACEMENT_3D('',#9719,#9720,#9721);
#9719 = CARTESIAN_POINT('',(69.5,-69.5,20.5));
#9720 = DIRECTION('',(0.,0.,1.));
#9721 = DIRECTION('',(1.,0.,-0.));
#9722 = DEFINITIONAL_REPRESENTATION('',(#9723),#9727);
#9723 = CIRCLE('',#9724,2.1);
#9724 = AXIS2_PLACEMENT_2D('',#9725,#9726);
#9725 = CARTESIAN_POINT('',(0.,0.));
#9726 = DIRECTION('',(1.,0.));
#9727 = ( GEOMETRIC_REPRESENTATION_CONTEXT(2) 
PARAMETRIC_REPRESENTATION_CONTEXT() REPRESENTATION_CONTEXT('2D SPACE',''
  ) );
#9728 = ADVANCED_FACE('',(#9729),#2410,.T.);
#9729 = FACE_BOUND('',#9730,.T.);
#9730 = EDGE_LOOP('',(#9731,#9732,#9733,#9754));
#9731 = ORIENTED_EDGE('',*,*,#2392,.F.);
#9732 = ORIENTED_EDGE('',*,*,#5242,.F.);
#9733 = ORIENTED_EDGE('',*,*,#9734,.T.);
#9734 = EDGE_CURVE('',#5215,#5008,#9735,.T.);
#9735 = SURFACE_CURVE('',#9736,(#9740,#9747),.PCURVE_S1.);
#9736 = LINE('',#9737,#9738);
#9737 = CARTESIAN_POINT('',(-80.,72.,22.));
#9738 = VECTOR('',#9739,1.);
#9739 = DIRECTION('',(1.,0.,0.));
#9740 = PCURVE('',#2410,#9741);
#9741 = DEFINITIONAL_REPRESENTATION('',(#9742),#9746);
#9742 = LINE('',#9743,#9744);
#9743 = CARTESIAN_POINT('',(8.,0.));
#9744 = VECTOR('',#9745,1.);
#9745 = DIRECTION('',(0.,1.));
#9746 = ( GEOMETRIC_REPRESENTATION_CONTEXT(2) 
PARAMETRIC_REPRESENTATION_CONTEXT() REPRESENTATION_CONTEXT('2D SPACE',''
  ) );
#9747 = PCURVE('',#5024,#9748);
#9748 = DEFINITIONAL_REPRESENTATION('',(#9749),#9753);
#9749 = LINE('',#9750,#9751);
#9750 = CARTESIAN_POINT('',(0.,5.));
#9751 = VECTOR('',#9752,1.);
#9752 = DIRECTION('',(1.,0.));
#9753 = ( GEOMETRIC_REPRESENTATION_CONTEXT(2) 
PARAMETRIC_REPRESENTATION_CONTEXT() REPRESENTATION_CONTEXT('2D SPACE',''
  ) );
#9754 = ORIENTED_EDGE('',*,*,#5040,.T.);
#9755 = ADVANCED_FACE('',(#9756),#2466,.F.);
#9756 = FACE_BOUND('',#9757,.F.);
#9757 = EDGE_LOOP('',(#9758,#9779,#9780,#9781));
#9758 = ORIENTED_EDGE('',*,*,#9759,.F.);
#9759 = EDGE_CURVE('',#5061,#5263,#9760,.T.);
#9760 = SURFACE_CURVE('',#9761,(#9765,#9772),.PCURVE_S1.);
#9761 = LINE('',#9762,#9763);
#9762 = CARTESIAN_POINT('',(-72.5,71.5,24.));
#9763 = VECTOR('',#9764,1.);
#9764 = DIRECTION('',(0.,1.,0.));
#9765 = PCURVE('',#2466,#9766);
#9766 = DEFINITIONAL_REPRESENTATION('',(#9767),#9771);
#9767 = LINE('',#9768,#9769);
#9768 = CARTESIAN_POINT('',(10.,0.));
#9769 = VECTOR('',#9770,1.);
#9770 = DIRECTION('',(0.,-1.));
#9771 = ( GEOMETRIC_REPRESENTATION_CONTEXT(2) 
PARAMETRIC_REPRESENTATION_CONTEXT() REPRESENTATION_CONTEXT('2D SPACE',''
  ) );
#9772 = PCURVE('',#4879,#9773);
#9773 = DEFINITIONAL_REPRESENTATION('',(#9774),#9778);
#9774 = LINE('',#9775,#9776);
#9775 = CARTESIAN_POINT('',(0.,0.));
#9776 = VECTOR('',#9777,1.);
#9777 = DIRECTION('',(0.,1.));
#9778 = ( GEOMETRIC_REPRESENTATION_CONTEXT(2) 
PARAMETRIC_REPRESENTATION_CONTEXT() REPRESENTATION_CONTEXT('2D SPACE',''
  ) );
#9779 = ORIENTED_EDGE('',*,*,#5060,.T.);
#9780 = ORIENTED_EDGE('',*,*,#2450,.T.);
#9781 = ORIENTED_EDGE('',*,*,#5262,.T.);
#9782 = ADVANCED_FACE('',(#9783),#2519,.F.);
#9783 = FACE_BOUND('',#9784,.T.);
#9784 = EDGE_LOOP('',(#9785,#9786,#9809,#9836));
#9785 = ORIENTED_EDGE('',*,*,#2502,.F.);
#9786 = ORIENTED_EDGE('',*,*,#9787,.F.);
#9787 = EDGE_CURVE('',#9788,#2503,#9790,.T.);
#9788 = VERTEX_POINT('',#9789);
#9789 = CARTESIAN_POINT('',(-68.85968757625,71.5,20.5));
#9790 = SEAM_CURVE('',#9791,(#9795,#9802),.PCURVE_S1.);
#9791 = LINE('',#9792,#9793);
#9792 = CARTESIAN_POINT('',(-68.85968757625,71.5,20.5));
#9793 = VECTOR('',#9794,1.);
#9794 = DIRECTION('',(-6.558856022401E-15,0.,-1.));
#9795 = PCURVE('',#2519,#9796);
#9796 = DEFINITIONAL_REPRESENTATION('',(#9797),#9801);
#9797 = LINE('',#9798,#9799);
#9798 = CARTESIAN_POINT('',(-1.260951687053,-7.));
#9799 = VECTOR('',#9800,1.);
#9800 = DIRECTION('',(-0.,1.));
#9801 = ( GEOMETRIC_REPRESENTATION_CONTEXT(2) 
PARAMETRIC_REPRESENTATION_CONTEXT() REPRESENTATION_CONTEXT('2D SPACE',''
  ) );
#9802 = PCURVE('',#2519,#9803);
#9803 = DEFINITIONAL_REPRESENTATION('',(#9804),#9808);
#9804 = LINE('',#9805,#9806);
#9805 = CARTESIAN_POINT('',(-7.544136994233,-7.));
#9806 = VECTOR('',#9807,1.);
#9807 = DIRECTION('',(-0.,1.));
#9808 = ( GEOMETRIC_REPRESENTATION_CONTEXT(2) 
PARAMETRIC_REPRESENTATION_CONTEXT() REPRESENTATION_CONTEXT('2D SPACE',''
  ) );
#9809 = ORIENTED_EDGE('',*,*,#9810,.T.);
#9810 = EDGE_CURVE('',#9788,#9788,#9811,.T.);
#9811 = SURFACE_CURVE('',#9812,(#9817,#9824),.PCURVE_S1.);
#9812 = CIRCLE('',#9813,2.1);
#9813 = AXIS2_PLACEMENT_3D('',#9814,#9815,#9816);
#9814 = CARTESIAN_POINT('',(-69.5,69.5,20.5));
#9815 = DIRECTION('',(0.,0.,1.));
#9816 = DIRECTION('',(0.304910677973,0.952380952381,-0.));
#9817 = PCURVE('',#2519,#9818);
#9818 = DEFINITIONAL_REPRESENTATION('',(#9819),#9823);
#9819 = LINE('',#9820,#9821);
#9820 = CARTESIAN_POINT('',(-1.260951687053,-7.));
#9821 = VECTOR('',#9822,1.);
#9822 = DIRECTION('',(-1.,0.));
#9823 = ( GEOMETRIC_REPRESENTATION_CONTEXT(2) 
PARAMETRIC_REPRESENTATION_CONTEXT() REPRESENTATION_CONTEXT('2D SPACE',''
  ) );
#9824 = PCURVE('',#9825,#9830);
#9825 = PLANE('',#9826);
#9826 = AXIS2_PLACEMENT_3D('',#9827,#9828,#9829);
#9827 = CARTESIAN_POINT('',(-69.5,69.5,20.5));
#9828 = DIRECTION('',(0.,0.,1.));
#9829 = DIRECTION('',(1.,0.,-0.));
#9830 = DEFINITIONAL_REPRESENTATION('',(#9831),#9835);
#9831 = CIRCLE('',#9832,2.1);
#9832 = AXIS2_PLACEMENT_2D('',#9833,#9834);
#9833 = CARTESIAN_POINT('',(1.42108547152E-14,-1.563194018672E-13));
#9834 = DIRECTION('',(0.304910677973,0.952380952381));
#9835 = ( GEOMETRIC_REPRESENTATION_CONTEXT(2) 
PARAMETRIC_REPRESENTATION_CONTEXT() REPRESENTATION_CONTEXT('2D SPACE',''
  ) );
#9836 = ORIENTED_EDGE('',*,*,#9787,.T.);
#9837 = ADVANCED_FACE('',(#9838),#2550,.F.);
#9838 = FACE_BOUND('',#9839,.T.);
#9839 = EDGE_LOOP('',(#9840,#9841,#9864,#9891));
#9840 = ORIENTED_EDGE('',*,*,#2533,.F.);
#9841 = ORIENTED_EDGE('',*,*,#9842,.F.);
#9842 = EDGE_CURVE('',#9843,#2534,#9845,.T.);
#9843 = VERTEX_POINT('',#9844);
#9844 = CARTESIAN_POINT('',(70.140312423743,71.5,20.5));
#9845 = SEAM_CURVE('',#9846,(#9850,#9857),.PCURVE_S1.);
#9846 = LINE('',#9847,#9848);
#9847 = CARTESIAN_POINT('',(70.140312423743,71.5,20.5));
#9848 = VECTOR('',#9849,1.);
#9849 = DIRECTION('',(-6.558856022401E-15,0.,-1.));
#9850 = PCURVE('',#2550,#9851);
#9851 = DEFINITIONAL_REPRESENTATION('',(#9852),#9856);
#9852 = LINE('',#9853,#9854);
#9853 = CARTESIAN_POINT('',(-1.260951687053,-7.));
#9854 = VECTOR('',#9855,1.);
#9855 = DIRECTION('',(-0.,1.));
#9856 = ( GEOMETRIC_REPRESENTATION_CONTEXT(2) 
PARAMETRIC_REPRESENTATION_CONTEXT() REPRESENTATION_CONTEXT('2D SPACE',''
  ) );
#9857 = PCURVE('',#2550,#9858);
#9858 = DEFINITIONAL_REPRESENTATION('',(#9859),#9863);
#9859 = LINE('',#9860,#9861);
#9860 = CARTESIAN_POINT('',(-7.544136994233,-7.));
#9861 = VECTOR('',#9862,1.);
#9862 = DIRECTION('',(-0.,1.));
#9863 = ( GEOMETRIC_REPRESENTATION_CONTEXT(2) 
PARAMETRIC_REPRESENTATION_CONTEXT() REPRESENTATION_CONTEXT('2D SPACE',''
  ) );
#9864 = ORIENTED_EDGE('',*,*,#9865,.T.);
#9865 = EDGE_CURVE('',#9843,#9843,#9866,.T.);
#9866 = SURFACE_CURVE('',#9867,(#9872,#9879),.PCURVE_S1.);
#9867 = CIRCLE('',#9868,2.1);
#9868 = AXIS2_PLACEMENT_3D('',#9869,#9870,#9871);
#9869 = CARTESIAN_POINT('',(69.5,69.5,20.5));
#9870 = DIRECTION('',(0.,0.,1.));
#9871 = DIRECTION('',(0.304910677973,0.952380952381,-0.));
#9872 = PCURVE('',#2550,#9873);
#9873 = DEFINITIONAL_REPRESENTATION('',(#9874),#9878);
#9874 = LINE('',#9875,#9876);
#9875 = CARTESIAN_POINT('',(-1.260951687053,-7.));
#9876 = VECTOR('',#9877,1.);
#9877 = DIRECTION('',(-1.,0.));
#9878 = ( GEOMETRIC_REPRESENTATION_CONTEXT(2) 
PARAMETRIC_REPRESENTATION_CONTEXT() REPRESENTATION_CONTEXT('2D SPACE',''
  ) );
#9879 = PCURVE('',#9880,#9885);
#9880 = PLANE('',#9881);
#9881 = AXIS2_PLACEMENT_3D('',#9882,#9883,#9884);
#9882 = CARTESIAN_POINT('',(69.5,69.5,20.5));
#9883 = DIRECTION('',(0.,0.,1.));
#9884 = DIRECTION('',(1.,0.,-0.));
#9885 = DEFINITIONAL_REPRESENTATION('',(#9886),#9890);
#9886 = CIRCLE('',#9887,2.1);
#9887 = AXIS2_PLACEMENT_2D('',#9888,#9889);
#9888 = CARTESIAN_POINT('',(0.,-1.563194018672E-13));
#9889 = DIRECTION('',(0.304910677973,0.952380952381));
#9890 = ( GEOMETRIC_REPRESENTATION_CONTEXT(2) 
PARAMETRIC_REPRESENTATION_CONTEXT() REPRESENTATION_CONTEXT('2D SPACE',''
  ) );
#9891 = ORIENTED_EDGE('',*,*,#9842,.T.);
#9892 = ADVANCED_FACE('',(#9893),#2660,.T.);
#9893 = FACE_BOUND('',#9894,.T.);
#9894 = EDGE_LOOP('',(#9895,#9896,#9897,#9918));
#9895 = ORIENTED_EDGE('',*,*,#2646,.F.);
#9896 = ORIENTED_EDGE('',*,*,#9075,.F.);
#9897 = ORIENTED_EDGE('',*,*,#9898,.T.);
#9898 = EDGE_CURVE('',#9076,#8491,#9899,.T.);
#9899 = SURFACE_CURVE('',#9900,(#9904,#9911),.PCURVE_S1.);
#9900 = LINE('',#9901,#9902);
#9901 = CARTESIAN_POINT('',(69.,72.,22.));
#9902 = VECTOR('',#9903,1.);
#9903 = DIRECTION('',(1.,0.,0.));
#9904 = PCURVE('',#2660,#9905);
#9905 = DEFINITIONAL_REPRESENTATION('',(#9906),#9910);
#9906 = LINE('',#9907,#9908);
#9907 = CARTESIAN_POINT('',(8.,0.));
#9908 = VECTOR('',#9909,1.);
#9909 = DIRECTION('',(0.,1.));
#9910 = ( GEOMETRIC_REPRESENTATION_CONTEXT(2) 
PARAMETRIC_REPRESENTATION_CONTEXT() REPRESENTATION_CONTEXT('2D SPACE',''
  ) );
#9911 = PCURVE('',#8528,#9912);
#9912 = DEFINITIONAL_REPRESENTATION('',(#9913),#9917);
#9913 = LINE('',#9914,#9915);
#9914 = CARTESIAN_POINT('',(0.,5.));
#9915 = VECTOR('',#9916,1.);
#9916 = DIRECTION('',(1.,0.));
#9917 = ( GEOMETRIC_REPRESENTATION_CONTEXT(2) 
PARAMETRIC_REPRESENTATION_CONTEXT() REPRESENTATION_CONTEXT('2D SPACE',''
  ) );
#9918 = ORIENTED_EDGE('',*,*,#8490,.T.);
#9919 = ADVANCED_FACE('',(#9920),#2606,.T.);
#9920 = FACE_BOUND('',#9921,.T.);
#9921 = EDGE_LOOP('',(#9922,#9923,#9944,#9945));
#9922 = ORIENTED_EDGE('',*,*,#8468,.F.);
#9923 = ORIENTED_EDGE('',*,*,#9924,.F.);
#9924 = EDGE_CURVE('',#9227,#8436,#9925,.T.);
#9925 = SURFACE_CURVE('',#9926,(#9930,#9937),.PCURVE_S1.);
#9926 = LINE('',#9927,#9928);
#9927 = CARTESIAN_POINT('',(72.5,71.5,24.));
#9928 = VECTOR('',#9929,1.);
#9929 = DIRECTION('',(0.,1.,0.));
#9930 = PCURVE('',#2606,#9931);
#9931 = DEFINITIONAL_REPRESENTATION('',(#9932),#9936);
#9932 = LINE('',#9933,#9934);
#9933 = CARTESIAN_POINT('',(10.,0.));
#9934 = VECTOR('',#9935,1.);
#9935 = DIRECTION('',(0.,-1.));
#9936 = ( GEOMETRIC_REPRESENTATION_CONTEXT(2) 
PARAMETRIC_REPRESENTATION_CONTEXT() REPRESENTATION_CONTEXT('2D SPACE',''
  ) );
#9937 = PCURVE('',#8452,#9938);
#9938 = DEFINITIONAL_REPRESENTATION('',(#9939),#9943);
#9939 = LINE('',#9940,#9941);
#9940 = CARTESIAN_POINT('',(145.,0.));
#9941 = VECTOR('',#9942,1.);
#9942 = DIRECTION('',(0.,1.));
#9943 = ( GEOMETRIC_REPRESENTATION_CONTEXT(2) 
PARAMETRIC_REPRESENTATION_CONTEXT() REPRESENTATION_CONTEXT('2D SPACE',''
  ) );
#9944 = ORIENTED_EDGE('',*,*,#9254,.F.);
#9945 = ORIENTED_EDGE('',*,*,#2590,.T.);
#9946 = ADVANCED_FACE('',(#9947),#2775,.T.);
#9947 = FACE_BOUND('',#9948,.T.);
#9948 = EDGE_LOOP('',(#9949,#9950,#9951,#9952));
#9949 = ORIENTED_EDGE('',*,*,#2758,.T.);
#9950 = ORIENTED_EDGE('',*,*,#3561,.T.);
#9951 = ORIENTED_EDGE('',*,*,#7492,.T.);
#9952 = ORIENTED_EDGE('',*,*,#9953,.F.);
#9953 = EDGE_CURVE('',#2733,#7472,#9954,.T.);
#9954 = SURFACE_CURVE('',#9955,(#9959,#9965),.PCURVE_S1.);
#9955 = LINE('',#9956,#9957);
#9956 = CARTESIAN_POINT('',(66.,-82.5,104.6));
#9957 = VECTOR('',#9958,1.);
#9958 = DIRECTION('',(0.,1.,0.));
#9959 = PCURVE('',#2775,#9960);
#9960 = DEFINITIONAL_REPRESENTATION('',(#9961),#9964);
#9961 = B_SPLINE_CURVE_WITH_KNOTS('',1,(#9962,#9963),.UNSPECIFIED.,.F.,
  .F.,(2,2),(0.,5.),.PIECEWISE_BEZIER_KNOTS.);
#9962 = CARTESIAN_POINT('',(124.5,0.));
#9963 = CARTESIAN_POINT('',(124.5,5.));
#9964 = ( GEOMETRIC_REPRESENTATION_CONTEXT(2) 
PARAMETRIC_REPRESENTATION_CONTEXT() REPRESENTATION_CONTEXT('2D SPACE',''
  ) );
#9965 = PCURVE('',#2747,#9966);
#9966 = DEFINITIONAL_REPRESENTATION('',(#9967),#9970);
#9967 = B_SPLINE_CURVE_WITH_KNOTS('',1,(#9968,#9969),.UNSPECIFIED.,.F.,
  .F.,(2,2),(0.,5.),.PIECEWISE_BEZIER_KNOTS.);
#9968 = CARTESIAN_POINT('',(11.6,0.));
#9969 = CARTESIAN_POINT('',(11.6,-5.));
#9970 = ( GEOMETRIC_REPRESENTATION_CONTEXT(2) 
PARAMETRIC_REPRESENTATION_CONTEXT() REPRESENTATION_CONTEXT('2D SPACE',''
  ) );
#9971 = ADVANCED_FACE('',(#9972),#2851,.F.);
#9972 = FACE_BOUND('',#9973,.F.);
#9973 = EDGE_LOOP('',(#9974,#9975,#9976,#9977,#9978,#9979,#9980,#9981,
    #9982,#9983,#9984,#9985));
#9974 = ORIENTED_EDGE('',*,*,#7950,.F.);
#9975 = ORIENTED_EDGE('',*,*,#8647,.F.);
#9976 = ORIENTED_EDGE('',*,*,#3466,.F.);
#9977 = ORIENTED_EDGE('',*,*,#3419,.F.);
#9978 = ORIENTED_EDGE('',*,*,#3392,.T.);
#9979 = ORIENTED_EDGE('',*,*,#3030,.F.);
#9980 = ORIENTED_EDGE('',*,*,#3003,.T.);
#9981 = ORIENTED_EDGE('',*,*,#2935,.F.);
#9982 = ORIENTED_EDGE('',*,*,#2908,.T.);
#9983 = ORIENTED_EDGE('',*,*,#2835,.F.);
#9984 = ORIENTED_EDGE('',*,*,#3535,.T.);
#9985 = ORIENTED_EDGE('',*,*,#7519,.F.);
#9986 = ADVANCED_FACE('',(#9987),#3109,.F.);
#9987 = FACE_BOUND('',#9988,.F.);
#9988 = EDGE_LOOP('',(#9989,#9990,#10011,#10012));
#9989 = ORIENTED_EDGE('',*,*,#3296,.F.);
#9990 = ORIENTED_EDGE('',*,*,#9991,.F.);
#9991 = EDGE_CURVE('',#3143,#3297,#9992,.T.);
#9992 = SURFACE_CURVE('',#9993,(#9997,#10004),.PCURVE_S1.);
#9993 = LINE('',#9994,#9995);
#9994 = CARTESIAN_POINT('',(75.3,18.,103.));
#9995 = VECTOR('',#9996,1.);
#9996 = DIRECTION('',(0.,1.,0.));
#9997 = PCURVE('',#3109,#9998);
#9998 = DEFINITIONAL_REPRESENTATION('',(#9999),#10003);
#9999 = LINE('',#10000,#10001);
#10000 = CARTESIAN_POINT('',(0.,0.));
#10001 = VECTOR('',#10002,1.);
#10002 = DIRECTION('',(0.,1.));
#10003 = ( GEOMETRIC_REPRESENTATION_CONTEXT(2) 
PARAMETRIC_REPRESENTATION_CONTEXT() REPRESENTATION_CONTEXT('2D SPACE',''
  ) );
#10004 = PCURVE('',#3181,#10005);
#10005 = DEFINITIONAL_REPRESENTATION('',(#10006),#10010);
#10006 = LINE('',#10007,#10008);
#10007 = CARTESIAN_POINT('',(0.,0.));
#10008 = VECTOR('',#10009,1.);
#10009 = DIRECTION('',(0.,-1.));
#10010 = ( GEOMETRIC_REPRESENTATION_CONTEXT(2) 
PARAMETRIC_REPRESENTATION_CONTEXT() REPRESENTATION_CONTEXT('2D SPACE',''
  ) );
#10011 = ORIENTED_EDGE('',*,*,#3142,.T.);
#10012 = ORIENTED_EDGE('',*,*,#3094,.F.);
#10013 = ADVANCED_FACE('',(#10014),#3209,.T.);
#10014 = FACE_BOUND('',#10015,.T.);
#10015 = EDGE_LOOP('',(#10016,#10037,#10038,#10039));
#10016 = ORIENTED_EDGE('',*,*,#10017,.F.);
#10017 = EDGE_CURVE('',#3166,#3320,#10018,.T.);
#10018 = SURFACE_CURVE('',#10019,(#10023,#10030),.PCURVE_S1.);
#10019 = LINE('',#10020,#10021);
#10020 = CARTESIAN_POINT('',(75.3,18.,111.));
#10021 = VECTOR('',#10022,1.);
#10022 = DIRECTION('',(0.,1.,0.));
#10023 = PCURVE('',#3209,#10024);
#10024 = DEFINITIONAL_REPRESENTATION('',(#10025),#10029);
#10025 = LINE('',#10026,#10027);
#10026 = CARTESIAN_POINT('',(0.,0.));
#10027 = VECTOR('',#10028,1.);
#10028 = DIRECTION('',(0.,1.));
#10029 = ( GEOMETRIC_REPRESENTATION_CONTEXT(2) 
PARAMETRIC_REPRESENTATION_CONTEXT() REPRESENTATION_CONTEXT('2D SPACE',''
  ) );
#10030 = PCURVE('',#3181,#10031);
#10031 = DEFINITIONAL_REPRESENTATION('',(#10032),#10036);
#10032 = LINE('',#10033,#10034);
#10033 = CARTESIAN_POINT('',(8.,0.));
#10034 = VECTOR('',#10035,1.);
#10035 = DIRECTION('',(0.,-1.));
#10036 = ( GEOMETRIC_REPRESENTATION_CONTEXT(2) 
PARAMETRIC_REPRESENTATION_CONTEXT() REPRESENTATION_CONTEXT('2D SPACE',''
  ) );
#10037 = ORIENTED_EDGE('',*,*,#3193,.T.);
#10038 = ORIENTED_EDGE('',*,*,#3272,.T.);
#10039 = ORIENTED_EDGE('',*,*,#3342,.F.);
#10040 = ADVANCED_FACE('',(#10041),#3181,.F.);
#10041 = FACE_BOUND('',#10042,.F.);
#10042 = EDGE_LOOP('',(#10043,#10044,#10045,#10046));
#10043 = ORIENTED_EDGE('',*,*,#3165,.F.);
#10044 = ORIENTED_EDGE('',*,*,#9991,.T.);
#10045 = ORIENTED_EDGE('',*,*,#3319,.T.);
#10046 = ORIENTED_EDGE('',*,*,#10017,.F.);
#10047 = ADVANCED_FACE('',(#10048),#3644,.T.);
#10048 = FACE_BOUND('',#10049,.T.);
#10049 = EDGE_LOOP('',(#10050));
#10050 = ORIENTED_EDGE('',*,*,#3629,.T.);
#10051 = ADVANCED_FACE('',(#10052),#3699,.T.);
#10052 = FACE_BOUND('',#10053,.T.);
#10053 = EDGE_LOOP('',(#10054));
#10054 = ORIENTED_EDGE('',*,*,#3684,.T.);
#10055 = ADVANCED_FACE('',(#10056),#3754,.T.);
#10056 = FACE_BOUND('',#10057,.T.);
#10057 = EDGE_LOOP('',(#10058));
#10058 = ORIENTED_EDGE('',*,*,#3739,.T.);
#10059 = ADVANCED_FACE('',(#10060),#980,.F.);
#10060 = FACE_BOUND('',#10061,.F.);
#10061 = EDGE_LOOP('',(#10062,#10088,#10109,#10110,#10111));
#10062 = ORIENTED_EDGE('',*,*,#10063,.T.);
#10063 = EDGE_CURVE('',#10064,#10066,#10068,.T.);
#10064 = VERTEX_POINT('',#10065);
#10065 = CARTESIAN_POINT('',(58.901387818866,78.3,18.));
#10066 = VERTEX_POINT('',#10067);
#10067 = CARTESIAN_POINT('',(58.,78.3,17.95));
#10068 = SURFACE_CURVE('',#10069,(#10074,#10081),.PCURVE_S1.);
#10069 = CIRCLE('',#10070,8.15);
#10070 = AXIS2_PLACEMENT_3D('',#10071,#10072,#10073);
#10071 = CARTESIAN_POINT('',(58.,78.3,26.1));
#10072 = DIRECTION('',(0.,1.,0.));
#10073 = DIRECTION('',(0.,-0.,1.));
#10074 = PCURVE('',#980,#10075);
#10075 = DEFINITIONAL_REPRESENTATION('',(#10076),#10080);
#10076 = LINE('',#10077,#10078);
#10077 = CARTESIAN_POINT('',(0.,0.));
#10078 = VECTOR('',#10079,1.);
#10079 = DIRECTION('',(1.,0.));
#10080 = ( GEOMETRIC_REPRESENTATION_CONTEXT(2) 
PARAMETRIC_REPRESENTATION_CONTEXT() REPRESENTATION_CONTEXT('2D SPACE',''
  ) );
#10081 = PCURVE('',#9390,#10082);
#10082 = DEFINITIONAL_REPRESENTATION('',(#10083),#10087);
#10083 = CIRCLE('',#10084,8.15);
#10084 = AXIS2_PLACEMENT_2D('',#10085,#10086);
#10085 = CARTESIAN_POINT('',(8.15,116.));
#10086 = DIRECTION('',(1.,0.));
#10087 = ( GEOMETRIC_REPRESENTATION_CONTEXT(2) 
PARAMETRIC_REPRESENTATION_CONTEXT() REPRESENTATION_CONTEXT('2D SPACE',''
  ) );
#10088 = ORIENTED_EDGE('',*,*,#10089,.T.);
#10089 = EDGE_CURVE('',#10066,#9468,#10090,.T.);
#10090 = SURFACE_CURVE('',#10091,(#10095,#10102),.PCURVE_S1.);
#10091 = LINE('',#10092,#10093);
#10092 = CARTESIAN_POINT('',(58.,78.3,17.95));
#10093 = VECTOR('',#10094,1.);
#10094 = DIRECTION('',(0.,1.,0.));
#10095 = PCURVE('',#980,#10096);
#10096 = DEFINITIONAL_REPRESENTATION('',(#10097),#10101);
#10097 = LINE('',#10098,#10099);
#10098 = CARTESIAN_POINT('',(3.14159265359,0.));
#10099 = VECTOR('',#10100,1.);
#10100 = DIRECTION('',(0.,1.));
#10101 = ( GEOMETRIC_REPRESENTATION_CONTEXT(2) 
PARAMETRIC_REPRESENTATION_CONTEXT() REPRESENTATION_CONTEXT('2D SPACE',''
  ) );
#10102 = PCURVE('',#9364,#10103);
#10103 = DEFINITIONAL_REPRESENTATION('',(#10104),#10108);
#10104 = LINE('',#10105,#10106);
#10105 = CARTESIAN_POINT('',(116.,0.));
#10106 = VECTOR('',#10107,1.);
#10107 = DIRECTION('',(0.,1.));
#10108 = ( GEOMETRIC_REPRESENTATION_CONTEXT(2) 
PARAMETRIC_REPRESENTATION_CONTEXT() REPRESENTATION_CONTEXT('2D SPACE',''
  ) );
#10109 = ORIENTED_EDGE('',*,*,#9488,.F.);
#10110 = ORIENTED_EDGE('',*,*,#960,.F.);
#10111 = ORIENTED_EDGE('',*,*,#10112,.F.);
#10112 = EDGE_CURVE('',#10064,#928,#10113,.T.);
#10113 = SURFACE_CURVE('',#10114,(#10118,#10124),.PCURVE_S1.);
#10114 = LINE('',#10115,#10116);
#10115 = CARTESIAN_POINT('',(58.901387818866,78.3,18.));
#10116 = VECTOR('',#10117,1.);
#10117 = DIRECTION('',(0.,1.,0.));
#10118 = PCURVE('',#980,#10119);
#10119 = DEFINITIONAL_REPRESENTATION('',(#10120),#10123);
#10120 = B_SPLINE_CURVE_WITH_KNOTS('',1,(#10121,#10122),.UNSPECIFIED.,
  .F.,.F.,(2,2),(-6.000000070117E-07,4.9),.PIECEWISE_BEZIER_KNOTS.);
#10121 = CARTESIAN_POINT('',(3.030766189397,-6.000000070117E-07));
#10122 = CARTESIAN_POINT('',(3.030766189397,4.9));
#10123 = ( GEOMETRIC_REPRESENTATION_CONTEXT(2) 
PARAMETRIC_REPRESENTATION_CONTEXT() REPRESENTATION_CONTEXT('2D SPACE',''
  ) );
#10124 = PCURVE('',#944,#10125);
#10125 = DEFINITIONAL_REPRESENTATION('',(#10126),#10129);
#10126 = B_SPLINE_CURVE_WITH_KNOTS('',1,(#10127,#10128),.UNSPECIFIED.,
  .F.,.F.,(2,2),(-6.000000070117E-07,4.9),.PIECEWISE_BEZIER_KNOTS.);
#10127 = CARTESIAN_POINT('',(131.40138781886,6.7999994));
#10128 = CARTESIAN_POINT('',(131.40138781886,11.7));
#10129 = ( GEOMETRIC_REPRESENTATION_CONTEXT(2) 
PARAMETRIC_REPRESENTATION_CONTEXT() REPRESENTATION_CONTEXT('2D SPACE',''
  ) );
#10130 = ADVANCED_FACE('',(#10131),#944,.T.);
#10131 = FACE_BOUND('',#10132,.T.);
#10132 = EDGE_LOOP('',(#10133,#10134,#10153,#10154,#10175,#10194,#10195,
    #10196));
#10133 = ORIENTED_EDGE('',*,*,#10112,.F.);
#10134 = ORIENTED_EDGE('',*,*,#10135,.T.);
#10135 = EDGE_CURVE('',#10064,#9376,#10136,.T.);
#10136 = SURFACE_CURVE('',#10137,(#10141,#10147),.PCURVE_S1.);
#10137 = LINE('',#10138,#10139);
#10138 = CARTESIAN_POINT('',(-65.25,78.3,18.));
#10139 = VECTOR('',#10140,1.);
#10140 = DIRECTION('',(-1.,0.,0.));
#10141 = PCURVE('',#944,#10142);
#10142 = DEFINITIONAL_REPRESENTATION('',(#10143),#10146);
#10143 = B_SPLINE_CURVE_WITH_KNOTS('',1,(#10144,#10145),.UNSPECIFIED.,
  .F.,.F.,(2,2),(-131.4,0.9),.PIECEWISE_BEZIER_KNOTS.);
#10144 = CARTESIAN_POINT('',(138.65,6.8));
#10145 = CARTESIAN_POINT('',(6.35,6.8));
#10146 = ( GEOMETRIC_REPRESENTATION_CONTEXT(2) 
PARAMETRIC_REPRESENTATION_CONTEXT() REPRESENTATION_CONTEXT('2D SPACE',''
  ) );
#10147 = PCURVE('',#9390,#10148);
#10148 = DEFINITIONAL_REPRESENTATION('',(#10149),#10152);
#10149 = B_SPLINE_CURVE_WITH_KNOTS('',1,(#10150,#10151),.UNSPECIFIED.,
  .F.,.F.,(2,2),(-131.4,0.9),.PIECEWISE_BEZIER_KNOTS.);
#10150 = CARTESIAN_POINT('',(5.E-02,124.15));
#10151 = CARTESIAN_POINT('',(5.E-02,-8.15));
#10152 = ( GEOMETRIC_REPRESENTATION_CONTEXT(2) 
PARAMETRIC_REPRESENTATION_CONTEXT() REPRESENTATION_CONTEXT('2D SPACE',''
  ) );
#10153 = ORIENTED_EDGE('',*,*,#9401,.F.);
#10154 = ORIENTED_EDGE('',*,*,#10155,.F.);
#10155 = EDGE_CURVE('',#10156,#9402,#10158,.T.);
#10156 = VERTEX_POINT('',#10157);
#10157 = CARTESIAN_POINT('',(67.,75.5,18.));
#10158 = SURFACE_CURVE('',#10159,(#10163,#10169),.PCURVE_S1.);
#10159 = LINE('',#10160,#10161);
#10160 = CARTESIAN_POINT('',(-72.5,75.5,18.));
#10161 = VECTOR('',#10162,1.);
#10162 = DIRECTION('',(-1.,0.,0.));
#10163 = PCURVE('',#944,#10164);
#10164 = DEFINITIONAL_REPRESENTATION('',(#10165),#10168);
#10165 = B_SPLINE_CURVE_WITH_KNOTS('',1,(#10166,#10167),.UNSPECIFIED.,
  .F.,.F.,(2,2),(-145.,0.),.PIECEWISE_BEZIER_KNOTS.);
#10166 = CARTESIAN_POINT('',(145.,4.));
#10167 = CARTESIAN_POINT('',(0.,4.));
#10168 = ( GEOMETRIC_REPRESENTATION_CONTEXT(2) 
PARAMETRIC_REPRESENTATION_CONTEXT() REPRESENTATION_CONTEXT('2D SPACE',''
  ) );
#10169 = PCURVE('',#8424,#10170);
#10170 = DEFINITIONAL_REPRESENTATION('',(#10171),#10174);
#10171 = B_SPLINE_CURVE_WITH_KNOTS('',1,(#10172,#10173),.UNSPECIFIED.,
  .F.,.F.,(2,2),(-145.,0.),.PIECEWISE_BEZIER_KNOTS.);
#10172 = CARTESIAN_POINT('',(4.,145.));
#10173 = CARTESIAN_POINT('',(4.,0.));
#10174 = ( GEOMETRIC_REPRESENTATION_CONTEXT(2) 
PARAMETRIC_REPRESENTATION_CONTEXT() REPRESENTATION_CONTEXT('2D SPACE',''
  ) );
#10175 = ORIENTED_EDGE('',*,*,#10176,.F.);
#10176 = EDGE_CURVE('',#8323,#10156,#10177,.T.);
#10177 = SURFACE_CURVE('',#10178,(#10182,#10188),.PCURVE_S1.);
#10178 = LINE('',#10179,#10180);
#10179 = CARTESIAN_POINT('',(67.,70.25,18.));
#10180 = VECTOR('',#10181,1.);
#10181 = DIRECTION('',(0.,-1.,0.));
#10182 = PCURVE('',#944,#10183);
#10183 = DEFINITIONAL_REPRESENTATION('',(#10184),#10187);
#10184 = B_SPLINE_CURVE_WITH_KNOTS('',1,(#10185,#10186),.UNSPECIFIED.,
  .F.,.F.,(2,2),(-7.23394058145,-2.991657386774),
  .PIECEWISE_BEZIER_KNOTS.);
#10185 = CARTESIAN_POINT('',(139.5,5.98394058145));
#10186 = CARTESIAN_POINT('',(139.5,1.741657386774));
#10187 = ( GEOMETRIC_REPRESENTATION_CONTEXT(2) 
PARAMETRIC_REPRESENTATION_CONTEXT() REPRESENTATION_CONTEXT('2D SPACE',''
  ) );
#10188 = PCURVE('',#8365,#10189);
#10189 = DEFINITIONAL_REPRESENTATION('',(#10190),#10193);
#10190 = B_SPLINE_CURVE_WITH_KNOTS('',1,(#10191,#10192),.UNSPECIFIED.,
  .F.,.F.,(2,2),(-7.23394058145,-2.991657386774),
  .PIECEWISE_BEZIER_KNOTS.);
#10191 = CARTESIAN_POINT('',(4.,-8.48394058145));
#10192 = CARTESIAN_POINT('',(4.,-4.241657386774));
#10193 = ( GEOMETRIC_REPRESENTATION_CONTEXT(2) 
PARAMETRIC_REPRESENTATION_CONTEXT() REPRESENTATION_CONTEXT('2D SPACE',''
  ) );
#10194 = ORIENTED_EDGE('',*,*,#8322,.F.);
#10195 = ORIENTED_EDGE('',*,*,#3811,.F.);
#10196 = ORIENTED_EDGE('',*,*,#927,.F.);
#10197 = ADVANCED_FACE('',(#10198),#3875,.T.);
#10198 = FACE_BOUND('',#10199,.T.);
#10199 = EDGE_LOOP('',(#10200,#10226,#10227,#10228));
#10200 = ORIENTED_EDGE('',*,*,#10201,.T.);
#10201 = EDGE_CURVE('',#8300,#3946,#10202,.T.);
#10202 = SURFACE_CURVE('',#10203,(#10208,#10219),.PCURVE_S1.);
#10203 = CIRCLE('',#10204,4.5);
#10204 = AXIS2_PLACEMENT_3D('',#10205,#10206,#10207);
#10205 = CARTESIAN_POINT('',(63.,78.3,31.));
#10206 = DIRECTION('',(0.,-1.,0.));
#10207 = DIRECTION('',(0.,-0.,-1.));
#10208 = PCURVE('',#3875,#10209);
#10209 = DEFINITIONAL_REPRESENTATION('',(#10210),#10218);
#10210 = ( BOUNDED_CURVE() B_SPLINE_CURVE(2,(#10211,#10212,#10213,#10214
    ,#10215,#10216,#10217),.UNSPECIFIED.,.T.,.F.) 
B_SPLINE_CURVE_WITH_KNOTS((1,2,2,2,2,1),(-2.094395102393,0.,
    2.094395102393,4.188790204786,6.28318530718,8.377580409573),
.UNSPECIFIED.) CURVE() GEOMETRIC_REPRESENTATION_ITEM() 
RATIONAL_B_SPLINE_CURVE((1.,0.5,1.,0.5,1.,0.5,1.)) REPRESENTATION_ITEM(
  '') );
#10211 = CARTESIAN_POINT('',(8.55,121.));
#10212 = CARTESIAN_POINT('',(8.55,128.79422863406));
#10213 = CARTESIAN_POINT('',(15.3,124.89711431703));
#10214 = CARTESIAN_POINT('',(22.05,121.));
#10215 = CARTESIAN_POINT('',(15.3,117.10288568297));
#10216 = CARTESIAN_POINT('',(8.55,113.20577136594));
#10217 = CARTESIAN_POINT('',(8.55,121.));
#10218 = ( GEOMETRIC_REPRESENTATION_CONTEXT(2) 
PARAMETRIC_REPRESENTATION_CONTEXT() REPRESENTATION_CONTEXT('2D SPACE',''
  ) );
#10219 = PCURVE('',#4135,#10220);
#10220 = DEFINITIONAL_REPRESENTATION('',(#10221),#10225);
#10221 = LINE('',#10222,#10223);
#10222 = CARTESIAN_POINT('',(0.,1.));
#10223 = VECTOR('',#10224,1.);
#10224 = DIRECTION('',(1.,0.));
#10225 = ( GEOMETRIC_REPRESENTATION_CONTEXT(2) 
PARAMETRIC_REPRESENTATION_CONTEXT() REPRESENTATION_CONTEXT('2D SPACE',''
  ) );
#10226 = ORIENTED_EDGE('',*,*,#3945,.F.);
#10227 = ORIENTED_EDGE('',*,*,#3858,.T.);
#10228 = ORIENTED_EDGE('',*,*,#8299,.F.);
#10229 = ADVANCED_FACE('',(#10230),#4135,.T.);
#10230 = FACE_BOUND('',#10231,.T.);
#10231 = EDGE_LOOP('',(#10232,#10257,#10284,#10285,#10307,#10308,#10309,
    #10310,#10336,#10337));
#10232 = ORIENTED_EDGE('',*,*,#10233,.T.);
#10233 = EDGE_CURVE('',#10234,#10236,#10238,.T.);
#10234 = VERTEX_POINT('',#10235);
#10235 = CARTESIAN_POINT('',(63.,79.3,26.5));
#10236 = VERTEX_POINT('',#10237);
#10237 = CARTESIAN_POINT('',(63.,70.3,26.5));
#10238 = SEAM_CURVE('',#10239,(#10243,#10250),.PCURVE_S1.);
#10239 = LINE('',#10240,#10241);
#10240 = CARTESIAN_POINT('',(63.,79.3,26.5));
#10241 = VECTOR('',#10242,1.);
#10242 = DIRECTION('',(0.,-1.,0.));
#10243 = PCURVE('',#4135,#10244);
#10244 = DEFINITIONAL_REPRESENTATION('',(#10245),#10249);
#10245 = LINE('',#10246,#10247);
#10246 = CARTESIAN_POINT('',(6.28318530718,-0.));
#10247 = VECTOR('',#10248,1.);
#10248 = DIRECTION('',(0.,1.));
#10249 = ( GEOMETRIC_REPRESENTATION_CONTEXT(2) 
PARAMETRIC_REPRESENTATION_CONTEXT() REPRESENTATION_CONTEXT('2D SPACE',''
  ) );
#10250 = PCURVE('',#4135,#10251);
#10251 = DEFINITIONAL_REPRESENTATION('',(#10252),#10256);
#10252 = LINE('',#10253,#10254);
#10253 = CARTESIAN_POINT('',(0.,-0.));
#10254 = VECTOR('',#10255,1.);
#10255 = DIRECTION('',(0.,1.));
#10256 = ( GEOMETRIC_REPRESENTATION_CONTEXT(2) 
PARAMETRIC_REPRESENTATION_CONTEXT() REPRESENTATION_CONTEXT('2D SPACE',''
  ) );
#10257 = ORIENTED_EDGE('',*,*,#10258,.F.);
#10258 = EDGE_CURVE('',#10236,#10236,#10259,.T.);
#10259 = SURFACE_CURVE('',#10260,(#10265,#10272),.PCURVE_S1.);
#10260 = CIRCLE('',#10261,4.5);
#10261 = AXIS2_PLACEMENT_3D('',#10262,#10263,#10264);
#10262 = CARTESIAN_POINT('',(63.,70.3,31.));
#10263 = DIRECTION('',(0.,-1.,0.));
#10264 = DIRECTION('',(0.,-0.,-1.));
#10265 = PCURVE('',#4135,#10266);
#10266 = DEFINITIONAL_REPRESENTATION('',(#10267),#10271);
#10267 = LINE('',#10268,#10269);
#10268 = CARTESIAN_POINT('',(0.,9.));
#10269 = VECTOR('',#10270,1.);
#10270 = DIRECTION('',(1.,0.));
#10271 = ( GEOMETRIC_REPRESENTATION_CONTEXT(2) 
PARAMETRIC_REPRESENTATION_CONTEXT() REPRESENTATION_CONTEXT('2D SPACE',''
  ) );
#10272 = PCURVE('',#10273,#10278);
#10273 = PLANE('',#10274);
#10274 = AXIS2_PLACEMENT_3D('',#10275,#10276,#10277);
#10275 = CARTESIAN_POINT('',(63.,70.3,31.));
#10276 = DIRECTION('',(0.,-1.,0.));
#10277 = DIRECTION('',(0.,-0.,-1.));
#10278 = DEFINITIONAL_REPRESENTATION('',(#10279),#10283);
#10279 = CIRCLE('',#10280,4.5);
#10280 = AXIS2_PLACEMENT_2D('',#10281,#10282);
#10281 = CARTESIAN_POINT('',(0.,0.));
#10282 = DIRECTION('',(1.,0.));
#10283 = ( GEOMETRIC_REPRESENTATION_CONTEXT(2) 
PARAMETRIC_REPRESENTATION_CONTEXT() REPRESENTATION_CONTEXT('2D SPACE',''
  ) );
#10284 = ORIENTED_EDGE('',*,*,#10233,.F.);
#10285 = ORIENTED_EDGE('',*,*,#10286,.T.);
#10286 = EDGE_CURVE('',#10234,#4147,#10287,.T.);
#10287 = SURFACE_CURVE('',#10288,(#10293,#10300),.PCURVE_S1.);
#10288 = CIRCLE('',#10289,4.5);
#10289 = AXIS2_PLACEMENT_3D('',#10290,#10291,#10292);
#10290 = CARTESIAN_POINT('',(63.,79.3,31.));
#10291 = DIRECTION('',(0.,-1.,0.));
#10292 = DIRECTION('',(0.,-0.,-1.));
#10293 = PCURVE('',#4135,#10294);
#10294 = DEFINITIONAL_REPRESENTATION('',(#10295),#10299);
#10295 = LINE('',#10296,#10297);
#10296 = CARTESIAN_POINT('',(0.,0.));
#10297 = VECTOR('',#10298,1.);
#10298 = DIRECTION('',(1.,0.));
#10299 = ( GEOMETRIC_REPRESENTATION_CONTEXT(2) 
PARAMETRIC_REPRESENTATION_CONTEXT() REPRESENTATION_CONTEXT('2D SPACE',''
  ) );
#10300 = PCURVE('',#4161,#10301);
#10301 = DEFINITIONAL_REPRESENTATION('',(#10302),#10306);
#10302 = CIRCLE('',#10303,4.5);
#10303 = AXIS2_PLACEMENT_2D('',#10304,#10305);
#10304 = CARTESIAN_POINT('',(0.,0.));
#10305 = DIRECTION('',(1.,0.));
#10306 = ( GEOMETRIC_REPRESENTATION_CONTEXT(2) 
PARAMETRIC_REPRESENTATION_CONTEXT() REPRESENTATION_CONTEXT('2D SPACE',''
  ) );
#10307 = ORIENTED_EDGE('',*,*,#4172,.T.);
#10308 = ORIENTED_EDGE('',*,*,#10201,.F.);
#10309 = ORIENTED_EDGE('',*,*,#8872,.T.);
#10310 = ORIENTED_EDGE('',*,*,#10311,.F.);
#10311 = EDGE_CURVE('',#4093,#8852,#10312,.T.);
#10312 = SURFACE_CURVE('',#10313,(#10318,#10325),.PCURVE_S1.);
#10313 = CIRCLE('',#10314,4.5);
#10314 = AXIS2_PLACEMENT_3D('',#10315,#10316,#10317);
#10315 = CARTESIAN_POINT('',(63.,78.3,31.));
#10316 = DIRECTION('',(0.,-1.,0.));
#10317 = DIRECTION('',(0.,-0.,-1.));
#10318 = PCURVE('',#4135,#10319);
#10319 = DEFINITIONAL_REPRESENTATION('',(#10320),#10324);
#10320 = LINE('',#10321,#10322);
#10321 = CARTESIAN_POINT('',(0.,1.));
#10322 = VECTOR('',#10323,1.);
#10323 = DIRECTION('',(1.,0.));
#10324 = ( GEOMETRIC_REPRESENTATION_CONTEXT(2) 
PARAMETRIC_REPRESENTATION_CONTEXT() REPRESENTATION_CONTEXT('2D SPACE',''
  ) );
#10325 = PCURVE('',#4108,#10326);
#10326 = DEFINITIONAL_REPRESENTATION('',(#10327),#10335);
#10327 = ( BOUNDED_CURVE() B_SPLINE_CURVE(2,(#10328,#10329,#10330,#10331
    ,#10332,#10333,#10334),.UNSPECIFIED.,.T.,.F.) 
B_SPLINE_CURVE_WITH_KNOTS((1,2,2,2,2,1),(-2.094395102393,0.,
    2.094395102393,4.188790204786,6.28318530718,8.377580409573),
.UNSPECIFIED.) CURVE() GEOMETRIC_REPRESENTATION_ITEM() 
RATIONAL_B_SPLINE_CURVE((1.,0.5,1.,0.5,1.,0.5,1.)) REPRESENTATION_ITEM(
  '') );
#10328 = CARTESIAN_POINT('',(8.55,121.));
#10329 = CARTESIAN_POINT('',(8.55,128.79422863406));
#10330 = CARTESIAN_POINT('',(15.3,124.89711431703));
#10331 = CARTESIAN_POINT('',(22.05,121.));
#10332 = CARTESIAN_POINT('',(15.3,117.10288568297));
#10333 = CARTESIAN_POINT('',(8.55,113.20577136594));
#10334 = CARTESIAN_POINT('',(8.55,121.));
#10335 = ( GEOMETRIC_REPRESENTATION_CONTEXT(2) 
PARAMETRIC_REPRESENTATION_CONTEXT() REPRESENTATION_CONTEXT('2D SPACE',''
  ) );
#10336 = ORIENTED_EDGE('',*,*,#4120,.F.);
#10337 = ORIENTED_EDGE('',*,*,#10338,.T.);
#10338 = EDGE_CURVE('',#4121,#10234,#10339,.T.);
#10339 = SURFACE_CURVE('',#10340,(#10345,#10352),.PCURVE_S1.);
#10340 = CIRCLE('',#10341,4.5);
#10341 = AXIS2_PLACEMENT_3D('',#10342,#10343,#10344);
#10342 = CARTESIAN_POINT('',(63.,79.3,31.));
#10343 = DIRECTION('',(0.,-1.,0.));
#10344 = DIRECTION('',(0.,-0.,-1.));
#10345 = PCURVE('',#4135,#10346);
#10346 = DEFINITIONAL_REPRESENTATION('',(#10347),#10351);
#10347 = LINE('',#10348,#10349);
#10348 = CARTESIAN_POINT('',(0.,0.));
#10349 = VECTOR('',#10350,1.);
#10350 = DIRECTION('',(1.,0.));
#10351 = ( GEOMETRIC_REPRESENTATION_CONTEXT(2) 
PARAMETRIC_REPRESENTATION_CONTEXT() REPRESENTATION_CONTEXT('2D SPACE',''
  ) );
#10352 = PCURVE('',#4161,#10353);
#10353 = DEFINITIONAL_REPRESENTATION('',(#10354),#10358);
#10354 = CIRCLE('',#10355,4.5);
#10355 = AXIS2_PLACEMENT_2D('',#10356,#10357);
#10356 = CARTESIAN_POINT('',(0.,0.));
#10357 = DIRECTION('',(1.,0.));
#10358 = ( GEOMETRIC_REPRESENTATION_CONTEXT(2) 
PARAMETRIC_REPRESENTATION_CONTEXT() REPRESENTATION_CONTEXT('2D SPACE',''
  ) );
#10359 = ADVANCED_FACE('',(#10360,#10365),#4161,.F.);
#10360 = FACE_BOUND('',#10361,.F.);
#10361 = EDGE_LOOP('',(#10362,#10363,#10364));
#10362 = ORIENTED_EDGE('',*,*,#10338,.T.);
#10363 = ORIENTED_EDGE('',*,*,#10286,.T.);
#10364 = ORIENTED_EDGE('',*,*,#4146,.F.);
#10365 = FACE_BOUND('',#10366,.F.);
#10366 = EDGE_LOOP('',(#10367));
#10367 = ORIENTED_EDGE('',*,*,#10368,.F.);
#10368 = EDGE_CURVE('',#10369,#10369,#10371,.T.);
#10369 = VERTEX_POINT('',#10370);
#10370 = CARTESIAN_POINT('',(63.,79.3,28.9));
#10371 = SURFACE_CURVE('',#10372,(#10377,#10384),.PCURVE_S1.);
#10372 = CIRCLE('',#10373,2.1);
#10373 = AXIS2_PLACEMENT_3D('',#10374,#10375,#10376);
#10374 = CARTESIAN_POINT('',(63.,79.3,31.));
#10375 = DIRECTION('',(0.,-1.,0.));
#10376 = DIRECTION('',(0.,-0.,-1.));
#10377 = PCURVE('',#4161,#10378);
#10378 = DEFINITIONAL_REPRESENTATION('',(#10379),#10383);
#10379 = CIRCLE('',#10380,2.1);
#10380 = AXIS2_PLACEMENT_2D('',#10381,#10382);
#10381 = CARTESIAN_POINT('',(0.,0.));
#10382 = DIRECTION('',(1.,0.));
#10383 = ( GEOMETRIC_REPRESENTATION_CONTEXT(2) 
PARAMETRIC_REPRESENTATION_CONTEXT() REPRESENTATION_CONTEXT('2D SPACE',''
  ) );
#10384 = PCURVE('',#10385,#10390);
#10385 = CYLINDRICAL_SURFACE('',#10386,2.1);
#10386 = AXIS2_PLACEMENT_3D('',#10387,#10388,#10389);
#10387 = CARTESIAN_POINT('',(63.,79.8,31.));
#10388 = DIRECTION('',(0.,-1.,0.));
#10389 = DIRECTION('',(0.,-0.,-1.));
#10390 = DEFINITIONAL_REPRESENTATION('',(#10391),#10395);
#10391 = LINE('',#10392,#10393);
#10392 = CARTESIAN_POINT('',(0.,0.5));
#10393 = VECTOR('',#10394,1.);
#10394 = DIRECTION('',(1.,0.));
#10395 = ( GEOMETRIC_REPRESENTATION_CONTEXT(2) 
PARAMETRIC_REPRESENTATION_CONTEXT() REPRESENTATION_CONTEXT('2D SPACE',''
  ) );
#10396 = ADVANCED_FACE('',(#10397),#4108,.T.);
#10397 = FACE_BOUND('',#10398,.T.);
#10398 = EDGE_LOOP('',(#10399,#10425,#10426,#10427));
#10399 = ORIENTED_EDGE('',*,*,#10400,.T.);
#10400 = EDGE_CURVE('',#8697,#4072,#10401,.T.);
#10401 = SURFACE_CURVE('',#10402,(#10407,#10418),.PCURVE_S1.);
#10402 = CIRCLE('',#10403,4.5);
#10403 = AXIS2_PLACEMENT_3D('',#10404,#10405,#10406);
#10404 = CARTESIAN_POINT('',(63.,78.3,92.));
#10405 = DIRECTION('',(0.,-1.,0.));
#10406 = DIRECTION('',(0.,-0.,-1.));
#10407 = PCURVE('',#4108,#10408);
#10408 = DEFINITIONAL_REPRESENTATION('',(#10409),#10417);
#10409 = ( BOUNDED_CURVE() B_SPLINE_CURVE(2,(#10410,#10411,#10412,#10413
    ,#10414,#10415,#10416),.UNSPECIFIED.,.T.,.F.) 
B_SPLINE_CURVE_WITH_KNOTS((1,2,2,2,2,1),(-2.094395102393,0.,
    2.094395102393,4.188790204786,6.28318530718,8.377580409573),
.UNSPECIFIED.) CURVE() GEOMETRIC_REPRESENTATION_ITEM() 
RATIONAL_B_SPLINE_CURVE((1.,0.5,1.,0.5,1.,0.5,1.)) REPRESENTATION_ITEM(
  '') );
#10410 = CARTESIAN_POINT('',(69.55,121.));
#10411 = CARTESIAN_POINT('',(69.55,128.79422863406));
#10412 = CARTESIAN_POINT('',(76.3,124.89711431703));
#10413 = CARTESIAN_POINT('',(83.05,121.));
#10414 = CARTESIAN_POINT('',(76.3,117.10288568297));
#10415 = CARTESIAN_POINT('',(69.55,113.20577136594));
#10416 = CARTESIAN_POINT('',(69.55,121.));
#10417 = ( GEOMETRIC_REPRESENTATION_CONTEXT(2) 
PARAMETRIC_REPRESENTATION_CONTEXT() REPRESENTATION_CONTEXT('2D SPACE',''
  ) );
#10418 = PCURVE('',#4034,#10419);
#10419 = DEFINITIONAL_REPRESENTATION('',(#10420),#10424);
#10420 = LINE('',#10421,#10422);
#10421 = CARTESIAN_POINT('',(0.,1.));
#10422 = VECTOR('',#10423,1.);
#10423 = DIRECTION('',(1.,0.));
#10424 = ( GEOMETRIC_REPRESENTATION_CONTEXT(2) 
PARAMETRIC_REPRESENTATION_CONTEXT() REPRESENTATION_CONTEXT('2D SPACE',''
  ) );
#10425 = ORIENTED_EDGE('',*,*,#4092,.F.);
#10426 = ORIENTED_EDGE('',*,*,#10311,.T.);
#10427 = ORIENTED_EDGE('',*,*,#8851,.F.);
#10428 = ADVANCED_FACE('',(#10429),#4034,.T.);
#10429 = FACE_BOUND('',#10430,.T.);
#10430 = EDGE_LOOP('',(#10431,#10456,#10483,#10484,#10506,#10507,#10508,
    #10509,#10535,#10536));
#10431 = ORIENTED_EDGE('',*,*,#10432,.T.);
#10432 = EDGE_CURVE('',#10433,#10435,#10437,.T.);
#10433 = VERTEX_POINT('',#10434);
#10434 = CARTESIAN_POINT('',(63.,79.3,87.5));
#10435 = VERTEX_POINT('',#10436);
#10436 = CARTESIAN_POINT('',(63.,70.3,87.5));
#10437 = SEAM_CURVE('',#10438,(#10442,#10449),.PCURVE_S1.);
#10438 = LINE('',#10439,#10440);
#10439 = CARTESIAN_POINT('',(63.,79.3,87.5));
#10440 = VECTOR('',#10441,1.);
#10441 = DIRECTION('',(0.,-1.,0.));
#10442 = PCURVE('',#4034,#10443);
#10443 = DEFINITIONAL_REPRESENTATION('',(#10444),#10448);
#10444 = LINE('',#10445,#10446);
#10445 = CARTESIAN_POINT('',(6.28318530718,-0.));
#10446 = VECTOR('',#10447,1.);
#10447 = DIRECTION('',(0.,1.));
#10448 = ( GEOMETRIC_REPRESENTATION_CONTEXT(2) 
PARAMETRIC_REPRESENTATION_CONTEXT() REPRESENTATION_CONTEXT('2D SPACE',''
  ) );
#10449 = PCURVE('',#4034,#10450);
#10450 = DEFINITIONAL_REPRESENTATION('',(#10451),#10455);
#10451 = LINE('',#10452,#10453);
#10452 = CARTESIAN_POINT('',(0.,-0.));
#10453 = VECTOR('',#10454,1.);
#10454 = DIRECTION('',(0.,1.));
#10455 = ( GEOMETRIC_REPRESENTATION_CONTEXT(2) 
PARAMETRIC_REPRESENTATION_CONTEXT() REPRESENTATION_CONTEXT('2D SPACE',''
  ) );
#10456 = ORIENTED_EDGE('',*,*,#10457,.F.);
#10457 = EDGE_CURVE('',#10435,#10435,#10458,.T.);
#10458 = SURFACE_CURVE('',#10459,(#10464,#10471),.PCURVE_S1.);
#10459 = CIRCLE('',#10460,4.5);
#10460 = AXIS2_PLACEMENT_3D('',#10461,#10462,#10463);
#10461 = CARTESIAN_POINT('',(63.,70.3,92.));
#10462 = DIRECTION('',(0.,-1.,0.));
#10463 = DIRECTION('',(0.,-0.,-1.));
#10464 = PCURVE('',#4034,#10465);
#10465 = DEFINITIONAL_REPRESENTATION('',(#10466),#10470);
#10466 = LINE('',#10467,#10468);
#10467 = CARTESIAN_POINT('',(0.,9.));
#10468 = VECTOR('',#10469,1.);
#10469 = DIRECTION('',(1.,0.));
#10470 = ( GEOMETRIC_REPRESENTATION_CONTEXT(2) 
PARAMETRIC_REPRESENTATION_CONTEXT() REPRESENTATION_CONTEXT('2D SPACE',''
  ) );
#10471 = PCURVE('',#10472,#10477);
#10472 = PLANE('',#10473);
#10473 = AXIS2_PLACEMENT_3D('',#10474,#10475,#10476);
#10474 = CARTESIAN_POINT('',(63.,70.3,92.));
#10475 = DIRECTION('',(0.,-1.,0.));
#10476 = DIRECTION('',(0.,-0.,-1.));
#10477 = DEFINITIONAL_REPRESENTATION('',(#10478),#10482);
#10478 = CIRCLE('',#10479,4.5);
#10479 = AXIS2_PLACEMENT_2D('',#10480,#10481);
#10480 = CARTESIAN_POINT('',(0.,0.));
#10481 = DIRECTION('',(1.,0.));
#10482 = ( GEOMETRIC_REPRESENTATION_CONTEXT(2) 
PARAMETRIC_REPRESENTATION_CONTEXT() REPRESENTATION_CONTEXT('2D SPACE',''
  ) );
#10483 = ORIENTED_EDGE('',*,*,#10432,.F.);
#10484 = ORIENTED_EDGE('',*,*,#10485,.T.);
#10485 = EDGE_CURVE('',#10433,#4046,#10486,.T.);
#10486 = SURFACE_CURVE('',#10487,(#10492,#10499),.PCURVE_S1.);
#10487 = CIRCLE('',#10488,4.5);
#10488 = AXIS2_PLACEMENT_3D('',#10489,#10490,#10491);
#10489 = CARTESIAN_POINT('',(63.,79.3,92.));
#10490 = DIRECTION('',(0.,-1.,0.));
#10491 = DIRECTION('',(0.,-0.,-1.));
#10492 = PCURVE('',#4034,#10493);
#10493 = DEFINITIONAL_REPRESENTATION('',(#10494),#10498);
#10494 = LINE('',#10495,#10496);
#10495 = CARTESIAN_POINT('',(0.,0.));
#10496 = VECTOR('',#10497,1.);
#10497 = DIRECTION('',(1.,0.));
#10498 = ( GEOMETRIC_REPRESENTATION_CONTEXT(2) 
PARAMETRIC_REPRESENTATION_CONTEXT() REPRESENTATION_CONTEXT('2D SPACE',''
  ) );
#10499 = PCURVE('',#4060,#10500);
#10500 = DEFINITIONAL_REPRESENTATION('',(#10501),#10505);
#10501 = CIRCLE('',#10502,4.5);
#10502 = AXIS2_PLACEMENT_2D('',#10503,#10504);
#10503 = CARTESIAN_POINT('',(0.,0.));
#10504 = DIRECTION('',(1.,0.));
#10505 = ( GEOMETRIC_REPRESENTATION_CONTEXT(2) 
PARAMETRIC_REPRESENTATION_CONTEXT() REPRESENTATION_CONTEXT('2D SPACE',''
  ) );
#10506 = ORIENTED_EDGE('',*,*,#4071,.T.);
#10507 = ORIENTED_EDGE('',*,*,#10400,.F.);
#10508 = ORIENTED_EDGE('',*,*,#8696,.T.);
#10509 = ORIENTED_EDGE('',*,*,#10510,.F.);
#10510 = EDGE_CURVE('',#3992,#8676,#10511,.T.);
#10511 = SURFACE_CURVE('',#10512,(#10517,#10524),.PCURVE_S1.);
#10512 = CIRCLE('',#10513,4.5);
#10513 = AXIS2_PLACEMENT_3D('',#10514,#10515,#10516);
#10514 = CARTESIAN_POINT('',(63.,78.3,92.));
#10515 = DIRECTION('',(0.,-1.,0.));
#10516 = DIRECTION('',(0.,-0.,-1.));
#10517 = PCURVE('',#4034,#10518);
#10518 = DEFINITIONAL_REPRESENTATION('',(#10519),#10523);
#10519 = LINE('',#10520,#10521);
#10520 = CARTESIAN_POINT('',(0.,1.));
#10521 = VECTOR('',#10522,1.);
#10522 = DIRECTION('',(1.,0.));
#10523 = ( GEOMETRIC_REPRESENTATION_CONTEXT(2) 
PARAMETRIC_REPRESENTATION_CONTEXT() REPRESENTATION_CONTEXT('2D SPACE',''
  ) );
#10524 = PCURVE('',#4007,#10525);
#10525 = DEFINITIONAL_REPRESENTATION('',(#10526),#10534);
#10526 = ( BOUNDED_CURVE() B_SPLINE_CURVE(2,(#10527,#10528,#10529,#10530
    ,#10531,#10532,#10533),.UNSPECIFIED.,.T.,.F.) 
B_SPLINE_CURVE_WITH_KNOTS((1,2,2,2,2,1),(-2.094395102393,0.,
    2.094395102393,4.188790204786,6.28318530718,8.377580409573),
.UNSPECIFIED.) CURVE() GEOMETRIC_REPRESENTATION_ITEM() 
RATIONAL_B_SPLINE_CURVE((1.,0.5,1.,0.5,1.,0.5,1.)) REPRESENTATION_ITEM(
  '') );
#10527 = CARTESIAN_POINT('',(69.55,121.));
#10528 = CARTESIAN_POINT('',(69.55,128.79422863406));
#10529 = CARTESIAN_POINT('',(76.3,124.89711431703));
#10530 = CARTESIAN_POINT('',(83.05,121.));
#10531 = CARTESIAN_POINT('',(76.3,117.10288568297));
#10532 = CARTESIAN_POINT('',(69.55,113.20577136594));
#10533 = CARTESIAN_POINT('',(69.55,121.));
#10534 = ( GEOMETRIC_REPRESENTATION_CONTEXT(2) 
PARAMETRIC_REPRESENTATION_CONTEXT() REPRESENTATION_CONTEXT('2D SPACE',''
  ) );
#10535 = ORIENTED_EDGE('',*,*,#4019,.F.);
#10536 = ORIENTED_EDGE('',*,*,#10537,.T.);
#10537 = EDGE_CURVE('',#4020,#10433,#10538,.T.);
#10538 = SURFACE_CURVE('',#10539,(#10544,#10551),.PCURVE_S1.);
#10539 = CIRCLE('',#10540,4.5);
#10540 = AXIS2_PLACEMENT_3D('',#10541,#10542,#10543);
#10541 = CARTESIAN_POINT('',(63.,79.3,92.));
#10542 = DIRECTION('',(0.,-1.,0.));
#10543 = DIRECTION('',(0.,-0.,-1.));
#10544 = PCURVE('',#4034,#10545);
#10545 = DEFINITIONAL_REPRESENTATION('',(#10546),#10550);
#10546 = LINE('',#10547,#10548);
#10547 = CARTESIAN_POINT('',(0.,0.));
#10548 = VECTOR('',#10549,1.);
#10549 = DIRECTION('',(1.,0.));
#10550 = ( GEOMETRIC_REPRESENTATION_CONTEXT(2) 
PARAMETRIC_REPRESENTATION_CONTEXT() REPRESENTATION_CONTEXT('2D SPACE',''
  ) );
#10551 = PCURVE('',#4060,#10552);
#10552 = DEFINITIONAL_REPRESENTATION('',(#10553),#10557);
#10553 = CIRCLE('',#10554,4.5);
#10554 = AXIS2_PLACEMENT_2D('',#10555,#10556);
#10555 = CARTESIAN_POINT('',(0.,0.));
#10556 = DIRECTION('',(1.,0.));
#10557 = ( GEOMETRIC_REPRESENTATION_CONTEXT(2) 
PARAMETRIC_REPRESENTATION_CONTEXT() REPRESENTATION_CONTEXT('2D SPACE',''
  ) );
#10558 = ADVANCED_FACE('',(#10559,#10564),#4060,.F.);
#10559 = FACE_BOUND('',#10560,.F.);
#10560 = EDGE_LOOP('',(#10561,#10562,#10563));
#10561 = ORIENTED_EDGE('',*,*,#10537,.T.);
#10562 = ORIENTED_EDGE('',*,*,#10485,.T.);
#10563 = ORIENTED_EDGE('',*,*,#4045,.F.);
#10564 = FACE_BOUND('',#10565,.F.);
#10565 = EDGE_LOOP('',(#10566));
#10566 = ORIENTED_EDGE('',*,*,#10567,.F.);
#10567 = EDGE_CURVE('',#10568,#10568,#10570,.T.);
#10568 = VERTEX_POINT('',#10569);
#10569 = CARTESIAN_POINT('',(63.,79.3,89.9));
#10570 = SURFACE_CURVE('',#10571,(#10576,#10583),.PCURVE_S1.);
#10571 = CIRCLE('',#10572,2.1);
#10572 = AXIS2_PLACEMENT_3D('',#10573,#10574,#10575);
#10573 = CARTESIAN_POINT('',(63.,79.3,92.));
#10574 = DIRECTION('',(0.,-1.,0.));
#10575 = DIRECTION('',(0.,-0.,-1.));
#10576 = PCURVE('',#4060,#10577);
#10577 = DEFINITIONAL_REPRESENTATION('',(#10578),#10582);
#10578 = CIRCLE('',#10579,2.1);
#10579 = AXIS2_PLACEMENT_2D('',#10580,#10581);
#10580 = CARTESIAN_POINT('',(0.,0.));
#10581 = DIRECTION('',(1.,0.));
#10582 = ( GEOMETRIC_REPRESENTATION_CONTEXT(2) 
PARAMETRIC_REPRESENTATION_CONTEXT() REPRESENTATION_CONTEXT('2D SPACE',''
  ) );
#10583 = PCURVE('',#10584,#10589);
#10584 = CYLINDRICAL_SURFACE('',#10585,2.1);
#10585 = AXIS2_PLACEMENT_3D('',#10586,#10587,#10588);
#10586 = CARTESIAN_POINT('',(63.,79.8,92.));
#10587 = DIRECTION('',(0.,-1.,0.));
#10588 = DIRECTION('',(0.,-0.,-1.));
#10589 = DEFINITIONAL_REPRESENTATION('',(#10590),#10594);
#10590 = LINE('',#10591,#10592);
#10591 = CARTESIAN_POINT('',(0.,0.5));
#10592 = VECTOR('',#10593,1.);
#10593 = DIRECTION('',(1.,0.));
#10594 = ( GEOMETRIC_REPRESENTATION_CONTEXT(2) 
PARAMETRIC_REPRESENTATION_CONTEXT() REPRESENTATION_CONTEXT('2D SPACE',''
  ) );
#10595 = ADVANCED_FACE('',(#10596),#4007,.T.);
#10596 = FACE_BOUND('',#10597,.T.);
#10597 = EDGE_LOOP('',(#10598,#10599,#10600,#10601));
#10598 = ORIENTED_EDGE('',*,*,#4197,.F.);
#10599 = ORIENTED_EDGE('',*,*,#3991,.F.);
#10600 = ORIENTED_EDGE('',*,*,#10510,.T.);
#10601 = ORIENTED_EDGE('',*,*,#8675,.F.);
#10602 = ADVANCED_FACE('',(#10603),#2716,.T.);
#10603 = FACE_BOUND('',#10604,.T.);
#10604 = EDGE_LOOP('',(#10605,#10628,#10649,#10650,#10651,#10652,#10675,
    #10696,#10697,#10698,#10699,#10722,#10748,#10774,#10800,#10821,
    #10822,#10823));
#10605 = ORIENTED_EDGE('',*,*,#10606,.F.);
#10606 = EDGE_CURVE('',#10607,#6743,#10609,.T.);
#10607 = VERTEX_POINT('',#10608);
#10608 = CARTESIAN_POINT('',(-66.,-77.5,105.));
#10609 = SURFACE_CURVE('',#10610,(#10614,#10621),.PCURVE_S1.);
#10610 = LINE('',#10611,#10612);
#10611 = CARTESIAN_POINT('',(-66.,-77.5,105.));
#10612 = VECTOR('',#10613,1.);
#10613 = DIRECTION('',(1.,0.,0.));
#10614 = PCURVE('',#2716,#10615);
#10615 = DEFINITIONAL_REPRESENTATION('',(#10616),#10620);
#10616 = LINE('',#10617,#10618);
#10617 = CARTESIAN_POINT('',(0.,5.));
#10618 = VECTOR('',#10619,1.);
#10619 = DIRECTION('',(1.,0.));
#10620 = ( GEOMETRIC_REPRESENTATION_CONTEXT(2) 
PARAMETRIC_REPRESENTATION_CONTEXT() REPRESENTATION_CONTEXT('2D SPACE',''
  ) );
#10621 = PCURVE('',#6782,#10622);
#10622 = DEFINITIONAL_REPRESENTATION('',(#10623),#10627);
#10623 = LINE('',#10624,#10625);
#10624 = CARTESIAN_POINT('',(12.,0.));
#10625 = VECTOR('',#10626,1.);
#10626 = DIRECTION('',(0.,1.));
#10627 = ( GEOMETRIC_REPRESENTATION_CONTEXT(2) 
PARAMETRIC_REPRESENTATION_CONTEXT() REPRESENTATION_CONTEXT('2D SPACE',''
  ) );
#10628 = ORIENTED_EDGE('',*,*,#10629,.F.);
#10629 = EDGE_CURVE('',#4408,#10607,#10630,.T.);
#10630 = SURFACE_CURVE('',#10631,(#10635,#10642),.PCURVE_S1.);
#10631 = LINE('',#10632,#10633);
#10632 = CARTESIAN_POINT('',(-66.,-82.5,105.));
#10633 = VECTOR('',#10634,1.);
#10634 = DIRECTION('',(0.,1.,0.));
#10635 = PCURVE('',#2716,#10636);
#10636 = DEFINITIONAL_REPRESENTATION('',(#10637),#10641);
#10637 = LINE('',#10638,#10639);
#10638 = CARTESIAN_POINT('',(0.,0.));
#10639 = VECTOR('',#10640,1.);
#10640 = DIRECTION('',(0.,1.));
#10641 = ( GEOMETRIC_REPRESENTATION_CONTEXT(2) 
PARAMETRIC_REPRESENTATION_CONTEXT() REPRESENTATION_CONTEXT('2D SPACE',''
  ) );
#10642 = PCURVE('',#4422,#10643);
#10643 = DEFINITIONAL_REPRESENTATION('',(#10644),#10648);
#10644 = LINE('',#10645,#10646);
#10645 = CARTESIAN_POINT('',(12.,0.));
#10646 = VECTOR('',#10647,1.);
#10647 = DIRECTION('',(0.,-1.));
#10648 = ( GEOMETRIC_REPRESENTATION_CONTEXT(2) 
PARAMETRIC_REPRESENTATION_CONTEXT() REPRESENTATION_CONTEXT('2D SPACE',''
  ) );
#10649 = ORIENTED_EDGE('',*,*,#4433,.F.);
#10650 = ORIENTED_EDGE('',*,*,#4272,.T.);
#10651 = ORIENTED_EDGE('',*,*,#2699,.F.);
#10652 = ORIENTED_EDGE('',*,*,#10653,.T.);
#10653 = EDGE_CURVE('',#2700,#10654,#10656,.T.);
#10654 = VERTEX_POINT('',#10655);
#10655 = CARTESIAN_POINT('',(66.,-77.5,105.));
#10656 = SURFACE_CURVE('',#10657,(#10661,#10668),.PCURVE_S1.);
#10657 = LINE('',#10658,#10659);
#10658 = CARTESIAN_POINT('',(66.,-82.5,105.));
#10659 = VECTOR('',#10660,1.);
#10660 = DIRECTION('',(0.,1.,0.));
#10661 = PCURVE('',#2716,#10662);
#10662 = DEFINITIONAL_REPRESENTATION('',(#10663),#10667);
#10663 = LINE('',#10664,#10665);
#10664 = CARTESIAN_POINT('',(132.,0.));
#10665 = VECTOR('',#10666,1.);
#10666 = DIRECTION('',(0.,1.));
#10667 = ( GEOMETRIC_REPRESENTATION_CONTEXT(2) 
PARAMETRIC_REPRESENTATION_CONTEXT() REPRESENTATION_CONTEXT('2D SPACE',''
  ) );
#10668 = PCURVE('',#2747,#10669);
#10669 = DEFINITIONAL_REPRESENTATION('',(#10670),#10674);
#10670 = LINE('',#10671,#10672);
#10671 = CARTESIAN_POINT('',(12.,0.));
#10672 = VECTOR('',#10673,1.);
#10673 = DIRECTION('',(0.,-1.));
#10674 = ( GEOMETRIC_REPRESENTATION_CONTEXT(2) 
PARAMETRIC_REPRESENTATION_CONTEXT() REPRESENTATION_CONTEXT('2D SPACE',''
  ) );
#10675 = ORIENTED_EDGE('',*,*,#10676,.F.);
#10676 = EDGE_CURVE('',#7172,#10654,#10677,.T.);
#10677 = SURFACE_CURVE('',#10678,(#10682,#10689),.PCURVE_S1.);
#10678 = LINE('',#10679,#10680);
#10679 = CARTESIAN_POINT('',(-66.,-77.5,105.));
#10680 = VECTOR('',#10681,1.);
#10681 = DIRECTION('',(1.,0.,0.));
#10682 = PCURVE('',#2716,#10683);
#10683 = DEFINITIONAL_REPRESENTATION('',(#10684),#10688);
#10684 = LINE('',#10685,#10686);
#10685 = CARTESIAN_POINT('',(0.,5.));
#10686 = VECTOR('',#10687,1.);
#10687 = DIRECTION('',(1.,0.));
#10688 = ( GEOMETRIC_REPRESENTATION_CONTEXT(2) 
PARAMETRIC_REPRESENTATION_CONTEXT() REPRESENTATION_CONTEXT('2D SPACE',''
  ) );
#10689 = PCURVE('',#7209,#10690);
#10690 = DEFINITIONAL_REPRESENTATION('',(#10691),#10695);
#10691 = LINE('',#10692,#10693);
#10692 = CARTESIAN_POINT('',(12.,0.));
#10693 = VECTOR('',#10694,1.);
#10694 = DIRECTION('',(0.,1.));
#10695 = ( GEOMETRIC_REPRESENTATION_CONTEXT(2) 
PARAMETRIC_REPRESENTATION_CONTEXT() REPRESENTATION_CONTEXT('2D SPACE',''
  ) );
#10696 = ORIENTED_EDGE('',*,*,#7171,.T.);
#10697 = ORIENTED_EDGE('',*,*,#7124,.F.);
#10698 = ORIENTED_EDGE('',*,*,#7031,.F.);
#10699 = ORIENTED_EDGE('',*,*,#10700,.F.);
#10700 = EDGE_CURVE('',#10701,#7032,#10703,.T.);
#10701 = VERTEX_POINT('',#10702);
#10702 = CARTESIAN_POINT('',(9.,-77.5,105.));
#10703 = SURFACE_CURVE('',#10704,(#10708,#10715),.PCURVE_S1.);
#10704 = LINE('',#10705,#10706);
#10705 = CARTESIAN_POINT('',(-66.,-77.5,105.));
#10706 = VECTOR('',#10707,1.);
#10707 = DIRECTION('',(1.,0.,0.));
#10708 = PCURVE('',#2716,#10709);
#10709 = DEFINITIONAL_REPRESENTATION('',(#10710),#10714);
#10710 = LINE('',#10711,#10712);
#10711 = CARTESIAN_POINT('',(0.,5.));
#10712 = VECTOR('',#10713,1.);
#10713 = DIRECTION('',(1.,0.));
#10714 = ( GEOMETRIC_REPRESENTATION_CONTEXT(2) 
PARAMETRIC_REPRESENTATION_CONTEXT() REPRESENTATION_CONTEXT('2D SPACE',''
  ) );
#10715 = PCURVE('',#6925,#10716);
#10716 = DEFINITIONAL_REPRESENTATION('',(#10717),#10721);
#10717 = LINE('',#10718,#10719);
#10718 = CARTESIAN_POINT('',(12.,0.));
#10719 = VECTOR('',#10720,1.);
#10720 = DIRECTION('',(0.,1.));
#10721 = ( GEOMETRIC_REPRESENTATION_CONTEXT(2) 
PARAMETRIC_REPRESENTATION_CONTEXT() REPRESENTATION_CONTEXT('2D SPACE',''
  ) );
#10722 = ORIENTED_EDGE('',*,*,#10723,.F.);
#10723 = EDGE_CURVE('',#10724,#10701,#10726,.T.);
#10724 = VERTEX_POINT('',#10725);
#10725 = CARTESIAN_POINT('',(9.,-80.3,105.));
#10726 = SURFACE_CURVE('',#10727,(#10731,#10737),.PCURVE_S1.);
#10727 = LINE('',#10728,#10729);
#10728 = CARTESIAN_POINT('',(9.,-81.4,105.));
#10729 = VECTOR('',#10730,1.);
#10730 = DIRECTION('',(0.,1.,0.));
#10731 = PCURVE('',#2716,#10732);
#10732 = DEFINITIONAL_REPRESENTATION('',(#10733),#10736);
#10733 = B_SPLINE_CURVE_WITH_KNOTS('',1,(#10734,#10735),.UNSPECIFIED.,
  .F.,.F.,(2,2),(1.1,6.1),.PIECEWISE_BEZIER_KNOTS.);
#10734 = CARTESIAN_POINT('',(75.,2.2));
#10735 = CARTESIAN_POINT('',(75.,7.2));
#10736 = ( GEOMETRIC_REPRESENTATION_CONTEXT(2) 
PARAMETRIC_REPRESENTATION_CONTEXT() REPRESENTATION_CONTEXT('2D SPACE',''
  ) );
#10737 = PCURVE('',#10738,#10743);
#10738 = PLANE('',#10739);
#10739 = AXIS2_PLACEMENT_3D('',#10740,#10741,#10742);
#10740 = CARTESIAN_POINT('',(9.,-80.3,103.));
#10741 = DIRECTION('',(1.,0.,0.));
#10742 = DIRECTION('',(0.,0.,1.));
#10743 = DEFINITIONAL_REPRESENTATION('',(#10744),#10747);
#10744 = B_SPLINE_CURVE_WITH_KNOTS('',1,(#10745,#10746),.UNSPECIFIED.,
  .F.,.F.,(2,2),(1.1,6.1),.PIECEWISE_BEZIER_KNOTS.);
#10745 = CARTESIAN_POINT('',(2.,0.));
#10746 = CARTESIAN_POINT('',(2.,-5.));
#10747 = ( GEOMETRIC_REPRESENTATION_CONTEXT(2) 
PARAMETRIC_REPRESENTATION_CONTEXT() REPRESENTATION_CONTEXT('2D SPACE',''
  ) );
#10748 = ORIENTED_EDGE('',*,*,#10749,.T.);
#10749 = EDGE_CURVE('',#10724,#10750,#10752,.T.);
#10750 = VERTEX_POINT('',#10751);
#10751 = CARTESIAN_POINT('',(-9.,-80.3,105.));
#10752 = SURFACE_CURVE('',#10753,(#10757,#10763),.PCURVE_S1.);
#10753 = LINE('',#10754,#10755);
#10754 = CARTESIAN_POINT('',(-37.5,-80.3,105.));
#10755 = VECTOR('',#10756,1.);
#10756 = DIRECTION('',(-1.,0.,0.));
#10757 = PCURVE('',#2716,#10758);
#10758 = DEFINITIONAL_REPRESENTATION('',(#10759),#10762);
#10759 = B_SPLINE_CURVE_WITH_KNOTS('',1,(#10760,#10761),.UNSPECIFIED.,
  .F.,.F.,(2,2),(-46.5,-28.5),.PIECEWISE_BEZIER_KNOTS.);
#10760 = CARTESIAN_POINT('',(75.,2.2));
#10761 = CARTESIAN_POINT('',(57.,2.2));
#10762 = ( GEOMETRIC_REPRESENTATION_CONTEXT(2) 
PARAMETRIC_REPRESENTATION_CONTEXT() REPRESENTATION_CONTEXT('2D SPACE',''
  ) );
#10763 = PCURVE('',#10764,#10769);
#10764 = PLANE('',#10765);
#10765 = AXIS2_PLACEMENT_3D('',#10766,#10767,#10768);
#10766 = CARTESIAN_POINT('',(-9.,-80.3,103.));
#10767 = DIRECTION('',(0.,1.,0.));
#10768 = DIRECTION('',(0.,0.,1.));
#10769 = DEFINITIONAL_REPRESENTATION('',(#10770),#10773);
#10770 = B_SPLINE_CURVE_WITH_KNOTS('',1,(#10771,#10772),.UNSPECIFIED.,
  .F.,.F.,(2,2),(-46.5,-28.5),.PIECEWISE_BEZIER_KNOTS.);
#10771 = CARTESIAN_POINT('',(2.,18.));
#10772 = CARTESIAN_POINT('',(2.,0.));
#10773 = ( GEOMETRIC_REPRESENTATION_CONTEXT(2) 
PARAMETRIC_REPRESENTATION_CONTEXT() REPRESENTATION_CONTEXT('2D SPACE',''
  ) );
#10774 = ORIENTED_EDGE('',*,*,#10775,.T.);
#10775 = EDGE_CURVE('',#10750,#10776,#10778,.T.);
#10776 = VERTEX_POINT('',#10777);
#10777 = CARTESIAN_POINT('',(-9.,-77.5,105.));
#10778 = SURFACE_CURVE('',#10779,(#10783,#10789),.PCURVE_S1.);
#10779 = LINE('',#10780,#10781);
#10780 = CARTESIAN_POINT('',(-9.,-81.4,105.));
#10781 = VECTOR('',#10782,1.);
#10782 = DIRECTION('',(0.,1.,0.));
#10783 = PCURVE('',#2716,#10784);
#10784 = DEFINITIONAL_REPRESENTATION('',(#10785),#10788);
#10785 = B_SPLINE_CURVE_WITH_KNOTS('',1,(#10786,#10787),.UNSPECIFIED.,
  .F.,.F.,(2,2),(1.1,6.1),.PIECEWISE_BEZIER_KNOTS.);
#10786 = CARTESIAN_POINT('',(57.,2.2));
#10787 = CARTESIAN_POINT('',(57.,7.2));
#10788 = ( GEOMETRIC_REPRESENTATION_CONTEXT(2) 
PARAMETRIC_REPRESENTATION_CONTEXT() REPRESENTATION_CONTEXT('2D SPACE',''
  ) );
#10789 = PCURVE('',#10790,#10795);
#10790 = PLANE('',#10791);
#10791 = AXIS2_PLACEMENT_3D('',#10792,#10793,#10794);
#10792 = CARTESIAN_POINT('',(-9.,-80.3,103.));
#10793 = DIRECTION('',(1.,0.,0.));
#10794 = DIRECTION('',(0.,0.,1.));
#10795 = DEFINITIONAL_REPRESENTATION('',(#10796),#10799);
#10796 = B_SPLINE_CURVE_WITH_KNOTS('',1,(#10797,#10798),.UNSPECIFIED.,
  .F.,.F.,(2,2),(1.1,6.1),.PIECEWISE_BEZIER_KNOTS.);
#10797 = CARTESIAN_POINT('',(2.,0.));
#10798 = CARTESIAN_POINT('',(2.,-5.));
#10799 = ( GEOMETRIC_REPRESENTATION_CONTEXT(2) 
PARAMETRIC_REPRESENTATION_CONTEXT() REPRESENTATION_CONTEXT('2D SPACE',''
  ) );
#10800 = ORIENTED_EDGE('',*,*,#10801,.F.);
#10801 = EDGE_CURVE('',#6888,#10776,#10802,.T.);
#10802 = SURFACE_CURVE('',#10803,(#10807,#10814),.PCURVE_S1.);
#10803 = LINE('',#10804,#10805);
#10804 = CARTESIAN_POINT('',(-66.,-77.5,105.));
#10805 = VECTOR('',#10806,1.);
#10806 = DIRECTION('',(1.,0.,0.));
#10807 = PCURVE('',#2716,#10808);
#10808 = DEFINITIONAL_REPRESENTATION('',(#10809),#10813);
#10809 = LINE('',#10810,#10811);
#10810 = CARTESIAN_POINT('',(0.,5.));
#10811 = VECTOR('',#10812,1.);
#10812 = DIRECTION('',(1.,0.));
#10813 = ( GEOMETRIC_REPRESENTATION_CONTEXT(2) 
PARAMETRIC_REPRESENTATION_CONTEXT() REPRESENTATION_CONTEXT('2D SPACE',''
  ) );
#10814 = PCURVE('',#6925,#10815);
#10815 = DEFINITIONAL_REPRESENTATION('',(#10816),#10820);
#10816 = LINE('',#10817,#10818);
#10817 = CARTESIAN_POINT('',(12.,0.));
#10818 = VECTOR('',#10819,1.);
#10819 = DIRECTION('',(0.,1.));
#10820 = ( GEOMETRIC_REPRESENTATION_CONTEXT(2) 
PARAMETRIC_REPRESENTATION_CONTEXT() REPRESENTATION_CONTEXT('2D SPACE',''
  ) );
#10821 = ORIENTED_EDGE('',*,*,#6887,.T.);
#10822 = ORIENTED_EDGE('',*,*,#6840,.F.);
#10823 = ORIENTED_EDGE('',*,*,#6742,.F.);
#10824 = ADVANCED_FACE('',(#10825),#4395,.T.);
#10825 = FACE_BOUND('',#10826,.T.);
#10826 = EDGE_LOOP('',(#10827,#10828,#10847,#10848));
#10827 = ORIENTED_EDGE('',*,*,#4378,.T.);
#10828 = ORIENTED_EDGE('',*,*,#10829,.T.);
#10829 = EDGE_CURVE('',#4379,#6413,#10830,.T.);
#10830 = SURFACE_CURVE('',#10831,(#10835,#10841),.PCURVE_S1.);
#10831 = LINE('',#10832,#10833);
#10832 = CARTESIAN_POINT('',(-66.,-82.5,104.6));
#10833 = VECTOR('',#10834,1.);
#10834 = DIRECTION('',(0.,1.,0.));
#10835 = PCURVE('',#4395,#10836);
#10836 = DEFINITIONAL_REPRESENTATION('',(#10837),#10840);
#10837 = B_SPLINE_CURVE_WITH_KNOTS('',1,(#10838,#10839),.UNSPECIFIED.,
  .F.,.F.,(2,2),(0.,5.),.PIECEWISE_BEZIER_KNOTS.);
#10838 = CARTESIAN_POINT('',(-7.5,0.));
#10839 = CARTESIAN_POINT('',(-7.5,5.));
#10840 = ( GEOMETRIC_REPRESENTATION_CONTEXT(2) 
PARAMETRIC_REPRESENTATION_CONTEXT() REPRESENTATION_CONTEXT('2D SPACE',''
  ) );
#10841 = PCURVE('',#4422,#10842);
#10842 = DEFINITIONAL_REPRESENTATION('',(#10843),#10846);
#10843 = B_SPLINE_CURVE_WITH_KNOTS('',1,(#10844,#10845),.UNSPECIFIED.,
  .F.,.F.,(2,2),(0.,5.),.PIECEWISE_BEZIER_KNOTS.);
#10844 = CARTESIAN_POINT('',(11.6,0.));
#10845 = CARTESIAN_POINT('',(11.6,-5.));
#10846 = ( GEOMETRIC_REPRESENTATION_CONTEXT(2) 
PARAMETRIC_REPRESENTATION_CONTEXT() REPRESENTATION_CONTEXT('2D SPACE',''
  ) );
#10847 = ORIENTED_EDGE('',*,*,#6412,.T.);
#10848 = ORIENTED_EDGE('',*,*,#10849,.T.);
#10849 = EDGE_CURVE('',#6392,#4353,#10850,.T.);
#10850 = SURFACE_CURVE('',#10851,(#10855,#10861),.PCURVE_S1.);
#10851 = LINE('',#10852,#10853);
#10852 = CARTESIAN_POINT('',(-70.5,-66.,104.6));
#10853 = VECTOR('',#10854,1.);
#10854 = DIRECTION('',(-1.,0.,0.));
#10855 = PCURVE('',#4395,#10856);
#10856 = DEFINITIONAL_REPRESENTATION('',(#10857),#10860);
#10857 = B_SPLINE_CURVE_WITH_KNOTS('',1,(#10858,#10859),.UNSPECIFIED.,
  .F.,.F.,(2,2),(7.,12.),.PIECEWISE_BEZIER_KNOTS.);
#10858 = CARTESIAN_POINT('',(-19.,16.5));
#10859 = CARTESIAN_POINT('',(-24.,16.5));
#10860 = ( GEOMETRIC_REPRESENTATION_CONTEXT(2) 
PARAMETRIC_REPRESENTATION_CONTEXT() REPRESENTATION_CONTEXT('2D SPACE',''
  ) );
#10861 = PCURVE('',#4367,#10862);
#10862 = DEFINITIONAL_REPRESENTATION('',(#10863),#10866);
#10863 = B_SPLINE_CURVE_WITH_KNOTS('',1,(#10864,#10865),.UNSPECIFIED.,
  .F.,.F.,(2,2),(7.,12.),.PIECEWISE_BEZIER_KNOTS.);
#10864 = CARTESIAN_POINT('',(11.6,5.));
#10865 = CARTESIAN_POINT('',(11.6,0.));
#10866 = ( GEOMETRIC_REPRESENTATION_CONTEXT(2) 
PARAMETRIC_REPRESENTATION_CONTEXT() REPRESENTATION_CONTEXT('2D SPACE',''
  ) );
#10867 = ADVANCED_FACE('',(#10868,#11217,#11248,#11279),#4336,.T.);
#10868 = FACE_BOUND('',#10869,.T.);
#10869 = EDGE_LOOP('',(#10870,#10901,#10929,#10958,#10986,#11012,#11038,
    #11064,#11087,#11116,#11144,#11165,#11166,#11167,#11168,#11191));
#10870 = ORIENTED_EDGE('',*,*,#10871,.T.);
#10871 = EDGE_CURVE('',#10872,#10874,#10876,.T.);
#10872 = VERTEX_POINT('',#10873);
#10873 = CARTESIAN_POINT('',(-77.5,-55.15266921119,105.));
#10874 = VERTEX_POINT('',#10875);
#10875 = CARTESIAN_POINT('',(-77.5,-44.8473307888,105.));
#10876 = SURFACE_CURVE('',#10877,(#10882,#10889),.PCURVE_S1.);
#10877 = CIRCLE('',#10878,5.2);
#10878 = AXIS2_PLACEMENT_3D('',#10879,#10880,#10881);
#10879 = CARTESIAN_POINT('',(-76.8,-50.,105.));
#10880 = DIRECTION('',(0.,0.,1.));
#10881 = DIRECTION('',(-0.134615384615,-0.99089792523,0.));
#10882 = PCURVE('',#4336,#10883);
#10883 = DEFINITIONAL_REPRESENTATION('',(#10884),#10888);
#10884 = CIRCLE('',#10885,5.2);
#10885 = AXIS2_PLACEMENT_2D('',#10886,#10887);
#10886 = CARTESIAN_POINT('',(5.7,16.));
#10887 = DIRECTION('',(-0.134615384615,-0.99089792523));
#10888 = ( GEOMETRIC_REPRESENTATION_CONTEXT(2) 
PARAMETRIC_REPRESENTATION_CONTEXT() REPRESENTATION_CONTEXT('2D SPACE',''
  ) );
#10889 = PCURVE('',#10890,#10895);
#10890 = CYLINDRICAL_SURFACE('',#10891,5.2);
#10891 = AXIS2_PLACEMENT_3D('',#10892,#10893,#10894);
#10892 = CARTESIAN_POINT('',(-76.8,-50.,93.));
#10893 = DIRECTION('',(-0.,-0.,-1.));
#10894 = DIRECTION('',(1.,0.,0.));
#10895 = DEFINITIONAL_REPRESENTATION('',(#10896),#10900);
#10896 = LINE('',#10897,#10898);
#10897 = CARTESIAN_POINT('',(-4.577363676502,-12.));
#10898 = VECTOR('',#10899,1.);
#10899 = DIRECTION('',(-1.,0.));
#10900 = ( GEOMETRIC_REPRESENTATION_CONTEXT(2) 
PARAMETRIC_REPRESENTATION_CONTEXT() REPRESENTATION_CONTEXT('2D SPACE',''
  ) );
#10901 = ORIENTED_EDGE('',*,*,#10902,.T.);
#10902 = EDGE_CURVE('',#10874,#10903,#10905,.T.);
#10903 = VERTEX_POINT('',#10904);
#10904 = CARTESIAN_POINT('',(-77.5,4.847330788805,105.));
#10905 = SURFACE_CURVE('',#10906,(#10910,#10917),.PCURVE_S1.);
#10906 = LINE('',#10907,#10908);
#10907 = CARTESIAN_POINT('',(-77.5,-66.,105.));
#10908 = VECTOR('',#10909,1.);
#10909 = DIRECTION('',(0.,1.,0.));
#10910 = PCURVE('',#4336,#10911);
#10911 = DEFINITIONAL_REPRESENTATION('',(#10912),#10916);
#10912 = LINE('',#10913,#10914);
#10913 = CARTESIAN_POINT('',(5.,0.));
#10914 = VECTOR('',#10915,1.);
#10915 = DIRECTION('',(0.,1.));
#10916 = ( GEOMETRIC_REPRESENTATION_CONTEXT(2) 
PARAMETRIC_REPRESENTATION_CONTEXT() REPRESENTATION_CONTEXT('2D SPACE',''
  ) );
#10917 = PCURVE('',#10918,#10923);
#10918 = PLANE('',#10919);
#10919 = AXIS2_PLACEMENT_3D('',#10920,#10921,#10922);
#10920 = CARTESIAN_POINT('',(-77.5,-66.,93.));
#10921 = DIRECTION('',(1.,0.,0.));
#10922 = DIRECTION('',(0.,0.,1.));
#10923 = DEFINITIONAL_REPRESENTATION('',(#10924),#10928);
#10924 = LINE('',#10925,#10926);
#10925 = CARTESIAN_POINT('',(12.,0.));
#10926 = VECTOR('',#10927,1.);
#10927 = DIRECTION('',(0.,-1.));
#10928 = ( GEOMETRIC_REPRESENTATION_CONTEXT(2) 
PARAMETRIC_REPRESENTATION_CONTEXT() REPRESENTATION_CONTEXT('2D SPACE',''
  ) );
#10929 = ORIENTED_EDGE('',*,*,#10930,.T.);
#10930 = EDGE_CURVE('',#10903,#10931,#10933,.T.);
#10931 = VERTEX_POINT('',#10932);
#10932 = CARTESIAN_POINT('',(-77.5,15.152669211195,105.));
#10933 = SURFACE_CURVE('',#10934,(#10939,#10946),.PCURVE_S1.);
#10934 = CIRCLE('',#10935,5.2);
#10935 = AXIS2_PLACEMENT_3D('',#10936,#10937,#10938);
#10936 = CARTESIAN_POINT('',(-76.8,10.,105.));
#10937 = DIRECTION('',(0.,0.,1.));
#10938 = DIRECTION('',(-0.134615384615,-0.99089792523,0.));
#10939 = PCURVE('',#4336,#10940);
#10940 = DEFINITIONAL_REPRESENTATION('',(#10941),#10945);
#10941 = CIRCLE('',#10942,5.2);
#10942 = AXIS2_PLACEMENT_2D('',#10943,#10944);
#10943 = CARTESIAN_POINT('',(5.7,76.));
#10944 = DIRECTION('',(-0.134615384615,-0.99089792523));
#10945 = ( GEOMETRIC_REPRESENTATION_CONTEXT(2) 
PARAMETRIC_REPRESENTATION_CONTEXT() REPRESENTATION_CONTEXT('2D SPACE',''
  ) );
#10946 = PCURVE('',#10947,#10952);
#10947 = CYLINDRICAL_SURFACE('',#10948,5.2);
#10948 = AXIS2_PLACEMENT_3D('',#10949,#10950,#10951);
#10949 = CARTESIAN_POINT('',(-76.8,10.,93.));
#10950 = DIRECTION('',(-0.,-0.,-1.));
#10951 = DIRECTION('',(1.,0.,0.));
#10952 = DEFINITIONAL_REPRESENTATION('',(#10953),#10957);
#10953 = LINE('',#10954,#10955);
#10954 = CARTESIAN_POINT('',(-4.577363676502,-12.));
#10955 = VECTOR('',#10956,1.);
#10956 = DIRECTION('',(-1.,0.));
#10957 = ( GEOMETRIC_REPRESENTATION_CONTEXT(2) 
PARAMETRIC_REPRESENTATION_CONTEXT() REPRESENTATION_CONTEXT('2D SPACE',''
  ) );
#10958 = ORIENTED_EDGE('',*,*,#10959,.T.);
#10959 = EDGE_CURVE('',#10931,#10960,#10962,.T.);
#10960 = VERTEX_POINT('',#10961);
#10961 = CARTESIAN_POINT('',(-77.5,18.,105.));
#10962 = SURFACE_CURVE('',#10963,(#10967,#10974),.PCURVE_S1.);
#10963 = LINE('',#10964,#10965);
#10964 = CARTESIAN_POINT('',(-77.5,-66.,105.));
#10965 = VECTOR('',#10966,1.);
#10966 = DIRECTION('',(0.,1.,0.));
#10967 = PCURVE('',#4336,#10968);
#10968 = DEFINITIONAL_REPRESENTATION('',(#10969),#10973);
#10969 = LINE('',#10970,#10971);
#10970 = CARTESIAN_POINT('',(5.,0.));
#10971 = VECTOR('',#10972,1.);
#10972 = DIRECTION('',(0.,1.));
#10973 = ( GEOMETRIC_REPRESENTATION_CONTEXT(2) 
PARAMETRIC_REPRESENTATION_CONTEXT() REPRESENTATION_CONTEXT('2D SPACE',''
  ) );
#10974 = PCURVE('',#10975,#10980);
#10975 = PLANE('',#10976);
#10976 = AXIS2_PLACEMENT_3D('',#10977,#10978,#10979);
#10977 = CARTESIAN_POINT('',(-77.5,-66.,93.));
#10978 = DIRECTION('',(1.,0.,0.));
#10979 = DIRECTION('',(0.,0.,1.));
#10980 = DEFINITIONAL_REPRESENTATION('',(#10981),#10985);
#10981 = LINE('',#10982,#10983);
#10982 = CARTESIAN_POINT('',(12.,0.));
#10983 = VECTOR('',#10984,1.);
#10984 = DIRECTION('',(0.,-1.));
#10985 = ( GEOMETRIC_REPRESENTATION_CONTEXT(2) 
PARAMETRIC_REPRESENTATION_CONTEXT() REPRESENTATION_CONTEXT('2D SPACE',''
  ) );
#10986 = ORIENTED_EDGE('',*,*,#10987,.T.);
#10987 = EDGE_CURVE('',#10960,#10988,#10990,.T.);
#10988 = VERTEX_POINT('',#10989);
#10989 = CARTESIAN_POINT('',(-80.3,18.,105.));
#10990 = SURFACE_CURVE('',#10991,(#10995,#11001),.PCURVE_S1.);
#10991 = LINE('',#10992,#10993);
#10992 = CARTESIAN_POINT('',(-81.4,18.,105.));
#10993 = VECTOR('',#10994,1.);
#10994 = DIRECTION('',(-1.,0.,0.));
#10995 = PCURVE('',#4336,#10996);
#10996 = DEFINITIONAL_REPRESENTATION('',(#10997),#11000);
#10997 = B_SPLINE_CURVE_WITH_KNOTS('',1,(#10998,#10999),.UNSPECIFIED.,
  .F.,.F.,(2,2),(-6.1,-1.1),.PIECEWISE_BEZIER_KNOTS.);
#10998 = CARTESIAN_POINT('',(7.2,84.));
#10999 = CARTESIAN_POINT('',(2.2,84.));
#11000 = ( GEOMETRIC_REPRESENTATION_CONTEXT(2) 
PARAMETRIC_REPRESENTATION_CONTEXT() REPRESENTATION_CONTEXT('2D SPACE',''
  ) );
#11001 = PCURVE('',#11002,#11007);
#11002 = PLANE('',#11003);
#11003 = AXIS2_PLACEMENT_3D('',#11004,#11005,#11006);
#11004 = CARTESIAN_POINT('',(-80.3,18.,103.));
#11005 = DIRECTION('',(0.,1.,0.));
#11006 = DIRECTION('',(0.,0.,1.));
#11007 = DEFINITIONAL_REPRESENTATION('',(#11008),#11011);
#11008 = B_SPLINE_CURVE_WITH_KNOTS('',1,(#11009,#11010),.UNSPECIFIED.,
  .F.,.F.,(2,2),(-6.1,-1.1),.PIECEWISE_BEZIER_KNOTS.);
#11009 = CARTESIAN_POINT('',(2.,5.));
#11010 = CARTESIAN_POINT('',(2.,0.));
#11011 = ( GEOMETRIC_REPRESENTATION_CONTEXT(2) 
PARAMETRIC_REPRESENTATION_CONTEXT() REPRESENTATION_CONTEXT('2D SPACE',''
  ) );
#11012 = ORIENTED_EDGE('',*,*,#11013,.T.);
#11013 = EDGE_CURVE('',#10988,#11014,#11016,.T.);
#11014 = VERTEX_POINT('',#11015);
#11015 = CARTESIAN_POINT('',(-80.3,32.,105.));
#11016 = SURFACE_CURVE('',#11017,(#11021,#11027),.PCURVE_S1.);
#11017 = LINE('',#11018,#11019);
#11018 = CARTESIAN_POINT('',(-80.3,-24.,105.));
#11019 = VECTOR('',#11020,1.);
#11020 = DIRECTION('',(0.,1.,0.));
#11021 = PCURVE('',#4336,#11022);
#11022 = DEFINITIONAL_REPRESENTATION('',(#11023),#11026);
#11023 = B_SPLINE_CURVE_WITH_KNOTS('',1,(#11024,#11025),.UNSPECIFIED.,
  .F.,.F.,(2,2),(42.,56.),.PIECEWISE_BEZIER_KNOTS.);
#11024 = CARTESIAN_POINT('',(2.2,84.));
#11025 = CARTESIAN_POINT('',(2.2,98.));
#11026 = ( GEOMETRIC_REPRESENTATION_CONTEXT(2) 
PARAMETRIC_REPRESENTATION_CONTEXT() REPRESENTATION_CONTEXT('2D SPACE',''
  ) );
#11027 = PCURVE('',#11028,#11033);
#11028 = PLANE('',#11029);
#11029 = AXIS2_PLACEMENT_3D('',#11030,#11031,#11032);
#11030 = CARTESIAN_POINT('',(-80.3,18.,103.));
#11031 = DIRECTION('',(1.,0.,0.));
#11032 = DIRECTION('',(0.,0.,1.));
#11033 = DEFINITIONAL_REPRESENTATION('',(#11034),#11037);
#11034 = B_SPLINE_CURVE_WITH_KNOTS('',1,(#11035,#11036),.UNSPECIFIED.,
  .F.,.F.,(2,2),(42.,56.),.PIECEWISE_BEZIER_KNOTS.);
#11035 = CARTESIAN_POINT('',(2.,0.));
#11036 = CARTESIAN_POINT('',(2.,-14.));
#11037 = ( GEOMETRIC_REPRESENTATION_CONTEXT(2) 
PARAMETRIC_REPRESENTATION_CONTEXT() REPRESENTATION_CONTEXT('2D SPACE',''
  ) );
#11038 = ORIENTED_EDGE('',*,*,#11039,.F.);
#11039 = EDGE_CURVE('',#11040,#11014,#11042,.T.);
#11040 = VERTEX_POINT('',#11041);
#11041 = CARTESIAN_POINT('',(-77.5,32.,105.));
#11042 = SURFACE_CURVE('',#11043,(#11047,#11053),.PCURVE_S1.);
#11043 = LINE('',#11044,#11045);
#11044 = CARTESIAN_POINT('',(-81.4,32.,105.));
#11045 = VECTOR('',#11046,1.);
#11046 = DIRECTION('',(-1.,0.,0.));
#11047 = PCURVE('',#4336,#11048);
#11048 = DEFINITIONAL_REPRESENTATION('',(#11049),#11052);
#11049 = B_SPLINE_CURVE_WITH_KNOTS('',1,(#11050,#11051),.UNSPECIFIED.,
  .F.,.F.,(2,2),(-6.1,-1.1),.PIECEWISE_BEZIER_KNOTS.);
#11050 = CARTESIAN_POINT('',(7.2,98.));
#11051 = CARTESIAN_POINT('',(2.2,98.));
#11052 = ( GEOMETRIC_REPRESENTATION_CONTEXT(2) 
PARAMETRIC_REPRESENTATION_CONTEXT() REPRESENTATION_CONTEXT('2D SPACE',''
  ) );
#11053 = PCURVE('',#11054,#11059);
#11054 = PLANE('',#11055);
#11055 = AXIS2_PLACEMENT_3D('',#11056,#11057,#11058);
#11056 = CARTESIAN_POINT('',(-80.3,32.,103.));
#11057 = DIRECTION('',(0.,1.,0.));
#11058 = DIRECTION('',(0.,0.,1.));
#11059 = DEFINITIONAL_REPRESENTATION('',(#11060),#11063);
#11060 = B_SPLINE_CURVE_WITH_KNOTS('',1,(#11061,#11062),.UNSPECIFIED.,
  .F.,.F.,(2,2),(-6.1,-1.1),.PIECEWISE_BEZIER_KNOTS.);
#11061 = CARTESIAN_POINT('',(2.,5.));
#11062 = CARTESIAN_POINT('',(2.,0.));
#11063 = ( GEOMETRIC_REPRESENTATION_CONTEXT(2) 
PARAMETRIC_REPRESENTATION_CONTEXT() REPRESENTATION_CONTEXT('2D SPACE',''
  ) );
#11064 = ORIENTED_EDGE('',*,*,#11065,.T.);
#11065 = EDGE_CURVE('',#11040,#11066,#11068,.T.);
#11066 = VERTEX_POINT('',#11067);
#11067 = CARTESIAN_POINT('',(-77.5,44.847330788805,105.));
#11068 = SURFACE_CURVE('',#11069,(#11073,#11080),.PCURVE_S1.);
#11069 = LINE('',#11070,#11071);
#11070 = CARTESIAN_POINT('',(-77.5,-66.,105.));
#11071 = VECTOR('',#11072,1.);
#11072 = DIRECTION('',(0.,1.,0.));
#11073 = PCURVE('',#4336,#11074);
#11074 = DEFINITIONAL_REPRESENTATION('',(#11075),#11079);
#11075 = LINE('',#11076,#11077);
#11076 = CARTESIAN_POINT('',(5.,0.));
#11077 = VECTOR('',#11078,1.);
#11078 = DIRECTION('',(0.,1.));
#11079 = ( GEOMETRIC_REPRESENTATION_CONTEXT(2) 
PARAMETRIC_REPRESENTATION_CONTEXT() REPRESENTATION_CONTEXT('2D SPACE',''
  ) );
#11080 = PCURVE('',#10975,#11081);
#11081 = DEFINITIONAL_REPRESENTATION('',(#11082),#11086);
#11082 = LINE('',#11083,#11084);
#11083 = CARTESIAN_POINT('',(12.,0.));
#11084 = VECTOR('',#11085,1.);
#11085 = DIRECTION('',(0.,-1.));
#11086 = ( GEOMETRIC_REPRESENTATION_CONTEXT(2) 
PARAMETRIC_REPRESENTATION_CONTEXT() REPRESENTATION_CONTEXT('2D SPACE',''
  ) );
#11087 = ORIENTED_EDGE('',*,*,#11088,.T.);
#11088 = EDGE_CURVE('',#11066,#11089,#11091,.T.);
#11089 = VERTEX_POINT('',#11090);
#11090 = CARTESIAN_POINT('',(-77.5,55.152669211195,105.));
#11091 = SURFACE_CURVE('',#11092,(#11097,#11104),.PCURVE_S1.);
#11092 = CIRCLE('',#11093,5.2);
#11093 = AXIS2_PLACEMENT_3D('',#11094,#11095,#11096);
#11094 = CARTESIAN_POINT('',(-76.8,50.,105.));
#11095 = DIRECTION('',(0.,0.,1.));
#11096 = DIRECTION('',(-0.134615384615,-0.99089792523,0.));
#11097 = PCURVE('',#4336,#11098);
#11098 = DEFINITIONAL_REPRESENTATION('',(#11099),#11103);
#11099 = CIRCLE('',#11100,5.2);
#11100 = AXIS2_PLACEMENT_2D('',#11101,#11102);
#11101 = CARTESIAN_POINT('',(5.7,116.));
#11102 = DIRECTION('',(-0.134615384615,-0.99089792523));
#11103 = ( GEOMETRIC_REPRESENTATION_CONTEXT(2) 
PARAMETRIC_REPRESENTATION_CONTEXT() REPRESENTATION_CONTEXT('2D SPACE',''
  ) );
#11104 = PCURVE('',#11105,#11110);
#11105 = CYLINDRICAL_SURFACE('',#11106,5.2);
#11106 = AXIS2_PLACEMENT_3D('',#11107,#11108,#11109);
#11107 = CARTESIAN_POINT('',(-76.8,50.,93.));
#11108 = DIRECTION('',(-0.,-0.,-1.));
#11109 = DIRECTION('',(1.,0.,0.));
#11110 = DEFINITIONAL_REPRESENTATION('',(#11111),#11115);
#11111 = LINE('',#11112,#11113);
#11112 = CARTESIAN_POINT('',(-4.577363676502,-12.));
#11113 = VECTOR('',#11114,1.);
#11114 = DIRECTION('',(-1.,0.));
#11115 = ( GEOMETRIC_REPRESENTATION_CONTEXT(2) 
PARAMETRIC_REPRESENTATION_CONTEXT() REPRESENTATION_CONTEXT('2D SPACE',''
  ) );
#11116 = ORIENTED_EDGE('',*,*,#11117,.T.);
#11117 = EDGE_CURVE('',#11089,#11118,#11120,.T.);
#11118 = VERTEX_POINT('',#11119);
#11119 = CARTESIAN_POINT('',(-77.5,66.,105.));
#11120 = SURFACE_CURVE('',#11121,(#11125,#11132),.PCURVE_S1.);
#11121 = LINE('',#11122,#11123);
#11122 = CARTESIAN_POINT('',(-77.5,-66.,105.));
#11123 = VECTOR('',#11124,1.);
#11124 = DIRECTION('',(0.,1.,0.));
#11125 = PCURVE('',#4336,#11126);
#11126 = DEFINITIONAL_REPRESENTATION('',(#11127),#11131);
#11127 = LINE('',#11128,#11129);
#11128 = CARTESIAN_POINT('',(5.,0.));
#11129 = VECTOR('',#11130,1.);
#11130 = DIRECTION('',(0.,1.));
#11131 = ( GEOMETRIC_REPRESENTATION_CONTEXT(2) 
PARAMETRIC_REPRESENTATION_CONTEXT() REPRESENTATION_CONTEXT('2D SPACE',''
  ) );
#11132 = PCURVE('',#11133,#11138);
#11133 = PLANE('',#11134);
#11134 = AXIS2_PLACEMENT_3D('',#11135,#11136,#11137);
#11135 = CARTESIAN_POINT('',(-77.5,-66.,93.));
#11136 = DIRECTION('',(1.,0.,0.));
#11137 = DIRECTION('',(0.,0.,1.));
#11138 = DEFINITIONAL_REPRESENTATION('',(#11139),#11143);
#11139 = LINE('',#11140,#11141);
#11140 = CARTESIAN_POINT('',(12.,0.));
#11141 = VECTOR('',#11142,1.);
#11142 = DIRECTION('',(0.,-1.));
#11143 = ( GEOMETRIC_REPRESENTATION_CONTEXT(2) 
PARAMETRIC_REPRESENTATION_CONTEXT() REPRESENTATION_CONTEXT('2D SPACE',''
  ) );
#11144 = ORIENTED_EDGE('',*,*,#11145,.F.);
#11145 = EDGE_CURVE('',#4707,#11118,#11146,.T.);
#11146 = SURFACE_CURVE('',#11147,(#11151,#11158),.PCURVE_S1.);
#11147 = LINE('',#11148,#11149);
#11148 = CARTESIAN_POINT('',(-82.5,66.,105.));
#11149 = VECTOR('',#11150,1.);
#11150 = DIRECTION('',(1.,0.,0.));
#11151 = PCURVE('',#4336,#11152);
#11152 = DEFINITIONAL_REPRESENTATION('',(#11153),#11157);
#11153 = LINE('',#11154,#11155);
#11154 = CARTESIAN_POINT('',(0.,132.));
#11155 = VECTOR('',#11156,1.);
#11156 = DIRECTION('',(1.,0.));
#11157 = ( GEOMETRIC_REPRESENTATION_CONTEXT(2) 
PARAMETRIC_REPRESENTATION_CONTEXT() REPRESENTATION_CONTEXT('2D SPACE',''
  ) );
#11158 = PCURVE('',#4721,#11159);
#11159 = DEFINITIONAL_REPRESENTATION('',(#11160),#11164);
#11160 = LINE('',#11161,#11162);
#11161 = CARTESIAN_POINT('',(12.,0.));
#11162 = VECTOR('',#11163,1.);
#11163 = DIRECTION('',(0.,1.));
#11164 = ( GEOMETRIC_REPRESENTATION_CONTEXT(2) 
PARAMETRIC_REPRESENTATION_CONTEXT() REPRESENTATION_CONTEXT('2D SPACE',''
  ) );
#11165 = ORIENTED_EDGE('',*,*,#4732,.F.);
#11166 = ORIENTED_EDGE('',*,*,#4489,.F.);
#11167 = ORIENTED_EDGE('',*,*,#4319,.F.);
#11168 = ORIENTED_EDGE('',*,*,#11169,.T.);
#11169 = EDGE_CURVE('',#4320,#11170,#11172,.T.);
#11170 = VERTEX_POINT('',#11171);
#11171 = CARTESIAN_POINT('',(-77.5,-66.,105.));
#11172 = SURFACE_CURVE('',#11173,(#11177,#11184),.PCURVE_S1.);
#11173 = LINE('',#11174,#11175);
#11174 = CARTESIAN_POINT('',(-82.5,-66.,105.));
#11175 = VECTOR('',#11176,1.);
#11176 = DIRECTION('',(1.,0.,0.));
#11177 = PCURVE('',#4336,#11178);
#11178 = DEFINITIONAL_REPRESENTATION('',(#11179),#11183);
#11179 = LINE('',#11180,#11181);
#11180 = CARTESIAN_POINT('',(0.,0.));
#11181 = VECTOR('',#11182,1.);
#11182 = DIRECTION('',(1.,0.));
#11183 = ( GEOMETRIC_REPRESENTATION_CONTEXT(2) 
PARAMETRIC_REPRESENTATION_CONTEXT() REPRESENTATION_CONTEXT('2D SPACE',''
  ) );
#11184 = PCURVE('',#4367,#11185);
#11185 = DEFINITIONAL_REPRESENTATION('',(#11186),#11190);
#11186 = LINE('',#11187,#11188);
#11187 = CARTESIAN_POINT('',(12.,0.));
#11188 = VECTOR('',#11189,1.);
#11189 = DIRECTION('',(0.,1.));
#11190 = ( GEOMETRIC_REPRESENTATION_CONTEXT(2) 
PARAMETRIC_REPRESENTATION_CONTEXT() REPRESENTATION_CONTEXT('2D SPACE',''
  ) );
#11191 = ORIENTED_EDGE('',*,*,#11192,.T.);
#11192 = EDGE_CURVE('',#11170,#10872,#11193,.T.);
#11193 = SURFACE_CURVE('',#11194,(#11198,#11205),.PCURVE_S1.);
#11194 = LINE('',#11195,#11196);
#11195 = CARTESIAN_POINT('',(-77.5,-66.,105.));
#11196 = VECTOR('',#11197,1.);
#11197 = DIRECTION('',(0.,1.,0.));
#11198 = PCURVE('',#4336,#11199);
#11199 = DEFINITIONAL_REPRESENTATION('',(#11200),#11204);
#11200 = LINE('',#11201,#11202);
#11201 = CARTESIAN_POINT('',(5.,0.));
#11202 = VECTOR('',#11203,1.);
#11203 = DIRECTION('',(0.,1.));
#11204 = ( GEOMETRIC_REPRESENTATION_CONTEXT(2) 
PARAMETRIC_REPRESENTATION_CONTEXT() REPRESENTATION_CONTEXT('2D SPACE',''
  ) );
#11205 = PCURVE('',#11206,#11211);
#11206 = PLANE('',#11207);
#11207 = AXIS2_PLACEMENT_3D('',#11208,#11209,#11210);
#11208 = CARTESIAN_POINT('',(-77.5,-66.,93.));
#11209 = DIRECTION('',(1.,0.,0.));
#11210 = DIRECTION('',(0.,0.,1.));
#11211 = DEFINITIONAL_REPRESENTATION('',(#11212),#11216);
#11212 = LINE('',#11213,#11214);
#11213 = CARTESIAN_POINT('',(12.,0.));
#11214 = VECTOR('',#11215,1.);
#11215 = DIRECTION('',(0.,-1.));
#11216 = ( GEOMETRIC_REPRESENTATION_CONTEXT(2) 
PARAMETRIC_REPRESENTATION_CONTEXT() REPRESENTATION_CONTEXT('2D SPACE',''
  ) );
#11217 = FACE_BOUND('',#11218,.T.);
#11218 = EDGE_LOOP('',(#11219));
#11219 = ORIENTED_EDGE('',*,*,#11220,.F.);
#11220 = EDGE_CURVE('',#11221,#11221,#11223,.T.);
#11221 = VERTEX_POINT('',#11222);
#11222 = CARTESIAN_POINT('',(-74.1,-50.,105.));
#11223 = SURFACE_CURVE('',#11224,(#11229,#11236),.PCURVE_S1.);
#11224 = CIRCLE('',#11225,2.7);
#11225 = AXIS2_PLACEMENT_3D('',#11226,#11227,#11228);
#11226 = CARTESIAN_POINT('',(-76.8,-50.,105.));
#11227 = DIRECTION('',(0.,0.,1.));
#11228 = DIRECTION('',(1.,0.,0.));
#11229 = PCURVE('',#4336,#11230);
#11230 = DEFINITIONAL_REPRESENTATION('',(#11231),#11235);
#11231 = CIRCLE('',#11232,2.7);
#11232 = AXIS2_PLACEMENT_2D('',#11233,#11234);
#11233 = CARTESIAN_POINT('',(5.7,16.));
#11234 = DIRECTION('',(1.,0.));
#11235 = ( GEOMETRIC_REPRESENTATION_CONTEXT(2) 
PARAMETRIC_REPRESENTATION_CONTEXT() REPRESENTATION_CONTEXT('2D SPACE',''
  ) );
#11236 = PCURVE('',#11237,#11242);
#11237 = CYLINDRICAL_SURFACE('',#11238,2.7);
#11238 = AXIS2_PLACEMENT_3D('',#11239,#11240,#11241);
#11239 = CARTESIAN_POINT('',(-76.8,-50.,98.));
#11240 = DIRECTION('',(-0.,-0.,-1.));
#11241 = DIRECTION('',(1.,0.,0.));
#11242 = DEFINITIONAL_REPRESENTATION('',(#11243),#11247);
#11243 = LINE('',#11244,#11245);
#11244 = CARTESIAN_POINT('',(-0.,-7.));
#11245 = VECTOR('',#11246,1.);
#11246 = DIRECTION('',(-1.,0.));
#11247 = ( GEOMETRIC_REPRESENTATION_CONTEXT(2) 
PARAMETRIC_REPRESENTATION_CONTEXT() REPRESENTATION_CONTEXT('2D SPACE',''
  ) );
#11248 = FACE_BOUND('',#11249,.T.);
#11249 = EDGE_LOOP('',(#11250));
#11250 = ORIENTED_EDGE('',*,*,#11251,.F.);
#11251 = EDGE_CURVE('',#11252,#11252,#11254,.T.);
#11252 = VERTEX_POINT('',#11253);
#11253 = CARTESIAN_POINT('',(-74.1,10.,105.));
#11254 = SURFACE_CURVE('',#11255,(#11260,#11267),.PCURVE_S1.);
#11255 = CIRCLE('',#11256,2.7);
#11256 = AXIS2_PLACEMENT_3D('',#11257,#11258,#11259);
#11257 = CARTESIAN_POINT('',(-76.8,10.,105.));
#11258 = DIRECTION('',(0.,0.,1.));
#11259 = DIRECTION('',(1.,0.,0.));
#11260 = PCURVE('',#4336,#11261);
#11261 = DEFINITIONAL_REPRESENTATION('',(#11262),#11266);
#11262 = CIRCLE('',#11263,2.7);
#11263 = AXIS2_PLACEMENT_2D('',#11264,#11265);
#11264 = CARTESIAN_POINT('',(5.7,76.));
#11265 = DIRECTION('',(1.,0.));
#11266 = ( GEOMETRIC_REPRESENTATION_CONTEXT(2) 
PARAMETRIC_REPRESENTATION_CONTEXT() REPRESENTATION_CONTEXT('2D SPACE',''
  ) );
#11267 = PCURVE('',#11268,#11273);
#11268 = CYLINDRICAL_SURFACE('',#11269,2.7);
#11269 = AXIS2_PLACEMENT_3D('',#11270,#11271,#11272);
#11270 = CARTESIAN_POINT('',(-76.8,10.,98.));
#11271 = DIRECTION('',(-0.,-0.,-1.));
#11272 = DIRECTION('',(1.,0.,0.));
#11273 = DEFINITIONAL_REPRESENTATION('',(#11274),#11278);
#11274 = LINE('',#11275,#11276);
#11275 = CARTESIAN_POINT('',(-0.,-7.));
#11276 = VECTOR('',#11277,1.);
#11277 = DIRECTION('',(-1.,0.));
#11278 = ( GEOMETRIC_REPRESENTATION_CONTEXT(2) 
PARAMETRIC_REPRESENTATION_CONTEXT() REPRESENTATION_CONTEXT('2D SPACE',''
  ) );
#11279 = FACE_BOUND('',#11280,.T.);
#11280 = EDGE_LOOP('',(#11281));
#11281 = ORIENTED_EDGE('',*,*,#11282,.F.);
#11282 = EDGE_CURVE('',#11283,#11283,#11285,.T.);
#11283 = VERTEX_POINT('',#11284);
#11284 = CARTESIAN_POINT('',(-74.1,50.,105.));
#11285 = SURFACE_CURVE('',#11286,(#11291,#11298),.PCURVE_S1.);
#11286 = CIRCLE('',#11287,2.7);
#11287 = AXIS2_PLACEMENT_3D('',#11288,#11289,#11290);
#11288 = CARTESIAN_POINT('',(-76.8,50.,105.));
#11289 = DIRECTION('',(0.,0.,1.));
#11290 = DIRECTION('',(1.,0.,0.));
#11291 = PCURVE('',#4336,#11292);
#11292 = DEFINITIONAL_REPRESENTATION('',(#11293),#11297);
#11293 = CIRCLE('',#11294,2.7);
#11294 = AXIS2_PLACEMENT_2D('',#11295,#11296);
#11295 = CARTESIAN_POINT('',(5.7,116.));
#11296 = DIRECTION('',(1.,0.));
#11297 = ( GEOMETRIC_REPRESENTATION_CONTEXT(2) 
PARAMETRIC_REPRESENTATION_CONTEXT() REPRESENTATION_CONTEXT('2D SPACE',''
  ) );
#11298 = PCURVE('',#11299,#11304);
#11299 = CYLINDRICAL_SURFACE('',#11300,2.7);
#11300 = AXIS2_PLACEMENT_3D('',#11301,#11302,#11303);
#11301 = CARTESIAN_POINT('',(-76.8,50.,98.));
#11302 = DIRECTION('',(-0.,-0.,-1.));
#11303 = DIRECTION('',(1.,0.,0.));
#11304 = DEFINITIONAL_REPRESENTATION('',(#11305),#11309);
#11305 = LINE('',#11306,#11307);
#11306 = CARTESIAN_POINT('',(-0.,-7.));
#11307 = VECTOR('',#11308,1.);
#11308 = DIRECTION('',(-1.,0.));
#11309 = ( GEOMETRIC_REPRESENTATION_CONTEXT(2) 
PARAMETRIC_REPRESENTATION_CONTEXT() REPRESENTATION_CONTEXT('2D SPACE',''
  ) );
#11310 = ADVANCED_FACE('',(#11311),#4694,.T.);
#11311 = FACE_BOUND('',#11312,.T.);
#11312 = EDGE_LOOP('',(#11313,#11314,#11333,#11334,#11355));
#11313 = ORIENTED_EDGE('',*,*,#4677,.T.);
#11314 = ORIENTED_EDGE('',*,*,#11315,.F.);
#11315 = EDGE_CURVE('',#5845,#4678,#11316,.T.);
#11316 = SURFACE_CURVE('',#11317,(#11321,#11327),.PCURVE_S1.);
#11317 = LINE('',#11318,#11319);
#11318 = CARTESIAN_POINT('',(-70.5,66.,104.6));
#11319 = VECTOR('',#11320,1.);
#11320 = DIRECTION('',(-1.,0.,0.));
#11321 = PCURVE('',#4694,#11322);
#11322 = DEFINITIONAL_REPRESENTATION('',(#11323),#11326);
#11323 = B_SPLINE_CURVE_WITH_KNOTS('',1,(#11324,#11325),.UNSPECIFIED.,
  .F.,.F.,(2,2),(7.,12.),.PIECEWISE_BEZIER_KNOTS.);
#11324 = CARTESIAN_POINT('',(-19.,148.5));
#11325 = CARTESIAN_POINT('',(-24.,148.5));
#11326 = ( GEOMETRIC_REPRESENTATION_CONTEXT(2) 
PARAMETRIC_REPRESENTATION_CONTEXT() REPRESENTATION_CONTEXT('2D SPACE',''
  ) );
#11327 = PCURVE('',#4721,#11328);
#11328 = DEFINITIONAL_REPRESENTATION('',(#11329),#11332);
#11329 = B_SPLINE_CURVE_WITH_KNOTS('',1,(#11330,#11331),.UNSPECIFIED.,
  .F.,.F.,(2,2),(7.,12.),.PIECEWISE_BEZIER_KNOTS.);
#11330 = CARTESIAN_POINT('',(11.6,5.));
#11331 = CARTESIAN_POINT('',(11.6,0.));
#11332 = ( GEOMETRIC_REPRESENTATION_CONTEXT(2) 
PARAMETRIC_REPRESENTATION_CONTEXT() REPRESENTATION_CONTEXT('2D SPACE',''
  ) );
#11333 = ORIENTED_EDGE('',*,*,#5844,.T.);
#11334 = ORIENTED_EDGE('',*,*,#11335,.T.);
#11335 = EDGE_CURVE('',#5819,#11336,#11338,.T.);
#11336 = VERTEX_POINT('',#11337);
#11337 = CARTESIAN_POINT('',(-66.15,78.3,104.6));
#11338 = SURFACE_CURVE('',#11339,(#11343,#11349),.PCURVE_S1.);
#11339 = LINE('',#11340,#11341);
#11340 = CARTESIAN_POINT('',(-58.25,78.3,104.6));
#11341 = VECTOR('',#11342,1.);
#11342 = DIRECTION('',(-1.,0.,0.));
#11343 = PCURVE('',#4694,#11344);
#11344 = DEFINITIONAL_REPRESENTATION('',(#11345),#11348);
#11345 = B_SPLINE_CURVE_WITH_KNOTS('',1,(#11346,#11347),.UNSPECIFIED.,
  .F.,.F.,(2,2),(-124.4,7.9),.PIECEWISE_BEZIER_KNOTS.);
#11346 = CARTESIAN_POINT('',(124.65,160.8));
#11347 = CARTESIAN_POINT('',(-7.65,160.8));
#11348 = ( GEOMETRIC_REPRESENTATION_CONTEXT(2) 
PARAMETRIC_REPRESENTATION_CONTEXT() REPRESENTATION_CONTEXT('2D SPACE',''
  ) );
#11349 = PCURVE('',#5833,#11350);
#11350 = DEFINITIONAL_REPRESENTATION('',(#11351),#11354);
#11351 = B_SPLINE_CURVE_WITH_KNOTS('',1,(#11352,#11353),.UNSPECIFIED.,
  .F.,.F.,(2,2),(-124.4,7.9),.PIECEWISE_BEZIER_KNOTS.);
#11352 = CARTESIAN_POINT('',(86.65,124.15));
#11353 = CARTESIAN_POINT('',(86.65,-8.15));
#11354 = ( GEOMETRIC_REPRESENTATION_CONTEXT(2) 
PARAMETRIC_REPRESENTATION_CONTEXT() REPRESENTATION_CONTEXT('2D SPACE',''
  ) );
#11355 = ORIENTED_EDGE('',*,*,#11356,.T.);
#11356 = EDGE_CURVE('',#11336,#4652,#11357,.T.);
#11357 = SURFACE_CURVE('',#11358,(#11362,#11368),.PCURVE_S1.);
#11358 = LINE('',#11359,#11360);
#11359 = CARTESIAN_POINT('',(-66.15,-2.1,104.6));
#11360 = VECTOR('',#11361,1.);
#11361 = DIRECTION('',(0.,1.,0.));
#11362 = PCURVE('',#4694,#11363);
#11363 = DEFINITIONAL_REPRESENTATION('',(#11364),#11367);
#11364 = B_SPLINE_CURVE_WITH_KNOTS('',1,(#11365,#11366),.UNSPECIFIED.,
  .F.,.F.,(2,2),(80.4,84.553079134007),.PIECEWISE_BEZIER_KNOTS.);
#11365 = CARTESIAN_POINT('',(-7.65,160.8));
#11366 = CARTESIAN_POINT('',(-7.65,164.953079134));
#11367 = ( GEOMETRIC_REPRESENTATION_CONTEXT(2) 
PARAMETRIC_REPRESENTATION_CONTEXT() REPRESENTATION_CONTEXT('2D SPACE',''
  ) );
#11368 = PCURVE('',#4666,#11369);
#11369 = DEFINITIONAL_REPRESENTATION('',(#11370),#11373);
#11370 = B_SPLINE_CURVE_WITH_KNOTS('',1,(#11371,#11372),.UNSPECIFIED.,
  .F.,.F.,(2,2),(80.4,84.553079134007),.PIECEWISE_BEZIER_KNOTS.);
#11371 = CARTESIAN_POINT('',(78.5,0.));
#11372 = CARTESIAN_POINT('',(78.5,-4.153079134007));
#11373 = ( GEOMETRIC_REPRESENTATION_CONTEXT(2) 
PARAMETRIC_REPRESENTATION_CONTEXT() REPRESENTATION_CONTEXT('2D SPACE',''
  ) );
#11374 = ADVANCED_FACE('',(#11375),#4666,.T.);
#11375 = FACE_BOUND('',#11376,.T.);
#11376 = EDGE_LOOP('',(#11377,#11402,#11423,#11424,#11425,#11448,#11469,
    #11495,#11516,#11539,#11560,#11586));
#11377 = ORIENTED_EDGE('',*,*,#11378,.F.);
#11378 = EDGE_CURVE('',#11379,#11381,#11383,.T.);
#11379 = VERTEX_POINT('',#11380);
#11380 = CARTESIAN_POINT('',(-66.15,78.3,26.1));
#11381 = VERTEX_POINT('',#11382);
#11382 = CARTESIAN_POINT('',(-66.15,78.3,27.786357207156));
#11383 = SURFACE_CURVE('',#11384,(#11388,#11395),.PCURVE_S1.);
#11384 = LINE('',#11385,#11386);
#11385 = CARTESIAN_POINT('',(-66.15,78.3,26.1));
#11386 = VECTOR('',#11387,1.);
#11387 = DIRECTION('',(0.,0.,1.));
#11388 = PCURVE('',#4666,#11389);
#11389 = DEFINITIONAL_REPRESENTATION('',(#11390),#11394);
#11390 = LINE('',#11391,#11392);
#11391 = CARTESIAN_POINT('',(0.,0.));
#11392 = VECTOR('',#11393,1.);
#11393 = DIRECTION('',(1.,0.));
#11394 = ( GEOMETRIC_REPRESENTATION_CONTEXT(2) 
PARAMETRIC_REPRESENTATION_CONTEXT() REPRESENTATION_CONTEXT('2D SPACE',''
  ) );
#11395 = PCURVE('',#5491,#11396);
#11396 = DEFINITIONAL_REPRESENTATION('',(#11397),#11401);
#11397 = LINE('',#11398,#11399);
#11398 = CARTESIAN_POINT('',(8.15,-8.15));
#11399 = VECTOR('',#11400,1.);
#11400 = DIRECTION('',(1.,0.));
#11401 = ( GEOMETRIC_REPRESENTATION_CONTEXT(2) 
PARAMETRIC_REPRESENTATION_CONTEXT() REPRESENTATION_CONTEXT('2D SPACE',''
  ) );
#11402 = ORIENTED_EDGE('',*,*,#11403,.T.);
#11403 = EDGE_CURVE('',#11379,#4537,#11404,.T.);
#11404 = SURFACE_CURVE('',#11405,(#11409,#11416),.PCURVE_S1.);
#11405 = LINE('',#11406,#11407);
#11406 = CARTESIAN_POINT('',(-66.15,78.3,26.1));
#11407 = VECTOR('',#11408,1.);
#11408 = DIRECTION('',(0.,1.,0.));
#11409 = PCURVE('',#4666,#11410);
#11410 = DEFINITIONAL_REPRESENTATION('',(#11411),#11415);
#11411 = LINE('',#11412,#11413);
#11412 = CARTESIAN_POINT('',(0.,0.));
#11413 = VECTOR('',#11414,1.);
#11414 = DIRECTION('',(0.,-1.));
#11415 = ( GEOMETRIC_REPRESENTATION_CONTEXT(2) 
PARAMETRIC_REPRESENTATION_CONTEXT() REPRESENTATION_CONTEXT('2D SPACE',''
  ) );
#11416 = PCURVE('',#4610,#11417);
#11417 = DEFINITIONAL_REPRESENTATION('',(#11418),#11422);
#11418 = LINE('',#11419,#11420);
#11419 = CARTESIAN_POINT('',(4.712388980385,0.));
#11420 = VECTOR('',#11421,1.);
#11421 = DIRECTION('',(0.,1.));
#11422 = ( GEOMETRIC_REPRESENTATION_CONTEXT(2) 
PARAMETRIC_REPRESENTATION_CONTEXT() REPRESENTATION_CONTEXT('2D SPACE',''
  ) );
#11423 = ORIENTED_EDGE('',*,*,#4651,.F.);
#11424 = ORIENTED_EDGE('',*,*,#11356,.F.);
#11425 = ORIENTED_EDGE('',*,*,#11426,.F.);
#11426 = EDGE_CURVE('',#11427,#11336,#11429,.T.);
#11427 = VERTEX_POINT('',#11428);
#11428 = CARTESIAN_POINT('',(-66.15,78.3,95.213642792844));
#11429 = SURFACE_CURVE('',#11430,(#11434,#11441),.PCURVE_S1.);
#11430 = LINE('',#11431,#11432);
#11431 = CARTESIAN_POINT('',(-66.15,78.3,26.1));
#11432 = VECTOR('',#11433,1.);
#11433 = DIRECTION('',(0.,0.,1.));
#11434 = PCURVE('',#4666,#11435);
#11435 = DEFINITIONAL_REPRESENTATION('',(#11436),#11440);
#11436 = LINE('',#11437,#11438);
#11437 = CARTESIAN_POINT('',(0.,0.));
#11438 = VECTOR('',#11439,1.);
#11439 = DIRECTION('',(1.,0.));
#11440 = ( GEOMETRIC_REPRESENTATION_CONTEXT(2) 
PARAMETRIC_REPRESENTATION_CONTEXT() REPRESENTATION_CONTEXT('2D SPACE',''
  ) );
#11441 = PCURVE('',#5833,#11442);
#11442 = DEFINITIONAL_REPRESENTATION('',(#11443),#11447);
#11443 = LINE('',#11444,#11445);
#11444 = CARTESIAN_POINT('',(8.15,-8.15));
#11445 = VECTOR('',#11446,1.);
#11446 = DIRECTION('',(1.,0.));
#11447 = ( GEOMETRIC_REPRESENTATION_CONTEXT(2) 
PARAMETRIC_REPRESENTATION_CONTEXT() REPRESENTATION_CONTEXT('2D SPACE',''
  ) );
#11448 = ORIENTED_EDGE('',*,*,#11449,.F.);
#11449 = EDGE_CURVE('',#11450,#11427,#11452,.T.);
#11450 = VERTEX_POINT('',#11451);
#11451 = CARTESIAN_POINT('',(-66.15,79.3,95.213642792844));
#11452 = SURFACE_CURVE('',#11453,(#11457,#11463),.PCURVE_S1.);
#11453 = LINE('',#11454,#11455);
#11454 = CARTESIAN_POINT('',(-66.15,79.3,95.213642792844));
#11455 = VECTOR('',#11456,1.);
#11456 = DIRECTION('',(0.,-1.,0.));
#11457 = PCURVE('',#4666,#11458);
#11458 = DEFINITIONAL_REPRESENTATION('',(#11459),#11462);
#11459 = B_SPLINE_CURVE_WITH_KNOTS('',1,(#11460,#11461),.UNSPECIFIED.,
  .F.,.F.,(2,2),(-6.000000070117E-07,1.294813179142),
  .PIECEWISE_BEZIER_KNOTS.);
#11460 = CARTESIAN_POINT('',(69.113642792844,-1.0000006));
#11461 = CARTESIAN_POINT('',(69.113642792844,0.294813179142));
#11462 = ( GEOMETRIC_REPRESENTATION_CONTEXT(2) 
PARAMETRIC_REPRESENTATION_CONTEXT() REPRESENTATION_CONTEXT('2D SPACE',''
  ) );
#11463 = PCURVE('',#5767,#11464);
#11464 = DEFINITIONAL_REPRESENTATION('',(#11465),#11468);
#11465 = B_SPLINE_CURVE_WITH_KNOTS('',1,(#11466,#11467),.UNSPECIFIED.,
  .F.,.F.,(2,2),(-6.000000070117E-07,1.294813179142),
  .PIECEWISE_BEZIER_KNOTS.);
#11466 = CARTESIAN_POINT('',(3.916990150201,-6.000000070117E-07));
#11467 = CARTESIAN_POINT('',(3.916990150201,1.294813179142));
#11468 = ( GEOMETRIC_REPRESENTATION_CONTEXT(2) 
PARAMETRIC_REPRESENTATION_CONTEXT() REPRESENTATION_CONTEXT('2D SPACE',''
  ) );
#11469 = ORIENTED_EDGE('',*,*,#11470,.T.);
#11470 = EDGE_CURVE('',#11450,#11471,#11473,.T.);
#11471 = VERTEX_POINT('',#11472);
#11472 = CARTESIAN_POINT('',(-66.15,79.3,88.786357207156));
#11473 = SURFACE_CURVE('',#11474,(#11478,#11484),.PCURVE_S1.);
#11474 = LINE('',#11475,#11476);
#11475 = CARTESIAN_POINT('',(-66.15,79.3,59.05));
#11476 = VECTOR('',#11477,1.);
#11477 = DIRECTION('',(0.,0.,-1.));
#11478 = PCURVE('',#4666,#11479);
#11479 = DEFINITIONAL_REPRESENTATION('',(#11480),#11483);
#11480 = B_SPLINE_CURVE_WITH_KNOTS('',1,(#11481,#11482),.UNSPECIFIED.,
  .F.,.F.,(2,2),(-37.45,-28.45),.PIECEWISE_BEZIER_KNOTS.);
#11481 = CARTESIAN_POINT('',(70.4,-1.));
#11482 = CARTESIAN_POINT('',(61.4,-1.));
#11483 = ( GEOMETRIC_REPRESENTATION_CONTEXT(2) 
PARAMETRIC_REPRESENTATION_CONTEXT() REPRESENTATION_CONTEXT('2D SPACE',''
  ) );
#11484 = PCURVE('',#11485,#11490);
#11485 = PLANE('',#11486);
#11486 = AXIS2_PLACEMENT_3D('',#11487,#11488,#11489);
#11487 = CARTESIAN_POINT('',(-63.,79.3,92.));
#11488 = DIRECTION('',(0.,-1.,0.));
#11489 = DIRECTION('',(0.,-0.,-1.));
#11490 = DEFINITIONAL_REPRESENTATION('',(#11491),#11494);
#11491 = B_SPLINE_CURVE_WITH_KNOTS('',1,(#11492,#11493),.UNSPECIFIED.,
  .F.,.F.,(2,2),(-37.45,-28.45),.PIECEWISE_BEZIER_KNOTS.);
#11492 = CARTESIAN_POINT('',(-4.5,-3.15));
#11493 = CARTESIAN_POINT('',(4.5,-3.15));
#11494 = ( GEOMETRIC_REPRESENTATION_CONTEXT(2) 
PARAMETRIC_REPRESENTATION_CONTEXT() REPRESENTATION_CONTEXT('2D SPACE',''
  ) );
#11495 = ORIENTED_EDGE('',*,*,#11496,.T.);
#11496 = EDGE_CURVE('',#11471,#11497,#11499,.T.);
#11497 = VERTEX_POINT('',#11498);
#11498 = CARTESIAN_POINT('',(-66.15,78.3,88.786357207156));
#11499 = SURFACE_CURVE('',#11500,(#11504,#11510),.PCURVE_S1.);
#11500 = LINE('',#11501,#11502);
#11501 = CARTESIAN_POINT('',(-66.15,79.3,88.786357207156));
#11502 = VECTOR('',#11503,1.);
#11503 = DIRECTION('',(0.,-1.,0.));
#11504 = PCURVE('',#4666,#11505);
#11505 = DEFINITIONAL_REPRESENTATION('',(#11506),#11509);
#11506 = B_SPLINE_CURVE_WITH_KNOTS('',1,(#11507,#11508),.UNSPECIFIED.,
  .F.,.F.,(2,2),(-6.000000070117E-07,1.294813179142),
  .PIECEWISE_BEZIER_KNOTS.);
#11507 = CARTESIAN_POINT('',(62.686357207156,-1.0000006));
#11508 = CARTESIAN_POINT('',(62.686357207156,0.294813179142));
#11509 = ( GEOMETRIC_REPRESENTATION_CONTEXT(2) 
PARAMETRIC_REPRESENTATION_CONTEXT() REPRESENTATION_CONTEXT('2D SPACE',''
  ) );
#11510 = PCURVE('',#5767,#11511);
#11511 = DEFINITIONAL_REPRESENTATION('',(#11512),#11515);
#11512 = B_SPLINE_CURVE_WITH_KNOTS('',1,(#11513,#11514),.UNSPECIFIED.,
  .F.,.F.,(2,2),(-6.000000070117E-07,1.294813179142),
  .PIECEWISE_BEZIER_KNOTS.);
#11513 = CARTESIAN_POINT('',(5.507787810569,-6.000000070117E-07));
#11514 = CARTESIAN_POINT('',(5.507787810569,1.294813179142));
#11515 = ( GEOMETRIC_REPRESENTATION_CONTEXT(2) 
PARAMETRIC_REPRESENTATION_CONTEXT() REPRESENTATION_CONTEXT('2D SPACE',''
  ) );
#11516 = ORIENTED_EDGE('',*,*,#11517,.F.);
#11517 = EDGE_CURVE('',#11518,#11497,#11520,.T.);
#11518 = VERTEX_POINT('',#11519);
#11519 = CARTESIAN_POINT('',(-66.15,78.3,34.213642792844));
#11520 = SURFACE_CURVE('',#11521,(#11525,#11532),.PCURVE_S1.);
#11521 = LINE('',#11522,#11523);
#11522 = CARTESIAN_POINT('',(-66.15,78.3,26.1));
#11523 = VECTOR('',#11524,1.);
#11524 = DIRECTION('',(0.,0.,1.));
#11525 = PCURVE('',#4666,#11526);
#11526 = DEFINITIONAL_REPRESENTATION('',(#11527),#11531);
#11527 = LINE('',#11528,#11529);
#11528 = CARTESIAN_POINT('',(0.,0.));
#11529 = VECTOR('',#11530,1.);
#11530 = DIRECTION('',(1.,0.));
#11531 = ( GEOMETRIC_REPRESENTATION_CONTEXT(2) 
PARAMETRIC_REPRESENTATION_CONTEXT() REPRESENTATION_CONTEXT('2D SPACE',''
  ) );
#11532 = PCURVE('',#5662,#11533);
#11533 = DEFINITIONAL_REPRESENTATION('',(#11534),#11538);
#11534 = LINE('',#11535,#11536);
#11535 = CARTESIAN_POINT('',(8.15,-8.15));
#11536 = VECTOR('',#11537,1.);
#11537 = DIRECTION('',(1.,0.));
#11538 = ( GEOMETRIC_REPRESENTATION_CONTEXT(2) 
PARAMETRIC_REPRESENTATION_CONTEXT() REPRESENTATION_CONTEXT('2D SPACE',''
  ) );
#11539 = ORIENTED_EDGE('',*,*,#11540,.F.);
#11540 = EDGE_CURVE('',#11541,#11518,#11543,.T.);
#11541 = VERTEX_POINT('',#11542);
#11542 = CARTESIAN_POINT('',(-66.15,79.3,34.213642792844));
#11543 = SURFACE_CURVE('',#11544,(#11548,#11554),.PCURVE_S1.);
#11544 = LINE('',#11545,#11546);
#11545 = CARTESIAN_POINT('',(-66.15,79.3,34.213642792844));
#11546 = VECTOR('',#11547,1.);
#11547 = DIRECTION('',(0.,-1.,0.));
#11548 = PCURVE('',#4666,#11549);
#11549 = DEFINITIONAL_REPRESENTATION('',(#11550),#11553);
#11550 = B_SPLINE_CURVE_WITH_KNOTS('',1,(#11551,#11552),.UNSPECIFIED.,
  .F.,.F.,(2,2),(-6.000000070117E-07,1.294813179142),
  .PIECEWISE_BEZIER_KNOTS.);
#11551 = CARTESIAN_POINT('',(8.113642792844,-1.0000006));
#11552 = CARTESIAN_POINT('',(8.113642792844,0.294813179142));
#11553 = ( GEOMETRIC_REPRESENTATION_CONTEXT(2) 
PARAMETRIC_REPRESENTATION_CONTEXT() REPRESENTATION_CONTEXT('2D SPACE',''
  ) );
#11554 = PCURVE('',#5596,#11555);
#11555 = DEFINITIONAL_REPRESENTATION('',(#11556),#11559);
#11556 = B_SPLINE_CURVE_WITH_KNOTS('',1,(#11557,#11558),.UNSPECIFIED.,
  .F.,.F.,(2,2),(-6.000000070117E-07,1.294813179142),
  .PIECEWISE_BEZIER_KNOTS.);
#11557 = CARTESIAN_POINT('',(3.916990150201,-6.000000070117E-07));
#11558 = CARTESIAN_POINT('',(3.916990150201,1.294813179142));
#11559 = ( GEOMETRIC_REPRESENTATION_CONTEXT(2) 
PARAMETRIC_REPRESENTATION_CONTEXT() REPRESENTATION_CONTEXT('2D SPACE',''
  ) );
#11560 = ORIENTED_EDGE('',*,*,#11561,.T.);
#11561 = EDGE_CURVE('',#11541,#11562,#11564,.T.);
#11562 = VERTEX_POINT('',#11563);
#11563 = CARTESIAN_POINT('',(-66.15,79.3,27.786357207156));
#11564 = SURFACE_CURVE('',#11565,(#11569,#11575),.PCURVE_S1.);
#11565 = LINE('',#11566,#11567);
#11566 = CARTESIAN_POINT('',(-66.15,79.3,28.55));
#11567 = VECTOR('',#11568,1.);
#11568 = DIRECTION('',(0.,0.,-1.));
#11569 = PCURVE('',#4666,#11570);
#11570 = DEFINITIONAL_REPRESENTATION('',(#11571),#11574);
#11571 = B_SPLINE_CURVE_WITH_KNOTS('',1,(#11572,#11573),.UNSPECIFIED.,
  .F.,.F.,(2,2),(-6.95,2.05),.PIECEWISE_BEZIER_KNOTS.);
#11572 = CARTESIAN_POINT('',(9.4,-1.));
#11573 = CARTESIAN_POINT('',(0.4,-1.));
#11574 = ( GEOMETRIC_REPRESENTATION_CONTEXT(2) 
PARAMETRIC_REPRESENTATION_CONTEXT() REPRESENTATION_CONTEXT('2D SPACE',''
  ) );
#11575 = PCURVE('',#11576,#11581);
#11576 = PLANE('',#11577);
#11577 = AXIS2_PLACEMENT_3D('',#11578,#11579,#11580);
#11578 = CARTESIAN_POINT('',(-63.,79.3,31.));
#11579 = DIRECTION('',(0.,-1.,0.));
#11580 = DIRECTION('',(0.,-0.,-1.));
#11581 = DEFINITIONAL_REPRESENTATION('',(#11582),#11585);
#11582 = B_SPLINE_CURVE_WITH_KNOTS('',1,(#11583,#11584),.UNSPECIFIED.,
  .F.,.F.,(2,2),(-6.95,2.05),.PIECEWISE_BEZIER_KNOTS.);
#11583 = CARTESIAN_POINT('',(-4.5,-3.15));
#11584 = CARTESIAN_POINT('',(4.5,-3.15));
#11585 = ( GEOMETRIC_REPRESENTATION_CONTEXT(2) 
PARAMETRIC_REPRESENTATION_CONTEXT() REPRESENTATION_CONTEXT('2D SPACE',''
  ) );
#11586 = ORIENTED_EDGE('',*,*,#11587,.T.);
#11587 = EDGE_CURVE('',#11562,#11381,#11588,.T.);
#11588 = SURFACE_CURVE('',#11589,(#11593,#11599),.PCURVE_S1.);
#11589 = LINE('',#11590,#11591);
#11590 = CARTESIAN_POINT('',(-66.15,79.3,27.786357207156));
#11591 = VECTOR('',#11592,1.);
#11592 = DIRECTION('',(0.,-1.,0.));
#11593 = PCURVE('',#4666,#11594);
#11594 = DEFINITIONAL_REPRESENTATION('',(#11595),#11598);
#11595 = B_SPLINE_CURVE_WITH_KNOTS('',1,(#11596,#11597),.UNSPECIFIED.,
  .F.,.F.,(2,2),(-6.000000070117E-07,1.294813179142),
  .PIECEWISE_BEZIER_KNOTS.);
#11596 = CARTESIAN_POINT('',(1.686357207156,-1.0000006));
#11597 = CARTESIAN_POINT('',(1.686357207156,0.294813179142));
#11598 = ( GEOMETRIC_REPRESENTATION_CONTEXT(2) 
PARAMETRIC_REPRESENTATION_CONTEXT() REPRESENTATION_CONTEXT('2D SPACE',''
  ) );
#11599 = PCURVE('',#5596,#11600);
#11600 = DEFINITIONAL_REPRESENTATION('',(#11601),#11604);
#11601 = B_SPLINE_CURVE_WITH_KNOTS('',1,(#11602,#11603),.UNSPECIFIED.,
  .F.,.F.,(2,2),(-6.000000070117E-07,1.294813179142),
  .PIECEWISE_BEZIER_KNOTS.);
#11602 = CARTESIAN_POINT('',(5.507787810569,-6.000000070117E-07));
#11603 = CARTESIAN_POINT('',(5.507787810569,1.294813179142));
#11604 = ( GEOMETRIC_REPRESENTATION_CONTEXT(2) 
PARAMETRIC_REPRESENTATION_CONTEXT() REPRESENTATION_CONTEXT('2D SPACE',''
  ) );
#11605 = ADVANCED_FACE('',(#11606),#4610,.F.);
#11606 = FACE_BOUND('',#11607,.F.);
#11607 = EDGE_LOOP('',(#11608,#11630,#11631,#11632,#11633));
#11608 = ORIENTED_EDGE('',*,*,#11609,.T.);
#11609 = EDGE_CURVE('',#5421,#11379,#11610,.T.);
#11610 = SURFACE_CURVE('',#11611,(#11616,#11623),.PCURVE_S1.);
#11611 = CIRCLE('',#11612,8.15);
#11612 = AXIS2_PLACEMENT_3D('',#11613,#11614,#11615);
#11613 = CARTESIAN_POINT('',(-58.,78.3,26.1));
#11614 = DIRECTION('',(0.,1.,0.));
#11615 = DIRECTION('',(0.,-0.,1.));
#11616 = PCURVE('',#4610,#11617);
#11617 = DEFINITIONAL_REPRESENTATION('',(#11618),#11622);
#11618 = LINE('',#11619,#11620);
#11619 = CARTESIAN_POINT('',(0.,0.));
#11620 = VECTOR('',#11621,1.);
#11621 = DIRECTION('',(1.,0.));
#11622 = ( GEOMETRIC_REPRESENTATION_CONTEXT(2) 
PARAMETRIC_REPRESENTATION_CONTEXT() REPRESENTATION_CONTEXT('2D SPACE',''
  ) );
#11623 = PCURVE('',#5491,#11624);
#11624 = DEFINITIONAL_REPRESENTATION('',(#11625),#11629);
#11625 = CIRCLE('',#11626,8.15);
#11626 = AXIS2_PLACEMENT_2D('',#11627,#11628);
#11627 = CARTESIAN_POINT('',(8.15,0.));
#11628 = DIRECTION('',(1.,0.));
#11629 = ( GEOMETRIC_REPRESENTATION_CONTEXT(2) 
PARAMETRIC_REPRESENTATION_CONTEXT() REPRESENTATION_CONTEXT('2D SPACE',''
  ) );
#11630 = ORIENTED_EDGE('',*,*,#11403,.T.);
#11631 = ORIENTED_EDGE('',*,*,#4536,.F.);
#11632 = ORIENTED_EDGE('',*,*,#4765,.F.);
#11633 = ORIENTED_EDGE('',*,*,#5420,.T.);
#11634 = ADVANCED_FACE('',(#11635),#4879,.T.);
#11635 = FACE_BOUND('',#11636,.T.);
#11636 = EDGE_LOOP('',(#11637,#11638,#11639,#11640,#11641,#11662));
#11637 = ORIENTED_EDGE('',*,*,#9759,.F.);
#11638 = ORIENTED_EDGE('',*,*,#5083,.T.);
#11639 = ORIENTED_EDGE('',*,*,#4937,.T.);
#11640 = ORIENTED_EDGE('',*,*,#4863,.T.);
#11641 = ORIENTED_EDGE('',*,*,#11642,.F.);
#11642 = EDGE_CURVE('',#5286,#4837,#11643,.T.);
#11643 = SURFACE_CURVE('',#11644,(#11648,#11655),.PCURVE_S1.);
#11644 = LINE('',#11645,#11646);
#11645 = CARTESIAN_POINT('',(-72.5,75.5,24.));
#11646 = VECTOR('',#11647,1.);
#11647 = DIRECTION('',(1.,0.,0.));
#11648 = PCURVE('',#4879,#11649);
#11649 = DEFINITIONAL_REPRESENTATION('',(#11650),#11654);
#11650 = LINE('',#11651,#11652);
#11651 = CARTESIAN_POINT('',(0.,4.));
#11652 = VECTOR('',#11653,1.);
#11653 = DIRECTION('',(1.,0.));
#11654 = ( GEOMETRIC_REPRESENTATION_CONTEXT(2) 
PARAMETRIC_REPRESENTATION_CONTEXT() REPRESENTATION_CONTEXT('2D SPACE',''
  ) );
#11655 = PCURVE('',#4852,#11656);
#11656 = DEFINITIONAL_REPRESENTATION('',(#11657),#11661);
#11657 = LINE('',#11658,#11659);
#11658 = CARTESIAN_POINT('',(10.,0.));
#11659 = VECTOR('',#11660,1.);
#11660 = DIRECTION('',(0.,1.));
#11661 = ( GEOMETRIC_REPRESENTATION_CONTEXT(2) 
PARAMETRIC_REPRESENTATION_CONTEXT() REPRESENTATION_CONTEXT('2D SPACE',''
  ) );
#11662 = ORIENTED_EDGE('',*,*,#5285,.F.);
#11663 = ADVANCED_FACE('',(#11664),#4852,.T.);
#11664 = FACE_BOUND('',#11665,.T.);
#11665 = EDGE_LOOP('',(#11666,#11667,#11668,#11669,#11690,#11711));
#11666 = ORIENTED_EDGE('',*,*,#5313,.F.);
#11667 = ORIENTED_EDGE('',*,*,#11642,.T.);
#11668 = ORIENTED_EDGE('',*,*,#4836,.T.);
#11669 = ORIENTED_EDGE('',*,*,#11670,.T.);
#11670 = EDGE_CURVE('',#4810,#11671,#11673,.T.);
#11671 = VERTEX_POINT('',#11672);
#11672 = CARTESIAN_POINT('',(-67.,75.5,18.));
#11673 = SURFACE_CURVE('',#11674,(#11678,#11684),.PCURVE_S1.);
#11674 = LINE('',#11675,#11676);
#11675 = CARTESIAN_POINT('',(-72.5,75.5,18.));
#11676 = VECTOR('',#11677,1.);
#11677 = DIRECTION('',(-1.,0.,0.));
#11678 = PCURVE('',#4852,#11679);
#11679 = DEFINITIONAL_REPRESENTATION('',(#11680),#11683);
#11680 = B_SPLINE_CURVE_WITH_KNOTS('',1,(#11681,#11682),.UNSPECIFIED.,
  .F.,.F.,(2,2),(-145.,0.),.PIECEWISE_BEZIER_KNOTS.);
#11681 = CARTESIAN_POINT('',(4.,145.));
#11682 = CARTESIAN_POINT('',(4.,0.));
#11683 = ( GEOMETRIC_REPRESENTATION_CONTEXT(2) 
PARAMETRIC_REPRESENTATION_CONTEXT() REPRESENTATION_CONTEXT('2D SPACE',''
  ) );
#11684 = PCURVE('',#4825,#11685);
#11685 = DEFINITIONAL_REPRESENTATION('',(#11686),#11689);
#11686 = B_SPLINE_CURVE_WITH_KNOTS('',1,(#11687,#11688),.UNSPECIFIED.,
  .F.,.F.,(2,2),(-145.,0.),.PIECEWISE_BEZIER_KNOTS.);
#11687 = CARTESIAN_POINT('',(145.,4.));
#11688 = CARTESIAN_POINT('',(0.,4.));
#11689 = ( GEOMETRIC_REPRESENTATION_CONTEXT(2) 
PARAMETRIC_REPRESENTATION_CONTEXT() REPRESENTATION_CONTEXT('2D SPACE',''
  ) );
#11690 = ORIENTED_EDGE('',*,*,#11691,.T.);
#11691 = EDGE_CURVE('',#11671,#11692,#11694,.T.);
#11692 = VERTEX_POINT('',#11693);
#11693 = CARTESIAN_POINT('',(-67.,75.5,22.));
#11694 = SURFACE_CURVE('',#11695,(#11699,#11705),.PCURVE_S1.);
#11695 = LINE('',#11696,#11697);
#11696 = CARTESIAN_POINT('',(-67.,75.5,14.));
#11697 = VECTOR('',#11698,1.);
#11698 = DIRECTION('',(0.,0.,1.));
#11699 = PCURVE('',#4852,#11700);
#11700 = DEFINITIONAL_REPRESENTATION('',(#11701),#11704);
#11701 = B_SPLINE_CURVE_WITH_KNOTS('',1,(#11702,#11703),.UNSPECIFIED.,
  .F.,.F.,(2,2),(4.,8.),.PIECEWISE_BEZIER_KNOTS.);
#11702 = CARTESIAN_POINT('',(4.,5.5));
#11703 = CARTESIAN_POINT('',(8.,5.5));
#11704 = ( GEOMETRIC_REPRESENTATION_CONTEXT(2) 
PARAMETRIC_REPRESENTATION_CONTEXT() REPRESENTATION_CONTEXT('2D SPACE',''
  ) );
#11705 = PCURVE('',#5382,#11706);
#11706 = DEFINITIONAL_REPRESENTATION('',(#11707),#11710);
#11707 = B_SPLINE_CURVE_WITH_KNOTS('',1,(#11708,#11709),.UNSPECIFIED.,
  .F.,.F.,(2,2),(4.,8.),.PIECEWISE_BEZIER_KNOTS.);
#11708 = CARTESIAN_POINT('',(4.,-6.5));
#11709 = CARTESIAN_POINT('',(8.,-6.5));
#11710 = ( GEOMETRIC_REPRESENTATION_CONTEXT(2) 
PARAMETRIC_REPRESENTATION_CONTEXT() REPRESENTATION_CONTEXT('2D SPACE',''
  ) );
#11711 = ORIENTED_EDGE('',*,*,#11712,.T.);
#11712 = EDGE_CURVE('',#11692,#5314,#11713,.T.);
#11713 = SURFACE_CURVE('',#11714,(#11718,#11724),.PCURVE_S1.);
#11714 = LINE('',#11715,#11716);
#11715 = CARTESIAN_POINT('',(-72.25,75.5,22.));
#11716 = VECTOR('',#11717,1.);
#11717 = DIRECTION('',(-1.,0.,0.));
#11718 = PCURVE('',#4852,#11719);
#11719 = DEFINITIONAL_REPRESENTATION('',(#11720),#11723);
#11720 = B_SPLINE_CURVE_WITH_KNOTS('',1,(#11721,#11722),.UNSPECIFIED.,
  .F.,.F.,(2,2),(-5.25,-0.25),.PIECEWISE_BEZIER_KNOTS.);
#11721 = CARTESIAN_POINT('',(8.,5.5));
#11722 = CARTESIAN_POINT('',(8.,0.5));
#11723 = ( GEOMETRIC_REPRESENTATION_CONTEXT(2) 
PARAMETRIC_REPRESENTATION_CONTEXT() REPRESENTATION_CONTEXT('2D SPACE',''
  ) );
#11724 = PCURVE('',#5351,#11725);
#11725 = DEFINITIONAL_REPRESENTATION('',(#11726),#11729);
#11726 = B_SPLINE_CURVE_WITH_KNOTS('',1,(#11727,#11728),.UNSPECIFIED.,
  .F.,.F.,(2,2),(-5.25,-0.25),.PIECEWISE_BEZIER_KNOTS.);
#11727 = CARTESIAN_POINT('',(5.,6.5));
#11728 = CARTESIAN_POINT('',(-2.48689957516E-14,6.5));
#11729 = ( GEOMETRIC_REPRESENTATION_CONTEXT(2) 
PARAMETRIC_REPRESENTATION_CONTEXT() REPRESENTATION_CONTEXT('2D SPACE',''
  ) );
#11730 = ADVANCED_FACE('',(#11731),#4825,.T.);
#11731 = FACE_BOUND('',#11732,.T.);
#11732 = EDGE_LOOP('',(#11733,#11734,#11735,#11754));
#11733 = ORIENTED_EDGE('',*,*,#4809,.T.);
#11734 = ORIENTED_EDGE('',*,*,#5393,.F.);
#11735 = ORIENTED_EDGE('',*,*,#11736,.T.);
#11736 = EDGE_CURVE('',#5368,#11671,#11737,.T.);
#11737 = SURFACE_CURVE('',#11738,(#11742,#11748),.PCURVE_S1.);
#11738 = LINE('',#11739,#11740);
#11739 = CARTESIAN_POINT('',(-67.,70.25,18.));
#11740 = VECTOR('',#11741,1.);
#11741 = DIRECTION('',(0.,-1.,0.));
#11742 = PCURVE('',#4825,#11743);
#11743 = DEFINITIONAL_REPRESENTATION('',(#11744),#11747);
#11744 = B_SPLINE_CURVE_WITH_KNOTS('',1,(#11745,#11746),.UNSPECIFIED.,
  .F.,.F.,(2,2),(-7.233940581449,-2.991657386774),
  .PIECEWISE_BEZIER_KNOTS.);
#11745 = CARTESIAN_POINT('',(5.5,5.983940581449));
#11746 = CARTESIAN_POINT('',(5.5,1.741657386774));
#11747 = ( GEOMETRIC_REPRESENTATION_CONTEXT(2) 
PARAMETRIC_REPRESENTATION_CONTEXT() REPRESENTATION_CONTEXT('2D SPACE',''
  ) );
#11748 = PCURVE('',#5382,#11749);
#11749 = DEFINITIONAL_REPRESENTATION('',(#11750),#11753);
#11750 = B_SPLINE_CURVE_WITH_KNOTS('',1,(#11751,#11752),.UNSPECIFIED.,
  .F.,.F.,(2,2),(-7.233940581449,-2.991657386774),
  .PIECEWISE_BEZIER_KNOTS.);
#11751 = CARTESIAN_POINT('',(4.,-8.483940581449));
#11752 = CARTESIAN_POINT('',(4.,-4.241657386774));
#11753 = ( GEOMETRIC_REPRESENTATION_CONTEXT(2) 
PARAMETRIC_REPRESENTATION_CONTEXT() REPRESENTATION_CONTEXT('2D SPACE',''
  ) );
#11754 = ORIENTED_EDGE('',*,*,#11670,.F.);
#11755 = ADVANCED_FACE('',(#11756),#5024,.T.);
#11756 = FACE_BOUND('',#11757,.T.);
#11757 = EDGE_LOOP('',(#11758,#11759,#11760,#11761));
#11758 = ORIENTED_EDGE('',*,*,#5214,.F.);
#11759 = ORIENTED_EDGE('',*,*,#5164,.T.);
#11760 = ORIENTED_EDGE('',*,*,#5007,.T.);
#11761 = ORIENTED_EDGE('',*,*,#9734,.F.);
#11762 = ADVANCED_FACE('',(#11763),#5127,.T.);
#11763 = FACE_BOUND('',#11764,.T.);
#11764 = EDGE_LOOP('',(#11765));
#11765 = ORIENTED_EDGE('',*,*,#5112,.T.);
#11766 = ADVANCED_FACE('',(#11767),#5908,.F.);
#11767 = FACE_BOUND('',#11768,.F.);
#11768 = EDGE_LOOP('',(#11769,#11770,#11793,#11816,#11844,#11867,#11895,
    #11918,#11946,#11969,#11990,#11991));
#11769 = ORIENTED_EDGE('',*,*,#6363,.F.);
#11770 = ORIENTED_EDGE('',*,*,#11771,.T.);
#11771 = EDGE_CURVE('',#6364,#11772,#11774,.T.);
#11772 = VERTEX_POINT('',#11773);
#11773 = CARTESIAN_POINT('',(-77.5,-66.,93.));
#11774 = SURFACE_CURVE('',#11775,(#11779,#11786),.PCURVE_S1.);
#11775 = LINE('',#11776,#11777);
#11776 = CARTESIAN_POINT('',(-82.5,-66.,93.));
#11777 = VECTOR('',#11778,1.);
#11778 = DIRECTION('',(1.,0.,0.));
#11779 = PCURVE('',#5908,#11780);
#11780 = DEFINITIONAL_REPRESENTATION('',(#11781),#11785);
#11781 = LINE('',#11782,#11783);
#11782 = CARTESIAN_POINT('',(0.,0.));
#11783 = VECTOR('',#11784,1.);
#11784 = DIRECTION('',(1.,0.));
#11785 = ( GEOMETRIC_REPRESENTATION_CONTEXT(2) 
PARAMETRIC_REPRESENTATION_CONTEXT() REPRESENTATION_CONTEXT('2D SPACE',''
  ) );
#11786 = PCURVE('',#4367,#11787);
#11787 = DEFINITIONAL_REPRESENTATION('',(#11788),#11792);
#11788 = LINE('',#11789,#11790);
#11789 = CARTESIAN_POINT('',(0.,0.));
#11790 = VECTOR('',#11791,1.);
#11791 = DIRECTION('',(0.,1.));
#11792 = ( GEOMETRIC_REPRESENTATION_CONTEXT(2) 
PARAMETRIC_REPRESENTATION_CONTEXT() REPRESENTATION_CONTEXT('2D SPACE',''
  ) );
#11793 = ORIENTED_EDGE('',*,*,#11794,.T.);
#11794 = EDGE_CURVE('',#11772,#11795,#11797,.T.);
#11795 = VERTEX_POINT('',#11796);
#11796 = CARTESIAN_POINT('',(-77.5,-55.15266921119,93.));
#11797 = SURFACE_CURVE('',#11798,(#11802,#11809),.PCURVE_S1.);
#11798 = LINE('',#11799,#11800);
#11799 = CARTESIAN_POINT('',(-77.5,-66.,93.));
#11800 = VECTOR('',#11801,1.);
#11801 = DIRECTION('',(0.,1.,0.));
#11802 = PCURVE('',#5908,#11803);
#11803 = DEFINITIONAL_REPRESENTATION('',(#11804),#11808);
#11804 = LINE('',#11805,#11806);
#11805 = CARTESIAN_POINT('',(5.,0.));
#11806 = VECTOR('',#11807,1.);
#11807 = DIRECTION('',(0.,1.));
#11808 = ( GEOMETRIC_REPRESENTATION_CONTEXT(2) 
PARAMETRIC_REPRESENTATION_CONTEXT() REPRESENTATION_CONTEXT('2D SPACE',''
  ) );
#11809 = PCURVE('',#11206,#11810);
#11810 = DEFINITIONAL_REPRESENTATION('',(#11811),#11815);
#11811 = LINE('',#11812,#11813);
#11812 = CARTESIAN_POINT('',(0.,0.));
#11813 = VECTOR('',#11814,1.);
#11814 = DIRECTION('',(0.,-1.));
#11815 = ( GEOMETRIC_REPRESENTATION_CONTEXT(2) 
PARAMETRIC_REPRESENTATION_CONTEXT() REPRESENTATION_CONTEXT('2D SPACE',''
  ) );
#11816 = ORIENTED_EDGE('',*,*,#11817,.F.);
#11817 = EDGE_CURVE('',#11818,#11795,#11820,.T.);
#11818 = VERTEX_POINT('',#11819);
#11819 = CARTESIAN_POINT('',(-77.5,-44.8473307888,93.));
#11820 = SURFACE_CURVE('',#11821,(#11826,#11837),.PCURVE_S1.);
#11821 = CIRCLE('',#11822,5.2);
#11822 = AXIS2_PLACEMENT_3D('',#11823,#11824,#11825);
#11823 = CARTESIAN_POINT('',(-76.8,-50.,93.));
#11824 = DIRECTION('',(0.,0.,-1.));
#11825 = DIRECTION('',(-0.134615384615,0.99089792523,0.));
#11826 = PCURVE('',#5908,#11827);
#11827 = DEFINITIONAL_REPRESENTATION('',(#11828),#11836);
#11828 = ( BOUNDED_CURVE() B_SPLINE_CURVE(2,(#11829,#11830,#11831,#11832
    ,#11833,#11834,#11835),.UNSPECIFIED.,.T.,.F.) 
B_SPLINE_CURVE_WITH_KNOTS((1,2,2,2,2,1),(-2.094395102393,0.,
    2.094395102393,4.188790204786,6.28318530718,8.377580409573),
.UNSPECIFIED.) CURVE() GEOMETRIC_REPRESENTATION_ITEM() 
RATIONAL_B_SPLINE_CURVE((1.,0.5,1.,0.5,1.,0.5,1.)) REPRESENTATION_ITEM(
  '') );
#11829 = CARTESIAN_POINT('',(5.,21.152669211195));
#11830 = CARTESIAN_POINT('',(13.924684868386,22.365104776494));
#11831 = CARTESIAN_POINT('',(10.512342434193,14.029883177052));
#11832 = CARTESIAN_POINT('',(7.1,5.694661577609));
#11833 = CARTESIAN_POINT('',(1.587657565807,12.817447611753));
#11834 = CARTESIAN_POINT('',(-3.924684868386,19.940233645897));
#11835 = CARTESIAN_POINT('',(5.,21.152669211195));
#11836 = ( GEOMETRIC_REPRESENTATION_CONTEXT(2) 
PARAMETRIC_REPRESENTATION_CONTEXT() REPRESENTATION_CONTEXT('2D SPACE',''
  ) );
#11837 = PCURVE('',#10890,#11838);
#11838 = DEFINITIONAL_REPRESENTATION('',(#11839),#11843);
#11839 = LINE('',#11840,#11841);
#11840 = CARTESIAN_POINT('',(-7.989006937857,0.));
#11841 = VECTOR('',#11842,1.);
#11842 = DIRECTION('',(1.,-0.));
#11843 = ( GEOMETRIC_REPRESENTATION_CONTEXT(2) 
PARAMETRIC_REPRESENTATION_CONTEXT() REPRESENTATION_CONTEXT('2D SPACE',''
  ) );
#11844 = ORIENTED_EDGE('',*,*,#11845,.T.);
#11845 = EDGE_CURVE('',#11818,#11846,#11848,.T.);
#11846 = VERTEX_POINT('',#11847);
#11847 = CARTESIAN_POINT('',(-77.5,4.847330788805,93.));
#11848 = SURFACE_CURVE('',#11849,(#11853,#11860),.PCURVE_S1.);
#11849 = LINE('',#11850,#11851);
#11850 = CARTESIAN_POINT('',(-77.5,-66.,93.));
#11851 = VECTOR('',#11852,1.);
#11852 = DIRECTION('',(0.,1.,0.));
#11853 = PCURVE('',#5908,#11854);
#11854 = DEFINITIONAL_REPRESENTATION('',(#11855),#11859);
#11855 = LINE('',#11856,#11857);
#11856 = CARTESIAN_POINT('',(5.,0.));
#11857 = VECTOR('',#11858,1.);
#11858 = DIRECTION('',(0.,1.));
#11859 = ( GEOMETRIC_REPRESENTATION_CONTEXT(2) 
PARAMETRIC_REPRESENTATION_CONTEXT() REPRESENTATION_CONTEXT('2D SPACE',''
  ) );
#11860 = PCURVE('',#10918,#11861);
#11861 = DEFINITIONAL_REPRESENTATION('',(#11862),#11866);
#11862 = LINE('',#11863,#11864);
#11863 = CARTESIAN_POINT('',(0.,0.));
#11864 = VECTOR('',#11865,1.);
#11865 = DIRECTION('',(0.,-1.));
#11866 = ( GEOMETRIC_REPRESENTATION_CONTEXT(2) 
PARAMETRIC_REPRESENTATION_CONTEXT() REPRESENTATION_CONTEXT('2D SPACE',''
  ) );
#11867 = ORIENTED_EDGE('',*,*,#11868,.F.);
#11868 = EDGE_CURVE('',#11869,#11846,#11871,.T.);
#11869 = VERTEX_POINT('',#11870);
#11870 = CARTESIAN_POINT('',(-77.5,15.152669211195,93.));
#11871 = SURFACE_CURVE('',#11872,(#11877,#11888),.PCURVE_S1.);
#11872 = CIRCLE('',#11873,5.2);
#11873 = AXIS2_PLACEMENT_3D('',#11874,#11875,#11876);
#11874 = CARTESIAN_POINT('',(-76.8,10.,93.));
#11875 = DIRECTION('',(0.,0.,-1.));
#11876 = DIRECTION('',(-0.134615384615,0.99089792523,0.));
#11877 = PCURVE('',#5908,#11878);
#11878 = DEFINITIONAL_REPRESENTATION('',(#11879),#11887);
#11879 = ( BOUNDED_CURVE() B_SPLINE_CURVE(2,(#11880,#11881,#11882,#11883
    ,#11884,#11885,#11886),.UNSPECIFIED.,.T.,.F.) 
B_SPLINE_CURVE_WITH_KNOTS((1,2,2,2,2,1),(-2.094395102393,0.,
    2.094395102393,4.188790204786,6.28318530718,8.377580409573),
.UNSPECIFIED.) CURVE() GEOMETRIC_REPRESENTATION_ITEM() 
RATIONAL_B_SPLINE_CURVE((1.,0.5,1.,0.5,1.,0.5,1.)) REPRESENTATION_ITEM(
  '') );
#11880 = CARTESIAN_POINT('',(5.,81.152669211195));
#11881 = CARTESIAN_POINT('',(13.924684868386,82.365104776494));
#11882 = CARTESIAN_POINT('',(10.512342434193,74.029883177052));
#11883 = CARTESIAN_POINT('',(7.1,65.694661577609));
#11884 = CARTESIAN_POINT('',(1.587657565807,72.817447611753));
#11885 = CARTESIAN_POINT('',(-3.924684868386,79.940233645897));
#11886 = CARTESIAN_POINT('',(5.,81.152669211195));
#11887 = ( GEOMETRIC_REPRESENTATION_CONTEXT(2) 
PARAMETRIC_REPRESENTATION_CONTEXT() REPRESENTATION_CONTEXT('2D SPACE',''
  ) );
#11888 = PCURVE('',#10947,#11889);
#11889 = DEFINITIONAL_REPRESENTATION('',(#11890),#11894);
#11890 = LINE('',#11891,#11892);
#11891 = CARTESIAN_POINT('',(-7.989006937857,0.));
#11892 = VECTOR('',#11893,1.);
#11893 = DIRECTION('',(1.,-0.));
#11894 = ( GEOMETRIC_REPRESENTATION_CONTEXT(2) 
PARAMETRIC_REPRESENTATION_CONTEXT() REPRESENTATION_CONTEXT('2D SPACE',''
  ) );
#11895 = ORIENTED_EDGE('',*,*,#11896,.T.);
#11896 = EDGE_CURVE('',#11869,#11897,#11899,.T.);
#11897 = VERTEX_POINT('',#11898);
#11898 = CARTESIAN_POINT('',(-77.5,44.847330788805,93.));
#11899 = SURFACE_CURVE('',#11900,(#11904,#11911),.PCURVE_S1.);
#11900 = LINE('',#11901,#11902);
#11901 = CARTESIAN_POINT('',(-77.5,-66.,93.));
#11902 = VECTOR('',#11903,1.);
#11903 = DIRECTION('',(0.,1.,0.));
#11904 = PCURVE('',#5908,#11905);
#11905 = DEFINITIONAL_REPRESENTATION('',(#11906),#11910);
#11906 = LINE('',#11907,#11908);
#11907 = CARTESIAN_POINT('',(5.,0.));
#11908 = VECTOR('',#11909,1.);
#11909 = DIRECTION('',(0.,1.));
#11910 = ( GEOMETRIC_REPRESENTATION_CONTEXT(2) 
PARAMETRIC_REPRESENTATION_CONTEXT() REPRESENTATION_CONTEXT('2D SPACE',''
  ) );
#11911 = PCURVE('',#10975,#11912);
#11912 = DEFINITIONAL_REPRESENTATION('',(#11913),#11917);
#11913 = LINE('',#11914,#11915);
#11914 = CARTESIAN_POINT('',(0.,0.));
#11915 = VECTOR('',#11916,1.);
#11916 = DIRECTION('',(0.,-1.));
#11917 = ( GEOMETRIC_REPRESENTATION_CONTEXT(2) 
PARAMETRIC_REPRESENTATION_CONTEXT() REPRESENTATION_CONTEXT('2D SPACE',''
  ) );
#11918 = ORIENTED_EDGE('',*,*,#11919,.F.);
#11919 = EDGE_CURVE('',#11920,#11897,#11922,.T.);
#11920 = VERTEX_POINT('',#11921);
#11921 = CARTESIAN_POINT('',(-77.5,55.152669211195,93.));
#11922 = SURFACE_CURVE('',#11923,(#11928,#11939),.PCURVE_S1.);
#11923 = CIRCLE('',#11924,5.2);
#11924 = AXIS2_PLACEMENT_3D('',#11925,#11926,#11927);
#11925 = CARTESIAN_POINT('',(-76.8,50.,93.));
#11926 = DIRECTION('',(0.,0.,-1.));
#11927 = DIRECTION('',(-0.134615384615,0.99089792523,0.));
#11928 = PCURVE('',#5908,#11929);
#11929 = DEFINITIONAL_REPRESENTATION('',(#11930),#11938);
#11930 = ( BOUNDED_CURVE() B_SPLINE_CURVE(2,(#11931,#11932,#11933,#11934
    ,#11935,#11936,#11937),.UNSPECIFIED.,.T.,.F.) 
B_SPLINE_CURVE_WITH_KNOTS((1,2,2,2,2,1),(-2.094395102393,0.,
    2.094395102393,4.188790204786,6.28318530718,8.377580409573),
.UNSPECIFIED.) CURVE() GEOMETRIC_REPRESENTATION_ITEM() 
RATIONAL_B_SPLINE_CURVE((1.,0.5,1.,0.5,1.,0.5,1.)) REPRESENTATION_ITEM(
  '') );
#11931 = CARTESIAN_POINT('',(5.,121.15266921119));
#11932 = CARTESIAN_POINT('',(13.924684868386,122.36510477649));
#11933 = CARTESIAN_POINT('',(10.512342434193,114.02988317705));
#11934 = CARTESIAN_POINT('',(7.1,105.6946615776));
#11935 = CARTESIAN_POINT('',(1.587657565807,112.81744761175));
#11936 = CARTESIAN_POINT('',(-3.924684868386,119.94023364589));
#11937 = CARTESIAN_POINT('',(5.,121.15266921119));
#11938 = ( GEOMETRIC_REPRESENTATION_CONTEXT(2) 
PARAMETRIC_REPRESENTATION_CONTEXT() REPRESENTATION_CONTEXT('2D SPACE',''
  ) );
#11939 = PCURVE('',#11105,#11940);
#11940 = DEFINITIONAL_REPRESENTATION('',(#11941),#11945);
#11941 = LINE('',#11942,#11943);
#11942 = CARTESIAN_POINT('',(-7.989006937857,0.));
#11943 = VECTOR('',#11944,1.);
#11944 = DIRECTION('',(1.,-0.));
#11945 = ( GEOMETRIC_REPRESENTATION_CONTEXT(2) 
PARAMETRIC_REPRESENTATION_CONTEXT() REPRESENTATION_CONTEXT('2D SPACE',''
  ) );
#11946 = ORIENTED_EDGE('',*,*,#11947,.T.);
#11947 = EDGE_CURVE('',#11920,#11948,#11950,.T.);
#11948 = VERTEX_POINT('',#11949);
#11949 = CARTESIAN_POINT('',(-77.5,66.,93.));
#11950 = SURFACE_CURVE('',#11951,(#11955,#11962),.PCURVE_S1.);
#11951 = LINE('',#11952,#11953);
#11952 = CARTESIAN_POINT('',(-77.5,-66.,93.));
#11953 = VECTOR('',#11954,1.);
#11954 = DIRECTION('',(0.,1.,0.));
#11955 = PCURVE('',#5908,#11956);
#11956 = DEFINITIONAL_REPRESENTATION('',(#11957),#11961);
#11957 = LINE('',#11958,#11959);
#11958 = CARTESIAN_POINT('',(5.,0.));
#11959 = VECTOR('',#11960,1.);
#11960 = DIRECTION('',(0.,1.));
#11961 = ( GEOMETRIC_REPRESENTATION_CONTEXT(2) 
PARAMETRIC_REPRESENTATION_CONTEXT() REPRESENTATION_CONTEXT('2D SPACE',''
  ) );
#11962 = PCURVE('',#11133,#11963);
#11963 = DEFINITIONAL_REPRESENTATION('',(#11964),#11968);
#11964 = LINE('',#11965,#11966);
#11965 = CARTESIAN_POINT('',(0.,0.));
#11966 = VECTOR('',#11967,1.);
#11967 = DIRECTION('',(0.,-1.));
#11968 = ( GEOMETRIC_REPRESENTATION_CONTEXT(2) 
PARAMETRIC_REPRESENTATION_CONTEXT() REPRESENTATION_CONTEXT('2D SPACE',''
  ) );
#11969 = ORIENTED_EDGE('',*,*,#11970,.F.);
#11970 = EDGE_CURVE('',#5873,#11948,#11971,.T.);
#11971 = SURFACE_CURVE('',#11972,(#11976,#11983),.PCURVE_S1.);
#11972 = LINE('',#11973,#11974);
#11973 = CARTESIAN_POINT('',(-82.5,66.,93.));
#11974 = VECTOR('',#11975,1.);
#11975 = DIRECTION('',(1.,0.,0.));
#11976 = PCURVE('',#5908,#11977);
#11977 = DEFINITIONAL_REPRESENTATION('',(#11978),#11982);
#11978 = LINE('',#11979,#11980);
#11979 = CARTESIAN_POINT('',(0.,132.));
#11980 = VECTOR('',#11981,1.);
#11981 = DIRECTION('',(1.,0.));
#11982 = ( GEOMETRIC_REPRESENTATION_CONTEXT(2) 
PARAMETRIC_REPRESENTATION_CONTEXT() REPRESENTATION_CONTEXT('2D SPACE',''
  ) );
#11983 = PCURVE('',#4721,#11984);
#11984 = DEFINITIONAL_REPRESENTATION('',(#11985),#11989);
#11985 = LINE('',#11986,#11987);
#11986 = CARTESIAN_POINT('',(0.,0.));
#11987 = VECTOR('',#11988,1.);
#11988 = DIRECTION('',(0.,1.));
#11989 = ( GEOMETRIC_REPRESENTATION_CONTEXT(2) 
PARAMETRIC_REPRESENTATION_CONTEXT() REPRESENTATION_CONTEXT('2D SPACE',''
  ) );
#11990 = ORIENTED_EDGE('',*,*,#5893,.F.);
#11991 = ORIENTED_EDGE('',*,*,#5952,.T.);
#11992 = ADVANCED_FACE('',(#11993),#4721,.T.);
#11993 = FACE_BOUND('',#11994,.T.);
#11994 = EDGE_LOOP('',(#11995,#11996,#11997,#11998,#12019,#12020));
#11995 = ORIENTED_EDGE('',*,*,#11315,.T.);
#11996 = ORIENTED_EDGE('',*,*,#4706,.F.);
#11997 = ORIENTED_EDGE('',*,*,#11145,.T.);
#11998 = ORIENTED_EDGE('',*,*,#11999,.F.);
#11999 = EDGE_CURVE('',#11948,#11118,#12000,.T.);
#12000 = SURFACE_CURVE('',#12001,(#12005,#12012),.PCURVE_S1.);
#12001 = LINE('',#12002,#12003);
#12002 = CARTESIAN_POINT('',(-77.5,66.,93.));
#12003 = VECTOR('',#12004,1.);
#12004 = DIRECTION('',(0.,0.,1.));
#12005 = PCURVE('',#4721,#12006);
#12006 = DEFINITIONAL_REPRESENTATION('',(#12007),#12011);
#12007 = LINE('',#12008,#12009);
#12008 = CARTESIAN_POINT('',(0.,5.));
#12009 = VECTOR('',#12010,1.);
#12010 = DIRECTION('',(1.,0.));
#12011 = ( GEOMETRIC_REPRESENTATION_CONTEXT(2) 
PARAMETRIC_REPRESENTATION_CONTEXT() REPRESENTATION_CONTEXT('2D SPACE',''
  ) );
#12012 = PCURVE('',#11133,#12013);
#12013 = DEFINITIONAL_REPRESENTATION('',(#12014),#12018);
#12014 = LINE('',#12015,#12016);
#12015 = CARTESIAN_POINT('',(0.,-132.));
#12016 = VECTOR('',#12017,1.);
#12017 = DIRECTION('',(1.,0.));
#12018 = ( GEOMETRIC_REPRESENTATION_CONTEXT(2) 
PARAMETRIC_REPRESENTATION_CONTEXT() REPRESENTATION_CONTEXT('2D SPACE',''
  ) );
#12019 = ORIENTED_EDGE('',*,*,#11970,.F.);
#12020 = ORIENTED_EDGE('',*,*,#5872,.F.);
#12021 = ADVANCED_FACE('',(#12022),#5833,.T.);
#12022 = FACE_BOUND('',#12023,.T.);
#12023 = EDGE_LOOP('',(#12024,#12025,#12051,#12052));
#12024 = ORIENTED_EDGE('',*,*,#5818,.T.);
#12025 = ORIENTED_EDGE('',*,*,#12026,.T.);
#12026 = EDGE_CURVE('',#5674,#11427,#12027,.T.);
#12027 = SURFACE_CURVE('',#12028,(#12033,#12044),.PCURVE_S1.);
#12028 = CIRCLE('',#12029,4.5);
#12029 = AXIS2_PLACEMENT_3D('',#12030,#12031,#12032);
#12030 = CARTESIAN_POINT('',(-63.,78.3,92.));
#12031 = DIRECTION('',(0.,-1.,0.));
#12032 = DIRECTION('',(0.,-0.,-1.));
#12033 = PCURVE('',#5833,#12034);
#12034 = DEFINITIONAL_REPRESENTATION('',(#12035),#12043);
#12035 = ( BOUNDED_CURVE() B_SPLINE_CURVE(2,(#12036,#12037,#12038,#12039
    ,#12040,#12041,#12042),.UNSPECIFIED.,.T.,.F.) 
B_SPLINE_CURVE_WITH_KNOTS((1,2,2,2,2,1),(-2.094395102393,0.,
    2.094395102393,4.188790204786,6.28318530718,8.377580409573),
.UNSPECIFIED.) CURVE() GEOMETRIC_REPRESENTATION_ITEM() 
RATIONAL_B_SPLINE_CURVE((1.,0.5,1.,0.5,1.,0.5,1.)) REPRESENTATION_ITEM(
  '') );
#12036 = CARTESIAN_POINT('',(69.55,-5.));
#12037 = CARTESIAN_POINT('',(69.55,2.79422863406));
#12038 = CARTESIAN_POINT('',(76.3,-1.10288568297));
#12039 = CARTESIAN_POINT('',(83.05,-5.));
#12040 = CARTESIAN_POINT('',(76.3,-8.89711431703));
#12041 = CARTESIAN_POINT('',(69.55,-12.79422863406));
#12042 = CARTESIAN_POINT('',(69.55,-5.));
#12043 = ( GEOMETRIC_REPRESENTATION_CONTEXT(2) 
PARAMETRIC_REPRESENTATION_CONTEXT() REPRESENTATION_CONTEXT('2D SPACE',''
  ) );
#12044 = PCURVE('',#5767,#12045);
#12045 = DEFINITIONAL_REPRESENTATION('',(#12046),#12050);
#12046 = LINE('',#12047,#12048);
#12047 = CARTESIAN_POINT('',(0.,1.));
#12048 = VECTOR('',#12049,1.);
#12049 = DIRECTION('',(1.,0.));
#12050 = ( GEOMETRIC_REPRESENTATION_CONTEXT(2) 
PARAMETRIC_REPRESENTATION_CONTEXT() REPRESENTATION_CONTEXT('2D SPACE',''
  ) );
#12051 = ORIENTED_EDGE('',*,*,#11426,.T.);
#12052 = ORIENTED_EDGE('',*,*,#11335,.F.);
#12053 = ADVANCED_FACE('',(#12054),#5767,.T.);
#12054 = FACE_BOUND('',#12055,.T.);
#12055 = EDGE_LOOP('',(#12056,#12081,#12108,#12109,#12131,#12132,#12133,
    #12134,#12160,#12161));
#12056 = ORIENTED_EDGE('',*,*,#12057,.T.);
#12057 = EDGE_CURVE('',#12058,#12060,#12062,.T.);
#12058 = VERTEX_POINT('',#12059);
#12059 = CARTESIAN_POINT('',(-63.,79.3,87.5));
#12060 = VERTEX_POINT('',#12061);
#12061 = CARTESIAN_POINT('',(-63.,70.3,87.5));
#12062 = SEAM_CURVE('',#12063,(#12067,#12074),.PCURVE_S1.);
#12063 = LINE('',#12064,#12065);
#12064 = CARTESIAN_POINT('',(-63.,79.3,87.5));
#12065 = VECTOR('',#12066,1.);
#12066 = DIRECTION('',(0.,-1.,0.));
#12067 = PCURVE('',#5767,#12068);
#12068 = DEFINITIONAL_REPRESENTATION('',(#12069),#12073);
#12069 = LINE('',#12070,#12071);
#12070 = CARTESIAN_POINT('',(6.28318530718,-0.));
#12071 = VECTOR('',#12072,1.);
#12072 = DIRECTION('',(0.,1.));
#12073 = ( GEOMETRIC_REPRESENTATION_CONTEXT(2) 
PARAMETRIC_REPRESENTATION_CONTEXT() REPRESENTATION_CONTEXT('2D SPACE',''
  ) );
#12074 = PCURVE('',#5767,#12075);
#12075 = DEFINITIONAL_REPRESENTATION('',(#12076),#12080);
#12076 = LINE('',#12077,#12078);
#12077 = CARTESIAN_POINT('',(0.,-0.));
#12078 = VECTOR('',#12079,1.);
#12079 = DIRECTION('',(0.,1.));
#12080 = ( GEOMETRIC_REPRESENTATION_CONTEXT(2) 
PARAMETRIC_REPRESENTATION_CONTEXT() REPRESENTATION_CONTEXT('2D SPACE',''
  ) );
#12081 = ORIENTED_EDGE('',*,*,#12082,.F.);
#12082 = EDGE_CURVE('',#12060,#12060,#12083,.T.);
#12083 = SURFACE_CURVE('',#12084,(#12089,#12096),.PCURVE_S1.);
#12084 = CIRCLE('',#12085,4.5);
#12085 = AXIS2_PLACEMENT_3D('',#12086,#12087,#12088);
#12086 = CARTESIAN_POINT('',(-63.,70.3,92.));
#12087 = DIRECTION('',(0.,-1.,0.));
#12088 = DIRECTION('',(0.,-0.,-1.));
#12089 = PCURVE('',#5767,#12090);
#12090 = DEFINITIONAL_REPRESENTATION('',(#12091),#12095);
#12091 = LINE('',#12092,#12093);
#12092 = CARTESIAN_POINT('',(0.,9.));
#12093 = VECTOR('',#12094,1.);
#12094 = DIRECTION('',(1.,0.));
#12095 = ( GEOMETRIC_REPRESENTATION_CONTEXT(2) 
PARAMETRIC_REPRESENTATION_CONTEXT() REPRESENTATION_CONTEXT('2D SPACE',''
  ) );
#12096 = PCURVE('',#12097,#12102);
#12097 = PLANE('',#12098);
#12098 = AXIS2_PLACEMENT_3D('',#12099,#12100,#12101);
#12099 = CARTESIAN_POINT('',(-63.,70.3,92.));
#12100 = DIRECTION('',(0.,-1.,0.));
#12101 = DIRECTION('',(0.,-0.,-1.));
#12102 = DEFINITIONAL_REPRESENTATION('',(#12103),#12107);
#12103 = CIRCLE('',#12104,4.5);
#12104 = AXIS2_PLACEMENT_2D('',#12105,#12106);
#12105 = CARTESIAN_POINT('',(0.,0.));
#12106 = DIRECTION('',(1.,0.));
#12107 = ( GEOMETRIC_REPRESENTATION_CONTEXT(2) 
PARAMETRIC_REPRESENTATION_CONTEXT() REPRESENTATION_CONTEXT('2D SPACE',''
  ) );
#12108 = ORIENTED_EDGE('',*,*,#12057,.F.);
#12109 = ORIENTED_EDGE('',*,*,#12110,.T.);
#12110 = EDGE_CURVE('',#12058,#11450,#12111,.T.);
#12111 = SURFACE_CURVE('',#12112,(#12117,#12124),.PCURVE_S1.);
#12112 = CIRCLE('',#12113,4.5);
#12113 = AXIS2_PLACEMENT_3D('',#12114,#12115,#12116);
#12114 = CARTESIAN_POINT('',(-63.,79.3,92.));
#12115 = DIRECTION('',(0.,-1.,0.));
#12116 = DIRECTION('',(0.,-0.,-1.));
#12117 = PCURVE('',#5767,#12118);
#12118 = DEFINITIONAL_REPRESENTATION('',(#12119),#12123);
#12119 = LINE('',#12120,#12121);
#12120 = CARTESIAN_POINT('',(0.,0.));
#12121 = VECTOR('',#12122,1.);
#12122 = DIRECTION('',(1.,0.));
#12123 = ( GEOMETRIC_REPRESENTATION_CONTEXT(2) 
PARAMETRIC_REPRESENTATION_CONTEXT() REPRESENTATION_CONTEXT('2D SPACE',''
  ) );
#12124 = PCURVE('',#11485,#12125);
#12125 = DEFINITIONAL_REPRESENTATION('',(#12126),#12130);
#12126 = CIRCLE('',#12127,4.5);
#12127 = AXIS2_PLACEMENT_2D('',#12128,#12129);
#12128 = CARTESIAN_POINT('',(0.,0.));
#12129 = DIRECTION('',(1.,0.));
#12130 = ( GEOMETRIC_REPRESENTATION_CONTEXT(2) 
PARAMETRIC_REPRESENTATION_CONTEXT() REPRESENTATION_CONTEXT('2D SPACE',''
  ) );
#12131 = ORIENTED_EDGE('',*,*,#11449,.T.);
#12132 = ORIENTED_EDGE('',*,*,#12026,.F.);
#12133 = ORIENTED_EDGE('',*,*,#5673,.T.);
#12134 = ORIENTED_EDGE('',*,*,#12135,.F.);
#12135 = EDGE_CURVE('',#11497,#5648,#12136,.T.);
#12136 = SURFACE_CURVE('',#12137,(#12142,#12149),.PCURVE_S1.);
#12137 = CIRCLE('',#12138,4.5);
#12138 = AXIS2_PLACEMENT_3D('',#12139,#12140,#12141);
#12139 = CARTESIAN_POINT('',(-63.,78.3,92.));
#12140 = DIRECTION('',(0.,-1.,0.));
#12141 = DIRECTION('',(0.,-0.,-1.));
#12142 = PCURVE('',#5767,#12143);
#12143 = DEFINITIONAL_REPRESENTATION('',(#12144),#12148);
#12144 = LINE('',#12145,#12146);
#12145 = CARTESIAN_POINT('',(0.,1.));
#12146 = VECTOR('',#12147,1.);
#12147 = DIRECTION('',(1.,0.));
#12148 = ( GEOMETRIC_REPRESENTATION_CONTEXT(2) 
PARAMETRIC_REPRESENTATION_CONTEXT() REPRESENTATION_CONTEXT('2D SPACE',''
  ) );
#12149 = PCURVE('',#5662,#12150);
#12150 = DEFINITIONAL_REPRESENTATION('',(#12151),#12159);
#12151 = ( BOUNDED_CURVE() B_SPLINE_CURVE(2,(#12152,#12153,#12154,#12155
    ,#12156,#12157,#12158),.UNSPECIFIED.,.T.,.F.) 
B_SPLINE_CURVE_WITH_KNOTS((1,2,2,2,2,1),(-2.094395102393,0.,
    2.094395102393,4.188790204786,6.28318530718,8.377580409573),
.UNSPECIFIED.) CURVE() GEOMETRIC_REPRESENTATION_ITEM() 
RATIONAL_B_SPLINE_CURVE((1.,0.5,1.,0.5,1.,0.5,1.)) REPRESENTATION_ITEM(
  '') );
#12152 = CARTESIAN_POINT('',(69.55,-5.));
#12153 = CARTESIAN_POINT('',(69.55,2.79422863406));
#12154 = CARTESIAN_POINT('',(76.3,-1.10288568297));
#12155 = CARTESIAN_POINT('',(83.05,-5.));
#12156 = CARTESIAN_POINT('',(76.3,-8.89711431703));
#12157 = CARTESIAN_POINT('',(69.55,-12.79422863406));
#12158 = CARTESIAN_POINT('',(69.55,-5.));
#12159 = ( GEOMETRIC_REPRESENTATION_CONTEXT(2) 
PARAMETRIC_REPRESENTATION_CONTEXT() REPRESENTATION_CONTEXT('2D SPACE',''
  ) );
#12160 = ORIENTED_EDGE('',*,*,#11496,.F.);
#12161 = ORIENTED_EDGE('',*,*,#12162,.T.);
#12162 = EDGE_CURVE('',#11471,#12058,#12163,.T.);
#12163 = SURFACE_CURVE('',#12164,(#12169,#12176),.PCURVE_S1.);
#12164 = CIRCLE('',#12165,4.5);
#12165 = AXIS2_PLACEMENT_3D('',#12166,#12167,#12168);
#12166 = CARTESIAN_POINT('',(-63.,79.3,92.));
#12167 = DIRECTION('',(0.,-1.,0.));
#12168 = DIRECTION('',(0.,-0.,-1.));
#12169 = PCURVE('',#5767,#12170);
#12170 = DEFINITIONAL_REPRESENTATION('',(#12171),#12175);
#12171 = LINE('',#12172,#12173);
#12172 = CARTESIAN_POINT('',(0.,0.));
#12173 = VECTOR('',#12174,1.);
#12174 = DIRECTION('',(1.,0.));
#12175 = ( GEOMETRIC_REPRESENTATION_CONTEXT(2) 
PARAMETRIC_REPRESENTATION_CONTEXT() REPRESENTATION_CONTEXT('2D SPACE',''
  ) );
#12176 = PCURVE('',#11485,#12177);
#12177 = DEFINITIONAL_REPRESENTATION('',(#12178),#12182);
#12178 = CIRCLE('',#12179,4.5);
#12179 = AXIS2_PLACEMENT_2D('',#12180,#12181);
#12180 = CARTESIAN_POINT('',(0.,0.));
#12181 = DIRECTION('',(1.,0.));
#12182 = ( GEOMETRIC_REPRESENTATION_CONTEXT(2) 
PARAMETRIC_REPRESENTATION_CONTEXT() REPRESENTATION_CONTEXT('2D SPACE',''
  ) );
#12183 = ADVANCED_FACE('',(#12184),#5662,.T.);
#12184 = FACE_BOUND('',#12185,.T.);
#12185 = EDGE_LOOP('',(#12186,#12187,#12213,#12214));
#12186 = ORIENTED_EDGE('',*,*,#5647,.T.);
#12187 = ORIENTED_EDGE('',*,*,#12188,.T.);
#12188 = EDGE_CURVE('',#5503,#11518,#12189,.T.);
#12189 = SURFACE_CURVE('',#12190,(#12195,#12206),.PCURVE_S1.);
#12190 = CIRCLE('',#12191,4.5);
#12191 = AXIS2_PLACEMENT_3D('',#12192,#12193,#12194);
#12192 = CARTESIAN_POINT('',(-63.,78.3,31.));
#12193 = DIRECTION('',(0.,-1.,0.));
#12194 = DIRECTION('',(0.,-0.,-1.));
#12195 = PCURVE('',#5662,#12196);
#12196 = DEFINITIONAL_REPRESENTATION('',(#12197),#12205);
#12197 = ( BOUNDED_CURVE() B_SPLINE_CURVE(2,(#12198,#12199,#12200,#12201
    ,#12202,#12203,#12204),.UNSPECIFIED.,.T.,.F.) 
B_SPLINE_CURVE_WITH_KNOTS((1,2,2,2,2,1),(-2.094395102393,0.,
    2.094395102393,4.188790204786,6.28318530718,8.377580409573),
.UNSPECIFIED.) CURVE() GEOMETRIC_REPRESENTATION_ITEM() 
RATIONAL_B_SPLINE_CURVE((1.,0.5,1.,0.5,1.,0.5,1.)) REPRESENTATION_ITEM(
  '') );
#12198 = CARTESIAN_POINT('',(8.55,-5.));
#12199 = CARTESIAN_POINT('',(8.55,2.79422863406));
#12200 = CARTESIAN_POINT('',(15.3,-1.10288568297));
#12201 = CARTESIAN_POINT('',(22.05,-5.));
#12202 = CARTESIAN_POINT('',(15.3,-8.89711431703));
#12203 = CARTESIAN_POINT('',(8.55,-12.79422863406));
#12204 = CARTESIAN_POINT('',(8.55,-5.));
#12205 = ( GEOMETRIC_REPRESENTATION_CONTEXT(2) 
PARAMETRIC_REPRESENTATION_CONTEXT() REPRESENTATION_CONTEXT('2D SPACE',''
  ) );
#12206 = PCURVE('',#5596,#12207);
#12207 = DEFINITIONAL_REPRESENTATION('',(#12208),#12212);
#12208 = LINE('',#12209,#12210);
#12209 = CARTESIAN_POINT('',(0.,1.));
#12210 = VECTOR('',#12211,1.);
#12211 = DIRECTION('',(1.,0.));
#12212 = ( GEOMETRIC_REPRESENTATION_CONTEXT(2) 
PARAMETRIC_REPRESENTATION_CONTEXT() REPRESENTATION_CONTEXT('2D SPACE',''
  ) );
#12213 = ORIENTED_EDGE('',*,*,#11517,.T.);
#12214 = ORIENTED_EDGE('',*,*,#12135,.T.);
#12215 = ADVANCED_FACE('',(#12216),#5596,.T.);
#12216 = FACE_BOUND('',#12217,.T.);
#12217 = EDGE_LOOP('',(#12218,#12243,#12270,#12271,#12293,#12294,#12295,
    #12296,#12322,#12323));
#12218 = ORIENTED_EDGE('',*,*,#12219,.T.);
#12219 = EDGE_CURVE('',#12220,#12222,#12224,.T.);
#12220 = VERTEX_POINT('',#12221);
#12221 = CARTESIAN_POINT('',(-63.,79.3,26.5));
#12222 = VERTEX_POINT('',#12223);
#12223 = CARTESIAN_POINT('',(-63.,70.3,26.5));
#12224 = SEAM_CURVE('',#12225,(#12229,#12236),.PCURVE_S1.);
#12225 = LINE('',#12226,#12227);
#12226 = CARTESIAN_POINT('',(-63.,79.3,26.5));
#12227 = VECTOR('',#12228,1.);
#12228 = DIRECTION('',(0.,-1.,0.));
#12229 = PCURVE('',#5596,#12230);
#12230 = DEFINITIONAL_REPRESENTATION('',(#12231),#12235);
#12231 = LINE('',#12232,#12233);
#12232 = CARTESIAN_POINT('',(6.28318530718,-0.));
#12233 = VECTOR('',#12234,1.);
#12234 = DIRECTION('',(0.,1.));
#12235 = ( GEOMETRIC_REPRESENTATION_CONTEXT(2) 
PARAMETRIC_REPRESENTATION_CONTEXT() REPRESENTATION_CONTEXT('2D SPACE',''
  ) );
#12236 = PCURVE('',#5596,#12237);
#12237 = DEFINITIONAL_REPRESENTATION('',(#12238),#12242);
#12238 = LINE('',#12239,#12240);
#12239 = CARTESIAN_POINT('',(0.,-0.));
#12240 = VECTOR('',#12241,1.);
#12241 = DIRECTION('',(0.,1.));
#12242 = ( GEOMETRIC_REPRESENTATION_CONTEXT(2) 
PARAMETRIC_REPRESENTATION_CONTEXT() REPRESENTATION_CONTEXT('2D SPACE',''
  ) );
#12243 = ORIENTED_EDGE('',*,*,#12244,.F.);
#12244 = EDGE_CURVE('',#12222,#12222,#12245,.T.);
#12245 = SURFACE_CURVE('',#12246,(#12251,#12258),.PCURVE_S1.);
#12246 = CIRCLE('',#12247,4.5);
#12247 = AXIS2_PLACEMENT_3D('',#12248,#12249,#12250);
#12248 = CARTESIAN_POINT('',(-63.,70.3,31.));
#12249 = DIRECTION('',(0.,-1.,0.));
#12250 = DIRECTION('',(0.,-0.,-1.));
#12251 = PCURVE('',#5596,#12252);
#12252 = DEFINITIONAL_REPRESENTATION('',(#12253),#12257);
#12253 = LINE('',#12254,#12255);
#12254 = CARTESIAN_POINT('',(0.,9.));
#12255 = VECTOR('',#12256,1.);
#12256 = DIRECTION('',(1.,0.));
#12257 = ( GEOMETRIC_REPRESENTATION_CONTEXT(2) 
PARAMETRIC_REPRESENTATION_CONTEXT() REPRESENTATION_CONTEXT('2D SPACE',''
  ) );
#12258 = PCURVE('',#12259,#12264);
#12259 = PLANE('',#12260);
#12260 = AXIS2_PLACEMENT_3D('',#12261,#12262,#12263);
#12261 = CARTESIAN_POINT('',(-63.,70.3,31.));
#12262 = DIRECTION('',(0.,-1.,0.));
#12263 = DIRECTION('',(0.,-0.,-1.));
#12264 = DEFINITIONAL_REPRESENTATION('',(#12265),#12269);
#12265 = CIRCLE('',#12266,4.5);
#12266 = AXIS2_PLACEMENT_2D('',#12267,#12268);
#12267 = CARTESIAN_POINT('',(0.,0.));
#12268 = DIRECTION('',(1.,0.));
#12269 = ( GEOMETRIC_REPRESENTATION_CONTEXT(2) 
PARAMETRIC_REPRESENTATION_CONTEXT() REPRESENTATION_CONTEXT('2D SPACE',''
  ) );
#12270 = ORIENTED_EDGE('',*,*,#12219,.F.);
#12271 = ORIENTED_EDGE('',*,*,#12272,.T.);
#12272 = EDGE_CURVE('',#12220,#11541,#12273,.T.);
#12273 = SURFACE_CURVE('',#12274,(#12279,#12286),.PCURVE_S1.);
#12274 = CIRCLE('',#12275,4.5);
#12275 = AXIS2_PLACEMENT_3D('',#12276,#12277,#12278);
#12276 = CARTESIAN_POINT('',(-63.,79.3,31.));
#12277 = DIRECTION('',(0.,-1.,0.));
#12278 = DIRECTION('',(0.,-0.,-1.));
#12279 = PCURVE('',#5596,#12280);
#12280 = DEFINITIONAL_REPRESENTATION('',(#12281),#12285);
#12281 = LINE('',#12282,#12283);
#12282 = CARTESIAN_POINT('',(0.,0.));
#12283 = VECTOR('',#12284,1.);
#12284 = DIRECTION('',(1.,0.));
#12285 = ( GEOMETRIC_REPRESENTATION_CONTEXT(2) 
PARAMETRIC_REPRESENTATION_CONTEXT() REPRESENTATION_CONTEXT('2D SPACE',''
  ) );
#12286 = PCURVE('',#11576,#12287);
#12287 = DEFINITIONAL_REPRESENTATION('',(#12288),#12292);
#12288 = CIRCLE('',#12289,4.5);
#12289 = AXIS2_PLACEMENT_2D('',#12290,#12291);
#12290 = CARTESIAN_POINT('',(0.,0.));
#12291 = DIRECTION('',(1.,0.));
#12292 = ( GEOMETRIC_REPRESENTATION_CONTEXT(2) 
PARAMETRIC_REPRESENTATION_CONTEXT() REPRESENTATION_CONTEXT('2D SPACE',''
  ) );
#12293 = ORIENTED_EDGE('',*,*,#11540,.T.);
#12294 = ORIENTED_EDGE('',*,*,#12188,.F.);
#12295 = ORIENTED_EDGE('',*,*,#5502,.T.);
#12296 = ORIENTED_EDGE('',*,*,#12297,.F.);
#12297 = EDGE_CURVE('',#11381,#5477,#12298,.T.);
#12298 = SURFACE_CURVE('',#12299,(#12304,#12311),.PCURVE_S1.);
#12299 = CIRCLE('',#12300,4.5);
#12300 = AXIS2_PLACEMENT_3D('',#12301,#12302,#12303);
#12301 = CARTESIAN_POINT('',(-63.,78.3,31.));
#12302 = DIRECTION('',(0.,-1.,0.));
#12303 = DIRECTION('',(0.,-0.,-1.));
#12304 = PCURVE('',#5596,#12305);
#12305 = DEFINITIONAL_REPRESENTATION('',(#12306),#12310);
#12306 = LINE('',#12307,#12308);
#12307 = CARTESIAN_POINT('',(0.,1.));
#12308 = VECTOR('',#12309,1.);
#12309 = DIRECTION('',(1.,0.));
#12310 = ( GEOMETRIC_REPRESENTATION_CONTEXT(2) 
PARAMETRIC_REPRESENTATION_CONTEXT() REPRESENTATION_CONTEXT('2D SPACE',''
  ) );
#12311 = PCURVE('',#5491,#12312);
#12312 = DEFINITIONAL_REPRESENTATION('',(#12313),#12321);
#12313 = ( BOUNDED_CURVE() B_SPLINE_CURVE(2,(#12314,#12315,#12316,#12317
    ,#12318,#12319,#12320),.UNSPECIFIED.,.T.,.F.) 
B_SPLINE_CURVE_WITH_KNOTS((1,2,2,2,2,1),(-2.094395102393,0.,
    2.094395102393,4.188790204786,6.28318530718,8.377580409573),
.UNSPECIFIED.) CURVE() GEOMETRIC_REPRESENTATION_ITEM() 
RATIONAL_B_SPLINE_CURVE((1.,0.5,1.,0.5,1.,0.5,1.)) REPRESENTATION_ITEM(
  '') );
#12314 = CARTESIAN_POINT('',(8.55,-5.));
#12315 = CARTESIAN_POINT('',(8.55,2.79422863406));
#12316 = CARTESIAN_POINT('',(15.3,-1.10288568297));
#12317 = CARTESIAN_POINT('',(22.05,-5.));
#12318 = CARTESIAN_POINT('',(15.3,-8.89711431703));
#12319 = CARTESIAN_POINT('',(8.55,-12.79422863406));
#12320 = CARTESIAN_POINT('',(8.55,-5.));
#12321 = ( GEOMETRIC_REPRESENTATION_CONTEXT(2) 
PARAMETRIC_REPRESENTATION_CONTEXT() REPRESENTATION_CONTEXT('2D SPACE',''
  ) );
#12322 = ORIENTED_EDGE('',*,*,#11587,.F.);
#12323 = ORIENTED_EDGE('',*,*,#12324,.T.);
#12324 = EDGE_CURVE('',#11562,#12220,#12325,.T.);
#12325 = SURFACE_CURVE('',#12326,(#12331,#12338),.PCURVE_S1.);
#12326 = CIRCLE('',#12327,4.5);
#12327 = AXIS2_PLACEMENT_3D('',#12328,#12329,#12330);
#12328 = CARTESIAN_POINT('',(-63.,79.3,31.));
#12329 = DIRECTION('',(0.,-1.,0.));
#12330 = DIRECTION('',(0.,-0.,-1.));
#12331 = PCURVE('',#5596,#12332);
#12332 = DEFINITIONAL_REPRESENTATION('',(#12333),#12337);
#12333 = LINE('',#12334,#12335);
#12334 = CARTESIAN_POINT('',(0.,0.));
#12335 = VECTOR('',#12336,1.);
#12336 = DIRECTION('',(1.,0.));
#12337 = ( GEOMETRIC_REPRESENTATION_CONTEXT(2) 
PARAMETRIC_REPRESENTATION_CONTEXT() REPRESENTATION_CONTEXT('2D SPACE',''
  ) );
#12338 = PCURVE('',#11576,#12339);
#12339 = DEFINITIONAL_REPRESENTATION('',(#12340),#12344);
#12340 = CIRCLE('',#12341,4.5);
#12341 = AXIS2_PLACEMENT_2D('',#12342,#12343);
#12342 = CARTESIAN_POINT('',(0.,0.));
#12343 = DIRECTION('',(1.,0.));
#12344 = ( GEOMETRIC_REPRESENTATION_CONTEXT(2) 
PARAMETRIC_REPRESENTATION_CONTEXT() REPRESENTATION_CONTEXT('2D SPACE',''
  ) );
#12345 = ADVANCED_FACE('',(#12346),#5491,.T.);
#12346 = FACE_BOUND('',#12347,.T.);
#12347 = EDGE_LOOP('',(#12348,#12349,#12350,#12351));
#12348 = ORIENTED_EDGE('',*,*,#11609,.T.);
#12349 = ORIENTED_EDGE('',*,*,#11378,.T.);
#12350 = ORIENTED_EDGE('',*,*,#12297,.T.);
#12351 = ORIENTED_EDGE('',*,*,#5476,.T.);
#12352 = ADVANCED_FACE('',(#12353),#5382,.T.);
#12353 = FACE_BOUND('',#12354,.T.);
#12354 = EDGE_LOOP('',(#12355,#12376,#12377,#12378));
#12355 = ORIENTED_EDGE('',*,*,#12356,.F.);
#12356 = EDGE_CURVE('',#11692,#5335,#12357,.T.);
#12357 = SURFACE_CURVE('',#12358,(#12362,#12369),.PCURVE_S1.);
#12358 = LINE('',#12359,#12360);
#12359 = CARTESIAN_POINT('',(-67.,69.,22.));
#12360 = VECTOR('',#12361,1.);
#12361 = DIRECTION('',(0.,1.,0.));
#12362 = PCURVE('',#5382,#12363);
#12363 = DEFINITIONAL_REPRESENTATION('',(#12364),#12368);
#12364 = LINE('',#12365,#12366);
#12365 = CARTESIAN_POINT('',(8.,0.));
#12366 = VECTOR('',#12367,1.);
#12367 = DIRECTION('',(0.,-1.));
#12368 = ( GEOMETRIC_REPRESENTATION_CONTEXT(2) 
PARAMETRIC_REPRESENTATION_CONTEXT() REPRESENTATION_CONTEXT('2D SPACE',''
  ) );
#12369 = PCURVE('',#5351,#12370);
#12370 = DEFINITIONAL_REPRESENTATION('',(#12371),#12375);
#12371 = LINE('',#12372,#12373);
#12372 = CARTESIAN_POINT('',(5.,0.));
#12373 = VECTOR('',#12374,1.);
#12374 = DIRECTION('',(0.,1.));
#12375 = ( GEOMETRIC_REPRESENTATION_CONTEXT(2) 
PARAMETRIC_REPRESENTATION_CONTEXT() REPRESENTATION_CONTEXT('2D SPACE',''
  ) );
#12376 = ORIENTED_EDGE('',*,*,#11691,.F.);
#12377 = ORIENTED_EDGE('',*,*,#11736,.F.);
#12378 = ORIENTED_EDGE('',*,*,#5367,.F.);
#12379 = ADVANCED_FACE('',(#12380),#5351,.T.);
#12380 = FACE_BOUND('',#12381,.T.);
#12381 = EDGE_LOOP('',(#12382,#12383,#12384));
#12382 = ORIENTED_EDGE('',*,*,#5334,.F.);
#12383 = ORIENTED_EDGE('',*,*,#11712,.F.);
#12384 = ORIENTED_EDGE('',*,*,#12356,.T.);
#12385 = ADVANCED_FACE('',(#12386,#12522),#5992,.F.);
#12386 = FACE_BOUND('',#12387,.F.);
#12387 = EDGE_LOOP('',(#12388,#12411,#12412,#12435,#12463,#12496));
#12388 = ORIENTED_EDGE('',*,*,#12389,.F.);
#12389 = EDGE_CURVE('',#5976,#12390,#12392,.T.);
#12390 = VERTEX_POINT('',#12391);
#12391 = CARTESIAN_POINT('',(-70.,25.,23.));
#12392 = SURFACE_CURVE('',#12393,(#12397,#12404),.PCURVE_S1.);
#12393 = LINE('',#12394,#12395);
#12394 = CARTESIAN_POINT('',(-80.,25.,23.));
#12395 = VECTOR('',#12396,1.);
#12396 = DIRECTION('',(1.,0.,0.));
#12397 = PCURVE('',#5992,#12398);
#12398 = DEFINITIONAL_REPRESENTATION('',(#12399),#12403);
#12399 = LINE('',#12400,#12401);
#12400 = CARTESIAN_POINT('',(0.,10.));
#12401 = VECTOR('',#12402,1.);
#12402 = DIRECTION('',(1.,0.));
#12403 = ( GEOMETRIC_REPRESENTATION_CONTEXT(2) 
PARAMETRIC_REPRESENTATION_CONTEXT() REPRESENTATION_CONTEXT('2D SPACE',''
  ) );
#12404 = PCURVE('',#6070,#12405);
#12405 = DEFINITIONAL_REPRESENTATION('',(#12406),#12410);
#12406 = LINE('',#12407,#12408);
#12407 = CARTESIAN_POINT('',(0.,0.));
#12408 = VECTOR('',#12409,1.);
#12409 = DIRECTION('',(0.,1.));
#12410 = ( GEOMETRIC_REPRESENTATION_CONTEXT(2) 
PARAMETRIC_REPRESENTATION_CONTEXT() REPRESENTATION_CONTEXT('2D SPACE',''
  ) );
#12411 = ORIENTED_EDGE('',*,*,#5975,.T.);
#12412 = ORIENTED_EDGE('',*,*,#12413,.T.);
#12413 = EDGE_CURVE('',#5978,#12414,#12416,.T.);
#12414 = VERTEX_POINT('',#12415);
#12415 = CARTESIAN_POINT('',(-70.,15.,23.));
#12416 = SURFACE_CURVE('',#12417,(#12421,#12428),.PCURVE_S1.);
#12417 = LINE('',#12418,#12419);
#12418 = CARTESIAN_POINT('',(-80.,15.,23.));
#12419 = VECTOR('',#12420,1.);
#12420 = DIRECTION('',(1.,0.,0.));
#12421 = PCURVE('',#5992,#12422);
#12422 = DEFINITIONAL_REPRESENTATION('',(#12423),#12427);
#12423 = LINE('',#12424,#12425);
#12424 = CARTESIAN_POINT('',(0.,0.));
#12425 = VECTOR('',#12426,1.);
#12426 = DIRECTION('',(1.,0.));
#12427 = ( GEOMETRIC_REPRESENTATION_CONTEXT(2) 
PARAMETRIC_REPRESENTATION_CONTEXT() REPRESENTATION_CONTEXT('2D SPACE',''
  ) );
#12428 = PCURVE('',#6019,#12429);
#12429 = DEFINITIONAL_REPRESENTATION('',(#12430),#12434);
#12430 = LINE('',#12431,#12432);
#12431 = CARTESIAN_POINT('',(0.,0.));
#12432 = VECTOR('',#12433,1.);
#12433 = DIRECTION('',(0.,1.));
#12434 = ( GEOMETRIC_REPRESENTATION_CONTEXT(2) 
PARAMETRIC_REPRESENTATION_CONTEXT() REPRESENTATION_CONTEXT('2D SPACE',''
  ) );
#12435 = ORIENTED_EDGE('',*,*,#12436,.T.);
#12436 = EDGE_CURVE('',#12414,#12437,#12439,.T.);
#12437 = VERTEX_POINT('',#12438);
#12438 = CARTESIAN_POINT('',(-70.,15.5,23.));
#12439 = SURFACE_CURVE('',#12440,(#12444,#12451),.PCURVE_S1.);
#12440 = LINE('',#12441,#12442);
#12441 = CARTESIAN_POINT('',(-70.,15.,23.));
#12442 = VECTOR('',#12443,1.);
#12443 = DIRECTION('',(0.,1.,0.));
#12444 = PCURVE('',#5992,#12445);
#12445 = DEFINITIONAL_REPRESENTATION('',(#12446),#12450);
#12446 = LINE('',#12447,#12448);
#12447 = CARTESIAN_POINT('',(10.,0.));
#12448 = VECTOR('',#12449,1.);
#12449 = DIRECTION('',(0.,1.));
#12450 = ( GEOMETRIC_REPRESENTATION_CONTEXT(2) 
PARAMETRIC_REPRESENTATION_CONTEXT() REPRESENTATION_CONTEXT('2D SPACE',''
  ) );
#12451 = PCURVE('',#12452,#12457);
#12452 = PLANE('',#12453);
#12453 = AXIS2_PLACEMENT_3D('',#12454,#12455,#12456);
#12454 = CARTESIAN_POINT('',(-70.,15.,23.));
#12455 = DIRECTION('',(1.,0.,0.));
#12456 = DIRECTION('',(0.,0.,1.));
#12457 = DEFINITIONAL_REPRESENTATION('',(#12458),#12462);
#12458 = LINE('',#12459,#12460);
#12459 = CARTESIAN_POINT('',(0.,0.));
#12460 = VECTOR('',#12461,1.);
#12461 = DIRECTION('',(0.,-1.));
#12462 = ( GEOMETRIC_REPRESENTATION_CONTEXT(2) 
PARAMETRIC_REPRESENTATION_CONTEXT() REPRESENTATION_CONTEXT('2D SPACE',''
  ) );
#12463 = ORIENTED_EDGE('',*,*,#12464,.F.);
#12464 = EDGE_CURVE('',#12465,#12437,#12467,.T.);
#12465 = VERTEX_POINT('',#12466);
#12466 = CARTESIAN_POINT('',(-70.,24.5,23.));
#12467 = SURFACE_CURVE('',#12468,(#12473,#12484),.PCURVE_S1.);
#12468 = CIRCLE('',#12469,4.5);
#12469 = AXIS2_PLACEMENT_3D('',#12470,#12471,#12472);
#12470 = CARTESIAN_POINT('',(-70.,20.,23.));
#12471 = DIRECTION('',(0.,0.,-1.));
#12472 = DIRECTION('',(-1.578983857245E-14,1.,0.));
#12473 = PCURVE('',#5992,#12474);
#12474 = DEFINITIONAL_REPRESENTATION('',(#12475),#12483);
#12475 = ( BOUNDED_CURVE() B_SPLINE_CURVE(2,(#12476,#12477,#12478,#12479
    ,#12480,#12481,#12482),.UNSPECIFIED.,.T.,.F.) 
B_SPLINE_CURVE_WITH_KNOTS((1,2,2,2,2,1),(-2.094395102393,0.,
    2.094395102393,4.188790204786,6.28318530718,8.377580409573),
.UNSPECIFIED.) CURVE() GEOMETRIC_REPRESENTATION_ITEM() 
RATIONAL_B_SPLINE_CURVE((1.,0.5,1.,0.5,1.,0.5,1.)) REPRESENTATION_ITEM(
  '') );
#12476 = CARTESIAN_POINT('',(10.,9.5));
#12477 = CARTESIAN_POINT('',(17.79422863406,9.5));
#12478 = CARTESIAN_POINT('',(13.89711431703,2.75));
#12479 = CARTESIAN_POINT('',(10.,-4.));
#12480 = CARTESIAN_POINT('',(6.10288568297,2.75));
#12481 = CARTESIAN_POINT('',(2.20577136594,9.5));
#12482 = CARTESIAN_POINT('',(10.,9.5));
#12483 = ( GEOMETRIC_REPRESENTATION_CONTEXT(2) 
PARAMETRIC_REPRESENTATION_CONTEXT() REPRESENTATION_CONTEXT('2D SPACE',''
  ) );
#12484 = PCURVE('',#12485,#12490);
#12485 = CYLINDRICAL_SURFACE('',#12486,4.5);
#12486 = AXIS2_PLACEMENT_3D('',#12487,#12488,#12489);
#12487 = CARTESIAN_POINT('',(-70.,20.,23.));
#12488 = DIRECTION('',(-0.,-0.,-1.));
#12489 = DIRECTION('',(1.,0.,0.));
#12490 = DEFINITIONAL_REPRESENTATION('',(#12491),#12495);
#12491 = LINE('',#12492,#12493);
#12492 = CARTESIAN_POINT('',(-7.853981633974,0.));
#12493 = VECTOR('',#12494,1.);
#12494 = DIRECTION('',(1.,-0.));
#12495 = ( GEOMETRIC_REPRESENTATION_CONTEXT(2) 
PARAMETRIC_REPRESENTATION_CONTEXT() REPRESENTATION_CONTEXT('2D SPACE',''
  ) );
#12496 = ORIENTED_EDGE('',*,*,#12497,.T.);
#12497 = EDGE_CURVE('',#12465,#12390,#12498,.T.);
#12498 = SURFACE_CURVE('',#12499,(#12503,#12510),.PCURVE_S1.);
#12499 = LINE('',#12500,#12501);
#12500 = CARTESIAN_POINT('',(-70.,15.,23.));
#12501 = VECTOR('',#12502,1.);
#12502 = DIRECTION('',(0.,1.,0.));
#12503 = PCURVE('',#5992,#12504);
#12504 = DEFINITIONAL_REPRESENTATION('',(#12505),#12509);
#12505 = LINE('',#12506,#12507);
#12506 = CARTESIAN_POINT('',(10.,0.));
#12507 = VECTOR('',#12508,1.);
#12508 = DIRECTION('',(0.,1.));
#12509 = ( GEOMETRIC_REPRESENTATION_CONTEXT(2) 
PARAMETRIC_REPRESENTATION_CONTEXT() REPRESENTATION_CONTEXT('2D SPACE',''
  ) );
#12510 = PCURVE('',#12511,#12516);
#12511 = PLANE('',#12512);
#12512 = AXIS2_PLACEMENT_3D('',#12513,#12514,#12515);
#12513 = CARTESIAN_POINT('',(-70.,15.,23.));
#12514 = DIRECTION('',(1.,0.,0.));
#12515 = DIRECTION('',(0.,0.,1.));
#12516 = DEFINITIONAL_REPRESENTATION('',(#12517),#12521);
#12517 = LINE('',#12518,#12519);
#12518 = CARTESIAN_POINT('',(0.,0.));
#12519 = VECTOR('',#12520,1.);
#12520 = DIRECTION('',(0.,-1.));
#12521 = ( GEOMETRIC_REPRESENTATION_CONTEXT(2) 
PARAMETRIC_REPRESENTATION_CONTEXT() REPRESENTATION_CONTEXT('2D SPACE',''
  ) );
#12522 = FACE_BOUND('',#12523,.F.);
#12523 = EDGE_LOOP('',(#12524));
#12524 = ORIENTED_EDGE('',*,*,#12525,.T.);
#12525 = EDGE_CURVE('',#12526,#12526,#12528,.T.);
#12526 = VERTEX_POINT('',#12527);
#12527 = CARTESIAN_POINT('',(-67.9,20.,23.));
#12528 = SURFACE_CURVE('',#12529,(#12534,#12545),.PCURVE_S1.);
#12529 = CIRCLE('',#12530,2.1);
#12530 = AXIS2_PLACEMENT_3D('',#12531,#12532,#12533);
#12531 = CARTESIAN_POINT('',(-70.,20.,23.));
#12532 = DIRECTION('',(0.,0.,-1.));
#12533 = DIRECTION('',(1.,0.,0.));
#12534 = PCURVE('',#5992,#12535);
#12535 = DEFINITIONAL_REPRESENTATION('',(#12536),#12544);
#12536 = ( BOUNDED_CURVE() B_SPLINE_CURVE(2,(#12537,#12538,#12539,#12540
    ,#12541,#12542,#12543),.UNSPECIFIED.,.T.,.F.) 
B_SPLINE_CURVE_WITH_KNOTS((1,2,2,2,2,1),(-2.094395102393,0.,
    2.094395102393,4.188790204786,6.28318530718,8.377580409573),
.UNSPECIFIED.) CURVE() GEOMETRIC_REPRESENTATION_ITEM() 
RATIONAL_B_SPLINE_CURVE((1.,0.5,1.,0.5,1.,0.5,1.)) REPRESENTATION_ITEM(
  '') );
#12537 = CARTESIAN_POINT('',(12.1,5.));
#12538 = CARTESIAN_POINT('',(12.1,1.362693304105));
#12539 = CARTESIAN_POINT('',(8.95,3.181346652053));
#12540 = CARTESIAN_POINT('',(5.8,5.));
#12541 = CARTESIAN_POINT('',(8.95,6.818653347947));
#12542 = CARTESIAN_POINT('',(12.1,8.637306695895));
#12543 = CARTESIAN_POINT('',(12.1,5.));
#12544 = ( GEOMETRIC_REPRESENTATION_CONTEXT(2) 
PARAMETRIC_REPRESENTATION_CONTEXT() REPRESENTATION_CONTEXT('2D SPACE',''
  ) );
#12545 = PCURVE('',#12546,#12551);
#12546 = CYLINDRICAL_SURFACE('',#12547,2.1);
#12547 = AXIS2_PLACEMENT_3D('',#12548,#12549,#12550);
#12548 = CARTESIAN_POINT('',(-70.,20.,22.5));
#12549 = DIRECTION('',(-0.,-0.,-1.));
#12550 = DIRECTION('',(1.,0.,0.));
#12551 = DEFINITIONAL_REPRESENTATION('',(#12552),#12556);
#12552 = LINE('',#12553,#12554);
#12553 = CARTESIAN_POINT('',(-6.28318530718,-0.5));
#12554 = VECTOR('',#12555,1.);
#12555 = DIRECTION('',(1.,-0.));
#12556 = ( GEOMETRIC_REPRESENTATION_CONTEXT(2) 
PARAMETRIC_REPRESENTATION_CONTEXT() REPRESENTATION_CONTEXT('2D SPACE',''
  ) );
#12557 = ADVANCED_FACE('',(#12558),#6019,.F.);
#12558 = FACE_BOUND('',#12559,.F.);
#12559 = EDGE_LOOP('',(#12560,#12561,#12562,#12585));
#12560 = ORIENTED_EDGE('',*,*,#12413,.F.);
#12561 = ORIENTED_EDGE('',*,*,#6004,.T.);
#12562 = ORIENTED_EDGE('',*,*,#12563,.T.);
#12563 = EDGE_CURVE('',#6005,#12564,#12566,.T.);
#12564 = VERTEX_POINT('',#12565);
#12565 = CARTESIAN_POINT('',(-70.,15.,35.));
#12566 = SURFACE_CURVE('',#12567,(#12571,#12578),.PCURVE_S1.);
#12567 = LINE('',#12568,#12569);
#12568 = CARTESIAN_POINT('',(-80.,15.,35.));
#12569 = VECTOR('',#12570,1.);
#12570 = DIRECTION('',(1.,0.,0.));
#12571 = PCURVE('',#6019,#12572);
#12572 = DEFINITIONAL_REPRESENTATION('',(#12573),#12577);
#12573 = LINE('',#12574,#12575);
#12574 = CARTESIAN_POINT('',(12.,0.));
#12575 = VECTOR('',#12576,1.);
#12576 = DIRECTION('',(0.,1.));
#12577 = ( GEOMETRIC_REPRESENTATION_CONTEXT(2) 
PARAMETRIC_REPRESENTATION_CONTEXT() REPRESENTATION_CONTEXT('2D SPACE',''
  ) );
#12578 = PCURVE('',#6045,#12579);
#12579 = DEFINITIONAL_REPRESENTATION('',(#12580),#12584);
#12580 = LINE('',#12581,#12582);
#12581 = CARTESIAN_POINT('',(0.,0.));
#12582 = VECTOR('',#12583,1.);
#12583 = DIRECTION('',(1.,0.));
#12584 = ( GEOMETRIC_REPRESENTATION_CONTEXT(2) 
PARAMETRIC_REPRESENTATION_CONTEXT() REPRESENTATION_CONTEXT('2D SPACE',''
  ) );
#12585 = ORIENTED_EDGE('',*,*,#12586,.F.);
#12586 = EDGE_CURVE('',#12414,#12564,#12587,.T.);
#12587 = SURFACE_CURVE('',#12588,(#12592,#12599),.PCURVE_S1.);
#12588 = LINE('',#12589,#12590);
#12589 = CARTESIAN_POINT('',(-70.,15.,23.));
#12590 = VECTOR('',#12591,1.);
#12591 = DIRECTION('',(0.,0.,1.));
#12592 = PCURVE('',#6019,#12593);
#12593 = DEFINITIONAL_REPRESENTATION('',(#12594),#12598);
#12594 = LINE('',#12595,#12596);
#12595 = CARTESIAN_POINT('',(0.,10.));
#12596 = VECTOR('',#12597,1.);
#12597 = DIRECTION('',(1.,0.));
#12598 = ( GEOMETRIC_REPRESENTATION_CONTEXT(2) 
PARAMETRIC_REPRESENTATION_CONTEXT() REPRESENTATION_CONTEXT('2D SPACE',''
  ) );
#12599 = PCURVE('',#12452,#12600);
#12600 = DEFINITIONAL_REPRESENTATION('',(#12601),#12605);
#12601 = LINE('',#12602,#12603);
#12602 = CARTESIAN_POINT('',(0.,0.));
#12603 = VECTOR('',#12604,1.);
#12604 = DIRECTION('',(1.,0.));
#12605 = ( GEOMETRIC_REPRESENTATION_CONTEXT(2) 
PARAMETRIC_REPRESENTATION_CONTEXT() REPRESENTATION_CONTEXT('2D SPACE',''
  ) );
#12606 = ADVANCED_FACE('',(#12607),#6045,.T.);
#12607 = FACE_BOUND('',#12608,.T.);
#12608 = EDGE_LOOP('',(#12609,#12632,#12633,#12634,#12657,#12681));
#12609 = ORIENTED_EDGE('',*,*,#12610,.F.);
#12610 = EDGE_CURVE('',#6031,#12611,#12613,.T.);
#12611 = VERTEX_POINT('',#12612);
#12612 = CARTESIAN_POINT('',(-70.,25.,35.));
#12613 = SURFACE_CURVE('',#12614,(#12618,#12625),.PCURVE_S1.);
#12614 = LINE('',#12615,#12616);
#12615 = CARTESIAN_POINT('',(-80.,25.,35.));
#12616 = VECTOR('',#12617,1.);
#12617 = DIRECTION('',(1.,0.,0.));
#12618 = PCURVE('',#6045,#12619);
#12619 = DEFINITIONAL_REPRESENTATION('',(#12620),#12624);
#12620 = LINE('',#12621,#12622);
#12621 = CARTESIAN_POINT('',(0.,10.));
#12622 = VECTOR('',#12623,1.);
#12623 = DIRECTION('',(1.,0.));
#12624 = ( GEOMETRIC_REPRESENTATION_CONTEXT(2) 
PARAMETRIC_REPRESENTATION_CONTEXT() REPRESENTATION_CONTEXT('2D SPACE',''
  ) );
#12625 = PCURVE('',#6070,#12626);
#12626 = DEFINITIONAL_REPRESENTATION('',(#12627),#12631);
#12627 = LINE('',#12628,#12629);
#12628 = CARTESIAN_POINT('',(12.,0.));
#12629 = VECTOR('',#12630,1.);
#12630 = DIRECTION('',(0.,1.));
#12631 = ( GEOMETRIC_REPRESENTATION_CONTEXT(2) 
PARAMETRIC_REPRESENTATION_CONTEXT() REPRESENTATION_CONTEXT('2D SPACE',''
  ) );
#12632 = ORIENTED_EDGE('',*,*,#6030,.T.);
#12633 = ORIENTED_EDGE('',*,*,#12563,.T.);
#12634 = ORIENTED_EDGE('',*,*,#12635,.T.);
#12635 = EDGE_CURVE('',#12564,#12636,#12638,.T.);
#12636 = VERTEX_POINT('',#12637);
#12637 = CARTESIAN_POINT('',(-70.,15.5,35.));
#12638 = SURFACE_CURVE('',#12639,(#12643,#12650),.PCURVE_S1.);
#12639 = LINE('',#12640,#12641);
#12640 = CARTESIAN_POINT('',(-70.,15.,35.));
#12641 = VECTOR('',#12642,1.);
#12642 = DIRECTION('',(0.,1.,0.));
#12643 = PCURVE('',#6045,#12644);
#12644 = DEFINITIONAL_REPRESENTATION('',(#12645),#12649);
#12645 = LINE('',#12646,#12647);
#12646 = CARTESIAN_POINT('',(10.,0.));
#12647 = VECTOR('',#12648,1.);
#12648 = DIRECTION('',(0.,1.));
#12649 = ( GEOMETRIC_REPRESENTATION_CONTEXT(2) 
PARAMETRIC_REPRESENTATION_CONTEXT() REPRESENTATION_CONTEXT('2D SPACE',''
  ) );
#12650 = PCURVE('',#12452,#12651);
#12651 = DEFINITIONAL_REPRESENTATION('',(#12652),#12656);
#12652 = LINE('',#12653,#12654);
#12653 = CARTESIAN_POINT('',(12.,0.));
#12654 = VECTOR('',#12655,1.);
#12655 = DIRECTION('',(0.,-1.));
#12656 = ( GEOMETRIC_REPRESENTATION_CONTEXT(2) 
PARAMETRIC_REPRESENTATION_CONTEXT() REPRESENTATION_CONTEXT('2D SPACE',''
  ) );
#12657 = ORIENTED_EDGE('',*,*,#12658,.T.);
#12658 = EDGE_CURVE('',#12636,#12659,#12661,.T.);
#12659 = VERTEX_POINT('',#12660);
#12660 = CARTESIAN_POINT('',(-70.,24.5,35.));
#12661 = SURFACE_CURVE('',#12662,(#12667,#12674),.PCURVE_S1.);
#12662 = CIRCLE('',#12663,4.5);
#12663 = AXIS2_PLACEMENT_3D('',#12664,#12665,#12666);
#12664 = CARTESIAN_POINT('',(-70.,20.,35.));
#12665 = DIRECTION('',(0.,0.,1.));
#12666 = DIRECTION('',(-1.578983857245E-14,-1.,0.));
#12667 = PCURVE('',#6045,#12668);
#12668 = DEFINITIONAL_REPRESENTATION('',(#12669),#12673);
#12669 = CIRCLE('',#12670,4.5);
#12670 = AXIS2_PLACEMENT_2D('',#12671,#12672);
#12671 = CARTESIAN_POINT('',(10.,5.));
#12672 = DIRECTION('',(-1.578983857245E-14,-1.));
#12673 = ( GEOMETRIC_REPRESENTATION_CONTEXT(2) 
PARAMETRIC_REPRESENTATION_CONTEXT() REPRESENTATION_CONTEXT('2D SPACE',''
  ) );
#12674 = PCURVE('',#12485,#12675);
#12675 = DEFINITIONAL_REPRESENTATION('',(#12676),#12680);
#12676 = LINE('',#12677,#12678);
#12677 = CARTESIAN_POINT('',(-4.712388980385,-12.));
#12678 = VECTOR('',#12679,1.);
#12679 = DIRECTION('',(-1.,0.));
#12680 = ( GEOMETRIC_REPRESENTATION_CONTEXT(2) 
PARAMETRIC_REPRESENTATION_CONTEXT() REPRESENTATION_CONTEXT('2D SPACE',''
  ) );
#12681 = ORIENTED_EDGE('',*,*,#12682,.T.);
#12682 = EDGE_CURVE('',#12659,#12611,#12683,.T.);
#12683 = SURFACE_CURVE('',#12684,(#12688,#12695),.PCURVE_S1.);
#12684 = LINE('',#12685,#12686);
#12685 = CARTESIAN_POINT('',(-70.,15.,35.));
#12686 = VECTOR('',#12687,1.);
#12687 = DIRECTION('',(0.,1.,0.));
#12688 = PCURVE('',#6045,#12689);
#12689 = DEFINITIONAL_REPRESENTATION('',(#12690),#12694);
#12690 = LINE('',#12691,#12692);
#12691 = CARTESIAN_POINT('',(10.,0.));
#12692 = VECTOR('',#12693,1.);
#12693 = DIRECTION('',(0.,1.));
#12694 = ( GEOMETRIC_REPRESENTATION_CONTEXT(2) 
PARAMETRIC_REPRESENTATION_CONTEXT() REPRESENTATION_CONTEXT('2D SPACE',''
  ) );
#12695 = PCURVE('',#12511,#12696);
#12696 = DEFINITIONAL_REPRESENTATION('',(#12697),#12701);
#12697 = LINE('',#12698,#12699);
#12698 = CARTESIAN_POINT('',(12.,0.));
#12699 = VECTOR('',#12700,1.);
#12700 = DIRECTION('',(0.,-1.));
#12701 = ( GEOMETRIC_REPRESENTATION_CONTEXT(2) 
PARAMETRIC_REPRESENTATION_CONTEXT() REPRESENTATION_CONTEXT('2D SPACE',''
  ) );
#12702 = ADVANCED_FACE('',(#12703),#6070,.T.);
#12703 = FACE_BOUND('',#12704,.T.);
#12704 = EDGE_LOOP('',(#12705,#12706,#12707,#12708));
#12705 = ORIENTED_EDGE('',*,*,#12389,.F.);
#12706 = ORIENTED_EDGE('',*,*,#6057,.T.);
#12707 = ORIENTED_EDGE('',*,*,#12610,.T.);
#12708 = ORIENTED_EDGE('',*,*,#12709,.F.);
#12709 = EDGE_CURVE('',#12390,#12611,#12710,.T.);
#12710 = SURFACE_CURVE('',#12711,(#12715,#12722),.PCURVE_S1.);
#12711 = LINE('',#12712,#12713);
#12712 = CARTESIAN_POINT('',(-70.,25.,23.));
#12713 = VECTOR('',#12714,1.);
#12714 = DIRECTION('',(0.,0.,1.));
#12715 = PCURVE('',#6070,#12716);
#12716 = DEFINITIONAL_REPRESENTATION('',(#12717),#12721);
#12717 = LINE('',#12718,#12719);
#12718 = CARTESIAN_POINT('',(0.,10.));
#12719 = VECTOR('',#12720,1.);
#12720 = DIRECTION('',(1.,0.));
#12721 = ( GEOMETRIC_REPRESENTATION_CONTEXT(2) 
PARAMETRIC_REPRESENTATION_CONTEXT() REPRESENTATION_CONTEXT('2D SPACE',''
  ) );
#12722 = PCURVE('',#12511,#12723);
#12723 = DEFINITIONAL_REPRESENTATION('',(#12724),#12728);
#12724 = LINE('',#12725,#12726);
#12725 = CARTESIAN_POINT('',(0.,-10.));
#12726 = VECTOR('',#12727,1.);
#12727 = DIRECTION('',(1.,0.));
#12728 = ( GEOMETRIC_REPRESENTATION_CONTEXT(2) 
PARAMETRIC_REPRESENTATION_CONTEXT() REPRESENTATION_CONTEXT('2D SPACE',''
  ) );
#12729 = ADVANCED_FACE('',(#12730,#12866),#6100,.F.);
#12730 = FACE_BOUND('',#12731,.F.);
#12731 = EDGE_LOOP('',(#12732,#12755,#12756,#12779,#12807,#12840));
#12732 = ORIENTED_EDGE('',*,*,#12733,.F.);
#12733 = EDGE_CURVE('',#6084,#12734,#12736,.T.);
#12734 = VERTEX_POINT('',#12735);
#12735 = CARTESIAN_POINT('',(-70.,-37.,23.));
#12736 = SURFACE_CURVE('',#12737,(#12741,#12748),.PCURVE_S1.);
#12737 = LINE('',#12738,#12739);
#12738 = CARTESIAN_POINT('',(-80.,-37.,23.));
#12739 = VECTOR('',#12740,1.);
#12740 = DIRECTION('',(1.,0.,0.));
#12741 = PCURVE('',#6100,#12742);
#12742 = DEFINITIONAL_REPRESENTATION('',(#12743),#12747);
#12743 = LINE('',#12744,#12745);
#12744 = CARTESIAN_POINT('',(0.,10.));
#12745 = VECTOR('',#12746,1.);
#12746 = DIRECTION('',(1.,0.));
#12747 = ( GEOMETRIC_REPRESENTATION_CONTEXT(2) 
PARAMETRIC_REPRESENTATION_CONTEXT() REPRESENTATION_CONTEXT('2D SPACE',''
  ) );
#12748 = PCURVE('',#6178,#12749);
#12749 = DEFINITIONAL_REPRESENTATION('',(#12750),#12754);
#12750 = LINE('',#12751,#12752);
#12751 = CARTESIAN_POINT('',(0.,0.));
#12752 = VECTOR('',#12753,1.);
#12753 = DIRECTION('',(0.,1.));
#12754 = ( GEOMETRIC_REPRESENTATION_CONTEXT(2) 
PARAMETRIC_REPRESENTATION_CONTEXT() REPRESENTATION_CONTEXT('2D SPACE',''
  ) );
#12755 = ORIENTED_EDGE('',*,*,#6083,.T.);
#12756 = ORIENTED_EDGE('',*,*,#12757,.T.);
#12757 = EDGE_CURVE('',#6086,#12758,#12760,.T.);
#12758 = VERTEX_POINT('',#12759);
#12759 = CARTESIAN_POINT('',(-70.,-47.,23.));
#12760 = SURFACE_CURVE('',#12761,(#12765,#12772),.PCURVE_S1.);
#12761 = LINE('',#12762,#12763);
#12762 = CARTESIAN_POINT('',(-80.,-47.,23.));
#12763 = VECTOR('',#12764,1.);
#12764 = DIRECTION('',(1.,0.,0.));
#12765 = PCURVE('',#6100,#12766);
#12766 = DEFINITIONAL_REPRESENTATION('',(#12767),#12771);
#12767 = LINE('',#12768,#12769);
#12768 = CARTESIAN_POINT('',(0.,0.));
#12769 = VECTOR('',#12770,1.);
#12770 = DIRECTION('',(1.,0.));
#12771 = ( GEOMETRIC_REPRESENTATION_CONTEXT(2) 
PARAMETRIC_REPRESENTATION_CONTEXT() REPRESENTATION_CONTEXT('2D SPACE',''
  ) );
#12772 = PCURVE('',#6127,#12773);
#12773 = DEFINITIONAL_REPRESENTATION('',(#12774),#12778);
#12774 = LINE('',#12775,#12776);
#12775 = CARTESIAN_POINT('',(0.,0.));
#12776 = VECTOR('',#12777,1.);
#12777 = DIRECTION('',(0.,1.));
#12778 = ( GEOMETRIC_REPRESENTATION_CONTEXT(2) 
PARAMETRIC_REPRESENTATION_CONTEXT() REPRESENTATION_CONTEXT('2D SPACE',''
  ) );
#12779 = ORIENTED_EDGE('',*,*,#12780,.T.);
#12780 = EDGE_CURVE('',#12758,#12781,#12783,.T.);
#12781 = VERTEX_POINT('',#12782);
#12782 = CARTESIAN_POINT('',(-70.,-46.5,23.));
#12783 = SURFACE_CURVE('',#12784,(#12788,#12795),.PCURVE_S1.);
#12784 = LINE('',#12785,#12786);
#12785 = CARTESIAN_POINT('',(-70.,-47.,23.));
#12786 = VECTOR('',#12787,1.);
#12787 = DIRECTION('',(0.,1.,0.));
#12788 = PCURVE('',#6100,#12789);
#12789 = DEFINITIONAL_REPRESENTATION('',(#12790),#12794);
#12790 = LINE('',#12791,#12792);
#12791 = CARTESIAN_POINT('',(10.,0.));
#12792 = VECTOR('',#12793,1.);
#12793 = DIRECTION('',(0.,1.));
#12794 = ( GEOMETRIC_REPRESENTATION_CONTEXT(2) 
PARAMETRIC_REPRESENTATION_CONTEXT() REPRESENTATION_CONTEXT('2D SPACE',''
  ) );
#12795 = PCURVE('',#12796,#12801);
#12796 = PLANE('',#12797);
#12797 = AXIS2_PLACEMENT_3D('',#12798,#12799,#12800);
#12798 = CARTESIAN_POINT('',(-70.,-47.,23.));
#12799 = DIRECTION('',(1.,0.,0.));
#12800 = DIRECTION('',(0.,0.,1.));
#12801 = DEFINITIONAL_REPRESENTATION('',(#12802),#12806);
#12802 = LINE('',#12803,#12804);
#12803 = CARTESIAN_POINT('',(0.,0.));
#12804 = VECTOR('',#12805,1.);
#12805 = DIRECTION('',(0.,-1.));
#12806 = ( GEOMETRIC_REPRESENTATION_CONTEXT(2) 
PARAMETRIC_REPRESENTATION_CONTEXT() REPRESENTATION_CONTEXT('2D SPACE',''
  ) );
#12807 = ORIENTED_EDGE('',*,*,#12808,.F.);
#12808 = EDGE_CURVE('',#12809,#12781,#12811,.T.);
#12809 = VERTEX_POINT('',#12810);
#12810 = CARTESIAN_POINT('',(-70.,-37.5,23.));
#12811 = SURFACE_CURVE('',#12812,(#12817,#12828),.PCURVE_S1.);
#12812 = CIRCLE('',#12813,4.5);
#12813 = AXIS2_PLACEMENT_3D('',#12814,#12815,#12816);
#12814 = CARTESIAN_POINT('',(-70.,-42.,23.));
#12815 = DIRECTION('',(0.,0.,-1.));
#12816 = DIRECTION('',(-1.578983857245E-14,1.,0.));
#12817 = PCURVE('',#6100,#12818);
#12818 = DEFINITIONAL_REPRESENTATION('',(#12819),#12827);
#12819 = ( BOUNDED_CURVE() B_SPLINE_CURVE(2,(#12820,#12821,#12822,#12823
    ,#12824,#12825,#12826),.UNSPECIFIED.,.T.,.F.) 
B_SPLINE_CURVE_WITH_KNOTS((1,2,2,2,2,1),(-2.094395102393,0.,
    2.094395102393,4.188790204786,6.28318530718,8.377580409573),
.UNSPECIFIED.) CURVE() GEOMETRIC_REPRESENTATION_ITEM() 
RATIONAL_B_SPLINE_CURVE((1.,0.5,1.,0.5,1.,0.5,1.)) REPRESENTATION_ITEM(
  '') );
#12820 = CARTESIAN_POINT('',(10.,9.5));
#12821 = CARTESIAN_POINT('',(17.79422863406,9.5));
#12822 = CARTESIAN_POINT('',(13.89711431703,2.75));
#12823 = CARTESIAN_POINT('',(10.,-4.));
#12824 = CARTESIAN_POINT('',(6.10288568297,2.75));
#12825 = CARTESIAN_POINT('',(2.20577136594,9.5));
#12826 = CARTESIAN_POINT('',(10.,9.5));
#12827 = ( GEOMETRIC_REPRESENTATION_CONTEXT(2) 
PARAMETRIC_REPRESENTATION_CONTEXT() REPRESENTATION_CONTEXT('2D SPACE',''
  ) );
#12828 = PCURVE('',#12829,#12834);
#12829 = CYLINDRICAL_SURFACE('',#12830,4.5);
#12830 = AXIS2_PLACEMENT_3D('',#12831,#12832,#12833);
#12831 = CARTESIAN_POINT('',(-70.,-42.,23.));
#12832 = DIRECTION('',(-0.,-0.,-1.));
#12833 = DIRECTION('',(1.,0.,0.));
#12834 = DEFINITIONAL_REPRESENTATION('',(#12835),#12839);
#12835 = LINE('',#12836,#12837);
#12836 = CARTESIAN_POINT('',(-7.853981633974,0.));
#12837 = VECTOR('',#12838,1.);
#12838 = DIRECTION('',(1.,-0.));
#12839 = ( GEOMETRIC_REPRESENTATION_CONTEXT(2) 
PARAMETRIC_REPRESENTATION_CONTEXT() REPRESENTATION_CONTEXT('2D SPACE',''
  ) );
#12840 = ORIENTED_EDGE('',*,*,#12841,.T.);
#12841 = EDGE_CURVE('',#12809,#12734,#12842,.T.);
#12842 = SURFACE_CURVE('',#12843,(#12847,#12854),.PCURVE_S1.);
#12843 = LINE('',#12844,#12845);
#12844 = CARTESIAN_POINT('',(-70.,-47.,23.));
#12845 = VECTOR('',#12846,1.);
#12846 = DIRECTION('',(0.,1.,0.));
#12847 = PCURVE('',#6100,#12848);
#12848 = DEFINITIONAL_REPRESENTATION('',(#12849),#12853);
#12849 = LINE('',#12850,#12851);
#12850 = CARTESIAN_POINT('',(10.,0.));
#12851 = VECTOR('',#12852,1.);
#12852 = DIRECTION('',(0.,1.));
#12853 = ( GEOMETRIC_REPRESENTATION_CONTEXT(2) 
PARAMETRIC_REPRESENTATION_CONTEXT() REPRESENTATION_CONTEXT('2D SPACE',''
  ) );
#12854 = PCURVE('',#12855,#12860);
#12855 = PLANE('',#12856);
#12856 = AXIS2_PLACEMENT_3D('',#12857,#12858,#12859);
#12857 = CARTESIAN_POINT('',(-70.,-47.,23.));
#12858 = DIRECTION('',(1.,0.,0.));
#12859 = DIRECTION('',(0.,0.,1.));
#12860 = DEFINITIONAL_REPRESENTATION('',(#12861),#12865);
#12861 = LINE('',#12862,#12863);
#12862 = CARTESIAN_POINT('',(0.,0.));
#12863 = VECTOR('',#12864,1.);
#12864 = DIRECTION('',(0.,-1.));
#12865 = ( GEOMETRIC_REPRESENTATION_CONTEXT(2) 
PARAMETRIC_REPRESENTATION_CONTEXT() REPRESENTATION_CONTEXT('2D SPACE',''
  ) );
#12866 = FACE_BOUND('',#12867,.F.);
#12867 = EDGE_LOOP('',(#12868));
#12868 = ORIENTED_EDGE('',*,*,#12869,.T.);
#12869 = EDGE_CURVE('',#12870,#12870,#12872,.T.);
#12870 = VERTEX_POINT('',#12871);
#12871 = CARTESIAN_POINT('',(-67.9,-42.,23.));
#12872 = SURFACE_CURVE('',#12873,(#12878,#12889),.PCURVE_S1.);
#12873 = CIRCLE('',#12874,2.1);
#12874 = AXIS2_PLACEMENT_3D('',#12875,#12876,#12877);
#12875 = CARTESIAN_POINT('',(-70.,-42.,23.));
#12876 = DIRECTION('',(0.,0.,-1.));
#12877 = DIRECTION('',(1.,0.,0.));
#12878 = PCURVE('',#6100,#12879);
#12879 = DEFINITIONAL_REPRESENTATION('',(#12880),#12888);
#12880 = ( BOUNDED_CURVE() B_SPLINE_CURVE(2,(#12881,#12882,#12883,#12884
    ,#12885,#12886,#12887),.UNSPECIFIED.,.T.,.F.) 
B_SPLINE_CURVE_WITH_KNOTS((1,2,2,2,2,1),(-2.094395102393,0.,
    2.094395102393,4.188790204786,6.28318530718,8.377580409573),
.UNSPECIFIED.) CURVE() GEOMETRIC_REPRESENTATION_ITEM() 
RATIONAL_B_SPLINE_CURVE((1.,0.5,1.,0.5,1.,0.5,1.)) REPRESENTATION_ITEM(
  '') );
#12881 = CARTESIAN_POINT('',(12.1,5.));
#12882 = CARTESIAN_POINT('',(12.1,1.362693304105));
#12883 = CARTESIAN_POINT('',(8.95,3.181346652053));
#12884 = CARTESIAN_POINT('',(5.8,5.));
#12885 = CARTESIAN_POINT('',(8.95,6.818653347947));
#12886 = CARTESIAN_POINT('',(12.1,8.637306695895));
#12887 = CARTESIAN_POINT('',(12.1,5.));
#12888 = ( GEOMETRIC_REPRESENTATION_CONTEXT(2) 
PARAMETRIC_REPRESENTATION_CONTEXT() REPRESENTATION_CONTEXT('2D SPACE',''
  ) );
#12889 = PCURVE('',#12890,#12895);
#12890 = CYLINDRICAL_SURFACE('',#12891,2.1);
#12891 = AXIS2_PLACEMENT_3D('',#12892,#12893,#12894);
#12892 = CARTESIAN_POINT('',(-70.,-42.,22.5));
#12893 = DIRECTION('',(-0.,-0.,-1.));
#12894 = DIRECTION('',(1.,0.,0.));
#12895 = DEFINITIONAL_REPRESENTATION('',(#12896),#12900);
#12896 = LINE('',#12897,#12898);
#12897 = CARTESIAN_POINT('',(-6.28318530718,-0.5));
#12898 = VECTOR('',#12899,1.);
#12899 = DIRECTION('',(1.,-0.));
#12900 = ( GEOMETRIC_REPRESENTATION_CONTEXT(2) 
PARAMETRIC_REPRESENTATION_CONTEXT() REPRESENTATION_CONTEXT('2D SPACE',''
  ) );
#12901 = ADVANCED_FACE('',(#12902),#6127,.F.);
#12902 = FACE_BOUND('',#12903,.F.);
#12903 = EDGE_LOOP('',(#12904,#12905,#12906,#12929));
#12904 = ORIENTED_EDGE('',*,*,#12757,.F.);
#12905 = ORIENTED_EDGE('',*,*,#6112,.T.);
#12906 = ORIENTED_EDGE('',*,*,#12907,.T.);
#12907 = EDGE_CURVE('',#6113,#12908,#12910,.T.);
#12908 = VERTEX_POINT('',#12909);
#12909 = CARTESIAN_POINT('',(-70.,-47.,35.));
#12910 = SURFACE_CURVE('',#12911,(#12915,#12922),.PCURVE_S1.);
#12911 = LINE('',#12912,#12913);
#12912 = CARTESIAN_POINT('',(-80.,-47.,35.));
#12913 = VECTOR('',#12914,1.);
#12914 = DIRECTION('',(1.,0.,0.));
#12915 = PCURVE('',#6127,#12916);
#12916 = DEFINITIONAL_REPRESENTATION('',(#12917),#12921);
#12917 = LINE('',#12918,#12919);
#12918 = CARTESIAN_POINT('',(12.,0.));
#12919 = VECTOR('',#12920,1.);
#12920 = DIRECTION('',(0.,1.));
#12921 = ( GEOMETRIC_REPRESENTATION_CONTEXT(2) 
PARAMETRIC_REPRESENTATION_CONTEXT() REPRESENTATION_CONTEXT('2D SPACE',''
  ) );
#12922 = PCURVE('',#6153,#12923);
#12923 = DEFINITIONAL_REPRESENTATION('',(#12924),#12928);
#12924 = LINE('',#12925,#12926);
#12925 = CARTESIAN_POINT('',(0.,0.));
#12926 = VECTOR('',#12927,1.);
#12927 = DIRECTION('',(1.,0.));
#12928 = ( GEOMETRIC_REPRESENTATION_CONTEXT(2) 
PARAMETRIC_REPRESENTATION_CONTEXT() REPRESENTATION_CONTEXT('2D SPACE',''
  ) );
#12929 = ORIENTED_EDGE('',*,*,#12930,.F.);
#12930 = EDGE_CURVE('',#12758,#12908,#12931,.T.);
#12931 = SURFACE_CURVE('',#12932,(#12936,#12943),.PCURVE_S1.);
#12932 = LINE('',#12933,#12934);
#12933 = CARTESIAN_POINT('',(-70.,-47.,23.));
#12934 = VECTOR('',#12935,1.);
#12935 = DIRECTION('',(0.,0.,1.));
#12936 = PCURVE('',#6127,#12937);
#12937 = DEFINITIONAL_REPRESENTATION('',(#12938),#12942);
#12938 = LINE('',#12939,#12940);
#12939 = CARTESIAN_POINT('',(0.,10.));
#12940 = VECTOR('',#12941,1.);
#12941 = DIRECTION('',(1.,0.));
#12942 = ( GEOMETRIC_REPRESENTATION_CONTEXT(2) 
PARAMETRIC_REPRESENTATION_CONTEXT() REPRESENTATION_CONTEXT('2D SPACE',''
  ) );
#12943 = PCURVE('',#12796,#12944);
#12944 = DEFINITIONAL_REPRESENTATION('',(#12945),#12949);
#12945 = LINE('',#12946,#12947);
#12946 = CARTESIAN_POINT('',(0.,0.));
#12947 = VECTOR('',#12948,1.);
#12948 = DIRECTION('',(1.,0.));
#12949 = ( GEOMETRIC_REPRESENTATION_CONTEXT(2) 
PARAMETRIC_REPRESENTATION_CONTEXT() REPRESENTATION_CONTEXT('2D SPACE',''
  ) );
#12950 = ADVANCED_FACE('',(#12951),#6153,.T.);
#12951 = FACE_BOUND('',#12952,.T.);
#12952 = EDGE_LOOP('',(#12953,#12976,#12977,#12978,#13001,#13025));
#12953 = ORIENTED_EDGE('',*,*,#12954,.F.);
#12954 = EDGE_CURVE('',#6139,#12955,#12957,.T.);
#12955 = VERTEX_POINT('',#12956);
#12956 = CARTESIAN_POINT('',(-70.,-37.,35.));
#12957 = SURFACE_CURVE('',#12958,(#12962,#12969),.PCURVE_S1.);
#12958 = LINE('',#12959,#12960);
#12959 = CARTESIAN_POINT('',(-80.,-37.,35.));
#12960 = VECTOR('',#12961,1.);
#12961 = DIRECTION('',(1.,0.,0.));
#12962 = PCURVE('',#6153,#12963);
#12963 = DEFINITIONAL_REPRESENTATION('',(#12964),#12968);
#12964 = LINE('',#12965,#12966);
#12965 = CARTESIAN_POINT('',(0.,10.));
#12966 = VECTOR('',#12967,1.);
#12967 = DIRECTION('',(1.,0.));
#12968 = ( GEOMETRIC_REPRESENTATION_CONTEXT(2) 
PARAMETRIC_REPRESENTATION_CONTEXT() REPRESENTATION_CONTEXT('2D SPACE',''
  ) );
#12969 = PCURVE('',#6178,#12970);
#12970 = DEFINITIONAL_REPRESENTATION('',(#12971),#12975);
#12971 = LINE('',#12972,#12973);
#12972 = CARTESIAN_POINT('',(12.,0.));
#12973 = VECTOR('',#12974,1.);
#12974 = DIRECTION('',(0.,1.));
#12975 = ( GEOMETRIC_REPRESENTATION_CONTEXT(2) 
PARAMETRIC_REPRESENTATION_CONTEXT() REPRESENTATION_CONTEXT('2D SPACE',''
  ) );
#12976 = ORIENTED_EDGE('',*,*,#6138,.T.);
#12977 = ORIENTED_EDGE('',*,*,#12907,.T.);
#12978 = ORIENTED_EDGE('',*,*,#12979,.T.);
#12979 = EDGE_CURVE('',#12908,#12980,#12982,.T.);
#12980 = VERTEX_POINT('',#12981);
#12981 = CARTESIAN_POINT('',(-70.,-46.5,35.));
#12982 = SURFACE_CURVE('',#12983,(#12987,#12994),.PCURVE_S1.);
#12983 = LINE('',#12984,#12985);
#12984 = CARTESIAN_POINT('',(-70.,-47.,35.));
#12985 = VECTOR('',#12986,1.);
#12986 = DIRECTION('',(0.,1.,0.));
#12987 = PCURVE('',#6153,#12988);
#12988 = DEFINITIONAL_REPRESENTATION('',(#12989),#12993);
#12989 = LINE('',#12990,#12991);
#12990 = CARTESIAN_POINT('',(10.,0.));
#12991 = VECTOR('',#12992,1.);
#12992 = DIRECTION('',(0.,1.));
#12993 = ( GEOMETRIC_REPRESENTATION_CONTEXT(2) 
PARAMETRIC_REPRESENTATION_CONTEXT() REPRESENTATION_CONTEXT('2D SPACE',''
  ) );
#12994 = PCURVE('',#12796,#12995);
#12995 = DEFINITIONAL_REPRESENTATION('',(#12996),#13000);
#12996 = LINE('',#12997,#12998);
#12997 = CARTESIAN_POINT('',(12.,0.));
#12998 = VECTOR('',#12999,1.);
#12999 = DIRECTION('',(0.,-1.));
#13000 = ( GEOMETRIC_REPRESENTATION_CONTEXT(2) 
PARAMETRIC_REPRESENTATION_CONTEXT() REPRESENTATION_CONTEXT('2D SPACE',''
  ) );
#13001 = ORIENTED_EDGE('',*,*,#13002,.T.);
#13002 = EDGE_CURVE('',#12980,#13003,#13005,.T.);
#13003 = VERTEX_POINT('',#13004);
#13004 = CARTESIAN_POINT('',(-70.,-37.5,35.));
#13005 = SURFACE_CURVE('',#13006,(#13011,#13018),.PCURVE_S1.);
#13006 = CIRCLE('',#13007,4.5);
#13007 = AXIS2_PLACEMENT_3D('',#13008,#13009,#13010);
#13008 = CARTESIAN_POINT('',(-70.,-42.,35.));
#13009 = DIRECTION('',(0.,0.,1.));
#13010 = DIRECTION('',(-1.578983857245E-14,-1.,0.));
#13011 = PCURVE('',#6153,#13012);
#13012 = DEFINITIONAL_REPRESENTATION('',(#13013),#13017);
#13013 = CIRCLE('',#13014,4.5);
#13014 = AXIS2_PLACEMENT_2D('',#13015,#13016);
#13015 = CARTESIAN_POINT('',(10.,5.));
#13016 = DIRECTION('',(-1.578983857245E-14,-1.));
#13017 = ( GEOMETRIC_REPRESENTATION_CONTEXT(2) 
PARAMETRIC_REPRESENTATION_CONTEXT() REPRESENTATION_CONTEXT('2D SPACE',''
  ) );
#13018 = PCURVE('',#12829,#13019);
#13019 = DEFINITIONAL_REPRESENTATION('',(#13020),#13024);
#13020 = LINE('',#13021,#13022);
#13021 = CARTESIAN_POINT('',(-4.712388980385,-12.));
#13022 = VECTOR('',#13023,1.);
#13023 = DIRECTION('',(-1.,0.));
#13024 = ( GEOMETRIC_REPRESENTATION_CONTEXT(2) 
PARAMETRIC_REPRESENTATION_CONTEXT() REPRESENTATION_CONTEXT('2D SPACE',''
  ) );
#13025 = ORIENTED_EDGE('',*,*,#13026,.T.);
#13026 = EDGE_CURVE('',#13003,#12955,#13027,.T.);
#13027 = SURFACE_CURVE('',#13028,(#13032,#13039),.PCURVE_S1.);
#13028 = LINE('',#13029,#13030);
#13029 = CARTESIAN_POINT('',(-70.,-47.,35.));
#13030 = VECTOR('',#13031,1.);
#13031 = DIRECTION('',(0.,1.,0.));
#13032 = PCURVE('',#6153,#13033);
#13033 = DEFINITIONAL_REPRESENTATION('',(#13034),#13038);
#13034 = LINE('',#13035,#13036);
#13035 = CARTESIAN_POINT('',(10.,0.));
#13036 = VECTOR('',#13037,1.);
#13037 = DIRECTION('',(0.,1.));
#13038 = ( GEOMETRIC_REPRESENTATION_CONTEXT(2) 
PARAMETRIC_REPRESENTATION_CONTEXT() REPRESENTATION_CONTEXT('2D SPACE',''
  ) );
#13039 = PCURVE('',#12855,#13040);
#13040 = DEFINITIONAL_REPRESENTATION('',(#13041),#13045);
#13041 = LINE('',#13042,#13043);
#13042 = CARTESIAN_POINT('',(12.,0.));
#13043 = VECTOR('',#13044,1.);
#13044 = DIRECTION('',(0.,-1.));
#13045 = ( GEOMETRIC_REPRESENTATION_CONTEXT(2) 
PARAMETRIC_REPRESENTATION_CONTEXT() REPRESENTATION_CONTEXT('2D SPACE',''
  ) );
#13046 = ADVANCED_FACE('',(#13047),#6178,.T.);
#13047 = FACE_BOUND('',#13048,.T.);
#13048 = EDGE_LOOP('',(#13049,#13050,#13051,#13052));
#13049 = ORIENTED_EDGE('',*,*,#12733,.F.);
#13050 = ORIENTED_EDGE('',*,*,#6165,.T.);
#13051 = ORIENTED_EDGE('',*,*,#12954,.T.);
#13052 = ORIENTED_EDGE('',*,*,#13053,.F.);
#13053 = EDGE_CURVE('',#12734,#12955,#13054,.T.);
#13054 = SURFACE_CURVE('',#13055,(#13059,#13066),.PCURVE_S1.);
#13055 = LINE('',#13056,#13057);
#13056 = CARTESIAN_POINT('',(-70.,-37.,23.));
#13057 = VECTOR('',#13058,1.);
#13058 = DIRECTION('',(0.,0.,1.));
#13059 = PCURVE('',#6178,#13060);
#13060 = DEFINITIONAL_REPRESENTATION('',(#13061),#13065);
#13061 = LINE('',#13062,#13063);
#13062 = CARTESIAN_POINT('',(0.,10.));
#13063 = VECTOR('',#13064,1.);
#13064 = DIRECTION('',(1.,0.));
#13065 = ( GEOMETRIC_REPRESENTATION_CONTEXT(2) 
PARAMETRIC_REPRESENTATION_CONTEXT() REPRESENTATION_CONTEXT('2D SPACE',''
  ) );
#13066 = PCURVE('',#12855,#13067);
#13067 = DEFINITIONAL_REPRESENTATION('',(#13068),#13072);
#13068 = LINE('',#13069,#13070);
#13069 = CARTESIAN_POINT('',(0.,-10.));
#13070 = VECTOR('',#13071,1.);
#13071 = DIRECTION('',(1.,0.));
#13072 = ( GEOMETRIC_REPRESENTATION_CONTEXT(2) 
PARAMETRIC_REPRESENTATION_CONTEXT() REPRESENTATION_CONTEXT('2D SPACE',''
  ) );
#13073 = ADVANCED_FACE('',(#13074),#6476,.F.);
#13074 = FACE_BOUND('',#13075,.F.);
#13075 = EDGE_LOOP('',(#13076,#13099,#13100,#13101));
#13076 = ORIENTED_EDGE('',*,*,#13077,.F.);
#13077 = EDGE_CURVE('',#6441,#13078,#13080,.T.);
#13078 = VERTEX_POINT('',#13079);
#13079 = CARTESIAN_POINT('',(-66.,-77.5,93.));
#13080 = SURFACE_CURVE('',#13081,(#13085,#13092),.PCURVE_S1.);
#13081 = LINE('',#13082,#13083);
#13082 = CARTESIAN_POINT('',(-66.,-82.5,93.));
#13083 = VECTOR('',#13084,1.);
#13084 = DIRECTION('',(0.,1.,0.));
#13085 = PCURVE('',#6476,#13086);
#13086 = DEFINITIONAL_REPRESENTATION('',(#13087),#13091);
#13087 = LINE('',#13088,#13089);
#13088 = CARTESIAN_POINT('',(0.,0.));
#13089 = VECTOR('',#13090,1.);
#13090 = DIRECTION('',(0.,1.));
#13091 = ( GEOMETRIC_REPRESENTATION_CONTEXT(2) 
PARAMETRIC_REPRESENTATION_CONTEXT() REPRESENTATION_CONTEXT('2D SPACE',''
  ) );
#13092 = PCURVE('',#4422,#13093);
#13093 = DEFINITIONAL_REPRESENTATION('',(#13094),#13098);
#13094 = LINE('',#13095,#13096);
#13095 = CARTESIAN_POINT('',(0.,0.));
#13096 = VECTOR('',#13097,1.);
#13097 = DIRECTION('',(0.,-1.));
#13098 = ( GEOMETRIC_REPRESENTATION_CONTEXT(2) 
PARAMETRIC_REPRESENTATION_CONTEXT() REPRESENTATION_CONTEXT('2D SPACE',''
  ) );
#13099 = ORIENTED_EDGE('',*,*,#6461,.F.);
#13100 = ORIENTED_EDGE('',*,*,#6793,.T.);
#13101 = ORIENTED_EDGE('',*,*,#13102,.F.);
#13102 = EDGE_CURVE('',#13078,#6768,#13103,.T.);
#13103 = SURFACE_CURVE('',#13104,(#13108,#13115),.PCURVE_S1.);
#13104 = LINE('',#13105,#13106);
#13105 = CARTESIAN_POINT('',(-66.,-77.5,93.));
#13106 = VECTOR('',#13107,1.);
#13107 = DIRECTION('',(1.,0.,0.));
#13108 = PCURVE('',#6476,#13109);
#13109 = DEFINITIONAL_REPRESENTATION('',(#13110),#13114);
#13110 = LINE('',#13111,#13112);
#13111 = CARTESIAN_POINT('',(0.,5.));
#13112 = VECTOR('',#13113,1.);
#13113 = DIRECTION('',(1.,0.));
#13114 = ( GEOMETRIC_REPRESENTATION_CONTEXT(2) 
PARAMETRIC_REPRESENTATION_CONTEXT() REPRESENTATION_CONTEXT('2D SPACE',''
  ) );
#13115 = PCURVE('',#6782,#13116);
#13116 = DEFINITIONAL_REPRESENTATION('',(#13117),#13121);
#13117 = LINE('',#13118,#13119);
#13118 = CARTESIAN_POINT('',(0.,0.));
#13119 = VECTOR('',#13120,1.);
#13120 = DIRECTION('',(0.,1.));
#13121 = ( GEOMETRIC_REPRESENTATION_CONTEXT(2) 
PARAMETRIC_REPRESENTATION_CONTEXT() REPRESENTATION_CONTEXT('2D SPACE',''
  ) );
#13122 = ADVANCED_FACE('',(#13123),#4422,.F.);
#13123 = FACE_BOUND('',#13124,.F.);
#13124 = EDGE_LOOP('',(#13125,#13126,#13127,#13128,#13129,#13130));
#13125 = ORIENTED_EDGE('',*,*,#10629,.F.);
#13126 = ORIENTED_EDGE('',*,*,#4407,.T.);
#13127 = ORIENTED_EDGE('',*,*,#10829,.T.);
#13128 = ORIENTED_EDGE('',*,*,#6440,.T.);
#13129 = ORIENTED_EDGE('',*,*,#13077,.T.);
#13130 = ORIENTED_EDGE('',*,*,#13131,.T.);
#13131 = EDGE_CURVE('',#13078,#10607,#13132,.T.);
#13132 = SURFACE_CURVE('',#13133,(#13137,#13144),.PCURVE_S1.);
#13133 = LINE('',#13134,#13135);
#13134 = CARTESIAN_POINT('',(-66.,-77.5,93.));
#13135 = VECTOR('',#13136,1.);
#13136 = DIRECTION('',(0.,0.,1.));
#13137 = PCURVE('',#4422,#13138);
#13138 = DEFINITIONAL_REPRESENTATION('',(#13139),#13143);
#13139 = LINE('',#13140,#13141);
#13140 = CARTESIAN_POINT('',(0.,-5.));
#13141 = VECTOR('',#13142,1.);
#13142 = DIRECTION('',(1.,0.));
#13143 = ( GEOMETRIC_REPRESENTATION_CONTEXT(2) 
PARAMETRIC_REPRESENTATION_CONTEXT() REPRESENTATION_CONTEXT('2D SPACE',''
  ) );
#13144 = PCURVE('',#6782,#13145);
#13145 = DEFINITIONAL_REPRESENTATION('',(#13146),#13150);
#13146 = LINE('',#13147,#13148);
#13147 = CARTESIAN_POINT('',(0.,0.));
#13148 = VECTOR('',#13149,1.);
#13149 = DIRECTION('',(1.,0.));
#13150 = ( GEOMETRIC_REPRESENTATION_CONTEXT(2) 
PARAMETRIC_REPRESENTATION_CONTEXT() REPRESENTATION_CONTEXT('2D SPACE',''
  ) );
#13151 = ADVANCED_FACE('',(#13152),#4367,.F.);
#13152 = FACE_BOUND('',#13153,.F.);
#13153 = EDGE_LOOP('',(#13154,#13155,#13156,#13157,#13178,#13179));
#13154 = ORIENTED_EDGE('',*,*,#10849,.T.);
#13155 = ORIENTED_EDGE('',*,*,#4352,.F.);
#13156 = ORIENTED_EDGE('',*,*,#11169,.T.);
#13157 = ORIENTED_EDGE('',*,*,#13158,.F.);
#13158 = EDGE_CURVE('',#11772,#11170,#13159,.T.);
#13159 = SURFACE_CURVE('',#13160,(#13164,#13171),.PCURVE_S1.);
#13160 = LINE('',#13161,#13162);
#13161 = CARTESIAN_POINT('',(-77.5,-66.,93.));
#13162 = VECTOR('',#13163,1.);
#13163 = DIRECTION('',(0.,0.,1.));
#13164 = PCURVE('',#4367,#13165);
#13165 = DEFINITIONAL_REPRESENTATION('',(#13166),#13170);
#13166 = LINE('',#13167,#13168);
#13167 = CARTESIAN_POINT('',(0.,5.));
#13168 = VECTOR('',#13169,1.);
#13169 = DIRECTION('',(1.,0.));
#13170 = ( GEOMETRIC_REPRESENTATION_CONTEXT(2) 
PARAMETRIC_REPRESENTATION_CONTEXT() REPRESENTATION_CONTEXT('2D SPACE',''
  ) );
#13171 = PCURVE('',#11206,#13172);
#13172 = DEFINITIONAL_REPRESENTATION('',(#13173),#13177);
#13173 = LINE('',#13174,#13175);
#13174 = CARTESIAN_POINT('',(0.,0.));
#13175 = VECTOR('',#13176,1.);
#13176 = DIRECTION('',(1.,0.));
#13177 = ( GEOMETRIC_REPRESENTATION_CONTEXT(2) 
PARAMETRIC_REPRESENTATION_CONTEXT() REPRESENTATION_CONTEXT('2D SPACE',''
  ) );
#13178 = ORIENTED_EDGE('',*,*,#11771,.F.);
#13179 = ORIENTED_EDGE('',*,*,#6391,.F.);
#13180 = ADVANCED_FACE('',(#13181),#6326,.T.);
#13181 = FACE_BOUND('',#13182,.T.);
#13182 = EDGE_LOOP('',(#13183,#13184,#13185,#13186));
#13183 = ORIENTED_EDGE('',*,*,#6309,.F.);
#13184 = ORIENTED_EDGE('',*,*,#9516,.T.);
#13185 = ORIENTED_EDGE('',*,*,#6656,.T.);
#13186 = ORIENTED_EDGE('',*,*,#6497,.F.);
#13187 = ADVANCED_FACE('',(#13188),#6252,.T.);
#13188 = FACE_BOUND('',#13189,.T.);
#13189 = EDGE_LOOP('',(#13190,#13191,#13192,#13193));
#13190 = ORIENTED_EDGE('',*,*,#9541,.F.);
#13191 = ORIENTED_EDGE('',*,*,#6235,.F.);
#13192 = ORIENTED_EDGE('',*,*,#6715,.T.);
#13193 = ORIENTED_EDGE('',*,*,#6587,.T.);
#13194 = ADVANCED_FACE('',(#13195),#6700,.T.);
#13195 = FACE_BOUND('',#13196,.T.);
#13196 = EDGE_LOOP('',(#13197));
#13197 = ORIENTED_EDGE('',*,*,#6685,.T.);
#13198 = ADVANCED_FACE('',(#13199),#6782,.T.);
#13199 = FACE_BOUND('',#13200,.T.);
#13200 = EDGE_LOOP('',(#13201,#13202,#13203,#13204));
#13201 = ORIENTED_EDGE('',*,*,#13102,.F.);
#13202 = ORIENTED_EDGE('',*,*,#13131,.T.);
#13203 = ORIENTED_EDGE('',*,*,#10606,.T.);
#13204 = ORIENTED_EDGE('',*,*,#6767,.T.);
#13205 = ADVANCED_FACE('',(#13206),#6951,.F.);
#13206 = FACE_BOUND('',#13207,.F.);
#13207 = EDGE_LOOP('',(#13208,#13229,#13230,#13231));
#13208 = ORIENTED_EDGE('',*,*,#13209,.F.);
#13209 = EDGE_CURVE('',#6911,#7057,#13210,.T.);
#13210 = SURFACE_CURVE('',#13211,(#13215,#13222),.PCURVE_S1.);
#13211 = LINE('',#13212,#13213);
#13212 = CARTESIAN_POINT('',(-66.,-77.5,93.));
#13213 = VECTOR('',#13214,1.);
#13214 = DIRECTION('',(1.,0.,0.));
#13215 = PCURVE('',#6951,#13216);
#13216 = DEFINITIONAL_REPRESENTATION('',(#13217),#13221);
#13217 = LINE('',#13218,#13219);
#13218 = CARTESIAN_POINT('',(0.,5.));
#13219 = VECTOR('',#13220,1.);
#13220 = DIRECTION('',(1.,0.));
#13221 = ( GEOMETRIC_REPRESENTATION_CONTEXT(2) 
PARAMETRIC_REPRESENTATION_CONTEXT() REPRESENTATION_CONTEXT('2D SPACE',''
  ) );
#13222 = PCURVE('',#6925,#13223);
#13223 = DEFINITIONAL_REPRESENTATION('',(#13224),#13228);
#13224 = LINE('',#13225,#13226);
#13225 = CARTESIAN_POINT('',(0.,0.));
#13226 = VECTOR('',#13227,1.);
#13227 = DIRECTION('',(0.,1.));
#13228 = ( GEOMETRIC_REPRESENTATION_CONTEXT(2) 
PARAMETRIC_REPRESENTATION_CONTEXT() REPRESENTATION_CONTEXT('2D SPACE',''
  ) );
#13229 = ORIENTED_EDGE('',*,*,#6936,.F.);
#13230 = ORIENTED_EDGE('',*,*,#7009,.T.);
#13231 = ORIENTED_EDGE('',*,*,#7077,.T.);
#13232 = ADVANCED_FACE('',(#13233),#6925,.T.);
#13233 = FACE_BOUND('',#13234,.T.);
#13234 = EDGE_LOOP('',(#13235,#13236,#13237,#13238,#13259,#13285,#13304,
    #13305));
#13235 = ORIENTED_EDGE('',*,*,#13209,.F.);
#13236 = ORIENTED_EDGE('',*,*,#6910,.F.);
#13237 = ORIENTED_EDGE('',*,*,#10801,.T.);
#13238 = ORIENTED_EDGE('',*,*,#13239,.T.);
#13239 = EDGE_CURVE('',#10776,#13240,#13242,.T.);
#13240 = VERTEX_POINT('',#13241);
#13241 = CARTESIAN_POINT('',(-9.,-77.5,103.));
#13242 = SURFACE_CURVE('',#13243,(#13247,#13253),.PCURVE_S1.);
#13243 = LINE('',#13244,#13245);
#13244 = CARTESIAN_POINT('',(-9.,-77.5,98.));
#13245 = VECTOR('',#13246,1.);
#13246 = DIRECTION('',(0.,0.,-1.));
#13247 = PCURVE('',#6925,#13248);
#13248 = DEFINITIONAL_REPRESENTATION('',(#13249),#13252);
#13249 = B_SPLINE_CURVE_WITH_KNOTS('',1,(#13250,#13251),.UNSPECIFIED.,
  .F.,.F.,(2,2),(-7.,-5.),.PIECEWISE_BEZIER_KNOTS.);
#13250 = CARTESIAN_POINT('',(12.,57.));
#13251 = CARTESIAN_POINT('',(10.,57.));
#13252 = ( GEOMETRIC_REPRESENTATION_CONTEXT(2) 
PARAMETRIC_REPRESENTATION_CONTEXT() REPRESENTATION_CONTEXT('2D SPACE',''
  ) );
#13253 = PCURVE('',#10790,#13254);
#13254 = DEFINITIONAL_REPRESENTATION('',(#13255),#13258);
#13255 = B_SPLINE_CURVE_WITH_KNOTS('',1,(#13256,#13257),.UNSPECIFIED.,
  .F.,.F.,(2,2),(-7.,-5.),.PIECEWISE_BEZIER_KNOTS.);
#13256 = CARTESIAN_POINT('',(2.,-2.8));
#13257 = CARTESIAN_POINT('',(0.,-2.8));
#13258 = ( GEOMETRIC_REPRESENTATION_CONTEXT(2) 
PARAMETRIC_REPRESENTATION_CONTEXT() REPRESENTATION_CONTEXT('2D SPACE',''
  ) );
#13259 = ORIENTED_EDGE('',*,*,#13260,.T.);
#13260 = EDGE_CURVE('',#13240,#13261,#13263,.T.);
#13261 = VERTEX_POINT('',#13262);
#13262 = CARTESIAN_POINT('',(9.,-77.5,103.));
#13263 = SURFACE_CURVE('',#13264,(#13268,#13274),.PCURVE_S1.);
#13264 = LINE('',#13265,#13266);
#13265 = CARTESIAN_POINT('',(-37.5,-77.5,103.));
#13266 = VECTOR('',#13267,1.);
#13267 = DIRECTION('',(1.,0.,0.));
#13268 = PCURVE('',#6925,#13269);
#13269 = DEFINITIONAL_REPRESENTATION('',(#13270),#13273);
#13270 = B_SPLINE_CURVE_WITH_KNOTS('',1,(#13271,#13272),.UNSPECIFIED.,
  .F.,.F.,(2,2),(28.5,46.5),.PIECEWISE_BEZIER_KNOTS.);
#13271 = CARTESIAN_POINT('',(10.,57.));
#13272 = CARTESIAN_POINT('',(10.,75.));
#13273 = ( GEOMETRIC_REPRESENTATION_CONTEXT(2) 
PARAMETRIC_REPRESENTATION_CONTEXT() REPRESENTATION_CONTEXT('2D SPACE',''
  ) );
#13274 = PCURVE('',#13275,#13280);
#13275 = PLANE('',#13276);
#13276 = AXIS2_PLACEMENT_3D('',#13277,#13278,#13279);
#13277 = CARTESIAN_POINT('',(-9.,-80.3,103.));
#13278 = DIRECTION('',(0.,0.,1.));
#13279 = DIRECTION('',(1.,0.,0.));
#13280 = DEFINITIONAL_REPRESENTATION('',(#13281),#13284);
#13281 = B_SPLINE_CURVE_WITH_KNOTS('',1,(#13282,#13283),.UNSPECIFIED.,
  .F.,.F.,(2,2),(28.5,46.5),.PIECEWISE_BEZIER_KNOTS.);
#13282 = CARTESIAN_POINT('',(0.,2.8));
#13283 = CARTESIAN_POINT('',(18.,2.8));
#13284 = ( GEOMETRIC_REPRESENTATION_CONTEXT(2) 
PARAMETRIC_REPRESENTATION_CONTEXT() REPRESENTATION_CONTEXT('2D SPACE',''
  ) );
#13285 = ORIENTED_EDGE('',*,*,#13286,.F.);
#13286 = EDGE_CURVE('',#10701,#13261,#13287,.T.);
#13287 = SURFACE_CURVE('',#13288,(#13292,#13298),.PCURVE_S1.);
#13288 = LINE('',#13289,#13290);
#13289 = CARTESIAN_POINT('',(9.,-77.5,98.));
#13290 = VECTOR('',#13291,1.);
#13291 = DIRECTION('',(0.,0.,-1.));
#13292 = PCURVE('',#6925,#13293);
#13293 = DEFINITIONAL_REPRESENTATION('',(#13294),#13297);
#13294 = B_SPLINE_CURVE_WITH_KNOTS('',1,(#13295,#13296),.UNSPECIFIED.,
  .F.,.F.,(2,2),(-7.,-5.),.PIECEWISE_BEZIER_KNOTS.);
#13295 = CARTESIAN_POINT('',(12.,75.));
#13296 = CARTESIAN_POINT('',(10.,75.));
#13297 = ( GEOMETRIC_REPRESENTATION_CONTEXT(2) 
PARAMETRIC_REPRESENTATION_CONTEXT() REPRESENTATION_CONTEXT('2D SPACE',''
  ) );
#13298 = PCURVE('',#10738,#13299);
#13299 = DEFINITIONAL_REPRESENTATION('',(#13300),#13303);
#13300 = B_SPLINE_CURVE_WITH_KNOTS('',1,(#13301,#13302),.UNSPECIFIED.,
  .F.,.F.,(2,2),(-7.,-5.),.PIECEWISE_BEZIER_KNOTS.);
#13301 = CARTESIAN_POINT('',(2.,-2.8));
#13302 = CARTESIAN_POINT('',(0.,-2.8));
#13303 = ( GEOMETRIC_REPRESENTATION_CONTEXT(2) 
PARAMETRIC_REPRESENTATION_CONTEXT() REPRESENTATION_CONTEXT('2D SPACE',''
  ) );
#13304 = ORIENTED_EDGE('',*,*,#10700,.T.);
#13305 = ORIENTED_EDGE('',*,*,#7056,.T.);
#13306 = ADVANCED_FACE('',(#13307),#7235,.F.);
#13307 = FACE_BOUND('',#13308,.F.);
#13308 = EDGE_LOOP('',(#13309,#13332,#13333,#13334));
#13309 = ORIENTED_EDGE('',*,*,#13310,.F.);
#13310 = EDGE_CURVE('',#7195,#13311,#13313,.T.);
#13311 = VERTEX_POINT('',#13312);
#13312 = CARTESIAN_POINT('',(66.,-77.5,93.));
#13313 = SURFACE_CURVE('',#13314,(#13318,#13325),.PCURVE_S1.);
#13314 = LINE('',#13315,#13316);
#13315 = CARTESIAN_POINT('',(-66.,-77.5,93.));
#13316 = VECTOR('',#13317,1.);
#13317 = DIRECTION('',(1.,0.,0.));
#13318 = PCURVE('',#7235,#13319);
#13319 = DEFINITIONAL_REPRESENTATION('',(#13320),#13324);
#13320 = LINE('',#13321,#13322);
#13321 = CARTESIAN_POINT('',(0.,5.));
#13322 = VECTOR('',#13323,1.);
#13323 = DIRECTION('',(1.,0.));
#13324 = ( GEOMETRIC_REPRESENTATION_CONTEXT(2) 
PARAMETRIC_REPRESENTATION_CONTEXT() REPRESENTATION_CONTEXT('2D SPACE',''
  ) );
#13325 = PCURVE('',#7209,#13326);
#13326 = DEFINITIONAL_REPRESENTATION('',(#13327),#13331);
#13327 = LINE('',#13328,#13329);
#13328 = CARTESIAN_POINT('',(0.,0.));
#13329 = VECTOR('',#13330,1.);
#13330 = DIRECTION('',(0.,1.));
#13331 = ( GEOMETRIC_REPRESENTATION_CONTEXT(2) 
PARAMETRIC_REPRESENTATION_CONTEXT() REPRESENTATION_CONTEXT('2D SPACE',''
  ) );
#13332 = ORIENTED_EDGE('',*,*,#7220,.F.);
#13333 = ORIENTED_EDGE('',*,*,#7443,.F.);
#13334 = ORIENTED_EDGE('',*,*,#13335,.T.);
#13335 = EDGE_CURVE('',#7444,#13311,#13336,.T.);
#13336 = SURFACE_CURVE('',#13337,(#13341,#13348),.PCURVE_S1.);
#13337 = LINE('',#13338,#13339);
#13338 = CARTESIAN_POINT('',(66.,-82.5,93.));
#13339 = VECTOR('',#13340,1.);
#13340 = DIRECTION('',(0.,1.,0.));
#13341 = PCURVE('',#7235,#13342);
#13342 = DEFINITIONAL_REPRESENTATION('',(#13343),#13347);
#13343 = LINE('',#13344,#13345);
#13344 = CARTESIAN_POINT('',(132.,0.));
#13345 = VECTOR('',#13346,1.);
#13346 = DIRECTION('',(0.,1.));
#13347 = ( GEOMETRIC_REPRESENTATION_CONTEXT(2) 
PARAMETRIC_REPRESENTATION_CONTEXT() REPRESENTATION_CONTEXT('2D SPACE',''
  ) );
#13348 = PCURVE('',#2747,#13349);
#13349 = DEFINITIONAL_REPRESENTATION('',(#13350),#13354);
#13350 = LINE('',#13351,#13352);
#13351 = CARTESIAN_POINT('',(0.,0.));
#13352 = VECTOR('',#13353,1.);
#13353 = DIRECTION('',(0.,-1.));
#13354 = ( GEOMETRIC_REPRESENTATION_CONTEXT(2) 
PARAMETRIC_REPRESENTATION_CONTEXT() REPRESENTATION_CONTEXT('2D SPACE',''
  ) );
#13355 = ADVANCED_FACE('',(#13356),#7209,.T.);
#13356 = FACE_BOUND('',#13357,.T.);
#13357 = EDGE_LOOP('',(#13358,#13359,#13360,#13361));
#13358 = ORIENTED_EDGE('',*,*,#13310,.F.);
#13359 = ORIENTED_EDGE('',*,*,#7194,.F.);
#13360 = ORIENTED_EDGE('',*,*,#10676,.T.);
#13361 = ORIENTED_EDGE('',*,*,#13362,.F.);
#13362 = EDGE_CURVE('',#13311,#10654,#13363,.T.);
#13363 = SURFACE_CURVE('',#13364,(#13368,#13375),.PCURVE_S1.);
#13364 = LINE('',#13365,#13366);
#13365 = CARTESIAN_POINT('',(66.,-77.5,93.));
#13366 = VECTOR('',#13367,1.);
#13367 = DIRECTION('',(0.,0.,1.));
#13368 = PCURVE('',#7209,#13369);
#13369 = DEFINITIONAL_REPRESENTATION('',(#13370),#13374);
#13370 = LINE('',#13371,#13372);
#13371 = CARTESIAN_POINT('',(0.,132.));
#13372 = VECTOR('',#13373,1.);
#13373 = DIRECTION('',(1.,0.));
#13374 = ( GEOMETRIC_REPRESENTATION_CONTEXT(2) 
PARAMETRIC_REPRESENTATION_CONTEXT() REPRESENTATION_CONTEXT('2D SPACE',''
  ) );
#13375 = PCURVE('',#2747,#13376);
#13376 = DEFINITIONAL_REPRESENTATION('',(#13377),#13381);
#13377 = LINE('',#13378,#13379);
#13378 = CARTESIAN_POINT('',(0.,-5.));
#13379 = VECTOR('',#13380,1.);
#13380 = DIRECTION('',(1.,0.));
#13381 = ( GEOMETRIC_REPRESENTATION_CONTEXT(2) 
PARAMETRIC_REPRESENTATION_CONTEXT() REPRESENTATION_CONTEXT('2D SPACE',''
  ) );
#13382 = ADVANCED_FACE('',(#13383),#2747,.T.);
#13383 = FACE_BOUND('',#13384,.T.);
#13384 = EDGE_LOOP('',(#13385,#13386,#13387,#13388,#13389,#13390));
#13385 = ORIENTED_EDGE('',*,*,#10653,.F.);
#13386 = ORIENTED_EDGE('',*,*,#2732,.T.);
#13387 = ORIENTED_EDGE('',*,*,#9953,.T.);
#13388 = ORIENTED_EDGE('',*,*,#7471,.T.);
#13389 = ORIENTED_EDGE('',*,*,#13335,.T.);
#13390 = ORIENTED_EDGE('',*,*,#13362,.T.);
#13391 = ADVANCED_FACE('',(#13392),#7406,.T.);
#13392 = FACE_BOUND('',#13393,.T.);
#13393 = EDGE_LOOP('',(#13394,#13395,#13396,#13397));
#13394 = ORIENTED_EDGE('',*,*,#7548,.F.);
#13395 = ORIENTED_EDGE('',*,*,#7389,.F.);
#13396 = ORIENTED_EDGE('',*,*,#9650,.T.);
#13397 = ORIENTED_EDGE('',*,*,#7764,.T.);
#13398 = ADVANCED_FACE('',(#13399),#7332,.T.);
#13399 = FACE_BOUND('',#13400,.T.);
#13400 = EDGE_LOOP('',(#13401,#13402,#13403,#13404,#13405));
#13401 = ORIENTED_EDGE('',*,*,#7797,.F.);
#13402 = ORIENTED_EDGE('',*,*,#7616,.T.);
#13403 = ORIENTED_EDGE('',*,*,#7695,.T.);
#13404 = ORIENTED_EDGE('',*,*,#9625,.T.);
#13405 = ORIENTED_EDGE('',*,*,#7315,.F.);
#13406 = ADVANCED_FACE('',(#13407),#7682,.T.);
#13407 = FACE_BOUND('',#13408,.T.);
#13408 = EDGE_LOOP('',(#13409));
#13409 = ORIENTED_EDGE('',*,*,#7667,.T.);
#13410 = ADVANCED_FACE('',(#13411),#7862,.F.);
#13411 = FACE_BOUND('',#13412,.F.);
#13412 = EDGE_LOOP('',(#13413,#13436,#13469,#13497,#13518,#13519));
#13413 = ORIENTED_EDGE('',*,*,#13414,.F.);
#13414 = EDGE_CURVE('',#13415,#8566,#13417,.T.);
#13415 = VERTEX_POINT('',#13416);
#13416 = CARTESIAN_POINT('',(63.,59.5,79.5));
#13417 = SURFACE_CURVE('',#13418,(#13422,#13429),.PCURVE_S1.);
#13418 = LINE('',#13419,#13420);
#13419 = CARTESIAN_POINT('',(-1.5,59.5,79.5));
#13420 = VECTOR('',#13421,1.);
#13421 = DIRECTION('',(1.,0.,0.));
#13422 = PCURVE('',#7862,#13423);
#13423 = DEFINITIONAL_REPRESENTATION('',(#13424),#13428);
#13424 = LINE('',#13425,#13426);
#13425 = CARTESIAN_POINT('',(0.,9.));
#13426 = VECTOR('',#13427,1.);
#13427 = DIRECTION('',(1.,0.));
#13428 = ( GEOMETRIC_REPRESENTATION_CONTEXT(2) 
PARAMETRIC_REPRESENTATION_CONTEXT() REPRESENTATION_CONTEXT('2D SPACE',''
  ) );
#13429 = PCURVE('',#8608,#13430);
#13430 = DEFINITIONAL_REPRESENTATION('',(#13431),#13435);
#13431 = LINE('',#13432,#13433);
#13432 = CARTESIAN_POINT('',(0.,0.));
#13433 = VECTOR('',#13434,1.);
#13434 = DIRECTION('',(0.,1.));
#13435 = ( GEOMETRIC_REPRESENTATION_CONTEXT(2) 
PARAMETRIC_REPRESENTATION_CONTEXT() REPRESENTATION_CONTEXT('2D SPACE',''
  ) );
#13436 = ORIENTED_EDGE('',*,*,#13437,.T.);
#13437 = EDGE_CURVE('',#13415,#13438,#13440,.T.);
#13438 = VERTEX_POINT('',#13439);
#13439 = CARTESIAN_POINT('',(67.5,55.,79.5));
#13440 = SURFACE_CURVE('',#13441,(#13446,#13457),.PCURVE_S1.);
#13441 = CIRCLE('',#13442,4.5);
#13442 = AXIS2_PLACEMENT_3D('',#13443,#13444,#13445);
#13443 = CARTESIAN_POINT('',(63.,55.,79.5));
#13444 = DIRECTION('',(0.,0.,-1.));
#13445 = DIRECTION('',(1.,0.,0.));
#13446 = PCURVE('',#7862,#13447);
#13447 = DEFINITIONAL_REPRESENTATION('',(#13448),#13456);
#13448 = ( BOUNDED_CURVE() B_SPLINE_CURVE(2,(#13449,#13450,#13451,#13452
    ,#13453,#13454,#13455),.UNSPECIFIED.,.T.,.F.) 
B_SPLINE_CURVE_WITH_KNOTS((1,2,2,2,2,1),(-2.094395102393,0.,
    2.094395102393,4.188790204786,6.28318530718,8.377580409573),
.UNSPECIFIED.) CURVE() GEOMETRIC_REPRESENTATION_ITEM() 
RATIONAL_B_SPLINE_CURVE((1.,0.5,1.,0.5,1.,0.5,1.)) REPRESENTATION_ITEM(
  '') );
#13449 = CARTESIAN_POINT('',(69.,4.5));
#13450 = CARTESIAN_POINT('',(69.,-3.29422863406));
#13451 = CARTESIAN_POINT('',(62.25,0.60288568297));
#13452 = CARTESIAN_POINT('',(55.5,4.5));
#13453 = CARTESIAN_POINT('',(62.25,8.39711431703));
#13454 = CARTESIAN_POINT('',(69.,12.29422863406));
#13455 = CARTESIAN_POINT('',(69.,4.5));
#13456 = ( GEOMETRIC_REPRESENTATION_CONTEXT(2) 
PARAMETRIC_REPRESENTATION_CONTEXT() REPRESENTATION_CONTEXT('2D SPACE',''
  ) );
#13457 = PCURVE('',#13458,#13463);
#13458 = CYLINDRICAL_SURFACE('',#13459,4.5);
#13459 = AXIS2_PLACEMENT_3D('',#13460,#13461,#13462);
#13460 = CARTESIAN_POINT('',(63.,55.,75.));
#13461 = DIRECTION('',(-0.,-0.,-1.));
#13462 = DIRECTION('',(1.,0.,0.));
#13463 = DEFINITIONAL_REPRESENTATION('',(#13464),#13468);
#13464 = LINE('',#13465,#13466);
#13465 = CARTESIAN_POINT('',(-6.28318530718,-4.5));
#13466 = VECTOR('',#13467,1.);
#13467 = DIRECTION('',(1.,-0.));
#13468 = ( GEOMETRIC_REPRESENTATION_CONTEXT(2) 
PARAMETRIC_REPRESENTATION_CONTEXT() REPRESENTATION_CONTEXT('2D SPACE',''
  ) );
#13469 = ORIENTED_EDGE('',*,*,#13470,.T.);
#13470 = EDGE_CURVE('',#13438,#13471,#13473,.T.);
#13471 = VERTEX_POINT('',#13472);
#13472 = CARTESIAN_POINT('',(63.,50.5,79.5));
#13473 = SURFACE_CURVE('',#13474,(#13479,#13490),.PCURVE_S1.);
#13474 = CIRCLE('',#13475,4.5);
#13475 = AXIS2_PLACEMENT_3D('',#13476,#13477,#13478);
#13476 = CARTESIAN_POINT('',(63.,55.,79.5));
#13477 = DIRECTION('',(0.,0.,-1.));
#13478 = DIRECTION('',(1.,0.,0.));
#13479 = PCURVE('',#7862,#13480);
#13480 = DEFINITIONAL_REPRESENTATION('',(#13481),#13489);
#13481 = ( BOUNDED_CURVE() B_SPLINE_CURVE(2,(#13482,#13483,#13484,#13485
    ,#13486,#13487,#13488),.UNSPECIFIED.,.T.,.F.) 
B_SPLINE_CURVE_WITH_KNOTS((1,2,2,2,2,1),(-2.094395102393,0.,
    2.094395102393,4.188790204786,6.28318530718,8.377580409573),
.UNSPECIFIED.) CURVE() GEOMETRIC_REPRESENTATION_ITEM() 
RATIONAL_B_SPLINE_CURVE((1.,0.5,1.,0.5,1.,0.5,1.)) REPRESENTATION_ITEM(
  '') );
#13482 = CARTESIAN_POINT('',(69.,4.5));
#13483 = CARTESIAN_POINT('',(69.,-3.29422863406));
#13484 = CARTESIAN_POINT('',(62.25,0.60288568297));
#13485 = CARTESIAN_POINT('',(55.5,4.5));
#13486 = CARTESIAN_POINT('',(62.25,8.39711431703));
#13487 = CARTESIAN_POINT('',(69.,12.29422863406));
#13488 = CARTESIAN_POINT('',(69.,4.5));
#13489 = ( GEOMETRIC_REPRESENTATION_CONTEXT(2) 
PARAMETRIC_REPRESENTATION_CONTEXT() REPRESENTATION_CONTEXT('2D SPACE',''
  ) );
#13490 = PCURVE('',#13458,#13491);
#13491 = DEFINITIONAL_REPRESENTATION('',(#13492),#13496);
#13492 = LINE('',#13493,#13494);
#13493 = CARTESIAN_POINT('',(-6.28318530718,-4.5));
#13494 = VECTOR('',#13495,1.);
#13495 = DIRECTION('',(1.,-0.));
#13496 = ( GEOMETRIC_REPRESENTATION_CONTEXT(2) 
PARAMETRIC_REPRESENTATION_CONTEXT() REPRESENTATION_CONTEXT('2D SPACE',''
  ) );
#13497 = ORIENTED_EDGE('',*,*,#13498,.T.);
#13498 = EDGE_CURVE('',#13471,#7848,#13499,.T.);
#13499 = SURFACE_CURVE('',#13500,(#13504,#13511),.PCURVE_S1.);
#13500 = LINE('',#13501,#13502);
#13501 = CARTESIAN_POINT('',(-1.5,50.5,79.5));
#13502 = VECTOR('',#13503,1.);
#13503 = DIRECTION('',(1.,0.,0.));
#13504 = PCURVE('',#7862,#13505);
#13505 = DEFINITIONAL_REPRESENTATION('',(#13506),#13510);
#13506 = LINE('',#13507,#13508);
#13507 = CARTESIAN_POINT('',(0.,0.));
#13508 = VECTOR('',#13509,1.);
#13509 = DIRECTION('',(1.,0.));
#13510 = ( GEOMETRIC_REPRESENTATION_CONTEXT(2) 
PARAMETRIC_REPRESENTATION_CONTEXT() REPRESENTATION_CONTEXT('2D SPACE',''
  ) );
#13511 = PCURVE('',#7888,#13512);
#13512 = DEFINITIONAL_REPRESENTATION('',(#13513),#13517);
#13513 = LINE('',#13514,#13515);
#13514 = CARTESIAN_POINT('',(0.,0.));
#13515 = VECTOR('',#13516,1.);
#13516 = DIRECTION('',(0.,1.));
#13517 = ( GEOMETRIC_REPRESENTATION_CONTEXT(2) 
PARAMETRIC_REPRESENTATION_CONTEXT() REPRESENTATION_CONTEXT('2D SPACE',''
  ) );
#13518 = ORIENTED_EDGE('',*,*,#7847,.F.);
#13519 = ORIENTED_EDGE('',*,*,#8565,.F.);
#13520 = ADVANCED_FACE('',(#13521),#7888,.F.);
#13521 = FACE_BOUND('',#13522,.F.);
#13522 = EDGE_LOOP('',(#13523,#13524,#13552,#13580,#13608,#13629));
#13523 = ORIENTED_EDGE('',*,*,#13498,.F.);
#13524 = ORIENTED_EDGE('',*,*,#13525,.F.);
#13525 = EDGE_CURVE('',#13526,#13471,#13528,.T.);
#13526 = VERTEX_POINT('',#13527);
#13527 = CARTESIAN_POINT('',(7.,50.5,79.5));
#13528 = SURFACE_CURVE('',#13529,(#13533,#13540),.PCURVE_S1.);
#13529 = LINE('',#13530,#13531);
#13530 = CARTESIAN_POINT('',(-1.5,50.5,79.5));
#13531 = VECTOR('',#13532,1.);
#13532 = DIRECTION('',(1.,0.,0.));
#13533 = PCURVE('',#7888,#13534);
#13534 = DEFINITIONAL_REPRESENTATION('',(#13535),#13539);
#13535 = LINE('',#13536,#13537);
#13536 = CARTESIAN_POINT('',(0.,0.));
#13537 = VECTOR('',#13538,1.);
#13538 = DIRECTION('',(0.,1.));
#13539 = ( GEOMETRIC_REPRESENTATION_CONTEXT(2) 
PARAMETRIC_REPRESENTATION_CONTEXT() REPRESENTATION_CONTEXT('2D SPACE',''
  ) );
#13540 = PCURVE('',#13541,#13546);
#13541 = PLANE('',#13542);
#13542 = AXIS2_PLACEMENT_3D('',#13543,#13544,#13545);
#13543 = CARTESIAN_POINT('',(-1.5,50.5,79.5));
#13544 = DIRECTION('',(0.,0.,1.));
#13545 = DIRECTION('',(1.,0.,0.));
#13546 = DEFINITIONAL_REPRESENTATION('',(#13547),#13551);
#13547 = LINE('',#13548,#13549);
#13548 = CARTESIAN_POINT('',(0.,0.));
#13549 = VECTOR('',#13550,1.);
#13550 = DIRECTION('',(1.,0.));
#13551 = ( GEOMETRIC_REPRESENTATION_CONTEXT(2) 
PARAMETRIC_REPRESENTATION_CONTEXT() REPRESENTATION_CONTEXT('2D SPACE',''
  ) );
#13552 = ORIENTED_EDGE('',*,*,#13553,.F.);
#13553 = EDGE_CURVE('',#13554,#13526,#13556,.T.);
#13554 = VERTEX_POINT('',#13555);
#13555 = CARTESIAN_POINT('',(-1.5,50.5,79.5));
#13556 = SURFACE_CURVE('',#13557,(#13561,#13568),.PCURVE_S1.);
#13557 = LINE('',#13558,#13559);
#13558 = CARTESIAN_POINT('',(-1.5,50.5,79.5));
#13559 = VECTOR('',#13560,1.);
#13560 = DIRECTION('',(1.,0.,0.));
#13561 = PCURVE('',#7888,#13562);
#13562 = DEFINITIONAL_REPRESENTATION('',(#13563),#13567);
#13563 = LINE('',#13564,#13565);
#13564 = CARTESIAN_POINT('',(0.,0.));
#13565 = VECTOR('',#13566,1.);
#13566 = DIRECTION('',(0.,1.));
#13567 = ( GEOMETRIC_REPRESENTATION_CONTEXT(2) 
PARAMETRIC_REPRESENTATION_CONTEXT() REPRESENTATION_CONTEXT('2D SPACE',''
  ) );
#13568 = PCURVE('',#13569,#13574);
#13569 = PLANE('',#13570);
#13570 = AXIS2_PLACEMENT_3D('',#13571,#13572,#13573);
#13571 = CARTESIAN_POINT('',(-1.5,50.5,79.5));
#13572 = DIRECTION('',(0.,0.,1.));
#13573 = DIRECTION('',(1.,0.,0.));
#13574 = DEFINITIONAL_REPRESENTATION('',(#13575),#13579);
#13575 = LINE('',#13576,#13577);
#13576 = CARTESIAN_POINT('',(0.,0.));
#13577 = VECTOR('',#13578,1.);
#13578 = DIRECTION('',(1.,0.));
#13579 = ( GEOMETRIC_REPRESENTATION_CONTEXT(2) 
PARAMETRIC_REPRESENTATION_CONTEXT() REPRESENTATION_CONTEXT('2D SPACE',''
  ) );
#13580 = ORIENTED_EDGE('',*,*,#13581,.T.);
#13581 = EDGE_CURVE('',#13554,#13582,#13584,.T.);
#13582 = VERTEX_POINT('',#13583);
#13583 = CARTESIAN_POINT('',(-1.5,50.5,83.));
#13584 = SURFACE_CURVE('',#13585,(#13589,#13596),.PCURVE_S1.);
#13585 = LINE('',#13586,#13587);
#13586 = CARTESIAN_POINT('',(-1.5,50.5,79.5));
#13587 = VECTOR('',#13588,1.);
#13588 = DIRECTION('',(0.,0.,1.));
#13589 = PCURVE('',#7888,#13590);
#13590 = DEFINITIONAL_REPRESENTATION('',(#13591),#13595);
#13591 = LINE('',#13592,#13593);
#13592 = CARTESIAN_POINT('',(0.,0.));
#13593 = VECTOR('',#13594,1.);
#13594 = DIRECTION('',(1.,0.));
#13595 = ( GEOMETRIC_REPRESENTATION_CONTEXT(2) 
PARAMETRIC_REPRESENTATION_CONTEXT() REPRESENTATION_CONTEXT('2D SPACE',''
  ) );
#13596 = PCURVE('',#13597,#13602);
#13597 = PLANE('',#13598);
#13598 = AXIS2_PLACEMENT_3D('',#13599,#13600,#13601);
#13599 = CARTESIAN_POINT('',(-1.5,50.5,79.5));
#13600 = DIRECTION('',(1.,0.,0.));
#13601 = DIRECTION('',(0.,0.,1.));
#13602 = DEFINITIONAL_REPRESENTATION('',(#13603),#13607);
#13603 = LINE('',#13604,#13605);
#13604 = CARTESIAN_POINT('',(0.,0.));
#13605 = VECTOR('',#13606,1.);
#13606 = DIRECTION('',(1.,0.));
#13607 = ( GEOMETRIC_REPRESENTATION_CONTEXT(2) 
PARAMETRIC_REPRESENTATION_CONTEXT() REPRESENTATION_CONTEXT('2D SPACE',''
  ) );
#13608 = ORIENTED_EDGE('',*,*,#13609,.T.);
#13609 = EDGE_CURVE('',#13582,#7874,#13610,.T.);
#13610 = SURFACE_CURVE('',#13611,(#13615,#13622),.PCURVE_S1.);
#13611 = LINE('',#13612,#13613);
#13612 = CARTESIAN_POINT('',(-1.5,50.5,83.));
#13613 = VECTOR('',#13614,1.);
#13614 = DIRECTION('',(1.,0.,0.));
#13615 = PCURVE('',#7888,#13616);
#13616 = DEFINITIONAL_REPRESENTATION('',(#13617),#13621);
#13617 = LINE('',#13618,#13619);
#13618 = CARTESIAN_POINT('',(3.5,0.));
#13619 = VECTOR('',#13620,1.);
#13620 = DIRECTION('',(0.,1.));
#13621 = ( GEOMETRIC_REPRESENTATION_CONTEXT(2) 
PARAMETRIC_REPRESENTATION_CONTEXT() REPRESENTATION_CONTEXT('2D SPACE',''
  ) );
#13622 = PCURVE('',#7915,#13623);
#13623 = DEFINITIONAL_REPRESENTATION('',(#13624),#13628);
#13624 = LINE('',#13625,#13626);
#13625 = CARTESIAN_POINT('',(0.,0.));
#13626 = VECTOR('',#13627,1.);
#13627 = DIRECTION('',(1.,0.));
#13628 = ( GEOMETRIC_REPRESENTATION_CONTEXT(2) 
PARAMETRIC_REPRESENTATION_CONTEXT() REPRESENTATION_CONTEXT('2D SPACE',''
  ) );
#13629 = ORIENTED_EDGE('',*,*,#7873,.F.);
#13630 = ADVANCED_FACE('',(#13631,#13680,#13715),#7915,.T.);
#13631 = FACE_BOUND('',#13632,.T.);
#13632 = EDGE_LOOP('',(#13633,#13634,#13657,#13678,#13679));
#13633 = ORIENTED_EDGE('',*,*,#8620,.F.);
#13634 = ORIENTED_EDGE('',*,*,#13635,.T.);
#13635 = EDGE_CURVE('',#8594,#13636,#13638,.T.);
#13636 = VERTEX_POINT('',#13637);
#13637 = CARTESIAN_POINT('',(-1.5,59.5,83.));
#13638 = SURFACE_CURVE('',#13639,(#13643,#13650),.PCURVE_S1.);
#13639 = LINE('',#13640,#13641);
#13640 = CARTESIAN_POINT('',(79.275947631817,59.5,83.));
#13641 = VECTOR('',#13642,1.);
#13642 = DIRECTION('',(-1.,0.,0.));
#13643 = PCURVE('',#7915,#13644);
#13644 = DEFINITIONAL_REPRESENTATION('',(#13645),#13649);
#13645 = LINE('',#13646,#13647);
#13646 = CARTESIAN_POINT('',(80.775947631817,9.));
#13647 = VECTOR('',#13648,1.);
#13648 = DIRECTION('',(-1.,0.));
#13649 = ( GEOMETRIC_REPRESENTATION_CONTEXT(2) 
PARAMETRIC_REPRESENTATION_CONTEXT() REPRESENTATION_CONTEXT('2D SPACE',''
  ) );
#13650 = PCURVE('',#8608,#13651);
#13651 = DEFINITIONAL_REPRESENTATION('',(#13652),#13656);
#13652 = LINE('',#13653,#13654);
#13653 = CARTESIAN_POINT('',(3.5,80.775947631817));
#13654 = VECTOR('',#13655,1.);
#13655 = DIRECTION('',(0.,-1.));
#13656 = ( GEOMETRIC_REPRESENTATION_CONTEXT(2) 
PARAMETRIC_REPRESENTATION_CONTEXT() REPRESENTATION_CONTEXT('2D SPACE',''
  ) );
#13657 = ORIENTED_EDGE('',*,*,#13658,.F.);
#13658 = EDGE_CURVE('',#13582,#13636,#13659,.T.);
#13659 = SURFACE_CURVE('',#13660,(#13664,#13671),.PCURVE_S1.);
#13660 = LINE('',#13661,#13662);
#13661 = CARTESIAN_POINT('',(-1.5,50.5,83.));
#13662 = VECTOR('',#13663,1.);
#13663 = DIRECTION('',(0.,1.,0.));
#13664 = PCURVE('',#7915,#13665);
#13665 = DEFINITIONAL_REPRESENTATION('',(#13666),#13670);
#13666 = LINE('',#13667,#13668);
#13667 = CARTESIAN_POINT('',(0.,0.));
#13668 = VECTOR('',#13669,1.);
#13669 = DIRECTION('',(0.,1.));
#13670 = ( GEOMETRIC_REPRESENTATION_CONTEXT(2) 
PARAMETRIC_REPRESENTATION_CONTEXT() REPRESENTATION_CONTEXT('2D SPACE',''
  ) );
#13671 = PCURVE('',#13597,#13672);
#13672 = DEFINITIONAL_REPRESENTATION('',(#13673),#13677);
#13673 = LINE('',#13674,#13675);
#13674 = CARTESIAN_POINT('',(3.5,0.));
#13675 = VECTOR('',#13676,1.);
#13676 = DIRECTION('',(0.,-1.));
#13677 = ( GEOMETRIC_REPRESENTATION_CONTEXT(2) 
PARAMETRIC_REPRESENTATION_CONTEXT() REPRESENTATION_CONTEXT('2D SPACE',''
  ) );
#13678 = ORIENTED_EDGE('',*,*,#13609,.T.);
#13679 = ORIENTED_EDGE('',*,*,#7900,.F.);
#13680 = FACE_BOUND('',#13681,.T.);
#13681 = EDGE_LOOP('',(#13682));
#13682 = ORIENTED_EDGE('',*,*,#13683,.T.);
#13683 = EDGE_CURVE('',#13684,#13684,#13686,.T.);
#13684 = VERTEX_POINT('',#13685);
#13685 = CARTESIAN_POINT('',(9.1,55.,83.));
#13686 = SURFACE_CURVE('',#13687,(#13692,#13703),.PCURVE_S1.);
#13687 = CIRCLE('',#13688,2.1);
#13688 = AXIS2_PLACEMENT_3D('',#13689,#13690,#13691);
#13689 = CARTESIAN_POINT('',(7.,55.,83.));
#13690 = DIRECTION('',(0.,0.,-1.));
#13691 = DIRECTION('',(1.,0.,0.));
#13692 = PCURVE('',#7915,#13693);
#13693 = DEFINITIONAL_REPRESENTATION('',(#13694),#13702);
#13694 = ( BOUNDED_CURVE() B_SPLINE_CURVE(2,(#13695,#13696,#13697,#13698
    ,#13699,#13700,#13701),.UNSPECIFIED.,.T.,.F.) 
B_SPLINE_CURVE_WITH_KNOTS((1,2,2,2,2,1),(-2.094395102393,0.,
    2.094395102393,4.188790204786,6.28318530718,8.377580409573),
.UNSPECIFIED.) CURVE() GEOMETRIC_REPRESENTATION_ITEM() 
RATIONAL_B_SPLINE_CURVE((1.,0.5,1.,0.5,1.,0.5,1.)) REPRESENTATION_ITEM(
  '') );
#13695 = CARTESIAN_POINT('',(10.6,4.5));
#13696 = CARTESIAN_POINT('',(10.6,0.862693304105));
#13697 = CARTESIAN_POINT('',(7.45,2.681346652053));
#13698 = CARTESIAN_POINT('',(4.3,4.5));
#13699 = CARTESIAN_POINT('',(7.45,6.318653347947));
#13700 = CARTESIAN_POINT('',(10.6,8.137306695895));
#13701 = CARTESIAN_POINT('',(10.6,4.5));
#13702 = ( GEOMETRIC_REPRESENTATION_CONTEXT(2) 
PARAMETRIC_REPRESENTATION_CONTEXT() REPRESENTATION_CONTEXT('2D SPACE',''
  ) );
#13703 = PCURVE('',#13704,#13709);
#13704 = CYLINDRICAL_SURFACE('',#13705,2.1);
#13705 = AXIS2_PLACEMENT_3D('',#13706,#13707,#13708);
#13706 = CARTESIAN_POINT('',(7.,55.,77.2));
#13707 = DIRECTION('',(-0.,-0.,-1.));
#13708 = DIRECTION('',(1.,0.,0.));
#13709 = DEFINITIONAL_REPRESENTATION('',(#13710),#13714);
#13710 = LINE('',#13711,#13712);
#13711 = CARTESIAN_POINT('',(-6.28318530718,-5.8));
#13712 = VECTOR('',#13713,1.);
#13713 = DIRECTION('',(1.,-0.));
#13714 = ( GEOMETRIC_REPRESENTATION_CONTEXT(2) 
PARAMETRIC_REPRESENTATION_CONTEXT() REPRESENTATION_CONTEXT('2D SPACE',''
  ) );
#13715 = FACE_BOUND('',#13716,.T.);
#13716 = EDGE_LOOP('',(#13717));
#13717 = ORIENTED_EDGE('',*,*,#13718,.T.);
#13718 = EDGE_CURVE('',#13719,#13719,#13721,.T.);
#13719 = VERTEX_POINT('',#13720);
#13720 = CARTESIAN_POINT('',(65.1,55.,83.));
#13721 = SURFACE_CURVE('',#13722,(#13727,#13738),.PCURVE_S1.);
#13722 = CIRCLE('',#13723,2.1);
#13723 = AXIS2_PLACEMENT_3D('',#13724,#13725,#13726);
#13724 = CARTESIAN_POINT('',(63.,55.,83.));
#13725 = DIRECTION('',(0.,0.,-1.));
#13726 = DIRECTION('',(1.,0.,0.));
#13727 = PCURVE('',#7915,#13728);
#13728 = DEFINITIONAL_REPRESENTATION('',(#13729),#13737);
#13729 = ( BOUNDED_CURVE() B_SPLINE_CURVE(2,(#13730,#13731,#13732,#13733
    ,#13734,#13735,#13736),.UNSPECIFIED.,.T.,.F.) 
B_SPLINE_CURVE_WITH_KNOTS((1,2,2,2,2,1),(-2.094395102393,0.,
    2.094395102393,4.188790204786,6.28318530718,8.377580409573),
.UNSPECIFIED.) CURVE() GEOMETRIC_REPRESENTATION_ITEM() 
RATIONAL_B_SPLINE_CURVE((1.,0.5,1.,0.5,1.,0.5,1.)) REPRESENTATION_ITEM(
  '') );
#13730 = CARTESIAN_POINT('',(66.6,4.5));
#13731 = CARTESIAN_POINT('',(66.6,0.862693304105));
#13732 = CARTESIAN_POINT('',(63.45,2.681346652053));
#13733 = CARTESIAN_POINT('',(60.3,4.5));
#13734 = CARTESIAN_POINT('',(63.45,6.318653347947));
#13735 = CARTESIAN_POINT('',(66.6,8.137306695895));
#13736 = CARTESIAN_POINT('',(66.6,4.5));
#13737 = ( GEOMETRIC_REPRESENTATION_CONTEXT(2) 
PARAMETRIC_REPRESENTATION_CONTEXT() REPRESENTATION_CONTEXT('2D SPACE',''
  ) );
#13738 = PCURVE('',#13739,#13744);
#13739 = CYLINDRICAL_SURFACE('',#13740,2.1);
#13740 = AXIS2_PLACEMENT_3D('',#13741,#13742,#13743);
#13741 = CARTESIAN_POINT('',(63.,55.,77.2));
#13742 = DIRECTION('',(-0.,-0.,-1.));
#13743 = DIRECTION('',(1.,0.,0.));
#13744 = DEFINITIONAL_REPRESENTATION('',(#13745),#13749);
#13745 = LINE('',#13746,#13747);
#13746 = CARTESIAN_POINT('',(-6.28318530718,-5.8));
#13747 = VECTOR('',#13748,1.);
#13748 = DIRECTION('',(1.,-0.));
#13749 = ( GEOMETRIC_REPRESENTATION_CONTEXT(2) 
PARAMETRIC_REPRESENTATION_CONTEXT() REPRESENTATION_CONTEXT('2D SPACE',''
  ) );
#13750 = ADVANCED_FACE('',(#13751,#13883),#7990,.F.);
#13751 = FACE_BOUND('',#13752,.F.);
#13752 = EDGE_LOOP('',(#13753,#13783,#13804,#13805,#13828,#13856));
#13753 = ORIENTED_EDGE('',*,*,#13754,.F.);
#13754 = EDGE_CURVE('',#13755,#13757,#13759,.T.);
#13755 = VERTEX_POINT('',#13756);
#13756 = CARTESIAN_POINT('',(70.,15.,23.));
#13757 = VERTEX_POINT('',#13758);
#13758 = CARTESIAN_POINT('',(70.,15.5,23.));
#13759 = SURFACE_CURVE('',#13760,(#13764,#13771),.PCURVE_S1.);
#13760 = LINE('',#13761,#13762);
#13761 = CARTESIAN_POINT('',(70.,15.,23.));
#13762 = VECTOR('',#13763,1.);
#13763 = DIRECTION('',(0.,1.,0.));
#13764 = PCURVE('',#7990,#13765);
#13765 = DEFINITIONAL_REPRESENTATION('',(#13766),#13770);
#13766 = LINE('',#13767,#13768);
#13767 = CARTESIAN_POINT('',(0.,0.));
#13768 = VECTOR('',#13769,1.);
#13769 = DIRECTION('',(0.,1.));
#13770 = ( GEOMETRIC_REPRESENTATION_CONTEXT(2) 
PARAMETRIC_REPRESENTATION_CONTEXT() REPRESENTATION_CONTEXT('2D SPACE',''
  ) );
#13771 = PCURVE('',#13772,#13777);
#13772 = PLANE('',#13773);
#13773 = AXIS2_PLACEMENT_3D('',#13774,#13775,#13776);
#13774 = CARTESIAN_POINT('',(70.,15.,23.));
#13775 = DIRECTION('',(1.,0.,0.));
#13776 = DIRECTION('',(0.,0.,1.));
#13777 = DEFINITIONAL_REPRESENTATION('',(#13778),#13782);
#13778 = LINE('',#13779,#13780);
#13779 = CARTESIAN_POINT('',(0.,0.));
#13780 = VECTOR('',#13781,1.);
#13781 = DIRECTION('',(0.,-1.));
#13782 = ( GEOMETRIC_REPRESENTATION_CONTEXT(2) 
PARAMETRIC_REPRESENTATION_CONTEXT() REPRESENTATION_CONTEXT('2D SPACE',''
  ) );
#13783 = ORIENTED_EDGE('',*,*,#13784,.T.);
#13784 = EDGE_CURVE('',#13755,#7976,#13785,.T.);
#13785 = SURFACE_CURVE('',#13786,(#13790,#13797),.PCURVE_S1.);
#13786 = LINE('',#13787,#13788);
#13787 = CARTESIAN_POINT('',(70.,15.,23.));
#13788 = VECTOR('',#13789,1.);
#13789 = DIRECTION('',(1.,0.,0.));
#13790 = PCURVE('',#7990,#13791);
#13791 = DEFINITIONAL_REPRESENTATION('',(#13792),#13796);
#13792 = LINE('',#13793,#13794);
#13793 = CARTESIAN_POINT('',(0.,0.));
#13794 = VECTOR('',#13795,1.);
#13795 = DIRECTION('',(1.,0.));
#13796 = ( GEOMETRIC_REPRESENTATION_CONTEXT(2) 
PARAMETRIC_REPRESENTATION_CONTEXT() REPRESENTATION_CONTEXT('2D SPACE',''
  ) );
#13797 = PCURVE('',#8017,#13798);
#13798 = DEFINITIONAL_REPRESENTATION('',(#13799),#13803);
#13799 = LINE('',#13800,#13801);
#13800 = CARTESIAN_POINT('',(0.,0.));
#13801 = VECTOR('',#13802,1.);
#13802 = DIRECTION('',(0.,1.));
#13803 = ( GEOMETRIC_REPRESENTATION_CONTEXT(2) 
PARAMETRIC_REPRESENTATION_CONTEXT() REPRESENTATION_CONTEXT('2D SPACE',''
  ) );
#13804 = ORIENTED_EDGE('',*,*,#7973,.F.);
#13805 = ORIENTED_EDGE('',*,*,#13806,.F.);
#13806 = EDGE_CURVE('',#13807,#7974,#13809,.T.);
#13807 = VERTEX_POINT('',#13808);
#13808 = CARTESIAN_POINT('',(70.,25.,23.));
#13809 = SURFACE_CURVE('',#13810,(#13814,#13821),.PCURVE_S1.);
#13810 = LINE('',#13811,#13812);
#13811 = CARTESIAN_POINT('',(70.,25.,23.));
#13812 = VECTOR('',#13813,1.);
#13813 = DIRECTION('',(1.,0.,0.));
#13814 = PCURVE('',#7990,#13815);
#13815 = DEFINITIONAL_REPRESENTATION('',(#13816),#13820);
#13816 = LINE('',#13817,#13818);
#13817 = CARTESIAN_POINT('',(0.,10.));
#13818 = VECTOR('',#13819,1.);
#13819 = DIRECTION('',(1.,0.));
#13820 = ( GEOMETRIC_REPRESENTATION_CONTEXT(2) 
PARAMETRIC_REPRESENTATION_CONTEXT() REPRESENTATION_CONTEXT('2D SPACE',''
  ) );
#13821 = PCURVE('',#8068,#13822);
#13822 = DEFINITIONAL_REPRESENTATION('',(#13823),#13827);
#13823 = LINE('',#13824,#13825);
#13824 = CARTESIAN_POINT('',(0.,0.));
#13825 = VECTOR('',#13826,1.);
#13826 = DIRECTION('',(0.,1.));
#13827 = ( GEOMETRIC_REPRESENTATION_CONTEXT(2) 
PARAMETRIC_REPRESENTATION_CONTEXT() REPRESENTATION_CONTEXT('2D SPACE',''
  ) );
#13828 = ORIENTED_EDGE('',*,*,#13829,.F.);
#13829 = EDGE_CURVE('',#13830,#13807,#13832,.T.);
#13830 = VERTEX_POINT('',#13831);
#13831 = CARTESIAN_POINT('',(70.,24.5,23.));
#13832 = SURFACE_CURVE('',#13833,(#13837,#13844),.PCURVE_S1.);
#13833 = LINE('',#13834,#13835);
#13834 = CARTESIAN_POINT('',(70.,15.,23.));
#13835 = VECTOR('',#13836,1.);
#13836 = DIRECTION('',(0.,1.,0.));
#13837 = PCURVE('',#7990,#13838);
#13838 = DEFINITIONAL_REPRESENTATION('',(#13839),#13843);
#13839 = LINE('',#13840,#13841);
#13840 = CARTESIAN_POINT('',(0.,0.));
#13841 = VECTOR('',#13842,1.);
#13842 = DIRECTION('',(0.,1.));
#13843 = ( GEOMETRIC_REPRESENTATION_CONTEXT(2) 
PARAMETRIC_REPRESENTATION_CONTEXT() REPRESENTATION_CONTEXT('2D SPACE',''
  ) );
#13844 = PCURVE('',#13845,#13850);
#13845 = PLANE('',#13846);
#13846 = AXIS2_PLACEMENT_3D('',#13847,#13848,#13849);
#13847 = CARTESIAN_POINT('',(70.,15.,23.));
#13848 = DIRECTION('',(1.,0.,0.));
#13849 = DIRECTION('',(0.,0.,1.));
#13850 = DEFINITIONAL_REPRESENTATION('',(#13851),#13855);
#13851 = LINE('',#13852,#13853);
#13852 = CARTESIAN_POINT('',(0.,0.));
#13853 = VECTOR('',#13854,1.);
#13854 = DIRECTION('',(0.,-1.));
#13855 = ( GEOMETRIC_REPRESENTATION_CONTEXT(2) 
PARAMETRIC_REPRESENTATION_CONTEXT() REPRESENTATION_CONTEXT('2D SPACE',''
  ) );
#13856 = ORIENTED_EDGE('',*,*,#13857,.T.);
#13857 = EDGE_CURVE('',#13830,#13757,#13858,.T.);
#13858 = SURFACE_CURVE('',#13859,(#13864,#13871),.PCURVE_S1.);
#13859 = CIRCLE('',#13860,4.5);
#13860 = AXIS2_PLACEMENT_3D('',#13861,#13862,#13863);
#13861 = CARTESIAN_POINT('',(70.,20.,23.));
#13862 = DIRECTION('',(0.,0.,1.));
#13863 = DIRECTION('',(1.,0.,0.));
#13864 = PCURVE('',#7990,#13865);
#13865 = DEFINITIONAL_REPRESENTATION('',(#13866),#13870);
#13866 = CIRCLE('',#13867,4.5);
#13867 = AXIS2_PLACEMENT_2D('',#13868,#13869);
#13868 = CARTESIAN_POINT('',(0.,5.));
#13869 = DIRECTION('',(1.,0.));
#13870 = ( GEOMETRIC_REPRESENTATION_CONTEXT(2) 
PARAMETRIC_REPRESENTATION_CONTEXT() REPRESENTATION_CONTEXT('2D SPACE',''
  ) );
#13871 = PCURVE('',#13872,#13877);
#13872 = CYLINDRICAL_SURFACE('',#13873,4.5);
#13873 = AXIS2_PLACEMENT_3D('',#13874,#13875,#13876);
#13874 = CARTESIAN_POINT('',(70.,20.,23.));
#13875 = DIRECTION('',(-0.,-0.,-1.));
#13876 = DIRECTION('',(1.,0.,0.));
#13877 = DEFINITIONAL_REPRESENTATION('',(#13878),#13882);
#13878 = LINE('',#13879,#13880);
#13879 = CARTESIAN_POINT('',(-0.,0.));
#13880 = VECTOR('',#13881,1.);
#13881 = DIRECTION('',(-1.,0.));
#13882 = ( GEOMETRIC_REPRESENTATION_CONTEXT(2) 
PARAMETRIC_REPRESENTATION_CONTEXT() REPRESENTATION_CONTEXT('2D SPACE',''
  ) );
#13883 = FACE_BOUND('',#13884,.F.);
#13884 = EDGE_LOOP('',(#13885));
#13885 = ORIENTED_EDGE('',*,*,#13886,.T.);
#13886 = EDGE_CURVE('',#13887,#13887,#13889,.T.);
#13887 = VERTEX_POINT('',#13888);
#13888 = CARTESIAN_POINT('',(72.1,20.,23.));
#13889 = SURFACE_CURVE('',#13890,(#13895,#13906),.PCURVE_S1.);
#13890 = CIRCLE('',#13891,2.1);
#13891 = AXIS2_PLACEMENT_3D('',#13892,#13893,#13894);
#13892 = CARTESIAN_POINT('',(70.,20.,23.));
#13893 = DIRECTION('',(0.,0.,-1.));
#13894 = DIRECTION('',(1.,0.,0.));
#13895 = PCURVE('',#7990,#13896);
#13896 = DEFINITIONAL_REPRESENTATION('',(#13897),#13905);
#13897 = ( BOUNDED_CURVE() B_SPLINE_CURVE(2,(#13898,#13899,#13900,#13901
    ,#13902,#13903,#13904),.UNSPECIFIED.,.T.,.F.) 
B_SPLINE_CURVE_WITH_KNOTS((1,2,2,2,2,1),(-2.094395102393,0.,
    2.094395102393,4.188790204786,6.28318530718,8.377580409573),
.UNSPECIFIED.) CURVE() GEOMETRIC_REPRESENTATION_ITEM() 
RATIONAL_B_SPLINE_CURVE((1.,0.5,1.,0.5,1.,0.5,1.)) REPRESENTATION_ITEM(
  '') );
#13898 = CARTESIAN_POINT('',(2.1,5.));
#13899 = CARTESIAN_POINT('',(2.1,1.362693304105));
#13900 = CARTESIAN_POINT('',(-1.05,3.181346652053));
#13901 = CARTESIAN_POINT('',(-4.2,5.));
#13902 = CARTESIAN_POINT('',(-1.05,6.818653347947));
#13903 = CARTESIAN_POINT('',(2.1,8.637306695895));
#13904 = CARTESIAN_POINT('',(2.1,5.));
#13905 = ( GEOMETRIC_REPRESENTATION_CONTEXT(2) 
PARAMETRIC_REPRESENTATION_CONTEXT() REPRESENTATION_CONTEXT('2D SPACE',''
  ) );
#13906 = PCURVE('',#13907,#13912);
#13907 = CYLINDRICAL_SURFACE('',#13908,2.1);
#13908 = AXIS2_PLACEMENT_3D('',#13909,#13910,#13911);
#13909 = CARTESIAN_POINT('',(70.,20.,22.5));
#13910 = DIRECTION('',(-0.,-0.,-1.));
#13911 = DIRECTION('',(1.,0.,0.));
#13912 = DEFINITIONAL_REPRESENTATION('',(#13913),#13917);
#13913 = LINE('',#13914,#13915);
#13914 = CARTESIAN_POINT('',(-6.28318530718,-0.5));
#13915 = VECTOR('',#13916,1.);
#13916 = DIRECTION('',(1.,-0.));
#13917 = ( GEOMETRIC_REPRESENTATION_CONTEXT(2) 
PARAMETRIC_REPRESENTATION_CONTEXT() REPRESENTATION_CONTEXT('2D SPACE',''
  ) );
#13918 = ADVANCED_FACE('',(#13919),#8017,.F.);
#13919 = FACE_BOUND('',#13920,.F.);
#13920 = EDGE_LOOP('',(#13921,#13922,#13945,#13966));
#13921 = ORIENTED_EDGE('',*,*,#13784,.F.);
#13922 = ORIENTED_EDGE('',*,*,#13923,.T.);
#13923 = EDGE_CURVE('',#13755,#13924,#13926,.T.);
#13924 = VERTEX_POINT('',#13925);
#13925 = CARTESIAN_POINT('',(70.,15.,35.));
#13926 = SURFACE_CURVE('',#13927,(#13931,#13938),.PCURVE_S1.);
#13927 = LINE('',#13928,#13929);
#13928 = CARTESIAN_POINT('',(70.,15.,23.));
#13929 = VECTOR('',#13930,1.);
#13930 = DIRECTION('',(0.,0.,1.));
#13931 = PCURVE('',#8017,#13932);
#13932 = DEFINITIONAL_REPRESENTATION('',(#13933),#13937);
#13933 = LINE('',#13934,#13935);
#13934 = CARTESIAN_POINT('',(0.,0.));
#13935 = VECTOR('',#13936,1.);
#13936 = DIRECTION('',(1.,0.));
#13937 = ( GEOMETRIC_REPRESENTATION_CONTEXT(2) 
PARAMETRIC_REPRESENTATION_CONTEXT() REPRESENTATION_CONTEXT('2D SPACE',''
  ) );
#13938 = PCURVE('',#13772,#13939);
#13939 = DEFINITIONAL_REPRESENTATION('',(#13940),#13944);
#13940 = LINE('',#13941,#13942);
#13941 = CARTESIAN_POINT('',(0.,0.));
#13942 = VECTOR('',#13943,1.);
#13943 = DIRECTION('',(1.,0.));
#13944 = ( GEOMETRIC_REPRESENTATION_CONTEXT(2) 
PARAMETRIC_REPRESENTATION_CONTEXT() REPRESENTATION_CONTEXT('2D SPACE',''
  ) );
#13945 = ORIENTED_EDGE('',*,*,#13946,.T.);
#13946 = EDGE_CURVE('',#13924,#8003,#13947,.T.);
#13947 = SURFACE_CURVE('',#13948,(#13952,#13959),.PCURVE_S1.);
#13948 = LINE('',#13949,#13950);
#13949 = CARTESIAN_POINT('',(70.,15.,35.));
#13950 = VECTOR('',#13951,1.);
#13951 = DIRECTION('',(1.,0.,0.));
#13952 = PCURVE('',#8017,#13953);
#13953 = DEFINITIONAL_REPRESENTATION('',(#13954),#13958);
#13954 = LINE('',#13955,#13956);
#13955 = CARTESIAN_POINT('',(12.,0.));
#13956 = VECTOR('',#13957,1.);
#13957 = DIRECTION('',(0.,1.));
#13958 = ( GEOMETRIC_REPRESENTATION_CONTEXT(2) 
PARAMETRIC_REPRESENTATION_CONTEXT() REPRESENTATION_CONTEXT('2D SPACE',''
  ) );
#13959 = PCURVE('',#8043,#13960);
#13960 = DEFINITIONAL_REPRESENTATION('',(#13961),#13965);
#13961 = LINE('',#13962,#13963);
#13962 = CARTESIAN_POINT('',(0.,0.));
#13963 = VECTOR('',#13964,1.);
#13964 = DIRECTION('',(1.,0.));
#13965 = ( GEOMETRIC_REPRESENTATION_CONTEXT(2) 
PARAMETRIC_REPRESENTATION_CONTEXT() REPRESENTATION_CONTEXT('2D SPACE',''
  ) );
#13966 = ORIENTED_EDGE('',*,*,#8002,.F.);
#13967 = ADVANCED_FACE('',(#13968),#8043,.T.);
#13968 = FACE_BOUND('',#13969,.T.);
#13969 = EDGE_LOOP('',(#13970,#13993,#13994,#13995,#14018,#14041));
#13970 = ORIENTED_EDGE('',*,*,#13971,.F.);
#13971 = EDGE_CURVE('',#13924,#13972,#13974,.T.);
#13972 = VERTEX_POINT('',#13973);
#13973 = CARTESIAN_POINT('',(70.,15.5,35.));
#13974 = SURFACE_CURVE('',#13975,(#13979,#13986),.PCURVE_S1.);
#13975 = LINE('',#13976,#13977);
#13976 = CARTESIAN_POINT('',(70.,15.,35.));
#13977 = VECTOR('',#13978,1.);
#13978 = DIRECTION('',(0.,1.,0.));
#13979 = PCURVE('',#8043,#13980);
#13980 = DEFINITIONAL_REPRESENTATION('',(#13981),#13985);
#13981 = LINE('',#13982,#13983);
#13982 = CARTESIAN_POINT('',(0.,0.));
#13983 = VECTOR('',#13984,1.);
#13984 = DIRECTION('',(0.,1.));
#13985 = ( GEOMETRIC_REPRESENTATION_CONTEXT(2) 
PARAMETRIC_REPRESENTATION_CONTEXT() REPRESENTATION_CONTEXT('2D SPACE',''
  ) );
#13986 = PCURVE('',#13772,#13987);
#13987 = DEFINITIONAL_REPRESENTATION('',(#13988),#13992);
#13988 = LINE('',#13989,#13990);
#13989 = CARTESIAN_POINT('',(12.,0.));
#13990 = VECTOR('',#13991,1.);
#13991 = DIRECTION('',(0.,-1.));
#13992 = ( GEOMETRIC_REPRESENTATION_CONTEXT(2) 
PARAMETRIC_REPRESENTATION_CONTEXT() REPRESENTATION_CONTEXT('2D SPACE',''
  ) );
#13993 = ORIENTED_EDGE('',*,*,#13946,.T.);
#13994 = ORIENTED_EDGE('',*,*,#8028,.F.);
#13995 = ORIENTED_EDGE('',*,*,#13996,.F.);
#13996 = EDGE_CURVE('',#13997,#8029,#13999,.T.);
#13997 = VERTEX_POINT('',#13998);
#13998 = CARTESIAN_POINT('',(70.,25.,35.));
#13999 = SURFACE_CURVE('',#14000,(#14004,#14011),.PCURVE_S1.);
#14000 = LINE('',#14001,#14002);
#14001 = CARTESIAN_POINT('',(70.,25.,35.));
#14002 = VECTOR('',#14003,1.);
#14003 = DIRECTION('',(1.,0.,0.));
#14004 = PCURVE('',#8043,#14005);
#14005 = DEFINITIONAL_REPRESENTATION('',(#14006),#14010);
#14006 = LINE('',#14007,#14008);
#14007 = CARTESIAN_POINT('',(0.,10.));
#14008 = VECTOR('',#14009,1.);
#14009 = DIRECTION('',(1.,0.));
#14010 = ( GEOMETRIC_REPRESENTATION_CONTEXT(2) 
PARAMETRIC_REPRESENTATION_CONTEXT() REPRESENTATION_CONTEXT('2D SPACE',''
  ) );
#14011 = PCURVE('',#8068,#14012);
#14012 = DEFINITIONAL_REPRESENTATION('',(#14013),#14017);
#14013 = LINE('',#14014,#14015);
#14014 = CARTESIAN_POINT('',(12.,0.));
#14015 = VECTOR('',#14016,1.);
#14016 = DIRECTION('',(0.,1.));
#14017 = ( GEOMETRIC_REPRESENTATION_CONTEXT(2) 
PARAMETRIC_REPRESENTATION_CONTEXT() REPRESENTATION_CONTEXT('2D SPACE',''
  ) );
#14018 = ORIENTED_EDGE('',*,*,#14019,.F.);
#14019 = EDGE_CURVE('',#14020,#13997,#14022,.T.);
#14020 = VERTEX_POINT('',#14021);
#14021 = CARTESIAN_POINT('',(70.,24.5,35.));
#14022 = SURFACE_CURVE('',#14023,(#14027,#14034),.PCURVE_S1.);
#14023 = LINE('',#14024,#14025);
#14024 = CARTESIAN_POINT('',(70.,15.,35.));
#14025 = VECTOR('',#14026,1.);
#14026 = DIRECTION('',(0.,1.,0.));
#14027 = PCURVE('',#8043,#14028);
#14028 = DEFINITIONAL_REPRESENTATION('',(#14029),#14033);
#14029 = LINE('',#14030,#14031);
#14030 = CARTESIAN_POINT('',(0.,0.));
#14031 = VECTOR('',#14032,1.);
#14032 = DIRECTION('',(0.,1.));
#14033 = ( GEOMETRIC_REPRESENTATION_CONTEXT(2) 
PARAMETRIC_REPRESENTATION_CONTEXT() REPRESENTATION_CONTEXT('2D SPACE',''
  ) );
#14034 = PCURVE('',#13845,#14035);
#14035 = DEFINITIONAL_REPRESENTATION('',(#14036),#14040);
#14036 = LINE('',#14037,#14038);
#14037 = CARTESIAN_POINT('',(12.,0.));
#14038 = VECTOR('',#14039,1.);
#14039 = DIRECTION('',(0.,-1.));
#14040 = ( GEOMETRIC_REPRESENTATION_CONTEXT(2) 
PARAMETRIC_REPRESENTATION_CONTEXT() REPRESENTATION_CONTEXT('2D SPACE',''
  ) );
#14041 = ORIENTED_EDGE('',*,*,#14042,.T.);
#14042 = EDGE_CURVE('',#14020,#13972,#14043,.T.);
#14043 = SURFACE_CURVE('',#14044,(#14049,#14056),.PCURVE_S1.);
#14044 = CIRCLE('',#14045,4.5);
#14045 = AXIS2_PLACEMENT_3D('',#14046,#14047,#14048);
#14046 = CARTESIAN_POINT('',(70.,20.,35.));
#14047 = DIRECTION('',(0.,0.,1.));
#14048 = DIRECTION('',(1.,0.,0.));
#14049 = PCURVE('',#8043,#14050);
#14050 = DEFINITIONAL_REPRESENTATION('',(#14051),#14055);
#14051 = CIRCLE('',#14052,4.5);
#14052 = AXIS2_PLACEMENT_2D('',#14053,#14054);
#14053 = CARTESIAN_POINT('',(0.,5.));
#14054 = DIRECTION('',(1.,0.));
#14055 = ( GEOMETRIC_REPRESENTATION_CONTEXT(2) 
PARAMETRIC_REPRESENTATION_CONTEXT() REPRESENTATION_CONTEXT('2D SPACE',''
  ) );
#14056 = PCURVE('',#13872,#14057);
#14057 = DEFINITIONAL_REPRESENTATION('',(#14058),#14062);
#14058 = LINE('',#14059,#14060);
#14059 = CARTESIAN_POINT('',(-0.,-12.));
#14060 = VECTOR('',#14061,1.);
#14061 = DIRECTION('',(-1.,0.));
#14062 = ( GEOMETRIC_REPRESENTATION_CONTEXT(2) 
PARAMETRIC_REPRESENTATION_CONTEXT() REPRESENTATION_CONTEXT('2D SPACE',''
  ) );
#14063 = ADVANCED_FACE('',(#14064),#8068,.T.);
#14064 = FACE_BOUND('',#14065,.T.);
#14065 = EDGE_LOOP('',(#14066,#14067,#14088,#14089));
#14066 = ORIENTED_EDGE('',*,*,#13806,.F.);
#14067 = ORIENTED_EDGE('',*,*,#14068,.T.);
#14068 = EDGE_CURVE('',#13807,#13997,#14069,.T.);
#14069 = SURFACE_CURVE('',#14070,(#14074,#14081),.PCURVE_S1.);
#14070 = LINE('',#14071,#14072);
#14071 = CARTESIAN_POINT('',(70.,25.,23.));
#14072 = VECTOR('',#14073,1.);
#14073 = DIRECTION('',(0.,0.,1.));
#14074 = PCURVE('',#8068,#14075);
#14075 = DEFINITIONAL_REPRESENTATION('',(#14076),#14080);
#14076 = LINE('',#14077,#14078);
#14077 = CARTESIAN_POINT('',(0.,0.));
#14078 = VECTOR('',#14079,1.);
#14079 = DIRECTION('',(1.,0.));
#14080 = ( GEOMETRIC_REPRESENTATION_CONTEXT(2) 
PARAMETRIC_REPRESENTATION_CONTEXT() REPRESENTATION_CONTEXT('2D SPACE',''
  ) );
#14081 = PCURVE('',#13845,#14082);
#14082 = DEFINITIONAL_REPRESENTATION('',(#14083),#14087);
#14083 = LINE('',#14084,#14085);
#14084 = CARTESIAN_POINT('',(0.,-10.));
#14085 = VECTOR('',#14086,1.);
#14086 = DIRECTION('',(1.,0.));
#14087 = ( GEOMETRIC_REPRESENTATION_CONTEXT(2) 
PARAMETRIC_REPRESENTATION_CONTEXT() REPRESENTATION_CONTEXT('2D SPACE',''
  ) );
#14088 = ORIENTED_EDGE('',*,*,#13996,.T.);
#14089 = ORIENTED_EDGE('',*,*,#8055,.F.);
#14090 = ADVANCED_FACE('',(#14091,#14223),#8098,.F.);
#14091 = FACE_BOUND('',#14092,.F.);
#14092 = EDGE_LOOP('',(#14093,#14123,#14144,#14145,#14168,#14196));
#14093 = ORIENTED_EDGE('',*,*,#14094,.F.);
#14094 = EDGE_CURVE('',#14095,#14097,#14099,.T.);
#14095 = VERTEX_POINT('',#14096);
#14096 = CARTESIAN_POINT('',(70.,-47.,23.));
#14097 = VERTEX_POINT('',#14098);
#14098 = CARTESIAN_POINT('',(70.,-46.5,23.));
#14099 = SURFACE_CURVE('',#14100,(#14104,#14111),.PCURVE_S1.);
#14100 = LINE('',#14101,#14102);
#14101 = CARTESIAN_POINT('',(70.,-47.,23.));
#14102 = VECTOR('',#14103,1.);
#14103 = DIRECTION('',(0.,1.,0.));
#14104 = PCURVE('',#8098,#14105);
#14105 = DEFINITIONAL_REPRESENTATION('',(#14106),#14110);
#14106 = LINE('',#14107,#14108);
#14107 = CARTESIAN_POINT('',(0.,0.));
#14108 = VECTOR('',#14109,1.);
#14109 = DIRECTION('',(0.,1.));
#14110 = ( GEOMETRIC_REPRESENTATION_CONTEXT(2) 
PARAMETRIC_REPRESENTATION_CONTEXT() REPRESENTATION_CONTEXT('2D SPACE',''
  ) );
#14111 = PCURVE('',#14112,#14117);
#14112 = PLANE('',#14113);
#14113 = AXIS2_PLACEMENT_3D('',#14114,#14115,#14116);
#14114 = CARTESIAN_POINT('',(70.,-47.,23.));
#14115 = DIRECTION('',(1.,0.,0.));
#14116 = DIRECTION('',(0.,0.,1.));
#14117 = DEFINITIONAL_REPRESENTATION('',(#14118),#14122);
#14118 = LINE('',#14119,#14120);
#14119 = CARTESIAN_POINT('',(0.,0.));
#14120 = VECTOR('',#14121,1.);
#14121 = DIRECTION('',(0.,-1.));
#14122 = ( GEOMETRIC_REPRESENTATION_CONTEXT(2) 
PARAMETRIC_REPRESENTATION_CONTEXT() REPRESENTATION_CONTEXT('2D SPACE',''
  ) );
#14123 = ORIENTED_EDGE('',*,*,#14124,.T.);
#14124 = EDGE_CURVE('',#14095,#8084,#14125,.T.);
#14125 = SURFACE_CURVE('',#14126,(#14130,#14137),.PCURVE_S1.);
#14126 = LINE('',#14127,#14128);
#14127 = CARTESIAN_POINT('',(70.,-47.,23.));
#14128 = VECTOR('',#14129,1.);
#14129 = DIRECTION('',(1.,0.,0.));
#14130 = PCURVE('',#8098,#14131);
#14131 = DEFINITIONAL_REPRESENTATION('',(#14132),#14136);
#14132 = LINE('',#14133,#14134);
#14133 = CARTESIAN_POINT('',(0.,0.));
#14134 = VECTOR('',#14135,1.);
#14135 = DIRECTION('',(1.,0.));
#14136 = ( GEOMETRIC_REPRESENTATION_CONTEXT(2) 
PARAMETRIC_REPRESENTATION_CONTEXT() REPRESENTATION_CONTEXT('2D SPACE',''
  ) );
#14137 = PCURVE('',#8125,#14138);
#14138 = DEFINITIONAL_REPRESENTATION('',(#14139),#14143);
#14139 = LINE('',#14140,#14141);
#14140 = CARTESIAN_POINT('',(0.,0.));
#14141 = VECTOR('',#14142,1.);
#14142 = DIRECTION('',(0.,1.));
#14143 = ( GEOMETRIC_REPRESENTATION_CONTEXT(2) 
PARAMETRIC_REPRESENTATION_CONTEXT() REPRESENTATION_CONTEXT('2D SPACE',''
  ) );
#14144 = ORIENTED_EDGE('',*,*,#8081,.F.);
#14145 = ORIENTED_EDGE('',*,*,#14146,.F.);
#14146 = EDGE_CURVE('',#14147,#8082,#14149,.T.);
#14147 = VERTEX_POINT('',#14148);
#14148 = CARTESIAN_POINT('',(70.,-37.,23.));
#14149 = SURFACE_CURVE('',#14150,(#14154,#14161),.PCURVE_S1.);
#14150 = LINE('',#14151,#14152);
#14151 = CARTESIAN_POINT('',(70.,-37.,23.));
#14152 = VECTOR('',#14153,1.);
#14153 = DIRECTION('',(1.,0.,0.));
#14154 = PCURVE('',#8098,#14155);
#14155 = DEFINITIONAL_REPRESENTATION('',(#14156),#14160);
#14156 = LINE('',#14157,#14158);
#14157 = CARTESIAN_POINT('',(0.,10.));
#14158 = VECTOR('',#14159,1.);
#14159 = DIRECTION('',(1.,0.));
#14160 = ( GEOMETRIC_REPRESENTATION_CONTEXT(2) 
PARAMETRIC_REPRESENTATION_CONTEXT() REPRESENTATION_CONTEXT('2D SPACE',''
  ) );
#14161 = PCURVE('',#8176,#14162);
#14162 = DEFINITIONAL_REPRESENTATION('',(#14163),#14167);
#14163 = LINE('',#14164,#14165);
#14164 = CARTESIAN_POINT('',(0.,0.));
#14165 = VECTOR('',#14166,1.);
#14166 = DIRECTION('',(0.,1.));
#14167 = ( GEOMETRIC_REPRESENTATION_CONTEXT(2) 
PARAMETRIC_REPRESENTATION_CONTEXT() REPRESENTATION_CONTEXT('2D SPACE',''
  ) );
#14168 = ORIENTED_EDGE('',*,*,#14169,.F.);
#14169 = EDGE_CURVE('',#14170,#14147,#14172,.T.);
#14170 = VERTEX_POINT('',#14171);
#14171 = CARTESIAN_POINT('',(70.,-37.5,23.));
#14172 = SURFACE_CURVE('',#14173,(#14177,#14184),.PCURVE_S1.);
#14173 = LINE('',#14174,#14175);
#14174 = CARTESIAN_POINT('',(70.,-47.,23.));
#14175 = VECTOR('',#14176,1.);
#14176 = DIRECTION('',(0.,1.,0.));
#14177 = PCURVE('',#8098,#14178);
#14178 = DEFINITIONAL_REPRESENTATION('',(#14179),#14183);
#14179 = LINE('',#14180,#14181);
#14180 = CARTESIAN_POINT('',(0.,0.));
#14181 = VECTOR('',#14182,1.);
#14182 = DIRECTION('',(0.,1.));
#14183 = ( GEOMETRIC_REPRESENTATION_CONTEXT(2) 
PARAMETRIC_REPRESENTATION_CONTEXT() REPRESENTATION_CONTEXT('2D SPACE',''
  ) );
#14184 = PCURVE('',#14185,#14190);
#14185 = PLANE('',#14186);
#14186 = AXIS2_PLACEMENT_3D('',#14187,#14188,#14189);
#14187 = CARTESIAN_POINT('',(70.,-47.,23.));
#14188 = DIRECTION('',(1.,0.,0.));
#14189 = DIRECTION('',(0.,0.,1.));
#14190 = DEFINITIONAL_REPRESENTATION('',(#14191),#14195);
#14191 = LINE('',#14192,#14193);
#14192 = CARTESIAN_POINT('',(0.,0.));
#14193 = VECTOR('',#14194,1.);
#14194 = DIRECTION('',(0.,-1.));
#14195 = ( GEOMETRIC_REPRESENTATION_CONTEXT(2) 
PARAMETRIC_REPRESENTATION_CONTEXT() REPRESENTATION_CONTEXT('2D SPACE',''
  ) );
#14196 = ORIENTED_EDGE('',*,*,#14197,.T.);
#14197 = EDGE_CURVE('',#14170,#14097,#14198,.T.);
#14198 = SURFACE_CURVE('',#14199,(#14204,#14211),.PCURVE_S1.);
#14199 = CIRCLE('',#14200,4.5);
#14200 = AXIS2_PLACEMENT_3D('',#14201,#14202,#14203);
#14201 = CARTESIAN_POINT('',(70.,-42.,23.));
#14202 = DIRECTION('',(0.,0.,1.));
#14203 = DIRECTION('',(1.,0.,0.));
#14204 = PCURVE('',#8098,#14205);
#14205 = DEFINITIONAL_REPRESENTATION('',(#14206),#14210);
#14206 = CIRCLE('',#14207,4.5);
#14207 = AXIS2_PLACEMENT_2D('',#14208,#14209);
#14208 = CARTESIAN_POINT('',(0.,5.));
#14209 = DIRECTION('',(1.,0.));
#14210 = ( GEOMETRIC_REPRESENTATION_CONTEXT(2) 
PARAMETRIC_REPRESENTATION_CONTEXT() REPRESENTATION_CONTEXT('2D SPACE',''
  ) );
#14211 = PCURVE('',#14212,#14217);
#14212 = CYLINDRICAL_SURFACE('',#14213,4.5);
#14213 = AXIS2_PLACEMENT_3D('',#14214,#14215,#14216);
#14214 = CARTESIAN_POINT('',(70.,-42.,23.));
#14215 = DIRECTION('',(-0.,-0.,-1.));
#14216 = DIRECTION('',(1.,0.,0.));
#14217 = DEFINITIONAL_REPRESENTATION('',(#14218),#14222);
#14218 = LINE('',#14219,#14220);
#14219 = CARTESIAN_POINT('',(-0.,0.));
#14220 = VECTOR('',#14221,1.);
#14221 = DIRECTION('',(-1.,0.));
#14222 = ( GEOMETRIC_REPRESENTATION_CONTEXT(2) 
PARAMETRIC_REPRESENTATION_CONTEXT() REPRESENTATION_CONTEXT('2D SPACE',''
  ) );
#14223 = FACE_BOUND('',#14224,.F.);
#14224 = EDGE_LOOP('',(#14225));
#14225 = ORIENTED_EDGE('',*,*,#14226,.T.);
#14226 = EDGE_CURVE('',#14227,#14227,#14229,.T.);
#14227 = VERTEX_POINT('',#14228);
#14228 = CARTESIAN_POINT('',(72.1,-42.,23.));
#14229 = SURFACE_CURVE('',#14230,(#14235,#14246),.PCURVE_S1.);
#14230 = CIRCLE('',#14231,2.1);
#14231 = AXIS2_PLACEMENT_3D('',#14232,#14233,#14234);
#14232 = CARTESIAN_POINT('',(70.,-42.,23.));
#14233 = DIRECTION('',(0.,0.,-1.));
#14234 = DIRECTION('',(1.,0.,0.));
#14235 = PCURVE('',#8098,#14236);
#14236 = DEFINITIONAL_REPRESENTATION('',(#14237),#14245);
#14237 = ( BOUNDED_CURVE() B_SPLINE_CURVE(2,(#14238,#14239,#14240,#14241
    ,#14242,#14243,#14244),.UNSPECIFIED.,.T.,.F.) 
B_SPLINE_CURVE_WITH_KNOTS((1,2,2,2,2,1),(-2.094395102393,0.,
    2.094395102393,4.188790204786,6.28318530718,8.377580409573),
.UNSPECIFIED.) CURVE() GEOMETRIC_REPRESENTATION_ITEM() 
RATIONAL_B_SPLINE_CURVE((1.,0.5,1.,0.5,1.,0.5,1.)) REPRESENTATION_ITEM(
  '') );
#14238 = CARTESIAN_POINT('',(2.1,5.));
#14239 = CARTESIAN_POINT('',(2.1,1.362693304105));
#14240 = CARTESIAN_POINT('',(-1.05,3.181346652053));
#14241 = CARTESIAN_POINT('',(-4.2,5.));
#14242 = CARTESIAN_POINT('',(-1.05,6.818653347947));
#14243 = CARTESIAN_POINT('',(2.1,8.637306695895));
#14244 = CARTESIAN_POINT('',(2.1,5.));
#14245 = ( GEOMETRIC_REPRESENTATION_CONTEXT(2) 
PARAMETRIC_REPRESENTATION_CONTEXT() REPRESENTATION_CONTEXT('2D SPACE',''
  ) );
#14246 = PCURVE('',#14247,#14252);
#14247 = CYLINDRICAL_SURFACE('',#14248,2.1);
#14248 = AXIS2_PLACEMENT_3D('',#14249,#14250,#14251);
#14249 = CARTESIAN_POINT('',(70.,-42.,22.5));
#14250 = DIRECTION('',(-0.,-0.,-1.));
#14251 = DIRECTION('',(1.,0.,0.));
#14252 = DEFINITIONAL_REPRESENTATION('',(#14253),#14257);
#14253 = LINE('',#14254,#14255);
#14254 = CARTESIAN_POINT('',(-6.28318530718,-0.5));
#14255 = VECTOR('',#14256,1.);
#14256 = DIRECTION('',(1.,-0.));
#14257 = ( GEOMETRIC_REPRESENTATION_CONTEXT(2) 
PARAMETRIC_REPRESENTATION_CONTEXT() REPRESENTATION_CONTEXT('2D SPACE',''
  ) );
#14258 = ADVANCED_FACE('',(#14259),#8125,.F.);
#14259 = FACE_BOUND('',#14260,.F.);
#14260 = EDGE_LOOP('',(#14261,#14262,#14285,#14306));
#14261 = ORIENTED_EDGE('',*,*,#14124,.F.);
#14262 = ORIENTED_EDGE('',*,*,#14263,.T.);
#14263 = EDGE_CURVE('',#14095,#14264,#14266,.T.);
#14264 = VERTEX_POINT('',#14265);
#14265 = CARTESIAN_POINT('',(70.,-47.,35.));
#14266 = SURFACE_CURVE('',#14267,(#14271,#14278),.PCURVE_S1.);
#14267 = LINE('',#14268,#14269);
#14268 = CARTESIAN_POINT('',(70.,-47.,23.));
#14269 = VECTOR('',#14270,1.);
#14270 = DIRECTION('',(0.,0.,1.));
#14271 = PCURVE('',#8125,#14272);
#14272 = DEFINITIONAL_REPRESENTATION('',(#14273),#14277);
#14273 = LINE('',#14274,#14275);
#14274 = CARTESIAN_POINT('',(0.,0.));
#14275 = VECTOR('',#14276,1.);
#14276 = DIRECTION('',(1.,0.));
#14277 = ( GEOMETRIC_REPRESENTATION_CONTEXT(2) 
PARAMETRIC_REPRESENTATION_CONTEXT() REPRESENTATION_CONTEXT('2D SPACE',''
  ) );
#14278 = PCURVE('',#14112,#14279);
#14279 = DEFINITIONAL_REPRESENTATION('',(#14280),#14284);
#14280 = LINE('',#14281,#14282);
#14281 = CARTESIAN_POINT('',(0.,0.));
#14282 = VECTOR('',#14283,1.);
#14283 = DIRECTION('',(1.,0.));
#14284 = ( GEOMETRIC_REPRESENTATION_CONTEXT(2) 
PARAMETRIC_REPRESENTATION_CONTEXT() REPRESENTATION_CONTEXT('2D SPACE',''
  ) );
#14285 = ORIENTED_EDGE('',*,*,#14286,.T.);
#14286 = EDGE_CURVE('',#14264,#8111,#14287,.T.);
#14287 = SURFACE_CURVE('',#14288,(#14292,#14299),.PCURVE_S1.);
#14288 = LINE('',#14289,#14290);
#14289 = CARTESIAN_POINT('',(70.,-47.,35.));
#14290 = VECTOR('',#14291,1.);
#14291 = DIRECTION('',(1.,0.,0.));
#14292 = PCURVE('',#8125,#14293);
#14293 = DEFINITIONAL_REPRESENTATION('',(#14294),#14298);
#14294 = LINE('',#14295,#14296);
#14295 = CARTESIAN_POINT('',(12.,0.));
#14296 = VECTOR('',#14297,1.);
#14297 = DIRECTION('',(0.,1.));
#14298 = ( GEOMETRIC_REPRESENTATION_CONTEXT(2) 
PARAMETRIC_REPRESENTATION_CONTEXT() REPRESENTATION_CONTEXT('2D SPACE',''
  ) );
#14299 = PCURVE('',#8151,#14300);
#14300 = DEFINITIONAL_REPRESENTATION('',(#14301),#14305);
#14301 = LINE('',#14302,#14303);
#14302 = CARTESIAN_POINT('',(0.,0.));
#14303 = VECTOR('',#14304,1.);
#14304 = DIRECTION('',(1.,0.));
#14305 = ( GEOMETRIC_REPRESENTATION_CONTEXT(2) 
PARAMETRIC_REPRESENTATION_CONTEXT() REPRESENTATION_CONTEXT('2D SPACE',''
  ) );
#14306 = ORIENTED_EDGE('',*,*,#8110,.F.);
#14307 = ADVANCED_FACE('',(#14308),#8151,.T.);
#14308 = FACE_BOUND('',#14309,.T.);
#14309 = EDGE_LOOP('',(#14310,#14333,#14334,#14335,#14358,#14381));
#14310 = ORIENTED_EDGE('',*,*,#14311,.F.);
#14311 = EDGE_CURVE('',#14264,#14312,#14314,.T.);
#14312 = VERTEX_POINT('',#14313);
#14313 = CARTESIAN_POINT('',(70.,-46.5,35.));
#14314 = SURFACE_CURVE('',#14315,(#14319,#14326),.PCURVE_S1.);
#14315 = LINE('',#14316,#14317);
#14316 = CARTESIAN_POINT('',(70.,-47.,35.));
#14317 = VECTOR('',#14318,1.);
#14318 = DIRECTION('',(0.,1.,0.));
#14319 = PCURVE('',#8151,#14320);
#14320 = DEFINITIONAL_REPRESENTATION('',(#14321),#14325);
#14321 = LINE('',#14322,#14323);
#14322 = CARTESIAN_POINT('',(0.,0.));
#14323 = VECTOR('',#14324,1.);
#14324 = DIRECTION('',(0.,1.));
#14325 = ( GEOMETRIC_REPRESENTATION_CONTEXT(2) 
PARAMETRIC_REPRESENTATION_CONTEXT() REPRESENTATION_CONTEXT('2D SPACE',''
  ) );
#14326 = PCURVE('',#14112,#14327);
#14327 = DEFINITIONAL_REPRESENTATION('',(#14328),#14332);
#14328 = LINE('',#14329,#14330);
#14329 = CARTESIAN_POINT('',(12.,0.));
#14330 = VECTOR('',#14331,1.);
#14331 = DIRECTION('',(0.,-1.));
#14332 = ( GEOMETRIC_REPRESENTATION_CONTEXT(2) 
PARAMETRIC_REPRESENTATION_CONTEXT() REPRESENTATION_CONTEXT('2D SPACE',''
  ) );
#14333 = ORIENTED_EDGE('',*,*,#14286,.T.);
#14334 = ORIENTED_EDGE('',*,*,#8136,.F.);
#14335 = ORIENTED_EDGE('',*,*,#14336,.F.);
#14336 = EDGE_CURVE('',#14337,#8137,#14339,.T.);
#14337 = VERTEX_POINT('',#14338);
#14338 = CARTESIAN_POINT('',(70.,-37.,35.));
#14339 = SURFACE_CURVE('',#14340,(#14344,#14351),.PCURVE_S1.);
#14340 = LINE('',#14341,#14342);
#14341 = CARTESIAN_POINT('',(70.,-37.,35.));
#14342 = VECTOR('',#14343,1.);
#14343 = DIRECTION('',(1.,0.,0.));
#14344 = PCURVE('',#8151,#14345);
#14345 = DEFINITIONAL_REPRESENTATION('',(#14346),#14350);
#14346 = LINE('',#14347,#14348);
#14347 = CARTESIAN_POINT('',(0.,10.));
#14348 = VECTOR('',#14349,1.);
#14349 = DIRECTION('',(1.,0.));
#14350 = ( GEOMETRIC_REPRESENTATION_CONTEXT(2) 
PARAMETRIC_REPRESENTATION_CONTEXT() REPRESENTATION_CONTEXT('2D SPACE',''
  ) );
#14351 = PCURVE('',#8176,#14352);
#14352 = DEFINITIONAL_REPRESENTATION('',(#14353),#14357);
#14353 = LINE('',#14354,#14355);
#14354 = CARTESIAN_POINT('',(12.,0.));
#14355 = VECTOR('',#14356,1.);
#14356 = DIRECTION('',(0.,1.));
#14357 = ( GEOMETRIC_REPRESENTATION_CONTEXT(2) 
PARAMETRIC_REPRESENTATION_CONTEXT() REPRESENTATION_CONTEXT('2D SPACE',''
  ) );
#14358 = ORIENTED_EDGE('',*,*,#14359,.F.);
#14359 = EDGE_CURVE('',#14360,#14337,#14362,.T.);
#14360 = VERTEX_POINT('',#14361);
#14361 = CARTESIAN_POINT('',(70.,-37.5,35.));
#14362 = SURFACE_CURVE('',#14363,(#14367,#14374),.PCURVE_S1.);
#14363 = LINE('',#14364,#14365);
#14364 = CARTESIAN_POINT('',(70.,-47.,35.));
#14365 = VECTOR('',#14366,1.);
#14366 = DIRECTION('',(0.,1.,0.));
#14367 = PCURVE('',#8151,#14368);
#14368 = DEFINITIONAL_REPRESENTATION('',(#14369),#14373);
#14369 = LINE('',#14370,#14371);
#14370 = CARTESIAN_POINT('',(0.,0.));
#14371 = VECTOR('',#14372,1.);
#14372 = DIRECTION('',(0.,1.));
#14373 = ( GEOMETRIC_REPRESENTATION_CONTEXT(2) 
PARAMETRIC_REPRESENTATION_CONTEXT() REPRESENTATION_CONTEXT('2D SPACE',''
  ) );
#14374 = PCURVE('',#14185,#14375);
#14375 = DEFINITIONAL_REPRESENTATION('',(#14376),#14380);
#14376 = LINE('',#14377,#14378);
#14377 = CARTESIAN_POINT('',(12.,0.));
#14378 = VECTOR('',#14379,1.);
#14379 = DIRECTION('',(0.,-1.));
#14380 = ( GEOMETRIC_REPRESENTATION_CONTEXT(2) 
PARAMETRIC_REPRESENTATION_CONTEXT() REPRESENTATION_CONTEXT('2D SPACE',''
  ) );
#14381 = ORIENTED_EDGE('',*,*,#14382,.T.);
#14382 = EDGE_CURVE('',#14360,#14312,#14383,.T.);
#14383 = SURFACE_CURVE('',#14384,(#14389,#14396),.PCURVE_S1.);
#14384 = CIRCLE('',#14385,4.5);
#14385 = AXIS2_PLACEMENT_3D('',#14386,#14387,#14388);
#14386 = CARTESIAN_POINT('',(70.,-42.,35.));
#14387 = DIRECTION('',(0.,0.,1.));
#14388 = DIRECTION('',(1.,0.,0.));
#14389 = PCURVE('',#8151,#14390);
#14390 = DEFINITIONAL_REPRESENTATION('',(#14391),#14395);
#14391 = CIRCLE('',#14392,4.5);
#14392 = AXIS2_PLACEMENT_2D('',#14393,#14394);
#14393 = CARTESIAN_POINT('',(0.,5.));
#14394 = DIRECTION('',(1.,0.));
#14395 = ( GEOMETRIC_REPRESENTATION_CONTEXT(2) 
PARAMETRIC_REPRESENTATION_CONTEXT() REPRESENTATION_CONTEXT('2D SPACE',''
  ) );
#14396 = PCURVE('',#14212,#14397);
#14397 = DEFINITIONAL_REPRESENTATION('',(#14398),#14402);
#14398 = LINE('',#14399,#14400);
#14399 = CARTESIAN_POINT('',(-0.,-12.));
#14400 = VECTOR('',#14401,1.);
#14401 = DIRECTION('',(-1.,0.));
#14402 = ( GEOMETRIC_REPRESENTATION_CONTEXT(2) 
PARAMETRIC_REPRESENTATION_CONTEXT() REPRESENTATION_CONTEXT('2D SPACE',''
  ) );
#14403 = ADVANCED_FACE('',(#14404),#8176,.T.);
#14404 = FACE_BOUND('',#14405,.T.);
#14405 = EDGE_LOOP('',(#14406,#14407,#14428,#14429));
#14406 = ORIENTED_EDGE('',*,*,#14146,.F.);
#14407 = ORIENTED_EDGE('',*,*,#14408,.T.);
#14408 = EDGE_CURVE('',#14147,#14337,#14409,.T.);
#14409 = SURFACE_CURVE('',#14410,(#14414,#14421),.PCURVE_S1.);
#14410 = LINE('',#14411,#14412);
#14411 = CARTESIAN_POINT('',(70.,-37.,23.));
#14412 = VECTOR('',#14413,1.);
#14413 = DIRECTION('',(0.,0.,1.));
#14414 = PCURVE('',#8176,#14415);
#14415 = DEFINITIONAL_REPRESENTATION('',(#14416),#14420);
#14416 = LINE('',#14417,#14418);
#14417 = CARTESIAN_POINT('',(0.,0.));
#14418 = VECTOR('',#14419,1.);
#14419 = DIRECTION('',(1.,0.));
#14420 = ( GEOMETRIC_REPRESENTATION_CONTEXT(2) 
PARAMETRIC_REPRESENTATION_CONTEXT() REPRESENTATION_CONTEXT('2D SPACE',''
  ) );
#14421 = PCURVE('',#14185,#14422);
#14422 = DEFINITIONAL_REPRESENTATION('',(#14423),#14427);
#14423 = LINE('',#14424,#14425);
#14424 = CARTESIAN_POINT('',(0.,-10.));
#14425 = VECTOR('',#14426,1.);
#14426 = DIRECTION('',(1.,0.));
#14427 = ( GEOMETRIC_REPRESENTATION_CONTEXT(2) 
PARAMETRIC_REPRESENTATION_CONTEXT() REPRESENTATION_CONTEXT('2D SPACE',''
  ) );
#14428 = ORIENTED_EDGE('',*,*,#14336,.T.);
#14429 = ORIENTED_EDGE('',*,*,#8163,.F.);
#14430 = ADVANCED_FACE('',(#14431),#8206,.F.);
#14431 = FACE_BOUND('',#14432,.F.);
#14432 = EDGE_LOOP('',(#14433,#14456,#14489,#14517,#14538));
#14433 = ORIENTED_EDGE('',*,*,#14434,.F.);
#14434 = EDGE_CURVE('',#14435,#8190,#14437,.T.);
#14435 = VERTEX_POINT('',#14436);
#14436 = CARTESIAN_POINT('',(63.,-40.5,79.5));
#14437 = SURFACE_CURVE('',#14438,(#14442,#14449),.PCURVE_S1.);
#14438 = LINE('',#14439,#14440);
#14439 = CARTESIAN_POINT('',(-1.5,-40.5,79.5));
#14440 = VECTOR('',#14441,1.);
#14441 = DIRECTION('',(1.,0.,0.));
#14442 = PCURVE('',#8206,#14443);
#14443 = DEFINITIONAL_REPRESENTATION('',(#14444),#14448);
#14444 = LINE('',#14445,#14446);
#14445 = CARTESIAN_POINT('',(0.,9.));
#14446 = VECTOR('',#14447,1.);
#14447 = DIRECTION('',(1.,0.));
#14448 = ( GEOMETRIC_REPRESENTATION_CONTEXT(2) 
PARAMETRIC_REPRESENTATION_CONTEXT() REPRESENTATION_CONTEXT('2D SPACE',''
  ) );
#14449 = PCURVE('',#8284,#14450);
#14450 = DEFINITIONAL_REPRESENTATION('',(#14451),#14455);
#14451 = LINE('',#14452,#14453);
#14452 = CARTESIAN_POINT('',(0.,0.));
#14453 = VECTOR('',#14454,1.);
#14454 = DIRECTION('',(0.,1.));
#14455 = ( GEOMETRIC_REPRESENTATION_CONTEXT(2) 
PARAMETRIC_REPRESENTATION_CONTEXT() REPRESENTATION_CONTEXT('2D SPACE',''
  ) );
#14456 = ORIENTED_EDGE('',*,*,#14457,.T.);
#14457 = EDGE_CURVE('',#14435,#14458,#14460,.T.);
#14458 = VERTEX_POINT('',#14459);
#14459 = CARTESIAN_POINT('',(67.5,-45.,79.5));
#14460 = SURFACE_CURVE('',#14461,(#14466,#14477),.PCURVE_S1.);
#14461 = CIRCLE('',#14462,4.5);
#14462 = AXIS2_PLACEMENT_3D('',#14463,#14464,#14465);
#14463 = CARTESIAN_POINT('',(63.,-45.,79.5));
#14464 = DIRECTION('',(0.,0.,-1.));
#14465 = DIRECTION('',(1.,0.,0.));
#14466 = PCURVE('',#8206,#14467);
#14467 = DEFINITIONAL_REPRESENTATION('',(#14468),#14476);
#14468 = ( BOUNDED_CURVE() B_SPLINE_CURVE(2,(#14469,#14470,#14471,#14472
    ,#14473,#14474,#14475),.UNSPECIFIED.,.T.,.F.) 
B_SPLINE_CURVE_WITH_KNOTS((1,2,2,2,2,1),(-2.094395102393,0.,
    2.094395102393,4.188790204786,6.28318530718,8.377580409573),
.UNSPECIFIED.) CURVE() GEOMETRIC_REPRESENTATION_ITEM() 
RATIONAL_B_SPLINE_CURVE((1.,0.5,1.,0.5,1.,0.5,1.)) REPRESENTATION_ITEM(
  '') );
#14469 = CARTESIAN_POINT('',(69.,4.5));
#14470 = CARTESIAN_POINT('',(69.,-3.29422863406));
#14471 = CARTESIAN_POINT('',(62.25,0.60288568297));
#14472 = CARTESIAN_POINT('',(55.5,4.5));
#14473 = CARTESIAN_POINT('',(62.25,8.39711431703));
#14474 = CARTESIAN_POINT('',(69.,12.29422863406));
#14475 = CARTESIAN_POINT('',(69.,4.5));
#14476 = ( GEOMETRIC_REPRESENTATION_CONTEXT(2) 
PARAMETRIC_REPRESENTATION_CONTEXT() REPRESENTATION_CONTEXT('2D SPACE',''
  ) );
#14477 = PCURVE('',#14478,#14483);
#14478 = CYLINDRICAL_SURFACE('',#14479,4.5);
#14479 = AXIS2_PLACEMENT_3D('',#14480,#14481,#14482);
#14480 = CARTESIAN_POINT('',(63.,-45.,75.));
#14481 = DIRECTION('',(-0.,-0.,-1.));
#14482 = DIRECTION('',(1.,0.,0.));
#14483 = DEFINITIONAL_REPRESENTATION('',(#14484),#14488);
#14484 = LINE('',#14485,#14486);
#14485 = CARTESIAN_POINT('',(-6.28318530718,-4.5));
#14486 = VECTOR('',#14487,1.);
#14487 = DIRECTION('',(1.,-0.));
#14488 = ( GEOMETRIC_REPRESENTATION_CONTEXT(2) 
PARAMETRIC_REPRESENTATION_CONTEXT() REPRESENTATION_CONTEXT('2D SPACE',''
  ) );
#14489 = ORIENTED_EDGE('',*,*,#14490,.T.);
#14490 = EDGE_CURVE('',#14458,#14491,#14493,.T.);
#14491 = VERTEX_POINT('',#14492);
#14492 = CARTESIAN_POINT('',(63.,-49.5,79.5));
#14493 = SURFACE_CURVE('',#14494,(#14499,#14510),.PCURVE_S1.);
#14494 = CIRCLE('',#14495,4.5);
#14495 = AXIS2_PLACEMENT_3D('',#14496,#14497,#14498);
#14496 = CARTESIAN_POINT('',(63.,-45.,79.5));
#14497 = DIRECTION('',(0.,0.,-1.));
#14498 = DIRECTION('',(1.,0.,0.));
#14499 = PCURVE('',#8206,#14500);
#14500 = DEFINITIONAL_REPRESENTATION('',(#14501),#14509);
#14501 = ( BOUNDED_CURVE() B_SPLINE_CURVE(2,(#14502,#14503,#14504,#14505
    ,#14506,#14507,#14508),.UNSPECIFIED.,.T.,.F.) 
B_SPLINE_CURVE_WITH_KNOTS((1,2,2,2,2,1),(-2.094395102393,0.,
    2.094395102393,4.188790204786,6.28318530718,8.377580409573),
.UNSPECIFIED.) CURVE() GEOMETRIC_REPRESENTATION_ITEM() 
RATIONAL_B_SPLINE_CURVE((1.,0.5,1.,0.5,1.,0.5,1.)) REPRESENTATION_ITEM(
  '') );
#14502 = CARTESIAN_POINT('',(69.,4.5));
#14503 = CARTESIAN_POINT('',(69.,-3.29422863406));
#14504 = CARTESIAN_POINT('',(62.25,0.60288568297));
#14505 = CARTESIAN_POINT('',(55.5,4.5));
#14506 = CARTESIAN_POINT('',(62.25,8.39711431703));
#14507 = CARTESIAN_POINT('',(69.,12.29422863406));
#14508 = CARTESIAN_POINT('',(69.,4.5));
#14509 = ( GEOMETRIC_REPRESENTATION_CONTEXT(2) 
PARAMETRIC_REPRESENTATION_CONTEXT() REPRESENTATION_CONTEXT('2D SPACE',''
  ) );
#14510 = PCURVE('',#14478,#14511);
#14511 = DEFINITIONAL_REPRESENTATION('',(#14512),#14516);
#14512 = LINE('',#14513,#14514);
#14513 = CARTESIAN_POINT('',(-6.28318530718,-4.5));
#14514 = VECTOR('',#14515,1.);
#14515 = DIRECTION('',(1.,-0.));
#14516 = ( GEOMETRIC_REPRESENTATION_CONTEXT(2) 
PARAMETRIC_REPRESENTATION_CONTEXT() REPRESENTATION_CONTEXT('2D SPACE',''
  ) );
#14517 = ORIENTED_EDGE('',*,*,#14518,.T.);
#14518 = EDGE_CURVE('',#14491,#8192,#14519,.T.);
#14519 = SURFACE_CURVE('',#14520,(#14524,#14531),.PCURVE_S1.);
#14520 = LINE('',#14521,#14522);
#14521 = CARTESIAN_POINT('',(-1.5,-49.5,79.5));
#14522 = VECTOR('',#14523,1.);
#14523 = DIRECTION('',(1.,0.,0.));
#14524 = PCURVE('',#8206,#14525);
#14525 = DEFINITIONAL_REPRESENTATION('',(#14526),#14530);
#14526 = LINE('',#14527,#14528);
#14527 = CARTESIAN_POINT('',(0.,0.));
#14528 = VECTOR('',#14529,1.);
#14529 = DIRECTION('',(1.,0.));
#14530 = ( GEOMETRIC_REPRESENTATION_CONTEXT(2) 
PARAMETRIC_REPRESENTATION_CONTEXT() REPRESENTATION_CONTEXT('2D SPACE',''
  ) );
#14531 = PCURVE('',#8232,#14532);
#14532 = DEFINITIONAL_REPRESENTATION('',(#14533),#14537);
#14533 = LINE('',#14534,#14535);
#14534 = CARTESIAN_POINT('',(0.,0.));
#14535 = VECTOR('',#14536,1.);
#14536 = DIRECTION('',(0.,1.));
#14537 = ( GEOMETRIC_REPRESENTATION_CONTEXT(2) 
PARAMETRIC_REPRESENTATION_CONTEXT() REPRESENTATION_CONTEXT('2D SPACE',''
  ) );
#14538 = ORIENTED_EDGE('',*,*,#8189,.F.);
#14539 = ADVANCED_FACE('',(#14540),#8232,.F.);
#14540 = FACE_BOUND('',#14541,.F.);
#14541 = EDGE_LOOP('',(#14542,#14543,#14571,#14599,#14627,#14648));
#14542 = ORIENTED_EDGE('',*,*,#14518,.F.);
#14543 = ORIENTED_EDGE('',*,*,#14544,.F.);
#14544 = EDGE_CURVE('',#14545,#14491,#14547,.T.);
#14545 = VERTEX_POINT('',#14546);
#14546 = CARTESIAN_POINT('',(7.,-49.5,79.5));
#14547 = SURFACE_CURVE('',#14548,(#14552,#14559),.PCURVE_S1.);
#14548 = LINE('',#14549,#14550);
#14549 = CARTESIAN_POINT('',(-1.5,-49.5,79.5));
#14550 = VECTOR('',#14551,1.);
#14551 = DIRECTION('',(1.,0.,0.));
#14552 = PCURVE('',#8232,#14553);
#14553 = DEFINITIONAL_REPRESENTATION('',(#14554),#14558);
#14554 = LINE('',#14555,#14556);
#14555 = CARTESIAN_POINT('',(0.,0.));
#14556 = VECTOR('',#14557,1.);
#14557 = DIRECTION('',(0.,1.));
#14558 = ( GEOMETRIC_REPRESENTATION_CONTEXT(2) 
PARAMETRIC_REPRESENTATION_CONTEXT() REPRESENTATION_CONTEXT('2D SPACE',''
  ) );
#14559 = PCURVE('',#14560,#14565);
#14560 = PLANE('',#14561);
#14561 = AXIS2_PLACEMENT_3D('',#14562,#14563,#14564);
#14562 = CARTESIAN_POINT('',(-1.5,-49.5,79.5));
#14563 = DIRECTION('',(0.,0.,1.));
#14564 = DIRECTION('',(1.,0.,0.));
#14565 = DEFINITIONAL_REPRESENTATION('',(#14566),#14570);
#14566 = LINE('',#14567,#14568);
#14567 = CARTESIAN_POINT('',(0.,0.));
#14568 = VECTOR('',#14569,1.);
#14569 = DIRECTION('',(1.,0.));
#14570 = ( GEOMETRIC_REPRESENTATION_CONTEXT(2) 
PARAMETRIC_REPRESENTATION_CONTEXT() REPRESENTATION_CONTEXT('2D SPACE',''
  ) );
#14571 = ORIENTED_EDGE('',*,*,#14572,.F.);
#14572 = EDGE_CURVE('',#14573,#14545,#14575,.T.);
#14573 = VERTEX_POINT('',#14574);
#14574 = CARTESIAN_POINT('',(-1.5,-49.5,79.5));
#14575 = SURFACE_CURVE('',#14576,(#14580,#14587),.PCURVE_S1.);
#14576 = LINE('',#14577,#14578);
#14577 = CARTESIAN_POINT('',(-1.5,-49.5,79.5));
#14578 = VECTOR('',#14579,1.);
#14579 = DIRECTION('',(1.,0.,0.));
#14580 = PCURVE('',#8232,#14581);
#14581 = DEFINITIONAL_REPRESENTATION('',(#14582),#14586);
#14582 = LINE('',#14583,#14584);
#14583 = CARTESIAN_POINT('',(0.,0.));
#14584 = VECTOR('',#14585,1.);
#14585 = DIRECTION('',(0.,1.));
#14586 = ( GEOMETRIC_REPRESENTATION_CONTEXT(2) 
PARAMETRIC_REPRESENTATION_CONTEXT() REPRESENTATION_CONTEXT('2D SPACE',''
  ) );
#14587 = PCURVE('',#14588,#14593);
#14588 = PLANE('',#14589);
#14589 = AXIS2_PLACEMENT_3D('',#14590,#14591,#14592);
#14590 = CARTESIAN_POINT('',(-1.5,-49.5,79.5));
#14591 = DIRECTION('',(0.,0.,1.));
#14592 = DIRECTION('',(1.,0.,0.));
#14593 = DEFINITIONAL_REPRESENTATION('',(#14594),#14598);
#14594 = LINE('',#14595,#14596);
#14595 = CARTESIAN_POINT('',(0.,0.));
#14596 = VECTOR('',#14597,1.);
#14597 = DIRECTION('',(1.,0.));
#14598 = ( GEOMETRIC_REPRESENTATION_CONTEXT(2) 
PARAMETRIC_REPRESENTATION_CONTEXT() REPRESENTATION_CONTEXT('2D SPACE',''
  ) );
#14599 = ORIENTED_EDGE('',*,*,#14600,.T.);
#14600 = EDGE_CURVE('',#14573,#14601,#14603,.T.);
#14601 = VERTEX_POINT('',#14602);
#14602 = CARTESIAN_POINT('',(-1.5,-49.5,83.));
#14603 = SURFACE_CURVE('',#14604,(#14608,#14615),.PCURVE_S1.);
#14604 = LINE('',#14605,#14606);
#14605 = CARTESIAN_POINT('',(-1.5,-49.5,79.5));
#14606 = VECTOR('',#14607,1.);
#14607 = DIRECTION('',(0.,0.,1.));
#14608 = PCURVE('',#8232,#14609);
#14609 = DEFINITIONAL_REPRESENTATION('',(#14610),#14614);
#14610 = LINE('',#14611,#14612);
#14611 = CARTESIAN_POINT('',(0.,0.));
#14612 = VECTOR('',#14613,1.);
#14613 = DIRECTION('',(1.,0.));
#14614 = ( GEOMETRIC_REPRESENTATION_CONTEXT(2) 
PARAMETRIC_REPRESENTATION_CONTEXT() REPRESENTATION_CONTEXT('2D SPACE',''
  ) );
#14615 = PCURVE('',#14616,#14621);
#14616 = PLANE('',#14617);
#14617 = AXIS2_PLACEMENT_3D('',#14618,#14619,#14620);
#14618 = CARTESIAN_POINT('',(-1.5,-49.5,79.5));
#14619 = DIRECTION('',(1.,0.,0.));
#14620 = DIRECTION('',(0.,0.,1.));
#14621 = DEFINITIONAL_REPRESENTATION('',(#14622),#14626);
#14622 = LINE('',#14623,#14624);
#14623 = CARTESIAN_POINT('',(0.,0.));
#14624 = VECTOR('',#14625,1.);
#14625 = DIRECTION('',(1.,0.));
#14626 = ( GEOMETRIC_REPRESENTATION_CONTEXT(2) 
PARAMETRIC_REPRESENTATION_CONTEXT() REPRESENTATION_CONTEXT('2D SPACE',''
  ) );
#14627 = ORIENTED_EDGE('',*,*,#14628,.F.);
#14628 = EDGE_CURVE('',#8218,#14601,#14629,.T.);
#14629 = SURFACE_CURVE('',#14630,(#14634,#14641),.PCURVE_S1.);
#14630 = LINE('',#14631,#14632);
#14631 = CARTESIAN_POINT('',(79.3,-49.5,83.));
#14632 = VECTOR('',#14633,1.);
#14633 = DIRECTION('',(-1.,0.,0.));
#14634 = PCURVE('',#8232,#14635);
#14635 = DEFINITIONAL_REPRESENTATION('',(#14636),#14640);
#14636 = LINE('',#14637,#14638);
#14637 = CARTESIAN_POINT('',(3.5,80.8));
#14638 = VECTOR('',#14639,1.);
#14639 = DIRECTION('',(0.,-1.));
#14640 = ( GEOMETRIC_REPRESENTATION_CONTEXT(2) 
PARAMETRIC_REPRESENTATION_CONTEXT() REPRESENTATION_CONTEXT('2D SPACE',''
  ) );
#14641 = PCURVE('',#8259,#14642);
#14642 = DEFINITIONAL_REPRESENTATION('',(#14643),#14647);
#14643 = LINE('',#14644,#14645);
#14644 = CARTESIAN_POINT('',(80.8,0.));
#14645 = VECTOR('',#14646,1.);
#14646 = DIRECTION('',(-1.,0.));
#14647 = ( GEOMETRIC_REPRESENTATION_CONTEXT(2) 
PARAMETRIC_REPRESENTATION_CONTEXT() REPRESENTATION_CONTEXT('2D SPACE',''
  ) );
#14648 = ORIENTED_EDGE('',*,*,#8217,.F.);
#14649 = ADVANCED_FACE('',(#14650,#14698,#14733),#8259,.T.);
#14650 = FACE_BOUND('',#14651,.T.);
#14651 = EDGE_LOOP('',(#14652,#14675,#14696,#14697));
#14652 = ORIENTED_EDGE('',*,*,#14653,.F.);
#14653 = EDGE_CURVE('',#14654,#8245,#14656,.T.);
#14654 = VERTEX_POINT('',#14655);
#14655 = CARTESIAN_POINT('',(-1.5,-40.5,83.));
#14656 = SURFACE_CURVE('',#14657,(#14661,#14668),.PCURVE_S1.);
#14657 = LINE('',#14658,#14659);
#14658 = CARTESIAN_POINT('',(-1.5,-40.5,83.));
#14659 = VECTOR('',#14660,1.);
#14660 = DIRECTION('',(1.,0.,0.));
#14661 = PCURVE('',#8259,#14662);
#14662 = DEFINITIONAL_REPRESENTATION('',(#14663),#14667);
#14663 = LINE('',#14664,#14665);
#14664 = CARTESIAN_POINT('',(0.,9.));
#14665 = VECTOR('',#14666,1.);
#14666 = DIRECTION('',(1.,0.));
#14667 = ( GEOMETRIC_REPRESENTATION_CONTEXT(2) 
PARAMETRIC_REPRESENTATION_CONTEXT() REPRESENTATION_CONTEXT('2D SPACE',''
  ) );
#14668 = PCURVE('',#8284,#14669);
#14669 = DEFINITIONAL_REPRESENTATION('',(#14670),#14674);
#14670 = LINE('',#14671,#14672);
#14671 = CARTESIAN_POINT('',(3.5,0.));
#14672 = VECTOR('',#14673,1.);
#14673 = DIRECTION('',(0.,1.));
#14674 = ( GEOMETRIC_REPRESENTATION_CONTEXT(2) 
PARAMETRIC_REPRESENTATION_CONTEXT() REPRESENTATION_CONTEXT('2D SPACE',''
  ) );
#14675 = ORIENTED_EDGE('',*,*,#14676,.F.);
#14676 = EDGE_CURVE('',#14601,#14654,#14677,.T.);
#14677 = SURFACE_CURVE('',#14678,(#14682,#14689),.PCURVE_S1.);
#14678 = LINE('',#14679,#14680);
#14679 = CARTESIAN_POINT('',(-1.5,-49.5,83.));
#14680 = VECTOR('',#14681,1.);
#14681 = DIRECTION('',(0.,1.,0.));
#14682 = PCURVE('',#8259,#14683);
#14683 = DEFINITIONAL_REPRESENTATION('',(#14684),#14688);
#14684 = LINE('',#14685,#14686);
#14685 = CARTESIAN_POINT('',(0.,0.));
#14686 = VECTOR('',#14687,1.);
#14687 = DIRECTION('',(0.,1.));
#14688 = ( GEOMETRIC_REPRESENTATION_CONTEXT(2) 
PARAMETRIC_REPRESENTATION_CONTEXT() REPRESENTATION_CONTEXT('2D SPACE',''
  ) );
#14689 = PCURVE('',#14616,#14690);
#14690 = DEFINITIONAL_REPRESENTATION('',(#14691),#14695);
#14691 = LINE('',#14692,#14693);
#14692 = CARTESIAN_POINT('',(3.5,0.));
#14693 = VECTOR('',#14694,1.);
#14694 = DIRECTION('',(0.,-1.));
#14695 = ( GEOMETRIC_REPRESENTATION_CONTEXT(2) 
PARAMETRIC_REPRESENTATION_CONTEXT() REPRESENTATION_CONTEXT('2D SPACE',''
  ) );
#14696 = ORIENTED_EDGE('',*,*,#14628,.F.);
#14697 = ORIENTED_EDGE('',*,*,#8244,.F.);
#14698 = FACE_BOUND('',#14699,.T.);
#14699 = EDGE_LOOP('',(#14700));
#14700 = ORIENTED_EDGE('',*,*,#14701,.T.);
#14701 = EDGE_CURVE('',#14702,#14702,#14704,.T.);
#14702 = VERTEX_POINT('',#14703);
#14703 = CARTESIAN_POINT('',(9.1,-45.,83.));
#14704 = SURFACE_CURVE('',#14705,(#14710,#14721),.PCURVE_S1.);
#14705 = CIRCLE('',#14706,2.1);
#14706 = AXIS2_PLACEMENT_3D('',#14707,#14708,#14709);
#14707 = CARTESIAN_POINT('',(7.,-45.,83.));
#14708 = DIRECTION('',(0.,0.,-1.));
#14709 = DIRECTION('',(1.,0.,0.));
#14710 = PCURVE('',#8259,#14711);
#14711 = DEFINITIONAL_REPRESENTATION('',(#14712),#14720);
#14712 = ( BOUNDED_CURVE() B_SPLINE_CURVE(2,(#14713,#14714,#14715,#14716
    ,#14717,#14718,#14719),.UNSPECIFIED.,.T.,.F.) 
B_SPLINE_CURVE_WITH_KNOTS((1,2,2,2,2,1),(-2.094395102393,0.,
    2.094395102393,4.188790204786,6.28318530718,8.377580409573),
.UNSPECIFIED.) CURVE() GEOMETRIC_REPRESENTATION_ITEM() 
RATIONAL_B_SPLINE_CURVE((1.,0.5,1.,0.5,1.,0.5,1.)) REPRESENTATION_ITEM(
  '') );
#14713 = CARTESIAN_POINT('',(10.6,4.5));
#14714 = CARTESIAN_POINT('',(10.6,0.862693304105));
#14715 = CARTESIAN_POINT('',(7.45,2.681346652053));
#14716 = CARTESIAN_POINT('',(4.3,4.5));
#14717 = CARTESIAN_POINT('',(7.45,6.318653347947));
#14718 = CARTESIAN_POINT('',(10.6,8.137306695895));
#14719 = CARTESIAN_POINT('',(10.6,4.5));
#14720 = ( GEOMETRIC_REPRESENTATION_CONTEXT(2) 
PARAMETRIC_REPRESENTATION_CONTEXT() REPRESENTATION_CONTEXT('2D SPACE',''
  ) );
#14721 = PCURVE('',#14722,#14727);
#14722 = CYLINDRICAL_SURFACE('',#14723,2.1);
#14723 = AXIS2_PLACEMENT_3D('',#14724,#14725,#14726);
#14724 = CARTESIAN_POINT('',(7.,-45.,77.2));
#14725 = DIRECTION('',(-0.,-0.,-1.));
#14726 = DIRECTION('',(1.,0.,0.));
#14727 = DEFINITIONAL_REPRESENTATION('',(#14728),#14732);
#14728 = LINE('',#14729,#14730);
#14729 = CARTESIAN_POINT('',(-6.28318530718,-5.8));
#14730 = VECTOR('',#14731,1.);
#14731 = DIRECTION('',(1.,-0.));
#14732 = ( GEOMETRIC_REPRESENTATION_CONTEXT(2) 
PARAMETRIC_REPRESENTATION_CONTEXT() REPRESENTATION_CONTEXT('2D SPACE',''
  ) );
#14733 = FACE_BOUND('',#14734,.T.);
#14734 = EDGE_LOOP('',(#14735));
#14735 = ORIENTED_EDGE('',*,*,#14736,.T.);
#14736 = EDGE_CURVE('',#14737,#14737,#14739,.T.);
#14737 = VERTEX_POINT('',#14738);
#14738 = CARTESIAN_POINT('',(65.1,-45.,83.));
#14739 = SURFACE_CURVE('',#14740,(#14745,#14756),.PCURVE_S1.);
#14740 = CIRCLE('',#14741,2.1);
#14741 = AXIS2_PLACEMENT_3D('',#14742,#14743,#14744);
#14742 = CARTESIAN_POINT('',(63.,-45.,83.));
#14743 = DIRECTION('',(0.,0.,-1.));
#14744 = DIRECTION('',(1.,0.,0.));
#14745 = PCURVE('',#8259,#14746);
#14746 = DEFINITIONAL_REPRESENTATION('',(#14747),#14755);
#14747 = ( BOUNDED_CURVE() B_SPLINE_CURVE(2,(#14748,#14749,#14750,#14751
    ,#14752,#14753,#14754),.UNSPECIFIED.,.T.,.F.) 
B_SPLINE_CURVE_WITH_KNOTS((1,2,2,2,2,1),(-2.094395102393,0.,
    2.094395102393,4.188790204786,6.28318530718,8.377580409573),
.UNSPECIFIED.) CURVE() GEOMETRIC_REPRESENTATION_ITEM() 
RATIONAL_B_SPLINE_CURVE((1.,0.5,1.,0.5,1.,0.5,1.)) REPRESENTATION_ITEM(
  '') );
#14748 = CARTESIAN_POINT('',(66.6,4.5));
#14749 = CARTESIAN_POINT('',(66.6,0.862693304105));
#14750 = CARTESIAN_POINT('',(63.45,2.681346652053));
#14751 = CARTESIAN_POINT('',(60.3,4.5));
#14752 = CARTESIAN_POINT('',(63.45,6.318653347947));
#14753 = CARTESIAN_POINT('',(66.6,8.137306695895));
#14754 = CARTESIAN_POINT('',(66.6,4.5));
#14755 = ( GEOMETRIC_REPRESENTATION_CONTEXT(2) 
PARAMETRIC_REPRESENTATION_CONTEXT() REPRESENTATION_CONTEXT('2D SPACE',''
  ) );
#14756 = PCURVE('',#14757,#14762);
#14757 = CYLINDRICAL_SURFACE('',#14758,2.1);
#14758 = AXIS2_PLACEMENT_3D('',#14759,#14760,#14761);
#14759 = CARTESIAN_POINT('',(63.,-45.,77.2));
#14760 = DIRECTION('',(-0.,-0.,-1.));
#14761 = DIRECTION('',(1.,0.,0.));
#14762 = DEFINITIONAL_REPRESENTATION('',(#14763),#14767);
#14763 = LINE('',#14764,#14765);
#14764 = CARTESIAN_POINT('',(-6.28318530718,-5.8));
#14765 = VECTOR('',#14766,1.);
#14766 = DIRECTION('',(1.,-0.));
#14767 = ( GEOMETRIC_REPRESENTATION_CONTEXT(2) 
PARAMETRIC_REPRESENTATION_CONTEXT() REPRESENTATION_CONTEXT('2D SPACE',''
  ) );
#14768 = ADVANCED_FACE('',(#14769),#8284,.T.);
#14769 = FACE_BOUND('',#14770,.T.);
#14770 = EDGE_LOOP('',(#14771,#14772,#14795,#14818,#14839,#14840));
#14771 = ORIENTED_EDGE('',*,*,#14434,.F.);
#14772 = ORIENTED_EDGE('',*,*,#14773,.F.);
#14773 = EDGE_CURVE('',#14774,#14435,#14776,.T.);
#14774 = VERTEX_POINT('',#14775);
#14775 = CARTESIAN_POINT('',(7.,-40.5,79.5));
#14776 = SURFACE_CURVE('',#14777,(#14781,#14788),.PCURVE_S1.);
#14777 = LINE('',#14778,#14779);
#14778 = CARTESIAN_POINT('',(-1.5,-40.5,79.5));
#14779 = VECTOR('',#14780,1.);
#14780 = DIRECTION('',(1.,0.,0.));
#14781 = PCURVE('',#8284,#14782);
#14782 = DEFINITIONAL_REPRESENTATION('',(#14783),#14787);
#14783 = LINE('',#14784,#14785);
#14784 = CARTESIAN_POINT('',(0.,0.));
#14785 = VECTOR('',#14786,1.);
#14786 = DIRECTION('',(0.,1.));
#14787 = ( GEOMETRIC_REPRESENTATION_CONTEXT(2) 
PARAMETRIC_REPRESENTATION_CONTEXT() REPRESENTATION_CONTEXT('2D SPACE',''
  ) );
#14788 = PCURVE('',#14560,#14789);
#14789 = DEFINITIONAL_REPRESENTATION('',(#14790),#14794);
#14790 = LINE('',#14791,#14792);
#14791 = CARTESIAN_POINT('',(0.,9.));
#14792 = VECTOR('',#14793,1.);
#14793 = DIRECTION('',(1.,0.));
#14794 = ( GEOMETRIC_REPRESENTATION_CONTEXT(2) 
PARAMETRIC_REPRESENTATION_CONTEXT() REPRESENTATION_CONTEXT('2D SPACE',''
  ) );
#14795 = ORIENTED_EDGE('',*,*,#14796,.F.);
#14796 = EDGE_CURVE('',#14797,#14774,#14799,.T.);
#14797 = VERTEX_POINT('',#14798);
#14798 = CARTESIAN_POINT('',(-1.5,-40.5,79.5));
#14799 = SURFACE_CURVE('',#14800,(#14804,#14811),.PCURVE_S1.);
#14800 = LINE('',#14801,#14802);
#14801 = CARTESIAN_POINT('',(-1.5,-40.5,79.5));
#14802 = VECTOR('',#14803,1.);
#14803 = DIRECTION('',(1.,0.,0.));
#14804 = PCURVE('',#8284,#14805);
#14805 = DEFINITIONAL_REPRESENTATION('',(#14806),#14810);
#14806 = LINE('',#14807,#14808);
#14807 = CARTESIAN_POINT('',(0.,0.));
#14808 = VECTOR('',#14809,1.);
#14809 = DIRECTION('',(0.,1.));
#14810 = ( GEOMETRIC_REPRESENTATION_CONTEXT(2) 
PARAMETRIC_REPRESENTATION_CONTEXT() REPRESENTATION_CONTEXT('2D SPACE',''
  ) );
#14811 = PCURVE('',#14588,#14812);
#14812 = DEFINITIONAL_REPRESENTATION('',(#14813),#14817);
#14813 = LINE('',#14814,#14815);
#14814 = CARTESIAN_POINT('',(0.,9.));
#14815 = VECTOR('',#14816,1.);
#14816 = DIRECTION('',(1.,0.));
#14817 = ( GEOMETRIC_REPRESENTATION_CONTEXT(2) 
PARAMETRIC_REPRESENTATION_CONTEXT() REPRESENTATION_CONTEXT('2D SPACE',''
  ) );
#14818 = ORIENTED_EDGE('',*,*,#14819,.T.);
#14819 = EDGE_CURVE('',#14797,#14654,#14820,.T.);
#14820 = SURFACE_CURVE('',#14821,(#14825,#14832),.PCURVE_S1.);
#14821 = LINE('',#14822,#14823);
#14822 = CARTESIAN_POINT('',(-1.5,-40.5,79.5));
#14823 = VECTOR('',#14824,1.);
#14824 = DIRECTION('',(0.,0.,1.));
#14825 = PCURVE('',#8284,#14826);
#14826 = DEFINITIONAL_REPRESENTATION('',(#14827),#14831);
#14827 = LINE('',#14828,#14829);
#14828 = CARTESIAN_POINT('',(0.,0.));
#14829 = VECTOR('',#14830,1.);
#14830 = DIRECTION('',(1.,0.));
#14831 = ( GEOMETRIC_REPRESENTATION_CONTEXT(2) 
PARAMETRIC_REPRESENTATION_CONTEXT() REPRESENTATION_CONTEXT('2D SPACE',''
  ) );
#14832 = PCURVE('',#14616,#14833);
#14833 = DEFINITIONAL_REPRESENTATION('',(#14834),#14838);
#14834 = LINE('',#14835,#14836);
#14835 = CARTESIAN_POINT('',(0.,-9.));
#14836 = VECTOR('',#14837,1.);
#14837 = DIRECTION('',(1.,0.));
#14838 = ( GEOMETRIC_REPRESENTATION_CONTEXT(2) 
PARAMETRIC_REPRESENTATION_CONTEXT() REPRESENTATION_CONTEXT('2D SPACE',''
  ) );
#14839 = ORIENTED_EDGE('',*,*,#14653,.T.);
#14840 = ORIENTED_EDGE('',*,*,#8271,.F.);
#14841 = ADVANCED_FACE('',(#14842),#8608,.T.);
#14842 = FACE_BOUND('',#14843,.T.);
#14843 = EDGE_LOOP('',(#14844,#14845,#14868,#14891,#14912,#14913));
#14844 = ORIENTED_EDGE('',*,*,#13414,.F.);
#14845 = ORIENTED_EDGE('',*,*,#14846,.F.);
#14846 = EDGE_CURVE('',#14847,#13415,#14849,.T.);
#14847 = VERTEX_POINT('',#14848);
#14848 = CARTESIAN_POINT('',(7.,59.5,79.5));
#14849 = SURFACE_CURVE('',#14850,(#14854,#14861),.PCURVE_S1.);
#14850 = LINE('',#14851,#14852);
#14851 = CARTESIAN_POINT('',(-1.5,59.5,79.5));
#14852 = VECTOR('',#14853,1.);
#14853 = DIRECTION('',(1.,0.,0.));
#14854 = PCURVE('',#8608,#14855);
#14855 = DEFINITIONAL_REPRESENTATION('',(#14856),#14860);
#14856 = LINE('',#14857,#14858);
#14857 = CARTESIAN_POINT('',(0.,0.));
#14858 = VECTOR('',#14859,1.);
#14859 = DIRECTION('',(0.,1.));
#14860 = ( GEOMETRIC_REPRESENTATION_CONTEXT(2) 
PARAMETRIC_REPRESENTATION_CONTEXT() REPRESENTATION_CONTEXT('2D SPACE',''
  ) );
#14861 = PCURVE('',#13541,#14862);
#14862 = DEFINITIONAL_REPRESENTATION('',(#14863),#14867);
#14863 = LINE('',#14864,#14865);
#14864 = CARTESIAN_POINT('',(0.,9.));
#14865 = VECTOR('',#14866,1.);
#14866 = DIRECTION('',(1.,0.));
#14867 = ( GEOMETRIC_REPRESENTATION_CONTEXT(2) 
PARAMETRIC_REPRESENTATION_CONTEXT() REPRESENTATION_CONTEXT('2D SPACE',''
  ) );
#14868 = ORIENTED_EDGE('',*,*,#14869,.F.);
#14869 = EDGE_CURVE('',#14870,#14847,#14872,.T.);
#14870 = VERTEX_POINT('',#14871);
#14871 = CARTESIAN_POINT('',(-1.5,59.5,79.5));
#14872 = SURFACE_CURVE('',#14873,(#14877,#14884),.PCURVE_S1.);
#14873 = LINE('',#14874,#14875);
#14874 = CARTESIAN_POINT('',(-1.5,59.5,79.5));
#14875 = VECTOR('',#14876,1.);
#14876 = DIRECTION('',(1.,0.,0.));
#14877 = PCURVE('',#8608,#14878);
#14878 = DEFINITIONAL_REPRESENTATION('',(#14879),#14883);
#14879 = LINE('',#14880,#14881);
#14880 = CARTESIAN_POINT('',(0.,0.));
#14881 = VECTOR('',#14882,1.);
#14882 = DIRECTION('',(0.,1.));
#14883 = ( GEOMETRIC_REPRESENTATION_CONTEXT(2) 
PARAMETRIC_REPRESENTATION_CONTEXT() REPRESENTATION_CONTEXT('2D SPACE',''
  ) );
#14884 = PCURVE('',#13569,#14885);
#14885 = DEFINITIONAL_REPRESENTATION('',(#14886),#14890);
#14886 = LINE('',#14887,#14888);
#14887 = CARTESIAN_POINT('',(0.,9.));
#14888 = VECTOR('',#14889,1.);
#14889 = DIRECTION('',(1.,0.));
#14890 = ( GEOMETRIC_REPRESENTATION_CONTEXT(2) 
PARAMETRIC_REPRESENTATION_CONTEXT() REPRESENTATION_CONTEXT('2D SPACE',''
  ) );
#14891 = ORIENTED_EDGE('',*,*,#14892,.T.);
#14892 = EDGE_CURVE('',#14870,#13636,#14893,.T.);
#14893 = SURFACE_CURVE('',#14894,(#14898,#14905),.PCURVE_S1.);
#14894 = LINE('',#14895,#14896);
#14895 = CARTESIAN_POINT('',(-1.5,59.5,79.5));
#14896 = VECTOR('',#14897,1.);
#14897 = DIRECTION('',(0.,0.,1.));
#14898 = PCURVE('',#8608,#14899);
#14899 = DEFINITIONAL_REPRESENTATION('',(#14900),#14904);
#14900 = LINE('',#14901,#14902);
#14901 = CARTESIAN_POINT('',(0.,0.));
#14902 = VECTOR('',#14903,1.);
#14903 = DIRECTION('',(1.,0.));
#14904 = ( GEOMETRIC_REPRESENTATION_CONTEXT(2) 
PARAMETRIC_REPRESENTATION_CONTEXT() REPRESENTATION_CONTEXT('2D SPACE',''
  ) );
#14905 = PCURVE('',#13597,#14906);
#14906 = DEFINITIONAL_REPRESENTATION('',(#14907),#14911);
#14907 = LINE('',#14908,#14909);
#14908 = CARTESIAN_POINT('',(0.,-9.));
#14909 = VECTOR('',#14910,1.);
#14910 = DIRECTION('',(1.,0.));
#14911 = ( GEOMETRIC_REPRESENTATION_CONTEXT(2) 
PARAMETRIC_REPRESENTATION_CONTEXT() REPRESENTATION_CONTEXT('2D SPACE',''
  ) );
#14912 = ORIENTED_EDGE('',*,*,#13635,.F.);
#14913 = ORIENTED_EDGE('',*,*,#8593,.T.);
#14914 = ADVANCED_FACE('',(#14915),#8528,.T.);
#14915 = FACE_BOUND('',#14916,.T.);
#14916 = EDGE_LOOP('',(#14917,#14918,#14919,#14920,#14921));
#14917 = ORIENTED_EDGE('',*,*,#9898,.F.);
#14918 = ORIENTED_EDGE('',*,*,#9096,.T.);
#14919 = ORIENTED_EDGE('',*,*,#9175,.T.);
#14920 = ORIENTED_EDGE('',*,*,#9050,.T.);
#14921 = ORIENTED_EDGE('',*,*,#8511,.F.);
#14922 = ADVANCED_FACE('',(#14923),#8452,.T.);
#14923 = FACE_BOUND('',#14924,.T.);
#14924 = EDGE_LOOP('',(#14925,#14926,#14927,#14928,#14929,#14930));
#14925 = ORIENTED_EDGE('',*,*,#9443,.F.);
#14926 = ORIENTED_EDGE('',*,*,#9301,.T.);
#14927 = ORIENTED_EDGE('',*,*,#9226,.T.);
#14928 = ORIENTED_EDGE('',*,*,#9924,.T.);
#14929 = ORIENTED_EDGE('',*,*,#8435,.F.);
#14930 = ORIENTED_EDGE('',*,*,#14931,.F.);
#14931 = EDGE_CURVE('',#9423,#8410,#14932,.T.);
#14932 = SURFACE_CURVE('',#14933,(#14937,#14944),.PCURVE_S1.);
#14933 = LINE('',#14934,#14935);
#14934 = CARTESIAN_POINT('',(-72.5,75.5,24.));
#14935 = VECTOR('',#14936,1.);
#14936 = DIRECTION('',(1.,0.,0.));
#14937 = PCURVE('',#8452,#14938);
#14938 = DEFINITIONAL_REPRESENTATION('',(#14939),#14943);
#14939 = LINE('',#14940,#14941);
#14940 = CARTESIAN_POINT('',(0.,4.));
#14941 = VECTOR('',#14942,1.);
#14942 = DIRECTION('',(1.,0.));
#14943 = ( GEOMETRIC_REPRESENTATION_CONTEXT(2) 
PARAMETRIC_REPRESENTATION_CONTEXT() REPRESENTATION_CONTEXT('2D SPACE',''
  ) );
#14944 = PCURVE('',#8424,#14945);
#14945 = DEFINITIONAL_REPRESENTATION('',(#14946),#14950);
#14946 = LINE('',#14947,#14948);
#14947 = CARTESIAN_POINT('',(10.,0.));
#14948 = VECTOR('',#14949,1.);
#14949 = DIRECTION('',(0.,1.));
#14950 = ( GEOMETRIC_REPRESENTATION_CONTEXT(2) 
PARAMETRIC_REPRESENTATION_CONTEXT() REPRESENTATION_CONTEXT('2D SPACE',''
  ) );
#14951 = ADVANCED_FACE('',(#14952),#8424,.T.);
#14952 = FACE_BOUND('',#14953,.T.);
#14953 = EDGE_LOOP('',(#14954,#14955,#14956,#14957,#14978,#14997));
#14954 = ORIENTED_EDGE('',*,*,#9422,.F.);
#14955 = ORIENTED_EDGE('',*,*,#14931,.T.);
#14956 = ORIENTED_EDGE('',*,*,#8409,.T.);
#14957 = ORIENTED_EDGE('',*,*,#14958,.T.);
#14958 = EDGE_CURVE('',#8377,#14959,#14961,.T.);
#14959 = VERTEX_POINT('',#14960);
#14960 = CARTESIAN_POINT('',(67.,75.5,22.));
#14961 = SURFACE_CURVE('',#14962,(#14966,#14972),.PCURVE_S1.);
#14962 = LINE('',#14963,#14964);
#14963 = CARTESIAN_POINT('',(-2.75,75.5,22.));
#14964 = VECTOR('',#14965,1.);
#14965 = DIRECTION('',(-1.,0.,0.));
#14966 = PCURVE('',#8424,#14967);
#14967 = DEFINITIONAL_REPRESENTATION('',(#14968),#14971);
#14968 = B_SPLINE_CURVE_WITH_KNOTS('',1,(#14969,#14970),.UNSPECIFIED.,
  .F.,.F.,(2,2),(-74.75,-69.75),.PIECEWISE_BEZIER_KNOTS.);
#14969 = CARTESIAN_POINT('',(8.,144.5));
#14970 = CARTESIAN_POINT('',(8.,139.5));
#14971 = ( GEOMETRIC_REPRESENTATION_CONTEXT(2) 
PARAMETRIC_REPRESENTATION_CONTEXT() REPRESENTATION_CONTEXT('2D SPACE',''
  ) );
#14972 = PCURVE('',#8393,#14973);
#14973 = DEFINITIONAL_REPRESENTATION('',(#14974),#14977);
#14974 = B_SPLINE_CURVE_WITH_KNOTS('',1,(#14975,#14976),.UNSPECIFIED.,
  .F.,.F.,(2,2),(-74.75,-69.75),.PIECEWISE_BEZIER_KNOTS.);
#14975 = CARTESIAN_POINT('',(5.,6.5));
#14976 = CARTESIAN_POINT('',(0.,6.5));
#14977 = ( GEOMETRIC_REPRESENTATION_CONTEXT(2) 
PARAMETRIC_REPRESENTATION_CONTEXT() REPRESENTATION_CONTEXT('2D SPACE',''
  ) );
#14978 = ORIENTED_EDGE('',*,*,#14979,.F.);
#14979 = EDGE_CURVE('',#10156,#14959,#14980,.T.);
#14980 = SURFACE_CURVE('',#14981,(#14985,#14991),.PCURVE_S1.);
#14981 = LINE('',#14982,#14983);
#14982 = CARTESIAN_POINT('',(67.,75.5,14.));
#14983 = VECTOR('',#14984,1.);
#14984 = DIRECTION('',(0.,0.,1.));
#14985 = PCURVE('',#8424,#14986);
#14986 = DEFINITIONAL_REPRESENTATION('',(#14987),#14990);
#14987 = B_SPLINE_CURVE_WITH_KNOTS('',1,(#14988,#14989),.UNSPECIFIED.,
  .F.,.F.,(2,2),(4.,8.),.PIECEWISE_BEZIER_KNOTS.);
#14988 = CARTESIAN_POINT('',(4.,139.5));
#14989 = CARTESIAN_POINT('',(8.,139.5));
#14990 = ( GEOMETRIC_REPRESENTATION_CONTEXT(2) 
PARAMETRIC_REPRESENTATION_CONTEXT() REPRESENTATION_CONTEXT('2D SPACE',''
  ) );
#14991 = PCURVE('',#8365,#14992);
#14992 = DEFINITIONAL_REPRESENTATION('',(#14993),#14996);
#14993 = B_SPLINE_CURVE_WITH_KNOTS('',1,(#14994,#14995),.UNSPECIFIED.,
  .F.,.F.,(2,2),(4.,8.),.PIECEWISE_BEZIER_KNOTS.);
#14994 = CARTESIAN_POINT('',(4.,-6.5));
#14995 = CARTESIAN_POINT('',(8.,-6.5));
#14996 = ( GEOMETRIC_REPRESENTATION_CONTEXT(2) 
PARAMETRIC_REPRESENTATION_CONTEXT() REPRESENTATION_CONTEXT('2D SPACE',''
  ) );
#14997 = ORIENTED_EDGE('',*,*,#10155,.T.);
#14998 = ADVANCED_FACE('',(#14999),#8393,.T.);
#14999 = FACE_BOUND('',#15000,.T.);
#15000 = EDGE_LOOP('',(#15001,#15022,#15023));
#15001 = ORIENTED_EDGE('',*,*,#15002,.F.);
#15002 = EDGE_CURVE('',#14959,#8351,#15003,.T.);
#15003 = SURFACE_CURVE('',#15004,(#15008,#15015),.PCURVE_S1.);
#15004 = LINE('',#15005,#15006);
#15005 = CARTESIAN_POINT('',(67.,69.,22.));
#15006 = VECTOR('',#15007,1.);
#15007 = DIRECTION('',(0.,1.,0.));
#15008 = PCURVE('',#8393,#15009);
#15009 = DEFINITIONAL_REPRESENTATION('',(#15010),#15014);
#15010 = LINE('',#15011,#15012);
#15011 = CARTESIAN_POINT('',(0.,0.));
#15012 = VECTOR('',#15013,1.);
#15013 = DIRECTION('',(0.,1.));
#15014 = ( GEOMETRIC_REPRESENTATION_CONTEXT(2) 
PARAMETRIC_REPRESENTATION_CONTEXT() REPRESENTATION_CONTEXT('2D SPACE',''
  ) );
#15015 = PCURVE('',#8365,#15016);
#15016 = DEFINITIONAL_REPRESENTATION('',(#15017),#15021);
#15017 = LINE('',#15018,#15019);
#15018 = CARTESIAN_POINT('',(8.,0.));
#15019 = VECTOR('',#15020,1.);
#15020 = DIRECTION('',(0.,-1.));
#15021 = ( GEOMETRIC_REPRESENTATION_CONTEXT(2) 
PARAMETRIC_REPRESENTATION_CONTEXT() REPRESENTATION_CONTEXT('2D SPACE',''
  ) );
#15022 = ORIENTED_EDGE('',*,*,#14958,.F.);
#15023 = ORIENTED_EDGE('',*,*,#8376,.F.);
#15024 = ADVANCED_FACE('',(#15025),#8365,.F.);
#15025 = FACE_BOUND('',#15026,.F.);
#15026 = EDGE_LOOP('',(#15027,#15028,#15029,#15030));
#15027 = ORIENTED_EDGE('',*,*,#15002,.F.);
#15028 = ORIENTED_EDGE('',*,*,#14979,.F.);
#15029 = ORIENTED_EDGE('',*,*,#10176,.F.);
#15030 = ORIENTED_EDGE('',*,*,#8350,.F.);
#15031 = ADVANCED_FACE('',(#15032),#9162,.T.);
#15032 = FACE_BOUND('',#15033,.T.);
#15033 = EDGE_LOOP('',(#15034));
#15034 = ORIENTED_EDGE('',*,*,#9147,.T.);
#15035 = ADVANCED_FACE('',(#15036),#9390,.T.);
#15036 = FACE_BOUND('',#15037,.T.);
#15037 = EDGE_LOOP('',(#15038,#15059,#15060,#15061));
#15038 = ORIENTED_EDGE('',*,*,#15039,.F.);
#15039 = EDGE_CURVE('',#9350,#10066,#15040,.T.);
#15040 = SURFACE_CURVE('',#15041,(#15045,#15052),.PCURVE_S1.);
#15041 = LINE('',#15042,#15043);
#15042 = CARTESIAN_POINT('',(-58.,78.3,17.95));
#15043 = VECTOR('',#15044,1.);
#15044 = DIRECTION('',(1.,0.,0.));
#15045 = PCURVE('',#9390,#15046);
#15046 = DEFINITIONAL_REPRESENTATION('',(#15047),#15051);
#15047 = LINE('',#15048,#15049);
#15048 = CARTESIAN_POINT('',(0.,0.));
#15049 = VECTOR('',#15050,1.);
#15050 = DIRECTION('',(0.,1.));
#15051 = ( GEOMETRIC_REPRESENTATION_CONTEXT(2) 
PARAMETRIC_REPRESENTATION_CONTEXT() REPRESENTATION_CONTEXT('2D SPACE',''
  ) );
#15052 = PCURVE('',#9364,#15053);
#15053 = DEFINITIONAL_REPRESENTATION('',(#15054),#15058);
#15054 = LINE('',#15055,#15056);
#15055 = CARTESIAN_POINT('',(0.,0.));
#15056 = VECTOR('',#15057,1.);
#15057 = DIRECTION('',(1.,0.));
#15058 = ( GEOMETRIC_REPRESENTATION_CONTEXT(2) 
PARAMETRIC_REPRESENTATION_CONTEXT() REPRESENTATION_CONTEXT('2D SPACE',''
  ) );
#15059 = ORIENTED_EDGE('',*,*,#9375,.F.);
#15060 = ORIENTED_EDGE('',*,*,#10135,.F.);
#15061 = ORIENTED_EDGE('',*,*,#10063,.T.);
#15062 = ADVANCED_FACE('',(#15063),#9364,.T.);
#15063 = FACE_BOUND('',#15064,.T.);
#15064 = EDGE_LOOP('',(#15065,#15066,#15067,#15068));
#15065 = ORIENTED_EDGE('',*,*,#9349,.F.);
#15066 = ORIENTED_EDGE('',*,*,#15039,.T.);
#15067 = ORIENTED_EDGE('',*,*,#10089,.T.);
#15068 = ORIENTED_EDGE('',*,*,#9467,.F.);
#15069 = ADVANCED_FACE('',(#15070),#9608,.F.);
#15070 = FACE_BOUND('',#15071,.F.);
#15071 = EDGE_LOOP('',(#15072));
#15072 = ORIENTED_EDGE('',*,*,#9593,.T.);
#15073 = ADVANCED_FACE('',(#15074),#9717,.F.);
#15074 = FACE_BOUND('',#15075,.F.);
#15075 = EDGE_LOOP('',(#15076));
#15076 = ORIENTED_EDGE('',*,*,#9702,.T.);
#15077 = ADVANCED_FACE('',(#15078),#9825,.F.);
#15078 = FACE_BOUND('',#15079,.F.);
#15079 = EDGE_LOOP('',(#15080));
#15080 = ORIENTED_EDGE('',*,*,#9810,.T.);
#15081 = ADVANCED_FACE('',(#15082),#9880,.F.);
#15082 = FACE_BOUND('',#15083,.F.);
#15083 = EDGE_LOOP('',(#15084));
#15084 = ORIENTED_EDGE('',*,*,#9865,.T.);
#15085 = ADVANCED_FACE('',(#15086),#10273,.T.);
#15086 = FACE_BOUND('',#15087,.T.);
#15087 = EDGE_LOOP('',(#15088));
#15088 = ORIENTED_EDGE('',*,*,#10258,.T.);
#15089 = ADVANCED_FACE('',(#15090),#10385,.F.);
#15090 = FACE_BOUND('',#15091,.F.);
#15091 = EDGE_LOOP('',(#15092,#15115,#15142,#15143));
#15092 = ORIENTED_EDGE('',*,*,#15093,.T.);
#15093 = EDGE_CURVE('',#10369,#15094,#15096,.T.);
#15094 = VERTEX_POINT('',#15095);
#15095 = CARTESIAN_POINT('',(63.,72.8,28.9));
#15096 = SEAM_CURVE('',#15097,(#15101,#15108),.PCURVE_S1.);
#15097 = LINE('',#15098,#15099);
#15098 = CARTESIAN_POINT('',(63.,79.8,28.9));
#15099 = VECTOR('',#15100,1.);
#15100 = DIRECTION('',(0.,-1.,0.));
#15101 = PCURVE('',#10385,#15102);
#15102 = DEFINITIONAL_REPRESENTATION('',(#15103),#15107);
#15103 = LINE('',#15104,#15105);
#15104 = CARTESIAN_POINT('',(6.28318530718,-0.));
#15105 = VECTOR('',#15106,1.);
#15106 = DIRECTION('',(0.,1.));
#15107 = ( GEOMETRIC_REPRESENTATION_CONTEXT(2) 
PARAMETRIC_REPRESENTATION_CONTEXT() REPRESENTATION_CONTEXT('2D SPACE',''
  ) );
#15108 = PCURVE('',#10385,#15109);
#15109 = DEFINITIONAL_REPRESENTATION('',(#15110),#15114);
#15110 = LINE('',#15111,#15112);
#15111 = CARTESIAN_POINT('',(0.,-0.));
#15112 = VECTOR('',#15113,1.);
#15113 = DIRECTION('',(0.,1.));
#15114 = ( GEOMETRIC_REPRESENTATION_CONTEXT(2) 
PARAMETRIC_REPRESENTATION_CONTEXT() REPRESENTATION_CONTEXT('2D SPACE',''
  ) );
#15115 = ORIENTED_EDGE('',*,*,#15116,.F.);
#15116 = EDGE_CURVE('',#15094,#15094,#15117,.T.);
#15117 = SURFACE_CURVE('',#15118,(#15123,#15130),.PCURVE_S1.);
#15118 = CIRCLE('',#15119,2.1);
#15119 = AXIS2_PLACEMENT_3D('',#15120,#15121,#15122);
#15120 = CARTESIAN_POINT('',(63.,72.8,31.));
#15121 = DIRECTION('',(0.,-1.,0.));
#15122 = DIRECTION('',(0.,-0.,-1.));
#15123 = PCURVE('',#10385,#15124);
#15124 = DEFINITIONAL_REPRESENTATION('',(#15125),#15129);
#15125 = LINE('',#15126,#15127);
#15126 = CARTESIAN_POINT('',(0.,7.));
#15127 = VECTOR('',#15128,1.);
#15128 = DIRECTION('',(1.,0.));
#15129 = ( GEOMETRIC_REPRESENTATION_CONTEXT(2) 
PARAMETRIC_REPRESENTATION_CONTEXT() REPRESENTATION_CONTEXT('2D SPACE',''
  ) );
#15130 = PCURVE('',#15131,#15136);
#15131 = PLANE('',#15132);
#15132 = AXIS2_PLACEMENT_3D('',#15133,#15134,#15135);
#15133 = CARTESIAN_POINT('',(63.,72.8,31.));
#15134 = DIRECTION('',(0.,-1.,0.));
#15135 = DIRECTION('',(0.,-0.,-1.));
#15136 = DEFINITIONAL_REPRESENTATION('',(#15137),#15141);
#15137 = CIRCLE('',#15138,2.1);
#15138 = AXIS2_PLACEMENT_2D('',#15139,#15140);
#15139 = CARTESIAN_POINT('',(0.,0.));
#15140 = DIRECTION('',(1.,0.));
#15141 = ( GEOMETRIC_REPRESENTATION_CONTEXT(2) 
PARAMETRIC_REPRESENTATION_CONTEXT() REPRESENTATION_CONTEXT('2D SPACE',''
  ) );
#15142 = ORIENTED_EDGE('',*,*,#15093,.F.);
#15143 = ORIENTED_EDGE('',*,*,#10368,.T.);
#15144 = ADVANCED_FACE('',(#15145),#10472,.T.);
#15145 = FACE_BOUND('',#15146,.T.);
#15146 = EDGE_LOOP('',(#15147));
#15147 = ORIENTED_EDGE('',*,*,#10457,.T.);
#15148 = ADVANCED_FACE('',(#15149),#10584,.F.);
#15149 = FACE_BOUND('',#15150,.F.);
#15150 = EDGE_LOOP('',(#15151,#15174,#15201,#15202));
#15151 = ORIENTED_EDGE('',*,*,#15152,.T.);
#15152 = EDGE_CURVE('',#10568,#15153,#15155,.T.);
#15153 = VERTEX_POINT('',#15154);
#15154 = CARTESIAN_POINT('',(63.,72.8,89.9));
#15155 = SEAM_CURVE('',#15156,(#15160,#15167),.PCURVE_S1.);
#15156 = LINE('',#15157,#15158);
#15157 = CARTESIAN_POINT('',(63.,79.8,89.9));
#15158 = VECTOR('',#15159,1.);
#15159 = DIRECTION('',(0.,-1.,0.));
#15160 = PCURVE('',#10584,#15161);
#15161 = DEFINITIONAL_REPRESENTATION('',(#15162),#15166);
#15162 = LINE('',#15163,#15164);
#15163 = CARTESIAN_POINT('',(6.28318530718,-0.));
#15164 = VECTOR('',#15165,1.);
#15165 = DIRECTION('',(0.,1.));
#15166 = ( GEOMETRIC_REPRESENTATION_CONTEXT(2) 
PARAMETRIC_REPRESENTATION_CONTEXT() REPRESENTATION_CONTEXT('2D SPACE',''
  ) );
#15167 = PCURVE('',#10584,#15168);
#15168 = DEFINITIONAL_REPRESENTATION('',(#15169),#15173);
#15169 = LINE('',#15170,#15171);
#15170 = CARTESIAN_POINT('',(0.,-0.));
#15171 = VECTOR('',#15172,1.);
#15172 = DIRECTION('',(0.,1.));
#15173 = ( GEOMETRIC_REPRESENTATION_CONTEXT(2) 
PARAMETRIC_REPRESENTATION_CONTEXT() REPRESENTATION_CONTEXT('2D SPACE',''
  ) );
#15174 = ORIENTED_EDGE('',*,*,#15175,.F.);
#15175 = EDGE_CURVE('',#15153,#15153,#15176,.T.);
#15176 = SURFACE_CURVE('',#15177,(#15182,#15189),.PCURVE_S1.);
#15177 = CIRCLE('',#15178,2.1);
#15178 = AXIS2_PLACEMENT_3D('',#15179,#15180,#15181);
#15179 = CARTESIAN_POINT('',(63.,72.8,92.));
#15180 = DIRECTION('',(0.,-1.,0.));
#15181 = DIRECTION('',(0.,-0.,-1.));
#15182 = PCURVE('',#10584,#15183);
#15183 = DEFINITIONAL_REPRESENTATION('',(#15184),#15188);
#15184 = LINE('',#15185,#15186);
#15185 = CARTESIAN_POINT('',(0.,7.));
#15186 = VECTOR('',#15187,1.);
#15187 = DIRECTION('',(1.,0.));
#15188 = ( GEOMETRIC_REPRESENTATION_CONTEXT(2) 
PARAMETRIC_REPRESENTATION_CONTEXT() REPRESENTATION_CONTEXT('2D SPACE',''
  ) );
#15189 = PCURVE('',#15190,#15195);
#15190 = PLANE('',#15191);
#15191 = AXIS2_PLACEMENT_3D('',#15192,#15193,#15194);
#15192 = CARTESIAN_POINT('',(63.,72.8,92.));
#15193 = DIRECTION('',(0.,-1.,0.));
#15194 = DIRECTION('',(0.,-0.,-1.));
#15195 = DEFINITIONAL_REPRESENTATION('',(#15196),#15200);
#15196 = CIRCLE('',#15197,2.1);
#15197 = AXIS2_PLACEMENT_2D('',#15198,#15199);
#15198 = CARTESIAN_POINT('',(0.,0.));
#15199 = DIRECTION('',(1.,0.));
#15200 = ( GEOMETRIC_REPRESENTATION_CONTEXT(2) 
PARAMETRIC_REPRESENTATION_CONTEXT() REPRESENTATION_CONTEXT('2D SPACE',''
  ) );
#15201 = ORIENTED_EDGE('',*,*,#15152,.F.);
#15202 = ORIENTED_EDGE('',*,*,#10567,.T.);
#15203 = ADVANCED_FACE('',(#15204),#10790,.F.);
#15204 = FACE_BOUND('',#15205,.F.);
#15205 = EDGE_LOOP('',(#15206,#15229,#15230,#15231,#15254,#15282));
#15206 = ORIENTED_EDGE('',*,*,#15207,.F.);
#15207 = EDGE_CURVE('',#10750,#15208,#15210,.T.);
#15208 = VERTEX_POINT('',#15209);
#15209 = CARTESIAN_POINT('',(-9.,-80.3,111.));
#15210 = SURFACE_CURVE('',#15211,(#15215,#15222),.PCURVE_S1.);
#15211 = LINE('',#15212,#15213);
#15212 = CARTESIAN_POINT('',(-9.,-80.3,103.));
#15213 = VECTOR('',#15214,1.);
#15214 = DIRECTION('',(0.,0.,1.));
#15215 = PCURVE('',#10790,#15216);
#15216 = DEFINITIONAL_REPRESENTATION('',(#15217),#15221);
#15217 = LINE('',#15218,#15219);
#15218 = CARTESIAN_POINT('',(0.,0.));
#15219 = VECTOR('',#15220,1.);
#15220 = DIRECTION('',(1.,0.));
#15221 = ( GEOMETRIC_REPRESENTATION_CONTEXT(2) 
PARAMETRIC_REPRESENTATION_CONTEXT() REPRESENTATION_CONTEXT('2D SPACE',''
  ) );
#15222 = PCURVE('',#10764,#15223);
#15223 = DEFINITIONAL_REPRESENTATION('',(#15224),#15228);
#15224 = LINE('',#15225,#15226);
#15225 = CARTESIAN_POINT('',(0.,0.));
#15226 = VECTOR('',#15227,1.);
#15227 = DIRECTION('',(1.,0.));
#15228 = ( GEOMETRIC_REPRESENTATION_CONTEXT(2) 
PARAMETRIC_REPRESENTATION_CONTEXT() REPRESENTATION_CONTEXT('2D SPACE',''
  ) );
#15229 = ORIENTED_EDGE('',*,*,#10775,.T.);
#15230 = ORIENTED_EDGE('',*,*,#13239,.T.);
#15231 = ORIENTED_EDGE('',*,*,#15232,.T.);
#15232 = EDGE_CURVE('',#13240,#15233,#15235,.T.);
#15233 = VERTEX_POINT('',#15234);
#15234 = CARTESIAN_POINT('',(-9.,-75.3,103.));
#15235 = SURFACE_CURVE('',#15236,(#15240,#15247),.PCURVE_S1.);
#15236 = LINE('',#15237,#15238);
#15237 = CARTESIAN_POINT('',(-9.,-80.3,103.));
#15238 = VECTOR('',#15239,1.);
#15239 = DIRECTION('',(0.,1.,0.));
#15240 = PCURVE('',#10790,#15241);
#15241 = DEFINITIONAL_REPRESENTATION('',(#15242),#15246);
#15242 = LINE('',#15243,#15244);
#15243 = CARTESIAN_POINT('',(0.,0.));
#15244 = VECTOR('',#15245,1.);
#15245 = DIRECTION('',(0.,-1.));
#15246 = ( GEOMETRIC_REPRESENTATION_CONTEXT(2) 
PARAMETRIC_REPRESENTATION_CONTEXT() REPRESENTATION_CONTEXT('2D SPACE',''
  ) );
#15247 = PCURVE('',#13275,#15248);
#15248 = DEFINITIONAL_REPRESENTATION('',(#15249),#15253);
#15249 = LINE('',#15250,#15251);
#15250 = CARTESIAN_POINT('',(0.,0.));
#15251 = VECTOR('',#15252,1.);
#15252 = DIRECTION('',(0.,1.));
#15253 = ( GEOMETRIC_REPRESENTATION_CONTEXT(2) 
PARAMETRIC_REPRESENTATION_CONTEXT() REPRESENTATION_CONTEXT('2D SPACE',''
  ) );
#15254 = ORIENTED_EDGE('',*,*,#15255,.T.);
#15255 = EDGE_CURVE('',#15233,#15256,#15258,.T.);
#15256 = VERTEX_POINT('',#15257);
#15257 = CARTESIAN_POINT('',(-9.,-75.3,111.));
#15258 = SURFACE_CURVE('',#15259,(#15263,#15270),.PCURVE_S1.);
#15259 = LINE('',#15260,#15261);
#15260 = CARTESIAN_POINT('',(-9.,-75.3,103.));
#15261 = VECTOR('',#15262,1.);
#15262 = DIRECTION('',(0.,0.,1.));
#15263 = PCURVE('',#10790,#15264);
#15264 = DEFINITIONAL_REPRESENTATION('',(#15265),#15269);
#15265 = LINE('',#15266,#15267);
#15266 = CARTESIAN_POINT('',(0.,-5.));
#15267 = VECTOR('',#15268,1.);
#15268 = DIRECTION('',(1.,0.));
#15269 = ( GEOMETRIC_REPRESENTATION_CONTEXT(2) 
PARAMETRIC_REPRESENTATION_CONTEXT() REPRESENTATION_CONTEXT('2D SPACE',''
  ) );
#15270 = PCURVE('',#15271,#15276);
#15271 = PLANE('',#15272);
#15272 = AXIS2_PLACEMENT_3D('',#15273,#15274,#15275);
#15273 = CARTESIAN_POINT('',(-9.,-75.3,103.));
#15274 = DIRECTION('',(0.,1.,0.));
#15275 = DIRECTION('',(0.,0.,1.));
#15276 = DEFINITIONAL_REPRESENTATION('',(#15277),#15281);
#15277 = LINE('',#15278,#15279);
#15278 = CARTESIAN_POINT('',(0.,0.));
#15279 = VECTOR('',#15280,1.);
#15280 = DIRECTION('',(1.,0.));
#15281 = ( GEOMETRIC_REPRESENTATION_CONTEXT(2) 
PARAMETRIC_REPRESENTATION_CONTEXT() REPRESENTATION_CONTEXT('2D SPACE',''
  ) );
#15282 = ORIENTED_EDGE('',*,*,#15283,.F.);
#15283 = EDGE_CURVE('',#15208,#15256,#15284,.T.);
#15284 = SURFACE_CURVE('',#15285,(#15289,#15296),.PCURVE_S1.);
#15285 = LINE('',#15286,#15287);
#15286 = CARTESIAN_POINT('',(-9.,-80.3,111.));
#15287 = VECTOR('',#15288,1.);
#15288 = DIRECTION('',(0.,1.,0.));
#15289 = PCURVE('',#10790,#15290);
#15290 = DEFINITIONAL_REPRESENTATION('',(#15291),#15295);
#15291 = LINE('',#15292,#15293);
#15292 = CARTESIAN_POINT('',(8.,0.));
#15293 = VECTOR('',#15294,1.);
#15294 = DIRECTION('',(0.,-1.));
#15295 = ( GEOMETRIC_REPRESENTATION_CONTEXT(2) 
PARAMETRIC_REPRESENTATION_CONTEXT() REPRESENTATION_CONTEXT('2D SPACE',''
  ) );
#15296 = PCURVE('',#15297,#15302);
#15297 = PLANE('',#15298);
#15298 = AXIS2_PLACEMENT_3D('',#15299,#15300,#15301);
#15299 = CARTESIAN_POINT('',(-9.,-80.3,111.));
#15300 = DIRECTION('',(0.,0.,1.));
#15301 = DIRECTION('',(1.,0.,0.));
#15302 = DEFINITIONAL_REPRESENTATION('',(#15303),#15307);
#15303 = LINE('',#15304,#15305);
#15304 = CARTESIAN_POINT('',(0.,0.));
#15305 = VECTOR('',#15306,1.);
#15306 = DIRECTION('',(0.,1.));
#15307 = ( GEOMETRIC_REPRESENTATION_CONTEXT(2) 
PARAMETRIC_REPRESENTATION_CONTEXT() REPRESENTATION_CONTEXT('2D SPACE',''
  ) );
#15308 = ADVANCED_FACE('',(#15309),#10764,.F.);
#15309 = FACE_BOUND('',#15310,.F.);
#15310 = EDGE_LOOP('',(#15311,#15334,#15335,#15336));
#15311 = ORIENTED_EDGE('',*,*,#15312,.F.);
#15312 = EDGE_CURVE('',#10724,#15313,#15315,.T.);
#15313 = VERTEX_POINT('',#15314);
#15314 = CARTESIAN_POINT('',(9.,-80.3,111.));
#15315 = SURFACE_CURVE('',#15316,(#15320,#15327),.PCURVE_S1.);
#15316 = LINE('',#15317,#15318);
#15317 = CARTESIAN_POINT('',(9.,-80.3,103.));
#15318 = VECTOR('',#15319,1.);
#15319 = DIRECTION('',(0.,0.,1.));
#15320 = PCURVE('',#10764,#15321);
#15321 = DEFINITIONAL_REPRESENTATION('',(#15322),#15326);
#15322 = LINE('',#15323,#15324);
#15323 = CARTESIAN_POINT('',(0.,18.));
#15324 = VECTOR('',#15325,1.);
#15325 = DIRECTION('',(1.,0.));
#15326 = ( GEOMETRIC_REPRESENTATION_CONTEXT(2) 
PARAMETRIC_REPRESENTATION_CONTEXT() REPRESENTATION_CONTEXT('2D SPACE',''
  ) );
#15327 = PCURVE('',#10738,#15328);
#15328 = DEFINITIONAL_REPRESENTATION('',(#15329),#15333);
#15329 = LINE('',#15330,#15331);
#15330 = CARTESIAN_POINT('',(0.,0.));
#15331 = VECTOR('',#15332,1.);
#15332 = DIRECTION('',(1.,0.));
#15333 = ( GEOMETRIC_REPRESENTATION_CONTEXT(2) 
PARAMETRIC_REPRESENTATION_CONTEXT() REPRESENTATION_CONTEXT('2D SPACE',''
  ) );
#15334 = ORIENTED_EDGE('',*,*,#10749,.T.);
#15335 = ORIENTED_EDGE('',*,*,#15207,.T.);
#15336 = ORIENTED_EDGE('',*,*,#15337,.T.);
#15337 = EDGE_CURVE('',#15208,#15313,#15338,.T.);
#15338 = SURFACE_CURVE('',#15339,(#15343,#15350),.PCURVE_S1.);
#15339 = LINE('',#15340,#15341);
#15340 = CARTESIAN_POINT('',(-9.,-80.3,111.));
#15341 = VECTOR('',#15342,1.);
#15342 = DIRECTION('',(1.,0.,0.));
#15343 = PCURVE('',#10764,#15344);
#15344 = DEFINITIONAL_REPRESENTATION('',(#15345),#15349);
#15345 = LINE('',#15346,#15347);
#15346 = CARTESIAN_POINT('',(8.,0.));
#15347 = VECTOR('',#15348,1.);
#15348 = DIRECTION('',(0.,1.));
#15349 = ( GEOMETRIC_REPRESENTATION_CONTEXT(2) 
PARAMETRIC_REPRESENTATION_CONTEXT() REPRESENTATION_CONTEXT('2D SPACE',''
  ) );
#15350 = PCURVE('',#15297,#15351);
#15351 = DEFINITIONAL_REPRESENTATION('',(#15352),#15356);
#15352 = LINE('',#15353,#15354);
#15353 = CARTESIAN_POINT('',(0.,0.));
#15354 = VECTOR('',#15355,1.);
#15355 = DIRECTION('',(1.,0.));
#15356 = ( GEOMETRIC_REPRESENTATION_CONTEXT(2) 
PARAMETRIC_REPRESENTATION_CONTEXT() REPRESENTATION_CONTEXT('2D SPACE',''
  ) );
#15357 = ADVANCED_FACE('',(#15358),#10738,.T.);
#15358 = FACE_BOUND('',#15359,.T.);
#15359 = EDGE_LOOP('',(#15360,#15361,#15362,#15363,#15386,#15409));
#15360 = ORIENTED_EDGE('',*,*,#15312,.F.);
#15361 = ORIENTED_EDGE('',*,*,#10723,.T.);
#15362 = ORIENTED_EDGE('',*,*,#13286,.T.);
#15363 = ORIENTED_EDGE('',*,*,#15364,.T.);
#15364 = EDGE_CURVE('',#13261,#15365,#15367,.T.);
#15365 = VERTEX_POINT('',#15366);
#15366 = CARTESIAN_POINT('',(9.,-75.3,103.));
#15367 = SURFACE_CURVE('',#15368,(#15372,#15379),.PCURVE_S1.);
#15368 = LINE('',#15369,#15370);
#15369 = CARTESIAN_POINT('',(9.,-80.3,103.));
#15370 = VECTOR('',#15371,1.);
#15371 = DIRECTION('',(0.,1.,0.));
#15372 = PCURVE('',#10738,#15373);
#15373 = DEFINITIONAL_REPRESENTATION('',(#15374),#15378);
#15374 = LINE('',#15375,#15376);
#15375 = CARTESIAN_POINT('',(0.,0.));
#15376 = VECTOR('',#15377,1.);
#15377 = DIRECTION('',(0.,-1.));
#15378 = ( GEOMETRIC_REPRESENTATION_CONTEXT(2) 
PARAMETRIC_REPRESENTATION_CONTEXT() REPRESENTATION_CONTEXT('2D SPACE',''
  ) );
#15379 = PCURVE('',#13275,#15380);
#15380 = DEFINITIONAL_REPRESENTATION('',(#15381),#15385);
#15381 = LINE('',#15382,#15383);
#15382 = CARTESIAN_POINT('',(18.,0.));
#15383 = VECTOR('',#15384,1.);
#15384 = DIRECTION('',(0.,1.));
#15385 = ( GEOMETRIC_REPRESENTATION_CONTEXT(2) 
PARAMETRIC_REPRESENTATION_CONTEXT() REPRESENTATION_CONTEXT('2D SPACE',''
  ) );
#15386 = ORIENTED_EDGE('',*,*,#15387,.T.);
#15387 = EDGE_CURVE('',#15365,#15388,#15390,.T.);
#15388 = VERTEX_POINT('',#15389);
#15389 = CARTESIAN_POINT('',(9.,-75.3,111.));
#15390 = SURFACE_CURVE('',#15391,(#15395,#15402),.PCURVE_S1.);
#15391 = LINE('',#15392,#15393);
#15392 = CARTESIAN_POINT('',(9.,-75.3,103.));
#15393 = VECTOR('',#15394,1.);
#15394 = DIRECTION('',(0.,0.,1.));
#15395 = PCURVE('',#10738,#15396);
#15396 = DEFINITIONAL_REPRESENTATION('',(#15397),#15401);
#15397 = LINE('',#15398,#15399);
#15398 = CARTESIAN_POINT('',(0.,-5.));
#15399 = VECTOR('',#15400,1.);
#15400 = DIRECTION('',(1.,0.));
#15401 = ( GEOMETRIC_REPRESENTATION_CONTEXT(2) 
PARAMETRIC_REPRESENTATION_CONTEXT() REPRESENTATION_CONTEXT('2D SPACE',''
  ) );
#15402 = PCURVE('',#15271,#15403);
#15403 = DEFINITIONAL_REPRESENTATION('',(#15404),#15408);
#15404 = LINE('',#15405,#15406);
#15405 = CARTESIAN_POINT('',(0.,18.));
#15406 = VECTOR('',#15407,1.);
#15407 = DIRECTION('',(1.,0.));
#15408 = ( GEOMETRIC_REPRESENTATION_CONTEXT(2) 
PARAMETRIC_REPRESENTATION_CONTEXT() REPRESENTATION_CONTEXT('2D SPACE',''
  ) );
#15409 = ORIENTED_EDGE('',*,*,#15410,.F.);
#15410 = EDGE_CURVE('',#15313,#15388,#15411,.T.);
#15411 = SURFACE_CURVE('',#15412,(#15416,#15423),.PCURVE_S1.);
#15412 = LINE('',#15413,#15414);
#15413 = CARTESIAN_POINT('',(9.,-80.3,111.));
#15414 = VECTOR('',#15415,1.);
#15415 = DIRECTION('',(0.,1.,0.));
#15416 = PCURVE('',#10738,#15417);
#15417 = DEFINITIONAL_REPRESENTATION('',(#15418),#15422);
#15418 = LINE('',#15419,#15420);
#15419 = CARTESIAN_POINT('',(8.,0.));
#15420 = VECTOR('',#15421,1.);
#15421 = DIRECTION('',(0.,-1.));
#15422 = ( GEOMETRIC_REPRESENTATION_CONTEXT(2) 
PARAMETRIC_REPRESENTATION_CONTEXT() REPRESENTATION_CONTEXT('2D SPACE',''
  ) );
#15423 = PCURVE('',#15297,#15424);
#15424 = DEFINITIONAL_REPRESENTATION('',(#15425),#15429);
#15425 = LINE('',#15426,#15427);
#15426 = CARTESIAN_POINT('',(18.,0.));
#15427 = VECTOR('',#15428,1.);
#15428 = DIRECTION('',(0.,1.));
#15429 = ( GEOMETRIC_REPRESENTATION_CONTEXT(2) 
PARAMETRIC_REPRESENTATION_CONTEXT() REPRESENTATION_CONTEXT('2D SPACE',''
  ) );
#15430 = ADVANCED_FACE('',(#15431),#10890,.T.);
#15431 = FACE_BOUND('',#15432,.F.);
#15432 = EDGE_LOOP('',(#15433,#15434,#15453,#15454));
#15433 = ORIENTED_EDGE('',*,*,#10871,.T.);
#15434 = ORIENTED_EDGE('',*,*,#15435,.T.);
#15435 = EDGE_CURVE('',#10874,#11818,#15436,.T.);
#15436 = SURFACE_CURVE('',#15437,(#15441,#15447),.PCURVE_S1.);
#15437 = LINE('',#15438,#15439);
#15438 = CARTESIAN_POINT('',(-77.5,-44.8473307888,93.));
#15439 = VECTOR('',#15440,1.);
#15440 = DIRECTION('',(-0.,-0.,-1.));
#15441 = PCURVE('',#10890,#15442);
#15442 = DEFINITIONAL_REPRESENTATION('',(#15443),#15446);
#15443 = B_SPLINE_CURVE_WITH_KNOTS('',1,(#15444,#15445),.UNSPECIFIED.,
  .F.,.F.,(2,2),(-12.,0.),.PIECEWISE_BEZIER_KNOTS.);
#15444 = CARTESIAN_POINT('',(-7.989006937857,-12.));
#15445 = CARTESIAN_POINT('',(-7.989006937857,0.));
#15446 = ( GEOMETRIC_REPRESENTATION_CONTEXT(2) 
PARAMETRIC_REPRESENTATION_CONTEXT() REPRESENTATION_CONTEXT('2D SPACE',''
  ) );
#15447 = PCURVE('',#10918,#15448);
#15448 = DEFINITIONAL_REPRESENTATION('',(#15449),#15452);
#15449 = B_SPLINE_CURVE_WITH_KNOTS('',1,(#15450,#15451),.UNSPECIFIED.,
  .F.,.F.,(2,2),(-12.0000006,6.000000070117E-07),
  .PIECEWISE_BEZIER_KNOTS.);
#15450 = CARTESIAN_POINT('',(12.0000006,-21.15266921119));
#15451 = CARTESIAN_POINT('',(-6.000000070117E-07,-21.15266921119));
#15452 = ( GEOMETRIC_REPRESENTATION_CONTEXT(2) 
PARAMETRIC_REPRESENTATION_CONTEXT() REPRESENTATION_CONTEXT('2D SPACE',''
  ) );
#15453 = ORIENTED_EDGE('',*,*,#11817,.T.);
#15454 = ORIENTED_EDGE('',*,*,#15455,.F.);
#15455 = EDGE_CURVE('',#10872,#11795,#15456,.T.);
#15456 = SURFACE_CURVE('',#15457,(#15461,#15467),.PCURVE_S1.);
#15457 = LINE('',#15458,#15459);
#15458 = CARTESIAN_POINT('',(-77.5,-55.15266921119,93.));
#15459 = VECTOR('',#15460,1.);
#15460 = DIRECTION('',(-0.,-0.,-1.));
#15461 = PCURVE('',#10890,#15462);
#15462 = DEFINITIONAL_REPRESENTATION('',(#15463),#15466);
#15463 = B_SPLINE_CURVE_WITH_KNOTS('',1,(#15464,#15465),.UNSPECIFIED.,
  .F.,.F.,(2,2),(-12.,0.),.PIECEWISE_BEZIER_KNOTS.);
#15464 = CARTESIAN_POINT('',(-4.577363676502,-12.));
#15465 = CARTESIAN_POINT('',(-4.577363676502,0.));
#15466 = ( GEOMETRIC_REPRESENTATION_CONTEXT(2) 
PARAMETRIC_REPRESENTATION_CONTEXT() REPRESENTATION_CONTEXT('2D SPACE',''
  ) );
#15467 = PCURVE('',#11206,#15468);
#15468 = DEFINITIONAL_REPRESENTATION('',(#15469),#15472);
#15469 = B_SPLINE_CURVE_WITH_KNOTS('',1,(#15470,#15471),.UNSPECIFIED.,
  .F.,.F.,(2,2),(-12.0000006,6.000000070117E-07),
  .PIECEWISE_BEZIER_KNOTS.);
#15470 = CARTESIAN_POINT('',(12.0000006,-10.8473307888));
#15471 = CARTESIAN_POINT('',(-6.000000070117E-07,-10.8473307888));
#15472 = ( GEOMETRIC_REPRESENTATION_CONTEXT(2) 
PARAMETRIC_REPRESENTATION_CONTEXT() REPRESENTATION_CONTEXT('2D SPACE',''
  ) );
#15473 = ADVANCED_FACE('',(#15474),#11206,.T.);
#15474 = FACE_BOUND('',#15475,.T.);
#15475 = EDGE_LOOP('',(#15476,#15477,#15478,#15479));
#15476 = ORIENTED_EDGE('',*,*,#11192,.F.);
#15477 = ORIENTED_EDGE('',*,*,#13158,.F.);
#15478 = ORIENTED_EDGE('',*,*,#11794,.T.);
#15479 = ORIENTED_EDGE('',*,*,#15455,.F.);
#15480 = ADVANCED_FACE('',(#15481),#11133,.T.);
#15481 = FACE_BOUND('',#15482,.T.);
#15482 = EDGE_LOOP('',(#15483,#15484,#15503,#15504));
#15483 = ORIENTED_EDGE('',*,*,#11117,.F.);
#15484 = ORIENTED_EDGE('',*,*,#15485,.T.);
#15485 = EDGE_CURVE('',#11089,#11920,#15486,.T.);
#15486 = SURFACE_CURVE('',#15487,(#15491,#15497),.PCURVE_S1.);
#15487 = LINE('',#15488,#15489);
#15488 = CARTESIAN_POINT('',(-77.5,55.152669211195,93.));
#15489 = VECTOR('',#15490,1.);
#15490 = DIRECTION('',(-0.,-0.,-1.));
#15491 = PCURVE('',#11133,#15492);
#15492 = DEFINITIONAL_REPRESENTATION('',(#15493),#15496);
#15493 = B_SPLINE_CURVE_WITH_KNOTS('',1,(#15494,#15495),.UNSPECIFIED.,
  .F.,.F.,(2,2),(-12.0000006,6.000000070117E-07),
  .PIECEWISE_BEZIER_KNOTS.);
#15494 = CARTESIAN_POINT('',(12.0000006,-121.1526692111));
#15495 = CARTESIAN_POINT('',(-6.000000070117E-07,-121.1526692111));
#15496 = ( GEOMETRIC_REPRESENTATION_CONTEXT(2) 
PARAMETRIC_REPRESENTATION_CONTEXT() REPRESENTATION_CONTEXT('2D SPACE',''
  ) );
#15497 = PCURVE('',#11105,#15498);
#15498 = DEFINITIONAL_REPRESENTATION('',(#15499),#15502);
#15499 = B_SPLINE_CURVE_WITH_KNOTS('',1,(#15500,#15501),.UNSPECIFIED.,
  .F.,.F.,(2,2),(-12.,0.),.PIECEWISE_BEZIER_KNOTS.);
#15500 = CARTESIAN_POINT('',(-7.989006937857,-12.));
#15501 = CARTESIAN_POINT('',(-7.989006937857,0.));
#15502 = ( GEOMETRIC_REPRESENTATION_CONTEXT(2) 
PARAMETRIC_REPRESENTATION_CONTEXT() REPRESENTATION_CONTEXT('2D SPACE',''
  ) );
#15503 = ORIENTED_EDGE('',*,*,#11947,.T.);
#15504 = ORIENTED_EDGE('',*,*,#11999,.T.);
#15505 = ADVANCED_FACE('',(#15506),#11105,.T.);
#15506 = FACE_BOUND('',#15507,.F.);
#15507 = EDGE_LOOP('',(#15508,#15509,#15510,#15511));
#15508 = ORIENTED_EDGE('',*,*,#11088,.T.);
#15509 = ORIENTED_EDGE('',*,*,#15485,.T.);
#15510 = ORIENTED_EDGE('',*,*,#11919,.T.);
#15511 = ORIENTED_EDGE('',*,*,#15512,.F.);
#15512 = EDGE_CURVE('',#11066,#11897,#15513,.T.);
#15513 = SURFACE_CURVE('',#15514,(#15518,#15524),.PCURVE_S1.);
#15514 = LINE('',#15515,#15516);
#15515 = CARTESIAN_POINT('',(-77.5,44.847330788805,93.));
#15516 = VECTOR('',#15517,1.);
#15517 = DIRECTION('',(-0.,-0.,-1.));
#15518 = PCURVE('',#11105,#15519);
#15519 = DEFINITIONAL_REPRESENTATION('',(#15520),#15523);
#15520 = B_SPLINE_CURVE_WITH_KNOTS('',1,(#15521,#15522),.UNSPECIFIED.,
  .F.,.F.,(2,2),(-12.,0.),.PIECEWISE_BEZIER_KNOTS.);
#15521 = CARTESIAN_POINT('',(-4.577363676502,-12.));
#15522 = CARTESIAN_POINT('',(-4.577363676502,0.));
#15523 = ( GEOMETRIC_REPRESENTATION_CONTEXT(2) 
PARAMETRIC_REPRESENTATION_CONTEXT() REPRESENTATION_CONTEXT('2D SPACE',''
  ) );
#15524 = PCURVE('',#10975,#15525);
#15525 = DEFINITIONAL_REPRESENTATION('',(#15526),#15529);
#15526 = B_SPLINE_CURVE_WITH_KNOTS('',1,(#15527,#15528),.UNSPECIFIED.,
  .F.,.F.,(2,2),(-12.0000006,6.000000070117E-07),
  .PIECEWISE_BEZIER_KNOTS.);
#15527 = CARTESIAN_POINT('',(12.0000006,-110.8473307888));
#15528 = CARTESIAN_POINT('',(-6.000000070117E-07,-110.8473307888));
#15529 = ( GEOMETRIC_REPRESENTATION_CONTEXT(2) 
PARAMETRIC_REPRESENTATION_CONTEXT() REPRESENTATION_CONTEXT('2D SPACE',''
  ) );
#15530 = ADVANCED_FACE('',(#15531),#10975,.T.);
#15531 = FACE_BOUND('',#15532,.T.);
#15532 = EDGE_LOOP('',(#15533,#15534,#15553,#15554,#15555,#15556,#15577,
    #15603));
#15533 = ORIENTED_EDGE('',*,*,#10959,.F.);
#15534 = ORIENTED_EDGE('',*,*,#15535,.T.);
#15535 = EDGE_CURVE('',#10931,#11869,#15536,.T.);
#15536 = SURFACE_CURVE('',#15537,(#15541,#15547),.PCURVE_S1.);
#15537 = LINE('',#15538,#15539);
#15538 = CARTESIAN_POINT('',(-77.5,15.152669211195,93.));
#15539 = VECTOR('',#15540,1.);
#15540 = DIRECTION('',(-0.,-0.,-1.));
#15541 = PCURVE('',#10975,#15542);
#15542 = DEFINITIONAL_REPRESENTATION('',(#15543),#15546);
#15543 = B_SPLINE_CURVE_WITH_KNOTS('',1,(#15544,#15545),.UNSPECIFIED.,
  .F.,.F.,(2,2),(-12.0000006,6.000000070117E-07),
  .PIECEWISE_BEZIER_KNOTS.);
#15544 = CARTESIAN_POINT('',(12.0000006,-81.15266921119));
#15545 = CARTESIAN_POINT('',(-6.000000070117E-07,-81.15266921119));
#15546 = ( GEOMETRIC_REPRESENTATION_CONTEXT(2) 
PARAMETRIC_REPRESENTATION_CONTEXT() REPRESENTATION_CONTEXT('2D SPACE',''
  ) );
#15547 = PCURVE('',#10947,#15548);
#15548 = DEFINITIONAL_REPRESENTATION('',(#15549),#15552);
#15549 = B_SPLINE_CURVE_WITH_KNOTS('',1,(#15550,#15551),.UNSPECIFIED.,
  .F.,.F.,(2,2),(-12.,0.),.PIECEWISE_BEZIER_KNOTS.);
#15550 = CARTESIAN_POINT('',(-7.989006937857,-12.));
#15551 = CARTESIAN_POINT('',(-7.989006937857,0.));
#15552 = ( GEOMETRIC_REPRESENTATION_CONTEXT(2) 
PARAMETRIC_REPRESENTATION_CONTEXT() REPRESENTATION_CONTEXT('2D SPACE',''
  ) );
#15553 = ORIENTED_EDGE('',*,*,#11896,.T.);
#15554 = ORIENTED_EDGE('',*,*,#15512,.F.);
#15555 = ORIENTED_EDGE('',*,*,#11065,.F.);
#15556 = ORIENTED_EDGE('',*,*,#15557,.F.);
#15557 = EDGE_CURVE('',#15558,#11040,#15560,.T.);
#15558 = VERTEX_POINT('',#15559);
#15559 = CARTESIAN_POINT('',(-77.5,32.,103.));
#15560 = SURFACE_CURVE('',#15561,(#15565,#15571),.PCURVE_S1.);
#15561 = LINE('',#15562,#15563);
#15562 = CARTESIAN_POINT('',(-77.5,32.,98.));
#15563 = VECTOR('',#15564,1.);
#15564 = DIRECTION('',(0.,0.,1.));
#15565 = PCURVE('',#10975,#15566);
#15566 = DEFINITIONAL_REPRESENTATION('',(#15567),#15570);
#15567 = B_SPLINE_CURVE_WITH_KNOTS('',1,(#15568,#15569),.UNSPECIFIED.,
  .F.,.F.,(2,2),(5.,7.),.PIECEWISE_BEZIER_KNOTS.);
#15568 = CARTESIAN_POINT('',(10.,-98.));
#15569 = CARTESIAN_POINT('',(12.,-98.));
#15570 = ( GEOMETRIC_REPRESENTATION_CONTEXT(2) 
PARAMETRIC_REPRESENTATION_CONTEXT() REPRESENTATION_CONTEXT('2D SPACE',''
  ) );
#15571 = PCURVE('',#11054,#15572);
#15572 = DEFINITIONAL_REPRESENTATION('',(#15573),#15576);
#15573 = B_SPLINE_CURVE_WITH_KNOTS('',1,(#15574,#15575),.UNSPECIFIED.,
  .F.,.F.,(2,2),(5.,7.),.PIECEWISE_BEZIER_KNOTS.);
#15574 = CARTESIAN_POINT('',(0.,2.8));
#15575 = CARTESIAN_POINT('',(2.,2.8));
#15576 = ( GEOMETRIC_REPRESENTATION_CONTEXT(2) 
PARAMETRIC_REPRESENTATION_CONTEXT() REPRESENTATION_CONTEXT('2D SPACE',''
  ) );
#15577 = ORIENTED_EDGE('',*,*,#15578,.T.);
#15578 = EDGE_CURVE('',#15558,#15579,#15581,.T.);
#15579 = VERTEX_POINT('',#15580);
#15580 = CARTESIAN_POINT('',(-77.5,18.,103.));
#15581 = SURFACE_CURVE('',#15582,(#15586,#15592),.PCURVE_S1.);
#15582 = LINE('',#15583,#15584);
#15583 = CARTESIAN_POINT('',(-77.5,-24.,103.));
#15584 = VECTOR('',#15585,1.);
#15585 = DIRECTION('',(0.,-1.,0.));
#15586 = PCURVE('',#10975,#15587);
#15587 = DEFINITIONAL_REPRESENTATION('',(#15588),#15591);
#15588 = B_SPLINE_CURVE_WITH_KNOTS('',1,(#15589,#15590),.UNSPECIFIED.,
  .F.,.F.,(2,2),(-56.,-42.),.PIECEWISE_BEZIER_KNOTS.);
#15589 = CARTESIAN_POINT('',(10.,-98.));
#15590 = CARTESIAN_POINT('',(10.,-84.));
#15591 = ( GEOMETRIC_REPRESENTATION_CONTEXT(2) 
PARAMETRIC_REPRESENTATION_CONTEXT() REPRESENTATION_CONTEXT('2D SPACE',''
  ) );
#15592 = PCURVE('',#15593,#15598);
#15593 = PLANE('',#15594);
#15594 = AXIS2_PLACEMENT_3D('',#15595,#15596,#15597);
#15595 = CARTESIAN_POINT('',(-80.3,18.,103.));
#15596 = DIRECTION('',(0.,0.,1.));
#15597 = DIRECTION('',(1.,0.,0.));
#15598 = DEFINITIONAL_REPRESENTATION('',(#15599),#15602);
#15599 = B_SPLINE_CURVE_WITH_KNOTS('',1,(#15600,#15601),.UNSPECIFIED.,
  .F.,.F.,(2,2),(-56.,-42.),.PIECEWISE_BEZIER_KNOTS.);
#15600 = CARTESIAN_POINT('',(2.8,14.));
#15601 = CARTESIAN_POINT('',(2.8,0.));
#15602 = ( GEOMETRIC_REPRESENTATION_CONTEXT(2) 
PARAMETRIC_REPRESENTATION_CONTEXT() REPRESENTATION_CONTEXT('2D SPACE',''
  ) );
#15603 = ORIENTED_EDGE('',*,*,#15604,.T.);
#15604 = EDGE_CURVE('',#15579,#10960,#15605,.T.);
#15605 = SURFACE_CURVE('',#15606,(#15610,#15616),.PCURVE_S1.);
#15606 = LINE('',#15607,#15608);
#15607 = CARTESIAN_POINT('',(-77.5,18.,98.));
#15608 = VECTOR('',#15609,1.);
#15609 = DIRECTION('',(0.,0.,1.));
#15610 = PCURVE('',#10975,#15611);
#15611 = DEFINITIONAL_REPRESENTATION('',(#15612),#15615);
#15612 = B_SPLINE_CURVE_WITH_KNOTS('',1,(#15613,#15614),.UNSPECIFIED.,
  .F.,.F.,(2,2),(5.,7.),.PIECEWISE_BEZIER_KNOTS.);
#15613 = CARTESIAN_POINT('',(10.,-84.));
#15614 = CARTESIAN_POINT('',(12.,-84.));
#15615 = ( GEOMETRIC_REPRESENTATION_CONTEXT(2) 
PARAMETRIC_REPRESENTATION_CONTEXT() REPRESENTATION_CONTEXT('2D SPACE',''
  ) );
#15616 = PCURVE('',#11002,#15617);
#15617 = DEFINITIONAL_REPRESENTATION('',(#15618),#15621);
#15618 = B_SPLINE_CURVE_WITH_KNOTS('',1,(#15619,#15620),.UNSPECIFIED.,
  .F.,.F.,(2,2),(5.,7.),.PIECEWISE_BEZIER_KNOTS.);
#15619 = CARTESIAN_POINT('',(0.,2.8));
#15620 = CARTESIAN_POINT('',(2.,2.8));
#15621 = ( GEOMETRIC_REPRESENTATION_CONTEXT(2) 
PARAMETRIC_REPRESENTATION_CONTEXT() REPRESENTATION_CONTEXT('2D SPACE',''
  ) );
#15622 = ADVANCED_FACE('',(#15623),#11054,.T.);
#15623 = FACE_BOUND('',#15624,.T.);
#15624 = EDGE_LOOP('',(#15625,#15648,#15649,#15650,#15673,#15701));
#15625 = ORIENTED_EDGE('',*,*,#15626,.F.);
#15626 = EDGE_CURVE('',#15558,#15627,#15629,.T.);
#15627 = VERTEX_POINT('',#15628);
#15628 = CARTESIAN_POINT('',(-75.3,32.,103.));
#15629 = SURFACE_CURVE('',#15630,(#15634,#15641),.PCURVE_S1.);
#15630 = LINE('',#15631,#15632);
#15631 = CARTESIAN_POINT('',(-80.3,32.,103.));
#15632 = VECTOR('',#15633,1.);
#15633 = DIRECTION('',(1.,0.,0.));
#15634 = PCURVE('',#11054,#15635);
#15635 = DEFINITIONAL_REPRESENTATION('',(#15636),#15640);
#15636 = LINE('',#15637,#15638);
#15637 = CARTESIAN_POINT('',(0.,0.));
#15638 = VECTOR('',#15639,1.);
#15639 = DIRECTION('',(0.,1.));
#15640 = ( GEOMETRIC_REPRESENTATION_CONTEXT(2) 
PARAMETRIC_REPRESENTATION_CONTEXT() REPRESENTATION_CONTEXT('2D SPACE',''
  ) );
#15641 = PCURVE('',#15593,#15642);
#15642 = DEFINITIONAL_REPRESENTATION('',(#15643),#15647);
#15643 = LINE('',#15644,#15645);
#15644 = CARTESIAN_POINT('',(0.,14.));
#15645 = VECTOR('',#15646,1.);
#15646 = DIRECTION('',(1.,0.));
#15647 = ( GEOMETRIC_REPRESENTATION_CONTEXT(2) 
PARAMETRIC_REPRESENTATION_CONTEXT() REPRESENTATION_CONTEXT('2D SPACE',''
  ) );
#15648 = ORIENTED_EDGE('',*,*,#15557,.T.);
#15649 = ORIENTED_EDGE('',*,*,#11039,.T.);
#15650 = ORIENTED_EDGE('',*,*,#15651,.T.);
#15651 = EDGE_CURVE('',#11014,#15652,#15654,.T.);
#15652 = VERTEX_POINT('',#15653);
#15653 = CARTESIAN_POINT('',(-80.3,32.,111.));
#15654 = SURFACE_CURVE('',#15655,(#15659,#15666),.PCURVE_S1.);
#15655 = LINE('',#15656,#15657);
#15656 = CARTESIAN_POINT('',(-80.3,32.,103.));
#15657 = VECTOR('',#15658,1.);
#15658 = DIRECTION('',(0.,0.,1.));
#15659 = PCURVE('',#11054,#15660);
#15660 = DEFINITIONAL_REPRESENTATION('',(#15661),#15665);
#15661 = LINE('',#15662,#15663);
#15662 = CARTESIAN_POINT('',(0.,0.));
#15663 = VECTOR('',#15664,1.);
#15664 = DIRECTION('',(1.,0.));
#15665 = ( GEOMETRIC_REPRESENTATION_CONTEXT(2) 
PARAMETRIC_REPRESENTATION_CONTEXT() REPRESENTATION_CONTEXT('2D SPACE',''
  ) );
#15666 = PCURVE('',#11028,#15667);
#15667 = DEFINITIONAL_REPRESENTATION('',(#15668),#15672);
#15668 = LINE('',#15669,#15670);
#15669 = CARTESIAN_POINT('',(0.,-14.));
#15670 = VECTOR('',#15671,1.);
#15671 = DIRECTION('',(1.,0.));
#15672 = ( GEOMETRIC_REPRESENTATION_CONTEXT(2) 
PARAMETRIC_REPRESENTATION_CONTEXT() REPRESENTATION_CONTEXT('2D SPACE',''
  ) );
#15673 = ORIENTED_EDGE('',*,*,#15674,.T.);
#15674 = EDGE_CURVE('',#15652,#15675,#15677,.T.);
#15675 = VERTEX_POINT('',#15676);
#15676 = CARTESIAN_POINT('',(-75.3,32.,111.));
#15677 = SURFACE_CURVE('',#15678,(#15682,#15689),.PCURVE_S1.);
#15678 = LINE('',#15679,#15680);
#15679 = CARTESIAN_POINT('',(-80.3,32.,111.));
#15680 = VECTOR('',#15681,1.);
#15681 = DIRECTION('',(1.,0.,0.));
#15682 = PCURVE('',#11054,#15683);
#15683 = DEFINITIONAL_REPRESENTATION('',(#15684),#15688);
#15684 = LINE('',#15685,#15686);
#15685 = CARTESIAN_POINT('',(8.,0.));
#15686 = VECTOR('',#15687,1.);
#15687 = DIRECTION('',(0.,1.));
#15688 = ( GEOMETRIC_REPRESENTATION_CONTEXT(2) 
PARAMETRIC_REPRESENTATION_CONTEXT() REPRESENTATION_CONTEXT('2D SPACE',''
  ) );
#15689 = PCURVE('',#15690,#15695);
#15690 = PLANE('',#15691);
#15691 = AXIS2_PLACEMENT_3D('',#15692,#15693,#15694);
#15692 = CARTESIAN_POINT('',(-80.3,18.,111.));
#15693 = DIRECTION('',(0.,0.,1.));
#15694 = DIRECTION('',(1.,0.,0.));
#15695 = DEFINITIONAL_REPRESENTATION('',(#15696),#15700);
#15696 = LINE('',#15697,#15698);
#15697 = CARTESIAN_POINT('',(0.,14.));
#15698 = VECTOR('',#15699,1.);
#15699 = DIRECTION('',(1.,0.));
#15700 = ( GEOMETRIC_REPRESENTATION_CONTEXT(2) 
PARAMETRIC_REPRESENTATION_CONTEXT() REPRESENTATION_CONTEXT('2D SPACE',''
  ) );
#15701 = ORIENTED_EDGE('',*,*,#15702,.F.);
#15702 = EDGE_CURVE('',#15627,#15675,#15703,.T.);
#15703 = SURFACE_CURVE('',#15704,(#15708,#15715),.PCURVE_S1.);
#15704 = LINE('',#15705,#15706);
#15705 = CARTESIAN_POINT('',(-75.3,32.,103.));
#15706 = VECTOR('',#15707,1.);
#15707 = DIRECTION('',(0.,0.,1.));
#15708 = PCURVE('',#11054,#15709);
#15709 = DEFINITIONAL_REPRESENTATION('',(#15710),#15714);
#15710 = LINE('',#15711,#15712);
#15711 = CARTESIAN_POINT('',(0.,5.));
#15712 = VECTOR('',#15713,1.);
#15713 = DIRECTION('',(1.,0.));
#15714 = ( GEOMETRIC_REPRESENTATION_CONTEXT(2) 
PARAMETRIC_REPRESENTATION_CONTEXT() REPRESENTATION_CONTEXT('2D SPACE',''
  ) );
#15715 = PCURVE('',#15716,#15721);
#15716 = PLANE('',#15717);
#15717 = AXIS2_PLACEMENT_3D('',#15718,#15719,#15720);
#15718 = CARTESIAN_POINT('',(-75.3,18.,103.));
#15719 = DIRECTION('',(1.,0.,0.));
#15720 = DIRECTION('',(0.,0.,1.));
#15721 = DEFINITIONAL_REPRESENTATION('',(#15722),#15726);
#15722 = LINE('',#15723,#15724);
#15723 = CARTESIAN_POINT('',(0.,-14.));
#15724 = VECTOR('',#15725,1.);
#15725 = DIRECTION('',(1.,0.));
#15726 = ( GEOMETRIC_REPRESENTATION_CONTEXT(2) 
PARAMETRIC_REPRESENTATION_CONTEXT() REPRESENTATION_CONTEXT('2D SPACE',''
  ) );
#15727 = ADVANCED_FACE('',(#15728),#11028,.F.);
#15728 = FACE_BOUND('',#15729,.F.);
#15729 = EDGE_LOOP('',(#15730,#15753,#15754,#15755));
#15730 = ORIENTED_EDGE('',*,*,#15731,.F.);
#15731 = EDGE_CURVE('',#10988,#15732,#15734,.T.);
#15732 = VERTEX_POINT('',#15733);
#15733 = CARTESIAN_POINT('',(-80.3,18.,111.));
#15734 = SURFACE_CURVE('',#15735,(#15739,#15746),.PCURVE_S1.);
#15735 = LINE('',#15736,#15737);
#15736 = CARTESIAN_POINT('',(-80.3,18.,103.));
#15737 = VECTOR('',#15738,1.);
#15738 = DIRECTION('',(0.,0.,1.));
#15739 = PCURVE('',#11028,#15740);
#15740 = DEFINITIONAL_REPRESENTATION('',(#15741),#15745);
#15741 = LINE('',#15742,#15743);
#15742 = CARTESIAN_POINT('',(0.,0.));
#15743 = VECTOR('',#15744,1.);
#15744 = DIRECTION('',(1.,0.));
#15745 = ( GEOMETRIC_REPRESENTATION_CONTEXT(2) 
PARAMETRIC_REPRESENTATION_CONTEXT() REPRESENTATION_CONTEXT('2D SPACE',''
  ) );
#15746 = PCURVE('',#11002,#15747);
#15747 = DEFINITIONAL_REPRESENTATION('',(#15748),#15752);
#15748 = LINE('',#15749,#15750);
#15749 = CARTESIAN_POINT('',(0.,0.));
#15750 = VECTOR('',#15751,1.);
#15751 = DIRECTION('',(1.,0.));
#15752 = ( GEOMETRIC_REPRESENTATION_CONTEXT(2) 
PARAMETRIC_REPRESENTATION_CONTEXT() REPRESENTATION_CONTEXT('2D SPACE',''
  ) );
#15753 = ORIENTED_EDGE('',*,*,#11013,.T.);
#15754 = ORIENTED_EDGE('',*,*,#15651,.T.);
#15755 = ORIENTED_EDGE('',*,*,#15756,.F.);
#15756 = EDGE_CURVE('',#15732,#15652,#15757,.T.);
#15757 = SURFACE_CURVE('',#15758,(#15762,#15769),.PCURVE_S1.);
#15758 = LINE('',#15759,#15760);
#15759 = CARTESIAN_POINT('',(-80.3,18.,111.));
#15760 = VECTOR('',#15761,1.);
#15761 = DIRECTION('',(0.,1.,0.));
#15762 = PCURVE('',#11028,#15763);
#15763 = DEFINITIONAL_REPRESENTATION('',(#15764),#15768);
#15764 = LINE('',#15765,#15766);
#15765 = CARTESIAN_POINT('',(8.,0.));
#15766 = VECTOR('',#15767,1.);
#15767 = DIRECTION('',(0.,-1.));
#15768 = ( GEOMETRIC_REPRESENTATION_CONTEXT(2) 
PARAMETRIC_REPRESENTATION_CONTEXT() REPRESENTATION_CONTEXT('2D SPACE',''
  ) );
#15769 = PCURVE('',#15690,#15770);
#15770 = DEFINITIONAL_REPRESENTATION('',(#15771),#15775);
#15771 = LINE('',#15772,#15773);
#15772 = CARTESIAN_POINT('',(0.,0.));
#15773 = VECTOR('',#15774,1.);
#15774 = DIRECTION('',(0.,1.));
#15775 = ( GEOMETRIC_REPRESENTATION_CONTEXT(2) 
PARAMETRIC_REPRESENTATION_CONTEXT() REPRESENTATION_CONTEXT('2D SPACE',''
  ) );
#15776 = ADVANCED_FACE('',(#15777),#11002,.F.);
#15777 = FACE_BOUND('',#15778,.F.);
#15778 = EDGE_LOOP('',(#15779,#15802,#15803,#15804,#15805,#15828));
#15779 = ORIENTED_EDGE('',*,*,#15780,.F.);
#15780 = EDGE_CURVE('',#15579,#15781,#15783,.T.);
#15781 = VERTEX_POINT('',#15782);
#15782 = CARTESIAN_POINT('',(-75.3,18.,103.));
#15783 = SURFACE_CURVE('',#15784,(#15788,#15795),.PCURVE_S1.);
#15784 = LINE('',#15785,#15786);
#15785 = CARTESIAN_POINT('',(-80.3,18.,103.));
#15786 = VECTOR('',#15787,1.);
#15787 = DIRECTION('',(1.,0.,0.));
#15788 = PCURVE('',#11002,#15789);
#15789 = DEFINITIONAL_REPRESENTATION('',(#15790),#15794);
#15790 = LINE('',#15791,#15792);
#15791 = CARTESIAN_POINT('',(0.,0.));
#15792 = VECTOR('',#15793,1.);
#15793 = DIRECTION('',(0.,1.));
#15794 = ( GEOMETRIC_REPRESENTATION_CONTEXT(2) 
PARAMETRIC_REPRESENTATION_CONTEXT() REPRESENTATION_CONTEXT('2D SPACE',''
  ) );
#15795 = PCURVE('',#15593,#15796);
#15796 = DEFINITIONAL_REPRESENTATION('',(#15797),#15801);
#15797 = LINE('',#15798,#15799);
#15798 = CARTESIAN_POINT('',(0.,0.));
#15799 = VECTOR('',#15800,1.);
#15800 = DIRECTION('',(1.,0.));
#15801 = ( GEOMETRIC_REPRESENTATION_CONTEXT(2) 
PARAMETRIC_REPRESENTATION_CONTEXT() REPRESENTATION_CONTEXT('2D SPACE',''
  ) );
#15802 = ORIENTED_EDGE('',*,*,#15604,.T.);
#15803 = ORIENTED_EDGE('',*,*,#10987,.T.);
#15804 = ORIENTED_EDGE('',*,*,#15731,.T.);
#15805 = ORIENTED_EDGE('',*,*,#15806,.T.);
#15806 = EDGE_CURVE('',#15732,#15807,#15809,.T.);
#15807 = VERTEX_POINT('',#15808);
#15808 = CARTESIAN_POINT('',(-75.3,18.,111.));
#15809 = SURFACE_CURVE('',#15810,(#15814,#15821),.PCURVE_S1.);
#15810 = LINE('',#15811,#15812);
#15811 = CARTESIAN_POINT('',(-80.3,18.,111.));
#15812 = VECTOR('',#15813,1.);
#15813 = DIRECTION('',(1.,0.,0.));
#15814 = PCURVE('',#11002,#15815);
#15815 = DEFINITIONAL_REPRESENTATION('',(#15816),#15820);
#15816 = LINE('',#15817,#15818);
#15817 = CARTESIAN_POINT('',(8.,0.));
#15818 = VECTOR('',#15819,1.);
#15819 = DIRECTION('',(0.,1.));
#15820 = ( GEOMETRIC_REPRESENTATION_CONTEXT(2) 
PARAMETRIC_REPRESENTATION_CONTEXT() REPRESENTATION_CONTEXT('2D SPACE',''
  ) );
#15821 = PCURVE('',#15690,#15822);
#15822 = DEFINITIONAL_REPRESENTATION('',(#15823),#15827);
#15823 = LINE('',#15824,#15825);
#15824 = CARTESIAN_POINT('',(0.,0.));
#15825 = VECTOR('',#15826,1.);
#15826 = DIRECTION('',(1.,0.));
#15827 = ( GEOMETRIC_REPRESENTATION_CONTEXT(2) 
PARAMETRIC_REPRESENTATION_CONTEXT() REPRESENTATION_CONTEXT('2D SPACE',''
  ) );
#15828 = ORIENTED_EDGE('',*,*,#15829,.F.);
#15829 = EDGE_CURVE('',#15781,#15807,#15830,.T.);
#15830 = SURFACE_CURVE('',#15831,(#15835,#15842),.PCURVE_S1.);
#15831 = LINE('',#15832,#15833);
#15832 = CARTESIAN_POINT('',(-75.3,18.,103.));
#15833 = VECTOR('',#15834,1.);
#15834 = DIRECTION('',(0.,0.,1.));
#15835 = PCURVE('',#11002,#15836);
#15836 = DEFINITIONAL_REPRESENTATION('',(#15837),#15841);
#15837 = LINE('',#15838,#15839);
#15838 = CARTESIAN_POINT('',(0.,5.));
#15839 = VECTOR('',#15840,1.);
#15840 = DIRECTION('',(1.,0.));
#15841 = ( GEOMETRIC_REPRESENTATION_CONTEXT(2) 
PARAMETRIC_REPRESENTATION_CONTEXT() REPRESENTATION_CONTEXT('2D SPACE',''
  ) );
#15842 = PCURVE('',#15716,#15843);
#15843 = DEFINITIONAL_REPRESENTATION('',(#15844),#15848);
#15844 = LINE('',#15845,#15846);
#15845 = CARTESIAN_POINT('',(0.,0.));
#15846 = VECTOR('',#15847,1.);
#15847 = DIRECTION('',(1.,0.));
#15848 = ( GEOMETRIC_REPRESENTATION_CONTEXT(2) 
PARAMETRIC_REPRESENTATION_CONTEXT() REPRESENTATION_CONTEXT('2D SPACE',''
  ) );
#15849 = ADVANCED_FACE('',(#15850),#10947,.T.);
#15850 = FACE_BOUND('',#15851,.F.);
#15851 = EDGE_LOOP('',(#15852,#15853,#15854,#15855));
#15852 = ORIENTED_EDGE('',*,*,#10930,.T.);
#15853 = ORIENTED_EDGE('',*,*,#15535,.T.);
#15854 = ORIENTED_EDGE('',*,*,#11868,.T.);
#15855 = ORIENTED_EDGE('',*,*,#15856,.F.);
#15856 = EDGE_CURVE('',#10903,#11846,#15857,.T.);
#15857 = SURFACE_CURVE('',#15858,(#15862,#15868),.PCURVE_S1.);
#15858 = LINE('',#15859,#15860);
#15859 = CARTESIAN_POINT('',(-77.5,4.847330788805,93.));
#15860 = VECTOR('',#15861,1.);
#15861 = DIRECTION('',(-0.,-0.,-1.));
#15862 = PCURVE('',#10947,#15863);
#15863 = DEFINITIONAL_REPRESENTATION('',(#15864),#15867);
#15864 = B_SPLINE_CURVE_WITH_KNOTS('',1,(#15865,#15866),.UNSPECIFIED.,
  .F.,.F.,(2,2),(-12.,0.),.PIECEWISE_BEZIER_KNOTS.);
#15865 = CARTESIAN_POINT('',(-4.577363676502,-12.));
#15866 = CARTESIAN_POINT('',(-4.577363676502,0.));
#15867 = ( GEOMETRIC_REPRESENTATION_CONTEXT(2) 
PARAMETRIC_REPRESENTATION_CONTEXT() REPRESENTATION_CONTEXT('2D SPACE',''
  ) );
#15868 = PCURVE('',#10918,#15869);
#15869 = DEFINITIONAL_REPRESENTATION('',(#15870),#15873);
#15870 = B_SPLINE_CURVE_WITH_KNOTS('',1,(#15871,#15872),.UNSPECIFIED.,
  .F.,.F.,(2,2),(-12.0000006,6.000000070117E-07),
  .PIECEWISE_BEZIER_KNOTS.);
#15871 = CARTESIAN_POINT('',(12.0000006,-70.8473307888));
#15872 = CARTESIAN_POINT('',(-6.000000070117E-07,-70.8473307888));
#15873 = ( GEOMETRIC_REPRESENTATION_CONTEXT(2) 
PARAMETRIC_REPRESENTATION_CONTEXT() REPRESENTATION_CONTEXT('2D SPACE',''
  ) );
#15874 = ADVANCED_FACE('',(#15875),#10918,.T.);
#15875 = FACE_BOUND('',#15876,.T.);
#15876 = EDGE_LOOP('',(#15877,#15878,#15879,#15880));
#15877 = ORIENTED_EDGE('',*,*,#10902,.F.);
#15878 = ORIENTED_EDGE('',*,*,#15435,.T.);
#15879 = ORIENTED_EDGE('',*,*,#11845,.T.);
#15880 = ORIENTED_EDGE('',*,*,#15856,.F.);
#15881 = ADVANCED_FACE('',(#15882),#11237,.F.);
#15882 = FACE_BOUND('',#15883,.T.);
#15883 = EDGE_LOOP('',(#15884,#15907,#15908,#15909));
#15884 = ORIENTED_EDGE('',*,*,#15885,.T.);
#15885 = EDGE_CURVE('',#15886,#11221,#15888,.T.);
#15886 = VERTEX_POINT('',#15887);
#15887 = CARTESIAN_POINT('',(-74.1,-50.,98.));
#15888 = SEAM_CURVE('',#15889,(#15893,#15900),.PCURVE_S1.);
#15889 = LINE('',#15890,#15891);
#15890 = CARTESIAN_POINT('',(-74.1,-50.,98.));
#15891 = VECTOR('',#15892,1.);
#15892 = DIRECTION('',(0.,0.,1.));
#15893 = PCURVE('',#11237,#15894);
#15894 = DEFINITIONAL_REPRESENTATION('',(#15895),#15899);
#15895 = LINE('',#15896,#15897);
#15896 = CARTESIAN_POINT('',(-0.,0.));
#15897 = VECTOR('',#15898,1.);
#15898 = DIRECTION('',(-0.,-1.));
#15899 = ( GEOMETRIC_REPRESENTATION_CONTEXT(2) 
PARAMETRIC_REPRESENTATION_CONTEXT() REPRESENTATION_CONTEXT('2D SPACE',''
  ) );
#15900 = PCURVE('',#11237,#15901);
#15901 = DEFINITIONAL_REPRESENTATION('',(#15902),#15906);
#15902 = LINE('',#15903,#15904);
#15903 = CARTESIAN_POINT('',(-6.28318530718,0.));
#15904 = VECTOR('',#15905,1.);
#15905 = DIRECTION('',(-0.,-1.));
#15906 = ( GEOMETRIC_REPRESENTATION_CONTEXT(2) 
PARAMETRIC_REPRESENTATION_CONTEXT() REPRESENTATION_CONTEXT('2D SPACE',''
  ) );
#15907 = ORIENTED_EDGE('',*,*,#11220,.T.);
#15908 = ORIENTED_EDGE('',*,*,#15885,.F.);
#15909 = ORIENTED_EDGE('',*,*,#15910,.F.);
#15910 = EDGE_CURVE('',#15886,#15886,#15911,.T.);
#15911 = SURFACE_CURVE('',#15912,(#15917,#15924),.PCURVE_S1.);
#15912 = CIRCLE('',#15913,2.7);
#15913 = AXIS2_PLACEMENT_3D('',#15914,#15915,#15916);
#15914 = CARTESIAN_POINT('',(-76.8,-50.,98.));
#15915 = DIRECTION('',(0.,0.,1.));
#15916 = DIRECTION('',(1.,0.,0.));
#15917 = PCURVE('',#11237,#15918);
#15918 = DEFINITIONAL_REPRESENTATION('',(#15919),#15923);
#15919 = LINE('',#15920,#15921);
#15920 = CARTESIAN_POINT('',(-0.,0.));
#15921 = VECTOR('',#15922,1.);
#15922 = DIRECTION('',(-1.,0.));
#15923 = ( GEOMETRIC_REPRESENTATION_CONTEXT(2) 
PARAMETRIC_REPRESENTATION_CONTEXT() REPRESENTATION_CONTEXT('2D SPACE',''
  ) );
#15924 = PCURVE('',#15925,#15930);
#15925 = PLANE('',#15926);
#15926 = AXIS2_PLACEMENT_3D('',#15927,#15928,#15929);
#15927 = CARTESIAN_POINT('',(-76.8,-50.,98.));
#15928 = DIRECTION('',(0.,0.,1.));
#15929 = DIRECTION('',(1.,0.,-0.));
#15930 = DEFINITIONAL_REPRESENTATION('',(#15931),#15935);
#15931 = CIRCLE('',#15932,2.7);
#15932 = AXIS2_PLACEMENT_2D('',#15933,#15934);
#15933 = CARTESIAN_POINT('',(-1.42108547152E-14,-7.105427357601E-15));
#15934 = DIRECTION('',(1.,0.));
#15935 = ( GEOMETRIC_REPRESENTATION_CONTEXT(2) 
PARAMETRIC_REPRESENTATION_CONTEXT() REPRESENTATION_CONTEXT('2D SPACE',''
  ) );
#15936 = ADVANCED_FACE('',(#15937),#11268,.F.);
#15937 = FACE_BOUND('',#15938,.T.);
#15938 = EDGE_LOOP('',(#15939,#15962,#15963,#15964));
#15939 = ORIENTED_EDGE('',*,*,#15940,.T.);
#15940 = EDGE_CURVE('',#15941,#11252,#15943,.T.);
#15941 = VERTEX_POINT('',#15942);
#15942 = CARTESIAN_POINT('',(-74.1,10.,98.));
#15943 = SEAM_CURVE('',#15944,(#15948,#15955),.PCURVE_S1.);
#15944 = LINE('',#15945,#15946);
#15945 = CARTESIAN_POINT('',(-74.1,10.,98.));
#15946 = VECTOR('',#15947,1.);
#15947 = DIRECTION('',(0.,0.,1.));
#15948 = PCURVE('',#11268,#15949);
#15949 = DEFINITIONAL_REPRESENTATION('',(#15950),#15954);
#15950 = LINE('',#15951,#15952);
#15951 = CARTESIAN_POINT('',(-0.,0.));
#15952 = VECTOR('',#15953,1.);
#15953 = DIRECTION('',(-0.,-1.));
#15954 = ( GEOMETRIC_REPRESENTATION_CONTEXT(2) 
PARAMETRIC_REPRESENTATION_CONTEXT() REPRESENTATION_CONTEXT('2D SPACE',''
  ) );
#15955 = PCURVE('',#11268,#15956);
#15956 = DEFINITIONAL_REPRESENTATION('',(#15957),#15961);
#15957 = LINE('',#15958,#15959);
#15958 = CARTESIAN_POINT('',(-6.28318530718,0.));
#15959 = VECTOR('',#15960,1.);
#15960 = DIRECTION('',(-0.,-1.));
#15961 = ( GEOMETRIC_REPRESENTATION_CONTEXT(2) 
PARAMETRIC_REPRESENTATION_CONTEXT() REPRESENTATION_CONTEXT('2D SPACE',''
  ) );
#15962 = ORIENTED_EDGE('',*,*,#11251,.T.);
#15963 = ORIENTED_EDGE('',*,*,#15940,.F.);
#15964 = ORIENTED_EDGE('',*,*,#15965,.F.);
#15965 = EDGE_CURVE('',#15941,#15941,#15966,.T.);
#15966 = SURFACE_CURVE('',#15967,(#15972,#15979),.PCURVE_S1.);
#15967 = CIRCLE('',#15968,2.7);
#15968 = AXIS2_PLACEMENT_3D('',#15969,#15970,#15971);
#15969 = CARTESIAN_POINT('',(-76.8,10.,98.));
#15970 = DIRECTION('',(0.,0.,1.));
#15971 = DIRECTION('',(1.,0.,0.));
#15972 = PCURVE('',#11268,#15973);
#15973 = DEFINITIONAL_REPRESENTATION('',(#15974),#15978);
#15974 = LINE('',#15975,#15976);
#15975 = CARTESIAN_POINT('',(-0.,0.));
#15976 = VECTOR('',#15977,1.);
#15977 = DIRECTION('',(-1.,0.));
#15978 = ( GEOMETRIC_REPRESENTATION_CONTEXT(2) 
PARAMETRIC_REPRESENTATION_CONTEXT() REPRESENTATION_CONTEXT('2D SPACE',''
  ) );
#15979 = PCURVE('',#15980,#15985);
#15980 = PLANE('',#15981);
#15981 = AXIS2_PLACEMENT_3D('',#15982,#15983,#15984);
#15982 = CARTESIAN_POINT('',(-76.8,10.,98.));
#15983 = DIRECTION('',(0.,0.,1.));
#15984 = DIRECTION('',(1.,0.,-0.));
#15985 = DEFINITIONAL_REPRESENTATION('',(#15986),#15990);
#15986 = CIRCLE('',#15987,2.7);
#15987 = AXIS2_PLACEMENT_2D('',#15988,#15989);
#15988 = CARTESIAN_POINT('',(0.,0.));
#15989 = DIRECTION('',(1.,0.));
#15990 = ( GEOMETRIC_REPRESENTATION_CONTEXT(2) 
PARAMETRIC_REPRESENTATION_CONTEXT() REPRESENTATION_CONTEXT('2D SPACE',''
  ) );
#15991 = ADVANCED_FACE('',(#15992),#11299,.F.);
#15992 = FACE_BOUND('',#15993,.T.);
#15993 = EDGE_LOOP('',(#15994,#16017,#16018,#16019));
#15994 = ORIENTED_EDGE('',*,*,#15995,.T.);
#15995 = EDGE_CURVE('',#15996,#11283,#15998,.T.);
#15996 = VERTEX_POINT('',#15997);
#15997 = CARTESIAN_POINT('',(-74.1,50.,98.));
#15998 = SEAM_CURVE('',#15999,(#16003,#16010),.PCURVE_S1.);
#15999 = LINE('',#16000,#16001);
#16000 = CARTESIAN_POINT('',(-74.1,50.,98.));
#16001 = VECTOR('',#16002,1.);
#16002 = DIRECTION('',(0.,0.,1.));
#16003 = PCURVE('',#11299,#16004);
#16004 = DEFINITIONAL_REPRESENTATION('',(#16005),#16009);
#16005 = LINE('',#16006,#16007);
#16006 = CARTESIAN_POINT('',(-0.,0.));
#16007 = VECTOR('',#16008,1.);
#16008 = DIRECTION('',(-0.,-1.));
#16009 = ( GEOMETRIC_REPRESENTATION_CONTEXT(2) 
PARAMETRIC_REPRESENTATION_CONTEXT() REPRESENTATION_CONTEXT('2D SPACE',''
  ) );
#16010 = PCURVE('',#11299,#16011);
#16011 = DEFINITIONAL_REPRESENTATION('',(#16012),#16016);
#16012 = LINE('',#16013,#16014);
#16013 = CARTESIAN_POINT('',(-6.28318530718,0.));
#16014 = VECTOR('',#16015,1.);
#16015 = DIRECTION('',(-0.,-1.));
#16016 = ( GEOMETRIC_REPRESENTATION_CONTEXT(2) 
PARAMETRIC_REPRESENTATION_CONTEXT() REPRESENTATION_CONTEXT('2D SPACE',''
  ) );
#16017 = ORIENTED_EDGE('',*,*,#11282,.T.);
#16018 = ORIENTED_EDGE('',*,*,#15995,.F.);
#16019 = ORIENTED_EDGE('',*,*,#16020,.F.);
#16020 = EDGE_CURVE('',#15996,#15996,#16021,.T.);
#16021 = SURFACE_CURVE('',#16022,(#16027,#16034),.PCURVE_S1.);
#16022 = CIRCLE('',#16023,2.7);
#16023 = AXIS2_PLACEMENT_3D('',#16024,#16025,#16026);
#16024 = CARTESIAN_POINT('',(-76.8,50.,98.));
#16025 = DIRECTION('',(0.,0.,1.));
#16026 = DIRECTION('',(1.,0.,0.));
#16027 = PCURVE('',#11299,#16028);
#16028 = DEFINITIONAL_REPRESENTATION('',(#16029),#16033);
#16029 = LINE('',#16030,#16031);
#16030 = CARTESIAN_POINT('',(-0.,0.));
#16031 = VECTOR('',#16032,1.);
#16032 = DIRECTION('',(-1.,0.));
#16033 = ( GEOMETRIC_REPRESENTATION_CONTEXT(2) 
PARAMETRIC_REPRESENTATION_CONTEXT() REPRESENTATION_CONTEXT('2D SPACE',''
  ) );
#16034 = PCURVE('',#16035,#16040);
#16035 = PLANE('',#16036);
#16036 = AXIS2_PLACEMENT_3D('',#16037,#16038,#16039);
#16037 = CARTESIAN_POINT('',(-76.8,50.,98.));
#16038 = DIRECTION('',(0.,0.,1.));
#16039 = DIRECTION('',(1.,0.,-0.));
#16040 = DEFINITIONAL_REPRESENTATION('',(#16041),#16045);
#16041 = CIRCLE('',#16042,2.7);
#16042 = AXIS2_PLACEMENT_2D('',#16043,#16044);
#16043 = CARTESIAN_POINT('',(-1.42108547152E-14,7.105427357601E-15));
#16044 = DIRECTION('',(1.,0.));
#16045 = ( GEOMETRIC_REPRESENTATION_CONTEXT(2) 
PARAMETRIC_REPRESENTATION_CONTEXT() REPRESENTATION_CONTEXT('2D SPACE',''
  ) );
#16046 = ADVANCED_FACE('',(#16047,#16052),#11576,.F.);
#16047 = FACE_BOUND('',#16048,.F.);
#16048 = EDGE_LOOP('',(#16049,#16050,#16051));
#16049 = ORIENTED_EDGE('',*,*,#12324,.T.);
#16050 = ORIENTED_EDGE('',*,*,#12272,.T.);
#16051 = ORIENTED_EDGE('',*,*,#11561,.T.);
#16052 = FACE_BOUND('',#16053,.F.);
#16053 = EDGE_LOOP('',(#16054));
#16054 = ORIENTED_EDGE('',*,*,#16055,.F.);
#16055 = EDGE_CURVE('',#16056,#16056,#16058,.T.);
#16056 = VERTEX_POINT('',#16057);
#16057 = CARTESIAN_POINT('',(-63.,79.3,28.9));
#16058 = SURFACE_CURVE('',#16059,(#16064,#16071),.PCURVE_S1.);
#16059 = CIRCLE('',#16060,2.1);
#16060 = AXIS2_PLACEMENT_3D('',#16061,#16062,#16063);
#16061 = CARTESIAN_POINT('',(-63.,79.3,31.));
#16062 = DIRECTION('',(0.,-1.,0.));
#16063 = DIRECTION('',(0.,-0.,-1.));
#16064 = PCURVE('',#11576,#16065);
#16065 = DEFINITIONAL_REPRESENTATION('',(#16066),#16070);
#16066 = CIRCLE('',#16067,2.1);
#16067 = AXIS2_PLACEMENT_2D('',#16068,#16069);
#16068 = CARTESIAN_POINT('',(0.,0.));
#16069 = DIRECTION('',(1.,0.));
#16070 = ( GEOMETRIC_REPRESENTATION_CONTEXT(2) 
PARAMETRIC_REPRESENTATION_CONTEXT() REPRESENTATION_CONTEXT('2D SPACE',''
  ) );
#16071 = PCURVE('',#16072,#16077);
#16072 = CYLINDRICAL_SURFACE('',#16073,2.1);
#16073 = AXIS2_PLACEMENT_3D('',#16074,#16075,#16076);
#16074 = CARTESIAN_POINT('',(-63.,79.8,31.));
#16075 = DIRECTION('',(0.,-1.,0.));
#16076 = DIRECTION('',(0.,-0.,-1.));
#16077 = DEFINITIONAL_REPRESENTATION('',(#16078),#16082);
#16078 = LINE('',#16079,#16080);
#16079 = CARTESIAN_POINT('',(0.,0.5));
#16080 = VECTOR('',#16081,1.);
#16081 = DIRECTION('',(1.,0.));
#16082 = ( GEOMETRIC_REPRESENTATION_CONTEXT(2) 
PARAMETRIC_REPRESENTATION_CONTEXT() REPRESENTATION_CONTEXT('2D SPACE',''
  ) );
#16083 = ADVANCED_FACE('',(#16084,#16089),#11485,.F.);
#16084 = FACE_BOUND('',#16085,.F.);
#16085 = EDGE_LOOP('',(#16086,#16087,#16088));
#16086 = ORIENTED_EDGE('',*,*,#12162,.T.);
#16087 = ORIENTED_EDGE('',*,*,#12110,.T.);
#16088 = ORIENTED_EDGE('',*,*,#11470,.T.);
#16089 = FACE_BOUND('',#16090,.F.);
#16090 = EDGE_LOOP('',(#16091));
#16091 = ORIENTED_EDGE('',*,*,#16092,.F.);
#16092 = EDGE_CURVE('',#16093,#16093,#16095,.T.);
#16093 = VERTEX_POINT('',#16094);
#16094 = CARTESIAN_POINT('',(-63.,79.3,89.9));
#16095 = SURFACE_CURVE('',#16096,(#16101,#16108),.PCURVE_S1.);
#16096 = CIRCLE('',#16097,2.1);
#16097 = AXIS2_PLACEMENT_3D('',#16098,#16099,#16100);
#16098 = CARTESIAN_POINT('',(-63.,79.3,92.));
#16099 = DIRECTION('',(0.,-1.,0.));
#16100 = DIRECTION('',(0.,-0.,-1.));
#16101 = PCURVE('',#11485,#16102);
#16102 = DEFINITIONAL_REPRESENTATION('',(#16103),#16107);
#16103 = CIRCLE('',#16104,2.1);
#16104 = AXIS2_PLACEMENT_2D('',#16105,#16106);
#16105 = CARTESIAN_POINT('',(0.,0.));
#16106 = DIRECTION('',(1.,0.));
#16107 = ( GEOMETRIC_REPRESENTATION_CONTEXT(2) 
PARAMETRIC_REPRESENTATION_CONTEXT() REPRESENTATION_CONTEXT('2D SPACE',''
  ) );
#16108 = PCURVE('',#16109,#16114);
#16109 = CYLINDRICAL_SURFACE('',#16110,2.1);
#16110 = AXIS2_PLACEMENT_3D('',#16111,#16112,#16113);
#16111 = CARTESIAN_POINT('',(-63.,79.8,92.));
#16112 = DIRECTION('',(0.,-1.,0.));
#16113 = DIRECTION('',(0.,-0.,-1.));
#16114 = DEFINITIONAL_REPRESENTATION('',(#16115),#16119);
#16115 = LINE('',#16116,#16117);
#16116 = CARTESIAN_POINT('',(0.,0.5));
#16117 = VECTOR('',#16118,1.);
#16118 = DIRECTION('',(1.,0.));
#16119 = ( GEOMETRIC_REPRESENTATION_CONTEXT(2) 
PARAMETRIC_REPRESENTATION_CONTEXT() REPRESENTATION_CONTEXT('2D SPACE',''
  ) );
#16120 = ADVANCED_FACE('',(#16121),#12097,.T.);
#16121 = FACE_BOUND('',#16122,.T.);
#16122 = EDGE_LOOP('',(#16123));
#16123 = ORIENTED_EDGE('',*,*,#12082,.T.);
#16124 = ADVANCED_FACE('',(#16125),#12259,.T.);
#16125 = FACE_BOUND('',#16126,.T.);
#16126 = EDGE_LOOP('',(#16127));
#16127 = ORIENTED_EDGE('',*,*,#12244,.T.);
#16128 = ADVANCED_FACE('',(#16129),#12511,.T.);
#16129 = FACE_BOUND('',#16130,.T.);
#16130 = EDGE_LOOP('',(#16131,#16132,#16151,#16152));
#16131 = ORIENTED_EDGE('',*,*,#12682,.F.);
#16132 = ORIENTED_EDGE('',*,*,#16133,.T.);
#16133 = EDGE_CURVE('',#12659,#12465,#16134,.T.);
#16134 = SURFACE_CURVE('',#16135,(#16139,#16145),.PCURVE_S1.);
#16135 = LINE('',#16136,#16137);
#16136 = CARTESIAN_POINT('',(-70.,24.5,23.));
#16137 = VECTOR('',#16138,1.);
#16138 = DIRECTION('',(-0.,-0.,-1.));
#16139 = PCURVE('',#12511,#16140);
#16140 = DEFINITIONAL_REPRESENTATION('',(#16141),#16144);
#16141 = B_SPLINE_CURVE_WITH_KNOTS('',1,(#16142,#16143),.UNSPECIFIED.,
  .F.,.F.,(2,2),(-12.0000006,5.999999999062E-07),
  .PIECEWISE_BEZIER_KNOTS.);
#16142 = CARTESIAN_POINT('',(12.0000006,-9.5));
#16143 = CARTESIAN_POINT('',(-5.999999999062E-07,-9.5));
#16144 = ( GEOMETRIC_REPRESENTATION_CONTEXT(2) 
PARAMETRIC_REPRESENTATION_CONTEXT() REPRESENTATION_CONTEXT('2D SPACE',''
  ) );
#16145 = PCURVE('',#12485,#16146);
#16146 = DEFINITIONAL_REPRESENTATION('',(#16147),#16150);
#16147 = B_SPLINE_CURVE_WITH_KNOTS('',1,(#16148,#16149),.UNSPECIFIED.,
  .F.,.F.,(2,2),(-12.,0.),.PIECEWISE_BEZIER_KNOTS.);
#16148 = CARTESIAN_POINT('',(-7.853981633974,-12.));
#16149 = CARTESIAN_POINT('',(-7.853981633974,0.));
#16150 = ( GEOMETRIC_REPRESENTATION_CONTEXT(2) 
PARAMETRIC_REPRESENTATION_CONTEXT() REPRESENTATION_CONTEXT('2D SPACE',''
  ) );
#16151 = ORIENTED_EDGE('',*,*,#12497,.T.);
#16152 = ORIENTED_EDGE('',*,*,#12709,.T.);
#16153 = ADVANCED_FACE('',(#16154),#12485,.T.);
#16154 = FACE_BOUND('',#16155,.F.);
#16155 = EDGE_LOOP('',(#16156,#16157,#16176,#16177));
#16156 = ORIENTED_EDGE('',*,*,#12464,.T.);
#16157 = ORIENTED_EDGE('',*,*,#16158,.F.);
#16158 = EDGE_CURVE('',#12636,#12437,#16159,.T.);
#16159 = SURFACE_CURVE('',#16160,(#16164,#16170),.PCURVE_S1.);
#16160 = LINE('',#16161,#16162);
#16161 = CARTESIAN_POINT('',(-70.,15.5,23.));
#16162 = VECTOR('',#16163,1.);
#16163 = DIRECTION('',(-0.,-0.,-1.));
#16164 = PCURVE('',#12485,#16165);
#16165 = DEFINITIONAL_REPRESENTATION('',(#16166),#16169);
#16166 = B_SPLINE_CURVE_WITH_KNOTS('',1,(#16167,#16168),.UNSPECIFIED.,
  .F.,.F.,(2,2),(-12.,0.),.PIECEWISE_BEZIER_KNOTS.);
#16167 = CARTESIAN_POINT('',(-4.712388980385,-12.));
#16168 = CARTESIAN_POINT('',(-4.712388980385,0.));
#16169 = ( GEOMETRIC_REPRESENTATION_CONTEXT(2) 
PARAMETRIC_REPRESENTATION_CONTEXT() REPRESENTATION_CONTEXT('2D SPACE',''
  ) );
#16170 = PCURVE('',#12452,#16171);
#16171 = DEFINITIONAL_REPRESENTATION('',(#16172),#16175);
#16172 = B_SPLINE_CURVE_WITH_KNOTS('',1,(#16173,#16174),.UNSPECIFIED.,
  .F.,.F.,(2,2),(-12.0000006,5.999999999062E-07),
  .PIECEWISE_BEZIER_KNOTS.);
#16173 = CARTESIAN_POINT('',(12.0000006,-0.5));
#16174 = CARTESIAN_POINT('',(-5.999999999062E-07,-0.5));
#16175 = ( GEOMETRIC_REPRESENTATION_CONTEXT(2) 
PARAMETRIC_REPRESENTATION_CONTEXT() REPRESENTATION_CONTEXT('2D SPACE',''
  ) );
#16176 = ORIENTED_EDGE('',*,*,#12658,.T.);
#16177 = ORIENTED_EDGE('',*,*,#16133,.T.);
#16178 = ADVANCED_FACE('',(#16179),#12452,.T.);
#16179 = FACE_BOUND('',#16180,.T.);
#16180 = EDGE_LOOP('',(#16181,#16182,#16183,#16184));
#16181 = ORIENTED_EDGE('',*,*,#12635,.F.);
#16182 = ORIENTED_EDGE('',*,*,#12586,.F.);
#16183 = ORIENTED_EDGE('',*,*,#12436,.T.);
#16184 = ORIENTED_EDGE('',*,*,#16158,.F.);
#16185 = ADVANCED_FACE('',(#16186),#12546,.F.);
#16186 = FACE_BOUND('',#16187,.T.);
#16187 = EDGE_LOOP('',(#16188,#16189,#16212,#16239));
#16188 = ORIENTED_EDGE('',*,*,#12525,.T.);
#16189 = ORIENTED_EDGE('',*,*,#16190,.T.);
#16190 = EDGE_CURVE('',#12526,#16191,#16193,.T.);
#16191 = VERTEX_POINT('',#16192);
#16192 = CARTESIAN_POINT('',(-67.9,20.,29.5));
#16193 = SEAM_CURVE('',#16194,(#16198,#16205),.PCURVE_S1.);
#16194 = LINE('',#16195,#16196);
#16195 = CARTESIAN_POINT('',(-67.9,20.,22.5));
#16196 = VECTOR('',#16197,1.);
#16197 = DIRECTION('',(0.,0.,1.));
#16198 = PCURVE('',#12546,#16199);
#16199 = DEFINITIONAL_REPRESENTATION('',(#16200),#16204);
#16200 = LINE('',#16201,#16202);
#16201 = CARTESIAN_POINT('',(-6.28318530718,0.));
#16202 = VECTOR('',#16203,1.);
#16203 = DIRECTION('',(-0.,-1.));
#16204 = ( GEOMETRIC_REPRESENTATION_CONTEXT(2) 
PARAMETRIC_REPRESENTATION_CONTEXT() REPRESENTATION_CONTEXT('2D SPACE',''
  ) );
#16205 = PCURVE('',#12546,#16206);
#16206 = DEFINITIONAL_REPRESENTATION('',(#16207),#16211);
#16207 = LINE('',#16208,#16209);
#16208 = CARTESIAN_POINT('',(-0.,0.));
#16209 = VECTOR('',#16210,1.);
#16210 = DIRECTION('',(-0.,-1.));
#16211 = ( GEOMETRIC_REPRESENTATION_CONTEXT(2) 
PARAMETRIC_REPRESENTATION_CONTEXT() REPRESENTATION_CONTEXT('2D SPACE',''
  ) );
#16212 = ORIENTED_EDGE('',*,*,#16213,.T.);
#16213 = EDGE_CURVE('',#16191,#16191,#16214,.T.);
#16214 = SURFACE_CURVE('',#16215,(#16220,#16227),.PCURVE_S1.);
#16215 = CIRCLE('',#16216,2.1);
#16216 = AXIS2_PLACEMENT_3D('',#16217,#16218,#16219);
#16217 = CARTESIAN_POINT('',(-70.,20.,29.5));
#16218 = DIRECTION('',(0.,0.,1.));
#16219 = DIRECTION('',(1.,0.,0.));
#16220 = PCURVE('',#12546,#16221);
#16221 = DEFINITIONAL_REPRESENTATION('',(#16222),#16226);
#16222 = LINE('',#16223,#16224);
#16223 = CARTESIAN_POINT('',(-0.,-7.));
#16224 = VECTOR('',#16225,1.);
#16225 = DIRECTION('',(-1.,0.));
#16226 = ( GEOMETRIC_REPRESENTATION_CONTEXT(2) 
PARAMETRIC_REPRESENTATION_CONTEXT() REPRESENTATION_CONTEXT('2D SPACE',''
  ) );
#16227 = PCURVE('',#16228,#16233);
#16228 = PLANE('',#16229);
#16229 = AXIS2_PLACEMENT_3D('',#16230,#16231,#16232);
#16230 = CARTESIAN_POINT('',(-70.,20.,29.5));
#16231 = DIRECTION('',(0.,0.,1.));
#16232 = DIRECTION('',(1.,0.,-0.));
#16233 = DEFINITIONAL_REPRESENTATION('',(#16234),#16238);
#16234 = CIRCLE('',#16235,2.1);
#16235 = AXIS2_PLACEMENT_2D('',#16236,#16237);
#16236 = CARTESIAN_POINT('',(1.42108547152E-14,-3.552713678801E-15));
#16237 = DIRECTION('',(1.,0.));
#16238 = ( GEOMETRIC_REPRESENTATION_CONTEXT(2) 
PARAMETRIC_REPRESENTATION_CONTEXT() REPRESENTATION_CONTEXT('2D SPACE',''
  ) );
#16239 = ORIENTED_EDGE('',*,*,#16190,.F.);
#16240 = ADVANCED_FACE('',(#16241),#12855,.T.);
#16241 = FACE_BOUND('',#16242,.T.);
#16242 = EDGE_LOOP('',(#16243,#16244,#16263,#16264));
#16243 = ORIENTED_EDGE('',*,*,#13026,.F.);
#16244 = ORIENTED_EDGE('',*,*,#16245,.T.);
#16245 = EDGE_CURVE('',#13003,#12809,#16246,.T.);
#16246 = SURFACE_CURVE('',#16247,(#16251,#16257),.PCURVE_S1.);
#16247 = LINE('',#16248,#16249);
#16248 = CARTESIAN_POINT('',(-70.,-37.5,23.));
#16249 = VECTOR('',#16250,1.);
#16250 = DIRECTION('',(-0.,-0.,-1.));
#16251 = PCURVE('',#12855,#16252);
#16252 = DEFINITIONAL_REPRESENTATION('',(#16253),#16256);
#16253 = B_SPLINE_CURVE_WITH_KNOTS('',1,(#16254,#16255),.UNSPECIFIED.,
  .F.,.F.,(2,2),(-12.0000006,5.999999999062E-07),
  .PIECEWISE_BEZIER_KNOTS.);
#16254 = CARTESIAN_POINT('',(12.0000006,-9.5));
#16255 = CARTESIAN_POINT('',(-5.999999999062E-07,-9.5));
#16256 = ( GEOMETRIC_REPRESENTATION_CONTEXT(2) 
PARAMETRIC_REPRESENTATION_CONTEXT() REPRESENTATION_CONTEXT('2D SPACE',''
  ) );
#16257 = PCURVE('',#12829,#16258);
#16258 = DEFINITIONAL_REPRESENTATION('',(#16259),#16262);
#16259 = B_SPLINE_CURVE_WITH_KNOTS('',1,(#16260,#16261),.UNSPECIFIED.,
  .F.,.F.,(2,2),(-12.,0.),.PIECEWISE_BEZIER_KNOTS.);
#16260 = CARTESIAN_POINT('',(-7.853981633974,-12.));
#16261 = CARTESIAN_POINT('',(-7.853981633974,0.));
#16262 = ( GEOMETRIC_REPRESENTATION_CONTEXT(2) 
PARAMETRIC_REPRESENTATION_CONTEXT() REPRESENTATION_CONTEXT('2D SPACE',''
  ) );
#16263 = ORIENTED_EDGE('',*,*,#12841,.T.);
#16264 = ORIENTED_EDGE('',*,*,#13053,.T.);
#16265 = ADVANCED_FACE('',(#16266),#12829,.T.);
#16266 = FACE_BOUND('',#16267,.F.);
#16267 = EDGE_LOOP('',(#16268,#16269,#16288,#16289));
#16268 = ORIENTED_EDGE('',*,*,#12808,.T.);
#16269 = ORIENTED_EDGE('',*,*,#16270,.F.);
#16270 = EDGE_CURVE('',#12980,#12781,#16271,.T.);
#16271 = SURFACE_CURVE('',#16272,(#16276,#16282),.PCURVE_S1.);
#16272 = LINE('',#16273,#16274);
#16273 = CARTESIAN_POINT('',(-70.,-46.5,23.));
#16274 = VECTOR('',#16275,1.);
#16275 = DIRECTION('',(-0.,-0.,-1.));
#16276 = PCURVE('',#12829,#16277);
#16277 = DEFINITIONAL_REPRESENTATION('',(#16278),#16281);
#16278 = B_SPLINE_CURVE_WITH_KNOTS('',1,(#16279,#16280),.UNSPECIFIED.,
  .F.,.F.,(2,2),(-12.,0.),.PIECEWISE_BEZIER_KNOTS.);
#16279 = CARTESIAN_POINT('',(-4.712388980385,-12.));
#16280 = CARTESIAN_POINT('',(-4.712388980385,0.));
#16281 = ( GEOMETRIC_REPRESENTATION_CONTEXT(2) 
PARAMETRIC_REPRESENTATION_CONTEXT() REPRESENTATION_CONTEXT('2D SPACE',''
  ) );
#16282 = PCURVE('',#12796,#16283);
#16283 = DEFINITIONAL_REPRESENTATION('',(#16284),#16287);
#16284 = B_SPLINE_CURVE_WITH_KNOTS('',1,(#16285,#16286),.UNSPECIFIED.,
  .F.,.F.,(2,2),(-12.0000006,5.999999999062E-07),
  .PIECEWISE_BEZIER_KNOTS.);
#16285 = CARTESIAN_POINT('',(12.0000006,-0.5));
#16286 = CARTESIAN_POINT('',(-5.999999999062E-07,-0.5));
#16287 = ( GEOMETRIC_REPRESENTATION_CONTEXT(2) 
PARAMETRIC_REPRESENTATION_CONTEXT() REPRESENTATION_CONTEXT('2D SPACE',''
  ) );
#16288 = ORIENTED_EDGE('',*,*,#13002,.T.);
#16289 = ORIENTED_EDGE('',*,*,#16245,.T.);
#16290 = ADVANCED_FACE('',(#16291),#12796,.T.);
#16291 = FACE_BOUND('',#16292,.T.);
#16292 = EDGE_LOOP('',(#16293,#16294,#16295,#16296));
#16293 = ORIENTED_EDGE('',*,*,#12979,.F.);
#16294 = ORIENTED_EDGE('',*,*,#12930,.F.);
#16295 = ORIENTED_EDGE('',*,*,#12780,.T.);
#16296 = ORIENTED_EDGE('',*,*,#16270,.F.);
#16297 = ADVANCED_FACE('',(#16298),#12890,.F.);
#16298 = FACE_BOUND('',#16299,.T.);
#16299 = EDGE_LOOP('',(#16300,#16301,#16324,#16351));
#16300 = ORIENTED_EDGE('',*,*,#12869,.T.);
#16301 = ORIENTED_EDGE('',*,*,#16302,.T.);
#16302 = EDGE_CURVE('',#12870,#16303,#16305,.T.);
#16303 = VERTEX_POINT('',#16304);
#16304 = CARTESIAN_POINT('',(-67.9,-42.,29.5));
#16305 = SEAM_CURVE('',#16306,(#16310,#16317),.PCURVE_S1.);
#16306 = LINE('',#16307,#16308);
#16307 = CARTESIAN_POINT('',(-67.9,-42.,22.5));
#16308 = VECTOR('',#16309,1.);
#16309 = DIRECTION('',(0.,0.,1.));
#16310 = PCURVE('',#12890,#16311);
#16311 = DEFINITIONAL_REPRESENTATION('',(#16312),#16316);
#16312 = LINE('',#16313,#16314);
#16313 = CARTESIAN_POINT('',(-6.28318530718,0.));
#16314 = VECTOR('',#16315,1.);
#16315 = DIRECTION('',(-0.,-1.));
#16316 = ( GEOMETRIC_REPRESENTATION_CONTEXT(2) 
PARAMETRIC_REPRESENTATION_CONTEXT() REPRESENTATION_CONTEXT('2D SPACE',''
  ) );
#16317 = PCURVE('',#12890,#16318);
#16318 = DEFINITIONAL_REPRESENTATION('',(#16319),#16323);
#16319 = LINE('',#16320,#16321);
#16320 = CARTESIAN_POINT('',(-0.,0.));
#16321 = VECTOR('',#16322,1.);
#16322 = DIRECTION('',(-0.,-1.));
#16323 = ( GEOMETRIC_REPRESENTATION_CONTEXT(2) 
PARAMETRIC_REPRESENTATION_CONTEXT() REPRESENTATION_CONTEXT('2D SPACE',''
  ) );
#16324 = ORIENTED_EDGE('',*,*,#16325,.T.);
#16325 = EDGE_CURVE('',#16303,#16303,#16326,.T.);
#16326 = SURFACE_CURVE('',#16327,(#16332,#16339),.PCURVE_S1.);
#16327 = CIRCLE('',#16328,2.1);
#16328 = AXIS2_PLACEMENT_3D('',#16329,#16330,#16331);
#16329 = CARTESIAN_POINT('',(-70.,-42.,29.5));
#16330 = DIRECTION('',(0.,0.,1.));
#16331 = DIRECTION('',(1.,0.,0.));
#16332 = PCURVE('',#12890,#16333);
#16333 = DEFINITIONAL_REPRESENTATION('',(#16334),#16338);
#16334 = LINE('',#16335,#16336);
#16335 = CARTESIAN_POINT('',(-0.,-7.));
#16336 = VECTOR('',#16337,1.);
#16337 = DIRECTION('',(-1.,0.));
#16338 = ( GEOMETRIC_REPRESENTATION_CONTEXT(2) 
PARAMETRIC_REPRESENTATION_CONTEXT() REPRESENTATION_CONTEXT('2D SPACE',''
  ) );
#16339 = PCURVE('',#16340,#16345);
#16340 = PLANE('',#16341);
#16341 = AXIS2_PLACEMENT_3D('',#16342,#16343,#16344);
#16342 = CARTESIAN_POINT('',(-70.,-42.,29.5));
#16343 = DIRECTION('',(0.,0.,1.));
#16344 = DIRECTION('',(1.,0.,-0.));
#16345 = DEFINITIONAL_REPRESENTATION('',(#16346),#16350);
#16346 = CIRCLE('',#16347,2.1);
#16347 = AXIS2_PLACEMENT_2D('',#16348,#16349);
#16348 = CARTESIAN_POINT('',(0.,0.));
#16349 = DIRECTION('',(1.,0.));
#16350 = ( GEOMETRIC_REPRESENTATION_CONTEXT(2) 
PARAMETRIC_REPRESENTATION_CONTEXT() REPRESENTATION_CONTEXT('2D SPACE',''
  ) );
#16351 = ORIENTED_EDGE('',*,*,#16302,.F.);
#16352 = ADVANCED_FACE('',(#16353),#13275,.F.);
#16353 = FACE_BOUND('',#16354,.F.);
#16354 = EDGE_LOOP('',(#16355,#16356,#16357,#16358));
#16355 = ORIENTED_EDGE('',*,*,#15232,.F.);
#16356 = ORIENTED_EDGE('',*,*,#13260,.T.);
#16357 = ORIENTED_EDGE('',*,*,#15364,.T.);
#16358 = ORIENTED_EDGE('',*,*,#16359,.F.);
#16359 = EDGE_CURVE('',#15233,#15365,#16360,.T.);
#16360 = SURFACE_CURVE('',#16361,(#16365,#16372),.PCURVE_S1.);
#16361 = LINE('',#16362,#16363);
#16362 = CARTESIAN_POINT('',(-9.,-75.3,103.));
#16363 = VECTOR('',#16364,1.);
#16364 = DIRECTION('',(1.,0.,0.));
#16365 = PCURVE('',#13275,#16366);
#16366 = DEFINITIONAL_REPRESENTATION('',(#16367),#16371);
#16367 = LINE('',#16368,#16369);
#16368 = CARTESIAN_POINT('',(0.,5.));
#16369 = VECTOR('',#16370,1.);
#16370 = DIRECTION('',(1.,0.));
#16371 = ( GEOMETRIC_REPRESENTATION_CONTEXT(2) 
PARAMETRIC_REPRESENTATION_CONTEXT() REPRESENTATION_CONTEXT('2D SPACE',''
  ) );
#16372 = PCURVE('',#15271,#16373);
#16373 = DEFINITIONAL_REPRESENTATION('',(#16374),#16378);
#16374 = LINE('',#16375,#16376);
#16375 = CARTESIAN_POINT('',(0.,0.));
#16376 = VECTOR('',#16377,1.);
#16377 = DIRECTION('',(0.,1.));
#16378 = ( GEOMETRIC_REPRESENTATION_CONTEXT(2) 
PARAMETRIC_REPRESENTATION_CONTEXT() REPRESENTATION_CONTEXT('2D SPACE',''
  ) );
#16379 = ADVANCED_FACE('',(#16380),#13458,.T.);
#16380 = FACE_BOUND('',#16381,.F.);
#16381 = EDGE_LOOP('',(#16382,#16411,#16432,#16433,#16459,#16460));
#16382 = ORIENTED_EDGE('',*,*,#16383,.F.);
#16383 = EDGE_CURVE('',#16384,#16384,#16386,.T.);
#16384 = VERTEX_POINT('',#16385);
#16385 = CARTESIAN_POINT('',(67.5,55.,75.));
#16386 = SURFACE_CURVE('',#16387,(#16392,#16399),.PCURVE_S1.);
#16387 = CIRCLE('',#16388,4.5);
#16388 = AXIS2_PLACEMENT_3D('',#16389,#16390,#16391);
#16389 = CARTESIAN_POINT('',(63.,55.,75.));
#16390 = DIRECTION('',(0.,0.,1.));
#16391 = DIRECTION('',(1.,0.,0.));
#16392 = PCURVE('',#13458,#16393);
#16393 = DEFINITIONAL_REPRESENTATION('',(#16394),#16398);
#16394 = LINE('',#16395,#16396);
#16395 = CARTESIAN_POINT('',(-0.,0.));
#16396 = VECTOR('',#16397,1.);
#16397 = DIRECTION('',(-1.,0.));
#16398 = ( GEOMETRIC_REPRESENTATION_CONTEXT(2) 
PARAMETRIC_REPRESENTATION_CONTEXT() REPRESENTATION_CONTEXT('2D SPACE',''
  ) );
#16399 = PCURVE('',#16400,#16405);
#16400 = PLANE('',#16401);
#16401 = AXIS2_PLACEMENT_3D('',#16402,#16403,#16404);
#16402 = CARTESIAN_POINT('',(63.,55.,75.));
#16403 = DIRECTION('',(0.,0.,1.));
#16404 = DIRECTION('',(1.,0.,-0.));
#16405 = DEFINITIONAL_REPRESENTATION('',(#16406),#16410);
#16406 = CIRCLE('',#16407,4.5);
#16407 = AXIS2_PLACEMENT_2D('',#16408,#16409);
#16408 = CARTESIAN_POINT('',(-7.105427357601E-15,0.));
#16409 = DIRECTION('',(1.,0.));
#16410 = ( GEOMETRIC_REPRESENTATION_CONTEXT(2) 
PARAMETRIC_REPRESENTATION_CONTEXT() REPRESENTATION_CONTEXT('2D SPACE',''
  ) );
#16411 = ORIENTED_EDGE('',*,*,#16412,.T.);
#16412 = EDGE_CURVE('',#16384,#13438,#16413,.T.);
#16413 = SEAM_CURVE('',#16414,(#16418,#16425),.PCURVE_S1.);
#16414 = LINE('',#16415,#16416);
#16415 = CARTESIAN_POINT('',(67.5,55.,75.));
#16416 = VECTOR('',#16417,1.);
#16417 = DIRECTION('',(0.,0.,1.));
#16418 = PCURVE('',#13458,#16419);
#16419 = DEFINITIONAL_REPRESENTATION('',(#16420),#16424);
#16420 = LINE('',#16421,#16422);
#16421 = CARTESIAN_POINT('',(-6.28318530718,0.));
#16422 = VECTOR('',#16423,1.);
#16423 = DIRECTION('',(-0.,-1.));
#16424 = ( GEOMETRIC_REPRESENTATION_CONTEXT(2) 
PARAMETRIC_REPRESENTATION_CONTEXT() REPRESENTATION_CONTEXT('2D SPACE',''
  ) );
#16425 = PCURVE('',#13458,#16426);
#16426 = DEFINITIONAL_REPRESENTATION('',(#16427),#16431);
#16427 = LINE('',#16428,#16429);
#16428 = CARTESIAN_POINT('',(-0.,0.));
#16429 = VECTOR('',#16430,1.);
#16430 = DIRECTION('',(-0.,-1.));
#16431 = ( GEOMETRIC_REPRESENTATION_CONTEXT(2) 
PARAMETRIC_REPRESENTATION_CONTEXT() REPRESENTATION_CONTEXT('2D SPACE',''
  ) );
#16432 = ORIENTED_EDGE('',*,*,#13437,.F.);
#16433 = ORIENTED_EDGE('',*,*,#16434,.F.);
#16434 = EDGE_CURVE('',#13471,#13415,#16435,.T.);
#16435 = SURFACE_CURVE('',#16436,(#16441,#16448),.PCURVE_S1.);
#16436 = CIRCLE('',#16437,4.5);
#16437 = AXIS2_PLACEMENT_3D('',#16438,#16439,#16440);
#16438 = CARTESIAN_POINT('',(63.,55.,79.5));
#16439 = DIRECTION('',(0.,0.,-1.));
#16440 = DIRECTION('',(1.,0.,0.));
#16441 = PCURVE('',#13458,#16442);
#16442 = DEFINITIONAL_REPRESENTATION('',(#16443),#16447);
#16443 = LINE('',#16444,#16445);
#16444 = CARTESIAN_POINT('',(-6.28318530718,-4.5));
#16445 = VECTOR('',#16446,1.);
#16446 = DIRECTION('',(1.,-0.));
#16447 = ( GEOMETRIC_REPRESENTATION_CONTEXT(2) 
PARAMETRIC_REPRESENTATION_CONTEXT() REPRESENTATION_CONTEXT('2D SPACE',''
  ) );
#16448 = PCURVE('',#13541,#16449);
#16449 = DEFINITIONAL_REPRESENTATION('',(#16450),#16458);
#16450 = ( BOUNDED_CURVE() B_SPLINE_CURVE(2,(#16451,#16452,#16453,#16454
    ,#16455,#16456,#16457),.UNSPECIFIED.,.T.,.F.) 
B_SPLINE_CURVE_WITH_KNOTS((1,2,2,2,2,1),(-2.094395102393,0.,
    2.094395102393,4.188790204786,6.28318530718,8.377580409573),
.UNSPECIFIED.) CURVE() GEOMETRIC_REPRESENTATION_ITEM() 
RATIONAL_B_SPLINE_CURVE((1.,0.5,1.,0.5,1.,0.5,1.)) REPRESENTATION_ITEM(
  '') );
#16451 = CARTESIAN_POINT('',(69.,4.5));
#16452 = CARTESIAN_POINT('',(69.,-3.29422863406));
#16453 = CARTESIAN_POINT('',(62.25,0.60288568297));
#16454 = CARTESIAN_POINT('',(55.5,4.5));
#16455 = CARTESIAN_POINT('',(62.25,8.39711431703));
#16456 = CARTESIAN_POINT('',(69.,12.29422863406));
#16457 = CARTESIAN_POINT('',(69.,4.5));
#16458 = ( GEOMETRIC_REPRESENTATION_CONTEXT(2) 
PARAMETRIC_REPRESENTATION_CONTEXT() REPRESENTATION_CONTEXT('2D SPACE',''
  ) );
#16459 = ORIENTED_EDGE('',*,*,#13470,.F.);
#16460 = ORIENTED_EDGE('',*,*,#16412,.F.);
#16461 = ADVANCED_FACE('',(#16462),#13541,.F.);
#16462 = FACE_BOUND('',#16463,.F.);
#16463 = EDGE_LOOP('',(#16464,#16465,#16498,#16524,#16525));
#16464 = ORIENTED_EDGE('',*,*,#14846,.F.);
#16465 = ORIENTED_EDGE('',*,*,#16466,.T.);
#16466 = EDGE_CURVE('',#14847,#16467,#16469,.T.);
#16467 = VERTEX_POINT('',#16468);
#16468 = CARTESIAN_POINT('',(11.5,55.,79.5));
#16469 = SURFACE_CURVE('',#16470,(#16475,#16486),.PCURVE_S1.);
#16470 = CIRCLE('',#16471,4.5);
#16471 = AXIS2_PLACEMENT_3D('',#16472,#16473,#16474);
#16472 = CARTESIAN_POINT('',(7.,55.,79.5));
#16473 = DIRECTION('',(0.,0.,-1.));
#16474 = DIRECTION('',(1.,0.,0.));
#16475 = PCURVE('',#13541,#16476);
#16476 = DEFINITIONAL_REPRESENTATION('',(#16477),#16485);
#16477 = ( BOUNDED_CURVE() B_SPLINE_CURVE(2,(#16478,#16479,#16480,#16481
    ,#16482,#16483,#16484),.UNSPECIFIED.,.T.,.F.) 
B_SPLINE_CURVE_WITH_KNOTS((1,2,2,2,2,1),(-2.094395102393,0.,
    2.094395102393,4.188790204786,6.28318530718,8.377580409573),
.UNSPECIFIED.) CURVE() GEOMETRIC_REPRESENTATION_ITEM() 
RATIONAL_B_SPLINE_CURVE((1.,0.5,1.,0.5,1.,0.5,1.)) REPRESENTATION_ITEM(
  '') );
#16478 = CARTESIAN_POINT('',(13.,4.5));
#16479 = CARTESIAN_POINT('',(13.,-3.29422863406));
#16480 = CARTESIAN_POINT('',(6.25,0.60288568297));
#16481 = CARTESIAN_POINT('',(-0.5,4.5));
#16482 = CARTESIAN_POINT('',(6.25,8.39711431703));
#16483 = CARTESIAN_POINT('',(13.,12.29422863406));
#16484 = CARTESIAN_POINT('',(13.,4.5));
#16485 = ( GEOMETRIC_REPRESENTATION_CONTEXT(2) 
PARAMETRIC_REPRESENTATION_CONTEXT() REPRESENTATION_CONTEXT('2D SPACE',''
  ) );
#16486 = PCURVE('',#16487,#16492);
#16487 = CYLINDRICAL_SURFACE('',#16488,4.5);
#16488 = AXIS2_PLACEMENT_3D('',#16489,#16490,#16491);
#16489 = CARTESIAN_POINT('',(7.,55.,75.));
#16490 = DIRECTION('',(-0.,-0.,-1.));
#16491 = DIRECTION('',(1.,0.,0.));
#16492 = DEFINITIONAL_REPRESENTATION('',(#16493),#16497);
#16493 = LINE('',#16494,#16495);
#16494 = CARTESIAN_POINT('',(-6.28318530718,-4.5));
#16495 = VECTOR('',#16496,1.);
#16496 = DIRECTION('',(1.,-0.));
#16497 = ( GEOMETRIC_REPRESENTATION_CONTEXT(2) 
PARAMETRIC_REPRESENTATION_CONTEXT() REPRESENTATION_CONTEXT('2D SPACE',''
  ) );
#16498 = ORIENTED_EDGE('',*,*,#16499,.T.);
#16499 = EDGE_CURVE('',#16467,#13526,#16500,.T.);
#16500 = SURFACE_CURVE('',#16501,(#16506,#16517),.PCURVE_S1.);
#16501 = CIRCLE('',#16502,4.5);
#16502 = AXIS2_PLACEMENT_3D('',#16503,#16504,#16505);
#16503 = CARTESIAN_POINT('',(7.,55.,79.5));
#16504 = DIRECTION('',(0.,0.,-1.));
#16505 = DIRECTION('',(1.,0.,0.));
#16506 = PCURVE('',#13541,#16507);
#16507 = DEFINITIONAL_REPRESENTATION('',(#16508),#16516);
#16508 = ( BOUNDED_CURVE() B_SPLINE_CURVE(2,(#16509,#16510,#16511,#16512
    ,#16513,#16514,#16515),.UNSPECIFIED.,.T.,.F.) 
B_SPLINE_CURVE_WITH_KNOTS((1,2,2,2,2,1),(-2.094395102393,0.,
    2.094395102393,4.188790204786,6.28318530718,8.377580409573),
.UNSPECIFIED.) CURVE() GEOMETRIC_REPRESENTATION_ITEM() 
RATIONAL_B_SPLINE_CURVE((1.,0.5,1.,0.5,1.,0.5,1.)) REPRESENTATION_ITEM(
  '') );
#16509 = CARTESIAN_POINT('',(13.,4.5));
#16510 = CARTESIAN_POINT('',(13.,-3.29422863406));
#16511 = CARTESIAN_POINT('',(6.25,0.60288568297));
#16512 = CARTESIAN_POINT('',(-0.5,4.5));
#16513 = CARTESIAN_POINT('',(6.25,8.39711431703));
#16514 = CARTESIAN_POINT('',(13.,12.29422863406));
#16515 = CARTESIAN_POINT('',(13.,4.5));
#16516 = ( GEOMETRIC_REPRESENTATION_CONTEXT(2) 
PARAMETRIC_REPRESENTATION_CONTEXT() REPRESENTATION_CONTEXT('2D SPACE',''
  ) );
#16517 = PCURVE('',#16487,#16518);
#16518 = DEFINITIONAL_REPRESENTATION('',(#16519),#16523);
#16519 = LINE('',#16520,#16521);
#16520 = CARTESIAN_POINT('',(-6.28318530718,-4.5));
#16521 = VECTOR('',#16522,1.);
#16522 = DIRECTION('',(1.,-0.));
#16523 = ( GEOMETRIC_REPRESENTATION_CONTEXT(2) 
PARAMETRIC_REPRESENTATION_CONTEXT() REPRESENTATION_CONTEXT('2D SPACE',''
  ) );
#16524 = ORIENTED_EDGE('',*,*,#13525,.T.);
#16525 = ORIENTED_EDGE('',*,*,#16434,.T.);
#16526 = ADVANCED_FACE('',(#16527),#13569,.F.);
#16527 = FACE_BOUND('',#16528,.F.);
#16528 = EDGE_LOOP('',(#16529,#16530,#16551,#16552));
#16529 = ORIENTED_EDGE('',*,*,#14869,.F.);
#16530 = ORIENTED_EDGE('',*,*,#16531,.F.);
#16531 = EDGE_CURVE('',#13554,#14870,#16532,.T.);
#16532 = SURFACE_CURVE('',#16533,(#16537,#16544),.PCURVE_S1.);
#16533 = LINE('',#16534,#16535);
#16534 = CARTESIAN_POINT('',(-1.5,50.5,79.5));
#16535 = VECTOR('',#16536,1.);
#16536 = DIRECTION('',(0.,1.,0.));
#16537 = PCURVE('',#13569,#16538);
#16538 = DEFINITIONAL_REPRESENTATION('',(#16539),#16543);
#16539 = LINE('',#16540,#16541);
#16540 = CARTESIAN_POINT('',(0.,0.));
#16541 = VECTOR('',#16542,1.);
#16542 = DIRECTION('',(0.,1.));
#16543 = ( GEOMETRIC_REPRESENTATION_CONTEXT(2) 
PARAMETRIC_REPRESENTATION_CONTEXT() REPRESENTATION_CONTEXT('2D SPACE',''
  ) );
#16544 = PCURVE('',#13597,#16545);
#16545 = DEFINITIONAL_REPRESENTATION('',(#16546),#16550);
#16546 = LINE('',#16547,#16548);
#16547 = CARTESIAN_POINT('',(0.,0.));
#16548 = VECTOR('',#16549,1.);
#16549 = DIRECTION('',(0.,-1.));
#16550 = ( GEOMETRIC_REPRESENTATION_CONTEXT(2) 
PARAMETRIC_REPRESENTATION_CONTEXT() REPRESENTATION_CONTEXT('2D SPACE',''
  ) );
#16551 = ORIENTED_EDGE('',*,*,#13553,.T.);
#16552 = ORIENTED_EDGE('',*,*,#16553,.T.);
#16553 = EDGE_CURVE('',#13526,#14847,#16554,.T.);
#16554 = SURFACE_CURVE('',#16555,(#16560,#16571),.PCURVE_S1.);
#16555 = CIRCLE('',#16556,4.5);
#16556 = AXIS2_PLACEMENT_3D('',#16557,#16558,#16559);
#16557 = CARTESIAN_POINT('',(7.,55.,79.5));
#16558 = DIRECTION('',(0.,0.,-1.));
#16559 = DIRECTION('',(1.,0.,0.));
#16560 = PCURVE('',#13569,#16561);
#16561 = DEFINITIONAL_REPRESENTATION('',(#16562),#16570);
#16562 = ( BOUNDED_CURVE() B_SPLINE_CURVE(2,(#16563,#16564,#16565,#16566
    ,#16567,#16568,#16569),.UNSPECIFIED.,.T.,.F.) 
B_SPLINE_CURVE_WITH_KNOTS((1,2,2,2,2,1),(-2.094395102393,0.,
    2.094395102393,4.188790204786,6.28318530718,8.377580409573),
.UNSPECIFIED.) CURVE() GEOMETRIC_REPRESENTATION_ITEM() 
RATIONAL_B_SPLINE_CURVE((1.,0.5,1.,0.5,1.,0.5,1.)) REPRESENTATION_ITEM(
  '') );
#16563 = CARTESIAN_POINT('',(13.,4.5));
#16564 = CARTESIAN_POINT('',(13.,-3.29422863406));
#16565 = CARTESIAN_POINT('',(6.25,0.60288568297));
#16566 = CARTESIAN_POINT('',(-0.5,4.5));
#16567 = CARTESIAN_POINT('',(6.25,8.39711431703));
#16568 = CARTESIAN_POINT('',(13.,12.29422863406));
#16569 = CARTESIAN_POINT('',(13.,4.5));
#16570 = ( GEOMETRIC_REPRESENTATION_CONTEXT(2) 
PARAMETRIC_REPRESENTATION_CONTEXT() REPRESENTATION_CONTEXT('2D SPACE',''
  ) );
#16571 = PCURVE('',#16487,#16572);
#16572 = DEFINITIONAL_REPRESENTATION('',(#16573),#16577);
#16573 = LINE('',#16574,#16575);
#16574 = CARTESIAN_POINT('',(-6.28318530718,-4.5));
#16575 = VECTOR('',#16576,1.);
#16576 = DIRECTION('',(1.,-0.));
#16577 = ( GEOMETRIC_REPRESENTATION_CONTEXT(2) 
PARAMETRIC_REPRESENTATION_CONTEXT() REPRESENTATION_CONTEXT('2D SPACE',''
  ) );
#16578 = ADVANCED_FACE('',(#16579),#13597,.F.);
#16579 = FACE_BOUND('',#16580,.F.);
#16580 = EDGE_LOOP('',(#16581,#16582,#16583,#16584));
#16581 = ORIENTED_EDGE('',*,*,#13581,.F.);
#16582 = ORIENTED_EDGE('',*,*,#16531,.T.);
#16583 = ORIENTED_EDGE('',*,*,#14892,.T.);
#16584 = ORIENTED_EDGE('',*,*,#13658,.F.);
#16585 = ADVANCED_FACE('',(#16586),#13704,.F.);
#16586 = FACE_BOUND('',#16587,.T.);
#16587 = EDGE_LOOP('',(#16588,#16617,#16638,#16639));
#16588 = ORIENTED_EDGE('',*,*,#16589,.F.);
#16589 = EDGE_CURVE('',#16590,#16590,#16592,.T.);
#16590 = VERTEX_POINT('',#16591);
#16591 = CARTESIAN_POINT('',(9.1,55.,77.2));
#16592 = SURFACE_CURVE('',#16593,(#16598,#16605),.PCURVE_S1.);
#16593 = CIRCLE('',#16594,2.1);
#16594 = AXIS2_PLACEMENT_3D('',#16595,#16596,#16597);
#16595 = CARTESIAN_POINT('',(7.,55.,77.2));
#16596 = DIRECTION('',(0.,0.,1.));
#16597 = DIRECTION('',(1.,0.,0.));
#16598 = PCURVE('',#13704,#16599);
#16599 = DEFINITIONAL_REPRESENTATION('',(#16600),#16604);
#16600 = LINE('',#16601,#16602);
#16601 = CARTESIAN_POINT('',(-0.,0.));
#16602 = VECTOR('',#16603,1.);
#16603 = DIRECTION('',(-1.,0.));
#16604 = ( GEOMETRIC_REPRESENTATION_CONTEXT(2) 
PARAMETRIC_REPRESENTATION_CONTEXT() REPRESENTATION_CONTEXT('2D SPACE',''
  ) );
#16605 = PCURVE('',#16606,#16611);
#16606 = PLANE('',#16607);
#16607 = AXIS2_PLACEMENT_3D('',#16608,#16609,#16610);
#16608 = CARTESIAN_POINT('',(7.,55.,77.2));
#16609 = DIRECTION('',(0.,0.,1.));
#16610 = DIRECTION('',(1.,0.,-0.));
#16611 = DEFINITIONAL_REPRESENTATION('',(#16612),#16616);
#16612 = CIRCLE('',#16613,2.1);
#16613 = AXIS2_PLACEMENT_2D('',#16614,#16615);
#16614 = CARTESIAN_POINT('',(8.881784197001E-16,7.105427357601E-15));
#16615 = DIRECTION('',(1.,0.));
#16616 = ( GEOMETRIC_REPRESENTATION_CONTEXT(2) 
PARAMETRIC_REPRESENTATION_CONTEXT() REPRESENTATION_CONTEXT('2D SPACE',''
  ) );
#16617 = ORIENTED_EDGE('',*,*,#16618,.T.);
#16618 = EDGE_CURVE('',#16590,#13684,#16619,.T.);
#16619 = SEAM_CURVE('',#16620,(#16624,#16631),.PCURVE_S1.);
#16620 = LINE('',#16621,#16622);
#16621 = CARTESIAN_POINT('',(9.1,55.,77.2));
#16622 = VECTOR('',#16623,1.);
#16623 = DIRECTION('',(0.,0.,1.));
#16624 = PCURVE('',#13704,#16625);
#16625 = DEFINITIONAL_REPRESENTATION('',(#16626),#16630);
#16626 = LINE('',#16627,#16628);
#16627 = CARTESIAN_POINT('',(-6.28318530718,0.));
#16628 = VECTOR('',#16629,1.);
#16629 = DIRECTION('',(-0.,-1.));
#16630 = ( GEOMETRIC_REPRESENTATION_CONTEXT(2) 
PARAMETRIC_REPRESENTATION_CONTEXT() REPRESENTATION_CONTEXT('2D SPACE',''
  ) );
#16631 = PCURVE('',#13704,#16632);
#16632 = DEFINITIONAL_REPRESENTATION('',(#16633),#16637);
#16633 = LINE('',#16634,#16635);
#16634 = CARTESIAN_POINT('',(-0.,0.));
#16635 = VECTOR('',#16636,1.);
#16636 = DIRECTION('',(-0.,-1.));
#16637 = ( GEOMETRIC_REPRESENTATION_CONTEXT(2) 
PARAMETRIC_REPRESENTATION_CONTEXT() REPRESENTATION_CONTEXT('2D SPACE',''
  ) );
#16638 = ORIENTED_EDGE('',*,*,#13683,.F.);
#16639 = ORIENTED_EDGE('',*,*,#16618,.F.);
#16640 = ADVANCED_FACE('',(#16641),#13739,.F.);
#16641 = FACE_BOUND('',#16642,.T.);
#16642 = EDGE_LOOP('',(#16643,#16672,#16693,#16694));
#16643 = ORIENTED_EDGE('',*,*,#16644,.F.);
#16644 = EDGE_CURVE('',#16645,#16645,#16647,.T.);
#16645 = VERTEX_POINT('',#16646);
#16646 = CARTESIAN_POINT('',(65.1,55.,77.2));
#16647 = SURFACE_CURVE('',#16648,(#16653,#16660),.PCURVE_S1.);
#16648 = CIRCLE('',#16649,2.1);
#16649 = AXIS2_PLACEMENT_3D('',#16650,#16651,#16652);
#16650 = CARTESIAN_POINT('',(63.,55.,77.2));
#16651 = DIRECTION('',(0.,0.,1.));
#16652 = DIRECTION('',(1.,0.,0.));
#16653 = PCURVE('',#13739,#16654);
#16654 = DEFINITIONAL_REPRESENTATION('',(#16655),#16659);
#16655 = LINE('',#16656,#16657);
#16656 = CARTESIAN_POINT('',(-0.,0.));
#16657 = VECTOR('',#16658,1.);
#16658 = DIRECTION('',(-1.,0.));
#16659 = ( GEOMETRIC_REPRESENTATION_CONTEXT(2) 
PARAMETRIC_REPRESENTATION_CONTEXT() REPRESENTATION_CONTEXT('2D SPACE',''
  ) );
#16660 = PCURVE('',#16661,#16666);
#16661 = PLANE('',#16662);
#16662 = AXIS2_PLACEMENT_3D('',#16663,#16664,#16665);
#16663 = CARTESIAN_POINT('',(63.,55.,77.2));
#16664 = DIRECTION('',(0.,0.,1.));
#16665 = DIRECTION('',(1.,0.,-0.));
#16666 = DEFINITIONAL_REPRESENTATION('',(#16667),#16671);
#16667 = CIRCLE('',#16668,2.1);
#16668 = AXIS2_PLACEMENT_2D('',#16669,#16670);
#16669 = CARTESIAN_POINT('',(0.,0.));
#16670 = DIRECTION('',(1.,0.));
#16671 = ( GEOMETRIC_REPRESENTATION_CONTEXT(2) 
PARAMETRIC_REPRESENTATION_CONTEXT() REPRESENTATION_CONTEXT('2D SPACE',''
  ) );
#16672 = ORIENTED_EDGE('',*,*,#16673,.T.);
#16673 = EDGE_CURVE('',#16645,#13719,#16674,.T.);
#16674 = SEAM_CURVE('',#16675,(#16679,#16686),.PCURVE_S1.);
#16675 = LINE('',#16676,#16677);
#16676 = CARTESIAN_POINT('',(65.1,55.,77.2));
#16677 = VECTOR('',#16678,1.);
#16678 = DIRECTION('',(0.,0.,1.));
#16679 = PCURVE('',#13739,#16680);
#16680 = DEFINITIONAL_REPRESENTATION('',(#16681),#16685);
#16681 = LINE('',#16682,#16683);
#16682 = CARTESIAN_POINT('',(-6.28318530718,0.));
#16683 = VECTOR('',#16684,1.);
#16684 = DIRECTION('',(-0.,-1.));
#16685 = ( GEOMETRIC_REPRESENTATION_CONTEXT(2) 
PARAMETRIC_REPRESENTATION_CONTEXT() REPRESENTATION_CONTEXT('2D SPACE',''
  ) );
#16686 = PCURVE('',#13739,#16687);
#16687 = DEFINITIONAL_REPRESENTATION('',(#16688),#16692);
#16688 = LINE('',#16689,#16690);
#16689 = CARTESIAN_POINT('',(-0.,0.));
#16690 = VECTOR('',#16691,1.);
#16691 = DIRECTION('',(-0.,-1.));
#16692 = ( GEOMETRIC_REPRESENTATION_CONTEXT(2) 
PARAMETRIC_REPRESENTATION_CONTEXT() REPRESENTATION_CONTEXT('2D SPACE',''
  ) );
#16693 = ORIENTED_EDGE('',*,*,#13718,.F.);
#16694 = ORIENTED_EDGE('',*,*,#16673,.F.);
#16695 = ADVANCED_FACE('',(#16696),#13772,.F.);
#16696 = FACE_BOUND('',#16697,.F.);
#16697 = EDGE_LOOP('',(#16698,#16699,#16700,#16701));
#16698 = ORIENTED_EDGE('',*,*,#13971,.F.);
#16699 = ORIENTED_EDGE('',*,*,#13923,.F.);
#16700 = ORIENTED_EDGE('',*,*,#13754,.T.);
#16701 = ORIENTED_EDGE('',*,*,#16702,.F.);
#16702 = EDGE_CURVE('',#13972,#13757,#16703,.T.);
#16703 = SURFACE_CURVE('',#16704,(#16708,#16714),.PCURVE_S1.);
#16704 = LINE('',#16705,#16706);
#16705 = CARTESIAN_POINT('',(70.,15.5,23.));
#16706 = VECTOR('',#16707,1.);
#16707 = DIRECTION('',(-0.,-0.,-1.));
#16708 = PCURVE('',#13772,#16709);
#16709 = DEFINITIONAL_REPRESENTATION('',(#16710),#16713);
#16710 = B_SPLINE_CURVE_WITH_KNOTS('',1,(#16711,#16712),.UNSPECIFIED.,
  .F.,.F.,(2,2),(-12.0000006,5.999999999062E-07),
  .PIECEWISE_BEZIER_KNOTS.);
#16711 = CARTESIAN_POINT('',(12.0000006,-0.5));
#16712 = CARTESIAN_POINT('',(-5.999999999062E-07,-0.5));
#16713 = ( GEOMETRIC_REPRESENTATION_CONTEXT(2) 
PARAMETRIC_REPRESENTATION_CONTEXT() REPRESENTATION_CONTEXT('2D SPACE',''
  ) );
#16714 = PCURVE('',#13872,#16715);
#16715 = DEFINITIONAL_REPRESENTATION('',(#16716),#16719);
#16716 = B_SPLINE_CURVE_WITH_KNOTS('',1,(#16717,#16718),.UNSPECIFIED.,
  .F.,.F.,(2,2),(-12.0000006,5.999999999062E-07),
  .PIECEWISE_BEZIER_KNOTS.);
#16717 = CARTESIAN_POINT('',(-4.712388980385,-12.0000006));
#16718 = CARTESIAN_POINT('',(-4.712388980385,5.999999999062E-07));
#16719 = ( GEOMETRIC_REPRESENTATION_CONTEXT(2) 
PARAMETRIC_REPRESENTATION_CONTEXT() REPRESENTATION_CONTEXT('2D SPACE',''
  ) );
#16720 = ADVANCED_FACE('',(#16721),#13872,.T.);
#16721 = FACE_BOUND('',#16722,.F.);
#16722 = EDGE_LOOP('',(#16723,#16724,#16743,#16744));
#16723 = ORIENTED_EDGE('',*,*,#13857,.F.);
#16724 = ORIENTED_EDGE('',*,*,#16725,.F.);
#16725 = EDGE_CURVE('',#14020,#13830,#16726,.T.);
#16726 = SURFACE_CURVE('',#16727,(#16731,#16737),.PCURVE_S1.);
#16727 = LINE('',#16728,#16729);
#16728 = CARTESIAN_POINT('',(70.,24.5,23.));
#16729 = VECTOR('',#16730,1.);
#16730 = DIRECTION('',(-0.,-0.,-1.));
#16731 = PCURVE('',#13872,#16732);
#16732 = DEFINITIONAL_REPRESENTATION('',(#16733),#16736);
#16733 = B_SPLINE_CURVE_WITH_KNOTS('',1,(#16734,#16735),.UNSPECIFIED.,
  .F.,.F.,(2,2),(-12.0000006,5.999999999062E-07),
  .PIECEWISE_BEZIER_KNOTS.);
#16734 = CARTESIAN_POINT('',(-1.570796326795,-12.0000006));
#16735 = CARTESIAN_POINT('',(-1.570796326795,5.999999999062E-07));
#16736 = ( GEOMETRIC_REPRESENTATION_CONTEXT(2) 
PARAMETRIC_REPRESENTATION_CONTEXT() REPRESENTATION_CONTEXT('2D SPACE',''
  ) );
#16737 = PCURVE('',#13845,#16738);
#16738 = DEFINITIONAL_REPRESENTATION('',(#16739),#16742);
#16739 = B_SPLINE_CURVE_WITH_KNOTS('',1,(#16740,#16741),.UNSPECIFIED.,
  .F.,.F.,(2,2),(-12.0000006,5.999999999062E-07),
  .PIECEWISE_BEZIER_KNOTS.);
#16740 = CARTESIAN_POINT('',(12.0000006,-9.5));
#16741 = CARTESIAN_POINT('',(-5.999999999062E-07,-9.5));
#16742 = ( GEOMETRIC_REPRESENTATION_CONTEXT(2) 
PARAMETRIC_REPRESENTATION_CONTEXT() REPRESENTATION_CONTEXT('2D SPACE',''
  ) );
#16743 = ORIENTED_EDGE('',*,*,#14042,.T.);
#16744 = ORIENTED_EDGE('',*,*,#16702,.T.);
#16745 = ADVANCED_FACE('',(#16746),#13845,.F.);
#16746 = FACE_BOUND('',#16747,.F.);
#16747 = EDGE_LOOP('',(#16748,#16749,#16750,#16751));
#16748 = ORIENTED_EDGE('',*,*,#14019,.F.);
#16749 = ORIENTED_EDGE('',*,*,#16725,.T.);
#16750 = ORIENTED_EDGE('',*,*,#13829,.T.);
#16751 = ORIENTED_EDGE('',*,*,#14068,.T.);
#16752 = ADVANCED_FACE('',(#16753),#13907,.F.);
#16753 = FACE_BOUND('',#16754,.T.);
#16754 = EDGE_LOOP('',(#16755,#16756,#16779,#16806));
#16755 = ORIENTED_EDGE('',*,*,#13886,.T.);
#16756 = ORIENTED_EDGE('',*,*,#16757,.T.);
#16757 = EDGE_CURVE('',#13887,#16758,#16760,.T.);
#16758 = VERTEX_POINT('',#16759);
#16759 = CARTESIAN_POINT('',(72.1,20.,29.5));
#16760 = SEAM_CURVE('',#16761,(#16765,#16772),.PCURVE_S1.);
#16761 = LINE('',#16762,#16763);
#16762 = CARTESIAN_POINT('',(72.1,20.,22.5));
#16763 = VECTOR('',#16764,1.);
#16764 = DIRECTION('',(0.,0.,1.));
#16765 = PCURVE('',#13907,#16766);
#16766 = DEFINITIONAL_REPRESENTATION('',(#16767),#16771);
#16767 = LINE('',#16768,#16769);
#16768 = CARTESIAN_POINT('',(-6.28318530718,0.));
#16769 = VECTOR('',#16770,1.);
#16770 = DIRECTION('',(-0.,-1.));
#16771 = ( GEOMETRIC_REPRESENTATION_CONTEXT(2) 
PARAMETRIC_REPRESENTATION_CONTEXT() REPRESENTATION_CONTEXT('2D SPACE',''
  ) );
#16772 = PCURVE('',#13907,#16773);
#16773 = DEFINITIONAL_REPRESENTATION('',(#16774),#16778);
#16774 = LINE('',#16775,#16776);
#16775 = CARTESIAN_POINT('',(-0.,0.));
#16776 = VECTOR('',#16777,1.);
#16777 = DIRECTION('',(-0.,-1.));
#16778 = ( GEOMETRIC_REPRESENTATION_CONTEXT(2) 
PARAMETRIC_REPRESENTATION_CONTEXT() REPRESENTATION_CONTEXT('2D SPACE',''
  ) );
#16779 = ORIENTED_EDGE('',*,*,#16780,.T.);
#16780 = EDGE_CURVE('',#16758,#16758,#16781,.T.);
#16781 = SURFACE_CURVE('',#16782,(#16787,#16794),.PCURVE_S1.);
#16782 = CIRCLE('',#16783,2.1);
#16783 = AXIS2_PLACEMENT_3D('',#16784,#16785,#16786);
#16784 = CARTESIAN_POINT('',(70.,20.,29.5));
#16785 = DIRECTION('',(0.,0.,1.));
#16786 = DIRECTION('',(1.,0.,0.));
#16787 = PCURVE('',#13907,#16788);
#16788 = DEFINITIONAL_REPRESENTATION('',(#16789),#16793);
#16789 = LINE('',#16790,#16791);
#16790 = CARTESIAN_POINT('',(-0.,-7.));
#16791 = VECTOR('',#16792,1.);
#16792 = DIRECTION('',(-1.,0.));
#16793 = ( GEOMETRIC_REPRESENTATION_CONTEXT(2) 
PARAMETRIC_REPRESENTATION_CONTEXT() REPRESENTATION_CONTEXT('2D SPACE',''
  ) );
#16794 = PCURVE('',#16795,#16800);
#16795 = PLANE('',#16796);
#16796 = AXIS2_PLACEMENT_3D('',#16797,#16798,#16799);
#16797 = CARTESIAN_POINT('',(70.,20.,29.5));
#16798 = DIRECTION('',(0.,0.,1.));
#16799 = DIRECTION('',(1.,0.,-0.));
#16800 = DEFINITIONAL_REPRESENTATION('',(#16801),#16805);
#16801 = CIRCLE('',#16802,2.1);
#16802 = AXIS2_PLACEMENT_2D('',#16803,#16804);
#16803 = CARTESIAN_POINT('',(0.,-3.552713678801E-15));
#16804 = DIRECTION('',(1.,0.));
#16805 = ( GEOMETRIC_REPRESENTATION_CONTEXT(2) 
PARAMETRIC_REPRESENTATION_CONTEXT() REPRESENTATION_CONTEXT('2D SPACE',''
  ) );
#16806 = ORIENTED_EDGE('',*,*,#16757,.F.);
#16807 = ADVANCED_FACE('',(#16808),#14112,.F.);
#16808 = FACE_BOUND('',#16809,.F.);
#16809 = EDGE_LOOP('',(#16810,#16811,#16812,#16813));
#16810 = ORIENTED_EDGE('',*,*,#14311,.F.);
#16811 = ORIENTED_EDGE('',*,*,#14263,.F.);
#16812 = ORIENTED_EDGE('',*,*,#14094,.T.);
#16813 = ORIENTED_EDGE('',*,*,#16814,.F.);
#16814 = EDGE_CURVE('',#14312,#14097,#16815,.T.);
#16815 = SURFACE_CURVE('',#16816,(#16820,#16826),.PCURVE_S1.);
#16816 = LINE('',#16817,#16818);
#16817 = CARTESIAN_POINT('',(70.,-46.5,23.));
#16818 = VECTOR('',#16819,1.);
#16819 = DIRECTION('',(-0.,-0.,-1.));
#16820 = PCURVE('',#14112,#16821);
#16821 = DEFINITIONAL_REPRESENTATION('',(#16822),#16825);
#16822 = B_SPLINE_CURVE_WITH_KNOTS('',1,(#16823,#16824),.UNSPECIFIED.,
  .F.,.F.,(2,2),(-12.0000006,5.999999999062E-07),
  .PIECEWISE_BEZIER_KNOTS.);
#16823 = CARTESIAN_POINT('',(12.0000006,-0.5));
#16824 = CARTESIAN_POINT('',(-5.999999999062E-07,-0.5));
#16825 = ( GEOMETRIC_REPRESENTATION_CONTEXT(2) 
PARAMETRIC_REPRESENTATION_CONTEXT() REPRESENTATION_CONTEXT('2D SPACE',''
  ) );
#16826 = PCURVE('',#14212,#16827);
#16827 = DEFINITIONAL_REPRESENTATION('',(#16828),#16831);
#16828 = B_SPLINE_CURVE_WITH_KNOTS('',1,(#16829,#16830),.UNSPECIFIED.,
  .F.,.F.,(2,2),(-12.0000006,5.999999999062E-07),
  .PIECEWISE_BEZIER_KNOTS.);
#16829 = CARTESIAN_POINT('',(-4.712388980385,-12.0000006));
#16830 = CARTESIAN_POINT('',(-4.712388980385,5.999999999062E-07));
#16831 = ( GEOMETRIC_REPRESENTATION_CONTEXT(2) 
PARAMETRIC_REPRESENTATION_CONTEXT() REPRESENTATION_CONTEXT('2D SPACE',''
  ) );
#16832 = ADVANCED_FACE('',(#16833),#14212,.T.);
#16833 = FACE_BOUND('',#16834,.F.);
#16834 = EDGE_LOOP('',(#16835,#16836,#16855,#16856));
#16835 = ORIENTED_EDGE('',*,*,#14197,.F.);
#16836 = ORIENTED_EDGE('',*,*,#16837,.F.);
#16837 = EDGE_CURVE('',#14360,#14170,#16838,.T.);
#16838 = SURFACE_CURVE('',#16839,(#16843,#16849),.PCURVE_S1.);
#16839 = LINE('',#16840,#16841);
#16840 = CARTESIAN_POINT('',(70.,-37.5,23.));
#16841 = VECTOR('',#16842,1.);
#16842 = DIRECTION('',(-0.,-0.,-1.));
#16843 = PCURVE('',#14212,#16844);
#16844 = DEFINITIONAL_REPRESENTATION('',(#16845),#16848);
#16845 = B_SPLINE_CURVE_WITH_KNOTS('',1,(#16846,#16847),.UNSPECIFIED.,
  .F.,.F.,(2,2),(-12.0000006,5.999999999062E-07),
  .PIECEWISE_BEZIER_KNOTS.);
#16846 = CARTESIAN_POINT('',(-1.570796326795,-12.0000006));
#16847 = CARTESIAN_POINT('',(-1.570796326795,5.999999999062E-07));
#16848 = ( GEOMETRIC_REPRESENTATION_CONTEXT(2) 
PARAMETRIC_REPRESENTATION_CONTEXT() REPRESENTATION_CONTEXT('2D SPACE',''
  ) );
#16849 = PCURVE('',#14185,#16850);
#16850 = DEFINITIONAL_REPRESENTATION('',(#16851),#16854);
#16851 = B_SPLINE_CURVE_WITH_KNOTS('',1,(#16852,#16853),.UNSPECIFIED.,
  .F.,.F.,(2,2),(-12.0000006,5.999999999062E-07),
  .PIECEWISE_BEZIER_KNOTS.);
#16852 = CARTESIAN_POINT('',(12.0000006,-9.5));
#16853 = CARTESIAN_POINT('',(-5.999999999062E-07,-9.5));
#16854 = ( GEOMETRIC_REPRESENTATION_CONTEXT(2) 
PARAMETRIC_REPRESENTATION_CONTEXT() REPRESENTATION_CONTEXT('2D SPACE',''
  ) );
#16855 = ORIENTED_EDGE('',*,*,#14382,.T.);
#16856 = ORIENTED_EDGE('',*,*,#16814,.T.);
#16857 = ADVANCED_FACE('',(#16858),#14185,.F.);
#16858 = FACE_BOUND('',#16859,.F.);
#16859 = EDGE_LOOP('',(#16860,#16861,#16862,#16863));
#16860 = ORIENTED_EDGE('',*,*,#14359,.F.);
#16861 = ORIENTED_EDGE('',*,*,#16837,.T.);
#16862 = ORIENTED_EDGE('',*,*,#14169,.T.);
#16863 = ORIENTED_EDGE('',*,*,#14408,.T.);
#16864 = ADVANCED_FACE('',(#16865),#14247,.F.);
#16865 = FACE_BOUND('',#16866,.T.);
#16866 = EDGE_LOOP('',(#16867,#16868,#16891,#16918));
#16867 = ORIENTED_EDGE('',*,*,#14226,.T.);
#16868 = ORIENTED_EDGE('',*,*,#16869,.T.);
#16869 = EDGE_CURVE('',#14227,#16870,#16872,.T.);
#16870 = VERTEX_POINT('',#16871);
#16871 = CARTESIAN_POINT('',(72.1,-42.,29.5));
#16872 = SEAM_CURVE('',#16873,(#16877,#16884),.PCURVE_S1.);
#16873 = LINE('',#16874,#16875);
#16874 = CARTESIAN_POINT('',(72.1,-42.,22.5));
#16875 = VECTOR('',#16876,1.);
#16876 = DIRECTION('',(0.,0.,1.));
#16877 = PCURVE('',#14247,#16878);
#16878 = DEFINITIONAL_REPRESENTATION('',(#16879),#16883);
#16879 = LINE('',#16880,#16881);
#16880 = CARTESIAN_POINT('',(-6.28318530718,0.));
#16881 = VECTOR('',#16882,1.);
#16882 = DIRECTION('',(-0.,-1.));
#16883 = ( GEOMETRIC_REPRESENTATION_CONTEXT(2) 
PARAMETRIC_REPRESENTATION_CONTEXT() REPRESENTATION_CONTEXT('2D SPACE',''
  ) );
#16884 = PCURVE('',#14247,#16885);
#16885 = DEFINITIONAL_REPRESENTATION('',(#16886),#16890);
#16886 = LINE('',#16887,#16888);
#16887 = CARTESIAN_POINT('',(-0.,0.));
#16888 = VECTOR('',#16889,1.);
#16889 = DIRECTION('',(-0.,-1.));
#16890 = ( GEOMETRIC_REPRESENTATION_CONTEXT(2) 
PARAMETRIC_REPRESENTATION_CONTEXT() REPRESENTATION_CONTEXT('2D SPACE',''
  ) );
#16891 = ORIENTED_EDGE('',*,*,#16892,.T.);
#16892 = EDGE_CURVE('',#16870,#16870,#16893,.T.);
#16893 = SURFACE_CURVE('',#16894,(#16899,#16906),.PCURVE_S1.);
#16894 = CIRCLE('',#16895,2.1);
#16895 = AXIS2_PLACEMENT_3D('',#16896,#16897,#16898);
#16896 = CARTESIAN_POINT('',(70.,-42.,29.5));
#16897 = DIRECTION('',(0.,0.,1.));
#16898 = DIRECTION('',(1.,0.,0.));
#16899 = PCURVE('',#14247,#16900);
#16900 = DEFINITIONAL_REPRESENTATION('',(#16901),#16905);
#16901 = LINE('',#16902,#16903);
#16902 = CARTESIAN_POINT('',(-0.,-7.));
#16903 = VECTOR('',#16904,1.);
#16904 = DIRECTION('',(-1.,0.));
#16905 = ( GEOMETRIC_REPRESENTATION_CONTEXT(2) 
PARAMETRIC_REPRESENTATION_CONTEXT() REPRESENTATION_CONTEXT('2D SPACE',''
  ) );
#16906 = PCURVE('',#16907,#16912);
#16907 = PLANE('',#16908);
#16908 = AXIS2_PLACEMENT_3D('',#16909,#16910,#16911);
#16909 = CARTESIAN_POINT('',(70.,-42.,29.5));
#16910 = DIRECTION('',(0.,0.,1.));
#16911 = DIRECTION('',(1.,0.,-0.));
#16912 = DEFINITIONAL_REPRESENTATION('',(#16913),#16917);
#16913 = CIRCLE('',#16914,2.1);
#16914 = AXIS2_PLACEMENT_2D('',#16915,#16916);
#16915 = CARTESIAN_POINT('',(0.,0.));
#16916 = DIRECTION('',(1.,0.));
#16917 = ( GEOMETRIC_REPRESENTATION_CONTEXT(2) 
PARAMETRIC_REPRESENTATION_CONTEXT() REPRESENTATION_CONTEXT('2D SPACE',''
  ) );
#16918 = ORIENTED_EDGE('',*,*,#16869,.F.);
#16919 = ADVANCED_FACE('',(#16920),#14478,.T.);
#16920 = FACE_BOUND('',#16921,.F.);
#16921 = EDGE_LOOP('',(#16922,#16951,#16972,#16973,#16999,#17000));
#16922 = ORIENTED_EDGE('',*,*,#16923,.F.);
#16923 = EDGE_CURVE('',#16924,#16924,#16926,.T.);
#16924 = VERTEX_POINT('',#16925);
#16925 = CARTESIAN_POINT('',(67.5,-45.,75.));
#16926 = SURFACE_CURVE('',#16927,(#16932,#16939),.PCURVE_S1.);
#16927 = CIRCLE('',#16928,4.5);
#16928 = AXIS2_PLACEMENT_3D('',#16929,#16930,#16931);
#16929 = CARTESIAN_POINT('',(63.,-45.,75.));
#16930 = DIRECTION('',(0.,0.,1.));
#16931 = DIRECTION('',(1.,0.,0.));
#16932 = PCURVE('',#14478,#16933);
#16933 = DEFINITIONAL_REPRESENTATION('',(#16934),#16938);
#16934 = LINE('',#16935,#16936);
#16935 = CARTESIAN_POINT('',(-0.,0.));
#16936 = VECTOR('',#16937,1.);
#16937 = DIRECTION('',(-1.,0.));
#16938 = ( GEOMETRIC_REPRESENTATION_CONTEXT(2) 
PARAMETRIC_REPRESENTATION_CONTEXT() REPRESENTATION_CONTEXT('2D SPACE',''
  ) );
#16939 = PCURVE('',#16940,#16945);
#16940 = PLANE('',#16941);
#16941 = AXIS2_PLACEMENT_3D('',#16942,#16943,#16944);
#16942 = CARTESIAN_POINT('',(63.,-45.,75.));
#16943 = DIRECTION('',(0.,0.,1.));
#16944 = DIRECTION('',(1.,0.,-0.));
#16945 = DEFINITIONAL_REPRESENTATION('',(#16946),#16950);
#16946 = CIRCLE('',#16947,4.5);
#16947 = AXIS2_PLACEMENT_2D('',#16948,#16949);
#16948 = CARTESIAN_POINT('',(-7.105427357601E-15,0.));
#16949 = DIRECTION('',(1.,0.));
#16950 = ( GEOMETRIC_REPRESENTATION_CONTEXT(2) 
PARAMETRIC_REPRESENTATION_CONTEXT() REPRESENTATION_CONTEXT('2D SPACE',''
  ) );
#16951 = ORIENTED_EDGE('',*,*,#16952,.T.);
#16952 = EDGE_CURVE('',#16924,#14458,#16953,.T.);
#16953 = SEAM_CURVE('',#16954,(#16958,#16965),.PCURVE_S1.);
#16954 = LINE('',#16955,#16956);
#16955 = CARTESIAN_POINT('',(67.5,-45.,75.));
#16956 = VECTOR('',#16957,1.);
#16957 = DIRECTION('',(0.,0.,1.));
#16958 = PCURVE('',#14478,#16959);
#16959 = DEFINITIONAL_REPRESENTATION('',(#16960),#16964);
#16960 = LINE('',#16961,#16962);
#16961 = CARTESIAN_POINT('',(-6.28318530718,0.));
#16962 = VECTOR('',#16963,1.);
#16963 = DIRECTION('',(-0.,-1.));
#16964 = ( GEOMETRIC_REPRESENTATION_CONTEXT(2) 
PARAMETRIC_REPRESENTATION_CONTEXT() REPRESENTATION_CONTEXT('2D SPACE',''
  ) );
#16965 = PCURVE('',#14478,#16966);
#16966 = DEFINITIONAL_REPRESENTATION('',(#16967),#16971);
#16967 = LINE('',#16968,#16969);
#16968 = CARTESIAN_POINT('',(-0.,0.));
#16969 = VECTOR('',#16970,1.);
#16970 = DIRECTION('',(-0.,-1.));
#16971 = ( GEOMETRIC_REPRESENTATION_CONTEXT(2) 
PARAMETRIC_REPRESENTATION_CONTEXT() REPRESENTATION_CONTEXT('2D SPACE',''
  ) );
#16972 = ORIENTED_EDGE('',*,*,#14457,.F.);
#16973 = ORIENTED_EDGE('',*,*,#16974,.F.);
#16974 = EDGE_CURVE('',#14491,#14435,#16975,.T.);
#16975 = SURFACE_CURVE('',#16976,(#16981,#16988),.PCURVE_S1.);
#16976 = CIRCLE('',#16977,4.5);
#16977 = AXIS2_PLACEMENT_3D('',#16978,#16979,#16980);
#16978 = CARTESIAN_POINT('',(63.,-45.,79.5));
#16979 = DIRECTION('',(0.,0.,-1.));
#16980 = DIRECTION('',(1.,0.,0.));
#16981 = PCURVE('',#14478,#16982);
#16982 = DEFINITIONAL_REPRESENTATION('',(#16983),#16987);
#16983 = LINE('',#16984,#16985);
#16984 = CARTESIAN_POINT('',(-6.28318530718,-4.5));
#16985 = VECTOR('',#16986,1.);
#16986 = DIRECTION('',(1.,-0.));
#16987 = ( GEOMETRIC_REPRESENTATION_CONTEXT(2) 
PARAMETRIC_REPRESENTATION_CONTEXT() REPRESENTATION_CONTEXT('2D SPACE',''
  ) );
#16988 = PCURVE('',#14560,#16989);
#16989 = DEFINITIONAL_REPRESENTATION('',(#16990),#16998);
#16990 = ( BOUNDED_CURVE() B_SPLINE_CURVE(2,(#16991,#16992,#16993,#16994
    ,#16995,#16996,#16997),.UNSPECIFIED.,.T.,.F.) 
B_SPLINE_CURVE_WITH_KNOTS((1,2,2,2,2,1),(-2.094395102393,0.,
    2.094395102393,4.188790204786,6.28318530718,8.377580409573),
.UNSPECIFIED.) CURVE() GEOMETRIC_REPRESENTATION_ITEM() 
RATIONAL_B_SPLINE_CURVE((1.,0.5,1.,0.5,1.,0.5,1.)) REPRESENTATION_ITEM(
  '') );
#16991 = CARTESIAN_POINT('',(69.,4.5));
#16992 = CARTESIAN_POINT('',(69.,-3.29422863406));
#16993 = CARTESIAN_POINT('',(62.25,0.60288568297));
#16994 = CARTESIAN_POINT('',(55.5,4.5));
#16995 = CARTESIAN_POINT('',(62.25,8.39711431703));
#16996 = CARTESIAN_POINT('',(69.,12.29422863406));
#16997 = CARTESIAN_POINT('',(69.,4.5));
#16998 = ( GEOMETRIC_REPRESENTATION_CONTEXT(2) 
PARAMETRIC_REPRESENTATION_CONTEXT() REPRESENTATION_CONTEXT('2D SPACE',''
  ) );
#16999 = ORIENTED_EDGE('',*,*,#14490,.F.);
#17000 = ORIENTED_EDGE('',*,*,#16952,.F.);
#17001 = ADVANCED_FACE('',(#17002),#14560,.F.);
#17002 = FACE_BOUND('',#17003,.F.);
#17003 = EDGE_LOOP('',(#17004,#17005,#17038,#17064,#17065));
#17004 = ORIENTED_EDGE('',*,*,#14773,.F.);
#17005 = ORIENTED_EDGE('',*,*,#17006,.T.);
#17006 = EDGE_CURVE('',#14774,#17007,#17009,.T.);
#17007 = VERTEX_POINT('',#17008);
#17008 = CARTESIAN_POINT('',(11.5,-45.,79.5));
#17009 = SURFACE_CURVE('',#17010,(#17015,#17026),.PCURVE_S1.);
#17010 = CIRCLE('',#17011,4.5);
#17011 = AXIS2_PLACEMENT_3D('',#17012,#17013,#17014);
#17012 = CARTESIAN_POINT('',(7.,-45.,79.5));
#17013 = DIRECTION('',(0.,0.,-1.));
#17014 = DIRECTION('',(1.,0.,0.));
#17015 = PCURVE('',#14560,#17016);
#17016 = DEFINITIONAL_REPRESENTATION('',(#17017),#17025);
#17017 = ( BOUNDED_CURVE() B_SPLINE_CURVE(2,(#17018,#17019,#17020,#17021
    ,#17022,#17023,#17024),.UNSPECIFIED.,.T.,.F.) 
B_SPLINE_CURVE_WITH_KNOTS((1,2,2,2,2,1),(-2.094395102393,0.,
    2.094395102393,4.188790204786,6.28318530718,8.377580409573),
.UNSPECIFIED.) CURVE() GEOMETRIC_REPRESENTATION_ITEM() 
RATIONAL_B_SPLINE_CURVE((1.,0.5,1.,0.5,1.,0.5,1.)) REPRESENTATION_ITEM(
  '') );
#17018 = CARTESIAN_POINT('',(13.,4.5));
#17019 = CARTESIAN_POINT('',(13.,-3.29422863406));
#17020 = CARTESIAN_POINT('',(6.25,0.60288568297));
#17021 = CARTESIAN_POINT('',(-0.5,4.5));
#17022 = CARTESIAN_POINT('',(6.25,8.39711431703));
#17023 = CARTESIAN_POINT('',(13.,12.29422863406));
#17024 = CARTESIAN_POINT('',(13.,4.5));
#17025 = ( GEOMETRIC_REPRESENTATION_CONTEXT(2) 
PARAMETRIC_REPRESENTATION_CONTEXT() REPRESENTATION_CONTEXT('2D SPACE',''
  ) );
#17026 = PCURVE('',#17027,#17032);
#17027 = CYLINDRICAL_SURFACE('',#17028,4.5);
#17028 = AXIS2_PLACEMENT_3D('',#17029,#17030,#17031);
#17029 = CARTESIAN_POINT('',(7.,-45.,75.));
#17030 = DIRECTION('',(-0.,-0.,-1.));
#17031 = DIRECTION('',(1.,0.,0.));
#17032 = DEFINITIONAL_REPRESENTATION('',(#17033),#17037);
#17033 = LINE('',#17034,#17035);
#17034 = CARTESIAN_POINT('',(-6.28318530718,-4.5));
#17035 = VECTOR('',#17036,1.);
#17036 = DIRECTION('',(1.,-0.));
#17037 = ( GEOMETRIC_REPRESENTATION_CONTEXT(2) 
PARAMETRIC_REPRESENTATION_CONTEXT() REPRESENTATION_CONTEXT('2D SPACE',''
  ) );
#17038 = ORIENTED_EDGE('',*,*,#17039,.T.);
#17039 = EDGE_CURVE('',#17007,#14545,#17040,.T.);
#17040 = SURFACE_CURVE('',#17041,(#17046,#17057),.PCURVE_S1.);
#17041 = CIRCLE('',#17042,4.5);
#17042 = AXIS2_PLACEMENT_3D('',#17043,#17044,#17045);
#17043 = CARTESIAN_POINT('',(7.,-45.,79.5));
#17044 = DIRECTION('',(0.,0.,-1.));
#17045 = DIRECTION('',(1.,0.,0.));
#17046 = PCURVE('',#14560,#17047);
#17047 = DEFINITIONAL_REPRESENTATION('',(#17048),#17056);
#17048 = ( BOUNDED_CURVE() B_SPLINE_CURVE(2,(#17049,#17050,#17051,#17052
    ,#17053,#17054,#17055),.UNSPECIFIED.,.T.,.F.) 
B_SPLINE_CURVE_WITH_KNOTS((1,2,2,2,2,1),(-2.094395102393,0.,
    2.094395102393,4.188790204786,6.28318530718,8.377580409573),
.UNSPECIFIED.) CURVE() GEOMETRIC_REPRESENTATION_ITEM() 
RATIONAL_B_SPLINE_CURVE((1.,0.5,1.,0.5,1.,0.5,1.)) REPRESENTATION_ITEM(
  '') );
#17049 = CARTESIAN_POINT('',(13.,4.5));
#17050 = CARTESIAN_POINT('',(13.,-3.29422863406));
#17051 = CARTESIAN_POINT('',(6.25,0.60288568297));
#17052 = CARTESIAN_POINT('',(-0.5,4.5));
#17053 = CARTESIAN_POINT('',(6.25,8.39711431703));
#17054 = CARTESIAN_POINT('',(13.,12.29422863406));
#17055 = CARTESIAN_POINT('',(13.,4.5));
#17056 = ( GEOMETRIC_REPRESENTATION_CONTEXT(2) 
PARAMETRIC_REPRESENTATION_CONTEXT() REPRESENTATION_CONTEXT('2D SPACE',''
  ) );
#17057 = PCURVE('',#17027,#17058);
#17058 = DEFINITIONAL_REPRESENTATION('',(#17059),#17063);
#17059 = LINE('',#17060,#17061);
#17060 = CARTESIAN_POINT('',(-6.28318530718,-4.5));
#17061 = VECTOR('',#17062,1.);
#17062 = DIRECTION('',(1.,-0.));
#17063 = ( GEOMETRIC_REPRESENTATION_CONTEXT(2) 
PARAMETRIC_REPRESENTATION_CONTEXT() REPRESENTATION_CONTEXT('2D SPACE',''
  ) );
#17064 = ORIENTED_EDGE('',*,*,#14544,.T.);
#17065 = ORIENTED_EDGE('',*,*,#16974,.T.);
#17066 = ADVANCED_FACE('',(#17067),#14588,.F.);
#17067 = FACE_BOUND('',#17068,.F.);
#17068 = EDGE_LOOP('',(#17069,#17070,#17091,#17092));
#17069 = ORIENTED_EDGE('',*,*,#14796,.F.);
#17070 = ORIENTED_EDGE('',*,*,#17071,.F.);
#17071 = EDGE_CURVE('',#14573,#14797,#17072,.T.);
#17072 = SURFACE_CURVE('',#17073,(#17077,#17084),.PCURVE_S1.);
#17073 = LINE('',#17074,#17075);
#17074 = CARTESIAN_POINT('',(-1.5,-49.5,79.5));
#17075 = VECTOR('',#17076,1.);
#17076 = DIRECTION('',(0.,1.,0.));
#17077 = PCURVE('',#14588,#17078);
#17078 = DEFINITIONAL_REPRESENTATION('',(#17079),#17083);
#17079 = LINE('',#17080,#17081);
#17080 = CARTESIAN_POINT('',(0.,0.));
#17081 = VECTOR('',#17082,1.);
#17082 = DIRECTION('',(0.,1.));
#17083 = ( GEOMETRIC_REPRESENTATION_CONTEXT(2) 
PARAMETRIC_REPRESENTATION_CONTEXT() REPRESENTATION_CONTEXT('2D SPACE',''
  ) );
#17084 = PCURVE('',#14616,#17085);
#17085 = DEFINITIONAL_REPRESENTATION('',(#17086),#17090);
#17086 = LINE('',#17087,#17088);
#17087 = CARTESIAN_POINT('',(0.,0.));
#17088 = VECTOR('',#17089,1.);
#17089 = DIRECTION('',(0.,-1.));
#17090 = ( GEOMETRIC_REPRESENTATION_CONTEXT(2) 
PARAMETRIC_REPRESENTATION_CONTEXT() REPRESENTATION_CONTEXT('2D SPACE',''
  ) );
#17091 = ORIENTED_EDGE('',*,*,#14572,.T.);
#17092 = ORIENTED_EDGE('',*,*,#17093,.T.);
#17093 = EDGE_CURVE('',#14545,#14774,#17094,.T.);
#17094 = SURFACE_CURVE('',#17095,(#17100,#17111),.PCURVE_S1.);
#17095 = CIRCLE('',#17096,4.5);
#17096 = AXIS2_PLACEMENT_3D('',#17097,#17098,#17099);
#17097 = CARTESIAN_POINT('',(7.,-45.,79.5));
#17098 = DIRECTION('',(0.,0.,-1.));
#17099 = DIRECTION('',(1.,0.,0.));
#17100 = PCURVE('',#14588,#17101);
#17101 = DEFINITIONAL_REPRESENTATION('',(#17102),#17110);
#17102 = ( BOUNDED_CURVE() B_SPLINE_CURVE(2,(#17103,#17104,#17105,#17106
    ,#17107,#17108,#17109),.UNSPECIFIED.,.T.,.F.) 
B_SPLINE_CURVE_WITH_KNOTS((1,2,2,2,2,1),(-2.094395102393,0.,
    2.094395102393,4.188790204786,6.28318530718,8.377580409573),
.UNSPECIFIED.) CURVE() GEOMETRIC_REPRESENTATION_ITEM() 
RATIONAL_B_SPLINE_CURVE((1.,0.5,1.,0.5,1.,0.5,1.)) REPRESENTATION_ITEM(
  '') );
#17103 = CARTESIAN_POINT('',(13.,4.5));
#17104 = CARTESIAN_POINT('',(13.,-3.29422863406));
#17105 = CARTESIAN_POINT('',(6.25,0.60288568297));
#17106 = CARTESIAN_POINT('',(-0.5,4.5));
#17107 = CARTESIAN_POINT('',(6.25,8.39711431703));
#17108 = CARTESIAN_POINT('',(13.,12.29422863406));
#17109 = CARTESIAN_POINT('',(13.,4.5));
#17110 = ( GEOMETRIC_REPRESENTATION_CONTEXT(2) 
PARAMETRIC_REPRESENTATION_CONTEXT() REPRESENTATION_CONTEXT('2D SPACE',''
  ) );
#17111 = PCURVE('',#17027,#17112);
#17112 = DEFINITIONAL_REPRESENTATION('',(#17113),#17117);
#17113 = LINE('',#17114,#17115);
#17114 = CARTESIAN_POINT('',(-6.28318530718,-4.5));
#17115 = VECTOR('',#17116,1.);
#17116 = DIRECTION('',(1.,-0.));
#17117 = ( GEOMETRIC_REPRESENTATION_CONTEXT(2) 
PARAMETRIC_REPRESENTATION_CONTEXT() REPRESENTATION_CONTEXT('2D SPACE',''
  ) );
#17118 = ADVANCED_FACE('',(#17119),#14616,.F.);
#17119 = FACE_BOUND('',#17120,.F.);
#17120 = EDGE_LOOP('',(#17121,#17122,#17123,#17124));
#17121 = ORIENTED_EDGE('',*,*,#14600,.F.);
#17122 = ORIENTED_EDGE('',*,*,#17071,.T.);
#17123 = ORIENTED_EDGE('',*,*,#14819,.T.);
#17124 = ORIENTED_EDGE('',*,*,#14676,.F.);
#17125 = ADVANCED_FACE('',(#17126),#14722,.F.);
#17126 = FACE_BOUND('',#17127,.T.);
#17127 = EDGE_LOOP('',(#17128,#17157,#17178,#17179));
#17128 = ORIENTED_EDGE('',*,*,#17129,.F.);
#17129 = EDGE_CURVE('',#17130,#17130,#17132,.T.);
#17130 = VERTEX_POINT('',#17131);
#17131 = CARTESIAN_POINT('',(9.1,-45.,77.2));
#17132 = SURFACE_CURVE('',#17133,(#17138,#17145),.PCURVE_S1.);
#17133 = CIRCLE('',#17134,2.1);
#17134 = AXIS2_PLACEMENT_3D('',#17135,#17136,#17137);
#17135 = CARTESIAN_POINT('',(7.,-45.,77.2));
#17136 = DIRECTION('',(0.,0.,1.));
#17137 = DIRECTION('',(1.,0.,0.));
#17138 = PCURVE('',#14722,#17139);
#17139 = DEFINITIONAL_REPRESENTATION('',(#17140),#17144);
#17140 = LINE('',#17141,#17142);
#17141 = CARTESIAN_POINT('',(-0.,0.));
#17142 = VECTOR('',#17143,1.);
#17143 = DIRECTION('',(-1.,0.));
#17144 = ( GEOMETRIC_REPRESENTATION_CONTEXT(2) 
PARAMETRIC_REPRESENTATION_CONTEXT() REPRESENTATION_CONTEXT('2D SPACE',''
  ) );
#17145 = PCURVE('',#17146,#17151);
#17146 = PLANE('',#17147);
#17147 = AXIS2_PLACEMENT_3D('',#17148,#17149,#17150);
#17148 = CARTESIAN_POINT('',(7.,-45.,77.2));
#17149 = DIRECTION('',(0.,0.,1.));
#17150 = DIRECTION('',(1.,0.,-0.));
#17151 = DEFINITIONAL_REPRESENTATION('',(#17152),#17156);
#17152 = CIRCLE('',#17153,2.1);
#17153 = AXIS2_PLACEMENT_2D('',#17154,#17155);
#17154 = CARTESIAN_POINT('',(8.881784197001E-16,0.));
#17155 = DIRECTION('',(1.,0.));
#17156 = ( GEOMETRIC_REPRESENTATION_CONTEXT(2) 
PARAMETRIC_REPRESENTATION_CONTEXT() REPRESENTATION_CONTEXT('2D SPACE',''
  ) );
#17157 = ORIENTED_EDGE('',*,*,#17158,.T.);
#17158 = EDGE_CURVE('',#17130,#14702,#17159,.T.);
#17159 = SEAM_CURVE('',#17160,(#17164,#17171),.PCURVE_S1.);
#17160 = LINE('',#17161,#17162);
#17161 = CARTESIAN_POINT('',(9.1,-45.,77.2));
#17162 = VECTOR('',#17163,1.);
#17163 = DIRECTION('',(0.,0.,1.));
#17164 = PCURVE('',#14722,#17165);
#17165 = DEFINITIONAL_REPRESENTATION('',(#17166),#17170);
#17166 = LINE('',#17167,#17168);
#17167 = CARTESIAN_POINT('',(-6.28318530718,0.));
#17168 = VECTOR('',#17169,1.);
#17169 = DIRECTION('',(-0.,-1.));
#17170 = ( GEOMETRIC_REPRESENTATION_CONTEXT(2) 
PARAMETRIC_REPRESENTATION_CONTEXT() REPRESENTATION_CONTEXT('2D SPACE',''
  ) );
#17171 = PCURVE('',#14722,#17172);
#17172 = DEFINITIONAL_REPRESENTATION('',(#17173),#17177);
#17173 = LINE('',#17174,#17175);
#17174 = CARTESIAN_POINT('',(-0.,0.));
#17175 = VECTOR('',#17176,1.);
#17176 = DIRECTION('',(-0.,-1.));
#17177 = ( GEOMETRIC_REPRESENTATION_CONTEXT(2) 
PARAMETRIC_REPRESENTATION_CONTEXT() REPRESENTATION_CONTEXT('2D SPACE',''
  ) );
#17178 = ORIENTED_EDGE('',*,*,#14701,.F.);
#17179 = ORIENTED_EDGE('',*,*,#17158,.F.);
#17180 = ADVANCED_FACE('',(#17181),#14757,.F.);
#17181 = FACE_BOUND('',#17182,.T.);
#17182 = EDGE_LOOP('',(#17183,#17212,#17233,#17234));
#17183 = ORIENTED_EDGE('',*,*,#17184,.F.);
#17184 = EDGE_CURVE('',#17185,#17185,#17187,.T.);
#17185 = VERTEX_POINT('',#17186);
#17186 = CARTESIAN_POINT('',(65.1,-45.,77.2));
#17187 = SURFACE_CURVE('',#17188,(#17193,#17200),.PCURVE_S1.);
#17188 = CIRCLE('',#17189,2.1);
#17189 = AXIS2_PLACEMENT_3D('',#17190,#17191,#17192);
#17190 = CARTESIAN_POINT('',(63.,-45.,77.2));
#17191 = DIRECTION('',(0.,0.,1.));
#17192 = DIRECTION('',(1.,0.,0.));
#17193 = PCURVE('',#14757,#17194);
#17194 = DEFINITIONAL_REPRESENTATION('',(#17195),#17199);
#17195 = LINE('',#17196,#17197);
#17196 = CARTESIAN_POINT('',(-0.,0.));
#17197 = VECTOR('',#17198,1.);
#17198 = DIRECTION('',(-1.,0.));
#17199 = ( GEOMETRIC_REPRESENTATION_CONTEXT(2) 
PARAMETRIC_REPRESENTATION_CONTEXT() REPRESENTATION_CONTEXT('2D SPACE',''
  ) );
#17200 = PCURVE('',#17201,#17206);
#17201 = PLANE('',#17202);
#17202 = AXIS2_PLACEMENT_3D('',#17203,#17204,#17205);
#17203 = CARTESIAN_POINT('',(63.,-45.,77.2));
#17204 = DIRECTION('',(0.,0.,1.));
#17205 = DIRECTION('',(1.,0.,-0.));
#17206 = DEFINITIONAL_REPRESENTATION('',(#17207),#17211);
#17207 = CIRCLE('',#17208,2.1);
#17208 = AXIS2_PLACEMENT_2D('',#17209,#17210);
#17209 = CARTESIAN_POINT('',(0.,0.));
#17210 = DIRECTION('',(1.,0.));
#17211 = ( GEOMETRIC_REPRESENTATION_CONTEXT(2) 
PARAMETRIC_REPRESENTATION_CONTEXT() REPRESENTATION_CONTEXT('2D SPACE',''
  ) );
#17212 = ORIENTED_EDGE('',*,*,#17213,.T.);
#17213 = EDGE_CURVE('',#17185,#14737,#17214,.T.);
#17214 = SEAM_CURVE('',#17215,(#17219,#17226),.PCURVE_S1.);
#17215 = LINE('',#17216,#17217);
#17216 = CARTESIAN_POINT('',(65.1,-45.,77.2));
#17217 = VECTOR('',#17218,1.);
#17218 = DIRECTION('',(0.,0.,1.));
#17219 = PCURVE('',#14757,#17220);
#17220 = DEFINITIONAL_REPRESENTATION('',(#17221),#17225);
#17221 = LINE('',#17222,#17223);
#17222 = CARTESIAN_POINT('',(-6.28318530718,0.));
#17223 = VECTOR('',#17224,1.);
#17224 = DIRECTION('',(-0.,-1.));
#17225 = ( GEOMETRIC_REPRESENTATION_CONTEXT(2) 
PARAMETRIC_REPRESENTATION_CONTEXT() REPRESENTATION_CONTEXT('2D SPACE',''
  ) );
#17226 = PCURVE('',#14757,#17227);
#17227 = DEFINITIONAL_REPRESENTATION('',(#17228),#17232);
#17228 = LINE('',#17229,#17230);
#17229 = CARTESIAN_POINT('',(-0.,0.));
#17230 = VECTOR('',#17231,1.);
#17231 = DIRECTION('',(-0.,-1.));
#17232 = ( GEOMETRIC_REPRESENTATION_CONTEXT(2) 
PARAMETRIC_REPRESENTATION_CONTEXT() REPRESENTATION_CONTEXT('2D SPACE',''
  ) );
#17233 = ORIENTED_EDGE('',*,*,#14736,.F.);
#17234 = ORIENTED_EDGE('',*,*,#17213,.F.);
#17235 = ADVANCED_FACE('',(#17236),#15131,.F.);
#17236 = FACE_BOUND('',#17237,.F.);
#17237 = EDGE_LOOP('',(#17238));
#17238 = ORIENTED_EDGE('',*,*,#15116,.T.);
#17239 = ADVANCED_FACE('',(#17240),#15190,.F.);
#17240 = FACE_BOUND('',#17241,.F.);
#17241 = EDGE_LOOP('',(#17242));
#17242 = ORIENTED_EDGE('',*,*,#15175,.T.);
#17243 = ADVANCED_FACE('',(#17244),#15297,.T.);
#17244 = FACE_BOUND('',#17245,.T.);
#17245 = EDGE_LOOP('',(#17246,#17247,#17248,#17249));
#17246 = ORIENTED_EDGE('',*,*,#15283,.F.);
#17247 = ORIENTED_EDGE('',*,*,#15337,.T.);
#17248 = ORIENTED_EDGE('',*,*,#15410,.T.);
#17249 = ORIENTED_EDGE('',*,*,#17250,.F.);
#17250 = EDGE_CURVE('',#15256,#15388,#17251,.T.);
#17251 = SURFACE_CURVE('',#17252,(#17256,#17263),.PCURVE_S1.);
#17252 = LINE('',#17253,#17254);
#17253 = CARTESIAN_POINT('',(-9.,-75.3,111.));
#17254 = VECTOR('',#17255,1.);
#17255 = DIRECTION('',(1.,0.,0.));
#17256 = PCURVE('',#15297,#17257);
#17257 = DEFINITIONAL_REPRESENTATION('',(#17258),#17262);
#17258 = LINE('',#17259,#17260);
#17259 = CARTESIAN_POINT('',(0.,5.));
#17260 = VECTOR('',#17261,1.);
#17261 = DIRECTION('',(1.,0.));
#17262 = ( GEOMETRIC_REPRESENTATION_CONTEXT(2) 
PARAMETRIC_REPRESENTATION_CONTEXT() REPRESENTATION_CONTEXT('2D SPACE',''
  ) );
#17263 = PCURVE('',#15271,#17264);
#17264 = DEFINITIONAL_REPRESENTATION('',(#17265),#17269);
#17265 = LINE('',#17266,#17267);
#17266 = CARTESIAN_POINT('',(8.,0.));
#17267 = VECTOR('',#17268,1.);
#17268 = DIRECTION('',(0.,1.));
#17269 = ( GEOMETRIC_REPRESENTATION_CONTEXT(2) 
PARAMETRIC_REPRESENTATION_CONTEXT() REPRESENTATION_CONTEXT('2D SPACE',''
  ) );
#17270 = ADVANCED_FACE('',(#17271),#15271,.T.);
#17271 = FACE_BOUND('',#17272,.T.);
#17272 = EDGE_LOOP('',(#17273,#17274,#17275,#17276));
#17273 = ORIENTED_EDGE('',*,*,#16359,.F.);
#17274 = ORIENTED_EDGE('',*,*,#15255,.T.);
#17275 = ORIENTED_EDGE('',*,*,#17250,.T.);
#17276 = ORIENTED_EDGE('',*,*,#15387,.F.);
#17277 = ADVANCED_FACE('',(#17278),#15593,.F.);
#17278 = FACE_BOUND('',#17279,.F.);
#17279 = EDGE_LOOP('',(#17280,#17281,#17282,#17283));
#17280 = ORIENTED_EDGE('',*,*,#15626,.F.);
#17281 = ORIENTED_EDGE('',*,*,#15578,.T.);
#17282 = ORIENTED_EDGE('',*,*,#15780,.T.);
#17283 = ORIENTED_EDGE('',*,*,#17284,.T.);
#17284 = EDGE_CURVE('',#15781,#15627,#17285,.T.);
#17285 = SURFACE_CURVE('',#17286,(#17290,#17297),.PCURVE_S1.);
#17286 = LINE('',#17287,#17288);
#17287 = CARTESIAN_POINT('',(-75.3,18.,103.));
#17288 = VECTOR('',#17289,1.);
#17289 = DIRECTION('',(0.,1.,0.));
#17290 = PCURVE('',#15593,#17291);
#17291 = DEFINITIONAL_REPRESENTATION('',(#17292),#17296);
#17292 = LINE('',#17293,#17294);
#17293 = CARTESIAN_POINT('',(5.,0.));
#17294 = VECTOR('',#17295,1.);
#17295 = DIRECTION('',(0.,1.));
#17296 = ( GEOMETRIC_REPRESENTATION_CONTEXT(2) 
PARAMETRIC_REPRESENTATION_CONTEXT() REPRESENTATION_CONTEXT('2D SPACE',''
  ) );
#17297 = PCURVE('',#15716,#17298);
#17298 = DEFINITIONAL_REPRESENTATION('',(#17299),#17303);
#17299 = LINE('',#17300,#17301);
#17300 = CARTESIAN_POINT('',(0.,0.));
#17301 = VECTOR('',#17302,1.);
#17302 = DIRECTION('',(0.,-1.));
#17303 = ( GEOMETRIC_REPRESENTATION_CONTEXT(2) 
PARAMETRIC_REPRESENTATION_CONTEXT() REPRESENTATION_CONTEXT('2D SPACE',''
  ) );
#17304 = ADVANCED_FACE('',(#17305),#15716,.T.);
#17305 = FACE_BOUND('',#17306,.T.);
#17306 = EDGE_LOOP('',(#17307,#17308,#17309,#17310));
#17307 = ORIENTED_EDGE('',*,*,#15829,.F.);
#17308 = ORIENTED_EDGE('',*,*,#17284,.T.);
#17309 = ORIENTED_EDGE('',*,*,#15702,.T.);
#17310 = ORIENTED_EDGE('',*,*,#17311,.F.);
#17311 = EDGE_CURVE('',#15807,#15675,#17312,.T.);
#17312 = SURFACE_CURVE('',#17313,(#17317,#17324),.PCURVE_S1.);
#17313 = LINE('',#17314,#17315);
#17314 = CARTESIAN_POINT('',(-75.3,18.,111.));
#17315 = VECTOR('',#17316,1.);
#17316 = DIRECTION('',(0.,1.,0.));
#17317 = PCURVE('',#15716,#17318);
#17318 = DEFINITIONAL_REPRESENTATION('',(#17319),#17323);
#17319 = LINE('',#17320,#17321);
#17320 = CARTESIAN_POINT('',(8.,0.));
#17321 = VECTOR('',#17322,1.);
#17322 = DIRECTION('',(0.,-1.));
#17323 = ( GEOMETRIC_REPRESENTATION_CONTEXT(2) 
PARAMETRIC_REPRESENTATION_CONTEXT() REPRESENTATION_CONTEXT('2D SPACE',''
  ) );
#17324 = PCURVE('',#15690,#17325);
#17325 = DEFINITIONAL_REPRESENTATION('',(#17326),#17330);
#17326 = LINE('',#17327,#17328);
#17327 = CARTESIAN_POINT('',(5.,0.));
#17328 = VECTOR('',#17329,1.);
#17329 = DIRECTION('',(0.,1.));
#17330 = ( GEOMETRIC_REPRESENTATION_CONTEXT(2) 
PARAMETRIC_REPRESENTATION_CONTEXT() REPRESENTATION_CONTEXT('2D SPACE',''
  ) );
#17331 = ADVANCED_FACE('',(#17332),#15690,.T.);
#17332 = FACE_BOUND('',#17333,.T.);
#17333 = EDGE_LOOP('',(#17334,#17335,#17336,#17337));
#17334 = ORIENTED_EDGE('',*,*,#15756,.F.);
#17335 = ORIENTED_EDGE('',*,*,#15806,.T.);
#17336 = ORIENTED_EDGE('',*,*,#17311,.T.);
#17337 = ORIENTED_EDGE('',*,*,#15674,.F.);
#17338 = ADVANCED_FACE('',(#17339),#15925,.T.);
#17339 = FACE_BOUND('',#17340,.T.);
#17340 = EDGE_LOOP('',(#17341));
#17341 = ORIENTED_EDGE('',*,*,#15910,.T.);
#17342 = ADVANCED_FACE('',(#17343),#15980,.T.);
#17343 = FACE_BOUND('',#17344,.T.);
#17344 = EDGE_LOOP('',(#17345));
#17345 = ORIENTED_EDGE('',*,*,#15965,.T.);
#17346 = ADVANCED_FACE('',(#17347),#16035,.T.);
#17347 = FACE_BOUND('',#17348,.T.);
#17348 = EDGE_LOOP('',(#17349));
#17349 = ORIENTED_EDGE('',*,*,#16020,.T.);
#17350 = ADVANCED_FACE('',(#17351),#16072,.F.);
#17351 = FACE_BOUND('',#17352,.F.);
#17352 = EDGE_LOOP('',(#17353,#17376,#17403,#17404));
#17353 = ORIENTED_EDGE('',*,*,#17354,.T.);
#17354 = EDGE_CURVE('',#16056,#17355,#17357,.T.);
#17355 = VERTEX_POINT('',#17356);
#17356 = CARTESIAN_POINT('',(-63.,72.8,28.9));
#17357 = SEAM_CURVE('',#17358,(#17362,#17369),.PCURVE_S1.);
#17358 = LINE('',#17359,#17360);
#17359 = CARTESIAN_POINT('',(-63.,79.8,28.9));
#17360 = VECTOR('',#17361,1.);
#17361 = DIRECTION('',(0.,-1.,0.));
#17362 = PCURVE('',#16072,#17363);
#17363 = DEFINITIONAL_REPRESENTATION('',(#17364),#17368);
#17364 = LINE('',#17365,#17366);
#17365 = CARTESIAN_POINT('',(6.28318530718,-0.));
#17366 = VECTOR('',#17367,1.);
#17367 = DIRECTION('',(0.,1.));
#17368 = ( GEOMETRIC_REPRESENTATION_CONTEXT(2) 
PARAMETRIC_REPRESENTATION_CONTEXT() REPRESENTATION_CONTEXT('2D SPACE',''
  ) );
#17369 = PCURVE('',#16072,#17370);
#17370 = DEFINITIONAL_REPRESENTATION('',(#17371),#17375);
#17371 = LINE('',#17372,#17373);
#17372 = CARTESIAN_POINT('',(0.,-0.));
#17373 = VECTOR('',#17374,1.);
#17374 = DIRECTION('',(0.,1.));
#17375 = ( GEOMETRIC_REPRESENTATION_CONTEXT(2) 
PARAMETRIC_REPRESENTATION_CONTEXT() REPRESENTATION_CONTEXT('2D SPACE',''
  ) );
#17376 = ORIENTED_EDGE('',*,*,#17377,.F.);
#17377 = EDGE_CURVE('',#17355,#17355,#17378,.T.);
#17378 = SURFACE_CURVE('',#17379,(#17384,#17391),.PCURVE_S1.);
#17379 = CIRCLE('',#17380,2.1);
#17380 = AXIS2_PLACEMENT_3D('',#17381,#17382,#17383);
#17381 = CARTESIAN_POINT('',(-63.,72.8,31.));
#17382 = DIRECTION('',(0.,-1.,0.));
#17383 = DIRECTION('',(0.,-0.,-1.));
#17384 = PCURVE('',#16072,#17385);
#17385 = DEFINITIONAL_REPRESENTATION('',(#17386),#17390);
#17386 = LINE('',#17387,#17388);
#17387 = CARTESIAN_POINT('',(0.,7.));
#17388 = VECTOR('',#17389,1.);
#17389 = DIRECTION('',(1.,0.));
#17390 = ( GEOMETRIC_REPRESENTATION_CONTEXT(2) 
PARAMETRIC_REPRESENTATION_CONTEXT() REPRESENTATION_CONTEXT('2D SPACE',''
  ) );
#17391 = PCURVE('',#17392,#17397);
#17392 = PLANE('',#17393);
#17393 = AXIS2_PLACEMENT_3D('',#17394,#17395,#17396);
#17394 = CARTESIAN_POINT('',(-63.,72.8,31.));
#17395 = DIRECTION('',(0.,-1.,0.));
#17396 = DIRECTION('',(0.,-0.,-1.));
#17397 = DEFINITIONAL_REPRESENTATION('',(#17398),#17402);
#17398 = CIRCLE('',#17399,2.1);
#17399 = AXIS2_PLACEMENT_2D('',#17400,#17401);
#17400 = CARTESIAN_POINT('',(0.,0.));
#17401 = DIRECTION('',(1.,0.));
#17402 = ( GEOMETRIC_REPRESENTATION_CONTEXT(2) 
PARAMETRIC_REPRESENTATION_CONTEXT() REPRESENTATION_CONTEXT('2D SPACE',''
  ) );
#17403 = ORIENTED_EDGE('',*,*,#17354,.F.);
#17404 = ORIENTED_EDGE('',*,*,#16055,.T.);
#17405 = ADVANCED_FACE('',(#17406),#16109,.F.);
#17406 = FACE_BOUND('',#17407,.F.);
#17407 = EDGE_LOOP('',(#17408,#17431,#17458,#17459));
#17408 = ORIENTED_EDGE('',*,*,#17409,.T.);
#17409 = EDGE_CURVE('',#16093,#17410,#17412,.T.);
#17410 = VERTEX_POINT('',#17411);
#17411 = CARTESIAN_POINT('',(-63.,72.8,89.9));
#17412 = SEAM_CURVE('',#17413,(#17417,#17424),.PCURVE_S1.);
#17413 = LINE('',#17414,#17415);
#17414 = CARTESIAN_POINT('',(-63.,79.8,89.9));
#17415 = VECTOR('',#17416,1.);
#17416 = DIRECTION('',(0.,-1.,0.));
#17417 = PCURVE('',#16109,#17418);
#17418 = DEFINITIONAL_REPRESENTATION('',(#17419),#17423);
#17419 = LINE('',#17420,#17421);
#17420 = CARTESIAN_POINT('',(6.28318530718,-0.));
#17421 = VECTOR('',#17422,1.);
#17422 = DIRECTION('',(0.,1.));
#17423 = ( GEOMETRIC_REPRESENTATION_CONTEXT(2) 
PARAMETRIC_REPRESENTATION_CONTEXT() REPRESENTATION_CONTEXT('2D SPACE',''
  ) );
#17424 = PCURVE('',#16109,#17425);
#17425 = DEFINITIONAL_REPRESENTATION('',(#17426),#17430);
#17426 = LINE('',#17427,#17428);
#17427 = CARTESIAN_POINT('',(0.,-0.));
#17428 = VECTOR('',#17429,1.);
#17429 = DIRECTION('',(0.,1.));
#17430 = ( GEOMETRIC_REPRESENTATION_CONTEXT(2) 
PARAMETRIC_REPRESENTATION_CONTEXT() REPRESENTATION_CONTEXT('2D SPACE',''
  ) );
#17431 = ORIENTED_EDGE('',*,*,#17432,.F.);
#17432 = EDGE_CURVE('',#17410,#17410,#17433,.T.);
#17433 = SURFACE_CURVE('',#17434,(#17439,#17446),.PCURVE_S1.);
#17434 = CIRCLE('',#17435,2.1);
#17435 = AXIS2_PLACEMENT_3D('',#17436,#17437,#17438);
#17436 = CARTESIAN_POINT('',(-63.,72.8,92.));
#17437 = DIRECTION('',(0.,-1.,0.));
#17438 = DIRECTION('',(0.,-0.,-1.));
#17439 = PCURVE('',#16109,#17440);
#17440 = DEFINITIONAL_REPRESENTATION('',(#17441),#17445);
#17441 = LINE('',#17442,#17443);
#17442 = CARTESIAN_POINT('',(0.,7.));
#17443 = VECTOR('',#17444,1.);
#17444 = DIRECTION('',(1.,0.));
#17445 = ( GEOMETRIC_REPRESENTATION_CONTEXT(2) 
PARAMETRIC_REPRESENTATION_CONTEXT() REPRESENTATION_CONTEXT('2D SPACE',''
  ) );
#17446 = PCURVE('',#17447,#17452);
#17447 = PLANE('',#17448);
#17448 = AXIS2_PLACEMENT_3D('',#17449,#17450,#17451);
#17449 = CARTESIAN_POINT('',(-63.,72.8,92.));
#17450 = DIRECTION('',(0.,-1.,0.));
#17451 = DIRECTION('',(0.,-0.,-1.));
#17452 = DEFINITIONAL_REPRESENTATION('',(#17453),#17457);
#17453 = CIRCLE('',#17454,2.1);
#17454 = AXIS2_PLACEMENT_2D('',#17455,#17456);
#17455 = CARTESIAN_POINT('',(0.,0.));
#17456 = DIRECTION('',(1.,0.));
#17457 = ( GEOMETRIC_REPRESENTATION_CONTEXT(2) 
PARAMETRIC_REPRESENTATION_CONTEXT() REPRESENTATION_CONTEXT('2D SPACE',''
  ) );
#17458 = ORIENTED_EDGE('',*,*,#17409,.F.);
#17459 = ORIENTED_EDGE('',*,*,#16092,.T.);
#17460 = ADVANCED_FACE('',(#17461),#16228,.F.);
#17461 = FACE_BOUND('',#17462,.F.);
#17462 = EDGE_LOOP('',(#17463));
#17463 = ORIENTED_EDGE('',*,*,#16213,.T.);
#17464 = ADVANCED_FACE('',(#17465),#16340,.F.);
#17465 = FACE_BOUND('',#17466,.F.);
#17466 = EDGE_LOOP('',(#17467));
#17467 = ORIENTED_EDGE('',*,*,#16325,.T.);
#17468 = ADVANCED_FACE('',(#17469),#16400,.F.);
#17469 = FACE_BOUND('',#17470,.F.);
#17470 = EDGE_LOOP('',(#17471));
#17471 = ORIENTED_EDGE('',*,*,#16383,.T.);
#17472 = ADVANCED_FACE('',(#17473),#16487,.T.);
#17473 = FACE_BOUND('',#17474,.F.);
#17474 = EDGE_LOOP('',(#17475,#17504,#17525,#17526,#17527,#17528));
#17475 = ORIENTED_EDGE('',*,*,#17476,.F.);
#17476 = EDGE_CURVE('',#17477,#17477,#17479,.T.);
#17477 = VERTEX_POINT('',#17478);
#17478 = CARTESIAN_POINT('',(11.5,55.,75.));
#17479 = SURFACE_CURVE('',#17480,(#17485,#17492),.PCURVE_S1.);
#17480 = CIRCLE('',#17481,4.5);
#17481 = AXIS2_PLACEMENT_3D('',#17482,#17483,#17484);
#17482 = CARTESIAN_POINT('',(7.,55.,75.));
#17483 = DIRECTION('',(0.,0.,1.));
#17484 = DIRECTION('',(1.,0.,0.));
#17485 = PCURVE('',#16487,#17486);
#17486 = DEFINITIONAL_REPRESENTATION('',(#17487),#17491);
#17487 = LINE('',#17488,#17489);
#17488 = CARTESIAN_POINT('',(-0.,0.));
#17489 = VECTOR('',#17490,1.);
#17490 = DIRECTION('',(-1.,0.));
#17491 = ( GEOMETRIC_REPRESENTATION_CONTEXT(2) 
PARAMETRIC_REPRESENTATION_CONTEXT() REPRESENTATION_CONTEXT('2D SPACE',''
  ) );
#17492 = PCURVE('',#17493,#17498);
#17493 = PLANE('',#17494);
#17494 = AXIS2_PLACEMENT_3D('',#17495,#17496,#17497);
#17495 = CARTESIAN_POINT('',(7.,55.,75.));
#17496 = DIRECTION('',(0.,0.,1.));
#17497 = DIRECTION('',(1.,0.,-0.));
#17498 = DEFINITIONAL_REPRESENTATION('',(#17499),#17503);
#17499 = CIRCLE('',#17500,4.5);
#17500 = AXIS2_PLACEMENT_2D('',#17501,#17502);
#17501 = CARTESIAN_POINT('',(0.,0.));
#17502 = DIRECTION('',(1.,0.));
#17503 = ( GEOMETRIC_REPRESENTATION_CONTEXT(2) 
PARAMETRIC_REPRESENTATION_CONTEXT() REPRESENTATION_CONTEXT('2D SPACE',''
  ) );
#17504 = ORIENTED_EDGE('',*,*,#17505,.T.);
#17505 = EDGE_CURVE('',#17477,#16467,#17506,.T.);
#17506 = SEAM_CURVE('',#17507,(#17511,#17518),.PCURVE_S1.);
#17507 = LINE('',#17508,#17509);
#17508 = CARTESIAN_POINT('',(11.5,55.,75.));
#17509 = VECTOR('',#17510,1.);
#17510 = DIRECTION('',(0.,0.,1.));
#17511 = PCURVE('',#16487,#17512);
#17512 = DEFINITIONAL_REPRESENTATION('',(#17513),#17517);
#17513 = LINE('',#17514,#17515);
#17514 = CARTESIAN_POINT('',(-6.28318530718,0.));
#17515 = VECTOR('',#17516,1.);
#17516 = DIRECTION('',(-0.,-1.));
#17517 = ( GEOMETRIC_REPRESENTATION_CONTEXT(2) 
PARAMETRIC_REPRESENTATION_CONTEXT() REPRESENTATION_CONTEXT('2D SPACE',''
  ) );
#17518 = PCURVE('',#16487,#17519);
#17519 = DEFINITIONAL_REPRESENTATION('',(#17520),#17524);
#17520 = LINE('',#17521,#17522);
#17521 = CARTESIAN_POINT('',(-0.,0.));
#17522 = VECTOR('',#17523,1.);
#17523 = DIRECTION('',(-0.,-1.));
#17524 = ( GEOMETRIC_REPRESENTATION_CONTEXT(2) 
PARAMETRIC_REPRESENTATION_CONTEXT() REPRESENTATION_CONTEXT('2D SPACE',''
  ) );
#17525 = ORIENTED_EDGE('',*,*,#16466,.F.);
#17526 = ORIENTED_EDGE('',*,*,#16553,.F.);
#17527 = ORIENTED_EDGE('',*,*,#16499,.F.);
#17528 = ORIENTED_EDGE('',*,*,#17505,.F.);
#17529 = ADVANCED_FACE('',(#17530),#16606,.T.);
#17530 = FACE_BOUND('',#17531,.T.);
#17531 = EDGE_LOOP('',(#17532));
#17532 = ORIENTED_EDGE('',*,*,#16589,.T.);
#17533 = ADVANCED_FACE('',(#17534),#16661,.T.);
#17534 = FACE_BOUND('',#17535,.T.);
#17535 = EDGE_LOOP('',(#17536));
#17536 = ORIENTED_EDGE('',*,*,#16644,.T.);
#17537 = ADVANCED_FACE('',(#17538),#16795,.F.);
#17538 = FACE_BOUND('',#17539,.F.);
#17539 = EDGE_LOOP('',(#17540));
#17540 = ORIENTED_EDGE('',*,*,#16780,.T.);
#17541 = ADVANCED_FACE('',(#17542),#16907,.F.);
#17542 = FACE_BOUND('',#17543,.F.);
#17543 = EDGE_LOOP('',(#17544));
#17544 = ORIENTED_EDGE('',*,*,#16892,.T.);
#17545 = ADVANCED_FACE('',(#17546),#16940,.F.);
#17546 = FACE_BOUND('',#17547,.F.);
#17547 = EDGE_LOOP('',(#17548));
#17548 = ORIENTED_EDGE('',*,*,#16923,.T.);
#17549 = ADVANCED_FACE('',(#17550),#17027,.T.);
#17550 = FACE_BOUND('',#17551,.F.);
#17551 = EDGE_LOOP('',(#17552,#17581,#17602,#17603,#17604,#17605));
#17552 = ORIENTED_EDGE('',*,*,#17553,.F.);
#17553 = EDGE_CURVE('',#17554,#17554,#17556,.T.);
#17554 = VERTEX_POINT('',#17555);
#17555 = CARTESIAN_POINT('',(11.5,-45.,75.));
#17556 = SURFACE_CURVE('',#17557,(#17562,#17569),.PCURVE_S1.);
#17557 = CIRCLE('',#17558,4.5);
#17558 = AXIS2_PLACEMENT_3D('',#17559,#17560,#17561);
#17559 = CARTESIAN_POINT('',(7.,-45.,75.));
#17560 = DIRECTION('',(0.,0.,1.));
#17561 = DIRECTION('',(1.,0.,0.));
#17562 = PCURVE('',#17027,#17563);
#17563 = DEFINITIONAL_REPRESENTATION('',(#17564),#17568);
#17564 = LINE('',#17565,#17566);
#17565 = CARTESIAN_POINT('',(-0.,0.));
#17566 = VECTOR('',#17567,1.);
#17567 = DIRECTION('',(-1.,0.));
#17568 = ( GEOMETRIC_REPRESENTATION_CONTEXT(2) 
PARAMETRIC_REPRESENTATION_CONTEXT() REPRESENTATION_CONTEXT('2D SPACE',''
  ) );
#17569 = PCURVE('',#17570,#17575);
#17570 = PLANE('',#17571);
#17571 = AXIS2_PLACEMENT_3D('',#17572,#17573,#17574);
#17572 = CARTESIAN_POINT('',(7.,-45.,75.));
#17573 = DIRECTION('',(0.,0.,1.));
#17574 = DIRECTION('',(1.,0.,-0.));
#17575 = DEFINITIONAL_REPRESENTATION('',(#17576),#17580);
#17576 = CIRCLE('',#17577,4.5);
#17577 = AXIS2_PLACEMENT_2D('',#17578,#17579);
#17578 = CARTESIAN_POINT('',(0.,0.));
#17579 = DIRECTION('',(1.,0.));
#17580 = ( GEOMETRIC_REPRESENTATION_CONTEXT(2) 
PARAMETRIC_REPRESENTATION_CONTEXT() REPRESENTATION_CONTEXT('2D SPACE',''
  ) );
#17581 = ORIENTED_EDGE('',*,*,#17582,.T.);
#17582 = EDGE_CURVE('',#17554,#17007,#17583,.T.);
#17583 = SEAM_CURVE('',#17584,(#17588,#17595),.PCURVE_S1.);
#17584 = LINE('',#17585,#17586);
#17585 = CARTESIAN_POINT('',(11.5,-45.,75.));
#17586 = VECTOR('',#17587,1.);
#17587 = DIRECTION('',(0.,0.,1.));
#17588 = PCURVE('',#17027,#17589);
#17589 = DEFINITIONAL_REPRESENTATION('',(#17590),#17594);
#17590 = LINE('',#17591,#17592);
#17591 = CARTESIAN_POINT('',(-6.28318530718,0.));
#17592 = VECTOR('',#17593,1.);
#17593 = DIRECTION('',(-0.,-1.));
#17594 = ( GEOMETRIC_REPRESENTATION_CONTEXT(2) 
PARAMETRIC_REPRESENTATION_CONTEXT() REPRESENTATION_CONTEXT('2D SPACE',''
  ) );
#17595 = PCURVE('',#17027,#17596);
#17596 = DEFINITIONAL_REPRESENTATION('',(#17597),#17601);
#17597 = LINE('',#17598,#17599);
#17598 = CARTESIAN_POINT('',(-0.,0.));
#17599 = VECTOR('',#17600,1.);
#17600 = DIRECTION('',(-0.,-1.));
#17601 = ( GEOMETRIC_REPRESENTATION_CONTEXT(2) 
PARAMETRIC_REPRESENTATION_CONTEXT() REPRESENTATION_CONTEXT('2D SPACE',''
  ) );
#17602 = ORIENTED_EDGE('',*,*,#17006,.F.);
#17603 = ORIENTED_EDGE('',*,*,#17093,.F.);
#17604 = ORIENTED_EDGE('',*,*,#17039,.F.);
#17605 = ORIENTED_EDGE('',*,*,#17582,.F.);
#17606 = ADVANCED_FACE('',(#17607),#17146,.T.);
#17607 = FACE_BOUND('',#17608,.T.);
#17608 = EDGE_LOOP('',(#17609));
#17609 = ORIENTED_EDGE('',*,*,#17129,.T.);
#17610 = ADVANCED_FACE('',(#17611),#17201,.T.);
#17611 = FACE_BOUND('',#17612,.T.);
#17612 = EDGE_LOOP('',(#17613));
#17613 = ORIENTED_EDGE('',*,*,#17184,.T.);
#17614 = ADVANCED_FACE('',(#17615),#17392,.F.);
#17615 = FACE_BOUND('',#17616,.F.);
#17616 = EDGE_LOOP('',(#17617));
#17617 = ORIENTED_EDGE('',*,*,#17377,.T.);
#17618 = ADVANCED_FACE('',(#17619),#17447,.F.);
#17619 = FACE_BOUND('',#17620,.F.);
#17620 = EDGE_LOOP('',(#17621));
#17621 = ORIENTED_EDGE('',*,*,#17432,.T.);
#17622 = ADVANCED_FACE('',(#17623),#17493,.F.);
#17623 = FACE_BOUND('',#17624,.F.);
#17624 = EDGE_LOOP('',(#17625));
#17625 = ORIENTED_EDGE('',*,*,#17476,.T.);
#17626 = ADVANCED_FACE('',(#17627),#17570,.F.);
#17627 = FACE_BOUND('',#17628,.F.);
#17628 = EDGE_LOOP('',(#17629));
#17629 = ORIENTED_EDGE('',*,*,#17553,.T.);
#17630 = ( GEOMETRIC_REPRESENTATION_CONTEXT(3) 
GLOBAL_UNCERTAINTY_ASSIGNED_CONTEXT((#17634)) 
GLOBAL_UNIT_ASSIGNED_CONTEXT((#17631,#17632,#17633)) 
REPRESENTATION_CONTEXT('Context #1',
  '3D Context with UNIT and UNCERTAINTY') );
#17631 = ( LENGTH_UNIT() NAMED_UNIT(*) SI_UNIT(.MILLI.,.METRE.) );
#17632 = ( NAMED_UNIT(*) PLANE_ANGLE_UNIT() SI_UNIT($,.RADIAN.) );
#17633 = ( NAMED_UNIT(*) SI_UNIT($,.STERADIAN.) SOLID_ANGLE_UNIT() );
#17634 = UNCERTAINTY_MEASURE_WITH_UNIT(LENGTH_MEASURE(1.E-07),#17631,
  'distance_accuracy_value','confusion accuracy');
#17635 = PRODUCT_RELATED_PRODUCT_CATEGORY('part',$,(#7));
ENDSEC;
END-ISO-10303-21;
