ISO-10303-21;
HEADER;
FILE_DESCRIPTION(('Open CASCADE Model'),'2;1');
FILE_NAME('Open CASCADE Shape Model','2026-09-12T15:22:41',('Author'),(
    'Open CASCADE'),'Open CASCADE STEP processor 7.8','Open CASCADE 7.8'
  ,'Unknown');
FILE_SCHEMA(('AUTOMOTIVE_DESIGN { 1 0 10303 214 1 1 1 1 }'));
ENDSEC;
DATA;
#1 = APPLICATION_PROTOCOL_DEFINITION('international standard',
  'automotive_design',2000,#2);
#2 = APPLICATION_CONTEXT(
  'core data for automotive mechanical design processes');
#3 = SHAPE_DEFINITION_REPRESENTATION(#4,#10);
#4 = PRODUCT_DEFINITION_SHAPE('','',#5);
#5 = PRODUCT_DEFINITION('design','',#6,#9);
#6 = PRODUCT_DEFINITION_FORMATION('','',#7);
#7 = PRODUCT('Open CASCADE STEP translator 7.8 7',
  'Open CASCADE STEP translator 7.8 7','',(#8));
#8 = PRODUCT_CONTEXT('',#2,'mechanical');
#9 = PRODUCT_DEFINITION_CONTEXT('part definition',#2,'design');
#10 = ADVANCED_BREP_SHAPE_REPRESENTATION('',(#11,#15),#3859);
#11 = AXIS2_PLACEMENT_3D('',#12,#13,#14);
#12 = CARTESIAN_POINT('',(0.,0.,0.));
#13 = DIRECTION('',(0.,0.,1.));
#14 = DIRECTION('',(1.,0.,-0.));
#15 = MANIFOLD_SOLID_BREP('',#16);
#16 = CLOSED_SHELL('',(#17,#377,#453,#503,#553,#602,#651,#701,#751,#778,
    #833,#888,#943,#998,#1467,#1497,#1527,#1557,#1587,#1664,#1713,#1763,
    #1810,#2015,#2062,#2257,#2306,#2356,#2405,#2455,#2502,#2702,#2749,
    #2939,#2966,#3114,#3142,#3191,#3479,#3486,#3621,#3648,#3675,#3702,
    #3710,#3737,#3764,#3791,#3798,#3825,#3852));
#17 = ADVANCED_FACE('',(#18,#253,#284,#315,#346),#32,.T.);
#18 = FACE_BOUND('',#19,.T.);
#19 = EDGE_LOOP('',(#20,#55,#84,#112,#141,#169,#198,#226));
#20 = ORIENTED_EDGE('',*,*,#21,.F.);
#21 = EDGE_CURVE('',#22,#24,#26,.T.);
#22 = VERTEX_POINT('',#23);
#23 = CARTESIAN_POINT('',(-65.,68.,129.8));
#24 = VERTEX_POINT('',#25);
#25 = CARTESIAN_POINT('',(-5.,68.,129.8));
#26 = SURFACE_CURVE('',#27,(#31,#43),.PCURVE_S1.);
#27 = LINE('',#28,#29);
#28 = CARTESIAN_POINT('',(-65.,68.,129.8));
#29 = VECTOR('',#30,1.);
#30 = DIRECTION('',(1.,0.,0.));
#31 = PCURVE('',#32,#37);
#32 = PLANE('',#33);
#33 = AXIS2_PLACEMENT_3D('',#34,#35,#36);
#34 = CARTESIAN_POINT('',(-65.,-52.,129.8));
#35 = DIRECTION('',(0.,0.,1.));
#36 = DIRECTION('',(1.,0.,0.));
#37 = DEFINITIONAL_REPRESENTATION('',(#38),#42);
#38 = LINE('',#39,#40);
#39 = CARTESIAN_POINT('',(0.,120.));
#40 = VECTOR('',#41,1.);
#41 = DIRECTION('',(1.,0.));
#42 = ( GEOMETRIC_REPRESENTATION_CONTEXT(2) 
PARAMETRIC_REPRESENTATION_CONTEXT() REPRESENTATION_CONTEXT('2D SPACE',''
  ) );
#43 = PCURVE('',#44,#49);
#44 = PLANE('',#45);
#45 = AXIS2_PLACEMENT_3D('',#46,#47,#48);
#46 = CARTESIAN_POINT('',(-65.,68.,127.));
#47 = DIRECTION('',(0.,1.,0.));
#48 = DIRECTION('',(0.,0.,1.));
#49 = DEFINITIONAL_REPRESENTATION('',(#50),#54);
#50 = LINE('',#51,#52);
#51 = CARTESIAN_POINT('',(2.8,0.));
#52 = VECTOR('',#53,1.);
#53 = DIRECTION('',(0.,1.));
#54 = ( GEOMETRIC_REPRESENTATION_CONTEXT(2) 
PARAMETRIC_REPRESENTATION_CONTEXT() REPRESENTATION_CONTEXT('2D SPACE',''
  ) );
#55 = ORIENTED_EDGE('',*,*,#56,.T.);
#56 = EDGE_CURVE('',#22,#57,#59,.T.);
#57 = VERTEX_POINT('',#58);
#58 = CARTESIAN_POINT('',(-71.,62.,129.8));
#59 = SURFACE_CURVE('',#60,(#65,#72),.PCURVE_S1.);
#60 = CIRCLE('',#61,6.);
#61 = AXIS2_PLACEMENT_3D('',#62,#63,#64);
#62 = CARTESIAN_POINT('',(-65.,62.,129.8));
#63 = DIRECTION('',(0.,0.,1.));
#64 = DIRECTION('',(1.,0.,0.));
#65 = PCURVE('',#32,#66);
#66 = DEFINITIONAL_REPRESENTATION('',(#67),#71);
#67 = CIRCLE('',#68,6.);
#68 = AXIS2_PLACEMENT_2D('',#69,#70);
#69 = CARTESIAN_POINT('',(0.,114.));
#70 = DIRECTION('',(1.,0.));
#71 = ( GEOMETRIC_REPRESENTATION_CONTEXT(2) 
PARAMETRIC_REPRESENTATION_CONTEXT() REPRESENTATION_CONTEXT('2D SPACE',''
  ) );
#72 = PCURVE('',#73,#78);
#73 = CYLINDRICAL_SURFACE('',#74,6.);
#74 = AXIS2_PLACEMENT_3D('',#75,#76,#77);
#75 = CARTESIAN_POINT('',(-65.,62.,127.));
#76 = DIRECTION('',(-0.,-0.,-1.));
#77 = DIRECTION('',(1.,0.,0.));
#78 = DEFINITIONAL_REPRESENTATION('',(#79),#83);
#79 = LINE('',#80,#81);
#80 = CARTESIAN_POINT('',(-0.,-2.8));
#81 = VECTOR('',#82,1.);
#82 = DIRECTION('',(-1.,0.));
#83 = ( GEOMETRIC_REPRESENTATION_CONTEXT(2) 
PARAMETRIC_REPRESENTATION_CONTEXT() REPRESENTATION_CONTEXT('2D SPACE',''
  ) );
#84 = ORIENTED_EDGE('',*,*,#85,.F.);
#85 = EDGE_CURVE('',#86,#57,#88,.T.);
#86 = VERTEX_POINT('',#87);
#87 = CARTESIAN_POINT('',(-71.,-46.,129.8));
#88 = SURFACE_CURVE('',#89,(#93,#100),.PCURVE_S1.);
#89 = LINE('',#90,#91);
#90 = CARTESIAN_POINT('',(-71.,-46.,129.8));
#91 = VECTOR('',#92,1.);
#92 = DIRECTION('',(0.,1.,0.));
#93 = PCURVE('',#32,#94);
#94 = DEFINITIONAL_REPRESENTATION('',(#95),#99);
#95 = LINE('',#96,#97);
#96 = CARTESIAN_POINT('',(-6.,6.));
#97 = VECTOR('',#98,1.);
#98 = DIRECTION('',(0.,1.));
#99 = ( GEOMETRIC_REPRESENTATION_CONTEXT(2) 
PARAMETRIC_REPRESENTATION_CONTEXT() REPRESENTATION_CONTEXT('2D SPACE',''
  ) );
#100 = PCURVE('',#101,#106);
#101 = PLANE('',#102);
#102 = AXIS2_PLACEMENT_3D('',#103,#104,#105);
#103 = CARTESIAN_POINT('',(-71.,-46.,127.));
#104 = DIRECTION('',(1.,0.,0.));
#105 = DIRECTION('',(0.,0.,1.));
#106 = DEFINITIONAL_REPRESENTATION('',(#107),#111);
#107 = LINE('',#108,#109);
#108 = CARTESIAN_POINT('',(2.8,0.));
#109 = VECTOR('',#110,1.);
#110 = DIRECTION('',(0.,-1.));
#111 = ( GEOMETRIC_REPRESENTATION_CONTEXT(2) 
PARAMETRIC_REPRESENTATION_CONTEXT() REPRESENTATION_CONTEXT('2D SPACE',''
  ) );
#112 = ORIENTED_EDGE('',*,*,#113,.T.);
#113 = EDGE_CURVE('',#86,#114,#116,.T.);
#114 = VERTEX_POINT('',#115);
#115 = CARTESIAN_POINT('',(-65.,-52.,129.8));
#116 = SURFACE_CURVE('',#117,(#122,#129),.PCURVE_S1.);
#117 = CIRCLE('',#118,6.);
#118 = AXIS2_PLACEMENT_3D('',#119,#120,#121);
#119 = CARTESIAN_POINT('',(-65.,-46.,129.8));
#120 = DIRECTION('',(0.,0.,1.));
#121 = DIRECTION('',(1.,0.,0.));
#122 = PCURVE('',#32,#123);
#123 = DEFINITIONAL_REPRESENTATION('',(#124),#128);
#124 = CIRCLE('',#125,6.);
#125 = AXIS2_PLACEMENT_2D('',#126,#127);
#126 = CARTESIAN_POINT('',(0.,6.));
#127 = DIRECTION('',(1.,0.));
#128 = ( GEOMETRIC_REPRESENTATION_CONTEXT(2) 
PARAMETRIC_REPRESENTATION_CONTEXT() REPRESENTATION_CONTEXT('2D SPACE',''
  ) );
#129 = PCURVE('',#130,#135);
#130 = CYLINDRICAL_SURFACE('',#131,6.);
#131 = AXIS2_PLACEMENT_3D('',#132,#133,#134);
#132 = CARTESIAN_POINT('',(-65.,-46.,127.));
#133 = DIRECTION('',(-0.,-0.,-1.));
#134 = DIRECTION('',(1.,0.,0.));
#135 = DEFINITIONAL_REPRESENTATION('',(#136),#140);
#136 = LINE('',#137,#138);
#137 = CARTESIAN_POINT('',(-0.,-2.8));
#138 = VECTOR('',#139,1.);
#139 = DIRECTION('',(-1.,0.));
#140 = ( GEOMETRIC_REPRESENTATION_CONTEXT(2) 
PARAMETRIC_REPRESENTATION_CONTEXT() REPRESENTATION_CONTEXT('2D SPACE',''
  ) );
#141 = ORIENTED_EDGE('',*,*,#142,.T.);
#142 = EDGE_CURVE('',#114,#143,#145,.T.);
#143 = VERTEX_POINT('',#144);
#144 = CARTESIAN_POINT('',(-5.,-52.,129.8));
#145 = SURFACE_CURVE('',#146,(#150,#157),.PCURVE_S1.);
#146 = LINE('',#147,#148);
#147 = CARTESIAN_POINT('',(-65.,-52.,129.8));
#148 = VECTOR('',#149,1.);
#149 = DIRECTION('',(1.,0.,0.));
#150 = PCURVE('',#32,#151);
#151 = DEFINITIONAL_REPRESENTATION('',(#152),#156);
#152 = LINE('',#153,#154);
#153 = CARTESIAN_POINT('',(0.,0.));
#154 = VECTOR('',#155,1.);
#155 = DIRECTION('',(1.,0.));
#156 = ( GEOMETRIC_REPRESENTATION_CONTEXT(2) 
PARAMETRIC_REPRESENTATION_CONTEXT() REPRESENTATION_CONTEXT('2D SPACE',''
  ) );
#157 = PCURVE('',#158,#163);
#158 = PLANE('',#159);
#159 = AXIS2_PLACEMENT_3D('',#160,#161,#162);
#160 = CARTESIAN_POINT('',(-65.,-52.,127.));
#161 = DIRECTION('',(0.,1.,0.));
#162 = DIRECTION('',(0.,0.,1.));
#163 = DEFINITIONAL_REPRESENTATION('',(#164),#168);
#164 = LINE('',#165,#166);
#165 = CARTESIAN_POINT('',(2.8,0.));
#166 = VECTOR('',#167,1.);
#167 = DIRECTION('',(0.,1.));
#168 = ( GEOMETRIC_REPRESENTATION_CONTEXT(2) 
PARAMETRIC_REPRESENTATION_CONTEXT() REPRESENTATION_CONTEXT('2D SPACE',''
  ) );
#169 = ORIENTED_EDGE('',*,*,#170,.T.);
#170 = EDGE_CURVE('',#143,#171,#173,.T.);
#171 = VERTEX_POINT('',#172);
#172 = CARTESIAN_POINT('',(1.,-46.,129.8));
#173 = SURFACE_CURVE('',#174,(#179,#186),.PCURVE_S1.);
#174 = CIRCLE('',#175,6.);
#175 = AXIS2_PLACEMENT_3D('',#176,#177,#178);
#176 = CARTESIAN_POINT('',(-5.,-46.,129.8));
#177 = DIRECTION('',(0.,0.,1.));
#178 = DIRECTION('',(1.,0.,0.));
#179 = PCURVE('',#32,#180);
#180 = DEFINITIONAL_REPRESENTATION('',(#181),#185);
#181 = CIRCLE('',#182,6.);
#182 = AXIS2_PLACEMENT_2D('',#183,#184);
#183 = CARTESIAN_POINT('',(60.,6.));
#184 = DIRECTION('',(1.,0.));
#185 = ( GEOMETRIC_REPRESENTATION_CONTEXT(2) 
PARAMETRIC_REPRESENTATION_CONTEXT() REPRESENTATION_CONTEXT('2D SPACE',''
  ) );
#186 = PCURVE('',#187,#192);
#187 = CYLINDRICAL_SURFACE('',#188,6.);
#188 = AXIS2_PLACEMENT_3D('',#189,#190,#191);
#189 = CARTESIAN_POINT('',(-5.,-46.,127.));
#190 = DIRECTION('',(-0.,-0.,-1.));
#191 = DIRECTION('',(1.,0.,0.));
#192 = DEFINITIONAL_REPRESENTATION('',(#193),#197);
#193 = LINE('',#194,#195);
#194 = CARTESIAN_POINT('',(-0.,-2.8));
#195 = VECTOR('',#196,1.);
#196 = DIRECTION('',(-1.,0.));
#197 = ( GEOMETRIC_REPRESENTATION_CONTEXT(2) 
PARAMETRIC_REPRESENTATION_CONTEXT() REPRESENTATION_CONTEXT('2D SPACE',''
  ) );
#198 = ORIENTED_EDGE('',*,*,#199,.T.);
#199 = EDGE_CURVE('',#171,#200,#202,.T.);
#200 = VERTEX_POINT('',#201);
#201 = CARTESIAN_POINT('',(1.,62.,129.8));
#202 = SURFACE_CURVE('',#203,(#207,#214),.PCURVE_S1.);
#203 = LINE('',#204,#205);
#204 = CARTESIAN_POINT('',(1.,-46.,129.8));
#205 = VECTOR('',#206,1.);
#206 = DIRECTION('',(0.,1.,0.));
#207 = PCURVE('',#32,#208);
#208 = DEFINITIONAL_REPRESENTATION('',(#209),#213);
#209 = LINE('',#210,#211);
#210 = CARTESIAN_POINT('',(66.,6.));
#211 = VECTOR('',#212,1.);
#212 = DIRECTION('',(0.,1.));
#213 = ( GEOMETRIC_REPRESENTATION_CONTEXT(2) 
PARAMETRIC_REPRESENTATION_CONTEXT() REPRESENTATION_CONTEXT('2D SPACE',''
  ) );
#214 = PCURVE('',#215,#220);
#215 = PLANE('',#216);
#216 = AXIS2_PLACEMENT_3D('',#217,#218,#219);
#217 = CARTESIAN_POINT('',(1.,-46.,127.));
#218 = DIRECTION('',(1.,0.,0.));
#219 = DIRECTION('',(0.,0.,1.));
#220 = DEFINITIONAL_REPRESENTATION('',(#221),#225);
#221 = LINE('',#222,#223);
#222 = CARTESIAN_POINT('',(2.8,0.));
#223 = VECTOR('',#224,1.);
#224 = DIRECTION('',(0.,-1.));
#225 = ( GEOMETRIC_REPRESENTATION_CONTEXT(2) 
PARAMETRIC_REPRESENTATION_CONTEXT() REPRESENTATION_CONTEXT('2D SPACE',''
  ) );
#226 = ORIENTED_EDGE('',*,*,#227,.T.);
#227 = EDGE_CURVE('',#200,#24,#228,.T.);
#228 = SURFACE_CURVE('',#229,(#234,#241),.PCURVE_S1.);
#229 = CIRCLE('',#230,6.);
#230 = AXIS2_PLACEMENT_3D('',#231,#232,#233);
#231 = CARTESIAN_POINT('',(-5.,62.,129.8));
#232 = DIRECTION('',(0.,0.,1.));
#233 = DIRECTION('',(1.,0.,0.));
#234 = PCURVE('',#32,#235);
#235 = DEFINITIONAL_REPRESENTATION('',(#236),#240);
#236 = CIRCLE('',#237,6.);
#237 = AXIS2_PLACEMENT_2D('',#238,#239);
#238 = CARTESIAN_POINT('',(60.,114.));
#239 = DIRECTION('',(1.,0.));
#240 = ( GEOMETRIC_REPRESENTATION_CONTEXT(2) 
PARAMETRIC_REPRESENTATION_CONTEXT() REPRESENTATION_CONTEXT('2D SPACE',''
  ) );
#241 = PCURVE('',#242,#247);
#242 = CYLINDRICAL_SURFACE('',#243,6.);
#243 = AXIS2_PLACEMENT_3D('',#244,#245,#246);
#244 = CARTESIAN_POINT('',(-5.,62.,127.));
#245 = DIRECTION('',(-0.,-0.,-1.));
#246 = DIRECTION('',(1.,0.,0.));
#247 = DEFINITIONAL_REPRESENTATION('',(#248),#252);
#248 = LINE('',#249,#250);
#249 = CARTESIAN_POINT('',(-0.,-2.8));
#250 = VECTOR('',#251,1.);
#251 = DIRECTION('',(-1.,0.));
#252 = ( GEOMETRIC_REPRESENTATION_CONTEXT(2) 
PARAMETRIC_REPRESENTATION_CONTEXT() REPRESENTATION_CONTEXT('2D SPACE',''
  ) );
#253 = FACE_BOUND('',#254,.T.);
#254 = EDGE_LOOP('',(#255));
#255 = ORIENTED_EDGE('',*,*,#256,.F.);
#256 = EDGE_CURVE('',#257,#257,#259,.T.);
#257 = VERTEX_POINT('',#258);
#258 = CARTESIAN_POINT('',(-54.3,-47.,129.8));
#259 = SURFACE_CURVE('',#260,(#265,#272),.PCURVE_S1.);
#260 = CIRCLE('',#261,1.7);
#261 = AXIS2_PLACEMENT_3D('',#262,#263,#264);
#262 = CARTESIAN_POINT('',(-56.,-47.,129.8));
#263 = DIRECTION('',(0.,0.,1.));
#264 = DIRECTION('',(1.,0.,-0.));
#265 = PCURVE('',#32,#266);
#266 = DEFINITIONAL_REPRESENTATION('',(#267),#271);
#267 = CIRCLE('',#268,1.7);
#268 = AXIS2_PLACEMENT_2D('',#269,#270);
#269 = CARTESIAN_POINT('',(9.,5.));
#270 = DIRECTION('',(1.,0.));
#271 = ( GEOMETRIC_REPRESENTATION_CONTEXT(2) 
PARAMETRIC_REPRESENTATION_CONTEXT() REPRESENTATION_CONTEXT('2D SPACE',''
  ) );
#272 = PCURVE('',#273,#278);
#273 = CYLINDRICAL_SURFACE('',#274,1.7);
#274 = AXIS2_PLACEMENT_3D('',#275,#276,#277);
#275 = CARTESIAN_POINT('',(-56.,-47.,125.));
#276 = DIRECTION('',(0.,0.,1.));
#277 = DIRECTION('',(1.,0.,-0.));
#278 = DEFINITIONAL_REPRESENTATION('',(#279),#283);
#279 = LINE('',#280,#281);
#280 = CARTESIAN_POINT('',(0.,4.8));
#281 = VECTOR('',#282,1.);
#282 = DIRECTION('',(1.,0.));
#283 = ( GEOMETRIC_REPRESENTATION_CONTEXT(2) 
PARAMETRIC_REPRESENTATION_CONTEXT() REPRESENTATION_CONTEXT('2D SPACE',''
  ) );
#284 = FACE_BOUND('',#285,.T.);
#285 = EDGE_LOOP('',(#286));
#286 = ORIENTED_EDGE('',*,*,#287,.F.);
#287 = EDGE_CURVE('',#288,#288,#290,.T.);
#288 = VERTEX_POINT('',#289);
#289 = CARTESIAN_POINT('',(-12.3,-47.,129.8));
#290 = SURFACE_CURVE('',#291,(#296,#303),.PCURVE_S1.);
#291 = CIRCLE('',#292,1.7);
#292 = AXIS2_PLACEMENT_3D('',#293,#294,#295);
#293 = CARTESIAN_POINT('',(-14.,-47.,129.8));
#294 = DIRECTION('',(0.,0.,1.));
#295 = DIRECTION('',(1.,0.,-0.));
#296 = PCURVE('',#32,#297);
#297 = DEFINITIONAL_REPRESENTATION('',(#298),#302);
#298 = CIRCLE('',#299,1.7);
#299 = AXIS2_PLACEMENT_2D('',#300,#301);
#300 = CARTESIAN_POINT('',(51.,5.));
#301 = DIRECTION('',(1.,0.));
#302 = ( GEOMETRIC_REPRESENTATION_CONTEXT(2) 
PARAMETRIC_REPRESENTATION_CONTEXT() REPRESENTATION_CONTEXT('2D SPACE',''
  ) );
#303 = PCURVE('',#304,#309);
#304 = CYLINDRICAL_SURFACE('',#305,1.7);
#305 = AXIS2_PLACEMENT_3D('',#306,#307,#308);
#306 = CARTESIAN_POINT('',(-14.,-47.,125.));
#307 = DIRECTION('',(0.,0.,1.));
#308 = DIRECTION('',(1.,0.,-0.));
#309 = DEFINITIONAL_REPRESENTATION('',(#310),#314);
#310 = LINE('',#311,#312);
#311 = CARTESIAN_POINT('',(0.,4.8));
#312 = VECTOR('',#313,1.);
#313 = DIRECTION('',(1.,0.));
#314 = ( GEOMETRIC_REPRESENTATION_CONTEXT(2) 
PARAMETRIC_REPRESENTATION_CONTEXT() REPRESENTATION_CONTEXT('2D SPACE',''
  ) );
#315 = FACE_BOUND('',#316,.T.);
#316 = EDGE_LOOP('',(#317));
#317 = ORIENTED_EDGE('',*,*,#318,.F.);
#318 = EDGE_CURVE('',#319,#319,#321,.T.);
#319 = VERTEX_POINT('',#320);
#320 = CARTESIAN_POINT('',(-54.3,63.,129.8));
#321 = SURFACE_CURVE('',#322,(#327,#334),.PCURVE_S1.);
#322 = CIRCLE('',#323,1.7);
#323 = AXIS2_PLACEMENT_3D('',#324,#325,#326);
#324 = CARTESIAN_POINT('',(-56.,63.,129.8));
#325 = DIRECTION('',(0.,0.,1.));
#326 = DIRECTION('',(1.,0.,-0.));
#327 = PCURVE('',#32,#328);
#328 = DEFINITIONAL_REPRESENTATION('',(#329),#333);
#329 = CIRCLE('',#330,1.7);
#330 = AXIS2_PLACEMENT_2D('',#331,#332);
#331 = CARTESIAN_POINT('',(9.,115.));
#332 = DIRECTION('',(1.,0.));
#333 = ( GEOMETRIC_REPRESENTATION_CONTEXT(2) 
PARAMETRIC_REPRESENTATION_CONTEXT() REPRESENTATION_CONTEXT('2D SPACE',''
  ) );
#334 = PCURVE('',#335,#340);
#335 = CYLINDRICAL_SURFACE('',#336,1.7);
#336 = AXIS2_PLACEMENT_3D('',#337,#338,#339);
#337 = CARTESIAN_POINT('',(-56.,63.,125.));
#338 = DIRECTION('',(0.,0.,1.));
#339 = DIRECTION('',(1.,0.,-0.));
#340 = DEFINITIONAL_REPRESENTATION('',(#341),#345);
#341 = LINE('',#342,#343);
#342 = CARTESIAN_POINT('',(0.,4.8));
#343 = VECTOR('',#344,1.);
#344 = DIRECTION('',(1.,0.));
#345 = ( GEOMETRIC_REPRESENTATION_CONTEXT(2) 
PARAMETRIC_REPRESENTATION_CONTEXT() REPRESENTATION_CONTEXT('2D SPACE',''
  ) );
#346 = FACE_BOUND('',#347,.T.);
#347 = EDGE_LOOP('',(#348));
#348 = ORIENTED_EDGE('',*,*,#349,.F.);
#349 = EDGE_CURVE('',#350,#350,#352,.T.);
#350 = VERTEX_POINT('',#351);
#351 = CARTESIAN_POINT('',(-12.3,63.,129.8));
#352 = SURFACE_CURVE('',#353,(#358,#365),.PCURVE_S1.);
#353 = CIRCLE('',#354,1.7);
#354 = AXIS2_PLACEMENT_3D('',#355,#356,#357);
#355 = CARTESIAN_POINT('',(-14.,63.,129.8));
#356 = DIRECTION('',(0.,0.,1.));
#357 = DIRECTION('',(1.,0.,-0.));
#358 = PCURVE('',#32,#359);
#359 = DEFINITIONAL_REPRESENTATION('',(#360),#364);
#360 = CIRCLE('',#361,1.7);
#361 = AXIS2_PLACEMENT_2D('',#362,#363);
#362 = CARTESIAN_POINT('',(51.,115.));
#363 = DIRECTION('',(1.,0.));
#364 = ( GEOMETRIC_REPRESENTATION_CONTEXT(2) 
PARAMETRIC_REPRESENTATION_CONTEXT() REPRESENTATION_CONTEXT('2D SPACE',''
  ) );
#365 = PCURVE('',#366,#371);
#366 = CYLINDRICAL_SURFACE('',#367,1.7);
#367 = AXIS2_PLACEMENT_3D('',#368,#369,#370);
#368 = CARTESIAN_POINT('',(-14.,63.,125.));
#369 = DIRECTION('',(0.,0.,1.));
#370 = DIRECTION('',(1.,0.,-0.));
#371 = DEFINITIONAL_REPRESENTATION('',(#372),#376);
#372 = LINE('',#373,#374);
#373 = CARTESIAN_POINT('',(0.,4.8));
#374 = VECTOR('',#375,1.);
#375 = DIRECTION('',(1.,0.));
#376 = ( GEOMETRIC_REPRESENTATION_CONTEXT(2) 
PARAMETRIC_REPRESENTATION_CONTEXT() REPRESENTATION_CONTEXT('2D SPACE',''
  ) );
#377 = ADVANCED_FACE('',(#378),#44,.T.);
#378 = FACE_BOUND('',#379,.T.);
#379 = EDGE_LOOP('',(#380,#410,#431,#432));
#380 = ORIENTED_EDGE('',*,*,#381,.F.);
#381 = EDGE_CURVE('',#382,#384,#386,.T.);
#382 = VERTEX_POINT('',#383);
#383 = CARTESIAN_POINT('',(-65.,68.,127.));
#384 = VERTEX_POINT('',#385);
#385 = CARTESIAN_POINT('',(-5.,68.,127.));
#386 = SURFACE_CURVE('',#387,(#391,#398),.PCURVE_S1.);
#387 = LINE('',#388,#389);
#388 = CARTESIAN_POINT('',(-65.,68.,127.));
#389 = VECTOR('',#390,1.);
#390 = DIRECTION('',(1.,0.,0.));
#391 = PCURVE('',#44,#392);
#392 = DEFINITIONAL_REPRESENTATION('',(#393),#397);
#393 = LINE('',#394,#395);
#394 = CARTESIAN_POINT('',(0.,0.));
#395 = VECTOR('',#396,1.);
#396 = DIRECTION('',(0.,1.));
#397 = ( GEOMETRIC_REPRESENTATION_CONTEXT(2) 
PARAMETRIC_REPRESENTATION_CONTEXT() REPRESENTATION_CONTEXT('2D SPACE',''
  ) );
#398 = PCURVE('',#399,#404);
#399 = PLANE('',#400);
#400 = AXIS2_PLACEMENT_3D('',#401,#402,#403);
#401 = CARTESIAN_POINT('',(-65.,-46.,127.));
#402 = DIRECTION('',(0.,0.,1.));
#403 = DIRECTION('',(1.,0.,-0.));
#404 = DEFINITIONAL_REPRESENTATION('',(#405),#409);
#405 = LINE('',#406,#407);
#406 = CARTESIAN_POINT('',(0.,114.));
#407 = VECTOR('',#408,1.);
#408 = DIRECTION('',(1.,0.));
#409 = ( GEOMETRIC_REPRESENTATION_CONTEXT(2) 
PARAMETRIC_REPRESENTATION_CONTEXT() REPRESENTATION_CONTEXT('2D SPACE',''
  ) );
#410 = ORIENTED_EDGE('',*,*,#411,.T.);
#411 = EDGE_CURVE('',#382,#22,#412,.T.);
#412 = SURFACE_CURVE('',#413,(#417,#424),.PCURVE_S1.);
#413 = LINE('',#414,#415);
#414 = CARTESIAN_POINT('',(-65.,68.,127.));
#415 = VECTOR('',#416,1.);
#416 = DIRECTION('',(0.,0.,1.));
#417 = PCURVE('',#44,#418);
#418 = DEFINITIONAL_REPRESENTATION('',(#419),#423);
#419 = LINE('',#420,#421);
#420 = CARTESIAN_POINT('',(0.,0.));
#421 = VECTOR('',#422,1.);
#422 = DIRECTION('',(1.,0.));
#423 = ( GEOMETRIC_REPRESENTATION_CONTEXT(2) 
PARAMETRIC_REPRESENTATION_CONTEXT() REPRESENTATION_CONTEXT('2D SPACE',''
  ) );
#424 = PCURVE('',#73,#425);
#425 = DEFINITIONAL_REPRESENTATION('',(#426),#430);
#426 = LINE('',#427,#428);
#427 = CARTESIAN_POINT('',(-1.570796326795,0.));
#428 = VECTOR('',#429,1.);
#429 = DIRECTION('',(-0.,-1.));
#430 = ( GEOMETRIC_REPRESENTATION_CONTEXT(2) 
PARAMETRIC_REPRESENTATION_CONTEXT() REPRESENTATION_CONTEXT('2D SPACE',''
  ) );
#431 = ORIENTED_EDGE('',*,*,#21,.T.);
#432 = ORIENTED_EDGE('',*,*,#433,.F.);
#433 = EDGE_CURVE('',#384,#24,#434,.T.);
#434 = SURFACE_CURVE('',#435,(#439,#446),.PCURVE_S1.);
#435 = LINE('',#436,#437);
#436 = CARTESIAN_POINT('',(-5.,68.,127.));
#437 = VECTOR('',#438,1.);
#438 = DIRECTION('',(0.,0.,1.));
#439 = PCURVE('',#44,#440);
#440 = DEFINITIONAL_REPRESENTATION('',(#441),#445);
#441 = LINE('',#442,#443);
#442 = CARTESIAN_POINT('',(0.,60.));
#443 = VECTOR('',#444,1.);
#444 = DIRECTION('',(1.,0.));
#445 = ( GEOMETRIC_REPRESENTATION_CONTEXT(2) 
PARAMETRIC_REPRESENTATION_CONTEXT() REPRESENTATION_CONTEXT('2D SPACE',''
  ) );
#446 = PCURVE('',#242,#447);
#447 = DEFINITIONAL_REPRESENTATION('',(#448),#452);
#448 = LINE('',#449,#450);
#449 = CARTESIAN_POINT('',(-1.570796326795,0.));
#450 = VECTOR('',#451,1.);
#451 = DIRECTION('',(-0.,-1.));
#452 = ( GEOMETRIC_REPRESENTATION_CONTEXT(2) 
PARAMETRIC_REPRESENTATION_CONTEXT() REPRESENTATION_CONTEXT('2D SPACE',''
  ) );
#453 = ADVANCED_FACE('',(#454),#242,.T.);
#454 = FACE_BOUND('',#455,.F.);
#455 = EDGE_LOOP('',(#456,#480,#501,#502));
#456 = ORIENTED_EDGE('',*,*,#457,.F.);
#457 = EDGE_CURVE('',#458,#384,#460,.T.);
#458 = VERTEX_POINT('',#459);
#459 = CARTESIAN_POINT('',(1.,62.,127.));
#460 = SURFACE_CURVE('',#461,(#466,#473),.PCURVE_S1.);
#461 = CIRCLE('',#462,6.);
#462 = AXIS2_PLACEMENT_3D('',#463,#464,#465);
#463 = CARTESIAN_POINT('',(-5.,62.,127.));
#464 = DIRECTION('',(0.,0.,1.));
#465 = DIRECTION('',(1.,0.,0.));
#466 = PCURVE('',#242,#467);
#467 = DEFINITIONAL_REPRESENTATION('',(#468),#472);
#468 = LINE('',#469,#470);
#469 = CARTESIAN_POINT('',(-0.,0.));
#470 = VECTOR('',#471,1.);
#471 = DIRECTION('',(-1.,0.));
#472 = ( GEOMETRIC_REPRESENTATION_CONTEXT(2) 
PARAMETRIC_REPRESENTATION_CONTEXT() REPRESENTATION_CONTEXT('2D SPACE',''
  ) );
#473 = PCURVE('',#399,#474);
#474 = DEFINITIONAL_REPRESENTATION('',(#475),#479);
#475 = CIRCLE('',#476,6.);
#476 = AXIS2_PLACEMENT_2D('',#477,#478);
#477 = CARTESIAN_POINT('',(60.,108.));
#478 = DIRECTION('',(1.,0.));
#479 = ( GEOMETRIC_REPRESENTATION_CONTEXT(2) 
PARAMETRIC_REPRESENTATION_CONTEXT() REPRESENTATION_CONTEXT('2D SPACE',''
  ) );
#480 = ORIENTED_EDGE('',*,*,#481,.T.);
#481 = EDGE_CURVE('',#458,#200,#482,.T.);
#482 = SURFACE_CURVE('',#483,(#487,#494),.PCURVE_S1.);
#483 = LINE('',#484,#485);
#484 = CARTESIAN_POINT('',(1.,62.,127.));
#485 = VECTOR('',#486,1.);
#486 = DIRECTION('',(0.,0.,1.));
#487 = PCURVE('',#242,#488);
#488 = DEFINITIONAL_REPRESENTATION('',(#489),#493);
#489 = LINE('',#490,#491);
#490 = CARTESIAN_POINT('',(-0.,0.));
#491 = VECTOR('',#492,1.);
#492 = DIRECTION('',(-0.,-1.));
#493 = ( GEOMETRIC_REPRESENTATION_CONTEXT(2) 
PARAMETRIC_REPRESENTATION_CONTEXT() REPRESENTATION_CONTEXT('2D SPACE',''
  ) );
#494 = PCURVE('',#215,#495);
#495 = DEFINITIONAL_REPRESENTATION('',(#496),#500);
#496 = LINE('',#497,#498);
#497 = CARTESIAN_POINT('',(0.,-108.));
#498 = VECTOR('',#499,1.);
#499 = DIRECTION('',(1.,0.));
#500 = ( GEOMETRIC_REPRESENTATION_CONTEXT(2) 
PARAMETRIC_REPRESENTATION_CONTEXT() REPRESENTATION_CONTEXT('2D SPACE',''
  ) );
#501 = ORIENTED_EDGE('',*,*,#227,.T.);
#502 = ORIENTED_EDGE('',*,*,#433,.F.);
#503 = ADVANCED_FACE('',(#504),#73,.T.);
#504 = FACE_BOUND('',#505,.F.);
#505 = EDGE_LOOP('',(#506,#530,#531,#532));
#506 = ORIENTED_EDGE('',*,*,#507,.F.);
#507 = EDGE_CURVE('',#382,#508,#510,.T.);
#508 = VERTEX_POINT('',#509);
#509 = CARTESIAN_POINT('',(-71.,62.,127.));
#510 = SURFACE_CURVE('',#511,(#516,#523),.PCURVE_S1.);
#511 = CIRCLE('',#512,6.);
#512 = AXIS2_PLACEMENT_3D('',#513,#514,#515);
#513 = CARTESIAN_POINT('',(-65.,62.,127.));
#514 = DIRECTION('',(0.,0.,1.));
#515 = DIRECTION('',(1.,0.,0.));
#516 = PCURVE('',#73,#517);
#517 = DEFINITIONAL_REPRESENTATION('',(#518),#522);
#518 = LINE('',#519,#520);
#519 = CARTESIAN_POINT('',(-0.,0.));
#520 = VECTOR('',#521,1.);
#521 = DIRECTION('',(-1.,0.));
#522 = ( GEOMETRIC_REPRESENTATION_CONTEXT(2) 
PARAMETRIC_REPRESENTATION_CONTEXT() REPRESENTATION_CONTEXT('2D SPACE',''
  ) );
#523 = PCURVE('',#399,#524);
#524 = DEFINITIONAL_REPRESENTATION('',(#525),#529);
#525 = CIRCLE('',#526,6.);
#526 = AXIS2_PLACEMENT_2D('',#527,#528);
#527 = CARTESIAN_POINT('',(0.,108.));
#528 = DIRECTION('',(1.,0.));
#529 = ( GEOMETRIC_REPRESENTATION_CONTEXT(2) 
PARAMETRIC_REPRESENTATION_CONTEXT() REPRESENTATION_CONTEXT('2D SPACE',''
  ) );
#530 = ORIENTED_EDGE('',*,*,#411,.T.);
#531 = ORIENTED_EDGE('',*,*,#56,.T.);
#532 = ORIENTED_EDGE('',*,*,#533,.F.);
#533 = EDGE_CURVE('',#508,#57,#534,.T.);
#534 = SURFACE_CURVE('',#535,(#539,#546),.PCURVE_S1.);
#535 = LINE('',#536,#537);
#536 = CARTESIAN_POINT('',(-71.,62.,127.));
#537 = VECTOR('',#538,1.);
#538 = DIRECTION('',(0.,0.,1.));
#539 = PCURVE('',#73,#540);
#540 = DEFINITIONAL_REPRESENTATION('',(#541),#545);
#541 = LINE('',#542,#543);
#542 = CARTESIAN_POINT('',(-3.14159265359,0.));
#543 = VECTOR('',#544,1.);
#544 = DIRECTION('',(-0.,-1.));
#545 = ( GEOMETRIC_REPRESENTATION_CONTEXT(2) 
PARAMETRIC_REPRESENTATION_CONTEXT() REPRESENTATION_CONTEXT('2D SPACE',''
  ) );
#546 = PCURVE('',#101,#547);
#547 = DEFINITIONAL_REPRESENTATION('',(#548),#552);
#548 = LINE('',#549,#550);
#549 = CARTESIAN_POINT('',(0.,-108.));
#550 = VECTOR('',#551,1.);
#551 = DIRECTION('',(1.,0.));
#552 = ( GEOMETRIC_REPRESENTATION_CONTEXT(2) 
PARAMETRIC_REPRESENTATION_CONTEXT() REPRESENTATION_CONTEXT('2D SPACE',''
  ) );
#553 = ADVANCED_FACE('',(#554),#215,.T.);
#554 = FACE_BOUND('',#555,.T.);
#555 = EDGE_LOOP('',(#556,#579,#600,#601));
#556 = ORIENTED_EDGE('',*,*,#557,.F.);
#557 = EDGE_CURVE('',#558,#171,#560,.T.);
#558 = VERTEX_POINT('',#559);
#559 = CARTESIAN_POINT('',(1.,-46.,127.));
#560 = SURFACE_CURVE('',#561,(#565,#572),.PCURVE_S1.);
#561 = LINE('',#562,#563);
#562 = CARTESIAN_POINT('',(1.,-46.,127.));
#563 = VECTOR('',#564,1.);
#564 = DIRECTION('',(0.,0.,1.));
#565 = PCURVE('',#215,#566);
#566 = DEFINITIONAL_REPRESENTATION('',(#567),#571);
#567 = LINE('',#568,#569);
#568 = CARTESIAN_POINT('',(0.,0.));
#569 = VECTOR('',#570,1.);
#570 = DIRECTION('',(1.,0.));
#571 = ( GEOMETRIC_REPRESENTATION_CONTEXT(2) 
PARAMETRIC_REPRESENTATION_CONTEXT() REPRESENTATION_CONTEXT('2D SPACE',''
  ) );
#572 = PCURVE('',#187,#573);
#573 = DEFINITIONAL_REPRESENTATION('',(#574),#578);
#574 = LINE('',#575,#576);
#575 = CARTESIAN_POINT('',(-6.28318530718,0.));
#576 = VECTOR('',#577,1.);
#577 = DIRECTION('',(-0.,-1.));
#578 = ( GEOMETRIC_REPRESENTATION_CONTEXT(2) 
PARAMETRIC_REPRESENTATION_CONTEXT() REPRESENTATION_CONTEXT('2D SPACE',''
  ) );
#579 = ORIENTED_EDGE('',*,*,#580,.T.);
#580 = EDGE_CURVE('',#558,#458,#581,.T.);
#581 = SURFACE_CURVE('',#582,(#586,#593),.PCURVE_S1.);
#582 = LINE('',#583,#584);
#583 = CARTESIAN_POINT('',(1.,-46.,127.));
#584 = VECTOR('',#585,1.);
#585 = DIRECTION('',(0.,1.,0.));
#586 = PCURVE('',#215,#587);
#587 = DEFINITIONAL_REPRESENTATION('',(#588),#592);
#588 = LINE('',#589,#590);
#589 = CARTESIAN_POINT('',(0.,0.));
#590 = VECTOR('',#591,1.);
#591 = DIRECTION('',(0.,-1.));
#592 = ( GEOMETRIC_REPRESENTATION_CONTEXT(2) 
PARAMETRIC_REPRESENTATION_CONTEXT() REPRESENTATION_CONTEXT('2D SPACE',''
  ) );
#593 = PCURVE('',#399,#594);
#594 = DEFINITIONAL_REPRESENTATION('',(#595),#599);
#595 = LINE('',#596,#597);
#596 = CARTESIAN_POINT('',(66.,0.));
#597 = VECTOR('',#598,1.);
#598 = DIRECTION('',(0.,1.));
#599 = ( GEOMETRIC_REPRESENTATION_CONTEXT(2) 
PARAMETRIC_REPRESENTATION_CONTEXT() REPRESENTATION_CONTEXT('2D SPACE',''
  ) );
#600 = ORIENTED_EDGE('',*,*,#481,.T.);
#601 = ORIENTED_EDGE('',*,*,#199,.F.);
#602 = ADVANCED_FACE('',(#603),#101,.F.);
#603 = FACE_BOUND('',#604,.F.);
#604 = EDGE_LOOP('',(#605,#628,#649,#650));
#605 = ORIENTED_EDGE('',*,*,#606,.F.);
#606 = EDGE_CURVE('',#607,#86,#609,.T.);
#607 = VERTEX_POINT('',#608);
#608 = CARTESIAN_POINT('',(-71.,-46.,127.));
#609 = SURFACE_CURVE('',#610,(#614,#621),.PCURVE_S1.);
#610 = LINE('',#611,#612);
#611 = CARTESIAN_POINT('',(-71.,-46.,127.));
#612 = VECTOR('',#613,1.);
#613 = DIRECTION('',(0.,0.,1.));
#614 = PCURVE('',#101,#615);
#615 = DEFINITIONAL_REPRESENTATION('',(#616),#620);
#616 = LINE('',#617,#618);
#617 = CARTESIAN_POINT('',(0.,0.));
#618 = VECTOR('',#619,1.);
#619 = DIRECTION('',(1.,0.));
#620 = ( GEOMETRIC_REPRESENTATION_CONTEXT(2) 
PARAMETRIC_REPRESENTATION_CONTEXT() REPRESENTATION_CONTEXT('2D SPACE',''
  ) );
#621 = PCURVE('',#130,#622);
#622 = DEFINITIONAL_REPRESENTATION('',(#623),#627);
#623 = LINE('',#624,#625);
#624 = CARTESIAN_POINT('',(-3.14159265359,0.));
#625 = VECTOR('',#626,1.);
#626 = DIRECTION('',(-0.,-1.));
#627 = ( GEOMETRIC_REPRESENTATION_CONTEXT(2) 
PARAMETRIC_REPRESENTATION_CONTEXT() REPRESENTATION_CONTEXT('2D SPACE',''
  ) );
#628 = ORIENTED_EDGE('',*,*,#629,.T.);
#629 = EDGE_CURVE('',#607,#508,#630,.T.);
#630 = SURFACE_CURVE('',#631,(#635,#642),.PCURVE_S1.);
#631 = LINE('',#632,#633);
#632 = CARTESIAN_POINT('',(-71.,-46.,127.));
#633 = VECTOR('',#634,1.);
#634 = DIRECTION('',(0.,1.,0.));
#635 = PCURVE('',#101,#636);
#636 = DEFINITIONAL_REPRESENTATION('',(#637),#641);
#637 = LINE('',#638,#639);
#638 = CARTESIAN_POINT('',(0.,0.));
#639 = VECTOR('',#640,1.);
#640 = DIRECTION('',(0.,-1.));
#641 = ( GEOMETRIC_REPRESENTATION_CONTEXT(2) 
PARAMETRIC_REPRESENTATION_CONTEXT() REPRESENTATION_CONTEXT('2D SPACE',''
  ) );
#642 = PCURVE('',#399,#643);
#643 = DEFINITIONAL_REPRESENTATION('',(#644),#648);
#644 = LINE('',#645,#646);
#645 = CARTESIAN_POINT('',(-6.,0.));
#646 = VECTOR('',#647,1.);
#647 = DIRECTION('',(0.,1.));
#648 = ( GEOMETRIC_REPRESENTATION_CONTEXT(2) 
PARAMETRIC_REPRESENTATION_CONTEXT() REPRESENTATION_CONTEXT('2D SPACE',''
  ) );
#649 = ORIENTED_EDGE('',*,*,#533,.T.);
#650 = ORIENTED_EDGE('',*,*,#85,.F.);
#651 = ADVANCED_FACE('',(#652),#187,.T.);
#652 = FACE_BOUND('',#653,.F.);
#653 = EDGE_LOOP('',(#654,#655,#679,#700));
#654 = ORIENTED_EDGE('',*,*,#557,.F.);
#655 = ORIENTED_EDGE('',*,*,#656,.F.);
#656 = EDGE_CURVE('',#657,#558,#659,.T.);
#657 = VERTEX_POINT('',#658);
#658 = CARTESIAN_POINT('',(-5.,-52.,127.));
#659 = SURFACE_CURVE('',#660,(#665,#672),.PCURVE_S1.);
#660 = CIRCLE('',#661,6.);
#661 = AXIS2_PLACEMENT_3D('',#662,#663,#664);
#662 = CARTESIAN_POINT('',(-5.,-46.,127.));
#663 = DIRECTION('',(0.,0.,1.));
#664 = DIRECTION('',(1.,0.,0.));
#665 = PCURVE('',#187,#666);
#666 = DEFINITIONAL_REPRESENTATION('',(#667),#671);
#667 = LINE('',#668,#669);
#668 = CARTESIAN_POINT('',(-0.,0.));
#669 = VECTOR('',#670,1.);
#670 = DIRECTION('',(-1.,0.));
#671 = ( GEOMETRIC_REPRESENTATION_CONTEXT(2) 
PARAMETRIC_REPRESENTATION_CONTEXT() REPRESENTATION_CONTEXT('2D SPACE',''
  ) );
#672 = PCURVE('',#399,#673);
#673 = DEFINITIONAL_REPRESENTATION('',(#674),#678);
#674 = CIRCLE('',#675,6.);
#675 = AXIS2_PLACEMENT_2D('',#676,#677);
#676 = CARTESIAN_POINT('',(60.,0.));
#677 = DIRECTION('',(1.,0.));
#678 = ( GEOMETRIC_REPRESENTATION_CONTEXT(2) 
PARAMETRIC_REPRESENTATION_CONTEXT() REPRESENTATION_CONTEXT('2D SPACE',''
  ) );
#679 = ORIENTED_EDGE('',*,*,#680,.T.);
#680 = EDGE_CURVE('',#657,#143,#681,.T.);
#681 = SURFACE_CURVE('',#682,(#686,#693),.PCURVE_S1.);
#682 = LINE('',#683,#684);
#683 = CARTESIAN_POINT('',(-5.,-52.,127.));
#684 = VECTOR('',#685,1.);
#685 = DIRECTION('',(0.,0.,1.));
#686 = PCURVE('',#187,#687);
#687 = DEFINITIONAL_REPRESENTATION('',(#688),#692);
#688 = LINE('',#689,#690);
#689 = CARTESIAN_POINT('',(-4.712388980385,0.));
#690 = VECTOR('',#691,1.);
#691 = DIRECTION('',(-0.,-1.));
#692 = ( GEOMETRIC_REPRESENTATION_CONTEXT(2) 
PARAMETRIC_REPRESENTATION_CONTEXT() REPRESENTATION_CONTEXT('2D SPACE',''
  ) );
#693 = PCURVE('',#158,#694);
#694 = DEFINITIONAL_REPRESENTATION('',(#695),#699);
#695 = LINE('',#696,#697);
#696 = CARTESIAN_POINT('',(0.,60.));
#697 = VECTOR('',#698,1.);
#698 = DIRECTION('',(1.,0.));
#699 = ( GEOMETRIC_REPRESENTATION_CONTEXT(2) 
PARAMETRIC_REPRESENTATION_CONTEXT() REPRESENTATION_CONTEXT('2D SPACE',''
  ) );
#700 = ORIENTED_EDGE('',*,*,#170,.T.);
#701 = ADVANCED_FACE('',(#702),#130,.T.);
#702 = FACE_BOUND('',#703,.F.);
#703 = EDGE_LOOP('',(#704,#728,#729,#730));
#704 = ORIENTED_EDGE('',*,*,#705,.F.);
#705 = EDGE_CURVE('',#607,#706,#708,.T.);
#706 = VERTEX_POINT('',#707);
#707 = CARTESIAN_POINT('',(-65.,-52.,127.));
#708 = SURFACE_CURVE('',#709,(#714,#721),.PCURVE_S1.);
#709 = CIRCLE('',#710,6.);
#710 = AXIS2_PLACEMENT_3D('',#711,#712,#713);
#711 = CARTESIAN_POINT('',(-65.,-46.,127.));
#712 = DIRECTION('',(0.,0.,1.));
#713 = DIRECTION('',(1.,0.,0.));
#714 = PCURVE('',#130,#715);
#715 = DEFINITIONAL_REPRESENTATION('',(#716),#720);
#716 = LINE('',#717,#718);
#717 = CARTESIAN_POINT('',(-0.,0.));
#718 = VECTOR('',#719,1.);
#719 = DIRECTION('',(-1.,0.));
#720 = ( GEOMETRIC_REPRESENTATION_CONTEXT(2) 
PARAMETRIC_REPRESENTATION_CONTEXT() REPRESENTATION_CONTEXT('2D SPACE',''
  ) );
#721 = PCURVE('',#399,#722);
#722 = DEFINITIONAL_REPRESENTATION('',(#723),#727);
#723 = CIRCLE('',#724,6.);
#724 = AXIS2_PLACEMENT_2D('',#725,#726);
#725 = CARTESIAN_POINT('',(0.,0.));
#726 = DIRECTION('',(1.,0.));
#727 = ( GEOMETRIC_REPRESENTATION_CONTEXT(2) 
PARAMETRIC_REPRESENTATION_CONTEXT() REPRESENTATION_CONTEXT('2D SPACE',''
  ) );
#728 = ORIENTED_EDGE('',*,*,#606,.T.);
#729 = ORIENTED_EDGE('',*,*,#113,.T.);
#730 = ORIENTED_EDGE('',*,*,#731,.F.);
#731 = EDGE_CURVE('',#706,#114,#732,.T.);
#732 = SURFACE_CURVE('',#733,(#737,#744),.PCURVE_S1.);
#733 = LINE('',#734,#735);
#734 = CARTESIAN_POINT('',(-65.,-52.,127.));
#735 = VECTOR('',#736,1.);
#736 = DIRECTION('',(0.,0.,1.));
#737 = PCURVE('',#130,#738);
#738 = DEFINITIONAL_REPRESENTATION('',(#739),#743);
#739 = LINE('',#740,#741);
#740 = CARTESIAN_POINT('',(-4.712388980385,0.));
#741 = VECTOR('',#742,1.);
#742 = DIRECTION('',(-0.,-1.));
#743 = ( GEOMETRIC_REPRESENTATION_CONTEXT(2) 
PARAMETRIC_REPRESENTATION_CONTEXT() REPRESENTATION_CONTEXT('2D SPACE',''
  ) );
#744 = PCURVE('',#158,#745);
#745 = DEFINITIONAL_REPRESENTATION('',(#746),#750);
#746 = LINE('',#747,#748);
#747 = CARTESIAN_POINT('',(0.,0.));
#748 = VECTOR('',#749,1.);
#749 = DIRECTION('',(1.,0.));
#750 = ( GEOMETRIC_REPRESENTATION_CONTEXT(2) 
PARAMETRIC_REPRESENTATION_CONTEXT() REPRESENTATION_CONTEXT('2D SPACE',''
  ) );
#751 = ADVANCED_FACE('',(#752),#158,.F.);
#752 = FACE_BOUND('',#753,.F.);
#753 = EDGE_LOOP('',(#754,#775,#776,#777));
#754 = ORIENTED_EDGE('',*,*,#755,.F.);
#755 = EDGE_CURVE('',#706,#657,#756,.T.);
#756 = SURFACE_CURVE('',#757,(#761,#768),.PCURVE_S1.);
#757 = LINE('',#758,#759);
#758 = CARTESIAN_POINT('',(-65.,-52.,127.));
#759 = VECTOR('',#760,1.);
#760 = DIRECTION('',(1.,0.,0.));
#761 = PCURVE('',#158,#762);
#762 = DEFINITIONAL_REPRESENTATION('',(#763),#767);
#763 = LINE('',#764,#765);
#764 = CARTESIAN_POINT('',(0.,0.));
#765 = VECTOR('',#766,1.);
#766 = DIRECTION('',(0.,1.));
#767 = ( GEOMETRIC_REPRESENTATION_CONTEXT(2) 
PARAMETRIC_REPRESENTATION_CONTEXT() REPRESENTATION_CONTEXT('2D SPACE',''
  ) );
#768 = PCURVE('',#399,#769);
#769 = DEFINITIONAL_REPRESENTATION('',(#770),#774);
#770 = LINE('',#771,#772);
#771 = CARTESIAN_POINT('',(0.,-6.));
#772 = VECTOR('',#773,1.);
#773 = DIRECTION('',(1.,0.));
#774 = ( GEOMETRIC_REPRESENTATION_CONTEXT(2) 
PARAMETRIC_REPRESENTATION_CONTEXT() REPRESENTATION_CONTEXT('2D SPACE',''
  ) );
#775 = ORIENTED_EDGE('',*,*,#731,.T.);
#776 = ORIENTED_EDGE('',*,*,#142,.T.);
#777 = ORIENTED_EDGE('',*,*,#680,.F.);
#778 = ADVANCED_FACE('',(#779),#273,.F.);
#779 = FACE_BOUND('',#780,.F.);
#780 = EDGE_LOOP('',(#781,#782,#805,#832));
#781 = ORIENTED_EDGE('',*,*,#256,.F.);
#782 = ORIENTED_EDGE('',*,*,#783,.F.);
#783 = EDGE_CURVE('',#784,#257,#786,.T.);
#784 = VERTEX_POINT('',#785);
#785 = CARTESIAN_POINT('',(-54.3,-47.,127.1));
#786 = SEAM_CURVE('',#787,(#791,#798),.PCURVE_S1.);
#787 = LINE('',#788,#789);
#788 = CARTESIAN_POINT('',(-54.3,-47.,125.));
#789 = VECTOR('',#790,1.);
#790 = DIRECTION('',(0.,0.,1.));
#791 = PCURVE('',#273,#792);
#792 = DEFINITIONAL_REPRESENTATION('',(#793),#797);
#793 = LINE('',#794,#795);
#794 = CARTESIAN_POINT('',(6.28318530718,-0.));
#795 = VECTOR('',#796,1.);
#796 = DIRECTION('',(0.,1.));
#797 = ( GEOMETRIC_REPRESENTATION_CONTEXT(2) 
PARAMETRIC_REPRESENTATION_CONTEXT() REPRESENTATION_CONTEXT('2D SPACE',''
  ) );
#798 = PCURVE('',#273,#799);
#799 = DEFINITIONAL_REPRESENTATION('',(#800),#804);
#800 = LINE('',#801,#802);
#801 = CARTESIAN_POINT('',(0.,-0.));
#802 = VECTOR('',#803,1.);
#803 = DIRECTION('',(0.,1.));
#804 = ( GEOMETRIC_REPRESENTATION_CONTEXT(2) 
PARAMETRIC_REPRESENTATION_CONTEXT() REPRESENTATION_CONTEXT('2D SPACE',''
  ) );
#805 = ORIENTED_EDGE('',*,*,#806,.T.);
#806 = EDGE_CURVE('',#784,#784,#807,.T.);
#807 = SURFACE_CURVE('',#808,(#813,#820),.PCURVE_S1.);
#808 = CIRCLE('',#809,1.7);
#809 = AXIS2_PLACEMENT_3D('',#810,#811,#812);
#810 = CARTESIAN_POINT('',(-56.,-47.,127.1));
#811 = DIRECTION('',(0.,0.,1.));
#812 = DIRECTION('',(1.,0.,-0.));
#813 = PCURVE('',#273,#814);
#814 = DEFINITIONAL_REPRESENTATION('',(#815),#819);
#815 = LINE('',#816,#817);
#816 = CARTESIAN_POINT('',(0.,2.1));
#817 = VECTOR('',#818,1.);
#818 = DIRECTION('',(1.,0.));
#819 = ( GEOMETRIC_REPRESENTATION_CONTEXT(2) 
PARAMETRIC_REPRESENTATION_CONTEXT() REPRESENTATION_CONTEXT('2D SPACE',''
  ) );
#820 = PCURVE('',#821,#826);
#821 = PLANE('',#822);
#822 = AXIS2_PLACEMENT_3D('',#823,#824,#825);
#823 = CARTESIAN_POINT('',(-56.,-47.,127.1));
#824 = DIRECTION('',(0.,0.,1.));
#825 = DIRECTION('',(1.,0.,-0.));
#826 = DEFINITIONAL_REPRESENTATION('',(#827),#831);
#827 = CIRCLE('',#828,1.7);
#828 = AXIS2_PLACEMENT_2D('',#829,#830);
#829 = CARTESIAN_POINT('',(0.,0.));
#830 = DIRECTION('',(1.,0.));
#831 = ( GEOMETRIC_REPRESENTATION_CONTEXT(2) 
PARAMETRIC_REPRESENTATION_CONTEXT() REPRESENTATION_CONTEXT('2D SPACE',''
  ) );
#832 = ORIENTED_EDGE('',*,*,#783,.T.);
#833 = ADVANCED_FACE('',(#834),#304,.F.);
#834 = FACE_BOUND('',#835,.F.);
#835 = EDGE_LOOP('',(#836,#837,#860,#887));
#836 = ORIENTED_EDGE('',*,*,#287,.F.);
#837 = ORIENTED_EDGE('',*,*,#838,.F.);
#838 = EDGE_CURVE('',#839,#288,#841,.T.);
#839 = VERTEX_POINT('',#840);
#840 = CARTESIAN_POINT('',(-12.3,-47.,127.1));
#841 = SEAM_CURVE('',#842,(#846,#853),.PCURVE_S1.);
#842 = LINE('',#843,#844);
#843 = CARTESIAN_POINT('',(-12.3,-47.,125.));
#844 = VECTOR('',#845,1.);
#845 = DIRECTION('',(0.,0.,1.));
#846 = PCURVE('',#304,#847);
#847 = DEFINITIONAL_REPRESENTATION('',(#848),#852);
#848 = LINE('',#849,#850);
#849 = CARTESIAN_POINT('',(6.28318530718,-0.));
#850 = VECTOR('',#851,1.);
#851 = DIRECTION('',(0.,1.));
#852 = ( GEOMETRIC_REPRESENTATION_CONTEXT(2) 
PARAMETRIC_REPRESENTATION_CONTEXT() REPRESENTATION_CONTEXT('2D SPACE',''
  ) );
#853 = PCURVE('',#304,#854);
#854 = DEFINITIONAL_REPRESENTATION('',(#855),#859);
#855 = LINE('',#856,#857);
#856 = CARTESIAN_POINT('',(0.,-0.));
#857 = VECTOR('',#858,1.);
#858 = DIRECTION('',(0.,1.));
#859 = ( GEOMETRIC_REPRESENTATION_CONTEXT(2) 
PARAMETRIC_REPRESENTATION_CONTEXT() REPRESENTATION_CONTEXT('2D SPACE',''
  ) );
#860 = ORIENTED_EDGE('',*,*,#861,.T.);
#861 = EDGE_CURVE('',#839,#839,#862,.T.);
#862 = SURFACE_CURVE('',#863,(#868,#875),.PCURVE_S1.);
#863 = CIRCLE('',#864,1.7);
#864 = AXIS2_PLACEMENT_3D('',#865,#866,#867);
#865 = CARTESIAN_POINT('',(-14.,-47.,127.1));
#866 = DIRECTION('',(0.,0.,1.));
#867 = DIRECTION('',(1.,0.,-0.));
#868 = PCURVE('',#304,#869);
#869 = DEFINITIONAL_REPRESENTATION('',(#870),#874);
#870 = LINE('',#871,#872);
#871 = CARTESIAN_POINT('',(0.,2.1));
#872 = VECTOR('',#873,1.);
#873 = DIRECTION('',(1.,0.));
#874 = ( GEOMETRIC_REPRESENTATION_CONTEXT(2) 
PARAMETRIC_REPRESENTATION_CONTEXT() REPRESENTATION_CONTEXT('2D SPACE',''
  ) );
#875 = PCURVE('',#876,#881);
#876 = PLANE('',#877);
#877 = AXIS2_PLACEMENT_3D('',#878,#879,#880);
#878 = CARTESIAN_POINT('',(-14.,-47.,127.1));
#879 = DIRECTION('',(0.,0.,1.));
#880 = DIRECTION('',(1.,0.,-0.));
#881 = DEFINITIONAL_REPRESENTATION('',(#882),#886);
#882 = CIRCLE('',#883,1.7);
#883 = AXIS2_PLACEMENT_2D('',#884,#885);
#884 = CARTESIAN_POINT('',(0.,0.));
#885 = DIRECTION('',(1.,0.));
#886 = ( GEOMETRIC_REPRESENTATION_CONTEXT(2) 
PARAMETRIC_REPRESENTATION_CONTEXT() REPRESENTATION_CONTEXT('2D SPACE',''
  ) );
#887 = ORIENTED_EDGE('',*,*,#838,.T.);
#888 = ADVANCED_FACE('',(#889),#335,.F.);
#889 = FACE_BOUND('',#890,.F.);
#890 = EDGE_LOOP('',(#891,#892,#915,#942));
#891 = ORIENTED_EDGE('',*,*,#318,.F.);
#892 = ORIENTED_EDGE('',*,*,#893,.F.);
#893 = EDGE_CURVE('',#894,#319,#896,.T.);
#894 = VERTEX_POINT('',#895);
#895 = CARTESIAN_POINT('',(-54.3,63.,127.1));
#896 = SEAM_CURVE('',#897,(#901,#908),.PCURVE_S1.);
#897 = LINE('',#898,#899);
#898 = CARTESIAN_POINT('',(-54.3,63.,125.));
#899 = VECTOR('',#900,1.);
#900 = DIRECTION('',(0.,0.,1.));
#901 = PCURVE('',#335,#902);
#902 = DEFINITIONAL_REPRESENTATION('',(#903),#907);
#903 = LINE('',#904,#905);
#904 = CARTESIAN_POINT('',(6.28318530718,-0.));
#905 = VECTOR('',#906,1.);
#906 = DIRECTION('',(0.,1.));
#907 = ( GEOMETRIC_REPRESENTATION_CONTEXT(2) 
PARAMETRIC_REPRESENTATION_CONTEXT() REPRESENTATION_CONTEXT('2D SPACE',''
  ) );
#908 = PCURVE('',#335,#909);
#909 = DEFINITIONAL_REPRESENTATION('',(#910),#914);
#910 = LINE('',#911,#912);
#911 = CARTESIAN_POINT('',(0.,-0.));
#912 = VECTOR('',#913,1.);
#913 = DIRECTION('',(0.,1.));
#914 = ( GEOMETRIC_REPRESENTATION_CONTEXT(2) 
PARAMETRIC_REPRESENTATION_CONTEXT() REPRESENTATION_CONTEXT('2D SPACE',''
  ) );
#915 = ORIENTED_EDGE('',*,*,#916,.T.);
#916 = EDGE_CURVE('',#894,#894,#917,.T.);
#917 = SURFACE_CURVE('',#918,(#923,#930),.PCURVE_S1.);
#918 = CIRCLE('',#919,1.7);
#919 = AXIS2_PLACEMENT_3D('',#920,#921,#922);
#920 = CARTESIAN_POINT('',(-56.,63.,127.1));
#921 = DIRECTION('',(0.,0.,1.));
#922 = DIRECTION('',(1.,0.,-0.));
#923 = PCURVE('',#335,#924);
#924 = DEFINITIONAL_REPRESENTATION('',(#925),#929);
#925 = LINE('',#926,#927);
#926 = CARTESIAN_POINT('',(0.,2.1));
#927 = VECTOR('',#928,1.);
#928 = DIRECTION('',(1.,0.));
#929 = ( GEOMETRIC_REPRESENTATION_CONTEXT(2) 
PARAMETRIC_REPRESENTATION_CONTEXT() REPRESENTATION_CONTEXT('2D SPACE',''
  ) );
#930 = PCURVE('',#931,#936);
#931 = PLANE('',#932);
#932 = AXIS2_PLACEMENT_3D('',#933,#934,#935);
#933 = CARTESIAN_POINT('',(-56.,63.,127.1));
#934 = DIRECTION('',(0.,0.,1.));
#935 = DIRECTION('',(1.,0.,-0.));
#936 = DEFINITIONAL_REPRESENTATION('',(#937),#941);
#937 = CIRCLE('',#938,1.7);
#938 = AXIS2_PLACEMENT_2D('',#939,#940);
#939 = CARTESIAN_POINT('',(0.,0.));
#940 = DIRECTION('',(1.,0.));
#941 = ( GEOMETRIC_REPRESENTATION_CONTEXT(2) 
PARAMETRIC_REPRESENTATION_CONTEXT() REPRESENTATION_CONTEXT('2D SPACE',''
  ) );
#942 = ORIENTED_EDGE('',*,*,#893,.T.);
#943 = ADVANCED_FACE('',(#944),#366,.F.);
#944 = FACE_BOUND('',#945,.F.);
#945 = EDGE_LOOP('',(#946,#947,#970,#997));
#946 = ORIENTED_EDGE('',*,*,#349,.F.);
#947 = ORIENTED_EDGE('',*,*,#948,.F.);
#948 = EDGE_CURVE('',#949,#350,#951,.T.);
#949 = VERTEX_POINT('',#950);
#950 = CARTESIAN_POINT('',(-12.3,63.,127.1));
#951 = SEAM_CURVE('',#952,(#956,#963),.PCURVE_S1.);
#952 = LINE('',#953,#954);
#953 = CARTESIAN_POINT('',(-12.3,63.,125.));
#954 = VECTOR('',#955,1.);
#955 = DIRECTION('',(0.,0.,1.));
#956 = PCURVE('',#366,#957);
#957 = DEFINITIONAL_REPRESENTATION('',(#958),#962);
#958 = LINE('',#959,#960);
#959 = CARTESIAN_POINT('',(6.28318530718,-0.));
#960 = VECTOR('',#961,1.);
#961 = DIRECTION('',(0.,1.));
#962 = ( GEOMETRIC_REPRESENTATION_CONTEXT(2) 
PARAMETRIC_REPRESENTATION_CONTEXT() REPRESENTATION_CONTEXT('2D SPACE',''
  ) );
#963 = PCURVE('',#366,#964);
#964 = DEFINITIONAL_REPRESENTATION('',(#965),#969);
#965 = LINE('',#966,#967);
#966 = CARTESIAN_POINT('',(0.,-0.));
#967 = VECTOR('',#968,1.);
#968 = DIRECTION('',(0.,1.));
#969 = ( GEOMETRIC_REPRESENTATION_CONTEXT(2) 
PARAMETRIC_REPRESENTATION_CONTEXT() REPRESENTATION_CONTEXT('2D SPACE',''
  ) );
#970 = ORIENTED_EDGE('',*,*,#971,.T.);
#971 = EDGE_CURVE('',#949,#949,#972,.T.);
#972 = SURFACE_CURVE('',#973,(#978,#985),.PCURVE_S1.);
#973 = CIRCLE('',#974,1.7);
#974 = AXIS2_PLACEMENT_3D('',#975,#976,#977);
#975 = CARTESIAN_POINT('',(-14.,63.,127.1));
#976 = DIRECTION('',(0.,0.,1.));
#977 = DIRECTION('',(1.,0.,-0.));
#978 = PCURVE('',#366,#979);
#979 = DEFINITIONAL_REPRESENTATION('',(#980),#984);
#980 = LINE('',#981,#982);
#981 = CARTESIAN_POINT('',(0.,2.1));
#982 = VECTOR('',#983,1.);
#983 = DIRECTION('',(1.,0.));
#984 = ( GEOMETRIC_REPRESENTATION_CONTEXT(2) 
PARAMETRIC_REPRESENTATION_CONTEXT() REPRESENTATION_CONTEXT('2D SPACE',''
  ) );
#985 = PCURVE('',#986,#991);
#986 = PLANE('',#987);
#987 = AXIS2_PLACEMENT_3D('',#988,#989,#990);
#988 = CARTESIAN_POINT('',(-14.,63.,127.1));
#989 = DIRECTION('',(0.,0.,1.));
#990 = DIRECTION('',(1.,0.,-0.));
#991 = DEFINITIONAL_REPRESENTATION('',(#992),#996);
#992 = CIRCLE('',#993,1.7);
#993 = AXIS2_PLACEMENT_2D('',#994,#995);
#994 = CARTESIAN_POINT('',(0.,0.));
#995 = DIRECTION('',(1.,0.));
#996 = ( GEOMETRIC_REPRESENTATION_CONTEXT(2) 
PARAMETRIC_REPRESENTATION_CONTEXT() REPRESENTATION_CONTEXT('2D SPACE',''
  ) );
#997 = ORIENTED_EDGE('',*,*,#948,.T.);
#998 = ADVANCED_FACE('',(#999,#1009),#399,.F.);
#999 = FACE_BOUND('',#1000,.F.);
#1000 = EDGE_LOOP('',(#1001,#1002,#1003,#1004,#1005,#1006,#1007,#1008));
#1001 = ORIENTED_EDGE('',*,*,#381,.F.);
#1002 = ORIENTED_EDGE('',*,*,#507,.T.);
#1003 = ORIENTED_EDGE('',*,*,#629,.F.);
#1004 = ORIENTED_EDGE('',*,*,#705,.T.);
#1005 = ORIENTED_EDGE('',*,*,#755,.T.);
#1006 = ORIENTED_EDGE('',*,*,#656,.T.);
#1007 = ORIENTED_EDGE('',*,*,#580,.T.);
#1008 = ORIENTED_EDGE('',*,*,#457,.T.);
#1009 = FACE_BOUND('',#1010,.F.);
#1010 = EDGE_LOOP('',(#1011,#1042,#1070,#1099,#1127,#1156,#1184,#1213,
    #1241,#1270,#1298,#1327,#1355,#1384,#1412,#1441));
#1011 = ORIENTED_EDGE('',*,*,#1012,.F.);
#1012 = EDGE_CURVE('',#1013,#1015,#1017,.T.);
#1013 = VERTEX_POINT('',#1014);
#1014 = CARTESIAN_POINT('',(-64.25,65.25,127.));
#1015 = VERTEX_POINT('',#1016);
#1016 = CARTESIAN_POINT('',(-68.25,61.25,127.));
#1017 = SURFACE_CURVE('',#1018,(#1023,#1030),.PCURVE_S1.);
#1018 = CIRCLE('',#1019,4.);
#1019 = AXIS2_PLACEMENT_3D('',#1020,#1021,#1022);
#1020 = CARTESIAN_POINT('',(-64.25,61.25,127.));
#1021 = DIRECTION('',(0.,0.,1.));
#1022 = DIRECTION('',(1.,0.,0.));
#1023 = PCURVE('',#399,#1024);
#1024 = DEFINITIONAL_REPRESENTATION('',(#1025),#1029);
#1025 = CIRCLE('',#1026,4.);
#1026 = AXIS2_PLACEMENT_2D('',#1027,#1028);
#1027 = CARTESIAN_POINT('',(0.75,107.25));
#1028 = DIRECTION('',(1.,0.));
#1029 = ( GEOMETRIC_REPRESENTATION_CONTEXT(2) 
PARAMETRIC_REPRESENTATION_CONTEXT() REPRESENTATION_CONTEXT('2D SPACE',''
  ) );
#1030 = PCURVE('',#1031,#1036);
#1031 = CYLINDRICAL_SURFACE('',#1032,4.);
#1032 = AXIS2_PLACEMENT_3D('',#1033,#1034,#1035);
#1033 = CARTESIAN_POINT('',(-64.25,61.25,125.));
#1034 = DIRECTION('',(-0.,-0.,-1.));
#1035 = DIRECTION('',(1.,0.,0.));
#1036 = DEFINITIONAL_REPRESENTATION('',(#1037),#1041);
#1037 = LINE('',#1038,#1039);
#1038 = CARTESIAN_POINT('',(-0.,-2.));
#1039 = VECTOR('',#1040,1.);
#1040 = DIRECTION('',(-1.,0.));
#1041 = ( GEOMETRIC_REPRESENTATION_CONTEXT(2) 
PARAMETRIC_REPRESENTATION_CONTEXT() REPRESENTATION_CONTEXT('2D SPACE',''
  ) );
#1042 = ORIENTED_EDGE('',*,*,#1043,.T.);
#1043 = EDGE_CURVE('',#1013,#1044,#1046,.T.);
#1044 = VERTEX_POINT('',#1045);
#1045 = CARTESIAN_POINT('',(-60.29651021178,65.25,127.));
#1046 = SURFACE_CURVE('',#1047,(#1051,#1058),.PCURVE_S1.);
#1047 = LINE('',#1048,#1049);
#1048 = CARTESIAN_POINT('',(-64.25,65.25,127.));
#1049 = VECTOR('',#1050,1.);
#1050 = DIRECTION('',(1.,0.,0.));
#1051 = PCURVE('',#399,#1052);
#1052 = DEFINITIONAL_REPRESENTATION('',(#1053),#1057);
#1053 = LINE('',#1054,#1055);
#1054 = CARTESIAN_POINT('',(0.75,111.25));
#1055 = VECTOR('',#1056,1.);
#1056 = DIRECTION('',(1.,0.));
#1057 = ( GEOMETRIC_REPRESENTATION_CONTEXT(2) 
PARAMETRIC_REPRESENTATION_CONTEXT() REPRESENTATION_CONTEXT('2D SPACE',''
  ) );
#1058 = PCURVE('',#1059,#1064);
#1059 = PLANE('',#1060);
#1060 = AXIS2_PLACEMENT_3D('',#1061,#1062,#1063);
#1061 = CARTESIAN_POINT('',(-64.25,65.25,125.));
#1062 = DIRECTION('',(0.,1.,0.));
#1063 = DIRECTION('',(0.,0.,1.));
#1064 = DEFINITIONAL_REPRESENTATION('',(#1065),#1069);
#1065 = LINE('',#1066,#1067);
#1066 = CARTESIAN_POINT('',(2.,0.));
#1067 = VECTOR('',#1068,1.);
#1068 = DIRECTION('',(0.,1.));
#1069 = ( GEOMETRIC_REPRESENTATION_CONTEXT(2) 
PARAMETRIC_REPRESENTATION_CONTEXT() REPRESENTATION_CONTEXT('2D SPACE',''
  ) );
#1070 = ORIENTED_EDGE('',*,*,#1071,.F.);
#1071 = EDGE_CURVE('',#1072,#1044,#1074,.T.);
#1072 = VERTEX_POINT('',#1073);
#1073 = CARTESIAN_POINT('',(-51.70348978821,65.25,127.));
#1074 = SURFACE_CURVE('',#1075,(#1080,#1087),.PCURVE_S1.);
#1075 = CIRCLE('',#1076,4.85);
#1076 = AXIS2_PLACEMENT_3D('',#1077,#1078,#1079);
#1077 = CARTESIAN_POINT('',(-56.,63.,127.));
#1078 = DIRECTION('',(0.,0.,1.));
#1079 = DIRECTION('',(1.,0.,-0.));
#1080 = PCURVE('',#399,#1081);
#1081 = DEFINITIONAL_REPRESENTATION('',(#1082),#1086);
#1082 = CIRCLE('',#1083,4.85);
#1083 = AXIS2_PLACEMENT_2D('',#1084,#1085);
#1084 = CARTESIAN_POINT('',(9.,109.));
#1085 = DIRECTION('',(1.,0.));
#1086 = ( GEOMETRIC_REPRESENTATION_CONTEXT(2) 
PARAMETRIC_REPRESENTATION_CONTEXT() REPRESENTATION_CONTEXT('2D SPACE',''
  ) );
#1087 = PCURVE('',#1088,#1093);
#1088 = CYLINDRICAL_SURFACE('',#1089,4.85);
#1089 = AXIS2_PLACEMENT_3D('',#1090,#1091,#1092);
#1090 = CARTESIAN_POINT('',(-56.,63.,124.9));
#1091 = DIRECTION('',(0.,0.,1.));
#1092 = DIRECTION('',(1.,0.,-0.));
#1093 = DEFINITIONAL_REPRESENTATION('',(#1094),#1098);
#1094 = LINE('',#1095,#1096);
#1095 = CARTESIAN_POINT('',(0.,2.1));
#1096 = VECTOR('',#1097,1.);
#1097 = DIRECTION('',(1.,0.));
#1098 = ( GEOMETRIC_REPRESENTATION_CONTEXT(2) 
PARAMETRIC_REPRESENTATION_CONTEXT() REPRESENTATION_CONTEXT('2D SPACE',''
  ) );
#1099 = ORIENTED_EDGE('',*,*,#1100,.T.);
#1100 = EDGE_CURVE('',#1072,#1101,#1103,.T.);
#1101 = VERTEX_POINT('',#1102);
#1102 = CARTESIAN_POINT('',(-18.29651021178,65.25,127.));
#1103 = SURFACE_CURVE('',#1104,(#1108,#1115),.PCURVE_S1.);
#1104 = LINE('',#1105,#1106);
#1105 = CARTESIAN_POINT('',(-64.25,65.25,127.));
#1106 = VECTOR('',#1107,1.);
#1107 = DIRECTION('',(1.,0.,0.));
#1108 = PCURVE('',#399,#1109);
#1109 = DEFINITIONAL_REPRESENTATION('',(#1110),#1114);
#1110 = LINE('',#1111,#1112);
#1111 = CARTESIAN_POINT('',(0.75,111.25));
#1112 = VECTOR('',#1113,1.);
#1113 = DIRECTION('',(1.,0.));
#1114 = ( GEOMETRIC_REPRESENTATION_CONTEXT(2) 
PARAMETRIC_REPRESENTATION_CONTEXT() REPRESENTATION_CONTEXT('2D SPACE',''
  ) );
#1115 = PCURVE('',#1116,#1121);
#1116 = PLANE('',#1117);
#1117 = AXIS2_PLACEMENT_3D('',#1118,#1119,#1120);
#1118 = CARTESIAN_POINT('',(-64.25,65.25,125.));
#1119 = DIRECTION('',(0.,1.,0.));
#1120 = DIRECTION('',(0.,0.,1.));
#1121 = DEFINITIONAL_REPRESENTATION('',(#1122),#1126);
#1122 = LINE('',#1123,#1124);
#1123 = CARTESIAN_POINT('',(2.,0.));
#1124 = VECTOR('',#1125,1.);
#1125 = DIRECTION('',(0.,1.));
#1126 = ( GEOMETRIC_REPRESENTATION_CONTEXT(2) 
PARAMETRIC_REPRESENTATION_CONTEXT() REPRESENTATION_CONTEXT('2D SPACE',''
  ) );
#1127 = ORIENTED_EDGE('',*,*,#1128,.F.);
#1128 = EDGE_CURVE('',#1129,#1101,#1131,.T.);
#1129 = VERTEX_POINT('',#1130);
#1130 = CARTESIAN_POINT('',(-9.703489788212,65.25,127.));
#1131 = SURFACE_CURVE('',#1132,(#1137,#1144),.PCURVE_S1.);
#1132 = CIRCLE('',#1133,4.85);
#1133 = AXIS2_PLACEMENT_3D('',#1134,#1135,#1136);
#1134 = CARTESIAN_POINT('',(-14.,63.,127.));
#1135 = DIRECTION('',(0.,0.,1.));
#1136 = DIRECTION('',(1.,0.,-0.));
#1137 = PCURVE('',#399,#1138);
#1138 = DEFINITIONAL_REPRESENTATION('',(#1139),#1143);
#1139 = CIRCLE('',#1140,4.85);
#1140 = AXIS2_PLACEMENT_2D('',#1141,#1142);
#1141 = CARTESIAN_POINT('',(51.,109.));
#1142 = DIRECTION('',(1.,0.));
#1143 = ( GEOMETRIC_REPRESENTATION_CONTEXT(2) 
PARAMETRIC_REPRESENTATION_CONTEXT() REPRESENTATION_CONTEXT('2D SPACE',''
  ) );
#1144 = PCURVE('',#1145,#1150);
#1145 = CYLINDRICAL_SURFACE('',#1146,4.85);
#1146 = AXIS2_PLACEMENT_3D('',#1147,#1148,#1149);
#1147 = CARTESIAN_POINT('',(-14.,63.,124.9));
#1148 = DIRECTION('',(0.,0.,1.));
#1149 = DIRECTION('',(1.,0.,-0.));
#1150 = DEFINITIONAL_REPRESENTATION('',(#1151),#1155);
#1151 = LINE('',#1152,#1153);
#1152 = CARTESIAN_POINT('',(0.,2.1));
#1153 = VECTOR('',#1154,1.);
#1154 = DIRECTION('',(1.,0.));
#1155 = ( GEOMETRIC_REPRESENTATION_CONTEXT(2) 
PARAMETRIC_REPRESENTATION_CONTEXT() REPRESENTATION_CONTEXT('2D SPACE',''
  ) );
#1156 = ORIENTED_EDGE('',*,*,#1157,.T.);
#1157 = EDGE_CURVE('',#1129,#1158,#1160,.T.);
#1158 = VERTEX_POINT('',#1159);
#1159 = CARTESIAN_POINT('',(-5.75,65.25,127.));
#1160 = SURFACE_CURVE('',#1161,(#1165,#1172),.PCURVE_S1.);
#1161 = LINE('',#1162,#1163);
#1162 = CARTESIAN_POINT('',(-64.25,65.25,127.));
#1163 = VECTOR('',#1164,1.);
#1164 = DIRECTION('',(1.,0.,0.));
#1165 = PCURVE('',#399,#1166);
#1166 = DEFINITIONAL_REPRESENTATION('',(#1167),#1171);
#1167 = LINE('',#1168,#1169);
#1168 = CARTESIAN_POINT('',(0.75,111.25));
#1169 = VECTOR('',#1170,1.);
#1170 = DIRECTION('',(1.,0.));
#1171 = ( GEOMETRIC_REPRESENTATION_CONTEXT(2) 
PARAMETRIC_REPRESENTATION_CONTEXT() REPRESENTATION_CONTEXT('2D SPACE',''
  ) );
#1172 = PCURVE('',#1173,#1178);
#1173 = PLANE('',#1174);
#1174 = AXIS2_PLACEMENT_3D('',#1175,#1176,#1177);
#1175 = CARTESIAN_POINT('',(-64.25,65.25,125.));
#1176 = DIRECTION('',(0.,1.,0.));
#1177 = DIRECTION('',(0.,0.,1.));
#1178 = DEFINITIONAL_REPRESENTATION('',(#1179),#1183);
#1179 = LINE('',#1180,#1181);
#1180 = CARTESIAN_POINT('',(2.,0.));
#1181 = VECTOR('',#1182,1.);
#1182 = DIRECTION('',(0.,1.));
#1183 = ( GEOMETRIC_REPRESENTATION_CONTEXT(2) 
PARAMETRIC_REPRESENTATION_CONTEXT() REPRESENTATION_CONTEXT('2D SPACE',''
  ) );
#1184 = ORIENTED_EDGE('',*,*,#1185,.F.);
#1185 = EDGE_CURVE('',#1186,#1158,#1188,.T.);
#1186 = VERTEX_POINT('',#1187);
#1187 = CARTESIAN_POINT('',(-1.75,61.25,127.));
#1188 = SURFACE_CURVE('',#1189,(#1194,#1201),.PCURVE_S1.);
#1189 = CIRCLE('',#1190,4.);
#1190 = AXIS2_PLACEMENT_3D('',#1191,#1192,#1193);
#1191 = CARTESIAN_POINT('',(-5.75,61.25,127.));
#1192 = DIRECTION('',(0.,0.,1.));
#1193 = DIRECTION('',(1.,0.,0.));
#1194 = PCURVE('',#399,#1195);
#1195 = DEFINITIONAL_REPRESENTATION('',(#1196),#1200);
#1196 = CIRCLE('',#1197,4.);
#1197 = AXIS2_PLACEMENT_2D('',#1198,#1199);
#1198 = CARTESIAN_POINT('',(59.25,107.25));
#1199 = DIRECTION('',(1.,0.));
#1200 = ( GEOMETRIC_REPRESENTATION_CONTEXT(2) 
PARAMETRIC_REPRESENTATION_CONTEXT() REPRESENTATION_CONTEXT('2D SPACE',''
  ) );
#1201 = PCURVE('',#1202,#1207);
#1202 = CYLINDRICAL_SURFACE('',#1203,4.);
#1203 = AXIS2_PLACEMENT_3D('',#1204,#1205,#1206);
#1204 = CARTESIAN_POINT('',(-5.75,61.25,125.));
#1205 = DIRECTION('',(-0.,-0.,-1.));
#1206 = DIRECTION('',(1.,0.,0.));
#1207 = DEFINITIONAL_REPRESENTATION('',(#1208),#1212);
#1208 = LINE('',#1209,#1210);
#1209 = CARTESIAN_POINT('',(-0.,-2.));
#1210 = VECTOR('',#1211,1.);
#1211 = DIRECTION('',(-1.,0.));
#1212 = ( GEOMETRIC_REPRESENTATION_CONTEXT(2) 
PARAMETRIC_REPRESENTATION_CONTEXT() REPRESENTATION_CONTEXT('2D SPACE',''
  ) );
#1213 = ORIENTED_EDGE('',*,*,#1214,.F.);
#1214 = EDGE_CURVE('',#1215,#1186,#1217,.T.);
#1215 = VERTEX_POINT('',#1216);
#1216 = CARTESIAN_POINT('',(-1.75,-45.25,127.));
#1217 = SURFACE_CURVE('',#1218,(#1222,#1229),.PCURVE_S1.);
#1218 = LINE('',#1219,#1220);
#1219 = CARTESIAN_POINT('',(-1.75,-45.25,127.));
#1220 = VECTOR('',#1221,1.);
#1221 = DIRECTION('',(0.,1.,0.));
#1222 = PCURVE('',#399,#1223);
#1223 = DEFINITIONAL_REPRESENTATION('',(#1224),#1228);
#1224 = LINE('',#1225,#1226);
#1225 = CARTESIAN_POINT('',(63.25,0.75));
#1226 = VECTOR('',#1227,1.);
#1227 = DIRECTION('',(0.,1.));
#1228 = ( GEOMETRIC_REPRESENTATION_CONTEXT(2) 
PARAMETRIC_REPRESENTATION_CONTEXT() REPRESENTATION_CONTEXT('2D SPACE',''
  ) );
#1229 = PCURVE('',#1230,#1235);
#1230 = PLANE('',#1231);
#1231 = AXIS2_PLACEMENT_3D('',#1232,#1233,#1234);
#1232 = CARTESIAN_POINT('',(-1.75,-45.25,125.));
#1233 = DIRECTION('',(1.,0.,0.));
#1234 = DIRECTION('',(0.,0.,1.));
#1235 = DEFINITIONAL_REPRESENTATION('',(#1236),#1240);
#1236 = LINE('',#1237,#1238);
#1237 = CARTESIAN_POINT('',(2.,0.));
#1238 = VECTOR('',#1239,1.);
#1239 = DIRECTION('',(0.,-1.));
#1240 = ( GEOMETRIC_REPRESENTATION_CONTEXT(2) 
PARAMETRIC_REPRESENTATION_CONTEXT() REPRESENTATION_CONTEXT('2D SPACE',''
  ) );
#1241 = ORIENTED_EDGE('',*,*,#1242,.F.);
#1242 = EDGE_CURVE('',#1243,#1215,#1245,.T.);
#1243 = VERTEX_POINT('',#1244);
#1244 = CARTESIAN_POINT('',(-5.75,-49.25,127.));
#1245 = SURFACE_CURVE('',#1246,(#1251,#1258),.PCURVE_S1.);
#1246 = CIRCLE('',#1247,4.);
#1247 = AXIS2_PLACEMENT_3D('',#1248,#1249,#1250);
#1248 = CARTESIAN_POINT('',(-5.75,-45.25,127.));
#1249 = DIRECTION('',(0.,0.,1.));
#1250 = DIRECTION('',(1.,0.,0.));
#1251 = PCURVE('',#399,#1252);
#1252 = DEFINITIONAL_REPRESENTATION('',(#1253),#1257);
#1253 = CIRCLE('',#1254,4.);
#1254 = AXIS2_PLACEMENT_2D('',#1255,#1256);
#1255 = CARTESIAN_POINT('',(59.25,0.75));
#1256 = DIRECTION('',(1.,0.));
#1257 = ( GEOMETRIC_REPRESENTATION_CONTEXT(2) 
PARAMETRIC_REPRESENTATION_CONTEXT() REPRESENTATION_CONTEXT('2D SPACE',''
  ) );
#1258 = PCURVE('',#1259,#1264);
#1259 = CYLINDRICAL_SURFACE('',#1260,4.);
#1260 = AXIS2_PLACEMENT_3D('',#1261,#1262,#1263);
#1261 = CARTESIAN_POINT('',(-5.75,-45.25,125.));
#1262 = DIRECTION('',(-0.,-0.,-1.));
#1263 = DIRECTION('',(1.,0.,0.));
#1264 = DEFINITIONAL_REPRESENTATION('',(#1265),#1269);
#1265 = LINE('',#1266,#1267);
#1266 = CARTESIAN_POINT('',(-0.,-2.));
#1267 = VECTOR('',#1268,1.);
#1268 = DIRECTION('',(-1.,0.));
#1269 = ( GEOMETRIC_REPRESENTATION_CONTEXT(2) 
PARAMETRIC_REPRESENTATION_CONTEXT() REPRESENTATION_CONTEXT('2D SPACE',''
  ) );
#1270 = ORIENTED_EDGE('',*,*,#1271,.F.);
#1271 = EDGE_CURVE('',#1272,#1243,#1274,.T.);
#1272 = VERTEX_POINT('',#1273);
#1273 = CARTESIAN_POINT('',(-9.703489788212,-49.25,127.));
#1274 = SURFACE_CURVE('',#1275,(#1279,#1286),.PCURVE_S1.);
#1275 = LINE('',#1276,#1277);
#1276 = CARTESIAN_POINT('',(-64.25,-49.25,127.));
#1277 = VECTOR('',#1278,1.);
#1278 = DIRECTION('',(1.,0.,0.));
#1279 = PCURVE('',#399,#1280);
#1280 = DEFINITIONAL_REPRESENTATION('',(#1281),#1285);
#1281 = LINE('',#1282,#1283);
#1282 = CARTESIAN_POINT('',(0.75,-3.25));
#1283 = VECTOR('',#1284,1.);
#1284 = DIRECTION('',(1.,0.));
#1285 = ( GEOMETRIC_REPRESENTATION_CONTEXT(2) 
PARAMETRIC_REPRESENTATION_CONTEXT() REPRESENTATION_CONTEXT('2D SPACE',''
  ) );
#1286 = PCURVE('',#1287,#1292);
#1287 = PLANE('',#1288);
#1288 = AXIS2_PLACEMENT_3D('',#1289,#1290,#1291);
#1289 = CARTESIAN_POINT('',(-64.25,-49.25,125.));
#1290 = DIRECTION('',(0.,1.,0.));
#1291 = DIRECTION('',(0.,0.,1.));
#1292 = DEFINITIONAL_REPRESENTATION('',(#1293),#1297);
#1293 = LINE('',#1294,#1295);
#1294 = CARTESIAN_POINT('',(2.,0.));
#1295 = VECTOR('',#1296,1.);
#1296 = DIRECTION('',(0.,1.));
#1297 = ( GEOMETRIC_REPRESENTATION_CONTEXT(2) 
PARAMETRIC_REPRESENTATION_CONTEXT() REPRESENTATION_CONTEXT('2D SPACE',''
  ) );
#1298 = ORIENTED_EDGE('',*,*,#1299,.F.);
#1299 = EDGE_CURVE('',#1300,#1272,#1302,.T.);
#1300 = VERTEX_POINT('',#1301);
#1301 = CARTESIAN_POINT('',(-18.29651021178,-49.25,127.));
#1302 = SURFACE_CURVE('',#1303,(#1308,#1315),.PCURVE_S1.);
#1303 = CIRCLE('',#1304,4.85);
#1304 = AXIS2_PLACEMENT_3D('',#1305,#1306,#1307);
#1305 = CARTESIAN_POINT('',(-14.,-47.,127.));
#1306 = DIRECTION('',(0.,0.,1.));
#1307 = DIRECTION('',(1.,0.,-0.));
#1308 = PCURVE('',#399,#1309);
#1309 = DEFINITIONAL_REPRESENTATION('',(#1310),#1314);
#1310 = CIRCLE('',#1311,4.85);
#1311 = AXIS2_PLACEMENT_2D('',#1312,#1313);
#1312 = CARTESIAN_POINT('',(51.,-1.));
#1313 = DIRECTION('',(1.,0.));
#1314 = ( GEOMETRIC_REPRESENTATION_CONTEXT(2) 
PARAMETRIC_REPRESENTATION_CONTEXT() REPRESENTATION_CONTEXT('2D SPACE',''
  ) );
#1315 = PCURVE('',#1316,#1321);
#1316 = CYLINDRICAL_SURFACE('',#1317,4.85);
#1317 = AXIS2_PLACEMENT_3D('',#1318,#1319,#1320);
#1318 = CARTESIAN_POINT('',(-14.,-47.,124.9));
#1319 = DIRECTION('',(0.,0.,1.));
#1320 = DIRECTION('',(1.,0.,-0.));
#1321 = DEFINITIONAL_REPRESENTATION('',(#1322),#1326);
#1322 = LINE('',#1323,#1324);
#1323 = CARTESIAN_POINT('',(0.,2.1));
#1324 = VECTOR('',#1325,1.);
#1325 = DIRECTION('',(1.,0.));
#1326 = ( GEOMETRIC_REPRESENTATION_CONTEXT(2) 
PARAMETRIC_REPRESENTATION_CONTEXT() REPRESENTATION_CONTEXT('2D SPACE',''
  ) );
#1327 = ORIENTED_EDGE('',*,*,#1328,.F.);
#1328 = EDGE_CURVE('',#1329,#1300,#1331,.T.);
#1329 = VERTEX_POINT('',#1330);
#1330 = CARTESIAN_POINT('',(-51.70348978821,-49.25,127.));
#1331 = SURFACE_CURVE('',#1332,(#1336,#1343),.PCURVE_S1.);
#1332 = LINE('',#1333,#1334);
#1333 = CARTESIAN_POINT('',(-64.25,-49.25,127.));
#1334 = VECTOR('',#1335,1.);
#1335 = DIRECTION('',(1.,0.,0.));
#1336 = PCURVE('',#399,#1337);
#1337 = DEFINITIONAL_REPRESENTATION('',(#1338),#1342);
#1338 = LINE('',#1339,#1340);
#1339 = CARTESIAN_POINT('',(0.75,-3.25));
#1340 = VECTOR('',#1341,1.);
#1341 = DIRECTION('',(1.,0.));
#1342 = ( GEOMETRIC_REPRESENTATION_CONTEXT(2) 
PARAMETRIC_REPRESENTATION_CONTEXT() REPRESENTATION_CONTEXT('2D SPACE',''
  ) );
#1343 = PCURVE('',#1344,#1349);
#1344 = PLANE('',#1345);
#1345 = AXIS2_PLACEMENT_3D('',#1346,#1347,#1348);
#1346 = CARTESIAN_POINT('',(-64.25,-49.25,125.));
#1347 = DIRECTION('',(0.,1.,0.));
#1348 = DIRECTION('',(0.,0.,1.));
#1349 = DEFINITIONAL_REPRESENTATION('',(#1350),#1354);
#1350 = LINE('',#1351,#1352);
#1351 = CARTESIAN_POINT('',(2.,0.));
#1352 = VECTOR('',#1353,1.);
#1353 = DIRECTION('',(0.,1.));
#1354 = ( GEOMETRIC_REPRESENTATION_CONTEXT(2) 
PARAMETRIC_REPRESENTATION_CONTEXT() REPRESENTATION_CONTEXT('2D SPACE',''
  ) );
#1355 = ORIENTED_EDGE('',*,*,#1356,.F.);
#1356 = EDGE_CURVE('',#1357,#1329,#1359,.T.);
#1357 = VERTEX_POINT('',#1358);
#1358 = CARTESIAN_POINT('',(-60.29651021178,-49.25,127.));
#1359 = SURFACE_CURVE('',#1360,(#1365,#1372),.PCURVE_S1.);
#1360 = CIRCLE('',#1361,4.85);
#1361 = AXIS2_PLACEMENT_3D('',#1362,#1363,#1364);
#1362 = CARTESIAN_POINT('',(-56.,-47.,127.));
#1363 = DIRECTION('',(0.,0.,1.));
#1364 = DIRECTION('',(1.,0.,-0.));
#1365 = PCURVE('',#399,#1366);
#1366 = DEFINITIONAL_REPRESENTATION('',(#1367),#1371);
#1367 = CIRCLE('',#1368,4.85);
#1368 = AXIS2_PLACEMENT_2D('',#1369,#1370);
#1369 = CARTESIAN_POINT('',(9.,-1.));
#1370 = DIRECTION('',(1.,0.));
#1371 = ( GEOMETRIC_REPRESENTATION_CONTEXT(2) 
PARAMETRIC_REPRESENTATION_CONTEXT() REPRESENTATION_CONTEXT('2D SPACE',''
  ) );
#1372 = PCURVE('',#1373,#1378);
#1373 = CYLINDRICAL_SURFACE('',#1374,4.85);
#1374 = AXIS2_PLACEMENT_3D('',#1375,#1376,#1377);
#1375 = CARTESIAN_POINT('',(-56.,-47.,124.9));
#1376 = DIRECTION('',(0.,0.,1.));
#1377 = DIRECTION('',(1.,0.,-0.));
#1378 = DEFINITIONAL_REPRESENTATION('',(#1379),#1383);
#1379 = LINE('',#1380,#1381);
#1380 = CARTESIAN_POINT('',(0.,2.1));
#1381 = VECTOR('',#1382,1.);
#1382 = DIRECTION('',(1.,0.));
#1383 = ( GEOMETRIC_REPRESENTATION_CONTEXT(2) 
PARAMETRIC_REPRESENTATION_CONTEXT() REPRESENTATION_CONTEXT('2D SPACE',''
  ) );
#1384 = ORIENTED_EDGE('',*,*,#1385,.F.);
#1385 = EDGE_CURVE('',#1386,#1357,#1388,.T.);
#1386 = VERTEX_POINT('',#1387);
#1387 = CARTESIAN_POINT('',(-64.25,-49.25,127.));
#1388 = SURFACE_CURVE('',#1389,(#1393,#1400),.PCURVE_S1.);
#1389 = LINE('',#1390,#1391);
#1390 = CARTESIAN_POINT('',(-64.25,-49.25,127.));
#1391 = VECTOR('',#1392,1.);
#1392 = DIRECTION('',(1.,0.,0.));
#1393 = PCURVE('',#399,#1394);
#1394 = DEFINITIONAL_REPRESENTATION('',(#1395),#1399);
#1395 = LINE('',#1396,#1397);
#1396 = CARTESIAN_POINT('',(0.75,-3.25));
#1397 = VECTOR('',#1398,1.);
#1398 = DIRECTION('',(1.,0.));
#1399 = ( GEOMETRIC_REPRESENTATION_CONTEXT(2) 
PARAMETRIC_REPRESENTATION_CONTEXT() REPRESENTATION_CONTEXT('2D SPACE',''
  ) );
#1400 = PCURVE('',#1401,#1406);
#1401 = PLANE('',#1402);
#1402 = AXIS2_PLACEMENT_3D('',#1403,#1404,#1405);
#1403 = CARTESIAN_POINT('',(-64.25,-49.25,125.));
#1404 = DIRECTION('',(0.,1.,0.));
#1405 = DIRECTION('',(0.,0.,1.));
#1406 = DEFINITIONAL_REPRESENTATION('',(#1407),#1411);
#1407 = LINE('',#1408,#1409);
#1408 = CARTESIAN_POINT('',(2.,0.));
#1409 = VECTOR('',#1410,1.);
#1410 = DIRECTION('',(0.,1.));
#1411 = ( GEOMETRIC_REPRESENTATION_CONTEXT(2) 
PARAMETRIC_REPRESENTATION_CONTEXT() REPRESENTATION_CONTEXT('2D SPACE',''
  ) );
#1412 = ORIENTED_EDGE('',*,*,#1413,.F.);
#1413 = EDGE_CURVE('',#1414,#1386,#1416,.T.);
#1414 = VERTEX_POINT('',#1415);
#1415 = CARTESIAN_POINT('',(-68.25,-45.25,127.));
#1416 = SURFACE_CURVE('',#1417,(#1422,#1429),.PCURVE_S1.);
#1417 = CIRCLE('',#1418,4.);
#1418 = AXIS2_PLACEMENT_3D('',#1419,#1420,#1421);
#1419 = CARTESIAN_POINT('',(-64.25,-45.25,127.));
#1420 = DIRECTION('',(0.,0.,1.));
#1421 = DIRECTION('',(1.,0.,0.));
#1422 = PCURVE('',#399,#1423);
#1423 = DEFINITIONAL_REPRESENTATION('',(#1424),#1428);
#1424 = CIRCLE('',#1425,4.);
#1425 = AXIS2_PLACEMENT_2D('',#1426,#1427);
#1426 = CARTESIAN_POINT('',(0.75,0.75));
#1427 = DIRECTION('',(1.,0.));
#1428 = ( GEOMETRIC_REPRESENTATION_CONTEXT(2) 
PARAMETRIC_REPRESENTATION_CONTEXT() REPRESENTATION_CONTEXT('2D SPACE',''
  ) );
#1429 = PCURVE('',#1430,#1435);
#1430 = CYLINDRICAL_SURFACE('',#1431,4.);
#1431 = AXIS2_PLACEMENT_3D('',#1432,#1433,#1434);
#1432 = CARTESIAN_POINT('',(-64.25,-45.25,125.));
#1433 = DIRECTION('',(-0.,-0.,-1.));
#1434 = DIRECTION('',(1.,0.,0.));
#1435 = DEFINITIONAL_REPRESENTATION('',(#1436),#1440);
#1436 = LINE('',#1437,#1438);
#1437 = CARTESIAN_POINT('',(-0.,-2.));
#1438 = VECTOR('',#1439,1.);
#1439 = DIRECTION('',(-1.,0.));
#1440 = ( GEOMETRIC_REPRESENTATION_CONTEXT(2) 
PARAMETRIC_REPRESENTATION_CONTEXT() REPRESENTATION_CONTEXT('2D SPACE',''
  ) );
#1441 = ORIENTED_EDGE('',*,*,#1442,.T.);
#1442 = EDGE_CURVE('',#1414,#1015,#1443,.T.);
#1443 = SURFACE_CURVE('',#1444,(#1448,#1455),.PCURVE_S1.);
#1444 = LINE('',#1445,#1446);
#1445 = CARTESIAN_POINT('',(-68.25,-45.25,127.));
#1446 = VECTOR('',#1447,1.);
#1447 = DIRECTION('',(0.,1.,0.));
#1448 = PCURVE('',#399,#1449);
#1449 = DEFINITIONAL_REPRESENTATION('',(#1450),#1454);
#1450 = LINE('',#1451,#1452);
#1451 = CARTESIAN_POINT('',(-3.25,0.75));
#1452 = VECTOR('',#1453,1.);
#1453 = DIRECTION('',(0.,1.));
#1454 = ( GEOMETRIC_REPRESENTATION_CONTEXT(2) 
PARAMETRIC_REPRESENTATION_CONTEXT() REPRESENTATION_CONTEXT('2D SPACE',''
  ) );
#1455 = PCURVE('',#1456,#1461);
#1456 = PLANE('',#1457);
#1457 = AXIS2_PLACEMENT_3D('',#1458,#1459,#1460);
#1458 = CARTESIAN_POINT('',(-68.25,-45.25,125.));
#1459 = DIRECTION('',(1.,0.,0.));
#1460 = DIRECTION('',(0.,0.,1.));
#1461 = DEFINITIONAL_REPRESENTATION('',(#1462),#1466);
#1462 = LINE('',#1463,#1464);
#1463 = CARTESIAN_POINT('',(2.,0.));
#1464 = VECTOR('',#1465,1.);
#1465 = DIRECTION('',(0.,-1.));
#1466 = ( GEOMETRIC_REPRESENTATION_CONTEXT(2) 
PARAMETRIC_REPRESENTATION_CONTEXT() REPRESENTATION_CONTEXT('2D SPACE',''
  ) );
#1467 = ADVANCED_FACE('',(#1468,#1494),#821,.F.);
#1468 = FACE_BOUND('',#1469,.F.);
#1469 = EDGE_LOOP('',(#1470));
#1470 = ORIENTED_EDGE('',*,*,#1471,.T.);
#1471 = EDGE_CURVE('',#1472,#1472,#1474,.T.);
#1472 = VERTEX_POINT('',#1473);
#1473 = CARTESIAN_POINT('',(-51.15,-47.,127.1));
#1474 = SURFACE_CURVE('',#1475,(#1480,#1487),.PCURVE_S1.);
#1475 = CIRCLE('',#1476,4.85);
#1476 = AXIS2_PLACEMENT_3D('',#1477,#1478,#1479);
#1477 = CARTESIAN_POINT('',(-56.,-47.,127.1));
#1478 = DIRECTION('',(0.,0.,1.));
#1479 = DIRECTION('',(1.,0.,-0.));
#1480 = PCURVE('',#821,#1481);
#1481 = DEFINITIONAL_REPRESENTATION('',(#1482),#1486);
#1482 = CIRCLE('',#1483,4.85);
#1483 = AXIS2_PLACEMENT_2D('',#1484,#1485);
#1484 = CARTESIAN_POINT('',(0.,0.));
#1485 = DIRECTION('',(1.,0.));
#1486 = ( GEOMETRIC_REPRESENTATION_CONTEXT(2) 
PARAMETRIC_REPRESENTATION_CONTEXT() REPRESENTATION_CONTEXT('2D SPACE',''
  ) );
#1487 = PCURVE('',#1373,#1488);
#1488 = DEFINITIONAL_REPRESENTATION('',(#1489),#1493);
#1489 = LINE('',#1490,#1491);
#1490 = CARTESIAN_POINT('',(0.,2.2));
#1491 = VECTOR('',#1492,1.);
#1492 = DIRECTION('',(1.,0.));
#1493 = ( GEOMETRIC_REPRESENTATION_CONTEXT(2) 
PARAMETRIC_REPRESENTATION_CONTEXT() REPRESENTATION_CONTEXT('2D SPACE',''
  ) );
#1494 = FACE_BOUND('',#1495,.F.);
#1495 = EDGE_LOOP('',(#1496));
#1496 = ORIENTED_EDGE('',*,*,#806,.F.);
#1497 = ADVANCED_FACE('',(#1498,#1524),#876,.F.);
#1498 = FACE_BOUND('',#1499,.F.);
#1499 = EDGE_LOOP('',(#1500));
#1500 = ORIENTED_EDGE('',*,*,#1501,.T.);
#1501 = EDGE_CURVE('',#1502,#1502,#1504,.T.);
#1502 = VERTEX_POINT('',#1503);
#1503 = CARTESIAN_POINT('',(-9.15,-47.,127.1));
#1504 = SURFACE_CURVE('',#1505,(#1510,#1517),.PCURVE_S1.);
#1505 = CIRCLE('',#1506,4.85);
#1506 = AXIS2_PLACEMENT_3D('',#1507,#1508,#1509);
#1507 = CARTESIAN_POINT('',(-14.,-47.,127.1));
#1508 = DIRECTION('',(0.,0.,1.));
#1509 = DIRECTION('',(1.,0.,-0.));
#1510 = PCURVE('',#876,#1511);
#1511 = DEFINITIONAL_REPRESENTATION('',(#1512),#1516);
#1512 = CIRCLE('',#1513,4.85);
#1513 = AXIS2_PLACEMENT_2D('',#1514,#1515);
#1514 = CARTESIAN_POINT('',(0.,0.));
#1515 = DIRECTION('',(1.,0.));
#1516 = ( GEOMETRIC_REPRESENTATION_CONTEXT(2) 
PARAMETRIC_REPRESENTATION_CONTEXT() REPRESENTATION_CONTEXT('2D SPACE',''
  ) );
#1517 = PCURVE('',#1316,#1518);
#1518 = DEFINITIONAL_REPRESENTATION('',(#1519),#1523);
#1519 = LINE('',#1520,#1521);
#1520 = CARTESIAN_POINT('',(0.,2.2));
#1521 = VECTOR('',#1522,1.);
#1522 = DIRECTION('',(1.,0.));
#1523 = ( GEOMETRIC_REPRESENTATION_CONTEXT(2) 
PARAMETRIC_REPRESENTATION_CONTEXT() REPRESENTATION_CONTEXT('2D SPACE',''
  ) );
#1524 = FACE_BOUND('',#1525,.F.);
#1525 = EDGE_LOOP('',(#1526));
#1526 = ORIENTED_EDGE('',*,*,#861,.F.);
#1527 = ADVANCED_FACE('',(#1528,#1554),#931,.F.);
#1528 = FACE_BOUND('',#1529,.F.);
#1529 = EDGE_LOOP('',(#1530));
#1530 = ORIENTED_EDGE('',*,*,#1531,.T.);
#1531 = EDGE_CURVE('',#1532,#1532,#1534,.T.);
#1532 = VERTEX_POINT('',#1533);
#1533 = CARTESIAN_POINT('',(-51.15,63.,127.1));
#1534 = SURFACE_CURVE('',#1535,(#1540,#1547),.PCURVE_S1.);
#1535 = CIRCLE('',#1536,4.85);
#1536 = AXIS2_PLACEMENT_3D('',#1537,#1538,#1539);
#1537 = CARTESIAN_POINT('',(-56.,63.,127.1));
#1538 = DIRECTION('',(0.,0.,1.));
#1539 = DIRECTION('',(1.,0.,-0.));
#1540 = PCURVE('',#931,#1541);
#1541 = DEFINITIONAL_REPRESENTATION('',(#1542),#1546);
#1542 = CIRCLE('',#1543,4.85);
#1543 = AXIS2_PLACEMENT_2D('',#1544,#1545);
#1544 = CARTESIAN_POINT('',(0.,0.));
#1545 = DIRECTION('',(1.,0.));
#1546 = ( GEOMETRIC_REPRESENTATION_CONTEXT(2) 
PARAMETRIC_REPRESENTATION_CONTEXT() REPRESENTATION_CONTEXT('2D SPACE',''
  ) );
#1547 = PCURVE('',#1088,#1548);
#1548 = DEFINITIONAL_REPRESENTATION('',(#1549),#1553);
#1549 = LINE('',#1550,#1551);
#1550 = CARTESIAN_POINT('',(0.,2.2));
#1551 = VECTOR('',#1552,1.);
#1552 = DIRECTION('',(1.,0.));
#1553 = ( GEOMETRIC_REPRESENTATION_CONTEXT(2) 
PARAMETRIC_REPRESENTATION_CONTEXT() REPRESENTATION_CONTEXT('2D SPACE',''
  ) );
#1554 = FACE_BOUND('',#1555,.F.);
#1555 = EDGE_LOOP('',(#1556));
#1556 = ORIENTED_EDGE('',*,*,#916,.F.);
#1557 = ADVANCED_FACE('',(#1558,#1584),#986,.F.);
#1558 = FACE_BOUND('',#1559,.F.);
#1559 = EDGE_LOOP('',(#1560));
#1560 = ORIENTED_EDGE('',*,*,#1561,.T.);
#1561 = EDGE_CURVE('',#1562,#1562,#1564,.T.);
#1562 = VERTEX_POINT('',#1563);
#1563 = CARTESIAN_POINT('',(-9.15,63.,127.1));
#1564 = SURFACE_CURVE('',#1565,(#1570,#1577),.PCURVE_S1.);
#1565 = CIRCLE('',#1566,4.85);
#1566 = AXIS2_PLACEMENT_3D('',#1567,#1568,#1569);
#1567 = CARTESIAN_POINT('',(-14.,63.,127.1));
#1568 = DIRECTION('',(0.,0.,1.));
#1569 = DIRECTION('',(1.,0.,-0.));
#1570 = PCURVE('',#986,#1571);
#1571 = DEFINITIONAL_REPRESENTATION('',(#1572),#1576);
#1572 = CIRCLE('',#1573,4.85);
#1573 = AXIS2_PLACEMENT_2D('',#1574,#1575);
#1574 = CARTESIAN_POINT('',(0.,0.));
#1575 = DIRECTION('',(1.,0.));
#1576 = ( GEOMETRIC_REPRESENTATION_CONTEXT(2) 
PARAMETRIC_REPRESENTATION_CONTEXT() REPRESENTATION_CONTEXT('2D SPACE',''
  ) );
#1577 = PCURVE('',#1145,#1578);
#1578 = DEFINITIONAL_REPRESENTATION('',(#1579),#1583);
#1579 = LINE('',#1580,#1581);
#1580 = CARTESIAN_POINT('',(0.,2.2));
#1581 = VECTOR('',#1582,1.);
#1582 = DIRECTION('',(1.,0.));
#1583 = ( GEOMETRIC_REPRESENTATION_CONTEXT(2) 
PARAMETRIC_REPRESENTATION_CONTEXT() REPRESENTATION_CONTEXT('2D SPACE',''
  ) );
#1584 = FACE_BOUND('',#1585,.F.);
#1585 = EDGE_LOOP('',(#1586));
#1586 = ORIENTED_EDGE('',*,*,#971,.F.);
#1587 = ADVANCED_FACE('',(#1588),#1031,.T.);
#1588 = FACE_BOUND('',#1589,.F.);
#1589 = EDGE_LOOP('',(#1590,#1621,#1642,#1643));
#1590 = ORIENTED_EDGE('',*,*,#1591,.F.);
#1591 = EDGE_CURVE('',#1592,#1594,#1596,.T.);
#1592 = VERTEX_POINT('',#1593);
#1593 = CARTESIAN_POINT('',(-64.25,65.25,125.));
#1594 = VERTEX_POINT('',#1595);
#1595 = CARTESIAN_POINT('',(-68.25,61.25,125.));
#1596 = SURFACE_CURVE('',#1597,(#1602,#1609),.PCURVE_S1.);
#1597 = CIRCLE('',#1598,4.);
#1598 = AXIS2_PLACEMENT_3D('',#1599,#1600,#1601);
#1599 = CARTESIAN_POINT('',(-64.25,61.25,125.));
#1600 = DIRECTION('',(0.,0.,1.));
#1601 = DIRECTION('',(1.,0.,0.));
#1602 = PCURVE('',#1031,#1603);
#1603 = DEFINITIONAL_REPRESENTATION('',(#1604),#1608);
#1604 = LINE('',#1605,#1606);
#1605 = CARTESIAN_POINT('',(-0.,0.));
#1606 = VECTOR('',#1607,1.);
#1607 = DIRECTION('',(-1.,0.));
#1608 = ( GEOMETRIC_REPRESENTATION_CONTEXT(2) 
PARAMETRIC_REPRESENTATION_CONTEXT() REPRESENTATION_CONTEXT('2D SPACE',''
  ) );
#1609 = PCURVE('',#1610,#1615);
#1610 = PLANE('',#1611);
#1611 = AXIS2_PLACEMENT_3D('',#1612,#1613,#1614);
#1612 = CARTESIAN_POINT('',(-64.25,-45.25,125.));
#1613 = DIRECTION('',(0.,0.,1.));
#1614 = DIRECTION('',(1.,0.,-0.));
#1615 = DEFINITIONAL_REPRESENTATION('',(#1616),#1620);
#1616 = CIRCLE('',#1617,4.);
#1617 = AXIS2_PLACEMENT_2D('',#1618,#1619);
#1618 = CARTESIAN_POINT('',(0.,106.5));
#1619 = DIRECTION('',(1.,0.));
#1620 = ( GEOMETRIC_REPRESENTATION_CONTEXT(2) 
PARAMETRIC_REPRESENTATION_CONTEXT() REPRESENTATION_CONTEXT('2D SPACE',''
  ) );
#1621 = ORIENTED_EDGE('',*,*,#1622,.T.);
#1622 = EDGE_CURVE('',#1592,#1013,#1623,.T.);
#1623 = SURFACE_CURVE('',#1624,(#1628,#1635),.PCURVE_S1.);
#1624 = LINE('',#1625,#1626);
#1625 = CARTESIAN_POINT('',(-64.25,65.25,125.));
#1626 = VECTOR('',#1627,1.);
#1627 = DIRECTION('',(0.,0.,1.));
#1628 = PCURVE('',#1031,#1629);
#1629 = DEFINITIONAL_REPRESENTATION('',(#1630),#1634);
#1630 = LINE('',#1631,#1632);
#1631 = CARTESIAN_POINT('',(-1.570796326795,0.));
#1632 = VECTOR('',#1633,1.);
#1633 = DIRECTION('',(-0.,-1.));
#1634 = ( GEOMETRIC_REPRESENTATION_CONTEXT(2) 
PARAMETRIC_REPRESENTATION_CONTEXT() REPRESENTATION_CONTEXT('2D SPACE',''
  ) );
#1635 = PCURVE('',#1059,#1636);
#1636 = DEFINITIONAL_REPRESENTATION('',(#1637),#1641);
#1637 = LINE('',#1638,#1639);
#1638 = CARTESIAN_POINT('',(0.,0.));
#1639 = VECTOR('',#1640,1.);
#1640 = DIRECTION('',(1.,0.));
#1641 = ( GEOMETRIC_REPRESENTATION_CONTEXT(2) 
PARAMETRIC_REPRESENTATION_CONTEXT() REPRESENTATION_CONTEXT('2D SPACE',''
  ) );
#1642 = ORIENTED_EDGE('',*,*,#1012,.T.);
#1643 = ORIENTED_EDGE('',*,*,#1644,.F.);
#1644 = EDGE_CURVE('',#1594,#1015,#1645,.T.);
#1645 = SURFACE_CURVE('',#1646,(#1650,#1657),.PCURVE_S1.);
#1646 = LINE('',#1647,#1648);
#1647 = CARTESIAN_POINT('',(-68.25,61.25,125.));
#1648 = VECTOR('',#1649,1.);
#1649 = DIRECTION('',(0.,0.,1.));
#1650 = PCURVE('',#1031,#1651);
#1651 = DEFINITIONAL_REPRESENTATION('',(#1652),#1656);
#1652 = LINE('',#1653,#1654);
#1653 = CARTESIAN_POINT('',(-3.14159265359,0.));
#1654 = VECTOR('',#1655,1.);
#1655 = DIRECTION('',(-0.,-1.));
#1656 = ( GEOMETRIC_REPRESENTATION_CONTEXT(2) 
PARAMETRIC_REPRESENTATION_CONTEXT() REPRESENTATION_CONTEXT('2D SPACE',''
  ) );
#1657 = PCURVE('',#1456,#1658);
#1658 = DEFINITIONAL_REPRESENTATION('',(#1659),#1663);
#1659 = LINE('',#1660,#1661);
#1660 = CARTESIAN_POINT('',(0.,-106.5));
#1661 = VECTOR('',#1662,1.);
#1662 = DIRECTION('',(1.,0.));
#1663 = ( GEOMETRIC_REPRESENTATION_CONTEXT(2) 
PARAMETRIC_REPRESENTATION_CONTEXT() REPRESENTATION_CONTEXT('2D SPACE',''
  ) );
#1664 = ADVANCED_FACE('',(#1665),#1456,.F.);
#1665 = FACE_BOUND('',#1666,.F.);
#1666 = EDGE_LOOP('',(#1667,#1690,#1711,#1712));
#1667 = ORIENTED_EDGE('',*,*,#1668,.F.);
#1668 = EDGE_CURVE('',#1669,#1414,#1671,.T.);
#1669 = VERTEX_POINT('',#1670);
#1670 = CARTESIAN_POINT('',(-68.25,-45.25,125.));
#1671 = SURFACE_CURVE('',#1672,(#1676,#1683),.PCURVE_S1.);
#1672 = LINE('',#1673,#1674);
#1673 = CARTESIAN_POINT('',(-68.25,-45.25,125.));
#1674 = VECTOR('',#1675,1.);
#1675 = DIRECTION('',(0.,0.,1.));
#1676 = PCURVE('',#1456,#1677);
#1677 = DEFINITIONAL_REPRESENTATION('',(#1678),#1682);
#1678 = LINE('',#1679,#1680);
#1679 = CARTESIAN_POINT('',(0.,0.));
#1680 = VECTOR('',#1681,1.);
#1681 = DIRECTION('',(1.,0.));
#1682 = ( GEOMETRIC_REPRESENTATION_CONTEXT(2) 
PARAMETRIC_REPRESENTATION_CONTEXT() REPRESENTATION_CONTEXT('2D SPACE',''
  ) );
#1683 = PCURVE('',#1430,#1684);
#1684 = DEFINITIONAL_REPRESENTATION('',(#1685),#1689);
#1685 = LINE('',#1686,#1687);
#1686 = CARTESIAN_POINT('',(-3.14159265359,0.));
#1687 = VECTOR('',#1688,1.);
#1688 = DIRECTION('',(-0.,-1.));
#1689 = ( GEOMETRIC_REPRESENTATION_CONTEXT(2) 
PARAMETRIC_REPRESENTATION_CONTEXT() REPRESENTATION_CONTEXT('2D SPACE',''
  ) );
#1690 = ORIENTED_EDGE('',*,*,#1691,.T.);
#1691 = EDGE_CURVE('',#1669,#1594,#1692,.T.);
#1692 = SURFACE_CURVE('',#1693,(#1697,#1704),.PCURVE_S1.);
#1693 = LINE('',#1694,#1695);
#1694 = CARTESIAN_POINT('',(-68.25,-45.25,125.));
#1695 = VECTOR('',#1696,1.);
#1696 = DIRECTION('',(0.,1.,0.));
#1697 = PCURVE('',#1456,#1698);
#1698 = DEFINITIONAL_REPRESENTATION('',(#1699),#1703);
#1699 = LINE('',#1700,#1701);
#1700 = CARTESIAN_POINT('',(0.,0.));
#1701 = VECTOR('',#1702,1.);
#1702 = DIRECTION('',(0.,-1.));
#1703 = ( GEOMETRIC_REPRESENTATION_CONTEXT(2) 
PARAMETRIC_REPRESENTATION_CONTEXT() REPRESENTATION_CONTEXT('2D SPACE',''
  ) );
#1704 = PCURVE('',#1610,#1705);
#1705 = DEFINITIONAL_REPRESENTATION('',(#1706),#1710);
#1706 = LINE('',#1707,#1708);
#1707 = CARTESIAN_POINT('',(-4.,-7.105427357601E-15));
#1708 = VECTOR('',#1709,1.);
#1709 = DIRECTION('',(0.,1.));
#1710 = ( GEOMETRIC_REPRESENTATION_CONTEXT(2) 
PARAMETRIC_REPRESENTATION_CONTEXT() REPRESENTATION_CONTEXT('2D SPACE',''
  ) );
#1711 = ORIENTED_EDGE('',*,*,#1644,.T.);
#1712 = ORIENTED_EDGE('',*,*,#1442,.F.);
#1713 = ADVANCED_FACE('',(#1714),#1430,.T.);
#1714 = FACE_BOUND('',#1715,.F.);
#1715 = EDGE_LOOP('',(#1716,#1740,#1741,#1742));
#1716 = ORIENTED_EDGE('',*,*,#1717,.F.);
#1717 = EDGE_CURVE('',#1669,#1718,#1720,.T.);
#1718 = VERTEX_POINT('',#1719);
#1719 = CARTESIAN_POINT('',(-64.25,-49.25,125.));
#1720 = SURFACE_CURVE('',#1721,(#1726,#1733),.PCURVE_S1.);
#1721 = CIRCLE('',#1722,4.);
#1722 = AXIS2_PLACEMENT_3D('',#1723,#1724,#1725);
#1723 = CARTESIAN_POINT('',(-64.25,-45.25,125.));
#1724 = DIRECTION('',(0.,0.,1.));
#1725 = DIRECTION('',(1.,0.,0.));
#1726 = PCURVE('',#1430,#1727);
#1727 = DEFINITIONAL_REPRESENTATION('',(#1728),#1732);
#1728 = LINE('',#1729,#1730);
#1729 = CARTESIAN_POINT('',(-0.,0.));
#1730 = VECTOR('',#1731,1.);
#1731 = DIRECTION('',(-1.,0.));
#1732 = ( GEOMETRIC_REPRESENTATION_CONTEXT(2) 
PARAMETRIC_REPRESENTATION_CONTEXT() REPRESENTATION_CONTEXT('2D SPACE',''
  ) );
#1733 = PCURVE('',#1610,#1734);
#1734 = DEFINITIONAL_REPRESENTATION('',(#1735),#1739);
#1735 = CIRCLE('',#1736,4.);
#1736 = AXIS2_PLACEMENT_2D('',#1737,#1738);
#1737 = CARTESIAN_POINT('',(0.,-7.105427357601E-15));
#1738 = DIRECTION('',(1.,0.));
#1739 = ( GEOMETRIC_REPRESENTATION_CONTEXT(2) 
PARAMETRIC_REPRESENTATION_CONTEXT() REPRESENTATION_CONTEXT('2D SPACE',''
  ) );
#1740 = ORIENTED_EDGE('',*,*,#1668,.T.);
#1741 = ORIENTED_EDGE('',*,*,#1413,.T.);
#1742 = ORIENTED_EDGE('',*,*,#1743,.F.);
#1743 = EDGE_CURVE('',#1718,#1386,#1744,.T.);
#1744 = SURFACE_CURVE('',#1745,(#1749,#1756),.PCURVE_S1.);
#1745 = LINE('',#1746,#1747);
#1746 = CARTESIAN_POINT('',(-64.25,-49.25,125.));
#1747 = VECTOR('',#1748,1.);
#1748 = DIRECTION('',(0.,0.,1.));
#1749 = PCURVE('',#1430,#1750);
#1750 = DEFINITIONAL_REPRESENTATION('',(#1751),#1755);
#1751 = LINE('',#1752,#1753);
#1752 = CARTESIAN_POINT('',(-4.712388980385,0.));
#1753 = VECTOR('',#1754,1.);
#1754 = DIRECTION('',(-0.,-1.));
#1755 = ( GEOMETRIC_REPRESENTATION_CONTEXT(2) 
PARAMETRIC_REPRESENTATION_CONTEXT() REPRESENTATION_CONTEXT('2D SPACE',''
  ) );
#1756 = PCURVE('',#1401,#1757);
#1757 = DEFINITIONAL_REPRESENTATION('',(#1758),#1762);
#1758 = LINE('',#1759,#1760);
#1759 = CARTESIAN_POINT('',(0.,0.));
#1760 = VECTOR('',#1761,1.);
#1761 = DIRECTION('',(1.,0.));
#1762 = ( GEOMETRIC_REPRESENTATION_CONTEXT(2) 
PARAMETRIC_REPRESENTATION_CONTEXT() REPRESENTATION_CONTEXT('2D SPACE',''
  ) );
#1763 = ADVANCED_FACE('',(#1764),#1401,.F.);
#1764 = FACE_BOUND('',#1765,.F.);
#1765 = EDGE_LOOP('',(#1766,#1789,#1790,#1791));
#1766 = ORIENTED_EDGE('',*,*,#1767,.F.);
#1767 = EDGE_CURVE('',#1718,#1768,#1770,.T.);
#1768 = VERTEX_POINT('',#1769);
#1769 = CARTESIAN_POINT('',(-60.29651021178,-49.25,125.));
#1770 = SURFACE_CURVE('',#1771,(#1775,#1782),.PCURVE_S1.);
#1771 = LINE('',#1772,#1773);
#1772 = CARTESIAN_POINT('',(-64.25,-49.25,125.));
#1773 = VECTOR('',#1774,1.);
#1774 = DIRECTION('',(1.,0.,0.));
#1775 = PCURVE('',#1401,#1776);
#1776 = DEFINITIONAL_REPRESENTATION('',(#1777),#1781);
#1777 = LINE('',#1778,#1779);
#1778 = CARTESIAN_POINT('',(0.,0.));
#1779 = VECTOR('',#1780,1.);
#1780 = DIRECTION('',(0.,1.));
#1781 = ( GEOMETRIC_REPRESENTATION_CONTEXT(2) 
PARAMETRIC_REPRESENTATION_CONTEXT() REPRESENTATION_CONTEXT('2D SPACE',''
  ) );
#1782 = PCURVE('',#1610,#1783);
#1783 = DEFINITIONAL_REPRESENTATION('',(#1784),#1788);
#1784 = LINE('',#1785,#1786);
#1785 = CARTESIAN_POINT('',(0.,-4.));
#1786 = VECTOR('',#1787,1.);
#1787 = DIRECTION('',(1.,0.));
#1788 = ( GEOMETRIC_REPRESENTATION_CONTEXT(2) 
PARAMETRIC_REPRESENTATION_CONTEXT() REPRESENTATION_CONTEXT('2D SPACE',''
  ) );
#1789 = ORIENTED_EDGE('',*,*,#1743,.T.);
#1790 = ORIENTED_EDGE('',*,*,#1385,.T.);
#1791 = ORIENTED_EDGE('',*,*,#1792,.F.);
#1792 = EDGE_CURVE('',#1768,#1357,#1793,.T.);
#1793 = SURFACE_CURVE('',#1794,(#1798,#1804),.PCURVE_S1.);
#1794 = LINE('',#1795,#1796);
#1795 = CARTESIAN_POINT('',(-60.29651021178,-49.25,124.9));
#1796 = VECTOR('',#1797,1.);
#1797 = DIRECTION('',(0.,0.,1.));
#1798 = PCURVE('',#1401,#1799);
#1799 = DEFINITIONAL_REPRESENTATION('',(#1800),#1803);
#1800 = B_SPLINE_CURVE_WITH_KNOTS('',1,(#1801,#1802),.UNSPECIFIED.,.F.,
  .F.,(2,2),(-6.000000070117E-07,2.2000006),.PIECEWISE_BEZIER_KNOTS.);
#1801 = CARTESIAN_POINT('',(-0.1000006,3.953489788212));
#1802 = CARTESIAN_POINT('',(2.1000006,3.953489788212));
#1803 = ( GEOMETRIC_REPRESENTATION_CONTEXT(2) 
PARAMETRIC_REPRESENTATION_CONTEXT() REPRESENTATION_CONTEXT('2D SPACE',''
  ) );
#1804 = PCURVE('',#1373,#1805);
#1805 = DEFINITIONAL_REPRESENTATION('',(#1806),#1809);
#1806 = B_SPLINE_CURVE_WITH_KNOTS('',1,(#1807,#1808),.UNSPECIFIED.,.F.,
  .F.,(2,2),(-6.000000070117E-07,2.2000006),.PIECEWISE_BEZIER_KNOTS.);
#1807 = CARTESIAN_POINT('',(3.624004951383,-6.000000070117E-07));
#1808 = CARTESIAN_POINT('',(3.624004951383,2.2000006));
#1809 = ( GEOMETRIC_REPRESENTATION_CONTEXT(2) 
PARAMETRIC_REPRESENTATION_CONTEXT() REPRESENTATION_CONTEXT('2D SPACE',''
  ) );
#1810 = ADVANCED_FACE('',(#1811),#1373,.F.);
#1811 = FACE_BOUND('',#1812,.F.);
#1812 = EDGE_LOOP('',(#1813,#1836,#1837,#1838,#1867,#1893,#1922,#1948,
    #1970,#1971,#1972,#1993));
#1813 = ORIENTED_EDGE('',*,*,#1814,.T.);
#1814 = EDGE_CURVE('',#1815,#1472,#1817,.T.);
#1815 = VERTEX_POINT('',#1816);
#1816 = CARTESIAN_POINT('',(-51.15,-47.,125.));
#1817 = SEAM_CURVE('',#1818,(#1822,#1829),.PCURVE_S1.);
#1818 = LINE('',#1819,#1820);
#1819 = CARTESIAN_POINT('',(-51.15,-47.,124.9));
#1820 = VECTOR('',#1821,1.);
#1821 = DIRECTION('',(0.,0.,1.));
#1822 = PCURVE('',#1373,#1823);
#1823 = DEFINITIONAL_REPRESENTATION('',(#1824),#1828);
#1824 = LINE('',#1825,#1826);
#1825 = CARTESIAN_POINT('',(6.28318530718,-0.));
#1826 = VECTOR('',#1827,1.);
#1827 = DIRECTION('',(0.,1.));
#1828 = ( GEOMETRIC_REPRESENTATION_CONTEXT(2) 
PARAMETRIC_REPRESENTATION_CONTEXT() REPRESENTATION_CONTEXT('2D SPACE',''
  ) );
#1829 = PCURVE('',#1373,#1830);
#1830 = DEFINITIONAL_REPRESENTATION('',(#1831),#1835);
#1831 = LINE('',#1832,#1833);
#1832 = CARTESIAN_POINT('',(0.,-0.));
#1833 = VECTOR('',#1834,1.);
#1834 = DIRECTION('',(0.,1.));
#1835 = ( GEOMETRIC_REPRESENTATION_CONTEXT(2) 
PARAMETRIC_REPRESENTATION_CONTEXT() REPRESENTATION_CONTEXT('2D SPACE',''
  ) );
#1836 = ORIENTED_EDGE('',*,*,#1471,.F.);
#1837 = ORIENTED_EDGE('',*,*,#1814,.F.);
#1838 = ORIENTED_EDGE('',*,*,#1839,.T.);
#1839 = EDGE_CURVE('',#1815,#1840,#1842,.T.);
#1840 = VERTEX_POINT('',#1841);
#1841 = CARTESIAN_POINT('',(-51.15232014258,-46.85,125.));
#1842 = SURFACE_CURVE('',#1843,(#1848,#1855),.PCURVE_S1.);
#1843 = CIRCLE('',#1844,4.85);
#1844 = AXIS2_PLACEMENT_3D('',#1845,#1846,#1847);
#1845 = CARTESIAN_POINT('',(-56.,-47.,125.));
#1846 = DIRECTION('',(0.,0.,1.));
#1847 = DIRECTION('',(1.,0.,-0.));
#1848 = PCURVE('',#1373,#1849);
#1849 = DEFINITIONAL_REPRESENTATION('',(#1850),#1854);
#1850 = LINE('',#1851,#1852);
#1851 = CARTESIAN_POINT('',(0.,9.999999999999E-02));
#1852 = VECTOR('',#1853,1.);
#1853 = DIRECTION('',(1.,0.));
#1854 = ( GEOMETRIC_REPRESENTATION_CONTEXT(2) 
PARAMETRIC_REPRESENTATION_CONTEXT() REPRESENTATION_CONTEXT('2D SPACE',''
  ) );
#1855 = PCURVE('',#1856,#1861);
#1856 = PLANE('',#1857);
#1857 = AXIS2_PLACEMENT_3D('',#1858,#1859,#1860);
#1858 = CARTESIAN_POINT('',(-64.25,-45.25,125.));
#1859 = DIRECTION('',(0.,0.,1.));
#1860 = DIRECTION('',(1.,0.,-0.));
#1861 = DEFINITIONAL_REPRESENTATION('',(#1862),#1866);
#1862 = CIRCLE('',#1863,4.85);
#1863 = AXIS2_PLACEMENT_2D('',#1864,#1865);
#1864 = CARTESIAN_POINT('',(8.25,-1.75));
#1865 = DIRECTION('',(1.,0.));
#1866 = ( GEOMETRIC_REPRESENTATION_CONTEXT(2) 
PARAMETRIC_REPRESENTATION_CONTEXT() REPRESENTATION_CONTEXT('2D SPACE',''
  ) );
#1867 = ORIENTED_EDGE('',*,*,#1868,.T.);
#1868 = EDGE_CURVE('',#1840,#1869,#1871,.T.);
#1869 = VERTEX_POINT('',#1870);
#1870 = CARTESIAN_POINT('',(-51.15232014258,-46.85,127.));
#1871 = SURFACE_CURVE('',#1872,(#1876,#1882),.PCURVE_S1.);
#1872 = LINE('',#1873,#1874);
#1873 = CARTESIAN_POINT('',(-51.15232014258,-46.85,124.9));
#1874 = VECTOR('',#1875,1.);
#1875 = DIRECTION('',(0.,0.,1.));
#1876 = PCURVE('',#1373,#1877);
#1877 = DEFINITIONAL_REPRESENTATION('',(#1878),#1881);
#1878 = B_SPLINE_CURVE_WITH_KNOTS('',1,(#1879,#1880),.UNSPECIFIED.,.F.,
  .F.,(2,2),(-6.000000070117E-07,2.2000006),.PIECEWISE_BEZIER_KNOTS.);
#1879 = CARTESIAN_POINT('',(3.093276774713E-02,-6.000000070117E-07));
#1880 = CARTESIAN_POINT('',(3.093276774713E-02,2.2000006));
#1881 = ( GEOMETRIC_REPRESENTATION_CONTEXT(2) 
PARAMETRIC_REPRESENTATION_CONTEXT() REPRESENTATION_CONTEXT('2D SPACE',''
  ) );
#1882 = PCURVE('',#1883,#1888);
#1883 = PLANE('',#1884);
#1884 = AXIS2_PLACEMENT_3D('',#1885,#1886,#1887);
#1885 = CARTESIAN_POINT('',(-64.25,-46.85,124.));
#1886 = DIRECTION('',(0.,1.,0.));
#1887 = DIRECTION('',(0.,0.,1.));
#1888 = DEFINITIONAL_REPRESENTATION('',(#1889),#1892);
#1889 = B_SPLINE_CURVE_WITH_KNOTS('',1,(#1890,#1891),.UNSPECIFIED.,.F.,
  .F.,(2,2),(-6.000000070117E-07,2.2000006),.PIECEWISE_BEZIER_KNOTS.);
#1890 = CARTESIAN_POINT('',(0.8999994,13.097679857416));
#1891 = CARTESIAN_POINT('',(3.1000006,13.097679857416));
#1892 = ( GEOMETRIC_REPRESENTATION_CONTEXT(2) 
PARAMETRIC_REPRESENTATION_CONTEXT() REPRESENTATION_CONTEXT('2D SPACE',''
  ) );
#1893 = ORIENTED_EDGE('',*,*,#1894,.T.);
#1894 = EDGE_CURVE('',#1869,#1895,#1897,.T.);
#1895 = VERTEX_POINT('',#1896);
#1896 = CARTESIAN_POINT('',(-60.84767985741,-46.85,127.));
#1897 = SURFACE_CURVE('',#1898,(#1903,#1910),.PCURVE_S1.);
#1898 = CIRCLE('',#1899,4.85);
#1899 = AXIS2_PLACEMENT_3D('',#1900,#1901,#1902);
#1900 = CARTESIAN_POINT('',(-56.,-47.,127.));
#1901 = DIRECTION('',(0.,0.,1.));
#1902 = DIRECTION('',(1.,0.,-0.));
#1903 = PCURVE('',#1373,#1904);
#1904 = DEFINITIONAL_REPRESENTATION('',(#1905),#1909);
#1905 = LINE('',#1906,#1907);
#1906 = CARTESIAN_POINT('',(0.,2.1));
#1907 = VECTOR('',#1908,1.);
#1908 = DIRECTION('',(1.,0.));
#1909 = ( GEOMETRIC_REPRESENTATION_CONTEXT(2) 
PARAMETRIC_REPRESENTATION_CONTEXT() REPRESENTATION_CONTEXT('2D SPACE',''
  ) );
#1910 = PCURVE('',#1911,#1916);
#1911 = PLANE('',#1912);
#1912 = AXIS2_PLACEMENT_3D('',#1913,#1914,#1915);
#1913 = CARTESIAN_POINT('',(-65.,-46.,127.));
#1914 = DIRECTION('',(0.,0.,1.));
#1915 = DIRECTION('',(1.,0.,-0.));
#1916 = DEFINITIONAL_REPRESENTATION('',(#1917),#1921);
#1917 = CIRCLE('',#1918,4.85);
#1918 = AXIS2_PLACEMENT_2D('',#1919,#1920);
#1919 = CARTESIAN_POINT('',(9.,-1.));
#1920 = DIRECTION('',(1.,0.));
#1921 = ( GEOMETRIC_REPRESENTATION_CONTEXT(2) 
PARAMETRIC_REPRESENTATION_CONTEXT() REPRESENTATION_CONTEXT('2D SPACE',''
  ) );
#1922 = ORIENTED_EDGE('',*,*,#1923,.F.);
#1923 = EDGE_CURVE('',#1924,#1895,#1926,.T.);
#1924 = VERTEX_POINT('',#1925);
#1925 = CARTESIAN_POINT('',(-60.84767985741,-46.85,125.));
#1926 = SURFACE_CURVE('',#1927,(#1931,#1937),.PCURVE_S1.);
#1927 = LINE('',#1928,#1929);
#1928 = CARTESIAN_POINT('',(-60.84767985741,-46.85,124.9));
#1929 = VECTOR('',#1930,1.);
#1930 = DIRECTION('',(0.,0.,1.));
#1931 = PCURVE('',#1373,#1932);
#1932 = DEFINITIONAL_REPRESENTATION('',(#1933),#1936);
#1933 = B_SPLINE_CURVE_WITH_KNOTS('',1,(#1934,#1935),.UNSPECIFIED.,.F.,
  .F.,(2,2),(-6.000000070117E-07,2.2000006),.PIECEWISE_BEZIER_KNOTS.);
#1934 = CARTESIAN_POINT('',(3.110659885843,-6.000000070117E-07));
#1935 = CARTESIAN_POINT('',(3.110659885843,2.2000006));
#1936 = ( GEOMETRIC_REPRESENTATION_CONTEXT(2) 
PARAMETRIC_REPRESENTATION_CONTEXT() REPRESENTATION_CONTEXT('2D SPACE',''
  ) );
#1937 = PCURVE('',#1938,#1943);
#1938 = PLANE('',#1939);
#1939 = AXIS2_PLACEMENT_3D('',#1940,#1941,#1942);
#1940 = CARTESIAN_POINT('',(-64.25,-46.85,124.));
#1941 = DIRECTION('',(0.,1.,0.));
#1942 = DIRECTION('',(0.,0.,1.));
#1943 = DEFINITIONAL_REPRESENTATION('',(#1944),#1947);
#1944 = B_SPLINE_CURVE_WITH_KNOTS('',1,(#1945,#1946),.UNSPECIFIED.,.F.,
  .F.,(2,2),(-6.000000070117E-07,2.2000006),.PIECEWISE_BEZIER_KNOTS.);
#1945 = CARTESIAN_POINT('',(0.8999994,3.402320142584));
#1946 = CARTESIAN_POINT('',(3.1000006,3.402320142584));
#1947 = ( GEOMETRIC_REPRESENTATION_CONTEXT(2) 
PARAMETRIC_REPRESENTATION_CONTEXT() REPRESENTATION_CONTEXT('2D SPACE',''
  ) );
#1948 = ORIENTED_EDGE('',*,*,#1949,.T.);
#1949 = EDGE_CURVE('',#1924,#1768,#1950,.T.);
#1950 = SURFACE_CURVE('',#1951,(#1956,#1963),.PCURVE_S1.);
#1951 = CIRCLE('',#1952,4.85);
#1952 = AXIS2_PLACEMENT_3D('',#1953,#1954,#1955);
#1953 = CARTESIAN_POINT('',(-56.,-47.,125.));
#1954 = DIRECTION('',(0.,0.,1.));
#1955 = DIRECTION('',(1.,0.,-0.));
#1956 = PCURVE('',#1373,#1957);
#1957 = DEFINITIONAL_REPRESENTATION('',(#1958),#1962);
#1958 = LINE('',#1959,#1960);
#1959 = CARTESIAN_POINT('',(0.,9.999999999999E-02));
#1960 = VECTOR('',#1961,1.);
#1961 = DIRECTION('',(1.,0.));
#1962 = ( GEOMETRIC_REPRESENTATION_CONTEXT(2) 
PARAMETRIC_REPRESENTATION_CONTEXT() REPRESENTATION_CONTEXT('2D SPACE',''
  ) );
#1963 = PCURVE('',#1610,#1964);
#1964 = DEFINITIONAL_REPRESENTATION('',(#1965),#1969);
#1965 = CIRCLE('',#1966,4.85);
#1966 = AXIS2_PLACEMENT_2D('',#1967,#1968);
#1967 = CARTESIAN_POINT('',(8.25,-1.75));
#1968 = DIRECTION('',(1.,0.));
#1969 = ( GEOMETRIC_REPRESENTATION_CONTEXT(2) 
PARAMETRIC_REPRESENTATION_CONTEXT() REPRESENTATION_CONTEXT('2D SPACE',''
  ) );
#1970 = ORIENTED_EDGE('',*,*,#1792,.T.);
#1971 = ORIENTED_EDGE('',*,*,#1356,.T.);
#1972 = ORIENTED_EDGE('',*,*,#1973,.F.);
#1973 = EDGE_CURVE('',#1974,#1329,#1976,.T.);
#1974 = VERTEX_POINT('',#1975);
#1975 = CARTESIAN_POINT('',(-51.70348978821,-49.25,125.));
#1976 = SURFACE_CURVE('',#1977,(#1981,#1987),.PCURVE_S1.);
#1977 = LINE('',#1978,#1979);
#1978 = CARTESIAN_POINT('',(-51.70348978821,-49.25,124.9));
#1979 = VECTOR('',#1980,1.);
#1980 = DIRECTION('',(0.,0.,1.));
#1981 = PCURVE('',#1373,#1982);
#1982 = DEFINITIONAL_REPRESENTATION('',(#1983),#1986);
#1983 = B_SPLINE_CURVE_WITH_KNOTS('',1,(#1984,#1985),.UNSPECIFIED.,.F.,
  .F.,(2,2),(-6.000000070117E-07,2.2000006),.PIECEWISE_BEZIER_KNOTS.);
#1984 = CARTESIAN_POINT('',(5.800773009387,-6.000000070117E-07));
#1985 = CARTESIAN_POINT('',(5.800773009387,2.2000006));
#1986 = ( GEOMETRIC_REPRESENTATION_CONTEXT(2) 
PARAMETRIC_REPRESENTATION_CONTEXT() REPRESENTATION_CONTEXT('2D SPACE',''
  ) );
#1987 = PCURVE('',#1344,#1988);
#1988 = DEFINITIONAL_REPRESENTATION('',(#1989),#1992);
#1989 = B_SPLINE_CURVE_WITH_KNOTS('',1,(#1990,#1991),.UNSPECIFIED.,.F.,
  .F.,(2,2),(-6.000000070117E-07,2.2000006),.PIECEWISE_BEZIER_KNOTS.);
#1990 = CARTESIAN_POINT('',(-0.1000006,12.546510211788));
#1991 = CARTESIAN_POINT('',(2.1000006,12.546510211788));
#1992 = ( GEOMETRIC_REPRESENTATION_CONTEXT(2) 
PARAMETRIC_REPRESENTATION_CONTEXT() REPRESENTATION_CONTEXT('2D SPACE',''
  ) );
#1993 = ORIENTED_EDGE('',*,*,#1994,.T.);
#1994 = EDGE_CURVE('',#1974,#1815,#1995,.T.);
#1995 = SURFACE_CURVE('',#1996,(#2001,#2008),.PCURVE_S1.);
#1996 = CIRCLE('',#1997,4.85);
#1997 = AXIS2_PLACEMENT_3D('',#1998,#1999,#2000);
#1998 = CARTESIAN_POINT('',(-56.,-47.,125.));
#1999 = DIRECTION('',(0.,0.,1.));
#2000 = DIRECTION('',(1.,0.,-0.));
#2001 = PCURVE('',#1373,#2002);
#2002 = DEFINITIONAL_REPRESENTATION('',(#2003),#2007);
#2003 = LINE('',#2004,#2005);
#2004 = CARTESIAN_POINT('',(0.,9.999999999999E-02));
#2005 = VECTOR('',#2006,1.);
#2006 = DIRECTION('',(1.,0.));
#2007 = ( GEOMETRIC_REPRESENTATION_CONTEXT(2) 
PARAMETRIC_REPRESENTATION_CONTEXT() REPRESENTATION_CONTEXT('2D SPACE',''
  ) );
#2008 = PCURVE('',#1856,#2009);
#2009 = DEFINITIONAL_REPRESENTATION('',(#2010),#2014);
#2010 = CIRCLE('',#2011,4.85);
#2011 = AXIS2_PLACEMENT_2D('',#2012,#2013);
#2012 = CARTESIAN_POINT('',(8.25,-1.75));
#2013 = DIRECTION('',(1.,0.));
#2014 = ( GEOMETRIC_REPRESENTATION_CONTEXT(2) 
PARAMETRIC_REPRESENTATION_CONTEXT() REPRESENTATION_CONTEXT('2D SPACE',''
  ) );
#2015 = ADVANCED_FACE('',(#2016),#1344,.F.);
#2016 = FACE_BOUND('',#2017,.F.);
#2017 = EDGE_LOOP('',(#2018,#2041,#2042,#2043));
#2018 = ORIENTED_EDGE('',*,*,#2019,.F.);
#2019 = EDGE_CURVE('',#1974,#2020,#2022,.T.);
#2020 = VERTEX_POINT('',#2021);
#2021 = CARTESIAN_POINT('',(-18.29651021178,-49.25,125.));
#2022 = SURFACE_CURVE('',#2023,(#2027,#2034),.PCURVE_S1.);
#2023 = LINE('',#2024,#2025);
#2024 = CARTESIAN_POINT('',(-64.25,-49.25,125.));
#2025 = VECTOR('',#2026,1.);
#2026 = DIRECTION('',(1.,0.,0.));
#2027 = PCURVE('',#1344,#2028);
#2028 = DEFINITIONAL_REPRESENTATION('',(#2029),#2033);
#2029 = LINE('',#2030,#2031);
#2030 = CARTESIAN_POINT('',(0.,0.));
#2031 = VECTOR('',#2032,1.);
#2032 = DIRECTION('',(0.,1.));
#2033 = ( GEOMETRIC_REPRESENTATION_CONTEXT(2) 
PARAMETRIC_REPRESENTATION_CONTEXT() REPRESENTATION_CONTEXT('2D SPACE',''
  ) );
#2034 = PCURVE('',#1856,#2035);
#2035 = DEFINITIONAL_REPRESENTATION('',(#2036),#2040);
#2036 = LINE('',#2037,#2038);
#2037 = CARTESIAN_POINT('',(0.,-4.));
#2038 = VECTOR('',#2039,1.);
#2039 = DIRECTION('',(1.,0.));
#2040 = ( GEOMETRIC_REPRESENTATION_CONTEXT(2) 
PARAMETRIC_REPRESENTATION_CONTEXT() REPRESENTATION_CONTEXT('2D SPACE',''
  ) );
#2041 = ORIENTED_EDGE('',*,*,#1973,.T.);
#2042 = ORIENTED_EDGE('',*,*,#1328,.T.);
#2043 = ORIENTED_EDGE('',*,*,#2044,.F.);
#2044 = EDGE_CURVE('',#2020,#1300,#2045,.T.);
#2045 = SURFACE_CURVE('',#2046,(#2050,#2056),.PCURVE_S1.);
#2046 = LINE('',#2047,#2048);
#2047 = CARTESIAN_POINT('',(-18.29651021178,-49.25,124.9));
#2048 = VECTOR('',#2049,1.);
#2049 = DIRECTION('',(0.,0.,1.));
#2050 = PCURVE('',#1344,#2051);
#2051 = DEFINITIONAL_REPRESENTATION('',(#2052),#2055);
#2052 = B_SPLINE_CURVE_WITH_KNOTS('',1,(#2053,#2054),.UNSPECIFIED.,.F.,
  .F.,(2,2),(-6.000000070117E-07,2.2000006),.PIECEWISE_BEZIER_KNOTS.);
#2053 = CARTESIAN_POINT('',(-0.1000006,45.953489788212));
#2054 = CARTESIAN_POINT('',(2.1000006,45.953489788212));
#2055 = ( GEOMETRIC_REPRESENTATION_CONTEXT(2) 
PARAMETRIC_REPRESENTATION_CONTEXT() REPRESENTATION_CONTEXT('2D SPACE',''
  ) );
#2056 = PCURVE('',#1316,#2057);
#2057 = DEFINITIONAL_REPRESENTATION('',(#2058),#2061);
#2058 = B_SPLINE_CURVE_WITH_KNOTS('',1,(#2059,#2060),.UNSPECIFIED.,.F.,
  .F.,(2,2),(-6.000000070117E-07,2.2000006),.PIECEWISE_BEZIER_KNOTS.);
#2059 = CARTESIAN_POINT('',(3.624004951383,-6.000000070117E-07));
#2060 = CARTESIAN_POINT('',(3.624004951383,2.2000006));
#2061 = ( GEOMETRIC_REPRESENTATION_CONTEXT(2) 
PARAMETRIC_REPRESENTATION_CONTEXT() REPRESENTATION_CONTEXT('2D SPACE',''
  ) );
#2062 = ADVANCED_FACE('',(#2063),#1316,.F.);
#2063 = FACE_BOUND('',#2064,.F.);
#2064 = EDGE_LOOP('',(#2065,#2088,#2089,#2090,#2119,#2145,#2169,#2190,
    #2212,#2213,#2214,#2235));
#2065 = ORIENTED_EDGE('',*,*,#2066,.T.);
#2066 = EDGE_CURVE('',#2067,#1502,#2069,.T.);
#2067 = VERTEX_POINT('',#2068);
#2068 = CARTESIAN_POINT('',(-9.15,-47.,125.));
#2069 = SEAM_CURVE('',#2070,(#2074,#2081),.PCURVE_S1.);
#2070 = LINE('',#2071,#2072);
#2071 = CARTESIAN_POINT('',(-9.15,-47.,124.9));
#2072 = VECTOR('',#2073,1.);
#2073 = DIRECTION('',(0.,0.,1.));
#2074 = PCURVE('',#1316,#2075);
#2075 = DEFINITIONAL_REPRESENTATION('',(#2076),#2080);
#2076 = LINE('',#2077,#2078);
#2077 = CARTESIAN_POINT('',(6.28318530718,-0.));
#2078 = VECTOR('',#2079,1.);
#2079 = DIRECTION('',(0.,1.));
#2080 = ( GEOMETRIC_REPRESENTATION_CONTEXT(2) 
PARAMETRIC_REPRESENTATION_CONTEXT() REPRESENTATION_CONTEXT('2D SPACE',''
  ) );
#2081 = PCURVE('',#1316,#2082);
#2082 = DEFINITIONAL_REPRESENTATION('',(#2083),#2087);
#2083 = LINE('',#2084,#2085);
#2084 = CARTESIAN_POINT('',(0.,-0.));
#2085 = VECTOR('',#2086,1.);
#2086 = DIRECTION('',(0.,1.));
#2087 = ( GEOMETRIC_REPRESENTATION_CONTEXT(2) 
PARAMETRIC_REPRESENTATION_CONTEXT() REPRESENTATION_CONTEXT('2D SPACE',''
  ) );
#2088 = ORIENTED_EDGE('',*,*,#1501,.F.);
#2089 = ORIENTED_EDGE('',*,*,#2066,.F.);
#2090 = ORIENTED_EDGE('',*,*,#2091,.T.);
#2091 = EDGE_CURVE('',#2067,#2092,#2094,.T.);
#2092 = VERTEX_POINT('',#2093);
#2093 = CARTESIAN_POINT('',(-9.152320142584,-46.85,125.));
#2094 = SURFACE_CURVE('',#2095,(#2100,#2107),.PCURVE_S1.);
#2095 = CIRCLE('',#2096,4.85);
#2096 = AXIS2_PLACEMENT_3D('',#2097,#2098,#2099);
#2097 = CARTESIAN_POINT('',(-14.,-47.,125.));
#2098 = DIRECTION('',(0.,0.,1.));
#2099 = DIRECTION('',(1.,0.,-0.));
#2100 = PCURVE('',#1316,#2101);
#2101 = DEFINITIONAL_REPRESENTATION('',(#2102),#2106);
#2102 = LINE('',#2103,#2104);
#2103 = CARTESIAN_POINT('',(0.,9.999999999999E-02));
#2104 = VECTOR('',#2105,1.);
#2105 = DIRECTION('',(1.,0.));
#2106 = ( GEOMETRIC_REPRESENTATION_CONTEXT(2) 
PARAMETRIC_REPRESENTATION_CONTEXT() REPRESENTATION_CONTEXT('2D SPACE',''
  ) );
#2107 = PCURVE('',#2108,#2113);
#2108 = PLANE('',#2109);
#2109 = AXIS2_PLACEMENT_3D('',#2110,#2111,#2112);
#2110 = CARTESIAN_POINT('',(-64.25,-45.25,125.));
#2111 = DIRECTION('',(0.,0.,1.));
#2112 = DIRECTION('',(1.,0.,-0.));
#2113 = DEFINITIONAL_REPRESENTATION('',(#2114),#2118);
#2114 = CIRCLE('',#2115,4.85);
#2115 = AXIS2_PLACEMENT_2D('',#2116,#2117);
#2116 = CARTESIAN_POINT('',(50.25,-1.75));
#2117 = DIRECTION('',(1.,0.));
#2118 = ( GEOMETRIC_REPRESENTATION_CONTEXT(2) 
PARAMETRIC_REPRESENTATION_CONTEXT() REPRESENTATION_CONTEXT('2D SPACE',''
  ) );
#2119 = ORIENTED_EDGE('',*,*,#2120,.T.);
#2120 = EDGE_CURVE('',#2092,#2121,#2123,.T.);
#2121 = VERTEX_POINT('',#2122);
#2122 = CARTESIAN_POINT('',(-9.152320142584,-46.85,127.));
#2123 = SURFACE_CURVE('',#2124,(#2128,#2134),.PCURVE_S1.);
#2124 = LINE('',#2125,#2126);
#2125 = CARTESIAN_POINT('',(-9.152320142584,-46.85,124.9));
#2126 = VECTOR('',#2127,1.);
#2127 = DIRECTION('',(0.,0.,1.));
#2128 = PCURVE('',#1316,#2129);
#2129 = DEFINITIONAL_REPRESENTATION('',(#2130),#2133);
#2130 = B_SPLINE_CURVE_WITH_KNOTS('',1,(#2131,#2132),.UNSPECIFIED.,.F.,
  .F.,(2,2),(-6.000000070117E-07,2.2000006),.PIECEWISE_BEZIER_KNOTS.);
#2131 = CARTESIAN_POINT('',(3.093276774713E-02,-6.000000070117E-07));
#2132 = CARTESIAN_POINT('',(3.093276774713E-02,2.2000006));
#2133 = ( GEOMETRIC_REPRESENTATION_CONTEXT(2) 
PARAMETRIC_REPRESENTATION_CONTEXT() REPRESENTATION_CONTEXT('2D SPACE',''
  ) );
#2134 = PCURVE('',#2135,#2140);
#2135 = PLANE('',#2136);
#2136 = AXIS2_PLACEMENT_3D('',#2137,#2138,#2139);
#2137 = CARTESIAN_POINT('',(-64.25,-46.85,124.));
#2138 = DIRECTION('',(0.,1.,0.));
#2139 = DIRECTION('',(0.,0.,1.));
#2140 = DEFINITIONAL_REPRESENTATION('',(#2141),#2144);
#2141 = B_SPLINE_CURVE_WITH_KNOTS('',1,(#2142,#2143),.UNSPECIFIED.,.F.,
  .F.,(2,2),(-6.000000070117E-07,2.2000006),.PIECEWISE_BEZIER_KNOTS.);
#2142 = CARTESIAN_POINT('',(0.8999994,55.097679857416));
#2143 = CARTESIAN_POINT('',(3.1000006,55.097679857416));
#2144 = ( GEOMETRIC_REPRESENTATION_CONTEXT(2) 
PARAMETRIC_REPRESENTATION_CONTEXT() REPRESENTATION_CONTEXT('2D SPACE',''
  ) );
#2145 = ORIENTED_EDGE('',*,*,#2146,.T.);
#2146 = EDGE_CURVE('',#2121,#2147,#2149,.T.);
#2147 = VERTEX_POINT('',#2148);
#2148 = CARTESIAN_POINT('',(-18.84767985741,-46.85,127.));
#2149 = SURFACE_CURVE('',#2150,(#2155,#2162),.PCURVE_S1.);
#2150 = CIRCLE('',#2151,4.85);
#2151 = AXIS2_PLACEMENT_3D('',#2152,#2153,#2154);
#2152 = CARTESIAN_POINT('',(-14.,-47.,127.));
#2153 = DIRECTION('',(0.,0.,1.));
#2154 = DIRECTION('',(1.,0.,-0.));
#2155 = PCURVE('',#1316,#2156);
#2156 = DEFINITIONAL_REPRESENTATION('',(#2157),#2161);
#2157 = LINE('',#2158,#2159);
#2158 = CARTESIAN_POINT('',(0.,2.1));
#2159 = VECTOR('',#2160,1.);
#2160 = DIRECTION('',(1.,0.));
#2161 = ( GEOMETRIC_REPRESENTATION_CONTEXT(2) 
PARAMETRIC_REPRESENTATION_CONTEXT() REPRESENTATION_CONTEXT('2D SPACE',''
  ) );
#2162 = PCURVE('',#1911,#2163);
#2163 = DEFINITIONAL_REPRESENTATION('',(#2164),#2168);
#2164 = CIRCLE('',#2165,4.85);
#2165 = AXIS2_PLACEMENT_2D('',#2166,#2167);
#2166 = CARTESIAN_POINT('',(51.,-1.));
#2167 = DIRECTION('',(1.,0.));
#2168 = ( GEOMETRIC_REPRESENTATION_CONTEXT(2) 
PARAMETRIC_REPRESENTATION_CONTEXT() REPRESENTATION_CONTEXT('2D SPACE',''
  ) );
#2169 = ORIENTED_EDGE('',*,*,#2170,.F.);
#2170 = EDGE_CURVE('',#2171,#2147,#2173,.T.);
#2171 = VERTEX_POINT('',#2172);
#2172 = CARTESIAN_POINT('',(-18.84767985741,-46.85,125.));
#2173 = SURFACE_CURVE('',#2174,(#2178,#2184),.PCURVE_S1.);
#2174 = LINE('',#2175,#2176);
#2175 = CARTESIAN_POINT('',(-18.84767985741,-46.85,124.9));
#2176 = VECTOR('',#2177,1.);
#2177 = DIRECTION('',(0.,0.,1.));
#2178 = PCURVE('',#1316,#2179);
#2179 = DEFINITIONAL_REPRESENTATION('',(#2180),#2183);
#2180 = B_SPLINE_CURVE_WITH_KNOTS('',1,(#2181,#2182),.UNSPECIFIED.,.F.,
  .F.,(2,2),(-6.000000070117E-07,2.2000006),.PIECEWISE_BEZIER_KNOTS.);
#2181 = CARTESIAN_POINT('',(3.110659885843,-6.000000070117E-07));
#2182 = CARTESIAN_POINT('',(3.110659885843,2.2000006));
#2183 = ( GEOMETRIC_REPRESENTATION_CONTEXT(2) 
PARAMETRIC_REPRESENTATION_CONTEXT() REPRESENTATION_CONTEXT('2D SPACE',''
  ) );
#2184 = PCURVE('',#1883,#2185);
#2185 = DEFINITIONAL_REPRESENTATION('',(#2186),#2189);
#2186 = B_SPLINE_CURVE_WITH_KNOTS('',1,(#2187,#2188),.UNSPECIFIED.,.F.,
  .F.,(2,2),(-6.000000070117E-07,2.2000006),.PIECEWISE_BEZIER_KNOTS.);
#2187 = CARTESIAN_POINT('',(0.8999994,45.402320142584));
#2188 = CARTESIAN_POINT('',(3.1000006,45.402320142584));
#2189 = ( GEOMETRIC_REPRESENTATION_CONTEXT(2) 
PARAMETRIC_REPRESENTATION_CONTEXT() REPRESENTATION_CONTEXT('2D SPACE',''
  ) );
#2190 = ORIENTED_EDGE('',*,*,#2191,.T.);
#2191 = EDGE_CURVE('',#2171,#2020,#2192,.T.);
#2192 = SURFACE_CURVE('',#2193,(#2198,#2205),.PCURVE_S1.);
#2193 = CIRCLE('',#2194,4.85);
#2194 = AXIS2_PLACEMENT_3D('',#2195,#2196,#2197);
#2195 = CARTESIAN_POINT('',(-14.,-47.,125.));
#2196 = DIRECTION('',(0.,0.,1.));
#2197 = DIRECTION('',(1.,0.,-0.));
#2198 = PCURVE('',#1316,#2199);
#2199 = DEFINITIONAL_REPRESENTATION('',(#2200),#2204);
#2200 = LINE('',#2201,#2202);
#2201 = CARTESIAN_POINT('',(0.,9.999999999999E-02));
#2202 = VECTOR('',#2203,1.);
#2203 = DIRECTION('',(1.,0.));
#2204 = ( GEOMETRIC_REPRESENTATION_CONTEXT(2) 
PARAMETRIC_REPRESENTATION_CONTEXT() REPRESENTATION_CONTEXT('2D SPACE',''
  ) );
#2205 = PCURVE('',#1856,#2206);
#2206 = DEFINITIONAL_REPRESENTATION('',(#2207),#2211);
#2207 = CIRCLE('',#2208,4.85);
#2208 = AXIS2_PLACEMENT_2D('',#2209,#2210);
#2209 = CARTESIAN_POINT('',(50.25,-1.75));
#2210 = DIRECTION('',(1.,0.));
#2211 = ( GEOMETRIC_REPRESENTATION_CONTEXT(2) 
PARAMETRIC_REPRESENTATION_CONTEXT() REPRESENTATION_CONTEXT('2D SPACE',''
  ) );
#2212 = ORIENTED_EDGE('',*,*,#2044,.T.);
#2213 = ORIENTED_EDGE('',*,*,#1299,.T.);
#2214 = ORIENTED_EDGE('',*,*,#2215,.F.);
#2215 = EDGE_CURVE('',#2216,#1272,#2218,.T.);
#2216 = VERTEX_POINT('',#2217);
#2217 = CARTESIAN_POINT('',(-9.703489788212,-49.25,125.));
#2218 = SURFACE_CURVE('',#2219,(#2223,#2229),.PCURVE_S1.);
#2219 = LINE('',#2220,#2221);
#2220 = CARTESIAN_POINT('',(-9.703489788212,-49.25,124.9));
#2221 = VECTOR('',#2222,1.);
#2222 = DIRECTION('',(0.,0.,1.));
#2223 = PCURVE('',#1316,#2224);
#2224 = DEFINITIONAL_REPRESENTATION('',(#2225),#2228);
#2225 = B_SPLINE_CURVE_WITH_KNOTS('',1,(#2226,#2227),.UNSPECIFIED.,.F.,
  .F.,(2,2),(-6.000000070117E-07,2.2000006),.PIECEWISE_BEZIER_KNOTS.);
#2226 = CARTESIAN_POINT('',(5.800773009387,-6.000000070117E-07));
#2227 = CARTESIAN_POINT('',(5.800773009387,2.2000006));
#2228 = ( GEOMETRIC_REPRESENTATION_CONTEXT(2) 
PARAMETRIC_REPRESENTATION_CONTEXT() REPRESENTATION_CONTEXT('2D SPACE',''
  ) );
#2229 = PCURVE('',#1287,#2230);
#2230 = DEFINITIONAL_REPRESENTATION('',(#2231),#2234);
#2231 = B_SPLINE_CURVE_WITH_KNOTS('',1,(#2232,#2233),.UNSPECIFIED.,.F.,
  .F.,(2,2),(-6.000000070117E-07,2.2000006),.PIECEWISE_BEZIER_KNOTS.);
#2232 = CARTESIAN_POINT('',(-0.1000006,54.546510211788));
#2233 = CARTESIAN_POINT('',(2.1000006,54.546510211788));
#2234 = ( GEOMETRIC_REPRESENTATION_CONTEXT(2) 
PARAMETRIC_REPRESENTATION_CONTEXT() REPRESENTATION_CONTEXT('2D SPACE',''
  ) );
#2235 = ORIENTED_EDGE('',*,*,#2236,.T.);
#2236 = EDGE_CURVE('',#2216,#2067,#2237,.T.);
#2237 = SURFACE_CURVE('',#2238,(#2243,#2250),.PCURVE_S1.);
#2238 = CIRCLE('',#2239,4.85);
#2239 = AXIS2_PLACEMENT_3D('',#2240,#2241,#2242);
#2240 = CARTESIAN_POINT('',(-14.,-47.,125.));
#2241 = DIRECTION('',(0.,0.,1.));
#2242 = DIRECTION('',(1.,0.,-0.));
#2243 = PCURVE('',#1316,#2244);
#2244 = DEFINITIONAL_REPRESENTATION('',(#2245),#2249);
#2245 = LINE('',#2246,#2247);
#2246 = CARTESIAN_POINT('',(0.,9.999999999999E-02));
#2247 = VECTOR('',#2248,1.);
#2248 = DIRECTION('',(1.,0.));
#2249 = ( GEOMETRIC_REPRESENTATION_CONTEXT(2) 
PARAMETRIC_REPRESENTATION_CONTEXT() REPRESENTATION_CONTEXT('2D SPACE',''
  ) );
#2250 = PCURVE('',#2108,#2251);
#2251 = DEFINITIONAL_REPRESENTATION('',(#2252),#2256);
#2252 = CIRCLE('',#2253,4.85);
#2253 = AXIS2_PLACEMENT_2D('',#2254,#2255);
#2254 = CARTESIAN_POINT('',(50.25,-1.75));
#2255 = DIRECTION('',(1.,0.));
#2256 = ( GEOMETRIC_REPRESENTATION_CONTEXT(2) 
PARAMETRIC_REPRESENTATION_CONTEXT() REPRESENTATION_CONTEXT('2D SPACE',''
  ) );
#2257 = ADVANCED_FACE('',(#2258),#1287,.F.);
#2258 = FACE_BOUND('',#2259,.F.);
#2259 = EDGE_LOOP('',(#2260,#2283,#2284,#2285));
#2260 = ORIENTED_EDGE('',*,*,#2261,.F.);
#2261 = EDGE_CURVE('',#2216,#2262,#2264,.T.);
#2262 = VERTEX_POINT('',#2263);
#2263 = CARTESIAN_POINT('',(-5.75,-49.25,125.));
#2264 = SURFACE_CURVE('',#2265,(#2269,#2276),.PCURVE_S1.);
#2265 = LINE('',#2266,#2267);
#2266 = CARTESIAN_POINT('',(-64.25,-49.25,125.));
#2267 = VECTOR('',#2268,1.);
#2268 = DIRECTION('',(1.,0.,0.));
#2269 = PCURVE('',#1287,#2270);
#2270 = DEFINITIONAL_REPRESENTATION('',(#2271),#2275);
#2271 = LINE('',#2272,#2273);
#2272 = CARTESIAN_POINT('',(0.,0.));
#2273 = VECTOR('',#2274,1.);
#2274 = DIRECTION('',(0.,1.));
#2275 = ( GEOMETRIC_REPRESENTATION_CONTEXT(2) 
PARAMETRIC_REPRESENTATION_CONTEXT() REPRESENTATION_CONTEXT('2D SPACE',''
  ) );
#2276 = PCURVE('',#2108,#2277);
#2277 = DEFINITIONAL_REPRESENTATION('',(#2278),#2282);
#2278 = LINE('',#2279,#2280);
#2279 = CARTESIAN_POINT('',(0.,-4.));
#2280 = VECTOR('',#2281,1.);
#2281 = DIRECTION('',(1.,0.));
#2282 = ( GEOMETRIC_REPRESENTATION_CONTEXT(2) 
PARAMETRIC_REPRESENTATION_CONTEXT() REPRESENTATION_CONTEXT('2D SPACE',''
  ) );
#2283 = ORIENTED_EDGE('',*,*,#2215,.T.);
#2284 = ORIENTED_EDGE('',*,*,#1271,.T.);
#2285 = ORIENTED_EDGE('',*,*,#2286,.F.);
#2286 = EDGE_CURVE('',#2262,#1243,#2287,.T.);
#2287 = SURFACE_CURVE('',#2288,(#2292,#2299),.PCURVE_S1.);
#2288 = LINE('',#2289,#2290);
#2289 = CARTESIAN_POINT('',(-5.75,-49.25,125.));
#2290 = VECTOR('',#2291,1.);
#2291 = DIRECTION('',(0.,0.,1.));
#2292 = PCURVE('',#1287,#2293);
#2293 = DEFINITIONAL_REPRESENTATION('',(#2294),#2298);
#2294 = LINE('',#2295,#2296);
#2295 = CARTESIAN_POINT('',(0.,58.5));
#2296 = VECTOR('',#2297,1.);
#2297 = DIRECTION('',(1.,0.));
#2298 = ( GEOMETRIC_REPRESENTATION_CONTEXT(2) 
PARAMETRIC_REPRESENTATION_CONTEXT() REPRESENTATION_CONTEXT('2D SPACE',''
  ) );
#2299 = PCURVE('',#1259,#2300);
#2300 = DEFINITIONAL_REPRESENTATION('',(#2301),#2305);
#2301 = LINE('',#2302,#2303);
#2302 = CARTESIAN_POINT('',(-4.712388980385,0.));
#2303 = VECTOR('',#2304,1.);
#2304 = DIRECTION('',(-0.,-1.));
#2305 = ( GEOMETRIC_REPRESENTATION_CONTEXT(2) 
PARAMETRIC_REPRESENTATION_CONTEXT() REPRESENTATION_CONTEXT('2D SPACE',''
  ) );
#2306 = ADVANCED_FACE('',(#2307),#1259,.T.);
#2307 = FACE_BOUND('',#2308,.F.);
#2308 = EDGE_LOOP('',(#2309,#2332,#2354,#2355));
#2309 = ORIENTED_EDGE('',*,*,#2310,.F.);
#2310 = EDGE_CURVE('',#2311,#1215,#2313,.T.);
#2311 = VERTEX_POINT('',#2312);
#2312 = CARTESIAN_POINT('',(-1.75,-45.25,125.));
#2313 = SURFACE_CURVE('',#2314,(#2318,#2325),.PCURVE_S1.);
#2314 = LINE('',#2315,#2316);
#2315 = CARTESIAN_POINT('',(-1.75,-45.25,125.));
#2316 = VECTOR('',#2317,1.);
#2317 = DIRECTION('',(0.,0.,1.));
#2318 = PCURVE('',#1259,#2319);
#2319 = DEFINITIONAL_REPRESENTATION('',(#2320),#2324);
#2320 = LINE('',#2321,#2322);
#2321 = CARTESIAN_POINT('',(-6.28318530718,0.));
#2322 = VECTOR('',#2323,1.);
#2323 = DIRECTION('',(-0.,-1.));
#2324 = ( GEOMETRIC_REPRESENTATION_CONTEXT(2) 
PARAMETRIC_REPRESENTATION_CONTEXT() REPRESENTATION_CONTEXT('2D SPACE',''
  ) );
#2325 = PCURVE('',#1230,#2326);
#2326 = DEFINITIONAL_REPRESENTATION('',(#2327),#2331);
#2327 = LINE('',#2328,#2329);
#2328 = CARTESIAN_POINT('',(0.,0.));
#2329 = VECTOR('',#2330,1.);
#2330 = DIRECTION('',(1.,0.));
#2331 = ( GEOMETRIC_REPRESENTATION_CONTEXT(2) 
PARAMETRIC_REPRESENTATION_CONTEXT() REPRESENTATION_CONTEXT('2D SPACE',''
  ) );
#2332 = ORIENTED_EDGE('',*,*,#2333,.F.);
#2333 = EDGE_CURVE('',#2262,#2311,#2334,.T.);
#2334 = SURFACE_CURVE('',#2335,(#2340,#2347),.PCURVE_S1.);
#2335 = CIRCLE('',#2336,4.);
#2336 = AXIS2_PLACEMENT_3D('',#2337,#2338,#2339);
#2337 = CARTESIAN_POINT('',(-5.75,-45.25,125.));
#2338 = DIRECTION('',(0.,0.,1.));
#2339 = DIRECTION('',(1.,0.,0.));
#2340 = PCURVE('',#1259,#2341);
#2341 = DEFINITIONAL_REPRESENTATION('',(#2342),#2346);
#2342 = LINE('',#2343,#2344);
#2343 = CARTESIAN_POINT('',(-0.,0.));
#2344 = VECTOR('',#2345,1.);
#2345 = DIRECTION('',(-1.,0.));
#2346 = ( GEOMETRIC_REPRESENTATION_CONTEXT(2) 
PARAMETRIC_REPRESENTATION_CONTEXT() REPRESENTATION_CONTEXT('2D SPACE',''
  ) );
#2347 = PCURVE('',#2108,#2348);
#2348 = DEFINITIONAL_REPRESENTATION('',(#2349),#2353);
#2349 = CIRCLE('',#2350,4.);
#2350 = AXIS2_PLACEMENT_2D('',#2351,#2352);
#2351 = CARTESIAN_POINT('',(58.5,-7.105427357601E-15));
#2352 = DIRECTION('',(1.,0.));
#2353 = ( GEOMETRIC_REPRESENTATION_CONTEXT(2) 
PARAMETRIC_REPRESENTATION_CONTEXT() REPRESENTATION_CONTEXT('2D SPACE',''
  ) );
#2354 = ORIENTED_EDGE('',*,*,#2286,.T.);
#2355 = ORIENTED_EDGE('',*,*,#1242,.T.);
#2356 = ADVANCED_FACE('',(#2357),#1230,.T.);
#2357 = FACE_BOUND('',#2358,.T.);
#2358 = EDGE_LOOP('',(#2359,#2360,#2383,#2404));
#2359 = ORIENTED_EDGE('',*,*,#2310,.F.);
#2360 = ORIENTED_EDGE('',*,*,#2361,.T.);
#2361 = EDGE_CURVE('',#2311,#2362,#2364,.T.);
#2362 = VERTEX_POINT('',#2363);
#2363 = CARTESIAN_POINT('',(-1.75,61.25,125.));
#2364 = SURFACE_CURVE('',#2365,(#2369,#2376),.PCURVE_S1.);
#2365 = LINE('',#2366,#2367);
#2366 = CARTESIAN_POINT('',(-1.75,-45.25,125.));
#2367 = VECTOR('',#2368,1.);
#2368 = DIRECTION('',(0.,1.,0.));
#2369 = PCURVE('',#1230,#2370);
#2370 = DEFINITIONAL_REPRESENTATION('',(#2371),#2375);
#2371 = LINE('',#2372,#2373);
#2372 = CARTESIAN_POINT('',(0.,0.));
#2373 = VECTOR('',#2374,1.);
#2374 = DIRECTION('',(0.,-1.));
#2375 = ( GEOMETRIC_REPRESENTATION_CONTEXT(2) 
PARAMETRIC_REPRESENTATION_CONTEXT() REPRESENTATION_CONTEXT('2D SPACE',''
  ) );
#2376 = PCURVE('',#2108,#2377);
#2377 = DEFINITIONAL_REPRESENTATION('',(#2378),#2382);
#2378 = LINE('',#2379,#2380);
#2379 = CARTESIAN_POINT('',(62.5,-7.105427357601E-15));
#2380 = VECTOR('',#2381,1.);
#2381 = DIRECTION('',(0.,1.));
#2382 = ( GEOMETRIC_REPRESENTATION_CONTEXT(2) 
PARAMETRIC_REPRESENTATION_CONTEXT() REPRESENTATION_CONTEXT('2D SPACE',''
  ) );
#2383 = ORIENTED_EDGE('',*,*,#2384,.T.);
#2384 = EDGE_CURVE('',#2362,#1186,#2385,.T.);
#2385 = SURFACE_CURVE('',#2386,(#2390,#2397),.PCURVE_S1.);
#2386 = LINE('',#2387,#2388);
#2387 = CARTESIAN_POINT('',(-1.75,61.25,125.));
#2388 = VECTOR('',#2389,1.);
#2389 = DIRECTION('',(0.,0.,1.));
#2390 = PCURVE('',#1230,#2391);
#2391 = DEFINITIONAL_REPRESENTATION('',(#2392),#2396);
#2392 = LINE('',#2393,#2394);
#2393 = CARTESIAN_POINT('',(0.,-106.5));
#2394 = VECTOR('',#2395,1.);
#2395 = DIRECTION('',(1.,0.));
#2396 = ( GEOMETRIC_REPRESENTATION_CONTEXT(2) 
PARAMETRIC_REPRESENTATION_CONTEXT() REPRESENTATION_CONTEXT('2D SPACE',''
  ) );
#2397 = PCURVE('',#1202,#2398);
#2398 = DEFINITIONAL_REPRESENTATION('',(#2399),#2403);
#2399 = LINE('',#2400,#2401);
#2400 = CARTESIAN_POINT('',(-0.,0.));
#2401 = VECTOR('',#2402,1.);
#2402 = DIRECTION('',(-0.,-1.));
#2403 = ( GEOMETRIC_REPRESENTATION_CONTEXT(2) 
PARAMETRIC_REPRESENTATION_CONTEXT() REPRESENTATION_CONTEXT('2D SPACE',''
  ) );
#2404 = ORIENTED_EDGE('',*,*,#1214,.F.);
#2405 = ADVANCED_FACE('',(#2406),#1202,.T.);
#2406 = FACE_BOUND('',#2407,.F.);
#2407 = EDGE_LOOP('',(#2408,#2432,#2433,#2434));
#2408 = ORIENTED_EDGE('',*,*,#2409,.F.);
#2409 = EDGE_CURVE('',#2362,#2410,#2412,.T.);
#2410 = VERTEX_POINT('',#2411);
#2411 = CARTESIAN_POINT('',(-5.75,65.25,125.));
#2412 = SURFACE_CURVE('',#2413,(#2418,#2425),.PCURVE_S1.);
#2413 = CIRCLE('',#2414,4.);
#2414 = AXIS2_PLACEMENT_3D('',#2415,#2416,#2417);
#2415 = CARTESIAN_POINT('',(-5.75,61.25,125.));
#2416 = DIRECTION('',(0.,0.,1.));
#2417 = DIRECTION('',(1.,0.,0.));
#2418 = PCURVE('',#1202,#2419);
#2419 = DEFINITIONAL_REPRESENTATION('',(#2420),#2424);
#2420 = LINE('',#2421,#2422);
#2421 = CARTESIAN_POINT('',(-0.,0.));
#2422 = VECTOR('',#2423,1.);
#2423 = DIRECTION('',(-1.,0.));
#2424 = ( GEOMETRIC_REPRESENTATION_CONTEXT(2) 
PARAMETRIC_REPRESENTATION_CONTEXT() REPRESENTATION_CONTEXT('2D SPACE',''
  ) );
#2425 = PCURVE('',#2108,#2426);
#2426 = DEFINITIONAL_REPRESENTATION('',(#2427),#2431);
#2427 = CIRCLE('',#2428,4.);
#2428 = AXIS2_PLACEMENT_2D('',#2429,#2430);
#2429 = CARTESIAN_POINT('',(58.5,106.5));
#2430 = DIRECTION('',(1.,0.));
#2431 = ( GEOMETRIC_REPRESENTATION_CONTEXT(2) 
PARAMETRIC_REPRESENTATION_CONTEXT() REPRESENTATION_CONTEXT('2D SPACE',''
  ) );
#2432 = ORIENTED_EDGE('',*,*,#2384,.T.);
#2433 = ORIENTED_EDGE('',*,*,#1185,.T.);
#2434 = ORIENTED_EDGE('',*,*,#2435,.F.);
#2435 = EDGE_CURVE('',#2410,#1158,#2436,.T.);
#2436 = SURFACE_CURVE('',#2437,(#2441,#2448),.PCURVE_S1.);
#2437 = LINE('',#2438,#2439);
#2438 = CARTESIAN_POINT('',(-5.75,65.25,125.));
#2439 = VECTOR('',#2440,1.);
#2440 = DIRECTION('',(0.,0.,1.));
#2441 = PCURVE('',#1202,#2442);
#2442 = DEFINITIONAL_REPRESENTATION('',(#2443),#2447);
#2443 = LINE('',#2444,#2445);
#2444 = CARTESIAN_POINT('',(-1.570796326795,0.));
#2445 = VECTOR('',#2446,1.);
#2446 = DIRECTION('',(-0.,-1.));
#2447 = ( GEOMETRIC_REPRESENTATION_CONTEXT(2) 
PARAMETRIC_REPRESENTATION_CONTEXT() REPRESENTATION_CONTEXT('2D SPACE',''
  ) );
#2448 = PCURVE('',#1173,#2449);
#2449 = DEFINITIONAL_REPRESENTATION('',(#2450),#2454);
#2450 = LINE('',#2451,#2452);
#2451 = CARTESIAN_POINT('',(0.,58.5));
#2452 = VECTOR('',#2453,1.);
#2453 = DIRECTION('',(1.,0.));
#2454 = ( GEOMETRIC_REPRESENTATION_CONTEXT(2) 
PARAMETRIC_REPRESENTATION_CONTEXT() REPRESENTATION_CONTEXT('2D SPACE',''
  ) );
#2455 = ADVANCED_FACE('',(#2456),#1173,.T.);
#2456 = FACE_BOUND('',#2457,.T.);
#2457 = EDGE_LOOP('',(#2458,#2481,#2500,#2501));
#2458 = ORIENTED_EDGE('',*,*,#2459,.F.);
#2459 = EDGE_CURVE('',#2460,#2410,#2462,.T.);
#2460 = VERTEX_POINT('',#2461);
#2461 = CARTESIAN_POINT('',(-9.703489788212,65.25,125.));
#2462 = SURFACE_CURVE('',#2463,(#2467,#2474),.PCURVE_S1.);
#2463 = LINE('',#2464,#2465);
#2464 = CARTESIAN_POINT('',(-64.25,65.25,125.));
#2465 = VECTOR('',#2466,1.);
#2466 = DIRECTION('',(1.,0.,0.));
#2467 = PCURVE('',#1173,#2468);
#2468 = DEFINITIONAL_REPRESENTATION('',(#2469),#2473);
#2469 = LINE('',#2470,#2471);
#2470 = CARTESIAN_POINT('',(0.,0.));
#2471 = VECTOR('',#2472,1.);
#2472 = DIRECTION('',(0.,1.));
#2473 = ( GEOMETRIC_REPRESENTATION_CONTEXT(2) 
PARAMETRIC_REPRESENTATION_CONTEXT() REPRESENTATION_CONTEXT('2D SPACE',''
  ) );
#2474 = PCURVE('',#2108,#2475);
#2475 = DEFINITIONAL_REPRESENTATION('',(#2476),#2480);
#2476 = LINE('',#2477,#2478);
#2477 = CARTESIAN_POINT('',(0.,110.5));
#2478 = VECTOR('',#2479,1.);
#2479 = DIRECTION('',(1.,0.));
#2480 = ( GEOMETRIC_REPRESENTATION_CONTEXT(2) 
PARAMETRIC_REPRESENTATION_CONTEXT() REPRESENTATION_CONTEXT('2D SPACE',''
  ) );
#2481 = ORIENTED_EDGE('',*,*,#2482,.T.);
#2482 = EDGE_CURVE('',#2460,#1129,#2483,.T.);
#2483 = SURFACE_CURVE('',#2484,(#2488,#2494),.PCURVE_S1.);
#2484 = LINE('',#2485,#2486);
#2485 = CARTESIAN_POINT('',(-9.703489788212,65.25,124.9));
#2486 = VECTOR('',#2487,1.);
#2487 = DIRECTION('',(0.,0.,1.));
#2488 = PCURVE('',#1173,#2489);
#2489 = DEFINITIONAL_REPRESENTATION('',(#2490),#2493);
#2490 = B_SPLINE_CURVE_WITH_KNOTS('',1,(#2491,#2492),.UNSPECIFIED.,.F.,
  .F.,(2,2),(-6.000000070117E-07,2.2000006),.PIECEWISE_BEZIER_KNOTS.);
#2491 = CARTESIAN_POINT('',(-0.1000006,54.546510211788));
#2492 = CARTESIAN_POINT('',(2.1000006,54.546510211788));
#2493 = ( GEOMETRIC_REPRESENTATION_CONTEXT(2) 
PARAMETRIC_REPRESENTATION_CONTEXT() REPRESENTATION_CONTEXT('2D SPACE',''
  ) );
#2494 = PCURVE('',#1145,#2495);
#2495 = DEFINITIONAL_REPRESENTATION('',(#2496),#2499);
#2496 = B_SPLINE_CURVE_WITH_KNOTS('',1,(#2497,#2498),.UNSPECIFIED.,.F.,
  .F.,(2,2),(-6.000000070117E-07,2.2000006),.PIECEWISE_BEZIER_KNOTS.);
#2497 = CARTESIAN_POINT('',(0.482412297793,-6.000000070117E-07));
#2498 = CARTESIAN_POINT('',(0.482412297793,2.2000006));
#2499 = ( GEOMETRIC_REPRESENTATION_CONTEXT(2) 
PARAMETRIC_REPRESENTATION_CONTEXT() REPRESENTATION_CONTEXT('2D SPACE',''
  ) );
#2500 = ORIENTED_EDGE('',*,*,#1157,.T.);
#2501 = ORIENTED_EDGE('',*,*,#2435,.F.);
#2502 = ADVANCED_FACE('',(#2503),#1145,.F.);
#2503 = FACE_BOUND('',#2504,.F.);
#2504 = EDGE_LOOP('',(#2505,#2528,#2529,#2530,#2552,#2553,#2554,#2575,
    #2604,#2630,#2654,#2680));
#2505 = ORIENTED_EDGE('',*,*,#2506,.T.);
#2506 = EDGE_CURVE('',#2507,#1562,#2509,.T.);
#2507 = VERTEX_POINT('',#2508);
#2508 = CARTESIAN_POINT('',(-9.15,63.,125.));
#2509 = SEAM_CURVE('',#2510,(#2514,#2521),.PCURVE_S1.);
#2510 = LINE('',#2511,#2512);
#2511 = CARTESIAN_POINT('',(-9.15,63.,124.9));
#2512 = VECTOR('',#2513,1.);
#2513 = DIRECTION('',(0.,0.,1.));
#2514 = PCURVE('',#1145,#2515);
#2515 = DEFINITIONAL_REPRESENTATION('',(#2516),#2520);
#2516 = LINE('',#2517,#2518);
#2517 = CARTESIAN_POINT('',(6.28318530718,-0.));
#2518 = VECTOR('',#2519,1.);
#2519 = DIRECTION('',(0.,1.));
#2520 = ( GEOMETRIC_REPRESENTATION_CONTEXT(2) 
PARAMETRIC_REPRESENTATION_CONTEXT() REPRESENTATION_CONTEXT('2D SPACE',''
  ) );
#2521 = PCURVE('',#1145,#2522);
#2522 = DEFINITIONAL_REPRESENTATION('',(#2523),#2527);
#2523 = LINE('',#2524,#2525);
#2524 = CARTESIAN_POINT('',(0.,-0.));
#2525 = VECTOR('',#2526,1.);
#2526 = DIRECTION('',(0.,1.));
#2527 = ( GEOMETRIC_REPRESENTATION_CONTEXT(2) 
PARAMETRIC_REPRESENTATION_CONTEXT() REPRESENTATION_CONTEXT('2D SPACE',''
  ) );
#2528 = ORIENTED_EDGE('',*,*,#1561,.F.);
#2529 = ORIENTED_EDGE('',*,*,#2506,.F.);
#2530 = ORIENTED_EDGE('',*,*,#2531,.T.);
#2531 = EDGE_CURVE('',#2507,#2460,#2532,.T.);
#2532 = SURFACE_CURVE('',#2533,(#2538,#2545),.PCURVE_S1.);
#2533 = CIRCLE('',#2534,4.85);
#2534 = AXIS2_PLACEMENT_3D('',#2535,#2536,#2537);
#2535 = CARTESIAN_POINT('',(-14.,63.,125.));
#2536 = DIRECTION('',(0.,0.,1.));
#2537 = DIRECTION('',(1.,0.,-0.));
#2538 = PCURVE('',#1145,#2539);
#2539 = DEFINITIONAL_REPRESENTATION('',(#2540),#2544);
#2540 = LINE('',#2541,#2542);
#2541 = CARTESIAN_POINT('',(0.,9.999999999999E-02));
#2542 = VECTOR('',#2543,1.);
#2543 = DIRECTION('',(1.,0.));
#2544 = ( GEOMETRIC_REPRESENTATION_CONTEXT(2) 
PARAMETRIC_REPRESENTATION_CONTEXT() REPRESENTATION_CONTEXT('2D SPACE',''
  ) );
#2545 = PCURVE('',#2108,#2546);
#2546 = DEFINITIONAL_REPRESENTATION('',(#2547),#2551);
#2547 = CIRCLE('',#2548,4.85);
#2548 = AXIS2_PLACEMENT_2D('',#2549,#2550);
#2549 = CARTESIAN_POINT('',(50.25,108.25));
#2550 = DIRECTION('',(1.,0.));
#2551 = ( GEOMETRIC_REPRESENTATION_CONTEXT(2) 
PARAMETRIC_REPRESENTATION_CONTEXT() REPRESENTATION_CONTEXT('2D SPACE',''
  ) );
#2552 = ORIENTED_EDGE('',*,*,#2482,.T.);
#2553 = ORIENTED_EDGE('',*,*,#1128,.T.);
#2554 = ORIENTED_EDGE('',*,*,#2555,.F.);
#2555 = EDGE_CURVE('',#2556,#1101,#2558,.T.);
#2556 = VERTEX_POINT('',#2557);
#2557 = CARTESIAN_POINT('',(-18.29651021178,65.25,125.));
#2558 = SURFACE_CURVE('',#2559,(#2563,#2569),.PCURVE_S1.);
#2559 = LINE('',#2560,#2561);
#2560 = CARTESIAN_POINT('',(-18.29651021178,65.25,124.9));
#2561 = VECTOR('',#2562,1.);
#2562 = DIRECTION('',(0.,0.,1.));
#2563 = PCURVE('',#1145,#2564);
#2564 = DEFINITIONAL_REPRESENTATION('',(#2565),#2568);
#2565 = B_SPLINE_CURVE_WITH_KNOTS('',1,(#2566,#2567),.UNSPECIFIED.,.F.,
  .F.,(2,2),(-6.000000070117E-07,2.2000006),.PIECEWISE_BEZIER_KNOTS.);
#2566 = CARTESIAN_POINT('',(2.659180355797,-6.000000070117E-07));
#2567 = CARTESIAN_POINT('',(2.659180355797,2.2000006));
#2568 = ( GEOMETRIC_REPRESENTATION_CONTEXT(2) 
PARAMETRIC_REPRESENTATION_CONTEXT() REPRESENTATION_CONTEXT('2D SPACE',''
  ) );
#2569 = PCURVE('',#1116,#2570);
#2570 = DEFINITIONAL_REPRESENTATION('',(#2571),#2574);
#2571 = B_SPLINE_CURVE_WITH_KNOTS('',1,(#2572,#2573),.UNSPECIFIED.,.F.,
  .F.,(2,2),(-6.000000070117E-07,2.2000006),.PIECEWISE_BEZIER_KNOTS.);
#2572 = CARTESIAN_POINT('',(-0.1000006,45.953489788212));
#2573 = CARTESIAN_POINT('',(2.1000006,45.953489788212));
#2574 = ( GEOMETRIC_REPRESENTATION_CONTEXT(2) 
PARAMETRIC_REPRESENTATION_CONTEXT() REPRESENTATION_CONTEXT('2D SPACE',''
  ) );
#2575 = ORIENTED_EDGE('',*,*,#2576,.T.);
#2576 = EDGE_CURVE('',#2556,#2577,#2579,.T.);
#2577 = VERTEX_POINT('',#2578);
#2578 = CARTESIAN_POINT('',(-18.84767985741,62.85,125.));
#2579 = SURFACE_CURVE('',#2580,(#2585,#2592),.PCURVE_S1.);
#2580 = CIRCLE('',#2581,4.85);
#2581 = AXIS2_PLACEMENT_3D('',#2582,#2583,#2584);
#2582 = CARTESIAN_POINT('',(-14.,63.,125.));
#2583 = DIRECTION('',(0.,0.,1.));
#2584 = DIRECTION('',(1.,0.,-0.));
#2585 = PCURVE('',#1145,#2586);
#2586 = DEFINITIONAL_REPRESENTATION('',(#2587),#2591);
#2587 = LINE('',#2588,#2589);
#2588 = CARTESIAN_POINT('',(0.,9.999999999999E-02));
#2589 = VECTOR('',#2590,1.);
#2590 = DIRECTION('',(1.,0.));
#2591 = ( GEOMETRIC_REPRESENTATION_CONTEXT(2) 
PARAMETRIC_REPRESENTATION_CONTEXT() REPRESENTATION_CONTEXT('2D SPACE',''
  ) );
#2592 = PCURVE('',#2593,#2598);
#2593 = PLANE('',#2594);
#2594 = AXIS2_PLACEMENT_3D('',#2595,#2596,#2597);
#2595 = CARTESIAN_POINT('',(-64.25,-45.25,125.));
#2596 = DIRECTION('',(0.,0.,1.));
#2597 = DIRECTION('',(1.,0.,-0.));
#2598 = DEFINITIONAL_REPRESENTATION('',(#2599),#2603);
#2599 = CIRCLE('',#2600,4.85);
#2600 = AXIS2_PLACEMENT_2D('',#2601,#2602);
#2601 = CARTESIAN_POINT('',(50.25,108.25));
#2602 = DIRECTION('',(1.,0.));
#2603 = ( GEOMETRIC_REPRESENTATION_CONTEXT(2) 
PARAMETRIC_REPRESENTATION_CONTEXT() REPRESENTATION_CONTEXT('2D SPACE',''
  ) );
#2604 = ORIENTED_EDGE('',*,*,#2605,.T.);
#2605 = EDGE_CURVE('',#2577,#2606,#2608,.T.);
#2606 = VERTEX_POINT('',#2607);
#2607 = CARTESIAN_POINT('',(-18.84767985741,62.85,127.));
#2608 = SURFACE_CURVE('',#2609,(#2613,#2619),.PCURVE_S1.);
#2609 = LINE('',#2610,#2611);
#2610 = CARTESIAN_POINT('',(-18.84767985741,62.85,124.9));
#2611 = VECTOR('',#2612,1.);
#2612 = DIRECTION('',(0.,0.,1.));
#2613 = PCURVE('',#1145,#2614);
#2614 = DEFINITIONAL_REPRESENTATION('',(#2615),#2618);
#2615 = B_SPLINE_CURVE_WITH_KNOTS('',1,(#2616,#2617),.UNSPECIFIED.,.F.,
  .F.,(2,2),(-6.000000070117E-07,2.2000006),.PIECEWISE_BEZIER_KNOTS.);
#2616 = CARTESIAN_POINT('',(3.172525421337,-6.000000070117E-07));
#2617 = CARTESIAN_POINT('',(3.172525421337,2.2000006));
#2618 = ( GEOMETRIC_REPRESENTATION_CONTEXT(2) 
PARAMETRIC_REPRESENTATION_CONTEXT() REPRESENTATION_CONTEXT('2D SPACE',''
  ) );
#2619 = PCURVE('',#2620,#2625);
#2620 = PLANE('',#2621);
#2621 = AXIS2_PLACEMENT_3D('',#2622,#2623,#2624);
#2622 = CARTESIAN_POINT('',(-64.25,62.85,124.));
#2623 = DIRECTION('',(0.,1.,0.));
#2624 = DIRECTION('',(0.,0.,1.));
#2625 = DEFINITIONAL_REPRESENTATION('',(#2626),#2629);
#2626 = B_SPLINE_CURVE_WITH_KNOTS('',1,(#2627,#2628),.UNSPECIFIED.,.F.,
  .F.,(2,2),(-6.000000070117E-07,2.2000006),.PIECEWISE_BEZIER_KNOTS.);
#2627 = CARTESIAN_POINT('',(0.8999994,45.402320142584));
#2628 = CARTESIAN_POINT('',(3.1000006,45.402320142584));
#2629 = ( GEOMETRIC_REPRESENTATION_CONTEXT(2) 
PARAMETRIC_REPRESENTATION_CONTEXT() REPRESENTATION_CONTEXT('2D SPACE',''
  ) );
#2630 = ORIENTED_EDGE('',*,*,#2631,.T.);
#2631 = EDGE_CURVE('',#2606,#2632,#2634,.T.);
#2632 = VERTEX_POINT('',#2633);
#2633 = CARTESIAN_POINT('',(-9.152320142584,62.85,127.));
#2634 = SURFACE_CURVE('',#2635,(#2640,#2647),.PCURVE_S1.);
#2635 = CIRCLE('',#2636,4.85);
#2636 = AXIS2_PLACEMENT_3D('',#2637,#2638,#2639);
#2637 = CARTESIAN_POINT('',(-14.,63.,127.));
#2638 = DIRECTION('',(0.,0.,1.));
#2639 = DIRECTION('',(1.,0.,-0.));
#2640 = PCURVE('',#1145,#2641);
#2641 = DEFINITIONAL_REPRESENTATION('',(#2642),#2646);
#2642 = LINE('',#2643,#2644);
#2643 = CARTESIAN_POINT('',(0.,2.1));
#2644 = VECTOR('',#2645,1.);
#2645 = DIRECTION('',(1.,0.));
#2646 = ( GEOMETRIC_REPRESENTATION_CONTEXT(2) 
PARAMETRIC_REPRESENTATION_CONTEXT() REPRESENTATION_CONTEXT('2D SPACE',''
  ) );
#2647 = PCURVE('',#1911,#2648);
#2648 = DEFINITIONAL_REPRESENTATION('',(#2649),#2653);
#2649 = CIRCLE('',#2650,4.85);
#2650 = AXIS2_PLACEMENT_2D('',#2651,#2652);
#2651 = CARTESIAN_POINT('',(51.,109.));
#2652 = DIRECTION('',(1.,0.));
#2653 = ( GEOMETRIC_REPRESENTATION_CONTEXT(2) 
PARAMETRIC_REPRESENTATION_CONTEXT() REPRESENTATION_CONTEXT('2D SPACE',''
  ) );
#2654 = ORIENTED_EDGE('',*,*,#2655,.F.);
#2655 = EDGE_CURVE('',#2656,#2632,#2658,.T.);
#2656 = VERTEX_POINT('',#2657);
#2657 = CARTESIAN_POINT('',(-9.152320142584,62.85,125.));
#2658 = SURFACE_CURVE('',#2659,(#2663,#2669),.PCURVE_S1.);
#2659 = LINE('',#2660,#2661);
#2660 = CARTESIAN_POINT('',(-9.152320142584,62.85,124.9));
#2661 = VECTOR('',#2662,1.);
#2662 = DIRECTION('',(0.,0.,1.));
#2663 = PCURVE('',#1145,#2664);
#2664 = DEFINITIONAL_REPRESENTATION('',(#2665),#2668);
#2665 = B_SPLINE_CURVE_WITH_KNOTS('',1,(#2666,#2667),.UNSPECIFIED.,.F.,
  .F.,(2,2),(-6.000000070117E-07,2.2000006),.PIECEWISE_BEZIER_KNOTS.);
#2666 = CARTESIAN_POINT('',(6.252252539432,-6.000000070117E-07));
#2667 = CARTESIAN_POINT('',(6.252252539432,2.2000006));
#2668 = ( GEOMETRIC_REPRESENTATION_CONTEXT(2) 
PARAMETRIC_REPRESENTATION_CONTEXT() REPRESENTATION_CONTEXT('2D SPACE',''
  ) );
#2669 = PCURVE('',#2670,#2675);
#2670 = PLANE('',#2671);
#2671 = AXIS2_PLACEMENT_3D('',#2672,#2673,#2674);
#2672 = CARTESIAN_POINT('',(-64.25,62.85,124.));
#2673 = DIRECTION('',(0.,1.,0.));
#2674 = DIRECTION('',(0.,0.,1.));
#2675 = DEFINITIONAL_REPRESENTATION('',(#2676),#2679);
#2676 = B_SPLINE_CURVE_WITH_KNOTS('',1,(#2677,#2678),.UNSPECIFIED.,.F.,
  .F.,(2,2),(-6.000000070117E-07,2.2000006),.PIECEWISE_BEZIER_KNOTS.);
#2677 = CARTESIAN_POINT('',(0.8999994,55.097679857416));
#2678 = CARTESIAN_POINT('',(3.1000006,55.097679857416));
#2679 = ( GEOMETRIC_REPRESENTATION_CONTEXT(2) 
PARAMETRIC_REPRESENTATION_CONTEXT() REPRESENTATION_CONTEXT('2D SPACE',''
  ) );
#2680 = ORIENTED_EDGE('',*,*,#2681,.T.);
#2681 = EDGE_CURVE('',#2656,#2507,#2682,.T.);
#2682 = SURFACE_CURVE('',#2683,(#2688,#2695),.PCURVE_S1.);
#2683 = CIRCLE('',#2684,4.85);
#2684 = AXIS2_PLACEMENT_3D('',#2685,#2686,#2687);
#2685 = CARTESIAN_POINT('',(-14.,63.,125.));
#2686 = DIRECTION('',(0.,0.,1.));
#2687 = DIRECTION('',(1.,0.,-0.));
#2688 = PCURVE('',#1145,#2689);
#2689 = DEFINITIONAL_REPRESENTATION('',(#2690),#2694);
#2690 = LINE('',#2691,#2692);
#2691 = CARTESIAN_POINT('',(0.,9.999999999999E-02));
#2692 = VECTOR('',#2693,1.);
#2693 = DIRECTION('',(1.,0.));
#2694 = ( GEOMETRIC_REPRESENTATION_CONTEXT(2) 
PARAMETRIC_REPRESENTATION_CONTEXT() REPRESENTATION_CONTEXT('2D SPACE',''
  ) );
#2695 = PCURVE('',#2108,#2696);
#2696 = DEFINITIONAL_REPRESENTATION('',(#2697),#2701);
#2697 = CIRCLE('',#2698,4.85);
#2698 = AXIS2_PLACEMENT_2D('',#2699,#2700);
#2699 = CARTESIAN_POINT('',(50.25,108.25));
#2700 = DIRECTION('',(1.,0.));
#2701 = ( GEOMETRIC_REPRESENTATION_CONTEXT(2) 
PARAMETRIC_REPRESENTATION_CONTEXT() REPRESENTATION_CONTEXT('2D SPACE',''
  ) );
#2702 = ADVANCED_FACE('',(#2703),#1116,.T.);
#2703 = FACE_BOUND('',#2704,.T.);
#2704 = EDGE_LOOP('',(#2705,#2728,#2747,#2748));
#2705 = ORIENTED_EDGE('',*,*,#2706,.F.);
#2706 = EDGE_CURVE('',#2707,#2556,#2709,.T.);
#2707 = VERTEX_POINT('',#2708);
#2708 = CARTESIAN_POINT('',(-51.70348978821,65.25,125.));
#2709 = SURFACE_CURVE('',#2710,(#2714,#2721),.PCURVE_S1.);
#2710 = LINE('',#2711,#2712);
#2711 = CARTESIAN_POINT('',(-64.25,65.25,125.));
#2712 = VECTOR('',#2713,1.);
#2713 = DIRECTION('',(1.,0.,0.));
#2714 = PCURVE('',#1116,#2715);
#2715 = DEFINITIONAL_REPRESENTATION('',(#2716),#2720);
#2716 = LINE('',#2717,#2718);
#2717 = CARTESIAN_POINT('',(0.,0.));
#2718 = VECTOR('',#2719,1.);
#2719 = DIRECTION('',(0.,1.));
#2720 = ( GEOMETRIC_REPRESENTATION_CONTEXT(2) 
PARAMETRIC_REPRESENTATION_CONTEXT() REPRESENTATION_CONTEXT('2D SPACE',''
  ) );
#2721 = PCURVE('',#2593,#2722);
#2722 = DEFINITIONAL_REPRESENTATION('',(#2723),#2727);
#2723 = LINE('',#2724,#2725);
#2724 = CARTESIAN_POINT('',(0.,110.5));
#2725 = VECTOR('',#2726,1.);
#2726 = DIRECTION('',(1.,0.));
#2727 = ( GEOMETRIC_REPRESENTATION_CONTEXT(2) 
PARAMETRIC_REPRESENTATION_CONTEXT() REPRESENTATION_CONTEXT('2D SPACE',''
  ) );
#2728 = ORIENTED_EDGE('',*,*,#2729,.T.);
#2729 = EDGE_CURVE('',#2707,#1072,#2730,.T.);
#2730 = SURFACE_CURVE('',#2731,(#2735,#2741),.PCURVE_S1.);
#2731 = LINE('',#2732,#2733);
#2732 = CARTESIAN_POINT('',(-51.70348978821,65.25,124.9));
#2733 = VECTOR('',#2734,1.);
#2734 = DIRECTION('',(0.,0.,1.));
#2735 = PCURVE('',#1116,#2736);
#2736 = DEFINITIONAL_REPRESENTATION('',(#2737),#2740);
#2737 = B_SPLINE_CURVE_WITH_KNOTS('',1,(#2738,#2739),.UNSPECIFIED.,.F.,
  .F.,(2,2),(-6.000000070117E-07,2.2000006),.PIECEWISE_BEZIER_KNOTS.);
#2738 = CARTESIAN_POINT('',(-0.1000006,12.546510211788));
#2739 = CARTESIAN_POINT('',(2.1000006,12.546510211788));
#2740 = ( GEOMETRIC_REPRESENTATION_CONTEXT(2) 
PARAMETRIC_REPRESENTATION_CONTEXT() REPRESENTATION_CONTEXT('2D SPACE',''
  ) );
#2741 = PCURVE('',#1088,#2742);
#2742 = DEFINITIONAL_REPRESENTATION('',(#2743),#2746);
#2743 = B_SPLINE_CURVE_WITH_KNOTS('',1,(#2744,#2745),.UNSPECIFIED.,.F.,
  .F.,(2,2),(-6.000000070117E-07,2.2000006),.PIECEWISE_BEZIER_KNOTS.);
#2744 = CARTESIAN_POINT('',(0.482412297793,-6.000000070117E-07));
#2745 = CARTESIAN_POINT('',(0.482412297793,2.2000006));
#2746 = ( GEOMETRIC_REPRESENTATION_CONTEXT(2) 
PARAMETRIC_REPRESENTATION_CONTEXT() REPRESENTATION_CONTEXT('2D SPACE',''
  ) );
#2747 = ORIENTED_EDGE('',*,*,#1100,.T.);
#2748 = ORIENTED_EDGE('',*,*,#2555,.F.);
#2749 = ADVANCED_FACE('',(#2750),#1088,.F.);
#2750 = FACE_BOUND('',#2751,.F.);
#2751 = EDGE_LOOP('',(#2752,#2775,#2776,#2777,#2799,#2800,#2801,#2822,
    #2846,#2872,#2896,#2917));
#2752 = ORIENTED_EDGE('',*,*,#2753,.T.);
#2753 = EDGE_CURVE('',#2754,#1532,#2756,.T.);
#2754 = VERTEX_POINT('',#2755);
#2755 = CARTESIAN_POINT('',(-51.15,63.,125.));
#2756 = SEAM_CURVE('',#2757,(#2761,#2768),.PCURVE_S1.);
#2757 = LINE('',#2758,#2759);
#2758 = CARTESIAN_POINT('',(-51.15,63.,124.9));
#2759 = VECTOR('',#2760,1.);
#2760 = DIRECTION('',(0.,0.,1.));
#2761 = PCURVE('',#1088,#2762);
#2762 = DEFINITIONAL_REPRESENTATION('',(#2763),#2767);
#2763 = LINE('',#2764,#2765);
#2764 = CARTESIAN_POINT('',(6.28318530718,-0.));
#2765 = VECTOR('',#2766,1.);
#2766 = DIRECTION('',(0.,1.));
#2767 = ( GEOMETRIC_REPRESENTATION_CONTEXT(2) 
PARAMETRIC_REPRESENTATION_CONTEXT() REPRESENTATION_CONTEXT('2D SPACE',''
  ) );
#2768 = PCURVE('',#1088,#2769);
#2769 = DEFINITIONAL_REPRESENTATION('',(#2770),#2774);
#2770 = LINE('',#2771,#2772);
#2771 = CARTESIAN_POINT('',(0.,-0.));
#2772 = VECTOR('',#2773,1.);
#2773 = DIRECTION('',(0.,1.));
#2774 = ( GEOMETRIC_REPRESENTATION_CONTEXT(2) 
PARAMETRIC_REPRESENTATION_CONTEXT() REPRESENTATION_CONTEXT('2D SPACE',''
  ) );
#2775 = ORIENTED_EDGE('',*,*,#1531,.F.);
#2776 = ORIENTED_EDGE('',*,*,#2753,.F.);
#2777 = ORIENTED_EDGE('',*,*,#2778,.T.);
#2778 = EDGE_CURVE('',#2754,#2707,#2779,.T.);
#2779 = SURFACE_CURVE('',#2780,(#2785,#2792),.PCURVE_S1.);
#2780 = CIRCLE('',#2781,4.85);
#2781 = AXIS2_PLACEMENT_3D('',#2782,#2783,#2784);
#2782 = CARTESIAN_POINT('',(-56.,63.,125.));
#2783 = DIRECTION('',(0.,0.,1.));
#2784 = DIRECTION('',(1.,0.,-0.));
#2785 = PCURVE('',#1088,#2786);
#2786 = DEFINITIONAL_REPRESENTATION('',(#2787),#2791);
#2787 = LINE('',#2788,#2789);
#2788 = CARTESIAN_POINT('',(0.,9.999999999999E-02));
#2789 = VECTOR('',#2790,1.);
#2790 = DIRECTION('',(1.,0.));
#2791 = ( GEOMETRIC_REPRESENTATION_CONTEXT(2) 
PARAMETRIC_REPRESENTATION_CONTEXT() REPRESENTATION_CONTEXT('2D SPACE',''
  ) );
#2792 = PCURVE('',#2593,#2793);
#2793 = DEFINITIONAL_REPRESENTATION('',(#2794),#2798);
#2794 = CIRCLE('',#2795,4.85);
#2795 = AXIS2_PLACEMENT_2D('',#2796,#2797);
#2796 = CARTESIAN_POINT('',(8.25,108.25));
#2797 = DIRECTION('',(1.,0.));
#2798 = ( GEOMETRIC_REPRESENTATION_CONTEXT(2) 
PARAMETRIC_REPRESENTATION_CONTEXT() REPRESENTATION_CONTEXT('2D SPACE',''
  ) );
#2799 = ORIENTED_EDGE('',*,*,#2729,.T.);
#2800 = ORIENTED_EDGE('',*,*,#1071,.T.);
#2801 = ORIENTED_EDGE('',*,*,#2802,.F.);
#2802 = EDGE_CURVE('',#2803,#1044,#2805,.T.);
#2803 = VERTEX_POINT('',#2804);
#2804 = CARTESIAN_POINT('',(-60.29651021178,65.25,125.));
#2805 = SURFACE_CURVE('',#2806,(#2810,#2816),.PCURVE_S1.);
#2806 = LINE('',#2807,#2808);
#2807 = CARTESIAN_POINT('',(-60.29651021178,65.25,124.9));
#2808 = VECTOR('',#2809,1.);
#2809 = DIRECTION('',(0.,0.,1.));
#2810 = PCURVE('',#1088,#2811);
#2811 = DEFINITIONAL_REPRESENTATION('',(#2812),#2815);
#2812 = B_SPLINE_CURVE_WITH_KNOTS('',1,(#2813,#2814),.UNSPECIFIED.,.F.,
  .F.,(2,2),(-6.000000070117E-07,2.2000006),.PIECEWISE_BEZIER_KNOTS.);
#2813 = CARTESIAN_POINT('',(2.659180355797,-6.000000070117E-07));
#2814 = CARTESIAN_POINT('',(2.659180355797,2.2000006));
#2815 = ( GEOMETRIC_REPRESENTATION_CONTEXT(2) 
PARAMETRIC_REPRESENTATION_CONTEXT() REPRESENTATION_CONTEXT('2D SPACE',''
  ) );
#2816 = PCURVE('',#1059,#2817);
#2817 = DEFINITIONAL_REPRESENTATION('',(#2818),#2821);
#2818 = B_SPLINE_CURVE_WITH_KNOTS('',1,(#2819,#2820),.UNSPECIFIED.,.F.,
  .F.,(2,2),(-6.000000070117E-07,2.2000006),.PIECEWISE_BEZIER_KNOTS.);
#2819 = CARTESIAN_POINT('',(-0.1000006,3.953489788212));
#2820 = CARTESIAN_POINT('',(2.1000006,3.953489788212));
#2821 = ( GEOMETRIC_REPRESENTATION_CONTEXT(2) 
PARAMETRIC_REPRESENTATION_CONTEXT() REPRESENTATION_CONTEXT('2D SPACE',''
  ) );
#2822 = ORIENTED_EDGE('',*,*,#2823,.T.);
#2823 = EDGE_CURVE('',#2803,#2824,#2826,.T.);
#2824 = VERTEX_POINT('',#2825);
#2825 = CARTESIAN_POINT('',(-60.84767985741,62.85,125.));
#2826 = SURFACE_CURVE('',#2827,(#2832,#2839),.PCURVE_S1.);
#2827 = CIRCLE('',#2828,4.85);
#2828 = AXIS2_PLACEMENT_3D('',#2829,#2830,#2831);
#2829 = CARTESIAN_POINT('',(-56.,63.,125.));
#2830 = DIRECTION('',(0.,0.,1.));
#2831 = DIRECTION('',(1.,0.,-0.));
#2832 = PCURVE('',#1088,#2833);
#2833 = DEFINITIONAL_REPRESENTATION('',(#2834),#2838);
#2834 = LINE('',#2835,#2836);
#2835 = CARTESIAN_POINT('',(0.,9.999999999999E-02));
#2836 = VECTOR('',#2837,1.);
#2837 = DIRECTION('',(1.,0.));
#2838 = ( GEOMETRIC_REPRESENTATION_CONTEXT(2) 
PARAMETRIC_REPRESENTATION_CONTEXT() REPRESENTATION_CONTEXT('2D SPACE',''
  ) );
#2839 = PCURVE('',#1610,#2840);
#2840 = DEFINITIONAL_REPRESENTATION('',(#2841),#2845);
#2841 = CIRCLE('',#2842,4.85);
#2842 = AXIS2_PLACEMENT_2D('',#2843,#2844);
#2843 = CARTESIAN_POINT('',(8.25,108.25));
#2844 = DIRECTION('',(1.,0.));
#2845 = ( GEOMETRIC_REPRESENTATION_CONTEXT(2) 
PARAMETRIC_REPRESENTATION_CONTEXT() REPRESENTATION_CONTEXT('2D SPACE',''
  ) );
#2846 = ORIENTED_EDGE('',*,*,#2847,.T.);
#2847 = EDGE_CURVE('',#2824,#2848,#2850,.T.);
#2848 = VERTEX_POINT('',#2849);
#2849 = CARTESIAN_POINT('',(-60.84767985741,62.85,127.));
#2850 = SURFACE_CURVE('',#2851,(#2855,#2861),.PCURVE_S1.);
#2851 = LINE('',#2852,#2853);
#2852 = CARTESIAN_POINT('',(-60.84767985741,62.85,124.9));
#2853 = VECTOR('',#2854,1.);
#2854 = DIRECTION('',(0.,0.,1.));
#2855 = PCURVE('',#1088,#2856);
#2856 = DEFINITIONAL_REPRESENTATION('',(#2857),#2860);
#2857 = B_SPLINE_CURVE_WITH_KNOTS('',1,(#2858,#2859),.UNSPECIFIED.,.F.,
  .F.,(2,2),(-6.000000070117E-07,2.2000006),.PIECEWISE_BEZIER_KNOTS.);
#2858 = CARTESIAN_POINT('',(3.172525421337,-6.000000070117E-07));
#2859 = CARTESIAN_POINT('',(3.172525421337,2.2000006));
#2860 = ( GEOMETRIC_REPRESENTATION_CONTEXT(2) 
PARAMETRIC_REPRESENTATION_CONTEXT() REPRESENTATION_CONTEXT('2D SPACE',''
  ) );
#2861 = PCURVE('',#2862,#2867);
#2862 = PLANE('',#2863);
#2863 = AXIS2_PLACEMENT_3D('',#2864,#2865,#2866);
#2864 = CARTESIAN_POINT('',(-64.25,62.85,124.));
#2865 = DIRECTION('',(0.,1.,0.));
#2866 = DIRECTION('',(0.,0.,1.));
#2867 = DEFINITIONAL_REPRESENTATION('',(#2868),#2871);
#2868 = B_SPLINE_CURVE_WITH_KNOTS('',1,(#2869,#2870),.UNSPECIFIED.,.F.,
  .F.,(2,2),(-6.000000070117E-07,2.2000006),.PIECEWISE_BEZIER_KNOTS.);
#2869 = CARTESIAN_POINT('',(0.8999994,3.402320142584));
#2870 = CARTESIAN_POINT('',(3.1000006,3.402320142584));
#2871 = ( GEOMETRIC_REPRESENTATION_CONTEXT(2) 
PARAMETRIC_REPRESENTATION_CONTEXT() REPRESENTATION_CONTEXT('2D SPACE',''
  ) );
#2872 = ORIENTED_EDGE('',*,*,#2873,.T.);
#2873 = EDGE_CURVE('',#2848,#2874,#2876,.T.);
#2874 = VERTEX_POINT('',#2875);
#2875 = CARTESIAN_POINT('',(-51.15232014258,62.85,127.));
#2876 = SURFACE_CURVE('',#2877,(#2882,#2889),.PCURVE_S1.);
#2877 = CIRCLE('',#2878,4.85);
#2878 = AXIS2_PLACEMENT_3D('',#2879,#2880,#2881);
#2879 = CARTESIAN_POINT('',(-56.,63.,127.));
#2880 = DIRECTION('',(0.,0.,1.));
#2881 = DIRECTION('',(1.,0.,-0.));
#2882 = PCURVE('',#1088,#2883);
#2883 = DEFINITIONAL_REPRESENTATION('',(#2884),#2888);
#2884 = LINE('',#2885,#2886);
#2885 = CARTESIAN_POINT('',(0.,2.1));
#2886 = VECTOR('',#2887,1.);
#2887 = DIRECTION('',(1.,0.));
#2888 = ( GEOMETRIC_REPRESENTATION_CONTEXT(2) 
PARAMETRIC_REPRESENTATION_CONTEXT() REPRESENTATION_CONTEXT('2D SPACE',''
  ) );
#2889 = PCURVE('',#1911,#2890);
#2890 = DEFINITIONAL_REPRESENTATION('',(#2891),#2895);
#2891 = CIRCLE('',#2892,4.85);
#2892 = AXIS2_PLACEMENT_2D('',#2893,#2894);
#2893 = CARTESIAN_POINT('',(9.,109.));
#2894 = DIRECTION('',(1.,0.));
#2895 = ( GEOMETRIC_REPRESENTATION_CONTEXT(2) 
PARAMETRIC_REPRESENTATION_CONTEXT() REPRESENTATION_CONTEXT('2D SPACE',''
  ) );
#2896 = ORIENTED_EDGE('',*,*,#2897,.F.);
#2897 = EDGE_CURVE('',#2898,#2874,#2900,.T.);
#2898 = VERTEX_POINT('',#2899);
#2899 = CARTESIAN_POINT('',(-51.15232014258,62.85,125.));
#2900 = SURFACE_CURVE('',#2901,(#2905,#2911),.PCURVE_S1.);
#2901 = LINE('',#2902,#2903);
#2902 = CARTESIAN_POINT('',(-51.15232014258,62.85,124.9));
#2903 = VECTOR('',#2904,1.);
#2904 = DIRECTION('',(0.,0.,1.));
#2905 = PCURVE('',#1088,#2906);
#2906 = DEFINITIONAL_REPRESENTATION('',(#2907),#2910);
#2907 = B_SPLINE_CURVE_WITH_KNOTS('',1,(#2908,#2909),.UNSPECIFIED.,.F.,
  .F.,(2,2),(-6.000000070117E-07,2.2000006),.PIECEWISE_BEZIER_KNOTS.);
#2908 = CARTESIAN_POINT('',(6.252252539432,-6.000000070117E-07));
#2909 = CARTESIAN_POINT('',(6.252252539432,2.2000006));
#2910 = ( GEOMETRIC_REPRESENTATION_CONTEXT(2) 
PARAMETRIC_REPRESENTATION_CONTEXT() REPRESENTATION_CONTEXT('2D SPACE',''
  ) );
#2911 = PCURVE('',#2620,#2912);
#2912 = DEFINITIONAL_REPRESENTATION('',(#2913),#2916);
#2913 = B_SPLINE_CURVE_WITH_KNOTS('',1,(#2914,#2915),.UNSPECIFIED.,.F.,
  .F.,(2,2),(-6.000000070117E-07,2.2000006),.PIECEWISE_BEZIER_KNOTS.);
#2914 = CARTESIAN_POINT('',(0.8999994,13.097679857416));
#2915 = CARTESIAN_POINT('',(3.1000006,13.097679857416));
#2916 = ( GEOMETRIC_REPRESENTATION_CONTEXT(2) 
PARAMETRIC_REPRESENTATION_CONTEXT() REPRESENTATION_CONTEXT('2D SPACE',''
  ) );
#2917 = ORIENTED_EDGE('',*,*,#2918,.T.);
#2918 = EDGE_CURVE('',#2898,#2754,#2919,.T.);
#2919 = SURFACE_CURVE('',#2920,(#2925,#2932),.PCURVE_S1.);
#2920 = CIRCLE('',#2921,4.85);
#2921 = AXIS2_PLACEMENT_3D('',#2922,#2923,#2924);
#2922 = CARTESIAN_POINT('',(-56.,63.,125.));
#2923 = DIRECTION('',(0.,0.,1.));
#2924 = DIRECTION('',(1.,0.,-0.));
#2925 = PCURVE('',#1088,#2926);
#2926 = DEFINITIONAL_REPRESENTATION('',(#2927),#2931);
#2927 = LINE('',#2928,#2929);
#2928 = CARTESIAN_POINT('',(0.,9.999999999999E-02));
#2929 = VECTOR('',#2930,1.);
#2930 = DIRECTION('',(1.,0.));
#2931 = ( GEOMETRIC_REPRESENTATION_CONTEXT(2) 
PARAMETRIC_REPRESENTATION_CONTEXT() REPRESENTATION_CONTEXT('2D SPACE',''
  ) );
#2932 = PCURVE('',#2593,#2933);
#2933 = DEFINITIONAL_REPRESENTATION('',(#2934),#2938);
#2934 = CIRCLE('',#2935,4.85);
#2935 = AXIS2_PLACEMENT_2D('',#2936,#2937);
#2936 = CARTESIAN_POINT('',(8.25,108.25));
#2937 = DIRECTION('',(1.,0.));
#2938 = ( GEOMETRIC_REPRESENTATION_CONTEXT(2) 
PARAMETRIC_REPRESENTATION_CONTEXT() REPRESENTATION_CONTEXT('2D SPACE',''
  ) );
#2939 = ADVANCED_FACE('',(#2940),#1059,.T.);
#2940 = FACE_BOUND('',#2941,.T.);
#2941 = EDGE_LOOP('',(#2942,#2963,#2964,#2965));
#2942 = ORIENTED_EDGE('',*,*,#2943,.F.);
#2943 = EDGE_CURVE('',#1592,#2803,#2944,.T.);
#2944 = SURFACE_CURVE('',#2945,(#2949,#2956),.PCURVE_S1.);
#2945 = LINE('',#2946,#2947);
#2946 = CARTESIAN_POINT('',(-64.25,65.25,125.));
#2947 = VECTOR('',#2948,1.);
#2948 = DIRECTION('',(1.,0.,0.));
#2949 = PCURVE('',#1059,#2950);
#2950 = DEFINITIONAL_REPRESENTATION('',(#2951),#2955);
#2951 = LINE('',#2952,#2953);
#2952 = CARTESIAN_POINT('',(0.,0.));
#2953 = VECTOR('',#2954,1.);
#2954 = DIRECTION('',(0.,1.));
#2955 = ( GEOMETRIC_REPRESENTATION_CONTEXT(2) 
PARAMETRIC_REPRESENTATION_CONTEXT() REPRESENTATION_CONTEXT('2D SPACE',''
  ) );
#2956 = PCURVE('',#1610,#2957);
#2957 = DEFINITIONAL_REPRESENTATION('',(#2958),#2962);
#2958 = LINE('',#2959,#2960);
#2959 = CARTESIAN_POINT('',(0.,110.5));
#2960 = VECTOR('',#2961,1.);
#2961 = DIRECTION('',(1.,0.));
#2962 = ( GEOMETRIC_REPRESENTATION_CONTEXT(2) 
PARAMETRIC_REPRESENTATION_CONTEXT() REPRESENTATION_CONTEXT('2D SPACE',''
  ) );
#2963 = ORIENTED_EDGE('',*,*,#1622,.T.);
#2964 = ORIENTED_EDGE('',*,*,#1043,.T.);
#2965 = ORIENTED_EDGE('',*,*,#2802,.F.);
#2966 = ADVANCED_FACE('',(#2967),#1610,.F.);
#2967 = FACE_BOUND('',#2968,.F.);
#2968 = EDGE_LOOP('',(#2969,#2970,#2971,#2972,#2973,#2974,#2975,#2976,
    #2999,#3032,#3060,#3093));
#2969 = ORIENTED_EDGE('',*,*,#2823,.F.);
#2970 = ORIENTED_EDGE('',*,*,#2943,.F.);
#2971 = ORIENTED_EDGE('',*,*,#1591,.T.);
#2972 = ORIENTED_EDGE('',*,*,#1691,.F.);
#2973 = ORIENTED_EDGE('',*,*,#1717,.T.);
#2974 = ORIENTED_EDGE('',*,*,#1767,.T.);
#2975 = ORIENTED_EDGE('',*,*,#1949,.F.);
#2976 = ORIENTED_EDGE('',*,*,#2977,.T.);
#2977 = EDGE_CURVE('',#1924,#2978,#2980,.T.);
#2978 = VERTEX_POINT('',#2979);
#2979 = CARTESIAN_POINT('',(-64.25,-46.85,125.));
#2980 = SURFACE_CURVE('',#2981,(#2985,#2992),.PCURVE_S1.);
#2981 = LINE('',#2982,#2983);
#2982 = CARTESIAN_POINT('',(-64.25,-46.85,125.));
#2983 = VECTOR('',#2984,1.);
#2984 = DIRECTION('',(-1.,0.,0.));
#2985 = PCURVE('',#1610,#2986);
#2986 = DEFINITIONAL_REPRESENTATION('',(#2987),#2991);
#2987 = LINE('',#2988,#2989);
#2988 = CARTESIAN_POINT('',(0.,-1.6));
#2989 = VECTOR('',#2990,1.);
#2990 = DIRECTION('',(-1.,0.));
#2991 = ( GEOMETRIC_REPRESENTATION_CONTEXT(2) 
PARAMETRIC_REPRESENTATION_CONTEXT() REPRESENTATION_CONTEXT('2D SPACE',''
  ) );
#2992 = PCURVE('',#1938,#2993);
#2993 = DEFINITIONAL_REPRESENTATION('',(#2994),#2998);
#2994 = LINE('',#2995,#2996);
#2995 = CARTESIAN_POINT('',(1.,0.));
#2996 = VECTOR('',#2997,1.);
#2997 = DIRECTION('',(0.,-1.));
#2998 = ( GEOMETRIC_REPRESENTATION_CONTEXT(2) 
PARAMETRIC_REPRESENTATION_CONTEXT() REPRESENTATION_CONTEXT('2D SPACE',''
  ) );
#2999 = ORIENTED_EDGE('',*,*,#3000,.T.);
#3000 = EDGE_CURVE('',#2978,#3001,#3003,.T.);
#3001 = VERTEX_POINT('',#3002);
#3002 = CARTESIAN_POINT('',(-65.85,-45.25,125.));
#3003 = SURFACE_CURVE('',#3004,(#3009,#3020),.PCURVE_S1.);
#3004 = CIRCLE('',#3005,1.6);
#3005 = AXIS2_PLACEMENT_3D('',#3006,#3007,#3008);
#3006 = CARTESIAN_POINT('',(-64.25,-45.25,125.));
#3007 = DIRECTION('',(0.,0.,-1.));
#3008 = DIRECTION('',(1.,0.,0.));
#3009 = PCURVE('',#1610,#3010);
#3010 = DEFINITIONAL_REPRESENTATION('',(#3011),#3019);
#3011 = ( BOUNDED_CURVE() B_SPLINE_CURVE(2,(#3012,#3013,#3014,#3015,
#3016,#3017,#3018),.UNSPECIFIED.,.T.,.F.) B_SPLINE_CURVE_WITH_KNOTS((1,2
    ,2,2,2,1),(-2.094395102393,0.,2.094395102393,4.188790204786,
6.28318530718,8.377580409573),.UNSPECIFIED.) CURVE() 
GEOMETRIC_REPRESENTATION_ITEM() RATIONAL_B_SPLINE_CURVE((1.,0.5,1.,0.5,
1.,0.5,1.)) REPRESENTATION_ITEM('') );
#3012 = CARTESIAN_POINT('',(1.6,-7.105427357601E-15));
#3013 = CARTESIAN_POINT('',(1.6,-2.77128129211));
#3014 = CARTESIAN_POINT('',(-0.8,-1.385640646055));
#3015 = CARTESIAN_POINT('',(-3.2,-7.497314333328E-15));
#3016 = CARTESIAN_POINT('',(-0.8,1.385640646055));
#3017 = CARTESIAN_POINT('',(1.6,2.77128129211));
#3018 = CARTESIAN_POINT('',(1.6,-7.105427357601E-15));
#3019 = ( GEOMETRIC_REPRESENTATION_CONTEXT(2) 
PARAMETRIC_REPRESENTATION_CONTEXT() REPRESENTATION_CONTEXT('2D SPACE',''
  ) );
#3020 = PCURVE('',#3021,#3026);
#3021 = CYLINDRICAL_SURFACE('',#3022,1.6);
#3022 = AXIS2_PLACEMENT_3D('',#3023,#3024,#3025);
#3023 = CARTESIAN_POINT('',(-64.25,-45.25,124.));
#3024 = DIRECTION('',(-0.,-0.,-1.));
#3025 = DIRECTION('',(1.,0.,0.));
#3026 = DEFINITIONAL_REPRESENTATION('',(#3027),#3031);
#3027 = LINE('',#3028,#3029);
#3028 = CARTESIAN_POINT('',(-6.28318530718,-1.));
#3029 = VECTOR('',#3030,1.);
#3030 = DIRECTION('',(1.,-0.));
#3031 = ( GEOMETRIC_REPRESENTATION_CONTEXT(2) 
PARAMETRIC_REPRESENTATION_CONTEXT() REPRESENTATION_CONTEXT('2D SPACE',''
  ) );
#3032 = ORIENTED_EDGE('',*,*,#3033,.T.);
#3033 = EDGE_CURVE('',#3001,#3034,#3036,.T.);
#3034 = VERTEX_POINT('',#3035);
#3035 = CARTESIAN_POINT('',(-65.85,61.25,125.));
#3036 = SURFACE_CURVE('',#3037,(#3041,#3048),.PCURVE_S1.);
#3037 = LINE('',#3038,#3039);
#3038 = CARTESIAN_POINT('',(-65.85,-45.25,125.));
#3039 = VECTOR('',#3040,1.);
#3040 = DIRECTION('',(0.,1.,0.));
#3041 = PCURVE('',#1610,#3042);
#3042 = DEFINITIONAL_REPRESENTATION('',(#3043),#3047);
#3043 = LINE('',#3044,#3045);
#3044 = CARTESIAN_POINT('',(-1.6,-7.105427357601E-15));
#3045 = VECTOR('',#3046,1.);
#3046 = DIRECTION('',(0.,1.));
#3047 = ( GEOMETRIC_REPRESENTATION_CONTEXT(2) 
PARAMETRIC_REPRESENTATION_CONTEXT() REPRESENTATION_CONTEXT('2D SPACE',''
  ) );
#3048 = PCURVE('',#3049,#3054);
#3049 = PLANE('',#3050);
#3050 = AXIS2_PLACEMENT_3D('',#3051,#3052,#3053);
#3051 = CARTESIAN_POINT('',(-65.85,-45.25,124.));
#3052 = DIRECTION('',(1.,0.,0.));
#3053 = DIRECTION('',(0.,0.,1.));
#3054 = DEFINITIONAL_REPRESENTATION('',(#3055),#3059);
#3055 = LINE('',#3056,#3057);
#3056 = CARTESIAN_POINT('',(1.,0.));
#3057 = VECTOR('',#3058,1.);
#3058 = DIRECTION('',(0.,-1.));
#3059 = ( GEOMETRIC_REPRESENTATION_CONTEXT(2) 
PARAMETRIC_REPRESENTATION_CONTEXT() REPRESENTATION_CONTEXT('2D SPACE',''
  ) );
#3060 = ORIENTED_EDGE('',*,*,#3061,.T.);
#3061 = EDGE_CURVE('',#3034,#3062,#3064,.T.);
#3062 = VERTEX_POINT('',#3063);
#3063 = CARTESIAN_POINT('',(-64.25,62.85,125.));
#3064 = SURFACE_CURVE('',#3065,(#3070,#3081),.PCURVE_S1.);
#3065 = CIRCLE('',#3066,1.6);
#3066 = AXIS2_PLACEMENT_3D('',#3067,#3068,#3069);
#3067 = CARTESIAN_POINT('',(-64.25,61.25,125.));
#3068 = DIRECTION('',(0.,0.,-1.));
#3069 = DIRECTION('',(1.,0.,0.));
#3070 = PCURVE('',#1610,#3071);
#3071 = DEFINITIONAL_REPRESENTATION('',(#3072),#3080);
#3072 = ( BOUNDED_CURVE() B_SPLINE_CURVE(2,(#3073,#3074,#3075,#3076,
#3077,#3078,#3079),.UNSPECIFIED.,.T.,.F.) B_SPLINE_CURVE_WITH_KNOTS((1,2
    ,2,2,2,1),(-2.094395102393,0.,2.094395102393,4.188790204786,
6.28318530718,8.377580409573),.UNSPECIFIED.) CURVE() 
GEOMETRIC_REPRESENTATION_ITEM() RATIONAL_B_SPLINE_CURVE((1.,0.5,1.,0.5,
1.,0.5,1.)) REPRESENTATION_ITEM('') );
#3073 = CARTESIAN_POINT('',(1.6,106.5));
#3074 = CARTESIAN_POINT('',(1.6,103.72871870789));
#3075 = CARTESIAN_POINT('',(-0.8,105.11435935394));
#3076 = CARTESIAN_POINT('',(-3.2,106.5));
#3077 = CARTESIAN_POINT('',(-0.8,107.88564064605));
#3078 = CARTESIAN_POINT('',(1.6,109.27128129211));
#3079 = CARTESIAN_POINT('',(1.6,106.5));
#3080 = ( GEOMETRIC_REPRESENTATION_CONTEXT(2) 
PARAMETRIC_REPRESENTATION_CONTEXT() REPRESENTATION_CONTEXT('2D SPACE',''
  ) );
#3081 = PCURVE('',#3082,#3087);
#3082 = CYLINDRICAL_SURFACE('',#3083,1.6);
#3083 = AXIS2_PLACEMENT_3D('',#3084,#3085,#3086);
#3084 = CARTESIAN_POINT('',(-64.25,61.25,124.));
#3085 = DIRECTION('',(-0.,-0.,-1.));
#3086 = DIRECTION('',(1.,0.,0.));
#3087 = DEFINITIONAL_REPRESENTATION('',(#3088),#3092);
#3088 = LINE('',#3089,#3090);
#3089 = CARTESIAN_POINT('',(-6.28318530718,-1.));
#3090 = VECTOR('',#3091,1.);
#3091 = DIRECTION('',(1.,-0.));
#3092 = ( GEOMETRIC_REPRESENTATION_CONTEXT(2) 
PARAMETRIC_REPRESENTATION_CONTEXT() REPRESENTATION_CONTEXT('2D SPACE',''
  ) );
#3093 = ORIENTED_EDGE('',*,*,#3094,.F.);
#3094 = EDGE_CURVE('',#2824,#3062,#3095,.T.);
#3095 = SURFACE_CURVE('',#3096,(#3100,#3107),.PCURVE_S1.);
#3096 = LINE('',#3097,#3098);
#3097 = CARTESIAN_POINT('',(-64.25,62.85,125.));
#3098 = VECTOR('',#3099,1.);
#3099 = DIRECTION('',(-1.,0.,0.));
#3100 = PCURVE('',#1610,#3101);
#3101 = DEFINITIONAL_REPRESENTATION('',(#3102),#3106);
#3102 = LINE('',#3103,#3104);
#3103 = CARTESIAN_POINT('',(0.,108.1));
#3104 = VECTOR('',#3105,1.);
#3105 = DIRECTION('',(-1.,0.));
#3106 = ( GEOMETRIC_REPRESENTATION_CONTEXT(2) 
PARAMETRIC_REPRESENTATION_CONTEXT() REPRESENTATION_CONTEXT('2D SPACE',''
  ) );
#3107 = PCURVE('',#2862,#3108);
#3108 = DEFINITIONAL_REPRESENTATION('',(#3109),#3113);
#3109 = LINE('',#3110,#3111);
#3110 = CARTESIAN_POINT('',(1.,0.));
#3111 = VECTOR('',#3112,1.);
#3112 = DIRECTION('',(0.,-1.));
#3113 = ( GEOMETRIC_REPRESENTATION_CONTEXT(2) 
PARAMETRIC_REPRESENTATION_CONTEXT() REPRESENTATION_CONTEXT('2D SPACE',''
  ) );
#3114 = ADVANCED_FACE('',(#3115),#1856,.F.);
#3115 = FACE_BOUND('',#3116,.F.);
#3116 = EDGE_LOOP('',(#3117,#3118,#3119,#3140,#3141));
#3117 = ORIENTED_EDGE('',*,*,#2019,.T.);
#3118 = ORIENTED_EDGE('',*,*,#2191,.F.);
#3119 = ORIENTED_EDGE('',*,*,#3120,.T.);
#3120 = EDGE_CURVE('',#2171,#1840,#3121,.T.);
#3121 = SURFACE_CURVE('',#3122,(#3126,#3133),.PCURVE_S1.);
#3122 = LINE('',#3123,#3124);
#3123 = CARTESIAN_POINT('',(-64.25,-46.85,125.));
#3124 = VECTOR('',#3125,1.);
#3125 = DIRECTION('',(-1.,0.,0.));
#3126 = PCURVE('',#1856,#3127);
#3127 = DEFINITIONAL_REPRESENTATION('',(#3128),#3132);
#3128 = LINE('',#3129,#3130);
#3129 = CARTESIAN_POINT('',(0.,-1.6));
#3130 = VECTOR('',#3131,1.);
#3131 = DIRECTION('',(-1.,0.));
#3132 = ( GEOMETRIC_REPRESENTATION_CONTEXT(2) 
PARAMETRIC_REPRESENTATION_CONTEXT() REPRESENTATION_CONTEXT('2D SPACE',''
  ) );
#3133 = PCURVE('',#1883,#3134);
#3134 = DEFINITIONAL_REPRESENTATION('',(#3135),#3139);
#3135 = LINE('',#3136,#3137);
#3136 = CARTESIAN_POINT('',(1.,0.));
#3137 = VECTOR('',#3138,1.);
#3138 = DIRECTION('',(0.,-1.));
#3139 = ( GEOMETRIC_REPRESENTATION_CONTEXT(2) 
PARAMETRIC_REPRESENTATION_CONTEXT() REPRESENTATION_CONTEXT('2D SPACE',''
  ) );
#3140 = ORIENTED_EDGE('',*,*,#1839,.F.);
#3141 = ORIENTED_EDGE('',*,*,#1994,.F.);
#3142 = ADVANCED_FACE('',(#3143),#1938,.T.);
#3143 = FACE_BOUND('',#3144,.T.);
#3144 = EDGE_LOOP('',(#3145,#3146,#3147,#3170));
#3145 = ORIENTED_EDGE('',*,*,#1923,.F.);
#3146 = ORIENTED_EDGE('',*,*,#2977,.T.);
#3147 = ORIENTED_EDGE('',*,*,#3148,.T.);
#3148 = EDGE_CURVE('',#2978,#3149,#3151,.T.);
#3149 = VERTEX_POINT('',#3150);
#3150 = CARTESIAN_POINT('',(-64.25,-46.85,127.));
#3151 = SURFACE_CURVE('',#3152,(#3156,#3163),.PCURVE_S1.);
#3152 = LINE('',#3153,#3154);
#3153 = CARTESIAN_POINT('',(-64.25,-46.85,124.));
#3154 = VECTOR('',#3155,1.);
#3155 = DIRECTION('',(0.,0.,1.));
#3156 = PCURVE('',#1938,#3157);
#3157 = DEFINITIONAL_REPRESENTATION('',(#3158),#3162);
#3158 = LINE('',#3159,#3160);
#3159 = CARTESIAN_POINT('',(0.,0.));
#3160 = VECTOR('',#3161,1.);
#3161 = DIRECTION('',(1.,0.));
#3162 = ( GEOMETRIC_REPRESENTATION_CONTEXT(2) 
PARAMETRIC_REPRESENTATION_CONTEXT() REPRESENTATION_CONTEXT('2D SPACE',''
  ) );
#3163 = PCURVE('',#3021,#3164);
#3164 = DEFINITIONAL_REPRESENTATION('',(#3165),#3169);
#3165 = LINE('',#3166,#3167);
#3166 = CARTESIAN_POINT('',(-4.712388980385,0.));
#3167 = VECTOR('',#3168,1.);
#3168 = DIRECTION('',(-0.,-1.));
#3169 = ( GEOMETRIC_REPRESENTATION_CONTEXT(2) 
PARAMETRIC_REPRESENTATION_CONTEXT() REPRESENTATION_CONTEXT('2D SPACE',''
  ) );
#3170 = ORIENTED_EDGE('',*,*,#3171,.F.);
#3171 = EDGE_CURVE('',#1895,#3149,#3172,.T.);
#3172 = SURFACE_CURVE('',#3173,(#3177,#3184),.PCURVE_S1.);
#3173 = LINE('',#3174,#3175);
#3174 = CARTESIAN_POINT('',(-64.25,-46.85,127.));
#3175 = VECTOR('',#3176,1.);
#3176 = DIRECTION('',(-1.,0.,0.));
#3177 = PCURVE('',#1938,#3178);
#3178 = DEFINITIONAL_REPRESENTATION('',(#3179),#3183);
#3179 = LINE('',#3180,#3181);
#3180 = CARTESIAN_POINT('',(3.,0.));
#3181 = VECTOR('',#3182,1.);
#3182 = DIRECTION('',(0.,-1.));
#3183 = ( GEOMETRIC_REPRESENTATION_CONTEXT(2) 
PARAMETRIC_REPRESENTATION_CONTEXT() REPRESENTATION_CONTEXT('2D SPACE',''
  ) );
#3184 = PCURVE('',#1911,#3185);
#3185 = DEFINITIONAL_REPRESENTATION('',(#3186),#3190);
#3186 = LINE('',#3187,#3188);
#3187 = CARTESIAN_POINT('',(0.75,-0.85));
#3188 = VECTOR('',#3189,1.);
#3189 = DIRECTION('',(-1.,0.));
#3190 = ( GEOMETRIC_REPRESENTATION_CONTEXT(2) 
PARAMETRIC_REPRESENTATION_CONTEXT() REPRESENTATION_CONTEXT('2D SPACE',''
  ) );
#3191 = ADVANCED_FACE('',(#3192),#1911,.F.);
#3192 = FACE_BOUND('',#3193,.F.);
#3193 = EDGE_LOOP('',(#3194,#3229,#3250,#3251,#3272,#3273,#3296,#3324,
    #3347,#3373,#3374,#3375,#3396,#3397,#3420,#3453));
#3194 = ORIENTED_EDGE('',*,*,#3195,.F.);
#3195 = EDGE_CURVE('',#3196,#3198,#3200,.T.);
#3196 = VERTEX_POINT('',#3197);
#3197 = CARTESIAN_POINT('',(-5.75,62.85,127.));
#3198 = VERTEX_POINT('',#3199);
#3199 = CARTESIAN_POINT('',(-4.15,61.25,127.));
#3200 = SURFACE_CURVE('',#3201,(#3206,#3217),.PCURVE_S1.);
#3201 = CIRCLE('',#3202,1.6);
#3202 = AXIS2_PLACEMENT_3D('',#3203,#3204,#3205);
#3203 = CARTESIAN_POINT('',(-5.75,61.25,127.));
#3204 = DIRECTION('',(0.,0.,-1.));
#3205 = DIRECTION('',(1.,0.,0.));
#3206 = PCURVE('',#1911,#3207);
#3207 = DEFINITIONAL_REPRESENTATION('',(#3208),#3216);
#3208 = ( BOUNDED_CURVE() B_SPLINE_CURVE(2,(#3209,#3210,#3211,#3212,
#3213,#3214,#3215),.UNSPECIFIED.,.T.,.F.) B_SPLINE_CURVE_WITH_KNOTS((1,2
    ,2,2,2,1),(-2.094395102393,0.,2.094395102393,4.188790204786,
6.28318530718,8.377580409573),.UNSPECIFIED.) CURVE() 
GEOMETRIC_REPRESENTATION_ITEM() RATIONAL_B_SPLINE_CURVE((1.,0.5,1.,0.5,
1.,0.5,1.)) REPRESENTATION_ITEM('') );
#3209 = CARTESIAN_POINT('',(60.85,107.25));
#3210 = CARTESIAN_POINT('',(60.85,104.47871870789));
#3211 = CARTESIAN_POINT('',(58.45,105.86435935394));
#3212 = CARTESIAN_POINT('',(56.05,107.25));
#3213 = CARTESIAN_POINT('',(58.45,108.63564064605));
#3214 = CARTESIAN_POINT('',(60.85,110.02128129211));
#3215 = CARTESIAN_POINT('',(60.85,107.25));
#3216 = ( GEOMETRIC_REPRESENTATION_CONTEXT(2) 
PARAMETRIC_REPRESENTATION_CONTEXT() REPRESENTATION_CONTEXT('2D SPACE',''
  ) );
#3217 = PCURVE('',#3218,#3223);
#3218 = CYLINDRICAL_SURFACE('',#3219,1.6);
#3219 = AXIS2_PLACEMENT_3D('',#3220,#3221,#3222);
#3220 = CARTESIAN_POINT('',(-5.75,61.25,124.));
#3221 = DIRECTION('',(-0.,-0.,-1.));
#3222 = DIRECTION('',(1.,0.,0.));
#3223 = DEFINITIONAL_REPRESENTATION('',(#3224),#3228);
#3224 = LINE('',#3225,#3226);
#3225 = CARTESIAN_POINT('',(-6.28318530718,-3.));
#3226 = VECTOR('',#3227,1.);
#3227 = DIRECTION('',(1.,-0.));
#3228 = ( GEOMETRIC_REPRESENTATION_CONTEXT(2) 
PARAMETRIC_REPRESENTATION_CONTEXT() REPRESENTATION_CONTEXT('2D SPACE',''
  ) );
#3229 = ORIENTED_EDGE('',*,*,#3230,.T.);
#3230 = EDGE_CURVE('',#3196,#2632,#3231,.T.);
#3231 = SURFACE_CURVE('',#3232,(#3236,#3243),.PCURVE_S1.);
#3232 = LINE('',#3233,#3234);
#3233 = CARTESIAN_POINT('',(-64.25,62.85,127.));
#3234 = VECTOR('',#3235,1.);
#3235 = DIRECTION('',(-1.,0.,0.));
#3236 = PCURVE('',#1911,#3237);
#3237 = DEFINITIONAL_REPRESENTATION('',(#3238),#3242);
#3238 = LINE('',#3239,#3240);
#3239 = CARTESIAN_POINT('',(0.75,108.85));
#3240 = VECTOR('',#3241,1.);
#3241 = DIRECTION('',(-1.,0.));
#3242 = ( GEOMETRIC_REPRESENTATION_CONTEXT(2) 
PARAMETRIC_REPRESENTATION_CONTEXT() REPRESENTATION_CONTEXT('2D SPACE',''
  ) );
#3243 = PCURVE('',#2670,#3244);
#3244 = DEFINITIONAL_REPRESENTATION('',(#3245),#3249);
#3245 = LINE('',#3246,#3247);
#3246 = CARTESIAN_POINT('',(3.,0.));
#3247 = VECTOR('',#3248,1.);
#3248 = DIRECTION('',(0.,-1.));
#3249 = ( GEOMETRIC_REPRESENTATION_CONTEXT(2) 
PARAMETRIC_REPRESENTATION_CONTEXT() REPRESENTATION_CONTEXT('2D SPACE',''
  ) );
#3250 = ORIENTED_EDGE('',*,*,#2631,.F.);
#3251 = ORIENTED_EDGE('',*,*,#3252,.T.);
#3252 = EDGE_CURVE('',#2606,#2874,#3253,.T.);
#3253 = SURFACE_CURVE('',#3254,(#3258,#3265),.PCURVE_S1.);
#3254 = LINE('',#3255,#3256);
#3255 = CARTESIAN_POINT('',(-64.25,62.85,127.));
#3256 = VECTOR('',#3257,1.);
#3257 = DIRECTION('',(-1.,0.,0.));
#3258 = PCURVE('',#1911,#3259);
#3259 = DEFINITIONAL_REPRESENTATION('',(#3260),#3264);
#3260 = LINE('',#3261,#3262);
#3261 = CARTESIAN_POINT('',(0.75,108.85));
#3262 = VECTOR('',#3263,1.);
#3263 = DIRECTION('',(-1.,0.));
#3264 = ( GEOMETRIC_REPRESENTATION_CONTEXT(2) 
PARAMETRIC_REPRESENTATION_CONTEXT() REPRESENTATION_CONTEXT('2D SPACE',''
  ) );
#3265 = PCURVE('',#2620,#3266);
#3266 = DEFINITIONAL_REPRESENTATION('',(#3267),#3271);
#3267 = LINE('',#3268,#3269);
#3268 = CARTESIAN_POINT('',(3.,0.));
#3269 = VECTOR('',#3270,1.);
#3270 = DIRECTION('',(0.,-1.));
#3271 = ( GEOMETRIC_REPRESENTATION_CONTEXT(2) 
PARAMETRIC_REPRESENTATION_CONTEXT() REPRESENTATION_CONTEXT('2D SPACE',''
  ) );
#3272 = ORIENTED_EDGE('',*,*,#2873,.F.);
#3273 = ORIENTED_EDGE('',*,*,#3274,.T.);
#3274 = EDGE_CURVE('',#2848,#3275,#3277,.T.);
#3275 = VERTEX_POINT('',#3276);
#3276 = CARTESIAN_POINT('',(-64.25,62.85,127.));
#3277 = SURFACE_CURVE('',#3278,(#3282,#3289),.PCURVE_S1.);
#3278 = LINE('',#3279,#3280);
#3279 = CARTESIAN_POINT('',(-64.25,62.85,127.));
#3280 = VECTOR('',#3281,1.);
#3281 = DIRECTION('',(-1.,0.,0.));
#3282 = PCURVE('',#1911,#3283);
#3283 = DEFINITIONAL_REPRESENTATION('',(#3284),#3288);
#3284 = LINE('',#3285,#3286);
#3285 = CARTESIAN_POINT('',(0.75,108.85));
#3286 = VECTOR('',#3287,1.);
#3287 = DIRECTION('',(-1.,0.));
#3288 = ( GEOMETRIC_REPRESENTATION_CONTEXT(2) 
PARAMETRIC_REPRESENTATION_CONTEXT() REPRESENTATION_CONTEXT('2D SPACE',''
  ) );
#3289 = PCURVE('',#2862,#3290);
#3290 = DEFINITIONAL_REPRESENTATION('',(#3291),#3295);
#3291 = LINE('',#3292,#3293);
#3292 = CARTESIAN_POINT('',(3.,0.));
#3293 = VECTOR('',#3294,1.);
#3294 = DIRECTION('',(0.,-1.));
#3295 = ( GEOMETRIC_REPRESENTATION_CONTEXT(2) 
PARAMETRIC_REPRESENTATION_CONTEXT() REPRESENTATION_CONTEXT('2D SPACE',''
  ) );
#3296 = ORIENTED_EDGE('',*,*,#3297,.F.);
#3297 = EDGE_CURVE('',#3298,#3275,#3300,.T.);
#3298 = VERTEX_POINT('',#3299);
#3299 = CARTESIAN_POINT('',(-65.85,61.25,127.));
#3300 = SURFACE_CURVE('',#3301,(#3306,#3317),.PCURVE_S1.);
#3301 = CIRCLE('',#3302,1.6);
#3302 = AXIS2_PLACEMENT_3D('',#3303,#3304,#3305);
#3303 = CARTESIAN_POINT('',(-64.25,61.25,127.));
#3304 = DIRECTION('',(0.,0.,-1.));
#3305 = DIRECTION('',(1.,0.,0.));
#3306 = PCURVE('',#1911,#3307);
#3307 = DEFINITIONAL_REPRESENTATION('',(#3308),#3316);
#3308 = ( BOUNDED_CURVE() B_SPLINE_CURVE(2,(#3309,#3310,#3311,#3312,
#3313,#3314,#3315),.UNSPECIFIED.,.T.,.F.) B_SPLINE_CURVE_WITH_KNOTS((1,2
    ,2,2,2,1),(-2.094395102393,0.,2.094395102393,4.188790204786,
6.28318530718,8.377580409573),.UNSPECIFIED.) CURVE() 
GEOMETRIC_REPRESENTATION_ITEM() RATIONAL_B_SPLINE_CURVE((1.,0.5,1.,0.5,
1.,0.5,1.)) REPRESENTATION_ITEM('') );
#3309 = CARTESIAN_POINT('',(2.35,107.25));
#3310 = CARTESIAN_POINT('',(2.35,104.47871870789));
#3311 = CARTESIAN_POINT('',(-5.E-02,105.86435935394));
#3312 = CARTESIAN_POINT('',(-2.45,107.25));
#3313 = CARTESIAN_POINT('',(-5.E-02,108.63564064605));
#3314 = CARTESIAN_POINT('',(2.35,110.02128129211));
#3315 = CARTESIAN_POINT('',(2.35,107.25));
#3316 = ( GEOMETRIC_REPRESENTATION_CONTEXT(2) 
PARAMETRIC_REPRESENTATION_CONTEXT() REPRESENTATION_CONTEXT('2D SPACE',''
  ) );
#3317 = PCURVE('',#3082,#3318);
#3318 = DEFINITIONAL_REPRESENTATION('',(#3319),#3323);
#3319 = LINE('',#3320,#3321);
#3320 = CARTESIAN_POINT('',(-6.28318530718,-3.));
#3321 = VECTOR('',#3322,1.);
#3322 = DIRECTION('',(1.,-0.));
#3323 = ( GEOMETRIC_REPRESENTATION_CONTEXT(2) 
PARAMETRIC_REPRESENTATION_CONTEXT() REPRESENTATION_CONTEXT('2D SPACE',''
  ) );
#3324 = ORIENTED_EDGE('',*,*,#3325,.F.);
#3325 = EDGE_CURVE('',#3326,#3298,#3328,.T.);
#3326 = VERTEX_POINT('',#3327);
#3327 = CARTESIAN_POINT('',(-65.85,-45.25,127.));
#3328 = SURFACE_CURVE('',#3329,(#3333,#3340),.PCURVE_S1.);
#3329 = LINE('',#3330,#3331);
#3330 = CARTESIAN_POINT('',(-65.85,-47.25,127.));
#3331 = VECTOR('',#3332,1.);
#3332 = DIRECTION('',(0.,1.,0.));
#3333 = PCURVE('',#1911,#3334);
#3334 = DEFINITIONAL_REPRESENTATION('',(#3335),#3339);
#3335 = LINE('',#3336,#3337);
#3336 = CARTESIAN_POINT('',(-0.85,-1.25));
#3337 = VECTOR('',#3338,1.);
#3338 = DIRECTION('',(0.,1.));
#3339 = ( GEOMETRIC_REPRESENTATION_CONTEXT(2) 
PARAMETRIC_REPRESENTATION_CONTEXT() REPRESENTATION_CONTEXT('2D SPACE',''
  ) );
#3340 = PCURVE('',#3049,#3341);
#3341 = DEFINITIONAL_REPRESENTATION('',(#3342),#3346);
#3342 = LINE('',#3343,#3344);
#3343 = CARTESIAN_POINT('',(3.,2.));
#3344 = VECTOR('',#3345,1.);
#3345 = DIRECTION('',(0.,-1.));
#3346 = ( GEOMETRIC_REPRESENTATION_CONTEXT(2) 
PARAMETRIC_REPRESENTATION_CONTEXT() REPRESENTATION_CONTEXT('2D SPACE',''
  ) );
#3347 = ORIENTED_EDGE('',*,*,#3348,.F.);
#3348 = EDGE_CURVE('',#3149,#3326,#3349,.T.);
#3349 = SURFACE_CURVE('',#3350,(#3355,#3366),.PCURVE_S1.);
#3350 = CIRCLE('',#3351,1.6);
#3351 = AXIS2_PLACEMENT_3D('',#3352,#3353,#3354);
#3352 = CARTESIAN_POINT('',(-64.25,-45.25,127.));
#3353 = DIRECTION('',(0.,0.,-1.));
#3354 = DIRECTION('',(1.,0.,0.));
#3355 = PCURVE('',#1911,#3356);
#3356 = DEFINITIONAL_REPRESENTATION('',(#3357),#3365);
#3357 = ( BOUNDED_CURVE() B_SPLINE_CURVE(2,(#3358,#3359,#3360,#3361,
#3362,#3363,#3364),.UNSPECIFIED.,.T.,.F.) B_SPLINE_CURVE_WITH_KNOTS((1,2
    ,2,2,2,1),(-2.094395102393,0.,2.094395102393,4.188790204786,
6.28318530718,8.377580409573),.UNSPECIFIED.) CURVE() 
GEOMETRIC_REPRESENTATION_ITEM() RATIONAL_B_SPLINE_CURVE((1.,0.5,1.,0.5,
1.,0.5,1.)) REPRESENTATION_ITEM('') );
#3358 = CARTESIAN_POINT('',(2.35,0.75));
#3359 = CARTESIAN_POINT('',(2.35,-2.02128129211));
#3360 = CARTESIAN_POINT('',(-5.E-02,-0.635640646055));
#3361 = CARTESIAN_POINT('',(-2.45,0.75));
#3362 = CARTESIAN_POINT('',(-5.E-02,2.135640646055));
#3363 = CARTESIAN_POINT('',(2.35,3.52128129211));
#3364 = CARTESIAN_POINT('',(2.35,0.75));
#3365 = ( GEOMETRIC_REPRESENTATION_CONTEXT(2) 
PARAMETRIC_REPRESENTATION_CONTEXT() REPRESENTATION_CONTEXT('2D SPACE',''
  ) );
#3366 = PCURVE('',#3021,#3367);
#3367 = DEFINITIONAL_REPRESENTATION('',(#3368),#3372);
#3368 = LINE('',#3369,#3370);
#3369 = CARTESIAN_POINT('',(-6.28318530718,-3.));
#3370 = VECTOR('',#3371,1.);
#3371 = DIRECTION('',(1.,-0.));
#3372 = ( GEOMETRIC_REPRESENTATION_CONTEXT(2) 
PARAMETRIC_REPRESENTATION_CONTEXT() REPRESENTATION_CONTEXT('2D SPACE',''
  ) );
#3373 = ORIENTED_EDGE('',*,*,#3171,.F.);
#3374 = ORIENTED_EDGE('',*,*,#1894,.F.);
#3375 = ORIENTED_EDGE('',*,*,#3376,.F.);
#3376 = EDGE_CURVE('',#2147,#1869,#3377,.T.);
#3377 = SURFACE_CURVE('',#3378,(#3382,#3389),.PCURVE_S1.);
#3378 = LINE('',#3379,#3380);
#3379 = CARTESIAN_POINT('',(-64.25,-46.85,127.));
#3380 = VECTOR('',#3381,1.);
#3381 = DIRECTION('',(-1.,0.,0.));
#3382 = PCURVE('',#1911,#3383);
#3383 = DEFINITIONAL_REPRESENTATION('',(#3384),#3388);
#3384 = LINE('',#3385,#3386);
#3385 = CARTESIAN_POINT('',(0.75,-0.85));
#3386 = VECTOR('',#3387,1.);
#3387 = DIRECTION('',(-1.,0.));
#3388 = ( GEOMETRIC_REPRESENTATION_CONTEXT(2) 
PARAMETRIC_REPRESENTATION_CONTEXT() REPRESENTATION_CONTEXT('2D SPACE',''
  ) );
#3389 = PCURVE('',#1883,#3390);
#3390 = DEFINITIONAL_REPRESENTATION('',(#3391),#3395);
#3391 = LINE('',#3392,#3393);
#3392 = CARTESIAN_POINT('',(3.,0.));
#3393 = VECTOR('',#3394,1.);
#3394 = DIRECTION('',(0.,-1.));
#3395 = ( GEOMETRIC_REPRESENTATION_CONTEXT(2) 
PARAMETRIC_REPRESENTATION_CONTEXT() REPRESENTATION_CONTEXT('2D SPACE',''
  ) );
#3396 = ORIENTED_EDGE('',*,*,#2146,.F.);
#3397 = ORIENTED_EDGE('',*,*,#3398,.F.);
#3398 = EDGE_CURVE('',#3399,#2121,#3401,.T.);
#3399 = VERTEX_POINT('',#3400);
#3400 = CARTESIAN_POINT('',(-5.75,-46.85,127.));
#3401 = SURFACE_CURVE('',#3402,(#3406,#3413),.PCURVE_S1.);
#3402 = LINE('',#3403,#3404);
#3403 = CARTESIAN_POINT('',(-64.25,-46.85,127.));
#3404 = VECTOR('',#3405,1.);
#3405 = DIRECTION('',(-1.,0.,0.));
#3406 = PCURVE('',#1911,#3407);
#3407 = DEFINITIONAL_REPRESENTATION('',(#3408),#3412);
#3408 = LINE('',#3409,#3410);
#3409 = CARTESIAN_POINT('',(0.75,-0.85));
#3410 = VECTOR('',#3411,1.);
#3411 = DIRECTION('',(-1.,0.));
#3412 = ( GEOMETRIC_REPRESENTATION_CONTEXT(2) 
PARAMETRIC_REPRESENTATION_CONTEXT() REPRESENTATION_CONTEXT('2D SPACE',''
  ) );
#3413 = PCURVE('',#2135,#3414);
#3414 = DEFINITIONAL_REPRESENTATION('',(#3415),#3419);
#3415 = LINE('',#3416,#3417);
#3416 = CARTESIAN_POINT('',(3.,0.));
#3417 = VECTOR('',#3418,1.);
#3418 = DIRECTION('',(0.,-1.));
#3419 = ( GEOMETRIC_REPRESENTATION_CONTEXT(2) 
PARAMETRIC_REPRESENTATION_CONTEXT() REPRESENTATION_CONTEXT('2D SPACE',''
  ) );
#3420 = ORIENTED_EDGE('',*,*,#3421,.F.);
#3421 = EDGE_CURVE('',#3422,#3399,#3424,.T.);
#3422 = VERTEX_POINT('',#3423);
#3423 = CARTESIAN_POINT('',(-4.15,-45.25,127.));
#3424 = SURFACE_CURVE('',#3425,(#3430,#3441),.PCURVE_S1.);
#3425 = CIRCLE('',#3426,1.6);
#3426 = AXIS2_PLACEMENT_3D('',#3427,#3428,#3429);
#3427 = CARTESIAN_POINT('',(-5.75,-45.25,127.));
#3428 = DIRECTION('',(0.,0.,-1.));
#3429 = DIRECTION('',(1.,0.,0.));
#3430 = PCURVE('',#1911,#3431);
#3431 = DEFINITIONAL_REPRESENTATION('',(#3432),#3440);
#3432 = ( BOUNDED_CURVE() B_SPLINE_CURVE(2,(#3433,#3434,#3435,#3436,
#3437,#3438,#3439),.UNSPECIFIED.,.T.,.F.) B_SPLINE_CURVE_WITH_KNOTS((1,2
    ,2,2,2,1),(-2.094395102393,0.,2.094395102393,4.188790204786,
6.28318530718,8.377580409573),.UNSPECIFIED.) CURVE() 
GEOMETRIC_REPRESENTATION_ITEM() RATIONAL_B_SPLINE_CURVE((1.,0.5,1.,0.5,
1.,0.5,1.)) REPRESENTATION_ITEM('') );
#3433 = CARTESIAN_POINT('',(60.85,0.75));
#3434 = CARTESIAN_POINT('',(60.85,-2.02128129211));
#3435 = CARTESIAN_POINT('',(58.45,-0.635640646055));
#3436 = CARTESIAN_POINT('',(56.05,0.75));
#3437 = CARTESIAN_POINT('',(58.45,2.135640646055));
#3438 = CARTESIAN_POINT('',(60.85,3.52128129211));
#3439 = CARTESIAN_POINT('',(60.85,0.75));
#3440 = ( GEOMETRIC_REPRESENTATION_CONTEXT(2) 
PARAMETRIC_REPRESENTATION_CONTEXT() REPRESENTATION_CONTEXT('2D SPACE',''
  ) );
#3441 = PCURVE('',#3442,#3447);
#3442 = CYLINDRICAL_SURFACE('',#3443,1.6);
#3443 = AXIS2_PLACEMENT_3D('',#3444,#3445,#3446);
#3444 = CARTESIAN_POINT('',(-5.75,-45.25,124.));
#3445 = DIRECTION('',(-0.,-0.,-1.));
#3446 = DIRECTION('',(1.,0.,0.));
#3447 = DEFINITIONAL_REPRESENTATION('',(#3448),#3452);
#3448 = LINE('',#3449,#3450);
#3449 = CARTESIAN_POINT('',(-6.28318530718,-3.));
#3450 = VECTOR('',#3451,1.);
#3451 = DIRECTION('',(1.,-0.));
#3452 = ( GEOMETRIC_REPRESENTATION_CONTEXT(2) 
PARAMETRIC_REPRESENTATION_CONTEXT() REPRESENTATION_CONTEXT('2D SPACE',''
  ) );
#3453 = ORIENTED_EDGE('',*,*,#3454,.T.);
#3454 = EDGE_CURVE('',#3422,#3198,#3455,.T.);
#3455 = SURFACE_CURVE('',#3456,(#3460,#3467),.PCURVE_S1.);
#3456 = LINE('',#3457,#3458);
#3457 = CARTESIAN_POINT('',(-4.15,-47.25,127.));
#3458 = VECTOR('',#3459,1.);
#3459 = DIRECTION('',(0.,1.,0.));
#3460 = PCURVE('',#1911,#3461);
#3461 = DEFINITIONAL_REPRESENTATION('',(#3462),#3466);
#3462 = LINE('',#3463,#3464);
#3463 = CARTESIAN_POINT('',(60.85,-1.25));
#3464 = VECTOR('',#3465,1.);
#3465 = DIRECTION('',(0.,1.));
#3466 = ( GEOMETRIC_REPRESENTATION_CONTEXT(2) 
PARAMETRIC_REPRESENTATION_CONTEXT() REPRESENTATION_CONTEXT('2D SPACE',''
  ) );
#3467 = PCURVE('',#3468,#3473);
#3468 = PLANE('',#3469);
#3469 = AXIS2_PLACEMENT_3D('',#3470,#3471,#3472);
#3470 = CARTESIAN_POINT('',(-4.15,-45.25,124.));
#3471 = DIRECTION('',(1.,0.,0.));
#3472 = DIRECTION('',(0.,0.,1.));
#3473 = DEFINITIONAL_REPRESENTATION('',(#3474),#3478);
#3474 = LINE('',#3475,#3476);
#3475 = CARTESIAN_POINT('',(3.,2.));
#3476 = VECTOR('',#3477,1.);
#3477 = DIRECTION('',(0.,-1.));
#3478 = ( GEOMETRIC_REPRESENTATION_CONTEXT(2) 
PARAMETRIC_REPRESENTATION_CONTEXT() REPRESENTATION_CONTEXT('2D SPACE',''
  ) );
#3479 = ADVANCED_FACE('',(#3480),#1883,.T.);
#3480 = FACE_BOUND('',#3481,.T.);
#3481 = EDGE_LOOP('',(#3482,#3483,#3484,#3485));
#3482 = ORIENTED_EDGE('',*,*,#2170,.F.);
#3483 = ORIENTED_EDGE('',*,*,#3120,.T.);
#3484 = ORIENTED_EDGE('',*,*,#1868,.T.);
#3485 = ORIENTED_EDGE('',*,*,#3376,.F.);
#3486 = ADVANCED_FACE('',(#3487),#2108,.F.);
#3487 = FACE_BOUND('',#3488,.F.);
#3488 = EDGE_LOOP('',(#3489,#3490,#3491,#3492,#3493,#3494,#3495,#3496,
    #3519,#3547,#3570,#3598,#3619,#3620));
#3489 = ORIENTED_EDGE('',*,*,#2261,.T.);
#3490 = ORIENTED_EDGE('',*,*,#2333,.T.);
#3491 = ORIENTED_EDGE('',*,*,#2361,.T.);
#3492 = ORIENTED_EDGE('',*,*,#2409,.T.);
#3493 = ORIENTED_EDGE('',*,*,#2459,.F.);
#3494 = ORIENTED_EDGE('',*,*,#2531,.F.);
#3495 = ORIENTED_EDGE('',*,*,#2681,.F.);
#3496 = ORIENTED_EDGE('',*,*,#3497,.F.);
#3497 = EDGE_CURVE('',#3498,#2656,#3500,.T.);
#3498 = VERTEX_POINT('',#3499);
#3499 = CARTESIAN_POINT('',(-5.75,62.85,125.));
#3500 = SURFACE_CURVE('',#3501,(#3505,#3512),.PCURVE_S1.);
#3501 = LINE('',#3502,#3503);
#3502 = CARTESIAN_POINT('',(-64.25,62.85,125.));
#3503 = VECTOR('',#3504,1.);
#3504 = DIRECTION('',(-1.,0.,0.));
#3505 = PCURVE('',#2108,#3506);
#3506 = DEFINITIONAL_REPRESENTATION('',(#3507),#3511);
#3507 = LINE('',#3508,#3509);
#3508 = CARTESIAN_POINT('',(0.,108.1));
#3509 = VECTOR('',#3510,1.);
#3510 = DIRECTION('',(-1.,0.));
#3511 = ( GEOMETRIC_REPRESENTATION_CONTEXT(2) 
PARAMETRIC_REPRESENTATION_CONTEXT() REPRESENTATION_CONTEXT('2D SPACE',''
  ) );
#3512 = PCURVE('',#2670,#3513);
#3513 = DEFINITIONAL_REPRESENTATION('',(#3514),#3518);
#3514 = LINE('',#3515,#3516);
#3515 = CARTESIAN_POINT('',(1.,0.));
#3516 = VECTOR('',#3517,1.);
#3517 = DIRECTION('',(0.,-1.));
#3518 = ( GEOMETRIC_REPRESENTATION_CONTEXT(2) 
PARAMETRIC_REPRESENTATION_CONTEXT() REPRESENTATION_CONTEXT('2D SPACE',''
  ) );
#3519 = ORIENTED_EDGE('',*,*,#3520,.T.);
#3520 = EDGE_CURVE('',#3498,#3521,#3523,.T.);
#3521 = VERTEX_POINT('',#3522);
#3522 = CARTESIAN_POINT('',(-4.15,61.25,125.));
#3523 = SURFACE_CURVE('',#3524,(#3529,#3540),.PCURVE_S1.);
#3524 = CIRCLE('',#3525,1.6);
#3525 = AXIS2_PLACEMENT_3D('',#3526,#3527,#3528);
#3526 = CARTESIAN_POINT('',(-5.75,61.25,125.));
#3527 = DIRECTION('',(0.,0.,-1.));
#3528 = DIRECTION('',(1.,0.,0.));
#3529 = PCURVE('',#2108,#3530);
#3530 = DEFINITIONAL_REPRESENTATION('',(#3531),#3539);
#3531 = ( BOUNDED_CURVE() B_SPLINE_CURVE(2,(#3532,#3533,#3534,#3535,
#3536,#3537,#3538),.UNSPECIFIED.,.T.,.F.) B_SPLINE_CURVE_WITH_KNOTS((1,2
    ,2,2,2,1),(-2.094395102393,0.,2.094395102393,4.188790204786,
6.28318530718,8.377580409573),.UNSPECIFIED.) CURVE() 
GEOMETRIC_REPRESENTATION_ITEM() RATIONAL_B_SPLINE_CURVE((1.,0.5,1.,0.5,
1.,0.5,1.)) REPRESENTATION_ITEM('') );
#3532 = CARTESIAN_POINT('',(60.1,106.5));
#3533 = CARTESIAN_POINT('',(60.1,103.72871870789));
#3534 = CARTESIAN_POINT('',(57.7,105.11435935394));
#3535 = CARTESIAN_POINT('',(55.3,106.5));
#3536 = CARTESIAN_POINT('',(57.7,107.88564064605));
#3537 = CARTESIAN_POINT('',(60.1,109.27128129211));
#3538 = CARTESIAN_POINT('',(60.1,106.5));
#3539 = ( GEOMETRIC_REPRESENTATION_CONTEXT(2) 
PARAMETRIC_REPRESENTATION_CONTEXT() REPRESENTATION_CONTEXT('2D SPACE',''
  ) );
#3540 = PCURVE('',#3218,#3541);
#3541 = DEFINITIONAL_REPRESENTATION('',(#3542),#3546);
#3542 = LINE('',#3543,#3544);
#3543 = CARTESIAN_POINT('',(-6.28318530718,-1.));
#3544 = VECTOR('',#3545,1.);
#3545 = DIRECTION('',(1.,-0.));
#3546 = ( GEOMETRIC_REPRESENTATION_CONTEXT(2) 
PARAMETRIC_REPRESENTATION_CONTEXT() REPRESENTATION_CONTEXT('2D SPACE',''
  ) );
#3547 = ORIENTED_EDGE('',*,*,#3548,.F.);
#3548 = EDGE_CURVE('',#3549,#3521,#3551,.T.);
#3549 = VERTEX_POINT('',#3550);
#3550 = CARTESIAN_POINT('',(-4.15,-45.25,125.));
#3551 = SURFACE_CURVE('',#3552,(#3556,#3563),.PCURVE_S1.);
#3552 = LINE('',#3553,#3554);
#3553 = CARTESIAN_POINT('',(-4.15,-45.25,125.));
#3554 = VECTOR('',#3555,1.);
#3555 = DIRECTION('',(0.,1.,0.));
#3556 = PCURVE('',#2108,#3557);
#3557 = DEFINITIONAL_REPRESENTATION('',(#3558),#3562);
#3558 = LINE('',#3559,#3560);
#3559 = CARTESIAN_POINT('',(60.1,-7.105427357601E-15));
#3560 = VECTOR('',#3561,1.);
#3561 = DIRECTION('',(0.,1.));
#3562 = ( GEOMETRIC_REPRESENTATION_CONTEXT(2) 
PARAMETRIC_REPRESENTATION_CONTEXT() REPRESENTATION_CONTEXT('2D SPACE',''
  ) );
#3563 = PCURVE('',#3468,#3564);
#3564 = DEFINITIONAL_REPRESENTATION('',(#3565),#3569);
#3565 = LINE('',#3566,#3567);
#3566 = CARTESIAN_POINT('',(1.,0.));
#3567 = VECTOR('',#3568,1.);
#3568 = DIRECTION('',(0.,-1.));
#3569 = ( GEOMETRIC_REPRESENTATION_CONTEXT(2) 
PARAMETRIC_REPRESENTATION_CONTEXT() REPRESENTATION_CONTEXT('2D SPACE',''
  ) );
#3570 = ORIENTED_EDGE('',*,*,#3571,.T.);
#3571 = EDGE_CURVE('',#3549,#3572,#3574,.T.);
#3572 = VERTEX_POINT('',#3573);
#3573 = CARTESIAN_POINT('',(-5.75,-46.85,125.));
#3574 = SURFACE_CURVE('',#3575,(#3580,#3591),.PCURVE_S1.);
#3575 = CIRCLE('',#3576,1.6);
#3576 = AXIS2_PLACEMENT_3D('',#3577,#3578,#3579);
#3577 = CARTESIAN_POINT('',(-5.75,-45.25,125.));
#3578 = DIRECTION('',(0.,0.,-1.));
#3579 = DIRECTION('',(1.,0.,0.));
#3580 = PCURVE('',#2108,#3581);
#3581 = DEFINITIONAL_REPRESENTATION('',(#3582),#3590);
#3582 = ( BOUNDED_CURVE() B_SPLINE_CURVE(2,(#3583,#3584,#3585,#3586,
#3587,#3588,#3589),.UNSPECIFIED.,.T.,.F.) B_SPLINE_CURVE_WITH_KNOTS((1,2
    ,2,2,2,1),(-2.094395102393,0.,2.094395102393,4.188790204786,
6.28318530718,8.377580409573),.UNSPECIFIED.) CURVE() 
GEOMETRIC_REPRESENTATION_ITEM() RATIONAL_B_SPLINE_CURVE((1.,0.5,1.,0.5,
1.,0.5,1.)) REPRESENTATION_ITEM('') );
#3583 = CARTESIAN_POINT('',(60.1,-7.105427357601E-15));
#3584 = CARTESIAN_POINT('',(60.1,-2.77128129211));
#3585 = CARTESIAN_POINT('',(57.7,-1.385640646055));
#3586 = CARTESIAN_POINT('',(55.3,-7.497314333328E-15));
#3587 = CARTESIAN_POINT('',(57.7,1.385640646055));
#3588 = CARTESIAN_POINT('',(60.1,2.77128129211));
#3589 = CARTESIAN_POINT('',(60.1,-7.105427357601E-15));
#3590 = ( GEOMETRIC_REPRESENTATION_CONTEXT(2) 
PARAMETRIC_REPRESENTATION_CONTEXT() REPRESENTATION_CONTEXT('2D SPACE',''
  ) );
#3591 = PCURVE('',#3442,#3592);
#3592 = DEFINITIONAL_REPRESENTATION('',(#3593),#3597);
#3593 = LINE('',#3594,#3595);
#3594 = CARTESIAN_POINT('',(-6.28318530718,-1.));
#3595 = VECTOR('',#3596,1.);
#3596 = DIRECTION('',(1.,-0.));
#3597 = ( GEOMETRIC_REPRESENTATION_CONTEXT(2) 
PARAMETRIC_REPRESENTATION_CONTEXT() REPRESENTATION_CONTEXT('2D SPACE',''
  ) );
#3598 = ORIENTED_EDGE('',*,*,#3599,.T.);
#3599 = EDGE_CURVE('',#3572,#2092,#3600,.T.);
#3600 = SURFACE_CURVE('',#3601,(#3605,#3612),.PCURVE_S1.);
#3601 = LINE('',#3602,#3603);
#3602 = CARTESIAN_POINT('',(-64.25,-46.85,125.));
#3603 = VECTOR('',#3604,1.);
#3604 = DIRECTION('',(-1.,0.,0.));
#3605 = PCURVE('',#2108,#3606);
#3606 = DEFINITIONAL_REPRESENTATION('',(#3607),#3611);
#3607 = LINE('',#3608,#3609);
#3608 = CARTESIAN_POINT('',(0.,-1.6));
#3609 = VECTOR('',#3610,1.);
#3610 = DIRECTION('',(-1.,0.));
#3611 = ( GEOMETRIC_REPRESENTATION_CONTEXT(2) 
PARAMETRIC_REPRESENTATION_CONTEXT() REPRESENTATION_CONTEXT('2D SPACE',''
  ) );
#3612 = PCURVE('',#2135,#3613);
#3613 = DEFINITIONAL_REPRESENTATION('',(#3614),#3618);
#3614 = LINE('',#3615,#3616);
#3615 = CARTESIAN_POINT('',(1.,0.));
#3616 = VECTOR('',#3617,1.);
#3617 = DIRECTION('',(0.,-1.));
#3618 = ( GEOMETRIC_REPRESENTATION_CONTEXT(2) 
PARAMETRIC_REPRESENTATION_CONTEXT() REPRESENTATION_CONTEXT('2D SPACE',''
  ) );
#3619 = ORIENTED_EDGE('',*,*,#2091,.F.);
#3620 = ORIENTED_EDGE('',*,*,#2236,.F.);
#3621 = ADVANCED_FACE('',(#3622),#2135,.T.);
#3622 = FACE_BOUND('',#3623,.T.);
#3623 = EDGE_LOOP('',(#3624,#3645,#3646,#3647));
#3624 = ORIENTED_EDGE('',*,*,#3625,.F.);
#3625 = EDGE_CURVE('',#3572,#3399,#3626,.T.);
#3626 = SURFACE_CURVE('',#3627,(#3631,#3638),.PCURVE_S1.);
#3627 = LINE('',#3628,#3629);
#3628 = CARTESIAN_POINT('',(-5.75,-46.85,124.));
#3629 = VECTOR('',#3630,1.);
#3630 = DIRECTION('',(0.,0.,1.));
#3631 = PCURVE('',#2135,#3632);
#3632 = DEFINITIONAL_REPRESENTATION('',(#3633),#3637);
#3633 = LINE('',#3634,#3635);
#3634 = CARTESIAN_POINT('',(0.,58.5));
#3635 = VECTOR('',#3636,1.);
#3636 = DIRECTION('',(1.,0.));
#3637 = ( GEOMETRIC_REPRESENTATION_CONTEXT(2) 
PARAMETRIC_REPRESENTATION_CONTEXT() REPRESENTATION_CONTEXT('2D SPACE',''
  ) );
#3638 = PCURVE('',#3442,#3639);
#3639 = DEFINITIONAL_REPRESENTATION('',(#3640),#3644);
#3640 = LINE('',#3641,#3642);
#3641 = CARTESIAN_POINT('',(-4.712388980385,0.));
#3642 = VECTOR('',#3643,1.);
#3643 = DIRECTION('',(-0.,-1.));
#3644 = ( GEOMETRIC_REPRESENTATION_CONTEXT(2) 
PARAMETRIC_REPRESENTATION_CONTEXT() REPRESENTATION_CONTEXT('2D SPACE',''
  ) );
#3645 = ORIENTED_EDGE('',*,*,#3599,.T.);
#3646 = ORIENTED_EDGE('',*,*,#2120,.T.);
#3647 = ORIENTED_EDGE('',*,*,#3398,.F.);
#3648 = ADVANCED_FACE('',(#3649),#2670,.F.);
#3649 = FACE_BOUND('',#3650,.F.);
#3650 = EDGE_LOOP('',(#3651,#3672,#3673,#3674));
#3651 = ORIENTED_EDGE('',*,*,#3652,.F.);
#3652 = EDGE_CURVE('',#3498,#3196,#3653,.T.);
#3653 = SURFACE_CURVE('',#3654,(#3658,#3665),.PCURVE_S1.);
#3654 = LINE('',#3655,#3656);
#3655 = CARTESIAN_POINT('',(-5.75,62.85,124.));
#3656 = VECTOR('',#3657,1.);
#3657 = DIRECTION('',(0.,0.,1.));
#3658 = PCURVE('',#2670,#3659);
#3659 = DEFINITIONAL_REPRESENTATION('',(#3660),#3664);
#3660 = LINE('',#3661,#3662);
#3661 = CARTESIAN_POINT('',(0.,58.5));
#3662 = VECTOR('',#3663,1.);
#3663 = DIRECTION('',(1.,0.));
#3664 = ( GEOMETRIC_REPRESENTATION_CONTEXT(2) 
PARAMETRIC_REPRESENTATION_CONTEXT() REPRESENTATION_CONTEXT('2D SPACE',''
  ) );
#3665 = PCURVE('',#3218,#3666);
#3666 = DEFINITIONAL_REPRESENTATION('',(#3667),#3671);
#3667 = LINE('',#3668,#3669);
#3668 = CARTESIAN_POINT('',(-1.570796326795,0.));
#3669 = VECTOR('',#3670,1.);
#3670 = DIRECTION('',(-0.,-1.));
#3671 = ( GEOMETRIC_REPRESENTATION_CONTEXT(2) 
PARAMETRIC_REPRESENTATION_CONTEXT() REPRESENTATION_CONTEXT('2D SPACE',''
  ) );
#3672 = ORIENTED_EDGE('',*,*,#3497,.T.);
#3673 = ORIENTED_EDGE('',*,*,#2655,.T.);
#3674 = ORIENTED_EDGE('',*,*,#3230,.F.);
#3675 = ADVANCED_FACE('',(#3676),#2620,.F.);
#3676 = FACE_BOUND('',#3677,.F.);
#3677 = EDGE_LOOP('',(#3678,#3679,#3700,#3701));
#3678 = ORIENTED_EDGE('',*,*,#2605,.F.);
#3679 = ORIENTED_EDGE('',*,*,#3680,.T.);
#3680 = EDGE_CURVE('',#2577,#2898,#3681,.T.);
#3681 = SURFACE_CURVE('',#3682,(#3686,#3693),.PCURVE_S1.);
#3682 = LINE('',#3683,#3684);
#3683 = CARTESIAN_POINT('',(-64.25,62.85,125.));
#3684 = VECTOR('',#3685,1.);
#3685 = DIRECTION('',(-1.,0.,0.));
#3686 = PCURVE('',#2620,#3687);
#3687 = DEFINITIONAL_REPRESENTATION('',(#3688),#3692);
#3688 = LINE('',#3689,#3690);
#3689 = CARTESIAN_POINT('',(1.,0.));
#3690 = VECTOR('',#3691,1.);
#3691 = DIRECTION('',(0.,-1.));
#3692 = ( GEOMETRIC_REPRESENTATION_CONTEXT(2) 
PARAMETRIC_REPRESENTATION_CONTEXT() REPRESENTATION_CONTEXT('2D SPACE',''
  ) );
#3693 = PCURVE('',#2593,#3694);
#3694 = DEFINITIONAL_REPRESENTATION('',(#3695),#3699);
#3695 = LINE('',#3696,#3697);
#3696 = CARTESIAN_POINT('',(0.,108.1));
#3697 = VECTOR('',#3698,1.);
#3698 = DIRECTION('',(-1.,0.));
#3699 = ( GEOMETRIC_REPRESENTATION_CONTEXT(2) 
PARAMETRIC_REPRESENTATION_CONTEXT() REPRESENTATION_CONTEXT('2D SPACE',''
  ) );
#3700 = ORIENTED_EDGE('',*,*,#2897,.T.);
#3701 = ORIENTED_EDGE('',*,*,#3252,.F.);
#3702 = ADVANCED_FACE('',(#3703),#2593,.F.);
#3703 = FACE_BOUND('',#3704,.F.);
#3704 = EDGE_LOOP('',(#3705,#3706,#3707,#3708,#3709));
#3705 = ORIENTED_EDGE('',*,*,#2576,.F.);
#3706 = ORIENTED_EDGE('',*,*,#2706,.F.);
#3707 = ORIENTED_EDGE('',*,*,#2778,.F.);
#3708 = ORIENTED_EDGE('',*,*,#2918,.F.);
#3709 = ORIENTED_EDGE('',*,*,#3680,.F.);
#3710 = ADVANCED_FACE('',(#3711),#2862,.F.);
#3711 = FACE_BOUND('',#3712,.F.);
#3712 = EDGE_LOOP('',(#3713,#3714,#3715,#3736));
#3713 = ORIENTED_EDGE('',*,*,#2847,.F.);
#3714 = ORIENTED_EDGE('',*,*,#3094,.T.);
#3715 = ORIENTED_EDGE('',*,*,#3716,.T.);
#3716 = EDGE_CURVE('',#3062,#3275,#3717,.T.);
#3717 = SURFACE_CURVE('',#3718,(#3722,#3729),.PCURVE_S1.);
#3718 = LINE('',#3719,#3720);
#3719 = CARTESIAN_POINT('',(-64.25,62.85,124.));
#3720 = VECTOR('',#3721,1.);
#3721 = DIRECTION('',(0.,0.,1.));
#3722 = PCURVE('',#2862,#3723);
#3723 = DEFINITIONAL_REPRESENTATION('',(#3724),#3728);
#3724 = LINE('',#3725,#3726);
#3725 = CARTESIAN_POINT('',(0.,0.));
#3726 = VECTOR('',#3727,1.);
#3727 = DIRECTION('',(1.,0.));
#3728 = ( GEOMETRIC_REPRESENTATION_CONTEXT(2) 
PARAMETRIC_REPRESENTATION_CONTEXT() REPRESENTATION_CONTEXT('2D SPACE',''
  ) );
#3729 = PCURVE('',#3082,#3730);
#3730 = DEFINITIONAL_REPRESENTATION('',(#3731),#3735);
#3731 = LINE('',#3732,#3733);
#3732 = CARTESIAN_POINT('',(-1.570796326795,0.));
#3733 = VECTOR('',#3734,1.);
#3734 = DIRECTION('',(-0.,-1.));
#3735 = ( GEOMETRIC_REPRESENTATION_CONTEXT(2) 
PARAMETRIC_REPRESENTATION_CONTEXT() REPRESENTATION_CONTEXT('2D SPACE',''
  ) );
#3736 = ORIENTED_EDGE('',*,*,#3274,.F.);
#3737 = ADVANCED_FACE('',(#3738),#3082,.F.);
#3738 = FACE_BOUND('',#3739,.T.);
#3739 = EDGE_LOOP('',(#3740,#3741,#3742,#3743));
#3740 = ORIENTED_EDGE('',*,*,#3061,.T.);
#3741 = ORIENTED_EDGE('',*,*,#3716,.T.);
#3742 = ORIENTED_EDGE('',*,*,#3297,.F.);
#3743 = ORIENTED_EDGE('',*,*,#3744,.F.);
#3744 = EDGE_CURVE('',#3034,#3298,#3745,.T.);
#3745 = SURFACE_CURVE('',#3746,(#3750,#3757),.PCURVE_S1.);
#3746 = LINE('',#3747,#3748);
#3747 = CARTESIAN_POINT('',(-65.85,61.25,124.));
#3748 = VECTOR('',#3749,1.);
#3749 = DIRECTION('',(0.,0.,1.));
#3750 = PCURVE('',#3082,#3751);
#3751 = DEFINITIONAL_REPRESENTATION('',(#3752),#3756);
#3752 = LINE('',#3753,#3754);
#3753 = CARTESIAN_POINT('',(-3.14159265359,0.));
#3754 = VECTOR('',#3755,1.);
#3755 = DIRECTION('',(-0.,-1.));
#3756 = ( GEOMETRIC_REPRESENTATION_CONTEXT(2) 
PARAMETRIC_REPRESENTATION_CONTEXT() REPRESENTATION_CONTEXT('2D SPACE',''
  ) );
#3757 = PCURVE('',#3049,#3758);
#3758 = DEFINITIONAL_REPRESENTATION('',(#3759),#3763);
#3759 = LINE('',#3760,#3761);
#3760 = CARTESIAN_POINT('',(0.,-106.5));
#3761 = VECTOR('',#3762,1.);
#3762 = DIRECTION('',(1.,0.));
#3763 = ( GEOMETRIC_REPRESENTATION_CONTEXT(2) 
PARAMETRIC_REPRESENTATION_CONTEXT() REPRESENTATION_CONTEXT('2D SPACE',''
  ) );
#3764 = ADVANCED_FACE('',(#3765),#3049,.T.);
#3765 = FACE_BOUND('',#3766,.T.);
#3766 = EDGE_LOOP('',(#3767,#3788,#3789,#3790));
#3767 = ORIENTED_EDGE('',*,*,#3768,.F.);
#3768 = EDGE_CURVE('',#3001,#3326,#3769,.T.);
#3769 = SURFACE_CURVE('',#3770,(#3774,#3781),.PCURVE_S1.);
#3770 = LINE('',#3771,#3772);
#3771 = CARTESIAN_POINT('',(-65.85,-45.25,124.));
#3772 = VECTOR('',#3773,1.);
#3773 = DIRECTION('',(0.,0.,1.));
#3774 = PCURVE('',#3049,#3775);
#3775 = DEFINITIONAL_REPRESENTATION('',(#3776),#3780);
#3776 = LINE('',#3777,#3778);
#3777 = CARTESIAN_POINT('',(0.,0.));
#3778 = VECTOR('',#3779,1.);
#3779 = DIRECTION('',(1.,0.));
#3780 = ( GEOMETRIC_REPRESENTATION_CONTEXT(2) 
PARAMETRIC_REPRESENTATION_CONTEXT() REPRESENTATION_CONTEXT('2D SPACE',''
  ) );
#3781 = PCURVE('',#3021,#3782);
#3782 = DEFINITIONAL_REPRESENTATION('',(#3783),#3787);
#3783 = LINE('',#3784,#3785);
#3784 = CARTESIAN_POINT('',(-3.14159265359,0.));
#3785 = VECTOR('',#3786,1.);
#3786 = DIRECTION('',(-0.,-1.));
#3787 = ( GEOMETRIC_REPRESENTATION_CONTEXT(2) 
PARAMETRIC_REPRESENTATION_CONTEXT() REPRESENTATION_CONTEXT('2D SPACE',''
  ) );
#3788 = ORIENTED_EDGE('',*,*,#3033,.T.);
#3789 = ORIENTED_EDGE('',*,*,#3744,.T.);
#3790 = ORIENTED_EDGE('',*,*,#3325,.F.);
#3791 = ADVANCED_FACE('',(#3792),#3021,.F.);
#3792 = FACE_BOUND('',#3793,.T.);
#3793 = EDGE_LOOP('',(#3794,#3795,#3796,#3797));
#3794 = ORIENTED_EDGE('',*,*,#3000,.T.);
#3795 = ORIENTED_EDGE('',*,*,#3768,.T.);
#3796 = ORIENTED_EDGE('',*,*,#3348,.F.);
#3797 = ORIENTED_EDGE('',*,*,#3148,.F.);
#3798 = ADVANCED_FACE('',(#3799),#3218,.F.);
#3799 = FACE_BOUND('',#3800,.T.);
#3800 = EDGE_LOOP('',(#3801,#3802,#3823,#3824));
#3801 = ORIENTED_EDGE('',*,*,#3520,.T.);
#3802 = ORIENTED_EDGE('',*,*,#3803,.T.);
#3803 = EDGE_CURVE('',#3521,#3198,#3804,.T.);
#3804 = SURFACE_CURVE('',#3805,(#3809,#3816),.PCURVE_S1.);
#3805 = LINE('',#3806,#3807);
#3806 = CARTESIAN_POINT('',(-4.15,61.25,124.));
#3807 = VECTOR('',#3808,1.);
#3808 = DIRECTION('',(0.,0.,1.));
#3809 = PCURVE('',#3218,#3810);
#3810 = DEFINITIONAL_REPRESENTATION('',(#3811),#3815);
#3811 = LINE('',#3812,#3813);
#3812 = CARTESIAN_POINT('',(-0.,0.));
#3813 = VECTOR('',#3814,1.);
#3814 = DIRECTION('',(-0.,-1.));
#3815 = ( GEOMETRIC_REPRESENTATION_CONTEXT(2) 
PARAMETRIC_REPRESENTATION_CONTEXT() REPRESENTATION_CONTEXT('2D SPACE',''
  ) );
#3816 = PCURVE('',#3468,#3817);
#3817 = DEFINITIONAL_REPRESENTATION('',(#3818),#3822);
#3818 = LINE('',#3819,#3820);
#3819 = CARTESIAN_POINT('',(0.,-106.5));
#3820 = VECTOR('',#3821,1.);
#3821 = DIRECTION('',(1.,0.));
#3822 = ( GEOMETRIC_REPRESENTATION_CONTEXT(2) 
PARAMETRIC_REPRESENTATION_CONTEXT() REPRESENTATION_CONTEXT('2D SPACE',''
  ) );
#3823 = ORIENTED_EDGE('',*,*,#3195,.F.);
#3824 = ORIENTED_EDGE('',*,*,#3652,.F.);
#3825 = ADVANCED_FACE('',(#3826),#3468,.F.);
#3826 = FACE_BOUND('',#3827,.F.);
#3827 = EDGE_LOOP('',(#3828,#3849,#3850,#3851));
#3828 = ORIENTED_EDGE('',*,*,#3829,.F.);
#3829 = EDGE_CURVE('',#3549,#3422,#3830,.T.);
#3830 = SURFACE_CURVE('',#3831,(#3835,#3842),.PCURVE_S1.);
#3831 = LINE('',#3832,#3833);
#3832 = CARTESIAN_POINT('',(-4.15,-45.25,124.));
#3833 = VECTOR('',#3834,1.);
#3834 = DIRECTION('',(0.,0.,1.));
#3835 = PCURVE('',#3468,#3836);
#3836 = DEFINITIONAL_REPRESENTATION('',(#3837),#3841);
#3837 = LINE('',#3838,#3839);
#3838 = CARTESIAN_POINT('',(0.,0.));
#3839 = VECTOR('',#3840,1.);
#3840 = DIRECTION('',(1.,0.));
#3841 = ( GEOMETRIC_REPRESENTATION_CONTEXT(2) 
PARAMETRIC_REPRESENTATION_CONTEXT() REPRESENTATION_CONTEXT('2D SPACE',''
  ) );
#3842 = PCURVE('',#3442,#3843);
#3843 = DEFINITIONAL_REPRESENTATION('',(#3844),#3848);
#3844 = LINE('',#3845,#3846);
#3845 = CARTESIAN_POINT('',(-6.28318530718,0.));
#3846 = VECTOR('',#3847,1.);
#3847 = DIRECTION('',(-0.,-1.));
#3848 = ( GEOMETRIC_REPRESENTATION_CONTEXT(2) 
PARAMETRIC_REPRESENTATION_CONTEXT() REPRESENTATION_CONTEXT('2D SPACE',''
  ) );
#3849 = ORIENTED_EDGE('',*,*,#3548,.T.);
#3850 = ORIENTED_EDGE('',*,*,#3803,.T.);
#3851 = ORIENTED_EDGE('',*,*,#3454,.F.);
#3852 = ADVANCED_FACE('',(#3853),#3442,.F.);
#3853 = FACE_BOUND('',#3854,.T.);
#3854 = EDGE_LOOP('',(#3855,#3856,#3857,#3858));
#3855 = ORIENTED_EDGE('',*,*,#3829,.F.);
#3856 = ORIENTED_EDGE('',*,*,#3571,.T.);
#3857 = ORIENTED_EDGE('',*,*,#3625,.T.);
#3858 = ORIENTED_EDGE('',*,*,#3421,.F.);
#3859 = ( GEOMETRIC_REPRESENTATION_CONTEXT(3) 
GLOBAL_UNCERTAINTY_ASSIGNED_CONTEXT((#3863)) 
GLOBAL_UNIT_ASSIGNED_CONTEXT((#3860,#3861,#3862)) REPRESENTATION_CONTEXT
('Context #1','3D Context with UNIT and UNCERTAINTY') );
#3860 = ( LENGTH_UNIT() NAMED_UNIT(*) SI_UNIT(.MILLI.,.METRE.) );
#3861 = ( NAMED_UNIT(*) PLANE_ANGLE_UNIT() SI_UNIT($,.RADIAN.) );
#3862 = ( NAMED_UNIT(*) SI_UNIT($,.STERADIAN.) SOLID_ANGLE_UNIT() );
#3863 = UNCERTAINTY_MEASURE_WITH_UNIT(LENGTH_MEASURE(1.E-07),#3860,
  'distance_accuracy_value','confusion accuracy');
#3864 = PRODUCT_RELATED_PRODUCT_CATEGORY('part',$,(#7));
ENDSEC;
END-ISO-10303-21;
