ISO-10303-21;
HEADER;
FILE_DESCRIPTION(('Open CASCADE Model'),'2;1');
FILE_NAME('Open CASCADE Shape Model','2026-10-05T10:25:40',('Author'),(
    'Open CASCADE'),'Open CASCADE STEP processor 7.8','Open CASCADE 7.8'
  ,'Unknown');
FILE_SCHEMA(('AUTOMOTIVE_DESIGN { 1 0 10303 214 1 1 1 1 }'));
ENDSEC;
DATA;
#1 = APPLICATION_PROTOCOL_DEFINITION('international standard',
  'automotive_design',2000,#2);
#2 = APPLICATION_CONTEXT(
  'core data for automotive mechanical design processes');
#3 = SHAPE_DEFINITION_REPRESENTATION(#4,#10);
#4 = PRODUCT_DEFINITION_SHAPE('','',#5);
#5 = PRODUCT_DEFINITION('design','',#6,#9);
#6 = PRODUCT_DEFINITION_FORMATION('','',#7);
#7 = PRODUCT('Open CASCADE STEP translator 7.8 12',
  'Open CASCADE STEP translator 7.8 12','',(#8));
#8 = PRODUCT_CONTEXT('',#2,'mechanical');
#9 = PRODUCT_DEFINITION_CONTEXT('part definition',#2,'design');
#10 = ADVANCED_BREP_SHAPE_REPRESENTATION('',(#11,#15),#4889);
#11 = AXIS2_PLACEMENT_3D('',#12,#13,#14);
#12 = CARTESIAN_POINT('',(0.,0.,0.));
#13 = DIRECTION('',(0.,0.,1.));
#14 = DIRECTION('',(1.,0.,-0.));
#15 = MANIFOLD_SOLID_BREP('',#16);
#16 = CLOSED_SHELL('',(#17,#137,#220,#299,#533,#583,#641,#690,#801,#827,
    #876,#931,#986,#1018,#1073,#1128,#1328,#1523,#1626,#1679,#1732,#1759
    ,#1763,#1767,#1777,#2133,#2262,#2758,#2880,#2885,#2981,#3038,#3157,
    #3162,#3572,#3715,#3818,#3933,#4009,#4063,#4116,#4149,#4230,#4279,
    #4332,#4365,#4436,#4486,#4535,#4567,#4617,#4737,#4764,#4771,#4826,
    #4881,#4885));
#17 = ADVANCED_FACE('',(#18),#32,.F.);
#18 = FACE_BOUND('',#19,.F.);
#19 = EDGE_LOOP('',(#20,#55,#83,#111));
#20 = ORIENTED_EDGE('',*,*,#21,.F.);
#21 = EDGE_CURVE('',#22,#24,#26,.T.);
#22 = VERTEX_POINT('',#23);
#23 = CARTESIAN_POINT('',(33.,-52.,280.));
#24 = VERTEX_POINT('',#25);
#25 = CARTESIAN_POINT('',(33.,-52.,286.));
#26 = SURFACE_CURVE('',#27,(#31,#43),.PCURVE_S1.);
#27 = LINE('',#28,#29);
#28 = CARTESIAN_POINT('',(33.,-52.,280.));
#29 = VECTOR('',#30,1.);
#30 = DIRECTION('',(0.,0.,1.));
#31 = PCURVE('',#32,#37);
#32 = PLANE('',#33);
#33 = AXIS2_PLACEMENT_3D('',#34,#35,#36);
#34 = CARTESIAN_POINT('',(33.,-58.,280.));
#35 = DIRECTION('',(1.,0.,0.));
#36 = DIRECTION('',(0.,0.,1.));
#37 = DEFINITIONAL_REPRESENTATION('',(#38),#42);
#38 = LINE('',#39,#40);
#39 = CARTESIAN_POINT('',(0.,-6.));
#40 = VECTOR('',#41,1.);
#41 = DIRECTION('',(1.,0.));
#42 = ( GEOMETRIC_REPRESENTATION_CONTEXT(2) 
PARAMETRIC_REPRESENTATION_CONTEXT() REPRESENTATION_CONTEXT('2D SPACE',''
  ) );
#43 = PCURVE('',#44,#49);
#44 = CYLINDRICAL_SURFACE('',#45,6.);
#45 = AXIS2_PLACEMENT_3D('',#46,#47,#48);
#46 = CARTESIAN_POINT('',(39.,-52.,280.));
#47 = DIRECTION('',(0.,0.,1.));
#48 = DIRECTION('',(-1.,-0.,0.));
#49 = DEFINITIONAL_REPRESENTATION('',(#50),#54);
#50 = LINE('',#51,#52);
#51 = CARTESIAN_POINT('',(0.,0.));
#52 = VECTOR('',#53,1.);
#53 = DIRECTION('',(0.,1.));
#54 = ( GEOMETRIC_REPRESENTATION_CONTEXT(2) 
PARAMETRIC_REPRESENTATION_CONTEXT() REPRESENTATION_CONTEXT('2D SPACE',''
  ) );
#55 = ORIENTED_EDGE('',*,*,#56,.T.);
#56 = EDGE_CURVE('',#22,#57,#59,.T.);
#57 = VERTEX_POINT('',#58);
#58 = CARTESIAN_POINT('',(33.,-32.,280.));
#59 = SURFACE_CURVE('',#60,(#64,#71),.PCURVE_S1.);
#60 = LINE('',#61,#62);
#61 = CARTESIAN_POINT('',(33.,-58.,280.));
#62 = VECTOR('',#63,1.);
#63 = DIRECTION('',(0.,1.,0.));
#64 = PCURVE('',#32,#65);
#65 = DEFINITIONAL_REPRESENTATION('',(#66),#70);
#66 = LINE('',#67,#68);
#67 = CARTESIAN_POINT('',(0.,0.));
#68 = VECTOR('',#69,1.);
#69 = DIRECTION('',(0.,-1.));
#70 = ( GEOMETRIC_REPRESENTATION_CONTEXT(2) 
PARAMETRIC_REPRESENTATION_CONTEXT() REPRESENTATION_CONTEXT('2D SPACE',''
  ) );
#71 = PCURVE('',#72,#77);
#72 = PLANE('',#73);
#73 = AXIS2_PLACEMENT_3D('',#74,#75,#76);
#74 = CARTESIAN_POINT('',(33.,-58.,280.));
#75 = DIRECTION('',(0.,0.,1.));
#76 = DIRECTION('',(1.,0.,0.));
#77 = DEFINITIONAL_REPRESENTATION('',(#78),#82);
#78 = LINE('',#79,#80);
#79 = CARTESIAN_POINT('',(0.,0.));
#80 = VECTOR('',#81,1.);
#81 = DIRECTION('',(0.,1.));
#82 = ( GEOMETRIC_REPRESENTATION_CONTEXT(2) 
PARAMETRIC_REPRESENTATION_CONTEXT() REPRESENTATION_CONTEXT('2D SPACE',''
  ) );
#83 = ORIENTED_EDGE('',*,*,#84,.T.);
#84 = EDGE_CURVE('',#57,#85,#87,.T.);
#85 = VERTEX_POINT('',#86);
#86 = CARTESIAN_POINT('',(33.,-32.,286.));
#87 = SURFACE_CURVE('',#88,(#92,#99),.PCURVE_S1.);
#88 = LINE('',#89,#90);
#89 = CARTESIAN_POINT('',(33.,-32.,280.));
#90 = VECTOR('',#91,1.);
#91 = DIRECTION('',(0.,0.,1.));
#92 = PCURVE('',#32,#93);
#93 = DEFINITIONAL_REPRESENTATION('',(#94),#98);
#94 = LINE('',#95,#96);
#95 = CARTESIAN_POINT('',(0.,-26.));
#96 = VECTOR('',#97,1.);
#97 = DIRECTION('',(1.,0.));
#98 = ( GEOMETRIC_REPRESENTATION_CONTEXT(2) 
PARAMETRIC_REPRESENTATION_CONTEXT() REPRESENTATION_CONTEXT('2D SPACE',''
  ) );
#99 = PCURVE('',#100,#105);
#100 = CYLINDRICAL_SURFACE('',#101,6.);
#101 = AXIS2_PLACEMENT_3D('',#102,#103,#104);
#102 = CARTESIAN_POINT('',(39.,-32.,280.));
#103 = DIRECTION('',(0.,0.,1.));
#104 = DIRECTION('',(-1.,-0.,0.));
#105 = DEFINITIONAL_REPRESENTATION('',(#106),#110);
#106 = LINE('',#107,#108);
#107 = CARTESIAN_POINT('',(-0.,0.));
#108 = VECTOR('',#109,1.);
#109 = DIRECTION('',(-0.,1.));
#110 = ( GEOMETRIC_REPRESENTATION_CONTEXT(2) 
PARAMETRIC_REPRESENTATION_CONTEXT() REPRESENTATION_CONTEXT('2D SPACE',''
  ) );
#111 = ORIENTED_EDGE('',*,*,#112,.F.);
#112 = EDGE_CURVE('',#24,#85,#113,.T.);
#113 = SURFACE_CURVE('',#114,(#118,#125),.PCURVE_S1.);
#114 = LINE('',#115,#116);
#115 = CARTESIAN_POINT('',(33.,-52.,286.));
#116 = VECTOR('',#117,1.);
#117 = DIRECTION('',(0.,1.,0.));
#118 = PCURVE('',#32,#119);
#119 = DEFINITIONAL_REPRESENTATION('',(#120),#124);
#120 = LINE('',#121,#122);
#121 = CARTESIAN_POINT('',(6.,-6.));
#122 = VECTOR('',#123,1.);
#123 = DIRECTION('',(0.,-1.));
#124 = ( GEOMETRIC_REPRESENTATION_CONTEXT(2) 
PARAMETRIC_REPRESENTATION_CONTEXT() REPRESENTATION_CONTEXT('2D SPACE',''
  ) );
#125 = PCURVE('',#126,#131);
#126 = CYLINDRICAL_SURFACE('',#127,2.);
#127 = AXIS2_PLACEMENT_3D('',#128,#129,#130);
#128 = CARTESIAN_POINT('',(35.,-52.,286.));
#129 = DIRECTION('',(0.,1.,0.));
#130 = DIRECTION('',(-1.,0.,0.));
#131 = DEFINITIONAL_REPRESENTATION('',(#132),#136);
#132 = LINE('',#133,#134);
#133 = CARTESIAN_POINT('',(0.,0.));
#134 = VECTOR('',#135,1.);
#135 = DIRECTION('',(0.,1.));
#136 = ( GEOMETRIC_REPRESENTATION_CONTEXT(2) 
PARAMETRIC_REPRESENTATION_CONTEXT() REPRESENTATION_CONTEXT('2D SPACE',''
  ) );
#137 = ADVANCED_FACE('',(#138),#44,.T.);
#138 = FACE_BOUND('',#139,.T.);
#139 = EDGE_LOOP('',(#140,#141,#165,#193));
#140 = ORIENTED_EDGE('',*,*,#21,.F.);
#141 = ORIENTED_EDGE('',*,*,#142,.T.);
#142 = EDGE_CURVE('',#22,#143,#145,.T.);
#143 = VERTEX_POINT('',#144);
#144 = CARTESIAN_POINT('',(39.,-58.,280.));
#145 = SURFACE_CURVE('',#146,(#151,#158),.PCURVE_S1.);
#146 = CIRCLE('',#147,6.);
#147 = AXIS2_PLACEMENT_3D('',#148,#149,#150);
#148 = CARTESIAN_POINT('',(39.,-52.,280.));
#149 = DIRECTION('',(0.,0.,1.));
#150 = DIRECTION('',(0.,-1.,0.));
#151 = PCURVE('',#44,#152);
#152 = DEFINITIONAL_REPRESENTATION('',(#153),#157);
#153 = LINE('',#154,#155);
#154 = CARTESIAN_POINT('',(-4.712388980385,0.));
#155 = VECTOR('',#156,1.);
#156 = DIRECTION('',(1.,0.));
#157 = ( GEOMETRIC_REPRESENTATION_CONTEXT(2) 
PARAMETRIC_REPRESENTATION_CONTEXT() REPRESENTATION_CONTEXT('2D SPACE',''
  ) );
#158 = PCURVE('',#72,#159);
#159 = DEFINITIONAL_REPRESENTATION('',(#160),#164);
#160 = CIRCLE('',#161,6.);
#161 = AXIS2_PLACEMENT_2D('',#162,#163);
#162 = CARTESIAN_POINT('',(6.,6.));
#163 = DIRECTION('',(0.,-1.));
#164 = ( GEOMETRIC_REPRESENTATION_CONTEXT(2) 
PARAMETRIC_REPRESENTATION_CONTEXT() REPRESENTATION_CONTEXT('2D SPACE',''
  ) );
#165 = ORIENTED_EDGE('',*,*,#166,.T.);
#166 = EDGE_CURVE('',#143,#167,#169,.T.);
#167 = VERTEX_POINT('',#168);
#168 = CARTESIAN_POINT('',(39.,-58.,286.));
#169 = SURFACE_CURVE('',#170,(#174,#181),.PCURVE_S1.);
#170 = LINE('',#171,#172);
#171 = CARTESIAN_POINT('',(39.,-58.,280.));
#172 = VECTOR('',#173,1.);
#173 = DIRECTION('',(0.,0.,1.));
#174 = PCURVE('',#44,#175);
#175 = DEFINITIONAL_REPRESENTATION('',(#176),#180);
#176 = LINE('',#177,#178);
#177 = CARTESIAN_POINT('',(1.570796326795,0.));
#178 = VECTOR('',#179,1.);
#179 = DIRECTION('',(0.,1.));
#180 = ( GEOMETRIC_REPRESENTATION_CONTEXT(2) 
PARAMETRIC_REPRESENTATION_CONTEXT() REPRESENTATION_CONTEXT('2D SPACE',''
  ) );
#181 = PCURVE('',#182,#187);
#182 = PLANE('',#183);
#183 = AXIS2_PLACEMENT_3D('',#184,#185,#186);
#184 = CARTESIAN_POINT('',(33.,-58.,280.));
#185 = DIRECTION('',(0.,1.,0.));
#186 = DIRECTION('',(0.,0.,1.));
#187 = DEFINITIONAL_REPRESENTATION('',(#188),#192);
#188 = LINE('',#189,#190);
#189 = CARTESIAN_POINT('',(0.,6.));
#190 = VECTOR('',#191,1.);
#191 = DIRECTION('',(1.,0.));
#192 = ( GEOMETRIC_REPRESENTATION_CONTEXT(2) 
PARAMETRIC_REPRESENTATION_CONTEXT() REPRESENTATION_CONTEXT('2D SPACE',''
  ) );
#193 = ORIENTED_EDGE('',*,*,#194,.T.);
#194 = EDGE_CURVE('',#167,#24,#195,.T.);
#195 = SURFACE_CURVE('',#196,(#201,#208),.PCURVE_S1.);
#196 = CIRCLE('',#197,6.);
#197 = AXIS2_PLACEMENT_3D('',#198,#199,#200);
#198 = CARTESIAN_POINT('',(39.,-52.,286.));
#199 = DIRECTION('',(-0.,-0.,-1.));
#200 = DIRECTION('',(0.,-1.,0.));
#201 = PCURVE('',#44,#202);
#202 = DEFINITIONAL_REPRESENTATION('',(#203),#207);
#203 = LINE('',#204,#205);
#204 = CARTESIAN_POINT('',(1.570796326795,6.));
#205 = VECTOR('',#206,1.);
#206 = DIRECTION('',(-1.,-0.));
#207 = ( GEOMETRIC_REPRESENTATION_CONTEXT(2) 
PARAMETRIC_REPRESENTATION_CONTEXT() REPRESENTATION_CONTEXT('2D SPACE',''
  ) );
#208 = PCURVE('',#209,#214);
#209 = TOROIDAL_SURFACE('',#210,4.,2.);
#210 = AXIS2_PLACEMENT_3D('',#211,#212,#213);
#211 = CARTESIAN_POINT('',(39.,-52.,286.));
#212 = DIRECTION('',(0.,0.,1.));
#213 = DIRECTION('',(0.,-1.,0.));
#214 = DEFINITIONAL_REPRESENTATION('',(#215),#219);
#215 = LINE('',#216,#217);
#216 = CARTESIAN_POINT('',(-0.,0.));
#217 = VECTOR('',#218,1.);
#218 = DIRECTION('',(-1.,0.));
#219 = ( GEOMETRIC_REPRESENTATION_CONTEXT(2) 
PARAMETRIC_REPRESENTATION_CONTEXT() REPRESENTATION_CONTEXT('2D SPACE',''
  ) );
#220 = ADVANCED_FACE('',(#221),#126,.T.);
#221 = FACE_BOUND('',#222,.T.);
#222 = EDGE_LOOP('',(#223,#245,#273,#298));
#223 = ORIENTED_EDGE('',*,*,#224,.T.);
#224 = EDGE_CURVE('',#24,#225,#227,.T.);
#225 = VERTEX_POINT('',#226);
#226 = CARTESIAN_POINT('',(35.,-52.,288.));
#227 = SURFACE_CURVE('',#228,(#233,#239),.PCURVE_S1.);
#228 = CIRCLE('',#229,2.);
#229 = AXIS2_PLACEMENT_3D('',#230,#231,#232);
#230 = CARTESIAN_POINT('',(35.,-52.,286.));
#231 = DIRECTION('',(0.,1.,0.));
#232 = DIRECTION('',(-1.,0.,0.));
#233 = PCURVE('',#126,#234);
#234 = DEFINITIONAL_REPRESENTATION('',(#235),#238);
#235 = B_SPLINE_CURVE_WITH_KNOTS('',1,(#236,#237),.UNSPECIFIED.,.F.,.F.,
  (2,2),(0.,1.570796326795),.PIECEWISE_BEZIER_KNOTS.);
#236 = CARTESIAN_POINT('',(0.,0.));
#237 = CARTESIAN_POINT('',(1.570796326795,0.));
#238 = ( GEOMETRIC_REPRESENTATION_CONTEXT(2) 
PARAMETRIC_REPRESENTATION_CONTEXT() REPRESENTATION_CONTEXT('2D SPACE',''
  ) );
#239 = PCURVE('',#209,#240);
#240 = DEFINITIONAL_REPRESENTATION('',(#241),#244);
#241 = B_SPLINE_CURVE_WITH_KNOTS('',1,(#242,#243),.UNSPECIFIED.,.F.,.F.,
  (2,2),(0.,1.570796326795),.PIECEWISE_BEZIER_KNOTS.);
#242 = CARTESIAN_POINT('',(-1.570796326795,0.));
#243 = CARTESIAN_POINT('',(-1.570796326795,1.570796326795));
#244 = ( GEOMETRIC_REPRESENTATION_CONTEXT(2) 
PARAMETRIC_REPRESENTATION_CONTEXT() REPRESENTATION_CONTEXT('2D SPACE',''
  ) );
#245 = ORIENTED_EDGE('',*,*,#246,.T.);
#246 = EDGE_CURVE('',#225,#247,#249,.T.);
#247 = VERTEX_POINT('',#248);
#248 = CARTESIAN_POINT('',(35.,-32.,288.));
#249 = SURFACE_CURVE('',#250,(#254,#261),.PCURVE_S1.);
#250 = LINE('',#251,#252);
#251 = CARTESIAN_POINT('',(35.,-52.,288.));
#252 = VECTOR('',#253,1.);
#253 = DIRECTION('',(0.,1.,0.));
#254 = PCURVE('',#126,#255);
#255 = DEFINITIONAL_REPRESENTATION('',(#256),#260);
#256 = LINE('',#257,#258);
#257 = CARTESIAN_POINT('',(1.570796326795,0.));
#258 = VECTOR('',#259,1.);
#259 = DIRECTION('',(0.,1.));
#260 = ( GEOMETRIC_REPRESENTATION_CONTEXT(2) 
PARAMETRIC_REPRESENTATION_CONTEXT() REPRESENTATION_CONTEXT('2D SPACE',''
  ) );
#261 = PCURVE('',#262,#267);
#262 = PLANE('',#263);
#263 = AXIS2_PLACEMENT_3D('',#264,#265,#266);
#264 = CARTESIAN_POINT('',(33.,-58.,288.));
#265 = DIRECTION('',(0.,0.,1.));
#266 = DIRECTION('',(1.,0.,0.));
#267 = DEFINITIONAL_REPRESENTATION('',(#268),#272);
#268 = LINE('',#269,#270);
#269 = CARTESIAN_POINT('',(2.,6.));
#270 = VECTOR('',#271,1.);
#271 = DIRECTION('',(0.,1.));
#272 = ( GEOMETRIC_REPRESENTATION_CONTEXT(2) 
PARAMETRIC_REPRESENTATION_CONTEXT() REPRESENTATION_CONTEXT('2D SPACE',''
  ) );
#273 = ORIENTED_EDGE('',*,*,#274,.F.);
#274 = EDGE_CURVE('',#85,#247,#275,.T.);
#275 = SURFACE_CURVE('',#276,(#281,#287),.PCURVE_S1.);
#276 = CIRCLE('',#277,2.);
#277 = AXIS2_PLACEMENT_3D('',#278,#279,#280);
#278 = CARTESIAN_POINT('',(35.,-32.,286.));
#279 = DIRECTION('',(0.,1.,0.));
#280 = DIRECTION('',(-1.,0.,0.));
#281 = PCURVE('',#126,#282);
#282 = DEFINITIONAL_REPRESENTATION('',(#283),#286);
#283 = B_SPLINE_CURVE_WITH_KNOTS('',1,(#284,#285),.UNSPECIFIED.,.F.,.F.,
  (2,2),(0.,1.570796326795),.PIECEWISE_BEZIER_KNOTS.);
#284 = CARTESIAN_POINT('',(0.,20.));
#285 = CARTESIAN_POINT('',(1.570796326795,20.));
#286 = ( GEOMETRIC_REPRESENTATION_CONTEXT(2) 
PARAMETRIC_REPRESENTATION_CONTEXT() REPRESENTATION_CONTEXT('2D SPACE',''
  ) );
#287 = PCURVE('',#288,#293);
#288 = TOROIDAL_SURFACE('',#289,4.,2.);
#289 = AXIS2_PLACEMENT_3D('',#290,#291,#292);
#290 = CARTESIAN_POINT('',(39.,-32.,286.));
#291 = DIRECTION('',(0.,0.,1.));
#292 = DIRECTION('',(-1.,0.,0.));
#293 = DEFINITIONAL_REPRESENTATION('',(#294),#297);
#294 = B_SPLINE_CURVE_WITH_KNOTS('',1,(#295,#296),.UNSPECIFIED.,.F.,.F.,
  (2,2),(0.,1.570796326795),.PIECEWISE_BEZIER_KNOTS.);
#295 = CARTESIAN_POINT('',(0.,0.));
#296 = CARTESIAN_POINT('',(0.,1.570796326795));
#297 = ( GEOMETRIC_REPRESENTATION_CONTEXT(2) 
PARAMETRIC_REPRESENTATION_CONTEXT() REPRESENTATION_CONTEXT('2D SPACE',''
  ) );
#298 = ORIENTED_EDGE('',*,*,#112,.F.);
#299 = ADVANCED_FACE('',(#300,#471,#502),#72,.F.);
#300 = FACE_BOUND('',#301,.F.);
#301 = EDGE_LOOP('',(#302,#303,#304,#327,#360,#388,#417,#445));
#302 = ORIENTED_EDGE('',*,*,#56,.F.);
#303 = ORIENTED_EDGE('',*,*,#142,.T.);
#304 = ORIENTED_EDGE('',*,*,#305,.T.);
#305 = EDGE_CURVE('',#143,#306,#308,.T.);
#306 = VERTEX_POINT('',#307);
#307 = CARTESIAN_POINT('',(69.,-58.,280.));
#308 = SURFACE_CURVE('',#309,(#313,#320),.PCURVE_S1.);
#309 = LINE('',#310,#311);
#310 = CARTESIAN_POINT('',(33.,-58.,280.));
#311 = VECTOR('',#312,1.);
#312 = DIRECTION('',(1.,0.,0.));
#313 = PCURVE('',#72,#314);
#314 = DEFINITIONAL_REPRESENTATION('',(#315),#319);
#315 = LINE('',#316,#317);
#316 = CARTESIAN_POINT('',(0.,0.));
#317 = VECTOR('',#318,1.);
#318 = DIRECTION('',(1.,0.));
#319 = ( GEOMETRIC_REPRESENTATION_CONTEXT(2) 
PARAMETRIC_REPRESENTATION_CONTEXT() REPRESENTATION_CONTEXT('2D SPACE',''
  ) );
#320 = PCURVE('',#182,#321);
#321 = DEFINITIONAL_REPRESENTATION('',(#322),#326);
#322 = LINE('',#323,#324);
#323 = CARTESIAN_POINT('',(0.,0.));
#324 = VECTOR('',#325,1.);
#325 = DIRECTION('',(0.,1.));
#326 = ( GEOMETRIC_REPRESENTATION_CONTEXT(2) 
PARAMETRIC_REPRESENTATION_CONTEXT() REPRESENTATION_CONTEXT('2D SPACE',''
  ) );
#327 = ORIENTED_EDGE('',*,*,#328,.F.);
#328 = EDGE_CURVE('',#329,#306,#331,.T.);
#329 = VERTEX_POINT('',#330);
#330 = CARTESIAN_POINT('',(75.,-52.,280.));
#331 = SURFACE_CURVE('',#332,(#337,#348),.PCURVE_S1.);
#332 = CIRCLE('',#333,6.);
#333 = AXIS2_PLACEMENT_3D('',#334,#335,#336);
#334 = CARTESIAN_POINT('',(69.,-52.,280.));
#335 = DIRECTION('',(-0.,-0.,-1.));
#336 = DIRECTION('',(0.,-1.,0.));
#337 = PCURVE('',#72,#338);
#338 = DEFINITIONAL_REPRESENTATION('',(#339),#347);
#339 = ( BOUNDED_CURVE() B_SPLINE_CURVE(2,(#340,#341,#342,#343,#344,#345
,#346),.UNSPECIFIED.,.T.,.F.) B_SPLINE_CURVE_WITH_KNOTS((1,2,2,2,2,1),(
    -2.094395102393,0.,2.094395102393,4.188790204786,6.28318530718,
8.377580409573),.UNSPECIFIED.) CURVE() GEOMETRIC_REPRESENTATION_ITEM() 
RATIONAL_B_SPLINE_CURVE((1.,0.5,1.,0.5,1.,0.5,1.)) REPRESENTATION_ITEM(
  '') );
#340 = CARTESIAN_POINT('',(36.,0.));
#341 = CARTESIAN_POINT('',(25.607695154587,0.));
#342 = CARTESIAN_POINT('',(30.803847577293,9.));
#343 = CARTESIAN_POINT('',(36.,18.));
#344 = CARTESIAN_POINT('',(41.196152422707,9.));
#345 = CARTESIAN_POINT('',(46.392304845413,8.881784197001E-15));
#346 = CARTESIAN_POINT('',(36.,0.));
#347 = ( GEOMETRIC_REPRESENTATION_CONTEXT(2) 
PARAMETRIC_REPRESENTATION_CONTEXT() REPRESENTATION_CONTEXT('2D SPACE',''
  ) );
#348 = PCURVE('',#349,#354);
#349 = CYLINDRICAL_SURFACE('',#350,6.);
#350 = AXIS2_PLACEMENT_3D('',#351,#352,#353);
#351 = CARTESIAN_POINT('',(69.,-52.,280.));
#352 = DIRECTION('',(0.,0.,1.));
#353 = DIRECTION('',(1.,0.,-0.));
#354 = DEFINITIONAL_REPRESENTATION('',(#355),#359);
#355 = LINE('',#356,#357);
#356 = CARTESIAN_POINT('',(4.712388980385,-0.));
#357 = VECTOR('',#358,1.);
#358 = DIRECTION('',(-1.,0.));
#359 = ( GEOMETRIC_REPRESENTATION_CONTEXT(2) 
PARAMETRIC_REPRESENTATION_CONTEXT() REPRESENTATION_CONTEXT('2D SPACE',''
  ) );
#360 = ORIENTED_EDGE('',*,*,#361,.T.);
#361 = EDGE_CURVE('',#329,#362,#364,.T.);
#362 = VERTEX_POINT('',#363);
#363 = CARTESIAN_POINT('',(75.,-32.,280.));
#364 = SURFACE_CURVE('',#365,(#369,#376),.PCURVE_S1.);
#365 = LINE('',#366,#367);
#366 = CARTESIAN_POINT('',(75.,-58.,280.));
#367 = VECTOR('',#368,1.);
#368 = DIRECTION('',(0.,1.,0.));
#369 = PCURVE('',#72,#370);
#370 = DEFINITIONAL_REPRESENTATION('',(#371),#375);
#371 = LINE('',#372,#373);
#372 = CARTESIAN_POINT('',(42.,0.));
#373 = VECTOR('',#374,1.);
#374 = DIRECTION('',(0.,1.));
#375 = ( GEOMETRIC_REPRESENTATION_CONTEXT(2) 
PARAMETRIC_REPRESENTATION_CONTEXT() REPRESENTATION_CONTEXT('2D SPACE',''
  ) );
#376 = PCURVE('',#377,#382);
#377 = PLANE('',#378);
#378 = AXIS2_PLACEMENT_3D('',#379,#380,#381);
#379 = CARTESIAN_POINT('',(75.,-58.,280.));
#380 = DIRECTION('',(1.,0.,0.));
#381 = DIRECTION('',(0.,0.,1.));
#382 = DEFINITIONAL_REPRESENTATION('',(#383),#387);
#383 = LINE('',#384,#385);
#384 = CARTESIAN_POINT('',(0.,0.));
#385 = VECTOR('',#386,1.);
#386 = DIRECTION('',(0.,-1.));
#387 = ( GEOMETRIC_REPRESENTATION_CONTEXT(2) 
PARAMETRIC_REPRESENTATION_CONTEXT() REPRESENTATION_CONTEXT('2D SPACE',''
  ) );
#388 = ORIENTED_EDGE('',*,*,#389,.T.);
#389 = EDGE_CURVE('',#362,#390,#392,.T.);
#390 = VERTEX_POINT('',#391);
#391 = CARTESIAN_POINT('',(69.,-26.,280.));
#392 = SURFACE_CURVE('',#393,(#398,#405),.PCURVE_S1.);
#393 = CIRCLE('',#394,6.);
#394 = AXIS2_PLACEMENT_3D('',#395,#396,#397);
#395 = CARTESIAN_POINT('',(69.,-32.,280.));
#396 = DIRECTION('',(0.,0.,1.));
#397 = DIRECTION('',(0.,-1.,0.));
#398 = PCURVE('',#72,#399);
#399 = DEFINITIONAL_REPRESENTATION('',(#400),#404);
#400 = CIRCLE('',#401,6.);
#401 = AXIS2_PLACEMENT_2D('',#402,#403);
#402 = CARTESIAN_POINT('',(36.,26.));
#403 = DIRECTION('',(0.,-1.));
#404 = ( GEOMETRIC_REPRESENTATION_CONTEXT(2) 
PARAMETRIC_REPRESENTATION_CONTEXT() REPRESENTATION_CONTEXT('2D SPACE',''
  ) );
#405 = PCURVE('',#406,#411);
#406 = CYLINDRICAL_SURFACE('',#407,6.);
#407 = AXIS2_PLACEMENT_3D('',#408,#409,#410);
#408 = CARTESIAN_POINT('',(69.,-32.,280.));
#409 = DIRECTION('',(0.,0.,1.));
#410 = DIRECTION('',(1.,0.,-0.));
#411 = DEFINITIONAL_REPRESENTATION('',(#412),#416);
#412 = LINE('',#413,#414);
#413 = CARTESIAN_POINT('',(-1.570796326795,0.));
#414 = VECTOR('',#415,1.);
#415 = DIRECTION('',(1.,0.));
#416 = ( GEOMETRIC_REPRESENTATION_CONTEXT(2) 
PARAMETRIC_REPRESENTATION_CONTEXT() REPRESENTATION_CONTEXT('2D SPACE',''
  ) );
#417 = ORIENTED_EDGE('',*,*,#418,.F.);
#418 = EDGE_CURVE('',#419,#390,#421,.T.);
#419 = VERTEX_POINT('',#420);
#420 = CARTESIAN_POINT('',(39.,-26.,280.));
#421 = SURFACE_CURVE('',#422,(#426,#433),.PCURVE_S1.);
#422 = LINE('',#423,#424);
#423 = CARTESIAN_POINT('',(33.,-26.,280.));
#424 = VECTOR('',#425,1.);
#425 = DIRECTION('',(1.,0.,0.));
#426 = PCURVE('',#72,#427);
#427 = DEFINITIONAL_REPRESENTATION('',(#428),#432);
#428 = LINE('',#429,#430);
#429 = CARTESIAN_POINT('',(0.,32.));
#430 = VECTOR('',#431,1.);
#431 = DIRECTION('',(1.,0.));
#432 = ( GEOMETRIC_REPRESENTATION_CONTEXT(2) 
PARAMETRIC_REPRESENTATION_CONTEXT() REPRESENTATION_CONTEXT('2D SPACE',''
  ) );
#433 = PCURVE('',#434,#439);
#434 = PLANE('',#435);
#435 = AXIS2_PLACEMENT_3D('',#436,#437,#438);
#436 = CARTESIAN_POINT('',(33.,-26.,280.));
#437 = DIRECTION('',(0.,1.,0.));
#438 = DIRECTION('',(0.,0.,1.));
#439 = DEFINITIONAL_REPRESENTATION('',(#440),#444);
#440 = LINE('',#441,#442);
#441 = CARTESIAN_POINT('',(0.,0.));
#442 = VECTOR('',#443,1.);
#443 = DIRECTION('',(0.,1.));
#444 = ( GEOMETRIC_REPRESENTATION_CONTEXT(2) 
PARAMETRIC_REPRESENTATION_CONTEXT() REPRESENTATION_CONTEXT('2D SPACE',''
  ) );
#445 = ORIENTED_EDGE('',*,*,#446,.F.);
#446 = EDGE_CURVE('',#57,#419,#447,.T.);
#447 = SURFACE_CURVE('',#448,(#453,#464),.PCURVE_S1.);
#448 = CIRCLE('',#449,6.);
#449 = AXIS2_PLACEMENT_3D('',#450,#451,#452);
#450 = CARTESIAN_POINT('',(39.,-32.,280.));
#451 = DIRECTION('',(-0.,-0.,-1.));
#452 = DIRECTION('',(0.,-1.,0.));
#453 = PCURVE('',#72,#454);
#454 = DEFINITIONAL_REPRESENTATION('',(#455),#463);
#455 = ( BOUNDED_CURVE() B_SPLINE_CURVE(2,(#456,#457,#458,#459,#460,#461
,#462),.UNSPECIFIED.,.T.,.F.) B_SPLINE_CURVE_WITH_KNOTS((1,2,2,2,2,1),(
    -2.094395102393,0.,2.094395102393,4.188790204786,6.28318530718,
8.377580409573),.UNSPECIFIED.) CURVE() GEOMETRIC_REPRESENTATION_ITEM() 
RATIONAL_B_SPLINE_CURVE((1.,0.5,1.,0.5,1.,0.5,1.)) REPRESENTATION_ITEM(
  '') );
#456 = CARTESIAN_POINT('',(6.,20.));
#457 = CARTESIAN_POINT('',(-4.392304845413,20.));
#458 = CARTESIAN_POINT('',(0.803847577293,29.));
#459 = CARTESIAN_POINT('',(6.,38.));
#460 = CARTESIAN_POINT('',(11.196152422707,29.));
#461 = CARTESIAN_POINT('',(16.392304845413,20.));
#462 = CARTESIAN_POINT('',(6.,20.));
#463 = ( GEOMETRIC_REPRESENTATION_CONTEXT(2) 
PARAMETRIC_REPRESENTATION_CONTEXT() REPRESENTATION_CONTEXT('2D SPACE',''
  ) );
#464 = PCURVE('',#100,#465);
#465 = DEFINITIONAL_REPRESENTATION('',(#466),#470);
#466 = LINE('',#467,#468);
#467 = CARTESIAN_POINT('',(1.570796326795,-0.));
#468 = VECTOR('',#469,1.);
#469 = DIRECTION('',(-1.,0.));
#470 = ( GEOMETRIC_REPRESENTATION_CONTEXT(2) 
PARAMETRIC_REPRESENTATION_CONTEXT() REPRESENTATION_CONTEXT('2D SPACE',''
  ) );
#471 = FACE_BOUND('',#472,.F.);
#472 = EDGE_LOOP('',(#473));
#473 = ORIENTED_EDGE('',*,*,#474,.F.);
#474 = EDGE_CURVE('',#475,#475,#477,.T.);
#475 = VERTEX_POINT('',#476);
#476 = CARTESIAN_POINT('',(42.1,-42.,280.));
#477 = SURFACE_CURVE('',#478,(#483,#490),.PCURVE_S1.);
#478 = CIRCLE('',#479,2.1);
#479 = AXIS2_PLACEMENT_3D('',#480,#481,#482);
#480 = CARTESIAN_POINT('',(40.,-42.,280.));
#481 = DIRECTION('',(0.,0.,1.));
#482 = DIRECTION('',(1.,0.,-0.));
#483 = PCURVE('',#72,#484);
#484 = DEFINITIONAL_REPRESENTATION('',(#485),#489);
#485 = CIRCLE('',#486,2.1);
#486 = AXIS2_PLACEMENT_2D('',#487,#488);
#487 = CARTESIAN_POINT('',(7.,16.));
#488 = DIRECTION('',(1.,0.));
#489 = ( GEOMETRIC_REPRESENTATION_CONTEXT(2) 
PARAMETRIC_REPRESENTATION_CONTEXT() REPRESENTATION_CONTEXT('2D SPACE',''
  ) );
#490 = PCURVE('',#491,#496);
#491 = CYLINDRICAL_SURFACE('',#492,2.1);
#492 = AXIS2_PLACEMENT_3D('',#493,#494,#495);
#493 = CARTESIAN_POINT('',(40.,-42.,279.9));
#494 = DIRECTION('',(0.,0.,1.));
#495 = DIRECTION('',(1.,0.,-0.));
#496 = DEFINITIONAL_REPRESENTATION('',(#497),#501);
#497 = LINE('',#498,#499);
#498 = CARTESIAN_POINT('',(0.,0.1));
#499 = VECTOR('',#500,1.);
#500 = DIRECTION('',(1.,0.));
#501 = ( GEOMETRIC_REPRESENTATION_CONTEXT(2) 
PARAMETRIC_REPRESENTATION_CONTEXT() REPRESENTATION_CONTEXT('2D SPACE',''
  ) );
#502 = FACE_BOUND('',#503,.F.);
#503 = EDGE_LOOP('',(#504));
#504 = ORIENTED_EDGE('',*,*,#505,.F.);
#505 = EDGE_CURVE('',#506,#506,#508,.T.);
#506 = VERTEX_POINT('',#507);
#507 = CARTESIAN_POINT('',(70.1,-42.,280.));
#508 = SURFACE_CURVE('',#509,(#514,#521),.PCURVE_S1.);
#509 = CIRCLE('',#510,2.1);
#510 = AXIS2_PLACEMENT_3D('',#511,#512,#513);
#511 = CARTESIAN_POINT('',(68.,-42.,280.));
#512 = DIRECTION('',(0.,0.,1.));
#513 = DIRECTION('',(1.,0.,-0.));
#514 = PCURVE('',#72,#515);
#515 = DEFINITIONAL_REPRESENTATION('',(#516),#520);
#516 = CIRCLE('',#517,2.1);
#517 = AXIS2_PLACEMENT_2D('',#518,#519);
#518 = CARTESIAN_POINT('',(35.,16.));
#519 = DIRECTION('',(1.,0.));
#520 = ( GEOMETRIC_REPRESENTATION_CONTEXT(2) 
PARAMETRIC_REPRESENTATION_CONTEXT() REPRESENTATION_CONTEXT('2D SPACE',''
  ) );
#521 = PCURVE('',#522,#527);
#522 = CYLINDRICAL_SURFACE('',#523,2.1);
#523 = AXIS2_PLACEMENT_3D('',#524,#525,#526);
#524 = CARTESIAN_POINT('',(68.,-42.,279.9));
#525 = DIRECTION('',(0.,0.,1.));
#526 = DIRECTION('',(1.,0.,-0.));
#527 = DEFINITIONAL_REPRESENTATION('',(#528),#532);
#528 = LINE('',#529,#530);
#529 = CARTESIAN_POINT('',(0.,0.1));
#530 = VECTOR('',#531,1.);
#531 = DIRECTION('',(1.,0.));
#532 = ( GEOMETRIC_REPRESENTATION_CONTEXT(2) 
PARAMETRIC_REPRESENTATION_CONTEXT() REPRESENTATION_CONTEXT('2D SPACE',''
  ) );
#533 = ADVANCED_FACE('',(#534),#100,.T.);
#534 = FACE_BOUND('',#535,.F.);
#535 = EDGE_LOOP('',(#536,#537,#538,#561));
#536 = ORIENTED_EDGE('',*,*,#84,.F.);
#537 = ORIENTED_EDGE('',*,*,#446,.T.);
#538 = ORIENTED_EDGE('',*,*,#539,.T.);
#539 = EDGE_CURVE('',#419,#540,#542,.T.);
#540 = VERTEX_POINT('',#541);
#541 = CARTESIAN_POINT('',(39.,-26.,286.));
#542 = SURFACE_CURVE('',#543,(#547,#554),.PCURVE_S1.);
#543 = LINE('',#544,#545);
#544 = CARTESIAN_POINT('',(39.,-26.,280.));
#545 = VECTOR('',#546,1.);
#546 = DIRECTION('',(0.,0.,1.));
#547 = PCURVE('',#100,#548);
#548 = DEFINITIONAL_REPRESENTATION('',(#549),#553);
#549 = LINE('',#550,#551);
#550 = CARTESIAN_POINT('',(-1.570796326795,0.));
#551 = VECTOR('',#552,1.);
#552 = DIRECTION('',(-0.,1.));
#553 = ( GEOMETRIC_REPRESENTATION_CONTEXT(2) 
PARAMETRIC_REPRESENTATION_CONTEXT() REPRESENTATION_CONTEXT('2D SPACE',''
  ) );
#554 = PCURVE('',#434,#555);
#555 = DEFINITIONAL_REPRESENTATION('',(#556),#560);
#556 = LINE('',#557,#558);
#557 = CARTESIAN_POINT('',(0.,6.));
#558 = VECTOR('',#559,1.);
#559 = DIRECTION('',(1.,0.));
#560 = ( GEOMETRIC_REPRESENTATION_CONTEXT(2) 
PARAMETRIC_REPRESENTATION_CONTEXT() REPRESENTATION_CONTEXT('2D SPACE',''
  ) );
#561 = ORIENTED_EDGE('',*,*,#562,.F.);
#562 = EDGE_CURVE('',#85,#540,#563,.T.);
#563 = SURFACE_CURVE('',#564,(#569,#576),.PCURVE_S1.);
#564 = CIRCLE('',#565,6.);
#565 = AXIS2_PLACEMENT_3D('',#566,#567,#568);
#566 = CARTESIAN_POINT('',(39.,-32.,286.));
#567 = DIRECTION('',(-0.,0.,-1.));
#568 = DIRECTION('',(-1.,0.,0.));
#569 = PCURVE('',#100,#570);
#570 = DEFINITIONAL_REPRESENTATION('',(#571),#575);
#571 = LINE('',#572,#573);
#572 = CARTESIAN_POINT('',(-0.,6.));
#573 = VECTOR('',#574,1.);
#574 = DIRECTION('',(-1.,0.));
#575 = ( GEOMETRIC_REPRESENTATION_CONTEXT(2) 
PARAMETRIC_REPRESENTATION_CONTEXT() REPRESENTATION_CONTEXT('2D SPACE',''
  ) );
#576 = PCURVE('',#288,#577);
#577 = DEFINITIONAL_REPRESENTATION('',(#578),#582);
#578 = LINE('',#579,#580);
#579 = CARTESIAN_POINT('',(-0.,0.));
#580 = VECTOR('',#581,1.);
#581 = DIRECTION('',(-1.,0.));
#582 = ( GEOMETRIC_REPRESENTATION_CONTEXT(2) 
PARAMETRIC_REPRESENTATION_CONTEXT() REPRESENTATION_CONTEXT('2D SPACE',''
  ) );
#583 = ADVANCED_FACE('',(#584),#209,.T.);
#584 = FACE_BOUND('',#585,.F.);
#585 = EDGE_LOOP('',(#586,#613,#614,#615));
#586 = ORIENTED_EDGE('',*,*,#587,.F.);
#587 = EDGE_CURVE('',#167,#588,#590,.T.);
#588 = VERTEX_POINT('',#589);
#589 = CARTESIAN_POINT('',(39.,-56.,288.));
#590 = SURFACE_CURVE('',#591,(#596,#602),.PCURVE_S1.);
#591 = CIRCLE('',#592,2.);
#592 = AXIS2_PLACEMENT_3D('',#593,#594,#595);
#593 = CARTESIAN_POINT('',(39.,-56.,286.));
#594 = DIRECTION('',(-1.,-0.,0.));
#595 = DIRECTION('',(0.,-1.,0.));
#596 = PCURVE('',#209,#597);
#597 = DEFINITIONAL_REPRESENTATION('',(#598),#601);
#598 = B_SPLINE_CURVE_WITH_KNOTS('',1,(#599,#600),.UNSPECIFIED.,.F.,.F.,
  (2,2),(0.,1.570796326795),.PIECEWISE_BEZIER_KNOTS.);
#599 = CARTESIAN_POINT('',(0.,0.));
#600 = CARTESIAN_POINT('',(0.,1.570796326795));
#601 = ( GEOMETRIC_REPRESENTATION_CONTEXT(2) 
PARAMETRIC_REPRESENTATION_CONTEXT() REPRESENTATION_CONTEXT('2D SPACE',''
  ) );
#602 = PCURVE('',#603,#608);
#603 = CYLINDRICAL_SURFACE('',#604,2.);
#604 = AXIS2_PLACEMENT_3D('',#605,#606,#607);
#605 = CARTESIAN_POINT('',(69.,-56.,286.));
#606 = DIRECTION('',(-1.,-0.,-0.));
#607 = DIRECTION('',(0.,-1.,0.));
#608 = DEFINITIONAL_REPRESENTATION('',(#609),#612);
#609 = B_SPLINE_CURVE_WITH_KNOTS('',1,(#610,#611),.UNSPECIFIED.,.F.,.F.,
  (2,2),(0.,1.570796326795),.PIECEWISE_BEZIER_KNOTS.);
#610 = CARTESIAN_POINT('',(0.,30.));
#611 = CARTESIAN_POINT('',(1.570796326795,30.));
#612 = ( GEOMETRIC_REPRESENTATION_CONTEXT(2) 
PARAMETRIC_REPRESENTATION_CONTEXT() REPRESENTATION_CONTEXT('2D SPACE',''
  ) );
#613 = ORIENTED_EDGE('',*,*,#194,.T.);
#614 = ORIENTED_EDGE('',*,*,#224,.T.);
#615 = ORIENTED_EDGE('',*,*,#616,.F.);
#616 = EDGE_CURVE('',#588,#225,#617,.T.);
#617 = SURFACE_CURVE('',#618,(#623,#630),.PCURVE_S1.);
#618 = CIRCLE('',#619,4.);
#619 = AXIS2_PLACEMENT_3D('',#620,#621,#622);
#620 = CARTESIAN_POINT('',(39.,-52.,288.));
#621 = DIRECTION('',(-0.,-0.,-1.));
#622 = DIRECTION('',(0.,-1.,0.));
#623 = PCURVE('',#209,#624);
#624 = DEFINITIONAL_REPRESENTATION('',(#625),#629);
#625 = LINE('',#626,#627);
#626 = CARTESIAN_POINT('',(-0.,1.570796326795));
#627 = VECTOR('',#628,1.);
#628 = DIRECTION('',(-1.,0.));
#629 = ( GEOMETRIC_REPRESENTATION_CONTEXT(2) 
PARAMETRIC_REPRESENTATION_CONTEXT() REPRESENTATION_CONTEXT('2D SPACE',''
  ) );
#630 = PCURVE('',#262,#631);
#631 = DEFINITIONAL_REPRESENTATION('',(#632),#640);
#632 = ( BOUNDED_CURVE() B_SPLINE_CURVE(2,(#633,#634,#635,#636,#637,#638
,#639),.UNSPECIFIED.,.T.,.F.) B_SPLINE_CURVE_WITH_KNOTS((1,2,2,2,2,1),(
    -2.094395102393,0.,2.094395102393,4.188790204786,6.28318530718,
8.377580409573),.UNSPECIFIED.) CURVE() GEOMETRIC_REPRESENTATION_ITEM() 
RATIONAL_B_SPLINE_CURVE((1.,0.5,1.,0.5,1.,0.5,1.)) REPRESENTATION_ITEM(
  '') );
#633 = CARTESIAN_POINT('',(6.,2.));
#634 = CARTESIAN_POINT('',(-0.928203230276,2.));
#635 = CARTESIAN_POINT('',(2.535898384862,8.));
#636 = CARTESIAN_POINT('',(6.,14.));
#637 = CARTESIAN_POINT('',(9.464101615138,8.));
#638 = CARTESIAN_POINT('',(12.928203230276,2.));
#639 = CARTESIAN_POINT('',(6.,2.));
#640 = ( GEOMETRIC_REPRESENTATION_CONTEXT(2) 
PARAMETRIC_REPRESENTATION_CONTEXT() REPRESENTATION_CONTEXT('2D SPACE',''
  ) );
#641 = ADVANCED_FACE('',(#642),#182,.F.);
#642 = FACE_BOUND('',#643,.F.);
#643 = EDGE_LOOP('',(#644,#645,#668,#689));
#644 = ORIENTED_EDGE('',*,*,#166,.T.);
#645 = ORIENTED_EDGE('',*,*,#646,.F.);
#646 = EDGE_CURVE('',#647,#167,#649,.T.);
#647 = VERTEX_POINT('',#648);
#648 = CARTESIAN_POINT('',(69.,-58.,286.));
#649 = SURFACE_CURVE('',#650,(#654,#661),.PCURVE_S1.);
#650 = LINE('',#651,#652);
#651 = CARTESIAN_POINT('',(69.,-58.,286.));
#652 = VECTOR('',#653,1.);
#653 = DIRECTION('',(-1.,-0.,-0.));
#654 = PCURVE('',#182,#655);
#655 = DEFINITIONAL_REPRESENTATION('',(#656),#660);
#656 = LINE('',#657,#658);
#657 = CARTESIAN_POINT('',(6.,36.));
#658 = VECTOR('',#659,1.);
#659 = DIRECTION('',(-0.,-1.));
#660 = ( GEOMETRIC_REPRESENTATION_CONTEXT(2) 
PARAMETRIC_REPRESENTATION_CONTEXT() REPRESENTATION_CONTEXT('2D SPACE',''
  ) );
#661 = PCURVE('',#603,#662);
#662 = DEFINITIONAL_REPRESENTATION('',(#663),#667);
#663 = LINE('',#664,#665);
#664 = CARTESIAN_POINT('',(0.,0.));
#665 = VECTOR('',#666,1.);
#666 = DIRECTION('',(0.,1.));
#667 = ( GEOMETRIC_REPRESENTATION_CONTEXT(2) 
PARAMETRIC_REPRESENTATION_CONTEXT() REPRESENTATION_CONTEXT('2D SPACE',''
  ) );
#668 = ORIENTED_EDGE('',*,*,#669,.F.);
#669 = EDGE_CURVE('',#306,#647,#670,.T.);
#670 = SURFACE_CURVE('',#671,(#675,#682),.PCURVE_S1.);
#671 = LINE('',#672,#673);
#672 = CARTESIAN_POINT('',(69.,-58.,280.));
#673 = VECTOR('',#674,1.);
#674 = DIRECTION('',(0.,0.,1.));
#675 = PCURVE('',#182,#676);
#676 = DEFINITIONAL_REPRESENTATION('',(#677),#681);
#677 = LINE('',#678,#679);
#678 = CARTESIAN_POINT('',(0.,36.));
#679 = VECTOR('',#680,1.);
#680 = DIRECTION('',(1.,0.));
#681 = ( GEOMETRIC_REPRESENTATION_CONTEXT(2) 
PARAMETRIC_REPRESENTATION_CONTEXT() REPRESENTATION_CONTEXT('2D SPACE',''
  ) );
#682 = PCURVE('',#349,#683);
#683 = DEFINITIONAL_REPRESENTATION('',(#684),#688);
#684 = LINE('',#685,#686);
#685 = CARTESIAN_POINT('',(-1.570796326795,0.));
#686 = VECTOR('',#687,1.);
#687 = DIRECTION('',(-0.,1.));
#688 = ( GEOMETRIC_REPRESENTATION_CONTEXT(2) 
PARAMETRIC_REPRESENTATION_CONTEXT() REPRESENTATION_CONTEXT('2D SPACE',''
  ) );
#689 = ORIENTED_EDGE('',*,*,#305,.F.);
#690 = ADVANCED_FACE('',(#691),#262,.T.);
#691 = FACE_BOUND('',#692,.T.);
#692 = EDGE_LOOP('',(#693,#694,#695,#718,#747,#775));
#693 = ORIENTED_EDGE('',*,*,#246,.F.);
#694 = ORIENTED_EDGE('',*,*,#616,.F.);
#695 = ORIENTED_EDGE('',*,*,#696,.F.);
#696 = EDGE_CURVE('',#697,#588,#699,.T.);
#697 = VERTEX_POINT('',#698);
#698 = CARTESIAN_POINT('',(48.614835192865,-56.,288.));
#699 = SURFACE_CURVE('',#700,(#704,#711),.PCURVE_S1.);
#700 = LINE('',#701,#702);
#701 = CARTESIAN_POINT('',(69.,-56.,288.));
#702 = VECTOR('',#703,1.);
#703 = DIRECTION('',(-1.,-0.,-0.));
#704 = PCURVE('',#262,#705);
#705 = DEFINITIONAL_REPRESENTATION('',(#706),#710);
#706 = LINE('',#707,#708);
#707 = CARTESIAN_POINT('',(36.,2.));
#708 = VECTOR('',#709,1.);
#709 = DIRECTION('',(-1.,-0.));
#710 = ( GEOMETRIC_REPRESENTATION_CONTEXT(2) 
PARAMETRIC_REPRESENTATION_CONTEXT() REPRESENTATION_CONTEXT('2D SPACE',''
  ) );
#711 = PCURVE('',#603,#712);
#712 = DEFINITIONAL_REPRESENTATION('',(#713),#717);
#713 = LINE('',#714,#715);
#714 = CARTESIAN_POINT('',(1.570796326795,0.));
#715 = VECTOR('',#716,1.);
#716 = DIRECTION('',(0.,1.));
#717 = ( GEOMETRIC_REPRESENTATION_CONTEXT(2) 
PARAMETRIC_REPRESENTATION_CONTEXT() REPRESENTATION_CONTEXT('2D SPACE',''
  ) );
#718 = ORIENTED_EDGE('',*,*,#719,.F.);
#719 = EDGE_CURVE('',#720,#697,#722,.T.);
#720 = VERTEX_POINT('',#721);
#721 = CARTESIAN_POINT('',(48.614835192865,-28.,288.));
#722 = SURFACE_CURVE('',#723,(#728,#735),.PCURVE_S1.);
#723 = CIRCLE('',#724,15.);
#724 = AXIS2_PLACEMENT_3D('',#725,#726,#727);
#725 = CARTESIAN_POINT('',(54.,-42.,288.));
#726 = DIRECTION('',(0.,0.,1.));
#727 = DIRECTION('',(1.,0.,-0.));
#728 = PCURVE('',#262,#729);
#729 = DEFINITIONAL_REPRESENTATION('',(#730),#734);
#730 = CIRCLE('',#731,15.);
#731 = AXIS2_PLACEMENT_2D('',#732,#733);
#732 = CARTESIAN_POINT('',(21.,16.));
#733 = DIRECTION('',(1.,0.));
#734 = ( GEOMETRIC_REPRESENTATION_CONTEXT(2) 
PARAMETRIC_REPRESENTATION_CONTEXT() REPRESENTATION_CONTEXT('2D SPACE',''
  ) );
#735 = PCURVE('',#736,#741);
#736 = CONICAL_SURFACE('',#737,16.,0.244978663127);
#737 = AXIS2_PLACEMENT_3D('',#738,#739,#740);
#738 = CARTESIAN_POINT('',(54.,-42.,284.));
#739 = DIRECTION('',(-0.,-0.,-1.));
#740 = DIRECTION('',(1.,0.,-0.));
#741 = DEFINITIONAL_REPRESENTATION('',(#742),#746);
#742 = LINE('',#743,#744);
#743 = CARTESIAN_POINT('',(-0.,-4.));
#744 = VECTOR('',#745,1.);
#745 = DIRECTION('',(-1.,-0.));
#746 = ( GEOMETRIC_REPRESENTATION_CONTEXT(2) 
PARAMETRIC_REPRESENTATION_CONTEXT() REPRESENTATION_CONTEXT('2D SPACE',''
  ) );
#747 = ORIENTED_EDGE('',*,*,#748,.F.);
#748 = EDGE_CURVE('',#749,#720,#751,.T.);
#749 = VERTEX_POINT('',#750);
#750 = CARTESIAN_POINT('',(39.,-28.,288.));
#751 = SURFACE_CURVE('',#752,(#756,#763),.PCURVE_S1.);
#752 = LINE('',#753,#754);
#753 = CARTESIAN_POINT('',(39.,-28.,288.));
#754 = VECTOR('',#755,1.);
#755 = DIRECTION('',(1.,0.,0.));
#756 = PCURVE('',#262,#757);
#757 = DEFINITIONAL_REPRESENTATION('',(#758),#762);
#758 = LINE('',#759,#760);
#759 = CARTESIAN_POINT('',(6.,30.));
#760 = VECTOR('',#761,1.);
#761 = DIRECTION('',(1.,0.));
#762 = ( GEOMETRIC_REPRESENTATION_CONTEXT(2) 
PARAMETRIC_REPRESENTATION_CONTEXT() REPRESENTATION_CONTEXT('2D SPACE',''
  ) );
#763 = PCURVE('',#764,#769);
#764 = CYLINDRICAL_SURFACE('',#765,2.);
#765 = AXIS2_PLACEMENT_3D('',#766,#767,#768);
#766 = CARTESIAN_POINT('',(39.,-28.,286.));
#767 = DIRECTION('',(1.,0.,0.));
#768 = DIRECTION('',(-0.,1.,0.));
#769 = DEFINITIONAL_REPRESENTATION('',(#770),#774);
#770 = LINE('',#771,#772);
#771 = CARTESIAN_POINT('',(1.570796326795,0.));
#772 = VECTOR('',#773,1.);
#773 = DIRECTION('',(0.,1.));
#774 = ( GEOMETRIC_REPRESENTATION_CONTEXT(2) 
PARAMETRIC_REPRESENTATION_CONTEXT() REPRESENTATION_CONTEXT('2D SPACE',''
  ) );
#775 = ORIENTED_EDGE('',*,*,#776,.F.);
#776 = EDGE_CURVE('',#247,#749,#777,.T.);
#777 = SURFACE_CURVE('',#778,(#783,#794),.PCURVE_S1.);
#778 = CIRCLE('',#779,4.);
#779 = AXIS2_PLACEMENT_3D('',#780,#781,#782);
#780 = CARTESIAN_POINT('',(39.,-32.,288.));
#781 = DIRECTION('',(-0.,0.,-1.));
#782 = DIRECTION('',(-1.,0.,0.));
#783 = PCURVE('',#262,#784);
#784 = DEFINITIONAL_REPRESENTATION('',(#785),#793);
#785 = ( BOUNDED_CURVE() B_SPLINE_CURVE(2,(#786,#787,#788,#789,#790,#791
,#792),.UNSPECIFIED.,.T.,.F.) B_SPLINE_CURVE_WITH_KNOTS((1,2,2,2,2,1),(
    -2.094395102393,0.,2.094395102393,4.188790204786,6.28318530718,
8.377580409573),.UNSPECIFIED.) CURVE() GEOMETRIC_REPRESENTATION_ITEM() 
RATIONAL_B_SPLINE_CURVE((1.,0.5,1.,0.5,1.,0.5,1.)) REPRESENTATION_ITEM(
  '') );
#786 = CARTESIAN_POINT('',(2.,26.));
#787 = CARTESIAN_POINT('',(2.,32.928203230276));
#788 = CARTESIAN_POINT('',(8.,29.464101615138));
#789 = CARTESIAN_POINT('',(14.,26.));
#790 = CARTESIAN_POINT('',(8.,22.535898384862));
#791 = CARTESIAN_POINT('',(2.,19.071796769724));
#792 = CARTESIAN_POINT('',(2.,26.));
#793 = ( GEOMETRIC_REPRESENTATION_CONTEXT(2) 
PARAMETRIC_REPRESENTATION_CONTEXT() REPRESENTATION_CONTEXT('2D SPACE',''
  ) );
#794 = PCURVE('',#288,#795);
#795 = DEFINITIONAL_REPRESENTATION('',(#796),#800);
#796 = LINE('',#797,#798);
#797 = CARTESIAN_POINT('',(-0.,1.570796326795));
#798 = VECTOR('',#799,1.);
#799 = DIRECTION('',(-1.,0.));
#800 = ( GEOMETRIC_REPRESENTATION_CONTEXT(2) 
PARAMETRIC_REPRESENTATION_CONTEXT() REPRESENTATION_CONTEXT('2D SPACE',''
  ) );
#801 = ADVANCED_FACE('',(#802),#288,.T.);
#802 = FACE_BOUND('',#803,.F.);
#803 = EDGE_LOOP('',(#804,#805,#806,#826));
#804 = ORIENTED_EDGE('',*,*,#274,.F.);
#805 = ORIENTED_EDGE('',*,*,#562,.T.);
#806 = ORIENTED_EDGE('',*,*,#807,.T.);
#807 = EDGE_CURVE('',#540,#749,#808,.T.);
#808 = SURFACE_CURVE('',#809,(#814,#820),.PCURVE_S1.);
#809 = CIRCLE('',#810,2.);
#810 = AXIS2_PLACEMENT_3D('',#811,#812,#813);
#811 = CARTESIAN_POINT('',(39.,-28.,286.));
#812 = DIRECTION('',(1.,6.123233995737E-17,-0.));
#813 = DIRECTION('',(-6.123233995737E-17,1.,0.));
#814 = PCURVE('',#288,#815);
#815 = DEFINITIONAL_REPRESENTATION('',(#816),#819);
#816 = B_SPLINE_CURVE_WITH_KNOTS('',1,(#817,#818),.UNSPECIFIED.,.F.,.F.,
  (2,2),(0.,1.570796326795),.PIECEWISE_BEZIER_KNOTS.);
#817 = CARTESIAN_POINT('',(-1.570796326795,0.));
#818 = CARTESIAN_POINT('',(-1.570796326795,1.570796326795));
#819 = ( GEOMETRIC_REPRESENTATION_CONTEXT(2) 
PARAMETRIC_REPRESENTATION_CONTEXT() REPRESENTATION_CONTEXT('2D SPACE',''
  ) );
#820 = PCURVE('',#764,#821);
#821 = DEFINITIONAL_REPRESENTATION('',(#822),#825);
#822 = B_SPLINE_CURVE_WITH_KNOTS('',1,(#823,#824),.UNSPECIFIED.,.F.,.F.,
  (2,2),(0.,1.570796326795),.PIECEWISE_BEZIER_KNOTS.);
#823 = CARTESIAN_POINT('',(0.,0.));
#824 = CARTESIAN_POINT('',(1.570796326795,0.));
#825 = ( GEOMETRIC_REPRESENTATION_CONTEXT(2) 
PARAMETRIC_REPRESENTATION_CONTEXT() REPRESENTATION_CONTEXT('2D SPACE',''
  ) );
#826 = ORIENTED_EDGE('',*,*,#776,.F.);
#827 = ADVANCED_FACE('',(#828),#434,.T.);
#828 = FACE_BOUND('',#829,.T.);
#829 = EDGE_LOOP('',(#830,#831,#854,#875));
#830 = ORIENTED_EDGE('',*,*,#539,.T.);
#831 = ORIENTED_EDGE('',*,*,#832,.T.);
#832 = EDGE_CURVE('',#540,#833,#835,.T.);
#833 = VERTEX_POINT('',#834);
#834 = CARTESIAN_POINT('',(69.,-26.,286.));
#835 = SURFACE_CURVE('',#836,(#840,#847),.PCURVE_S1.);
#836 = LINE('',#837,#838);
#837 = CARTESIAN_POINT('',(39.,-26.,286.));
#838 = VECTOR('',#839,1.);
#839 = DIRECTION('',(1.,0.,0.));
#840 = PCURVE('',#434,#841);
#841 = DEFINITIONAL_REPRESENTATION('',(#842),#846);
#842 = LINE('',#843,#844);
#843 = CARTESIAN_POINT('',(6.,6.));
#844 = VECTOR('',#845,1.);
#845 = DIRECTION('',(0.,1.));
#846 = ( GEOMETRIC_REPRESENTATION_CONTEXT(2) 
PARAMETRIC_REPRESENTATION_CONTEXT() REPRESENTATION_CONTEXT('2D SPACE',''
  ) );
#847 = PCURVE('',#764,#848);
#848 = DEFINITIONAL_REPRESENTATION('',(#849),#853);
#849 = LINE('',#850,#851);
#850 = CARTESIAN_POINT('',(0.,0.));
#851 = VECTOR('',#852,1.);
#852 = DIRECTION('',(0.,1.));
#853 = ( GEOMETRIC_REPRESENTATION_CONTEXT(2) 
PARAMETRIC_REPRESENTATION_CONTEXT() REPRESENTATION_CONTEXT('2D SPACE',''
  ) );
#854 = ORIENTED_EDGE('',*,*,#855,.F.);
#855 = EDGE_CURVE('',#390,#833,#856,.T.);
#856 = SURFACE_CURVE('',#857,(#861,#868),.PCURVE_S1.);
#857 = LINE('',#858,#859);
#858 = CARTESIAN_POINT('',(69.,-26.,280.));
#859 = VECTOR('',#860,1.);
#860 = DIRECTION('',(0.,0.,1.));
#861 = PCURVE('',#434,#862);
#862 = DEFINITIONAL_REPRESENTATION('',(#863),#867);
#863 = LINE('',#864,#865);
#864 = CARTESIAN_POINT('',(0.,36.));
#865 = VECTOR('',#866,1.);
#866 = DIRECTION('',(1.,0.));
#867 = ( GEOMETRIC_REPRESENTATION_CONTEXT(2) 
PARAMETRIC_REPRESENTATION_CONTEXT() REPRESENTATION_CONTEXT('2D SPACE',''
  ) );
#868 = PCURVE('',#406,#869);
#869 = DEFINITIONAL_REPRESENTATION('',(#870),#874);
#870 = LINE('',#871,#872);
#871 = CARTESIAN_POINT('',(1.570796326795,0.));
#872 = VECTOR('',#873,1.);
#873 = DIRECTION('',(0.,1.));
#874 = ( GEOMETRIC_REPRESENTATION_CONTEXT(2) 
PARAMETRIC_REPRESENTATION_CONTEXT() REPRESENTATION_CONTEXT('2D SPACE',''
  ) );
#875 = ORIENTED_EDGE('',*,*,#418,.F.);
#876 = ADVANCED_FACE('',(#877),#349,.T.);
#877 = FACE_BOUND('',#878,.F.);
#878 = EDGE_LOOP('',(#879,#902,#903,#904));
#879 = ORIENTED_EDGE('',*,*,#880,.F.);
#880 = EDGE_CURVE('',#329,#881,#883,.T.);
#881 = VERTEX_POINT('',#882);
#882 = CARTESIAN_POINT('',(75.,-52.,286.));
#883 = SURFACE_CURVE('',#884,(#888,#895),.PCURVE_S1.);
#884 = LINE('',#885,#886);
#885 = CARTESIAN_POINT('',(75.,-52.,280.));
#886 = VECTOR('',#887,1.);
#887 = DIRECTION('',(0.,0.,1.));
#888 = PCURVE('',#349,#889);
#889 = DEFINITIONAL_REPRESENTATION('',(#890),#894);
#890 = LINE('',#891,#892);
#891 = CARTESIAN_POINT('',(-0.,0.));
#892 = VECTOR('',#893,1.);
#893 = DIRECTION('',(-0.,1.));
#894 = ( GEOMETRIC_REPRESENTATION_CONTEXT(2) 
PARAMETRIC_REPRESENTATION_CONTEXT() REPRESENTATION_CONTEXT('2D SPACE',''
  ) );
#895 = PCURVE('',#377,#896);
#896 = DEFINITIONAL_REPRESENTATION('',(#897),#901);
#897 = LINE('',#898,#899);
#898 = CARTESIAN_POINT('',(0.,-6.));
#899 = VECTOR('',#900,1.);
#900 = DIRECTION('',(1.,0.));
#901 = ( GEOMETRIC_REPRESENTATION_CONTEXT(2) 
PARAMETRIC_REPRESENTATION_CONTEXT() REPRESENTATION_CONTEXT('2D SPACE',''
  ) );
#902 = ORIENTED_EDGE('',*,*,#328,.T.);
#903 = ORIENTED_EDGE('',*,*,#669,.T.);
#904 = ORIENTED_EDGE('',*,*,#905,.F.);
#905 = EDGE_CURVE('',#881,#647,#906,.T.);
#906 = SURFACE_CURVE('',#907,(#912,#919),.PCURVE_S1.);
#907 = CIRCLE('',#908,6.);
#908 = AXIS2_PLACEMENT_3D('',#909,#910,#911);
#909 = CARTESIAN_POINT('',(69.,-52.,286.));
#910 = DIRECTION('',(0.,-0.,-1.));
#911 = DIRECTION('',(1.,0.,-0.));
#912 = PCURVE('',#349,#913);
#913 = DEFINITIONAL_REPRESENTATION('',(#914),#918);
#914 = LINE('',#915,#916);
#915 = CARTESIAN_POINT('',(-0.,6.));
#916 = VECTOR('',#917,1.);
#917 = DIRECTION('',(-1.,0.));
#918 = ( GEOMETRIC_REPRESENTATION_CONTEXT(2) 
PARAMETRIC_REPRESENTATION_CONTEXT() REPRESENTATION_CONTEXT('2D SPACE',''
  ) );
#919 = PCURVE('',#920,#925);
#920 = TOROIDAL_SURFACE('',#921,4.,2.);
#921 = AXIS2_PLACEMENT_3D('',#922,#923,#924);
#922 = CARTESIAN_POINT('',(69.,-52.,286.));
#923 = DIRECTION('',(0.,0.,1.));
#924 = DIRECTION('',(1.,0.,-0.));
#925 = DEFINITIONAL_REPRESENTATION('',(#926),#930);
#926 = LINE('',#927,#928);
#927 = CARTESIAN_POINT('',(-0.,0.));
#928 = VECTOR('',#929,1.);
#929 = DIRECTION('',(-1.,0.));
#930 = ( GEOMETRIC_REPRESENTATION_CONTEXT(2) 
PARAMETRIC_REPRESENTATION_CONTEXT() REPRESENTATION_CONTEXT('2D SPACE',''
  ) );
#931 = ADVANCED_FACE('',(#932),#406,.T.);
#932 = FACE_BOUND('',#933,.T.);
#933 = EDGE_LOOP('',(#934,#957,#958,#959));
#934 = ORIENTED_EDGE('',*,*,#935,.F.);
#935 = EDGE_CURVE('',#362,#936,#938,.T.);
#936 = VERTEX_POINT('',#937);
#937 = CARTESIAN_POINT('',(75.,-32.,286.));
#938 = SURFACE_CURVE('',#939,(#943,#950),.PCURVE_S1.);
#939 = LINE('',#940,#941);
#940 = CARTESIAN_POINT('',(75.,-32.,280.));
#941 = VECTOR('',#942,1.);
#942 = DIRECTION('',(0.,0.,1.));
#943 = PCURVE('',#406,#944);
#944 = DEFINITIONAL_REPRESENTATION('',(#945),#949);
#945 = LINE('',#946,#947);
#946 = CARTESIAN_POINT('',(0.,0.));
#947 = VECTOR('',#948,1.);
#948 = DIRECTION('',(0.,1.));
#949 = ( GEOMETRIC_REPRESENTATION_CONTEXT(2) 
PARAMETRIC_REPRESENTATION_CONTEXT() REPRESENTATION_CONTEXT('2D SPACE',''
  ) );
#950 = PCURVE('',#377,#951);
#951 = DEFINITIONAL_REPRESENTATION('',(#952),#956);
#952 = LINE('',#953,#954);
#953 = CARTESIAN_POINT('',(0.,-26.));
#954 = VECTOR('',#955,1.);
#955 = DIRECTION('',(1.,0.));
#956 = ( GEOMETRIC_REPRESENTATION_CONTEXT(2) 
PARAMETRIC_REPRESENTATION_CONTEXT() REPRESENTATION_CONTEXT('2D SPACE',''
  ) );
#957 = ORIENTED_EDGE('',*,*,#389,.T.);
#958 = ORIENTED_EDGE('',*,*,#855,.T.);
#959 = ORIENTED_EDGE('',*,*,#960,.T.);
#960 = EDGE_CURVE('',#833,#936,#961,.T.);
#961 = SURFACE_CURVE('',#962,(#967,#974),.PCURVE_S1.);
#962 = CIRCLE('',#963,6.);
#963 = AXIS2_PLACEMENT_3D('',#964,#965,#966);
#964 = CARTESIAN_POINT('',(69.,-32.,286.));
#965 = DIRECTION('',(0.,-0.,-1.));
#966 = DIRECTION('',(0.,1.,-0.));
#967 = PCURVE('',#406,#968);
#968 = DEFINITIONAL_REPRESENTATION('',(#969),#973);
#969 = LINE('',#970,#971);
#970 = CARTESIAN_POINT('',(1.570796326795,6.));
#971 = VECTOR('',#972,1.);
#972 = DIRECTION('',(-1.,-0.));
#973 = ( GEOMETRIC_REPRESENTATION_CONTEXT(2) 
PARAMETRIC_REPRESENTATION_CONTEXT() REPRESENTATION_CONTEXT('2D SPACE',''
  ) );
#974 = PCURVE('',#975,#980);
#975 = TOROIDAL_SURFACE('',#976,4.,2.);
#976 = AXIS2_PLACEMENT_3D('',#977,#978,#979);
#977 = CARTESIAN_POINT('',(69.,-32.,286.));
#978 = DIRECTION('',(0.,0.,1.));
#979 = DIRECTION('',(0.,1.,-0.));
#980 = DEFINITIONAL_REPRESENTATION('',(#981),#985);
#981 = LINE('',#982,#983);
#982 = CARTESIAN_POINT('',(-0.,0.));
#983 = VECTOR('',#984,1.);
#984 = DIRECTION('',(-1.,0.));
#985 = ( GEOMETRIC_REPRESENTATION_CONTEXT(2) 
PARAMETRIC_REPRESENTATION_CONTEXT() REPRESENTATION_CONTEXT('2D SPACE',''
  ) );
#986 = ADVANCED_FACE('',(#987),#377,.T.);
#987 = FACE_BOUND('',#988,.T.);
#988 = EDGE_LOOP('',(#989,#990,#991,#992));
#989 = ORIENTED_EDGE('',*,*,#880,.F.);
#990 = ORIENTED_EDGE('',*,*,#361,.T.);
#991 = ORIENTED_EDGE('',*,*,#935,.T.);
#992 = ORIENTED_EDGE('',*,*,#993,.T.);
#993 = EDGE_CURVE('',#936,#881,#994,.T.);
#994 = SURFACE_CURVE('',#995,(#999,#1006),.PCURVE_S1.);
#995 = LINE('',#996,#997);
#996 = CARTESIAN_POINT('',(75.,-32.,286.));
#997 = VECTOR('',#998,1.);
#998 = DIRECTION('',(-0.,-1.,-0.));
#999 = PCURVE('',#377,#1000);
#1000 = DEFINITIONAL_REPRESENTATION('',(#1001),#1005);
#1001 = LINE('',#1002,#1003);
#1002 = CARTESIAN_POINT('',(6.,-26.));
#1003 = VECTOR('',#1004,1.);
#1004 = DIRECTION('',(-0.,1.));
#1005 = ( GEOMETRIC_REPRESENTATION_CONTEXT(2) 
PARAMETRIC_REPRESENTATION_CONTEXT() REPRESENTATION_CONTEXT('2D SPACE',''
  ) );
#1006 = PCURVE('',#1007,#1012);
#1007 = CYLINDRICAL_SURFACE('',#1008,2.);
#1008 = AXIS2_PLACEMENT_3D('',#1009,#1010,#1011);
#1009 = CARTESIAN_POINT('',(73.,-32.,286.));
#1010 = DIRECTION('',(-0.,-1.,-0.));
#1011 = DIRECTION('',(1.,0.,-0.));
#1012 = DEFINITIONAL_REPRESENTATION('',(#1013),#1017);
#1013 = LINE('',#1014,#1015);
#1014 = CARTESIAN_POINT('',(0.,0.));
#1015 = VECTOR('',#1016,1.);
#1016 = DIRECTION('',(0.,1.));
#1017 = ( GEOMETRIC_REPRESENTATION_CONTEXT(2) 
PARAMETRIC_REPRESENTATION_CONTEXT() REPRESENTATION_CONTEXT('2D SPACE',''
  ) );
#1018 = ADVANCED_FACE('',(#1019),#491,.F.);
#1019 = FACE_BOUND('',#1020,.F.);
#1020 = EDGE_LOOP('',(#1021,#1044,#1071,#1072));
#1021 = ORIENTED_EDGE('',*,*,#1022,.T.);
#1022 = EDGE_CURVE('',#475,#1023,#1025,.T.);
#1023 = VERTEX_POINT('',#1024);
#1024 = CARTESIAN_POINT('',(42.1,-42.,285.6));
#1025 = SEAM_CURVE('',#1026,(#1030,#1037),.PCURVE_S1.);
#1026 = LINE('',#1027,#1028);
#1027 = CARTESIAN_POINT('',(42.1,-42.,279.9));
#1028 = VECTOR('',#1029,1.);
#1029 = DIRECTION('',(0.,0.,1.));
#1030 = PCURVE('',#491,#1031);
#1031 = DEFINITIONAL_REPRESENTATION('',(#1032),#1036);
#1032 = LINE('',#1033,#1034);
#1033 = CARTESIAN_POINT('',(6.28318530718,-0.));
#1034 = VECTOR('',#1035,1.);
#1035 = DIRECTION('',(0.,1.));
#1036 = ( GEOMETRIC_REPRESENTATION_CONTEXT(2) 
PARAMETRIC_REPRESENTATION_CONTEXT() REPRESENTATION_CONTEXT('2D SPACE',''
  ) );
#1037 = PCURVE('',#491,#1038);
#1038 = DEFINITIONAL_REPRESENTATION('',(#1039),#1043);
#1039 = LINE('',#1040,#1041);
#1040 = CARTESIAN_POINT('',(0.,-0.));
#1041 = VECTOR('',#1042,1.);
#1042 = DIRECTION('',(0.,1.));
#1043 = ( GEOMETRIC_REPRESENTATION_CONTEXT(2) 
PARAMETRIC_REPRESENTATION_CONTEXT() REPRESENTATION_CONTEXT('2D SPACE',''
  ) );
#1044 = ORIENTED_EDGE('',*,*,#1045,.F.);
#1045 = EDGE_CURVE('',#1023,#1023,#1046,.T.);
#1046 = SURFACE_CURVE('',#1047,(#1052,#1059),.PCURVE_S1.);
#1047 = CIRCLE('',#1048,2.1);
#1048 = AXIS2_PLACEMENT_3D('',#1049,#1050,#1051);
#1049 = CARTESIAN_POINT('',(40.,-42.,285.6));
#1050 = DIRECTION('',(0.,0.,1.));
#1051 = DIRECTION('',(1.,0.,-0.));
#1052 = PCURVE('',#491,#1053);
#1053 = DEFINITIONAL_REPRESENTATION('',(#1054),#1058);
#1054 = LINE('',#1055,#1056);
#1055 = CARTESIAN_POINT('',(0.,5.7));
#1056 = VECTOR('',#1057,1.);
#1057 = DIRECTION('',(1.,0.));
#1058 = ( GEOMETRIC_REPRESENTATION_CONTEXT(2) 
PARAMETRIC_REPRESENTATION_CONTEXT() REPRESENTATION_CONTEXT('2D SPACE',''
  ) );
#1059 = PCURVE('',#1060,#1065);
#1060 = PLANE('',#1061);
#1061 = AXIS2_PLACEMENT_3D('',#1062,#1063,#1064);
#1062 = CARTESIAN_POINT('',(40.,-42.,285.6));
#1063 = DIRECTION('',(0.,0.,1.));
#1064 = DIRECTION('',(1.,0.,-0.));
#1065 = DEFINITIONAL_REPRESENTATION('',(#1066),#1070);
#1066 = CIRCLE('',#1067,2.1);
#1067 = AXIS2_PLACEMENT_2D('',#1068,#1069);
#1068 = CARTESIAN_POINT('',(0.,0.));
#1069 = DIRECTION('',(1.,0.));
#1070 = ( GEOMETRIC_REPRESENTATION_CONTEXT(2) 
PARAMETRIC_REPRESENTATION_CONTEXT() REPRESENTATION_CONTEXT('2D SPACE',''
  ) );
#1071 = ORIENTED_EDGE('',*,*,#1022,.F.);
#1072 = ORIENTED_EDGE('',*,*,#474,.T.);
#1073 = ADVANCED_FACE('',(#1074),#522,.F.);
#1074 = FACE_BOUND('',#1075,.F.);
#1075 = EDGE_LOOP('',(#1076,#1099,#1126,#1127));
#1076 = ORIENTED_EDGE('',*,*,#1077,.T.);
#1077 = EDGE_CURVE('',#506,#1078,#1080,.T.);
#1078 = VERTEX_POINT('',#1079);
#1079 = CARTESIAN_POINT('',(70.1,-42.,285.6));
#1080 = SEAM_CURVE('',#1081,(#1085,#1092),.PCURVE_S1.);
#1081 = LINE('',#1082,#1083);
#1082 = CARTESIAN_POINT('',(70.1,-42.,279.9));
#1083 = VECTOR('',#1084,1.);
#1084 = DIRECTION('',(0.,0.,1.));
#1085 = PCURVE('',#522,#1086);
#1086 = DEFINITIONAL_REPRESENTATION('',(#1087),#1091);
#1087 = LINE('',#1088,#1089);
#1088 = CARTESIAN_POINT('',(6.28318530718,-0.));
#1089 = VECTOR('',#1090,1.);
#1090 = DIRECTION('',(0.,1.));
#1091 = ( GEOMETRIC_REPRESENTATION_CONTEXT(2) 
PARAMETRIC_REPRESENTATION_CONTEXT() REPRESENTATION_CONTEXT('2D SPACE',''
  ) );
#1092 = PCURVE('',#522,#1093);
#1093 = DEFINITIONAL_REPRESENTATION('',(#1094),#1098);
#1094 = LINE('',#1095,#1096);
#1095 = CARTESIAN_POINT('',(0.,-0.));
#1096 = VECTOR('',#1097,1.);
#1097 = DIRECTION('',(0.,1.));
#1098 = ( GEOMETRIC_REPRESENTATION_CONTEXT(2) 
PARAMETRIC_REPRESENTATION_CONTEXT() REPRESENTATION_CONTEXT('2D SPACE',''
  ) );
#1099 = ORIENTED_EDGE('',*,*,#1100,.F.);
#1100 = EDGE_CURVE('',#1078,#1078,#1101,.T.);
#1101 = SURFACE_CURVE('',#1102,(#1107,#1114),.PCURVE_S1.);
#1102 = CIRCLE('',#1103,2.1);
#1103 = AXIS2_PLACEMENT_3D('',#1104,#1105,#1106);
#1104 = CARTESIAN_POINT('',(68.,-42.,285.6));
#1105 = DIRECTION('',(0.,0.,1.));
#1106 = DIRECTION('',(1.,0.,-0.));
#1107 = PCURVE('',#522,#1108);
#1108 = DEFINITIONAL_REPRESENTATION('',(#1109),#1113);
#1109 = LINE('',#1110,#1111);
#1110 = CARTESIAN_POINT('',(0.,5.7));
#1111 = VECTOR('',#1112,1.);
#1112 = DIRECTION('',(1.,0.));
#1113 = ( GEOMETRIC_REPRESENTATION_CONTEXT(2) 
PARAMETRIC_REPRESENTATION_CONTEXT() REPRESENTATION_CONTEXT('2D SPACE',''
  ) );
#1114 = PCURVE('',#1115,#1120);
#1115 = PLANE('',#1116);
#1116 = AXIS2_PLACEMENT_3D('',#1117,#1118,#1119);
#1117 = CARTESIAN_POINT('',(68.,-42.,285.6));
#1118 = DIRECTION('',(0.,0.,1.));
#1119 = DIRECTION('',(1.,0.,-0.));
#1120 = DEFINITIONAL_REPRESENTATION('',(#1121),#1125);
#1121 = CIRCLE('',#1122,2.1);
#1122 = AXIS2_PLACEMENT_2D('',#1123,#1124);
#1123 = CARTESIAN_POINT('',(0.,0.));
#1124 = DIRECTION('',(1.,0.));
#1125 = ( GEOMETRIC_REPRESENTATION_CONTEXT(2) 
PARAMETRIC_REPRESENTATION_CONTEXT() REPRESENTATION_CONTEXT('2D SPACE',''
  ) );
#1126 = ORIENTED_EDGE('',*,*,#1077,.F.);
#1127 = ORIENTED_EDGE('',*,*,#505,.T.);
#1128 = ADVANCED_FACE('',(#1129),#603,.T.);
#1129 = FACE_BOUND('',#1130,.T.);
#1130 = EDGE_LOOP('',(#1131,#1132,#1154,#1182,#1326,#1327));
#1131 = ORIENTED_EDGE('',*,*,#646,.F.);
#1132 = ORIENTED_EDGE('',*,*,#1133,.T.);
#1133 = EDGE_CURVE('',#647,#1134,#1136,.T.);
#1134 = VERTEX_POINT('',#1135);
#1135 = CARTESIAN_POINT('',(69.,-56.,288.));
#1136 = SURFACE_CURVE('',#1137,(#1142,#1148),.PCURVE_S1.);
#1137 = CIRCLE('',#1138,2.);
#1138 = AXIS2_PLACEMENT_3D('',#1139,#1140,#1141);
#1139 = CARTESIAN_POINT('',(69.,-56.,286.));
#1140 = DIRECTION('',(-1.,-6.123233995737E-17,0.));
#1141 = DIRECTION('',(6.123233995737E-17,-1.,-0.));
#1142 = PCURVE('',#603,#1143);
#1143 = DEFINITIONAL_REPRESENTATION('',(#1144),#1147);
#1144 = B_SPLINE_CURVE_WITH_KNOTS('',1,(#1145,#1146),.UNSPECIFIED.,.F.,
  .F.,(2,2),(0.,1.570796326795),.PIECEWISE_BEZIER_KNOTS.);
#1145 = CARTESIAN_POINT('',(0.,0.));
#1146 = CARTESIAN_POINT('',(1.570796326795,0.));
#1147 = ( GEOMETRIC_REPRESENTATION_CONTEXT(2) 
PARAMETRIC_REPRESENTATION_CONTEXT() REPRESENTATION_CONTEXT('2D SPACE',''
  ) );
#1148 = PCURVE('',#920,#1149);
#1149 = DEFINITIONAL_REPRESENTATION('',(#1150),#1153);
#1150 = B_SPLINE_CURVE_WITH_KNOTS('',1,(#1151,#1152),.UNSPECIFIED.,.F.,
  .F.,(2,2),(0.,1.570796326795),.PIECEWISE_BEZIER_KNOTS.);
#1151 = CARTESIAN_POINT('',(-1.570796326795,0.));
#1152 = CARTESIAN_POINT('',(-1.570796326795,1.570796326795));
#1153 = ( GEOMETRIC_REPRESENTATION_CONTEXT(2) 
PARAMETRIC_REPRESENTATION_CONTEXT() REPRESENTATION_CONTEXT('2D SPACE',''
  ) );
#1154 = ORIENTED_EDGE('',*,*,#1155,.T.);
#1155 = EDGE_CURVE('',#1134,#1156,#1158,.T.);
#1156 = VERTEX_POINT('',#1157);
#1157 = CARTESIAN_POINT('',(59.385164807135,-56.,288.));
#1158 = SURFACE_CURVE('',#1159,(#1163,#1170),.PCURVE_S1.);
#1159 = LINE('',#1160,#1161);
#1160 = CARTESIAN_POINT('',(69.,-56.,288.));
#1161 = VECTOR('',#1162,1.);
#1162 = DIRECTION('',(-1.,-0.,-0.));
#1163 = PCURVE('',#603,#1164);
#1164 = DEFINITIONAL_REPRESENTATION('',(#1165),#1169);
#1165 = LINE('',#1166,#1167);
#1166 = CARTESIAN_POINT('',(1.570796326795,0.));
#1167 = VECTOR('',#1168,1.);
#1168 = DIRECTION('',(0.,1.));
#1169 = ( GEOMETRIC_REPRESENTATION_CONTEXT(2) 
PARAMETRIC_REPRESENTATION_CONTEXT() REPRESENTATION_CONTEXT('2D SPACE',''
  ) );
#1170 = PCURVE('',#1171,#1176);
#1171 = PLANE('',#1172);
#1172 = AXIS2_PLACEMENT_3D('',#1173,#1174,#1175);
#1173 = CARTESIAN_POINT('',(33.,-58.,288.));
#1174 = DIRECTION('',(0.,0.,1.));
#1175 = DIRECTION('',(1.,0.,0.));
#1176 = DEFINITIONAL_REPRESENTATION('',(#1177),#1181);
#1177 = LINE('',#1178,#1179);
#1178 = CARTESIAN_POINT('',(36.,2.));
#1179 = VECTOR('',#1180,1.);
#1180 = DIRECTION('',(-1.,-0.));
#1181 = ( GEOMETRIC_REPRESENTATION_CONTEXT(2) 
PARAMETRIC_REPRESENTATION_CONTEXT() REPRESENTATION_CONTEXT('2D SPACE',''
  ) );
#1182 = ORIENTED_EDGE('',*,*,#1183,.F.);
#1183 = EDGE_CURVE('',#697,#1156,#1184,.T.);
#1184 = SURFACE_CURVE('',#1185,(#1230,#1278),.PCURVE_S1.);
#1185 = B_SPLINE_CURVE_WITH_KNOTS('',8,(#1186,#1187,#1188,#1189,#1190,
    #1191,#1192,#1193,#1194,#1195,#1196,#1197,#1198,#1199,#1200,#1201,
    #1202,#1203,#1204,#1205,#1206,#1207,#1208,#1209,#1210,#1211,#1212,
    #1213,#1214,#1215,#1216,#1217,#1218,#1219,#1220,#1221,#1222,#1223,
    #1224,#1225,#1226,#1227,#1228,#1229),.UNSPECIFIED.,.F.,.F.,(9,7,7,7,
    7,7,9),(0.,0.103430708725,0.208608019921,0.303513817867,
    0.491393322213,0.791038043426,1.),.UNSPECIFIED.);
#1186 = CARTESIAN_POINT('',(48.614835192865,-56.,288.));
#1187 = CARTESIAN_POINT('',(48.750633543603,-56.05223546423,288.));
#1188 = CARTESIAN_POINT('',(48.886719449701,-56.10327101589,
    287.99844086046));
#1189 = CARTESIAN_POINT('',(49.023070846861,-56.15307139004,
    287.99544784144));
#1190 = CARTESIAN_POINT('',(49.159669031347,-56.20160550989,
    287.99114144683));
#1191 = CARTESIAN_POINT('',(49.296498799244,-56.24884580234,
    287.98563821183));
#1192 = CARTESIAN_POINT('',(49.433548585727,-56.29476751343,
    287.97905149042));
#1193 = CARTESIAN_POINT('',(49.570810604317,-56.33934802385,
    287.97149224282));
#1194 = CARTESIAN_POINT('',(49.848072787904,-56.42651411638,
    287.9545051763));
#1195 = CARTESIAN_POINT('',(49.988077853052,-56.46905260585,
    287.94504812471));
#1196 = CARTESIAN_POINT('',(50.128291743675,-56.51015942882,
    287.93481346664));
#1197 = CARTESIAN_POINT('',(50.268711381736,-56.54981305488,
    287.92391461998));
#1198 = CARTESIAN_POINT('',(50.409335131832,-56.58799229984,
    287.91246413637));
#1199 = CARTESIAN_POINT('',(50.550162883946,-56.62467599834,
    287.90057421534));
#1200 = CARTESIAN_POINT('',(50.691196136188,-56.65984267645,
    287.88835721857));
#1201 = CARTESIAN_POINT('',(50.959886469194,-56.72381373868,
    287.86470915221));
#1202 = CARTESIAN_POINT('',(51.087503398585,-56.75290372575,
    287.85331800079));
#1203 = CARTESIAN_POINT('',(51.215290989593,-56.7807240428,
    287.84183540303));
#1204 = CARTESIAN_POINT('',(51.343250848696,-56.80725769313,
    287.83034481483));
#1205 = CARTESIAN_POINT('',(51.471383999782,-56.83248694566,
    287.8189300488));
#1206 = CARTESIAN_POINT('',(51.599690818941,-56.85639345451,
    287.80767484829));
#1207 = CARTESIAN_POINT('',(51.728170969258,-56.87895837873,
    287.79666246148));
#1208 = CARTESIAN_POINT('',(52.111508964366,-56.94213907476,
    287.76481829426));
#1209 = CARTESIAN_POINT('',(52.366881591028,-56.97878479947,
    287.74493415536));
#1210 = CARTESIAN_POINT('',(52.622914285822,-57.00994703321,
    287.7269618279));
#1211 = CARTESIAN_POINT('',(52.879553206655,-57.03546981213,
    287.71151669948));
#1212 = CARTESIAN_POINT('',(53.136715298341,-57.05520265185,
    287.6991668102));
#1213 = CARTESIAN_POINT('',(53.394281935405,-57.0690221524,
    287.69035860879));
#1214 = CARTESIAN_POINT('',(53.65209216779,-57.07685467193,
    287.68534529315));
#1215 = CARTESIAN_POINT('',(54.321173604651,-57.0816128,287.68229777738)
  );
#1216 = CARTESIAN_POINT('',(54.732096322766,-57.06927547011,
    287.69019151517));
#1217 = CARTESIAN_POINT('',(55.142034700938,-57.04168135211,
    287.70799569827));
#1218 = CARTESIAN_POINT('',(55.550558971048,-56.99919866032,
    287.73455150908));
#1219 = CARTESIAN_POINT('',(55.957468224997,-56.94251091538,
    287.76727340213));
#1220 = CARTESIAN_POINT('',(56.362647801783,-56.87226824018,
    287.80350118338));
#1221 = CARTESIAN_POINT('',(56.766064962081,-56.78906598124,
    287.84059016859));
#1222 = CARTESIAN_POINT('',(57.447883675369,-56.62672608444,
    287.90059748892));
#1223 = CARTESIAN_POINT('',(57.727159064351,-56.55398158907,
    287.92440638597));
#1224 = CARTESIAN_POINT('',(58.00564469533,-56.47535595032,
    287.9464928808));
#1225 = CARTESIAN_POINT('',(58.283353633136,-56.39100709995,
    287.96598427952));
#1226 = CARTESIAN_POINT('',(58.560253312931,-56.30109670077,
    287.98200484072));
#1227 = CARTESIAN_POINT('',(58.836268976213,-56.20580485419,
    287.99365823456));
#1228 = CARTESIAN_POINT('',(59.11128795542,-56.10534799881,288.));
#1229 = CARTESIAN_POINT('',(59.385164807135,-56.,288.));
#1230 = PCURVE('',#603,#1231);
#1231 = DEFINITIONAL_REPRESENTATION('',(#1232),#1277);
#1232 = B_SPLINE_CURVE_WITH_KNOTS('',8,(#1233,#1234,#1235,#1236,#1237,
    #1238,#1239,#1240,#1241,#1242,#1243,#1244,#1245,#1246,#1247,#1248,
    #1249,#1250,#1251,#1252,#1253,#1254,#1255,#1256,#1257,#1258,#1259,
    #1260,#1261,#1262,#1263,#1264,#1265,#1266,#1267,#1268,#1269,#1270,
    #1271,#1272,#1273,#1274,#1275,#1276),.UNSPECIFIED.,.F.,.F.,(9,7,7,7,
    7,7,9),(0.,0.103430708725,0.208608019921,0.303513817867,
    0.491393322213,0.791038043426,1.),.UNSPECIFIED.);
#1233 = CARTESIAN_POINT('',(1.570796326795,20.385164807134));
#1234 = CARTESIAN_POINT('',(1.544678594679,20.249366456397));
#1235 = CARTESIAN_POINT('',(1.519160787711,20.113280550299));
#1236 = CARTESIAN_POINT('',(1.494233493354,19.976929153139));
#1237 = CARTESIAN_POINT('',(1.469890251033,19.840330968653));
#1238 = CARTESIAN_POINT('',(1.446127466723,19.703501200756));
#1239 = CARTESIAN_POINT('',(1.422944327537,19.566451414273));
#1240 = CARTESIAN_POINT('',(1.400342716316,19.429189395683));
#1241 = CARTESIAN_POINT('',(1.355939765638,19.151927212096));
#1242 = CARTESIAN_POINT('',(1.334158761849,19.011922146948));
#1243 = CARTESIAN_POINT('',(1.312988929761,18.871708256325));
#1244 = CARTESIAN_POINT('',(1.292438439536,18.731288618264));
#1245 = CARTESIAN_POINT('',(1.272518773123,18.590664868168));
#1246 = CARTESIAN_POINT('',(1.253244680789,18.449837116054));
#1247 = CARTESIAN_POINT('',(1.234634137652,18.308803863812));
#1248 = CARTESIAN_POINT('',(1.200533082514,18.040113530806));
#1249 = CARTESIAN_POINT('',(1.184915566247,17.912496601414));
#1250 = CARTESIAN_POINT('',(1.169871185407,17.784709010407));
#1251 = CARTESIAN_POINT('',(1.155417810288,17.656749151304));
#1252 = CARTESIAN_POINT('',(1.141575443177,17.528616000218));
#1253 = CARTESIAN_POINT('',(1.128365914038,17.400309181059));
#1254 = CARTESIAN_POINT('',(1.115812576207,17.271829030742));
#1255 = CARTESIAN_POINT('',(1.080436555598,16.888491035634));
#1256 = CARTESIAN_POINT('',(1.059599710842,16.633118408971));
#1257 = CARTESIAN_POINT('',(1.041621757218,16.377085714179));
#1258 = CARTESIAN_POINT('',(1.026709544877,16.120446793345));
#1259 = CARTESIAN_POINT('',(1.015070726591,15.863284701658));
#1260 = CARTESIAN_POINT('',(1.006876757643,15.605718064596));
#1261 = CARTESIAN_POINT('',(1.002226994344,15.34790783221));
#1262 = CARTESIAN_POINT('',(0.999401789259,14.678826395349));
#1263 = CARTESIAN_POINT('',(1.00672506223,14.267903677207));
#1264 = CARTESIAN_POINT('',(1.023144245817,13.857965299101));
#1265 = CARTESIAN_POINT('',(1.048194938114,13.449441028923));
#1266 = CARTESIAN_POINT('',(1.080874030342,13.042531775016));
#1267 = CARTESIAN_POINT('',(1.120299280126,12.637352198214));
#1268 = CARTESIAN_POINT('',(1.165749535657,12.233935037919));
#1269 = CARTESIAN_POINT('',(1.252287273936,11.552116324631));
#1270 = CARTESIAN_POINT('',(1.290531046639,11.272840935649));
#1271 = CARTESIAN_POINT('',(1.331302124791,10.99435530467));
#1272 = CARTESIAN_POINT('',(1.374488742115,10.716646366864));
#1273 = CARTESIAN_POINT('',(1.420025673321,10.439746687069));
#1274 = CARTESIAN_POINT('',(1.46789367263,10.163731023787));
#1275 = CARTESIAN_POINT('',(1.51812232739,9.88871204458));
#1276 = CARTESIAN_POINT('',(1.570796326795,9.614835192865));
#1277 = ( GEOMETRIC_REPRESENTATION_CONTEXT(2) 
PARAMETRIC_REPRESENTATION_CONTEXT() REPRESENTATION_CONTEXT('2D SPACE',''
  ) );
#1278 = PCURVE('',#736,#1279);
#1279 = DEFINITIONAL_REPRESENTATION('',(#1280),#1325);
#1280 = B_SPLINE_CURVE_WITH_KNOTS('',8,(#1281,#1282,#1283,#1284,#1285,
    #1286,#1287,#1288,#1289,#1290,#1291,#1292,#1293,#1294,#1295,#1296,
    #1297,#1298,#1299,#1300,#1301,#1302,#1303,#1304,#1305,#1306,#1307,
    #1308,#1309,#1310,#1311,#1312,#1313,#1314,#1315,#1316,#1317,#1318,
    #1319,#1320,#1321,#1322,#1323,#1324),.UNSPECIFIED.,.F.,.F.,(9,7,7,7,
    7,7,9),(0.,0.103430708725,0.208608019921,0.303513817867,
    0.491393322213,0.791038043426,1.),.UNSPECIFIED.);
#1281 = CARTESIAN_POINT('',(-4.345180959827,-4.));
#1282 = CARTESIAN_POINT('',(-4.354880842022,-4.));
#1283 = CARTESIAN_POINT('',(-4.364569896874,-3.998440860465));
#1284 = CARTESIAN_POINT('',(-4.374246292781,-3.995447841446));
#1285 = CARTESIAN_POINT('',(-4.383908622103,-3.991141446837));
#1286 = CARTESIAN_POINT('',(-4.393555887494,-3.985638211838));
#1287 = CARTESIAN_POINT('',(-4.403187488239,-3.979051490429));
#1288 = CARTESIAN_POINT('',(-4.412803206589,-3.971492242829));
#1289 = CARTESIAN_POINT('',(-4.432165293642,-3.9545051763));
#1290 = CARTESIAN_POINT('',(-4.441910973574,-3.945048124718));
#1291 = CARTESIAN_POINT('',(-4.451640375953,-3.934813466642));
#1292 = CARTESIAN_POINT('',(-4.461353842599,-3.923914619986));
#1293 = CARTESIAN_POINT('',(-4.471051915086,-3.912464136374));
#1294 = CARTESIAN_POINT('',(-4.480735334745,-3.900574215345));
#1295 = CARTESIAN_POINT('',(-4.490405042659,-3.88835721857));
#1296 = CARTESIAN_POINT('',(-4.50877621011,-3.864709152216));
#1297 = CARTESIAN_POINT('',(-4.51747991122,-3.85331800079));
#1298 = CARTESIAN_POINT('',(-4.526174109179,-3.841835403033));
#1299 = CARTESIAN_POINT('',(-4.534859652936,-3.830344814839));
#1300 = CARTESIAN_POINT('',(-4.543537412779,-3.818930048805));
#1301 = CARTESIAN_POINT('',(-4.552208278913,-3.807674848292));
#1302 = CARTESIAN_POINT('',(-4.560873160044,-3.796662461486));
#1303 = CARTESIAN_POINT('',(-4.586676329193,-3.764818294268));
#1304 = CARTESIAN_POINT('',(-4.603800662341,-3.744934155362));
#1305 = CARTESIAN_POINT('',(-4.620911927167,-3.726961827907));
#1306 = CARTESIAN_POINT('',(-4.638015335534,-3.711516699487));
#1307 = CARTESIAN_POINT('',(-4.655115350214,-3.699166810203));
#1308 = CARTESIAN_POINT('',(-4.672215205582,-3.69035860879));
#1309 = CARTESIAN_POINT('',(-4.689316117068,-3.685345293151));
#1310 = CARTESIAN_POINT('',(-4.733689073949,-3.682297777385));
#1311 = CARTESIAN_POINT('',(-4.760933174972,-3.690191515175));
#1312 = CARTESIAN_POINT('',(-4.78815252643,-3.707995698278));
#1313 = CARTESIAN_POINT('',(-4.815367770824,-3.734551509083));
#1314 = CARTESIAN_POINT('',(-4.84260782449,-3.767273402131));
#1315 = CARTESIAN_POINT('',(-4.869898281153,-3.803501183384));
#1316 = CARTESIAN_POINT('',(-4.897264132151,-3.84059016859));
#1317 = CARTESIAN_POINT('',(-4.943882288214,-3.900597488925));
#1318 = CARTESIAN_POINT('',(-4.963082824625,-3.924406385978));
#1319 = CARTESIAN_POINT('',(-4.982342125351,-3.946492880803));
#1320 = CARTESIAN_POINT('',(-5.001666943888,-3.965984279528));
#1321 = CARTESIAN_POINT('',(-5.021059565687,-3.982004840723));
#1322 = CARTESIAN_POINT('',(-5.040517737665,-3.993658234561));
#1323 = CARTESIAN_POINT('',(-5.060034368677,-4.));
#1324 = CARTESIAN_POINT('',(-5.079597000943,-4.));
#1325 = ( GEOMETRIC_REPRESENTATION_CONTEXT(2) 
PARAMETRIC_REPRESENTATION_CONTEXT() REPRESENTATION_CONTEXT('2D SPACE',''
  ) );
#1326 = ORIENTED_EDGE('',*,*,#696,.T.);
#1327 = ORIENTED_EDGE('',*,*,#587,.F.);
#1328 = ADVANCED_FACE('',(#1329),#764,.T.);
#1329 = FACE_BOUND('',#1330,.T.);
#1330 = EDGE_LOOP('',(#1331,#1332,#1333,#1334,#1480,#1503));
#1331 = ORIENTED_EDGE('',*,*,#832,.F.);
#1332 = ORIENTED_EDGE('',*,*,#807,.T.);
#1333 = ORIENTED_EDGE('',*,*,#748,.T.);
#1334 = ORIENTED_EDGE('',*,*,#1335,.F.);
#1335 = EDGE_CURVE('',#1336,#720,#1338,.T.);
#1336 = VERTEX_POINT('',#1337);
#1337 = CARTESIAN_POINT('',(59.385164807135,-28.,288.));
#1338 = SURFACE_CURVE('',#1339,(#1384,#1432),.PCURVE_S1.);
#1339 = B_SPLINE_CURVE_WITH_KNOTS('',8,(#1340,#1341,#1342,#1343,#1344,
    #1345,#1346,#1347,#1348,#1349,#1350,#1351,#1352,#1353,#1354,#1355,
    #1356,#1357,#1358,#1359,#1360,#1361,#1362,#1363,#1364,#1365,#1366,
    #1367,#1368,#1369,#1370,#1371,#1372,#1373,#1374,#1375,#1376,#1377,
    #1378,#1379,#1380,#1381,#1382,#1383),.UNSPECIFIED.,.F.,.F.,(9,7,7,7,
    7,7,9),(0.,0.103430708723,0.208608019918,0.303513817862,
    0.491393322207,0.791038043422,1.),.UNSPECIFIED.);
#1340 = CARTESIAN_POINT('',(59.385164807135,-28.,288.));
#1341 = CARTESIAN_POINT('',(59.249366456398,-27.94776453576,288.));
#1342 = CARTESIAN_POINT('',(59.113280550299,-27.8967289841,
    287.99844086046));
#1343 = CARTESIAN_POINT('',(58.976929153138,-27.84692860995,
    287.99544784144));
#1344 = CARTESIAN_POINT('',(58.840330968653,-27.7983944901,
    287.99114144683));
#1345 = CARTESIAN_POINT('',(58.703501200756,-27.75115419765,
    287.98563821183));
#1346 = CARTESIAN_POINT('',(58.566451414273,-27.70523248656,
    287.97905149042));
#1347 = CARTESIAN_POINT('',(58.429189395683,-27.66065197614,
    287.97149224282));
#1348 = CARTESIAN_POINT('',(58.151927212096,-27.57348588361,
    287.9545051763));
#1349 = CARTESIAN_POINT('',(58.011922146948,-27.53094739414,
    287.94504812471));
#1350 = CARTESIAN_POINT('',(57.871708256326,-27.48984057117,
    287.93481346664));
#1351 = CARTESIAN_POINT('',(57.731288618264,-27.45018694511,
    287.92391461998));
#1352 = CARTESIAN_POINT('',(57.590664868167,-27.41200770015,
    287.91246413637));
#1353 = CARTESIAN_POINT('',(57.449837116054,-27.37532400165,
    287.90057421534));
#1354 = CARTESIAN_POINT('',(57.308803863812,-27.34015732355,
    287.88835721857));
#1355 = CARTESIAN_POINT('',(57.040113530807,-27.27618626131,
    287.86470915221));
#1356 = CARTESIAN_POINT('',(56.912496601414,-27.24709627425,
    287.85331800079));
#1357 = CARTESIAN_POINT('',(56.784709010406,-27.2192759572,
    287.84183540303));
#1358 = CARTESIAN_POINT('',(56.656749151304,-27.19274230686,
    287.83034481483));
#1359 = CARTESIAN_POINT('',(56.528616000218,-27.16751305433,
    287.8189300488));
#1360 = CARTESIAN_POINT('',(56.400309181059,-27.14360654548,
    287.80767484829));
#1361 = CARTESIAN_POINT('',(56.271829030742,-27.12104162126,
    287.79666246148));
#1362 = CARTESIAN_POINT('',(55.888491035633,-27.05786092523,
    287.76481829426));
#1363 = CARTESIAN_POINT('',(55.633118408976,-27.02121520052,
    287.74493415536));
#1364 = CARTESIAN_POINT('',(55.377085714172,-26.99005296678,
    287.7269618279));
#1365 = CARTESIAN_POINT('',(55.120446793346,-26.96453018786,
    287.71151669948));
#1366 = CARTESIAN_POINT('',(54.863284701664,-26.94479734814,
    287.6991668102));
#1367 = CARTESIAN_POINT('',(54.605718064589,-26.93097784759,
    287.69035860879));
#1368 = CARTESIAN_POINT('',(54.347907832213,-26.92314532806,
    287.68534529315));
#1369 = CARTESIAN_POINT('',(53.678826395338,-26.91838719999,
    287.68229777738));
#1370 = CARTESIAN_POINT('',(53.267903677342,-26.93072452988,
    287.69019151517));
#1371 = CARTESIAN_POINT('',(52.85796529893,-26.95831864789,
    287.70799569827));
#1372 = CARTESIAN_POINT('',(52.449441029048,-27.00080133966,
    287.73455150908));
#1373 = CARTESIAN_POINT('',(52.042531774956,-27.05748908462,
    287.76727340213));
#1374 = CARTESIAN_POINT('',(51.637352198232,-27.12773175981,
    287.80350118338));
#1375 = CARTESIAN_POINT('',(51.233935037917,-27.21093401875,
    287.84059016859));
#1376 = CARTESIAN_POINT('',(50.552116324631,-27.37327391555,
    287.90059748892));
#1377 = CARTESIAN_POINT('',(50.272840935649,-27.44601841092,
    287.92440638597));
#1378 = CARTESIAN_POINT('',(49.99435530467,-27.52464404967,
    287.9464928808));
#1379 = CARTESIAN_POINT('',(49.716646366864,-27.60899290004,
    287.96598427952));
#1380 = CARTESIAN_POINT('',(49.439746687069,-27.69890329922,
    287.98200484072));
#1381 = CARTESIAN_POINT('',(49.163731023788,-27.7941951458,
    287.99365823456));
#1382 = CARTESIAN_POINT('',(48.888712044579,-27.89465200119,288.));
#1383 = CARTESIAN_POINT('',(48.614835192865,-28.,288.));
#1384 = PCURVE('',#764,#1385);
#1385 = DEFINITIONAL_REPRESENTATION('',(#1386),#1431);
#1386 = B_SPLINE_CURVE_WITH_KNOTS('',8,(#1387,#1388,#1389,#1390,#1391,
    #1392,#1393,#1394,#1395,#1396,#1397,#1398,#1399,#1400,#1401,#1402,
    #1403,#1404,#1405,#1406,#1407,#1408,#1409,#1410,#1411,#1412,#1413,
    #1414,#1415,#1416,#1417,#1418,#1419,#1420,#1421,#1422,#1423,#1424,
    #1425,#1426,#1427,#1428,#1429,#1430),.UNSPECIFIED.,.F.,.F.,(9,7,7,7,
    7,7,9),(0.,0.103430708723,0.208608019918,0.303513817862,
    0.491393322207,0.791038043422,1.),.UNSPECIFIED.);
#1387 = CARTESIAN_POINT('',(1.570796326795,20.385164807134));
#1388 = CARTESIAN_POINT('',(1.544678594679,20.249366456398));
#1389 = CARTESIAN_POINT('',(1.519160787711,20.113280550299));
#1390 = CARTESIAN_POINT('',(1.494233493354,19.976929153138));
#1391 = CARTESIAN_POINT('',(1.469890251033,19.840330968653));
#1392 = CARTESIAN_POINT('',(1.446127466723,19.703501200756));
#1393 = CARTESIAN_POINT('',(1.422944327537,19.566451414273));
#1394 = CARTESIAN_POINT('',(1.400342716316,19.429189395683));
#1395 = CARTESIAN_POINT('',(1.355939765638,19.151927212096));
#1396 = CARTESIAN_POINT('',(1.334158761849,19.011922146948));
#1397 = CARTESIAN_POINT('',(1.312988929761,18.871708256326));
#1398 = CARTESIAN_POINT('',(1.292438439536,18.731288618264));
#1399 = CARTESIAN_POINT('',(1.272518773123,18.590664868167));
#1400 = CARTESIAN_POINT('',(1.253244680789,18.449837116054));
#1401 = CARTESIAN_POINT('',(1.234634137652,18.308803863812));
#1402 = CARTESIAN_POINT('',(1.200533082514,18.040113530807));
#1403 = CARTESIAN_POINT('',(1.184915566247,17.912496601414));
#1404 = CARTESIAN_POINT('',(1.169871185407,17.784709010406));
#1405 = CARTESIAN_POINT('',(1.155417810288,17.656749151304));
#1406 = CARTESIAN_POINT('',(1.141575443177,17.528616000218));
#1407 = CARTESIAN_POINT('',(1.128365914038,17.400309181059));
#1408 = CARTESIAN_POINT('',(1.115812576207,17.271829030742));
#1409 = CARTESIAN_POINT('',(1.080436555598,16.888491035633));
#1410 = CARTESIAN_POINT('',(1.059599710843,16.633118408976));
#1411 = CARTESIAN_POINT('',(1.041621757217,16.377085714172));
#1412 = CARTESIAN_POINT('',(1.026709544877,16.120446793346));
#1413 = CARTESIAN_POINT('',(1.015070726591,15.863284701664));
#1414 = CARTESIAN_POINT('',(1.006876757643,15.605718064589));
#1415 = CARTESIAN_POINT('',(1.002226994344,15.347907832213));
#1416 = CARTESIAN_POINT('',(0.999401789259,14.678826395338));
#1417 = CARTESIAN_POINT('',(1.00672506223,14.267903677348));
#1418 = CARTESIAN_POINT('',(1.023144245819,13.857965298922));
#1419 = CARTESIAN_POINT('',(1.04819493811,13.449441029052));
#1420 = CARTESIAN_POINT('',(1.080874030345,13.042531774955));
#1421 = CARTESIAN_POINT('',(1.120299280124,12.637352198232));
#1422 = CARTESIAN_POINT('',(1.165749535658,12.233935037917));
#1423 = CARTESIAN_POINT('',(1.252287273936,11.552116324631));
#1424 = CARTESIAN_POINT('',(1.290531046639,11.272840935649));
#1425 = CARTESIAN_POINT('',(1.331302124791,10.99435530467));
#1426 = CARTESIAN_POINT('',(1.374488742115,10.716646366864));
#1427 = CARTESIAN_POINT('',(1.420025673321,10.439746687069));
#1428 = CARTESIAN_POINT('',(1.46789367263,10.163731023788));
#1429 = CARTESIAN_POINT('',(1.51812232739,9.888712044579));
#1430 = CARTESIAN_POINT('',(1.570796326795,9.614835192865));
#1431 = ( GEOMETRIC_REPRESENTATION_CONTEXT(2) 
PARAMETRIC_REPRESENTATION_CONTEXT() REPRESENTATION_CONTEXT('2D SPACE',''
  ) );
#1432 = PCURVE('',#736,#1433);
#1433 = DEFINITIONAL_REPRESENTATION('',(#1434),#1479);
#1434 = B_SPLINE_CURVE_WITH_KNOTS('',8,(#1435,#1436,#1437,#1438,#1439,
    #1440,#1441,#1442,#1443,#1444,#1445,#1446,#1447,#1448,#1449,#1450,
    #1451,#1452,#1453,#1454,#1455,#1456,#1457,#1458,#1459,#1460,#1461,
    #1462,#1463,#1464,#1465,#1466,#1467,#1468,#1469,#1470,#1471,#1472,
    #1473,#1474,#1475,#1476,#1477,#1478),.UNSPECIFIED.,.F.,.F.,(9,7,7,7,
    7,7,9),(0.,0.103430708723,0.208608019918,0.303513817862,
    0.491393322207,0.791038043422,1.),.UNSPECIFIED.);
#1435 = CARTESIAN_POINT('',(-1.203588306237,-4.));
#1436 = CARTESIAN_POINT('',(-1.213288188433,-4.));
#1437 = CARTESIAN_POINT('',(-1.222977243284,-3.998440860465));
#1438 = CARTESIAN_POINT('',(-1.232653639191,-3.995447841446));
#1439 = CARTESIAN_POINT('',(-1.242315968513,-3.991141446837));
#1440 = CARTESIAN_POINT('',(-1.251963233905,-3.985638211838));
#1441 = CARTESIAN_POINT('',(-1.261594834649,-3.979051490429));
#1442 = CARTESIAN_POINT('',(-1.271210553,-3.971492242829));
#1443 = CARTESIAN_POINT('',(-1.290572640052,-3.9545051763));
#1444 = CARTESIAN_POINT('',(-1.300318319984,-3.945048124718));
#1445 = CARTESIAN_POINT('',(-1.310047722363,-3.934813466642));
#1446 = CARTESIAN_POINT('',(-1.319761189009,-3.923914619986));
#1447 = CARTESIAN_POINT('',(-1.329459261496,-3.912464136374));
#1448 = CARTESIAN_POINT('',(-1.339142681156,-3.900574215345));
#1449 = CARTESIAN_POINT('',(-1.34881238907,-3.88835721857));
#1450 = CARTESIAN_POINT('',(-1.36718355652,-3.864709152216));
#1451 = CARTESIAN_POINT('',(-1.37588725763,-3.85331800079));
#1452 = CARTESIAN_POINT('',(-1.384581455589,-3.841835403033));
#1453 = CARTESIAN_POINT('',(-1.393266999347,-3.830344814839));
#1454 = CARTESIAN_POINT('',(-1.401944759189,-3.818930048805));
#1455 = CARTESIAN_POINT('',(-1.410615625323,-3.807674848292));
#1456 = CARTESIAN_POINT('',(-1.419280506454,-3.796662461486));
#1457 = CARTESIAN_POINT('',(-1.445083675603,-3.764818294267));
#1458 = CARTESIAN_POINT('',(-1.462208008751,-3.744934155363));
#1459 = CARTESIAN_POINT('',(-1.479319273577,-3.726961827906));
#1460 = CARTESIAN_POINT('',(-1.496422681944,-3.711516699487));
#1461 = CARTESIAN_POINT('',(-1.513522696624,-3.699166810204));
#1462 = CARTESIAN_POINT('',(-1.530622551992,-3.69035860879));
#1463 = CARTESIAN_POINT('',(-1.547723463479,-3.685345293151));
#1464 = CARTESIAN_POINT('',(-1.59209642036,-3.682297777385));
#1465 = CARTESIAN_POINT('',(-1.619340521377,-3.690191515175));
#1466 = CARTESIAN_POINT('',(-1.646559872847,-3.707995698279));
#1467 = CARTESIAN_POINT('',(-1.673775117229,-3.734551509081));
#1468 = CARTESIAN_POINT('',(-1.701015170902,-3.767273402133));
#1469 = CARTESIAN_POINT('',(-1.728305627563,-3.803501183383));
#1470 = CARTESIAN_POINT('',(-1.755671478561,-3.84059016859));
#1471 = CARTESIAN_POINT('',(-1.802289634624,-3.900597488925));
#1472 = CARTESIAN_POINT('',(-1.821490171035,-3.924406385978));
#1473 = CARTESIAN_POINT('',(-1.840749471761,-3.946492880803));
#1474 = CARTESIAN_POINT('',(-1.860074290298,-3.965984279528));
#1475 = CARTESIAN_POINT('',(-1.879466912097,-3.982004840723));
#1476 = CARTESIAN_POINT('',(-1.898925084075,-3.993658234561));
#1477 = CARTESIAN_POINT('',(-1.918441715087,-4.));
#1478 = CARTESIAN_POINT('',(-1.938004347353,-4.));
#1479 = ( GEOMETRIC_REPRESENTATION_CONTEXT(2) 
PARAMETRIC_REPRESENTATION_CONTEXT() REPRESENTATION_CONTEXT('2D SPACE',''
  ) );
#1480 = ORIENTED_EDGE('',*,*,#1481,.T.);
#1481 = EDGE_CURVE('',#1336,#1482,#1484,.T.);
#1482 = VERTEX_POINT('',#1483);
#1483 = CARTESIAN_POINT('',(69.,-28.,288.));
#1484 = SURFACE_CURVE('',#1485,(#1489,#1496),.PCURVE_S1.);
#1485 = LINE('',#1486,#1487);
#1486 = CARTESIAN_POINT('',(39.,-28.,288.));
#1487 = VECTOR('',#1488,1.);
#1488 = DIRECTION('',(1.,0.,0.));
#1489 = PCURVE('',#764,#1490);
#1490 = DEFINITIONAL_REPRESENTATION('',(#1491),#1495);
#1491 = LINE('',#1492,#1493);
#1492 = CARTESIAN_POINT('',(1.570796326795,0.));
#1493 = VECTOR('',#1494,1.);
#1494 = DIRECTION('',(0.,1.));
#1495 = ( GEOMETRIC_REPRESENTATION_CONTEXT(2) 
PARAMETRIC_REPRESENTATION_CONTEXT() REPRESENTATION_CONTEXT('2D SPACE',''
  ) );
#1496 = PCURVE('',#1171,#1497);
#1497 = DEFINITIONAL_REPRESENTATION('',(#1498),#1502);
#1498 = LINE('',#1499,#1500);
#1499 = CARTESIAN_POINT('',(6.,30.));
#1500 = VECTOR('',#1501,1.);
#1501 = DIRECTION('',(1.,0.));
#1502 = ( GEOMETRIC_REPRESENTATION_CONTEXT(2) 
PARAMETRIC_REPRESENTATION_CONTEXT() REPRESENTATION_CONTEXT('2D SPACE',''
  ) );
#1503 = ORIENTED_EDGE('',*,*,#1504,.F.);
#1504 = EDGE_CURVE('',#833,#1482,#1505,.T.);
#1505 = SURFACE_CURVE('',#1506,(#1511,#1517),.PCURVE_S1.);
#1506 = CIRCLE('',#1507,2.);
#1507 = AXIS2_PLACEMENT_3D('',#1508,#1509,#1510);
#1508 = CARTESIAN_POINT('',(69.,-28.,286.));
#1509 = DIRECTION('',(1.,0.,0.));
#1510 = DIRECTION('',(-0.,1.,0.));
#1511 = PCURVE('',#764,#1512);
#1512 = DEFINITIONAL_REPRESENTATION('',(#1513),#1516);
#1513 = B_SPLINE_CURVE_WITH_KNOTS('',1,(#1514,#1515),.UNSPECIFIED.,.F.,
  .F.,(2,2),(0.,1.570796326795),.PIECEWISE_BEZIER_KNOTS.);
#1514 = CARTESIAN_POINT('',(0.,30.));
#1515 = CARTESIAN_POINT('',(1.570796326795,30.));
#1516 = ( GEOMETRIC_REPRESENTATION_CONTEXT(2) 
PARAMETRIC_REPRESENTATION_CONTEXT() REPRESENTATION_CONTEXT('2D SPACE',''
  ) );
#1517 = PCURVE('',#975,#1518);
#1518 = DEFINITIONAL_REPRESENTATION('',(#1519),#1522);
#1519 = B_SPLINE_CURVE_WITH_KNOTS('',1,(#1520,#1521),.UNSPECIFIED.,.F.,
  .F.,(2,2),(0.,1.570796326795),.PIECEWISE_BEZIER_KNOTS.);
#1520 = CARTESIAN_POINT('',(0.,0.));
#1521 = CARTESIAN_POINT('',(0.,1.570796326795));
#1522 = ( GEOMETRIC_REPRESENTATION_CONTEXT(2) 
PARAMETRIC_REPRESENTATION_CONTEXT() REPRESENTATION_CONTEXT('2D SPACE',''
  ) );
#1523 = ADVANCED_FACE('',(#1524),#736,.T.);
#1524 = FACE_BOUND('',#1525,.T.);
#1525 = EDGE_LOOP('',(#1526,#1551,#1578,#1579,#1601,#1602,#1603,#1604));
#1526 = ORIENTED_EDGE('',*,*,#1527,.T.);
#1527 = EDGE_CURVE('',#1528,#1530,#1532,.T.);
#1528 = VERTEX_POINT('',#1529);
#1529 = CARTESIAN_POINT('',(69.,-42.,288.));
#1530 = VERTEX_POINT('',#1531);
#1531 = CARTESIAN_POINT('',(66.,-42.,300.));
#1532 = SEAM_CURVE('',#1533,(#1537,#1544),.PCURVE_S1.);
#1533 = LINE('',#1534,#1535);
#1534 = CARTESIAN_POINT('',(70.,-42.,284.));
#1535 = VECTOR('',#1536,1.);
#1536 = DIRECTION('',(-0.242535625036,5.940409537599E-17,0.970142500145)
  );
#1537 = PCURVE('',#736,#1538);
#1538 = DEFINITIONAL_REPRESENTATION('',(#1539),#1543);
#1539 = LINE('',#1540,#1541);
#1540 = CARTESIAN_POINT('',(-6.28318530718,0.));
#1541 = VECTOR('',#1542,1.);
#1542 = DIRECTION('',(-0.,-1.));
#1543 = ( GEOMETRIC_REPRESENTATION_CONTEXT(2) 
PARAMETRIC_REPRESENTATION_CONTEXT() REPRESENTATION_CONTEXT('2D SPACE',''
  ) );
#1544 = PCURVE('',#736,#1545);
#1545 = DEFINITIONAL_REPRESENTATION('',(#1546),#1550);
#1546 = LINE('',#1547,#1548);
#1547 = CARTESIAN_POINT('',(0.,-0.));
#1548 = VECTOR('',#1549,1.);
#1549 = DIRECTION('',(-0.,-1.));
#1550 = ( GEOMETRIC_REPRESENTATION_CONTEXT(2) 
PARAMETRIC_REPRESENTATION_CONTEXT() REPRESENTATION_CONTEXT('2D SPACE',''
  ) );
#1551 = ORIENTED_EDGE('',*,*,#1552,.F.);
#1552 = EDGE_CURVE('',#1530,#1530,#1553,.T.);
#1553 = SURFACE_CURVE('',#1554,(#1559,#1566),.PCURVE_S1.);
#1554 = CIRCLE('',#1555,12.);
#1555 = AXIS2_PLACEMENT_3D('',#1556,#1557,#1558);
#1556 = CARTESIAN_POINT('',(54.,-42.,300.));
#1557 = DIRECTION('',(0.,0.,1.));
#1558 = DIRECTION('',(1.,0.,-0.));
#1559 = PCURVE('',#736,#1560);
#1560 = DEFINITIONAL_REPRESENTATION('',(#1561),#1565);
#1561 = LINE('',#1562,#1563);
#1562 = CARTESIAN_POINT('',(-0.,-16.));
#1563 = VECTOR('',#1564,1.);
#1564 = DIRECTION('',(-1.,-0.));
#1565 = ( GEOMETRIC_REPRESENTATION_CONTEXT(2) 
PARAMETRIC_REPRESENTATION_CONTEXT() REPRESENTATION_CONTEXT('2D SPACE',''
  ) );
#1566 = PCURVE('',#1567,#1572);
#1567 = CYLINDRICAL_SURFACE('',#1568,12.);
#1568 = AXIS2_PLACEMENT_3D('',#1569,#1570,#1571);
#1569 = CARTESIAN_POINT('',(54.,-42.,294.));
#1570 = DIRECTION('',(0.,0.,1.));
#1571 = DIRECTION('',(1.,0.,-0.));
#1572 = DEFINITIONAL_REPRESENTATION('',(#1573),#1577);
#1573 = LINE('',#1574,#1575);
#1574 = CARTESIAN_POINT('',(0.,6.));
#1575 = VECTOR('',#1576,1.);
#1576 = DIRECTION('',(1.,0.));
#1577 = ( GEOMETRIC_REPRESENTATION_CONTEXT(2) 
PARAMETRIC_REPRESENTATION_CONTEXT() REPRESENTATION_CONTEXT('2D SPACE',''
  ) );
#1578 = ORIENTED_EDGE('',*,*,#1527,.F.);
#1579 = ORIENTED_EDGE('',*,*,#1580,.T.);
#1580 = EDGE_CURVE('',#1528,#1336,#1581,.T.);
#1581 = SURFACE_CURVE('',#1582,(#1587,#1594),.PCURVE_S1.);
#1582 = CIRCLE('',#1583,15.);
#1583 = AXIS2_PLACEMENT_3D('',#1584,#1585,#1586);
#1584 = CARTESIAN_POINT('',(54.,-42.,288.));
#1585 = DIRECTION('',(0.,0.,1.));
#1586 = DIRECTION('',(1.,0.,-0.));
#1587 = PCURVE('',#736,#1588);
#1588 = DEFINITIONAL_REPRESENTATION('',(#1589),#1593);
#1589 = LINE('',#1590,#1591);
#1590 = CARTESIAN_POINT('',(-0.,-4.));
#1591 = VECTOR('',#1592,1.);
#1592 = DIRECTION('',(-1.,-0.));
#1593 = ( GEOMETRIC_REPRESENTATION_CONTEXT(2) 
PARAMETRIC_REPRESENTATION_CONTEXT() REPRESENTATION_CONTEXT('2D SPACE',''
  ) );
#1594 = PCURVE('',#1171,#1595);
#1595 = DEFINITIONAL_REPRESENTATION('',(#1596),#1600);
#1596 = CIRCLE('',#1597,15.);
#1597 = AXIS2_PLACEMENT_2D('',#1598,#1599);
#1598 = CARTESIAN_POINT('',(21.,16.));
#1599 = DIRECTION('',(1.,0.));
#1600 = ( GEOMETRIC_REPRESENTATION_CONTEXT(2) 
PARAMETRIC_REPRESENTATION_CONTEXT() REPRESENTATION_CONTEXT('2D SPACE',''
  ) );
#1601 = ORIENTED_EDGE('',*,*,#1335,.T.);
#1602 = ORIENTED_EDGE('',*,*,#719,.T.);
#1603 = ORIENTED_EDGE('',*,*,#1183,.T.);
#1604 = ORIENTED_EDGE('',*,*,#1605,.T.);
#1605 = EDGE_CURVE('',#1156,#1528,#1606,.T.);
#1606 = SURFACE_CURVE('',#1607,(#1612,#1619),.PCURVE_S1.);
#1607 = CIRCLE('',#1608,15.);
#1608 = AXIS2_PLACEMENT_3D('',#1609,#1610,#1611);
#1609 = CARTESIAN_POINT('',(54.,-42.,288.));
#1610 = DIRECTION('',(0.,0.,1.));
#1611 = DIRECTION('',(1.,0.,-0.));
#1612 = PCURVE('',#736,#1613);
#1613 = DEFINITIONAL_REPRESENTATION('',(#1614),#1618);
#1614 = LINE('',#1615,#1616);
#1615 = CARTESIAN_POINT('',(-0.,-4.));
#1616 = VECTOR('',#1617,1.);
#1617 = DIRECTION('',(-1.,-0.));
#1618 = ( GEOMETRIC_REPRESENTATION_CONTEXT(2) 
PARAMETRIC_REPRESENTATION_CONTEXT() REPRESENTATION_CONTEXT('2D SPACE',''
  ) );
#1619 = PCURVE('',#1171,#1620);
#1620 = DEFINITIONAL_REPRESENTATION('',(#1621),#1625);
#1621 = CIRCLE('',#1622,15.);
#1622 = AXIS2_PLACEMENT_2D('',#1623,#1624);
#1623 = CARTESIAN_POINT('',(21.,16.));
#1624 = DIRECTION('',(1.,0.));
#1625 = ( GEOMETRIC_REPRESENTATION_CONTEXT(2) 
PARAMETRIC_REPRESENTATION_CONTEXT() REPRESENTATION_CONTEXT('2D SPACE',''
  ) );
#1626 = ADVANCED_FACE('',(#1627),#920,.T.);
#1627 = FACE_BOUND('',#1628,.F.);
#1628 = EDGE_LOOP('',(#1629,#1651,#1652,#1653));
#1629 = ORIENTED_EDGE('',*,*,#1630,.F.);
#1630 = EDGE_CURVE('',#881,#1631,#1633,.T.);
#1631 = VERTEX_POINT('',#1632);
#1632 = CARTESIAN_POINT('',(73.,-52.,288.));
#1633 = SURFACE_CURVE('',#1634,(#1639,#1645),.PCURVE_S1.);
#1634 = CIRCLE('',#1635,2.);
#1635 = AXIS2_PLACEMENT_3D('',#1636,#1637,#1638);
#1636 = CARTESIAN_POINT('',(73.,-52.,286.));
#1637 = DIRECTION('',(0.,-1.,-0.));
#1638 = DIRECTION('',(1.,0.,-0.));
#1639 = PCURVE('',#920,#1640);
#1640 = DEFINITIONAL_REPRESENTATION('',(#1641),#1644);
#1641 = B_SPLINE_CURVE_WITH_KNOTS('',1,(#1642,#1643),.UNSPECIFIED.,.F.,
  .F.,(2,2),(0.,1.570796326795),.PIECEWISE_BEZIER_KNOTS.);
#1642 = CARTESIAN_POINT('',(0.,0.));
#1643 = CARTESIAN_POINT('',(0.,1.570796326795));
#1644 = ( GEOMETRIC_REPRESENTATION_CONTEXT(2) 
PARAMETRIC_REPRESENTATION_CONTEXT() REPRESENTATION_CONTEXT('2D SPACE',''
  ) );
#1645 = PCURVE('',#1007,#1646);
#1646 = DEFINITIONAL_REPRESENTATION('',(#1647),#1650);
#1647 = B_SPLINE_CURVE_WITH_KNOTS('',1,(#1648,#1649),.UNSPECIFIED.,.F.,
  .F.,(2,2),(0.,1.570796326795),.PIECEWISE_BEZIER_KNOTS.);
#1648 = CARTESIAN_POINT('',(0.,20.));
#1649 = CARTESIAN_POINT('',(1.570796326795,20.));
#1650 = ( GEOMETRIC_REPRESENTATION_CONTEXT(2) 
PARAMETRIC_REPRESENTATION_CONTEXT() REPRESENTATION_CONTEXT('2D SPACE',''
  ) );
#1651 = ORIENTED_EDGE('',*,*,#905,.T.);
#1652 = ORIENTED_EDGE('',*,*,#1133,.T.);
#1653 = ORIENTED_EDGE('',*,*,#1654,.F.);
#1654 = EDGE_CURVE('',#1631,#1134,#1655,.T.);
#1655 = SURFACE_CURVE('',#1656,(#1661,#1668),.PCURVE_S1.);
#1656 = CIRCLE('',#1657,4.);
#1657 = AXIS2_PLACEMENT_3D('',#1658,#1659,#1660);
#1658 = CARTESIAN_POINT('',(69.,-52.,288.));
#1659 = DIRECTION('',(0.,-0.,-1.));
#1660 = DIRECTION('',(1.,0.,-0.));
#1661 = PCURVE('',#920,#1662);
#1662 = DEFINITIONAL_REPRESENTATION('',(#1663),#1667);
#1663 = LINE('',#1664,#1665);
#1664 = CARTESIAN_POINT('',(-0.,1.570796326795));
#1665 = VECTOR('',#1666,1.);
#1666 = DIRECTION('',(-1.,0.));
#1667 = ( GEOMETRIC_REPRESENTATION_CONTEXT(2) 
PARAMETRIC_REPRESENTATION_CONTEXT() REPRESENTATION_CONTEXT('2D SPACE',''
  ) );
#1668 = PCURVE('',#1171,#1669);
#1669 = DEFINITIONAL_REPRESENTATION('',(#1670),#1678);
#1670 = ( BOUNDED_CURVE() B_SPLINE_CURVE(2,(#1671,#1672,#1673,#1674,
#1675,#1676,#1677),.UNSPECIFIED.,.T.,.F.) B_SPLINE_CURVE_WITH_KNOTS((1,2
    ,2,2,2,1),(-2.094395102393,0.,2.094395102393,4.188790204786,
6.28318530718,8.377580409573),.UNSPECIFIED.) CURVE() 
GEOMETRIC_REPRESENTATION_ITEM() RATIONAL_B_SPLINE_CURVE((1.,0.5,1.,0.5,
1.,0.5,1.)) REPRESENTATION_ITEM('') );
#1671 = CARTESIAN_POINT('',(40.,6.));
#1672 = CARTESIAN_POINT('',(40.,-0.928203230276));
#1673 = CARTESIAN_POINT('',(34.,2.535898384862));
#1674 = CARTESIAN_POINT('',(28.,6.));
#1675 = CARTESIAN_POINT('',(34.,9.464101615138));
#1676 = CARTESIAN_POINT('',(40.,12.928203230276));
#1677 = CARTESIAN_POINT('',(40.,6.));
#1678 = ( GEOMETRIC_REPRESENTATION_CONTEXT(2) 
PARAMETRIC_REPRESENTATION_CONTEXT() REPRESENTATION_CONTEXT('2D SPACE',''
  ) );
#1679 = ADVANCED_FACE('',(#1680),#975,.T.);
#1680 = FACE_BOUND('',#1681,.F.);
#1681 = EDGE_LOOP('',(#1682,#1683,#1684,#1706));
#1682 = ORIENTED_EDGE('',*,*,#1504,.F.);
#1683 = ORIENTED_EDGE('',*,*,#960,.T.);
#1684 = ORIENTED_EDGE('',*,*,#1685,.T.);
#1685 = EDGE_CURVE('',#936,#1686,#1688,.T.);
#1686 = VERTEX_POINT('',#1687);
#1687 = CARTESIAN_POINT('',(73.,-32.,288.));
#1688 = SURFACE_CURVE('',#1689,(#1694,#1700),.PCURVE_S1.);
#1689 = CIRCLE('',#1690,2.);
#1690 = AXIS2_PLACEMENT_3D('',#1691,#1692,#1693);
#1691 = CARTESIAN_POINT('',(73.,-32.,286.));
#1692 = DIRECTION('',(6.123233995737E-17,-1.,0.));
#1693 = DIRECTION('',(1.,6.123233995737E-17,0.));
#1694 = PCURVE('',#975,#1695);
#1695 = DEFINITIONAL_REPRESENTATION('',(#1696),#1699);
#1696 = B_SPLINE_CURVE_WITH_KNOTS('',1,(#1697,#1698),.UNSPECIFIED.,.F.,
  .F.,(2,2),(0.,1.570796326795),.PIECEWISE_BEZIER_KNOTS.);
#1697 = CARTESIAN_POINT('',(-1.570796326795,0.));
#1698 = CARTESIAN_POINT('',(-1.570796326795,1.570796326795));
#1699 = ( GEOMETRIC_REPRESENTATION_CONTEXT(2) 
PARAMETRIC_REPRESENTATION_CONTEXT() REPRESENTATION_CONTEXT('2D SPACE',''
  ) );
#1700 = PCURVE('',#1007,#1701);
#1701 = DEFINITIONAL_REPRESENTATION('',(#1702),#1705);
#1702 = B_SPLINE_CURVE_WITH_KNOTS('',1,(#1703,#1704),.UNSPECIFIED.,.F.,
  .F.,(2,2),(0.,1.570796326795),.PIECEWISE_BEZIER_KNOTS.);
#1703 = CARTESIAN_POINT('',(0.,0.));
#1704 = CARTESIAN_POINT('',(1.570796326795,0.));
#1705 = ( GEOMETRIC_REPRESENTATION_CONTEXT(2) 
PARAMETRIC_REPRESENTATION_CONTEXT() REPRESENTATION_CONTEXT('2D SPACE',''
  ) );
#1706 = ORIENTED_EDGE('',*,*,#1707,.F.);
#1707 = EDGE_CURVE('',#1482,#1686,#1708,.T.);
#1708 = SURFACE_CURVE('',#1709,(#1714,#1721),.PCURVE_S1.);
#1709 = CIRCLE('',#1710,4.);
#1710 = AXIS2_PLACEMENT_3D('',#1711,#1712,#1713);
#1711 = CARTESIAN_POINT('',(69.,-32.,288.));
#1712 = DIRECTION('',(0.,-0.,-1.));
#1713 = DIRECTION('',(0.,1.,-0.));
#1714 = PCURVE('',#975,#1715);
#1715 = DEFINITIONAL_REPRESENTATION('',(#1716),#1720);
#1716 = LINE('',#1717,#1718);
#1717 = CARTESIAN_POINT('',(-0.,1.570796326795));
#1718 = VECTOR('',#1719,1.);
#1719 = DIRECTION('',(-1.,0.));
#1720 = ( GEOMETRIC_REPRESENTATION_CONTEXT(2) 
PARAMETRIC_REPRESENTATION_CONTEXT() REPRESENTATION_CONTEXT('2D SPACE',''
  ) );
#1721 = PCURVE('',#1171,#1722);
#1722 = DEFINITIONAL_REPRESENTATION('',(#1723),#1731);
#1723 = ( BOUNDED_CURVE() B_SPLINE_CURVE(2,(#1724,#1725,#1726,#1727,
#1728,#1729,#1730),.UNSPECIFIED.,.T.,.F.) B_SPLINE_CURVE_WITH_KNOTS((1,2
    ,2,2,2,1),(-2.094395102393,0.,2.094395102393,4.188790204786,
6.28318530718,8.377580409573),.UNSPECIFIED.) CURVE() 
GEOMETRIC_REPRESENTATION_ITEM() RATIONAL_B_SPLINE_CURVE((1.,0.5,1.,0.5,
1.,0.5,1.)) REPRESENTATION_ITEM('') );
#1724 = CARTESIAN_POINT('',(36.,30.));
#1725 = CARTESIAN_POINT('',(42.928203230276,30.));
#1726 = CARTESIAN_POINT('',(39.464101615138,24.));
#1727 = CARTESIAN_POINT('',(36.,18.));
#1728 = CARTESIAN_POINT('',(32.535898384862,24.));
#1729 = CARTESIAN_POINT('',(29.071796769724,30.));
#1730 = CARTESIAN_POINT('',(36.,30.));
#1731 = ( GEOMETRIC_REPRESENTATION_CONTEXT(2) 
PARAMETRIC_REPRESENTATION_CONTEXT() REPRESENTATION_CONTEXT('2D SPACE',''
  ) );
#1732 = ADVANCED_FACE('',(#1733),#1007,.T.);
#1733 = FACE_BOUND('',#1734,.T.);
#1734 = EDGE_LOOP('',(#1735,#1736,#1757,#1758));
#1735 = ORIENTED_EDGE('',*,*,#1685,.T.);
#1736 = ORIENTED_EDGE('',*,*,#1737,.T.);
#1737 = EDGE_CURVE('',#1686,#1631,#1738,.T.);
#1738 = SURFACE_CURVE('',#1739,(#1743,#1750),.PCURVE_S1.);
#1739 = LINE('',#1740,#1741);
#1740 = CARTESIAN_POINT('',(73.,-32.,288.));
#1741 = VECTOR('',#1742,1.);
#1742 = DIRECTION('',(-0.,-1.,-0.));
#1743 = PCURVE('',#1007,#1744);
#1744 = DEFINITIONAL_REPRESENTATION('',(#1745),#1749);
#1745 = LINE('',#1746,#1747);
#1746 = CARTESIAN_POINT('',(1.570796326795,0.));
#1747 = VECTOR('',#1748,1.);
#1748 = DIRECTION('',(0.,1.));
#1749 = ( GEOMETRIC_REPRESENTATION_CONTEXT(2) 
PARAMETRIC_REPRESENTATION_CONTEXT() REPRESENTATION_CONTEXT('2D SPACE',''
  ) );
#1750 = PCURVE('',#1171,#1751);
#1751 = DEFINITIONAL_REPRESENTATION('',(#1752),#1756);
#1752 = LINE('',#1753,#1754);
#1753 = CARTESIAN_POINT('',(40.,26.));
#1754 = VECTOR('',#1755,1.);
#1755 = DIRECTION('',(-0.,-1.));
#1756 = ( GEOMETRIC_REPRESENTATION_CONTEXT(2) 
PARAMETRIC_REPRESENTATION_CONTEXT() REPRESENTATION_CONTEXT('2D SPACE',''
  ) );
#1757 = ORIENTED_EDGE('',*,*,#1630,.F.);
#1758 = ORIENTED_EDGE('',*,*,#993,.F.);
#1759 = ADVANCED_FACE('',(#1760),#1060,.F.);
#1760 = FACE_BOUND('',#1761,.F.);
#1761 = EDGE_LOOP('',(#1762));
#1762 = ORIENTED_EDGE('',*,*,#1045,.T.);
#1763 = ADVANCED_FACE('',(#1764),#1115,.F.);
#1764 = FACE_BOUND('',#1765,.F.);
#1765 = EDGE_LOOP('',(#1766));
#1766 = ORIENTED_EDGE('',*,*,#1100,.T.);
#1767 = ADVANCED_FACE('',(#1768),#1171,.T.);
#1768 = FACE_BOUND('',#1769,.T.);
#1769 = EDGE_LOOP('',(#1770,#1771,#1772,#1773,#1774,#1775,#1776));
#1770 = ORIENTED_EDGE('',*,*,#1605,.F.);
#1771 = ORIENTED_EDGE('',*,*,#1155,.F.);
#1772 = ORIENTED_EDGE('',*,*,#1654,.F.);
#1773 = ORIENTED_EDGE('',*,*,#1737,.F.);
#1774 = ORIENTED_EDGE('',*,*,#1707,.F.);
#1775 = ORIENTED_EDGE('',*,*,#1481,.F.);
#1776 = ORIENTED_EDGE('',*,*,#1580,.F.);
#1777 = ADVANCED_FACE('',(#1778),#1567,.T.);
#1778 = FACE_BOUND('',#1779,.T.);
#1779 = EDGE_LOOP('',(#1780,#1781,#1804,#1833,#2110,#2132));
#1780 = ORIENTED_EDGE('',*,*,#1552,.T.);
#1781 = ORIENTED_EDGE('',*,*,#1782,.T.);
#1782 = EDGE_CURVE('',#1530,#1783,#1785,.T.);
#1783 = VERTEX_POINT('',#1784);
#1784 = CARTESIAN_POINT('',(66.,-42.,349.));
#1785 = SEAM_CURVE('',#1786,(#1790,#1797),.PCURVE_S1.);
#1786 = LINE('',#1787,#1788);
#1787 = CARTESIAN_POINT('',(66.,-42.,294.));
#1788 = VECTOR('',#1789,1.);
#1789 = DIRECTION('',(0.,0.,1.));
#1790 = PCURVE('',#1567,#1791);
#1791 = DEFINITIONAL_REPRESENTATION('',(#1792),#1796);
#1792 = LINE('',#1793,#1794);
#1793 = CARTESIAN_POINT('',(0.,-0.));
#1794 = VECTOR('',#1795,1.);
#1795 = DIRECTION('',(0.,1.));
#1796 = ( GEOMETRIC_REPRESENTATION_CONTEXT(2) 
PARAMETRIC_REPRESENTATION_CONTEXT() REPRESENTATION_CONTEXT('2D SPACE',''
  ) );
#1797 = PCURVE('',#1567,#1798);
#1798 = DEFINITIONAL_REPRESENTATION('',(#1799),#1803);
#1799 = LINE('',#1800,#1801);
#1800 = CARTESIAN_POINT('',(6.28318530718,-0.));
#1801 = VECTOR('',#1802,1.);
#1802 = DIRECTION('',(0.,1.));
#1803 = ( GEOMETRIC_REPRESENTATION_CONTEXT(2) 
PARAMETRIC_REPRESENTATION_CONTEXT() REPRESENTATION_CONTEXT('2D SPACE',''
  ) );
#1804 = ORIENTED_EDGE('',*,*,#1805,.F.);
#1805 = EDGE_CURVE('',#1806,#1783,#1808,.T.);
#1806 = VERTEX_POINT('',#1807);
#1807 = CARTESIAN_POINT('',(49.204168476687,-53.,349.));
#1808 = SURFACE_CURVE('',#1809,(#1814,#1821),.PCURVE_S1.);
#1809 = CIRCLE('',#1810,12.);
#1810 = AXIS2_PLACEMENT_3D('',#1811,#1812,#1813);
#1811 = CARTESIAN_POINT('',(54.,-42.,349.));
#1812 = DIRECTION('',(0.,0.,1.));
#1813 = DIRECTION('',(1.,0.,-0.));
#1814 = PCURVE('',#1567,#1815);
#1815 = DEFINITIONAL_REPRESENTATION('',(#1816),#1820);
#1816 = LINE('',#1817,#1818);
#1817 = CARTESIAN_POINT('',(0.,55.));
#1818 = VECTOR('',#1819,1.);
#1819 = DIRECTION('',(1.,0.));
#1820 = ( GEOMETRIC_REPRESENTATION_CONTEXT(2) 
PARAMETRIC_REPRESENTATION_CONTEXT() REPRESENTATION_CONTEXT('2D SPACE',''
  ) );
#1821 = PCURVE('',#1822,#1827);
#1822 = PLANE('',#1823);
#1823 = AXIS2_PLACEMENT_3D('',#1824,#1825,#1826);
#1824 = CARTESIAN_POINT('',(54.,-42.,349.));
#1825 = DIRECTION('',(0.,0.,1.));
#1826 = DIRECTION('',(1.,0.,-0.));
#1827 = DEFINITIONAL_REPRESENTATION('',(#1828),#1832);
#1828 = CIRCLE('',#1829,12.);
#1829 = AXIS2_PLACEMENT_2D('',#1830,#1831);
#1830 = CARTESIAN_POINT('',(0.,0.));
#1831 = DIRECTION('',(1.,0.));
#1832 = ( GEOMETRIC_REPRESENTATION_CONTEXT(2) 
PARAMETRIC_REPRESENTATION_CONTEXT() REPRESENTATION_CONTEXT('2D SPACE',''
  ) );
#1833 = ORIENTED_EDGE('',*,*,#1834,.T.);
#1834 = EDGE_CURVE('',#1806,#1835,#1837,.T.);
#1835 = VERTEX_POINT('',#1836);
#1836 = CARTESIAN_POINT('',(49.204168476687,-31.,349.));
#1837 = SURFACE_CURVE('',#1838,(#1925,#2015),.PCURVE_S1.);
#1838 = B_SPLINE_CURVE_WITH_KNOTS('',8,(#1839,#1840,#1841,#1842,#1843,
    #1844,#1845,#1846,#1847,#1848,#1849,#1850,#1851,#1852,#1853,#1854,
    #1855,#1856,#1857,#1858,#1859,#1860,#1861,#1862,#1863,#1864,#1865,
    #1866,#1867,#1868,#1869,#1870,#1871,#1872,#1873,#1874,#1875,#1876,
    #1877,#1878,#1879,#1880,#1881,#1882,#1883,#1884,#1885,#1886,#1887,
    #1888,#1889,#1890,#1891,#1892,#1893,#1894,#1895,#1896,#1897,#1898,
    #1899,#1900,#1901,#1902,#1903,#1904,#1905,#1906,#1907,#1908,#1909,
    #1910,#1911,#1912,#1913,#1914,#1915,#1916,#1917,#1918,#1919,#1920,
    #1921,#1922,#1923,#1924),.UNSPECIFIED.,.F.,.F.,(9,7,7,7,7,7,7,7,7,7,
    7,7,9),(0.,6.437575198094E-02,0.196047606138,0.351079534248,
    0.403363439756,0.46223164989,0.556090553369,0.595173496955,
    0.648551049138,0.802752001644,0.935121240815,0.984926888521,1.),
  .UNSPECIFIED.);
#1839 = CARTESIAN_POINT('',(49.204168476687,-53.,349.0000006));
#1840 = CARTESIAN_POINT('',(49.204168510693,-53.00000001482,
    348.72819298334));
#1841 = CARTESIAN_POINT('',(49.186562984458,-52.99232378119,
    348.45823283512));
#1842 = CARTESIAN_POINT('',(49.151770585708,-52.97715601496,
    348.19029841012));
#1843 = CARTESIAN_POINT('',(49.100632402713,-52.95467234552,
    347.92466904956));
#1844 = CARTESIAN_POINT('',(49.03442677201,-52.92507753068,
    347.66184514481));
#1845 = CARTESIAN_POINT('',(48.954872316996,-52.88867442694,
    347.40264720406));
#1846 = CARTESIAN_POINT('',(48.864119177406,-52.84596371507,
    347.14829402183));
#1847 = CARTESIAN_POINT('',(48.561438159047,-52.69920964573,
    346.39354903307));
#1848 = CARTESIAN_POINT('',(48.31776517566,-52.57566268371,
    345.90331701078));
#1849 = CARTESIAN_POINT('',(48.045941749456,-52.42911436412,
    345.42853321234));
#1850 = CARTESIAN_POINT('',(47.756365589727,-52.26105807009,
    344.9691784955));
#1851 = CARTESIAN_POINT('',(47.4560750692,-52.07285922858,
    344.52465802546));
#1852 = CARTESIAN_POINT('',(47.148775117425,-51.86478083294,
    344.09294081039));
#1853 = CARTESIAN_POINT('',(46.83546973239,-51.63519643635,
    343.67066718826));
#1854 = CARTESIAN_POINT('',(46.138888291729,-51.07937957733,
    342.7633412521));
#1855 = CARTESIAN_POINT('',(45.758805978511,-50.74781117826,
    342.28792577423));
#1856 = CARTESIAN_POINT('',(45.37827503851,-50.38306897053,
    341.82549663466));
#1857 = CARTESIAN_POINT('',(44.999412672509,-49.9820547775,
    341.37538084841));
#1858 = CARTESIAN_POINT('',(44.624912255035,-49.54106427938,
    340.93838544315));
#1859 = CARTESIAN_POINT('',(44.258472036448,-49.05606603759,
    340.51699376583));
#1860 = CARTESIAN_POINT('',(43.905204657085,-48.5229214485,
    340.11548138487));
#1861 = CARTESIAN_POINT('',(43.459657303555,-47.74044797298,
    339.61372219902));
#1862 = CARTESIAN_POINT('',(43.349460898952,-47.53699496277,
    339.49004096986));
#1863 = CARTESIAN_POINT('',(43.24168971848,-47.32722697257,
    339.36945800525));
#1864 = CARTESIAN_POINT('',(43.136633076202,-47.11095217175,
    339.25224909286));
#1865 = CARTESIAN_POINT('',(43.034614000671,-46.8879871391,
    339.13872843959));
#1866 = CARTESIAN_POINT('',(42.935990688145,-46.65815965438,
    339.02924990798));
#1867 = CARTESIAN_POINT('',(42.841157955806,-46.42131148996,
    338.92420825262));
#1868 = CARTESIAN_POINT('',(42.648528676483,-45.90256180143,
    338.7112579488));
#1869 = CARTESIAN_POINT('',(42.551689783763,-45.61827724989,
    338.60446293928));
#1870 = CARTESIAN_POINT('',(42.460885915572,-45.32474049369,
    338.50454142108));
#1871 = CARTESIAN_POINT('',(42.376946958872,-45.02228154102,
    338.41235026676));
#1872 = CARTESIAN_POINT('',(42.300677443936,-44.71126745252,
    338.32871832841));
#1873 = CARTESIAN_POINT('',(42.232855199445,-44.39210233137,
    338.25444763764));
#1874 = CARTESIAN_POINT('',(42.174230007604,-44.06522731343,
    338.19031460559));
#1875 = CARTESIAN_POINT('',(42.047863097485,-43.1984239848,
    338.05218048981));
#1876 = CARTESIAN_POINT('',(41.995673247573,-42.64911717665,
    337.99525438668));
#1877 = CARTESIAN_POINT('',(41.9722726987,-42.09007337945,
    337.96977634556));
#1878 = CARTESIAN_POINT('',(41.979317739674,-41.52834661245,
    337.97745755561));
#1879 = CARTESIAN_POINT('',(42.016777914782,-40.97103064037,
    338.01826375371));
#1880 = CARTESIAN_POINT('',(42.082933756495,-40.4251528769,
    338.0904210095));
#1881 = CARTESIAN_POINT('',(42.174395295008,-39.89760321923,
    338.1904005046));
#1882 = CARTESIAN_POINT('',(42.33267251419,-39.18585404746,
    338.36388385409));
#1883 = CARTESIAN_POINT('',(42.3828610825,-38.98032234601,
    338.41894080164));
#1884 = CARTESIAN_POINT('',(42.436484223939,-38.77857370522,
    338.47782263714));
#1885 = CARTESIAN_POINT('',(42.493319720972,-38.58067213234,
    338.54030028252));
#1886 = CARTESIAN_POINT('',(42.553146092227,-38.38667465202,
    338.60614597916));
#1887 = CARTESIAN_POINT('',(42.615742720558,-38.19663131269,
    338.67513317346));
#1888 = CARTESIAN_POINT('',(42.680889981127,-38.01058519299,
    338.74703640247));
#1889 = CARTESIAN_POINT('',(42.840529382064,-37.57998834482,
    338.92350903822));
#1890 = CARTESIAN_POINT('',(42.937075170425,-37.33883142174,
    339.0304467864));
#1891 = CARTESIAN_POINT('',(43.037549342392,-37.10495233054,
    339.14198276618));
#1892 = CARTESIAN_POINT('',(43.141535470278,-36.87818372538,
    339.25770063215));
#1893 = CARTESIAN_POINT('',(43.248656499779,-36.65834326661,
    339.37722800467));
#1894 = CARTESIAN_POINT('',(43.358573158867,-36.44523666448,
    339.50023512307));
#1895 = CARTESIAN_POINT('',(43.470982366691,-36.23866072288,
    339.62643349889));
#1896 = CARTESIAN_POINT('',(43.916776581717,-35.45989709055,
    340.12864667962));
#1897 = CARTESIAN_POINT('',(44.267492633313,-34.932408135,
    340.52739788437));
#1898 = CARTESIAN_POINT('',(44.63106679495,-34.4521808568,
    340.94562478253));
#1899 = CARTESIAN_POINT('',(45.002534198928,-34.01518298953,
    341.3791864055));
#1900 = CARTESIAN_POINT('',(45.378292437435,-33.61748853433,
    341.82567382694));
#1901 = CARTESIAN_POINT('',(45.755708090746,-33.25548964763,
    342.28429750162));
#1902 = CARTESIAN_POINT('',(46.132700338616,-32.92616409068,
    342.75570056297));
#1903 = CARTESIAN_POINT('',(46.827161349404,-32.37092630009,
    343.65949463882));
#1904 = CARTESIAN_POINT('',(47.141341404931,-32.14029916928,
    344.08254747896));
#1905 = CARTESIAN_POINT('',(47.449534096799,-31.93129703663,
    344.51506312073));
#1906 = CARTESIAN_POINT('',(47.750747081113,-31.74226976563,
    344.96041999677));
#1907 = CARTESIAN_POINT('',(48.041277080608,-31.57347263327,
    345.4206649829));
#1908 = CARTESIAN_POINT('',(48.314065280496,-31.42627693872,
    345.8963958396));
#1909 = CARTESIAN_POINT('',(48.558661900086,-31.30218244779,
    346.38762285796));
#1910 = CARTESIAN_POINT('',(48.839563363648,-31.16592508742,
    347.08669491497));
#1911 = CARTESIAN_POINT('',(48.911001255147,-31.13204369292,
    347.28111516931));
#1912 = CARTESIAN_POINT('',(48.976075551333,-31.1018215422,
    347.47831203327));
#1913 = CARTESIAN_POINT('',(49.033878257353,-31.07546818997,
    347.6778925575));
#1914 = CARTESIAN_POINT('',(49.083601330589,-31.0531404388,
    347.87958023178));
#1915 = CARTESIAN_POINT('',(49.124539258722,-31.03496548406,
    348.08320305253));
#1916 = CARTESIAN_POINT('',(49.156090785499,-31.02106091213,
    348.28868132215));
#1917 = CARTESIAN_POINT('',(49.184317659644,-31.00867365215,
    348.55876240849));
#1918 = CARTESIAN_POINT('',(49.189963938602,-31.00620116648,
    348.62161781378));
#1919 = CARTESIAN_POINT('',(49.194686035823,-31.004136955,
    348.68456266392));
#1920 = CARTESIAN_POINT('',(49.198473868402,-31.00248330487,
    348.74757862166));
#1921 = CARTESIAN_POINT('',(49.201319855789,-31.00124193006,
    348.8106477445));
#1922 = CARTESIAN_POINT('',(49.203218919794,-31.0004139714,
    348.87375248471));
#1923 = CARTESIAN_POINT('',(49.204168484585,-30.99999999655,
    348.93687568929));
#1924 = CARTESIAN_POINT('',(49.204168476687,-31.,349.0000006));
#1925 = PCURVE('',#1567,#1926);
#1926 = DEFINITIONAL_REPRESENTATION('',(#1927),#2014);
#1927 = B_SPLINE_CURVE_WITH_KNOTS('',8,(#1928,#1929,#1930,#1931,#1932,
    #1933,#1934,#1935,#1936,#1937,#1938,#1939,#1940,#1941,#1942,#1943,
    #1944,#1945,#1946,#1947,#1948,#1949,#1950,#1951,#1952,#1953,#1954,
    #1955,#1956,#1957,#1958,#1959,#1960,#1961,#1962,#1963,#1964,#1965,
    #1966,#1967,#1968,#1969,#1970,#1971,#1972,#1973,#1974,#1975,#1976,
    #1977,#1978,#1979,#1980,#1981,#1982,#1983,#1984,#1985,#1986,#1987,
    #1988,#1989,#1990,#1991,#1992,#1993,#1994,#1995,#1996,#1997,#1998,
    #1999,#2000,#2001,#2002,#2003,#2004,#2005,#2006,#2007,#2008,#2009,
    #2010,#2011,#2012,#2013),.UNSPECIFIED.,.F.,.F.,(9,7,7,7,7,7,7,7,7,7,
    7,7,9),(0.,6.437575198094E-02,0.196047606138,0.351079534248,
    0.403363439756,0.46223164989,0.556090553369,0.595173496955,
    0.648551049138,0.802752001644,0.935121240815,0.984926888521,1.),
  .UNSPECIFIED.);
#1928 = CARTESIAN_POINT('',(4.301251118062,55.0000006));
#1929 = CARTESIAN_POINT('',(4.301251121154,54.728192983342));
#1930 = CARTESIAN_POINT('',(4.299650627624,54.458232835128));
#1931 = CARTESIAN_POINT('',(4.296487657491,54.190298410126));
#1932 = CARTESIAN_POINT('',(4.291832496905,53.924669049561));
#1933 = CARTESIAN_POINT('',(4.28578954263,53.661845144814));
#1934 = CARTESIAN_POINT('',(4.278499453078,53.402647204062));
#1935 = CARTESIAN_POINT('',(4.270141605875,53.148294021838));
#1936 = CARTESIAN_POINT('',(4.24210980898,52.393549033075));
#1937 = CARTESIAN_POINT('',(4.219346420229,51.90331701078));
#1938 = CARTESIAN_POINT('',(4.193625775364,51.42853321235));
#1939 = CARTESIAN_POINT('',(4.165753869837,50.969178495502));
#1940 = CARTESIAN_POINT('',(4.136256495331,50.524658025468));
#1941 = CARTESIAN_POINT('',(4.105364109986,50.092940810393));
#1942 = CARTESIAN_POINT('',(4.073023172276,49.67066718826));
#1943 = CARTESIAN_POINT('',(3.998760215856,48.7633412521));
#1944 = CARTESIAN_POINT('',(3.956768893785,48.287925774234));
#1945 = CARTESIAN_POINT('',(3.912925433706,47.825496634666));
#1946 = CARTESIAN_POINT('',(3.867070272048,47.375380848414));
#1947 = CARTESIAN_POINT('',(3.819003684649,46.938385443153));
#1948 = CARTESIAN_POINT('',(3.768502540435,46.516993765837));
#1949 = CARTESIAN_POINT('',(3.715327229889,46.115481384878));
#1950 = CARTESIAN_POINT('',(3.64029125777,45.613722199023));
#1951 = CARTESIAN_POINT('',(3.621014004191,45.49004096986));
#1952 = CARTESIAN_POINT('',(3.601369097241,45.369458005253));
#1953 = CARTESIAN_POINT('',(3.581342651094,45.252249092867));
#1954 = CARTESIAN_POINT('',(3.560920870229,45.138728439598));
#1955 = CARTESIAN_POINT('',(3.540089969023,45.029249907983));
#1956 = CARTESIAN_POINT('',(3.518836091329,44.924208252623));
#1957 = CARTESIAN_POINT('',(3.472722758823,44.711257948808));
#1958 = CARTESIAN_POINT('',(3.447704904184,44.604462939283));
#1959 = CARTESIAN_POINT('',(3.422117140791,44.50454142108));
#1960 = CARTESIAN_POINT('',(3.395982562853,44.412350266764));
#1961 = CARTESIAN_POINT('',(3.36932194013,44.328718328418));
#1962 = CARTESIAN_POINT('',(3.342153773922,44.254447637648));
#1963 = CARTESIAN_POINT('',(3.314494353048,44.19031460559));
#1964 = CARTESIAN_POINT('',(3.241497178136,44.052180489813));
#1965 = CARTESIAN_POINT('',(3.195572861912,43.995254386685));
#1966 = CARTESIAN_POINT('',(3.149054715269,43.969776345568));
#1967 = CARTESIAN_POINT('',(3.102378117669,43.977457555613));
#1968 = CARTESIAN_POINT('',(3.055964360962,44.018263753717));
#1969 = CARTESIAN_POINT('',(3.010242664361,44.0904210095));
#1970 = CARTESIAN_POINT('',(2.965673817343,44.190400504603));
#1971 = CARTESIAN_POINT('',(2.904912526576,44.363883854091));
#1972 = CARTESIAN_POINT('',(2.88728540384,44.418940801644));
#1973 = CARTESIAN_POINT('',(2.869895204529,44.477822637141));
#1974 = CARTESIAN_POINT('',(2.852743431344,44.540300282526));
#1975 = CARTESIAN_POINT('',(2.835831934955,44.606145979166));
#1976 = CARTESIAN_POINT('',(2.819162881522,44.675133173462));
#1977 = CARTESIAN_POINT('',(2.802738720212,44.747036402471));
#1978 = CARTESIAN_POINT('',(2.764468991822,44.923509038224));
#1979 = CARTESIAN_POINT('',(2.742829101677,45.030446786406));
#1980 = CARTESIAN_POINT('',(2.721627671298,45.14198276618));
#1981 = CARTESIAN_POINT('',(2.700850055124,45.257700632154));
#1982 = CARTESIAN_POINT('',(2.680481682922,45.377228004674));
#1983 = CARTESIAN_POINT('',(2.660507971705,45.50023512307));
#1984 = CARTESIAN_POINT('',(2.640914237647,45.626433498895));
#1985 = CARTESIAN_POINT('',(2.566136545025,46.128646679624));
#1986 = CARTESIAN_POINT('',(2.51346780367,46.52739788437));
#1987 = CARTESIAN_POINT('',(2.463423582279,46.945624782533));
#1988 = CARTESIAN_POINT('',(2.415770493645,47.379186405502));
#1989 = CARTESIAN_POINT('',(2.370291287778,47.825673826943));
#1990 = CARTESIAN_POINT('',(2.326791583032,48.284297501625));
#1991 = CARTESIAN_POINT('',(2.285116317803,48.755700562974));
#1992 = CARTESIAN_POINT('',(2.211021544614,49.659494638826));
#1993 = CARTESIAN_POINT('',(2.178570729704,50.082547478969));
#1994 = CARTESIAN_POINT('',(2.147573915362,50.515063120732));
#1995 = CARTESIAN_POINT('',(2.117975089066,50.960419996772));
#1996 = CARTESIAN_POINT('',(2.090003765435,51.420664982909));
#1997 = CARTESIAN_POINT('',(2.064186914029,51.896395839605));
#1998 = CARTESIAN_POINT('',(2.041334286051,52.387622857965));
#1999 = CARTESIAN_POINT('',(2.015317237622,53.08669491497));
#2000 = CARTESIAN_POINT('',(2.008728720044,53.281115169317));
#2001 = CARTESIAN_POINT('',(2.002749856391,53.47831203327));
#2002 = CARTESIAN_POINT('',(1.997456165112,53.6778925575));
#2003 = CARTESIAN_POINT('',(1.992914082521,53.879580231781));
#2004 = CARTESIAN_POINT('',(1.989181504107,54.083203052536));
#2005 = CARTESIAN_POINT('',(1.986308219265,54.288681322152));
#2006 = CARTESIAN_POINT('',(1.983739442219,54.558762408495));
#2007 = CARTESIAN_POINT('',(1.983225783986,54.621617813781));
#2008 = CARTESIAN_POINT('',(1.982796320864,54.684562663921));
#2009 = CARTESIAN_POINT('',(1.982451898875,54.747578621662));
#2010 = CARTESIAN_POINT('',(1.98219315394,54.810647744508));
#2011 = CARTESIAN_POINT('',(1.982020511877,54.873752484715));
#2012 = CARTESIAN_POINT('',(1.981934188399,54.936875689291));
#2013 = CARTESIAN_POINT('',(1.981934189117,55.0000006));
#2014 = ( GEOMETRIC_REPRESENTATION_CONTEXT(2) 
PARAMETRIC_REPRESENTATION_CONTEXT() REPRESENTATION_CONTEXT('2D SPACE',''
  ) );
#2015 = PCURVE('',#2016,#2021);
#2016 = CYLINDRICAL_SURFACE('',#2017,11.);
#2017 = AXIS2_PLACEMENT_3D('',#2018,#2019,#2020);
#2018 = CARTESIAN_POINT('',(-56.,-42.,349.));
#2019 = DIRECTION('',(1.,0.,0.));
#2020 = DIRECTION('',(-0.,0.,1.));
#2021 = DEFINITIONAL_REPRESENTATION('',(#2022),#2109);
#2022 = B_SPLINE_CURVE_WITH_KNOTS('',8,(#2023,#2024,#2025,#2026,#2027,
    #2028,#2029,#2030,#2031,#2032,#2033,#2034,#2035,#2036,#2037,#2038,
    #2039,#2040,#2041,#2042,#2043,#2044,#2045,#2046,#2047,#2048,#2049,
    #2050,#2051,#2052,#2053,#2054,#2055,#2056,#2057,#2058,#2059,#2060,
    #2061,#2062,#2063,#2064,#2065,#2066,#2067,#2068,#2069,#2070,#2071,
    #2072,#2073,#2074,#2075,#2076,#2077,#2078,#2079,#2080,#2081,#2082,
    #2083,#2084,#2085,#2086,#2087,#2088,#2089,#2090,#2091,#2092,#2093,
    #2094,#2095,#2096,#2097,#2098,#2099,#2100,#2101,#2102,#2103,#2104,
    #2105,#2106,#2107,#2108),.UNSPECIFIED.,.F.,.F.,(9,7,7,7,7,7,7,7,7,7,
    7,7,9),(0.,6.437575198094E-02,0.196047606138,0.351079534248,
    0.403363439756,0.46223164989,0.556090553369,0.595173496955,
    0.648551049138,0.802752001644,0.935121240815,0.984926888521,1.),
  .UNSPECIFIED.);
#2023 = CARTESIAN_POINT('',(1.570796272249,105.20416847668));
#2024 = CARTESIAN_POINT('',(1.595506055582,105.20416851069));
#2025 = CARTESIAN_POINT('',(1.620047866848,105.18656298445));
#2026 = CARTESIAN_POINT('',(1.644428588866,105.1517705857));
#2027 = CARTESIAN_POINT('',(1.668644322159,105.10063240271));
#2028 = CARTESIAN_POINT('',(1.692670206116,105.03442677201));
#2029 = CARTESIAN_POINT('',(1.716450594948,104.95487231699));
#2030 = CARTESIAN_POINT('',(1.739889588433,104.8641191774));
#2031 = CARTESIAN_POINT('',(1.809787788018,104.56143815904));
#2032 = CARTESIAN_POINT('',(1.855678774194,104.31776517566));
#2033 = CARTESIAN_POINT('',(1.900747804538,104.04594174945));
#2034 = CARTESIAN_POINT('',(1.945099303676,103.75636558972));
#2035 = CARTESIAN_POINT('',(1.988877057764,103.4560750692));
#2036 = CARTESIAN_POINT('',(2.032358479981,103.14877511742));
#2037 = CARTESIAN_POINT('',(2.075995667526,102.83546973239));
#2038 = CARTESIAN_POINT('',(2.172726218359,102.13888829172));
#2039 = CARTESIAN_POINT('',(2.225325953384,101.75880597851));
#2040 = CARTESIAN_POINT('',(2.278712364662,101.37827503851));
#2041 = CARTESIAN_POINT('',(2.333313290206,100.9994126725));
#2042 = CARTESIAN_POINT('',(2.389521628268,100.62491225503));
#2043 = CARTESIAN_POINT('',(2.447700208803,100.25847203644));
#2044 = CARTESIAN_POINT('',(2.508203293616,99.905204657085));
#2045 = CARTESIAN_POINT('',(2.592706069769,99.459657303555));
#2046 = CARTESIAN_POINT('',(2.61434501418,99.349460898952));
#2047 = CARTESIAN_POINT('',(2.636329957632,99.24168971848));
#2048 = CARTESIAN_POINT('',(2.658678674216,99.136633076202));
#2049 = CARTESIAN_POINT('',(2.681408690895,99.034614000671));
#2050 = CARTESIAN_POINT('',(2.704537453238,98.935990688145));
#2051 = CARTESIAN_POINT('',(2.728082491155,98.841157955806));
#2052 = CARTESIAN_POINT('',(2.779060453599,98.648528676483));
#2053 = CARTESIAN_POINT('',(2.806655344743,98.551689783763));
#2054 = CARTESIAN_POINT('',(2.834821051192,98.460885915572));
#2055 = CARTESIAN_POINT('',(2.863535769951,98.376946958872));
#2056 = CARTESIAN_POINT('',(2.892780981459,98.300677443935));
#2057 = CARTESIAN_POINT('',(2.922541329148,98.232855199445));
#2058 = CARTESIAN_POINT('',(2.952804498993,98.174230007603));
#2059 = CARTESIAN_POINT('',(3.032599124035,98.047863097485));
#2060 = CARTESIAN_POINT('',(3.082728360895,97.995673247573));
#2061 = CARTESIAN_POINT('',(3.133461197634,97.9722726987));
#2062 = CARTESIAN_POINT('',(3.184353863762,97.979317739674));
#2063 = CARTESIAN_POINT('',(3.234980683631,98.016777914782));
#2064 = CARTESIAN_POINT('',(3.284905937189,98.082933756495));
#2065 = CARTESIAN_POINT('',(3.333653328187,98.174395295008));
#2066 = CARTESIAN_POINT('',(3.400252124248,98.33267251419));
#2067 = CARTESIAN_POINT('',(3.419590633756,98.3828610825));
#2068 = CARTESIAN_POINT('',(3.438688786538,98.436484223939));
#2069 = CARTESIAN_POINT('',(3.457546259021,98.493319720972));
#2070 = CARTESIAN_POINT('',(3.476162241102,98.553146092227));
#2071 = CARTESIAN_POINT('',(3.494535471406,98.615742720558));
#2072 = CARTESIAN_POINT('',(3.51266427253,98.680889981127));
#2073 = CARTESIAN_POINT('',(3.554969366378,98.840529382064));
#2074 = CARTESIAN_POINT('',(3.578941837041,98.937075170425));
#2075 = CARTESIAN_POINT('',(3.602482792963,99.037549342392));
#2076 = CARTESIAN_POINT('',(3.625610757651,99.141535470278));
#2077 = CARTESIAN_POINT('',(3.648344165191,99.248656499779));
#2078 = CARTESIAN_POINT('',(3.670701541998,99.358573158867));
#2079 = CARTESIAN_POINT('',(3.692701688568,99.470982366691));
#2080 = CARTESIAN_POINT('',(3.776943120138,99.916776581717));
#2081 = CARTESIAN_POINT('',(3.836889615445,100.26749263331));
#2082 = CARTESIAN_POINT('',(3.894558248284,100.63106679495));
#2083 = CARTESIAN_POINT('',(3.950294779135,101.00253419892));
#2084 = CARTESIAN_POINT('',(4.004453425504,101.37829243743));
#2085 = CARTESIAN_POINT('',(4.057417336773,101.75570809074));
#2086 = CARTESIAN_POINT('',(4.109603482454,102.13270033861));
#2087 = CARTESIAN_POINT('',(4.206032822646,102.8271613494));
#2088 = CARTESIAN_POINT('',(4.249777080226,103.14134140493));
#2089 = CARTESIAN_POINT('',(4.293359758313,103.44953409679));
#2090 = CARTESIAN_POINT('',(4.337236207329,103.75074708111));
#2091 = CARTESIAN_POINT('',(4.381686100492,104.0412770806));
#2092 = CARTESIAN_POINT('',(4.42685409234,104.31406528049));
#2093 = CARTESIAN_POINT('',(4.472844520459,104.55866190008));
#2094 = CARTESIAN_POINT('',(4.537592462073,104.83956336364));
#2095 = CARTESIAN_POINT('',(4.555529832763,104.91100125514));
#2096 = CARTESIAN_POINT('',(4.573659775099,104.97607555133));
#2097 = CARTESIAN_POINT('',(4.591952971171,105.03387825735));
#2098 = CARTESIAN_POINT('',(4.610391979837,105.08360133058));
#2099 = CARTESIAN_POINT('',(4.628969647007,105.12453925872));
#2100 = CARTESIAN_POINT('',(4.647687786834,105.15609078549));
#2101 = CARTESIAN_POINT('',(4.672266423901,105.18431765964));
#2102 = CARTESIAN_POINT('',(4.677984847909,105.1899639386));
#2103 = CARTESIAN_POINT('',(4.683709979346,105.19468603582));
#2104 = CARTESIAN_POINT('',(4.689440430504,105.1984738684));
#2105 = CARTESIAN_POINT('',(4.695174852439,105.20131985578));
#2106 = CARTESIAN_POINT('',(4.70091193497,105.20321891979));
#2107 = CARTESIAN_POINT('',(4.706650406684,105.20416848458));
#2108 = CARTESIAN_POINT('',(4.71238903493,105.20416847668));
#2109 = ( GEOMETRIC_REPRESENTATION_CONTEXT(2) 
PARAMETRIC_REPRESENTATION_CONTEXT() REPRESENTATION_CONTEXT('2D SPACE',''
  ) );
#2110 = ORIENTED_EDGE('',*,*,#2111,.F.);
#2111 = EDGE_CURVE('',#1783,#1835,#2112,.T.);
#2112 = SURFACE_CURVE('',#2113,(#2118,#2125),.PCURVE_S1.);
#2113 = CIRCLE('',#2114,12.);
#2114 = AXIS2_PLACEMENT_3D('',#2115,#2116,#2117);
#2115 = CARTESIAN_POINT('',(54.,-42.,349.));
#2116 = DIRECTION('',(0.,0.,1.));
#2117 = DIRECTION('',(1.,0.,-0.));
#2118 = PCURVE('',#1567,#2119);
#2119 = DEFINITIONAL_REPRESENTATION('',(#2120),#2124);
#2120 = LINE('',#2121,#2122);
#2121 = CARTESIAN_POINT('',(0.,55.));
#2122 = VECTOR('',#2123,1.);
#2123 = DIRECTION('',(1.,0.));
#2124 = ( GEOMETRIC_REPRESENTATION_CONTEXT(2) 
PARAMETRIC_REPRESENTATION_CONTEXT() REPRESENTATION_CONTEXT('2D SPACE',''
  ) );
#2125 = PCURVE('',#1822,#2126);
#2126 = DEFINITIONAL_REPRESENTATION('',(#2127),#2131);
#2127 = CIRCLE('',#2128,12.);
#2128 = AXIS2_PLACEMENT_2D('',#2129,#2130);
#2129 = CARTESIAN_POINT('',(0.,0.));
#2130 = DIRECTION('',(1.,0.));
#2131 = ( GEOMETRIC_REPRESENTATION_CONTEXT(2) 
PARAMETRIC_REPRESENTATION_CONTEXT() REPRESENTATION_CONTEXT('2D SPACE',''
  ) );
#2132 = ORIENTED_EDGE('',*,*,#1782,.F.);
#2133 = ADVANCED_FACE('',(#2134),#1822,.T.);
#2134 = FACE_BOUND('',#2135,.T.);
#2135 = EDGE_LOOP('',(#2136,#2137,#2138,#2161,#2187,#2220,#2241));
#2136 = ORIENTED_EDGE('',*,*,#1805,.T.);
#2137 = ORIENTED_EDGE('',*,*,#2111,.T.);
#2138 = ORIENTED_EDGE('',*,*,#2139,.T.);
#2139 = EDGE_CURVE('',#1835,#2140,#2142,.T.);
#2140 = VERTEX_POINT('',#2141);
#2141 = CARTESIAN_POINT('',(56.,-31.,349.));
#2142 = SURFACE_CURVE('',#2143,(#2147,#2154),.PCURVE_S1.);
#2143 = LINE('',#2144,#2145);
#2144 = CARTESIAN_POINT('',(49.204168476687,-31.,349.));
#2145 = VECTOR('',#2146,1.);
#2146 = DIRECTION('',(1.,0.,0.));
#2147 = PCURVE('',#1822,#2148);
#2148 = DEFINITIONAL_REPRESENTATION('',(#2149),#2153);
#2149 = LINE('',#2150,#2151);
#2150 = CARTESIAN_POINT('',(-4.795831523313,11.));
#2151 = VECTOR('',#2152,1.);
#2152 = DIRECTION('',(1.,0.));
#2153 = ( GEOMETRIC_REPRESENTATION_CONTEXT(2) 
PARAMETRIC_REPRESENTATION_CONTEXT() REPRESENTATION_CONTEXT('2D SPACE',''
  ) );
#2154 = PCURVE('',#2016,#2155);
#2155 = DEFINITIONAL_REPRESENTATION('',(#2156),#2160);
#2156 = LINE('',#2157,#2158);
#2157 = CARTESIAN_POINT('',(4.712388980385,105.20416847668));
#2158 = VECTOR('',#2159,1.);
#2159 = DIRECTION('',(0.,1.));
#2160 = ( GEOMETRIC_REPRESENTATION_CONTEXT(2) 
PARAMETRIC_REPRESENTATION_CONTEXT() REPRESENTATION_CONTEXT('2D SPACE',''
  ) );
#2161 = ORIENTED_EDGE('',*,*,#2162,.F.);
#2162 = EDGE_CURVE('',#2163,#2140,#2165,.T.);
#2163 = VERTEX_POINT('',#2164);
#2164 = CARTESIAN_POINT('',(56.,-31.1833461736,349.));
#2165 = SURFACE_CURVE('',#2166,(#2170,#2176),.PCURVE_S1.);
#2166 = LINE('',#2167,#2168);
#2167 = CARTESIAN_POINT('',(56.,-42.,349.));
#2168 = VECTOR('',#2169,1.);
#2169 = DIRECTION('',(0.,1.,0.));
#2170 = PCURVE('',#1822,#2171);
#2171 = DEFINITIONAL_REPRESENTATION('',(#2172),#2175);
#2172 = B_SPLINE_CURVE_WITH_KNOTS('',1,(#2173,#2174),.UNSPECIFIED.,.F.,
  .F.,(2,2),(-11.,11.),.PIECEWISE_BEZIER_KNOTS.);
#2173 = CARTESIAN_POINT('',(2.,-11.));
#2174 = CARTESIAN_POINT('',(2.,11.));
#2175 = ( GEOMETRIC_REPRESENTATION_CONTEXT(2) 
PARAMETRIC_REPRESENTATION_CONTEXT() REPRESENTATION_CONTEXT('2D SPACE',''
  ) );
#2176 = PCURVE('',#2177,#2182);
#2177 = PLANE('',#2178);
#2178 = AXIS2_PLACEMENT_3D('',#2179,#2180,#2181);
#2179 = CARTESIAN_POINT('',(56.,-42.,349.));
#2180 = DIRECTION('',(1.,0.,0.));
#2181 = DIRECTION('',(-0.,0.,1.));
#2182 = DEFINITIONAL_REPRESENTATION('',(#2183),#2186);
#2183 = B_SPLINE_CURVE_WITH_KNOTS('',1,(#2184,#2185),.UNSPECIFIED.,.F.,
  .F.,(2,2),(-11.,11.),.PIECEWISE_BEZIER_KNOTS.);
#2184 = CARTESIAN_POINT('',(0.,11.));
#2185 = CARTESIAN_POINT('',(0.,-11.));
#2186 = ( GEOMETRIC_REPRESENTATION_CONTEXT(2) 
PARAMETRIC_REPRESENTATION_CONTEXT() REPRESENTATION_CONTEXT('2D SPACE',''
  ) );
#2187 = ORIENTED_EDGE('',*,*,#2188,.T.);
#2188 = EDGE_CURVE('',#2163,#2189,#2191,.T.);
#2189 = VERTEX_POINT('',#2190);
#2190 = CARTESIAN_POINT('',(56.,-52.81665382639,349.));
#2191 = SURFACE_CURVE('',#2192,(#2197,#2208),.PCURVE_S1.);
#2192 = CIRCLE('',#2193,11.);
#2193 = AXIS2_PLACEMENT_3D('',#2194,#2195,#2196);
#2194 = CARTESIAN_POINT('',(54.,-42.,349.));
#2195 = DIRECTION('',(0.,0.,-1.));
#2196 = DIRECTION('',(0.181818181818,0.983332166036,0.));
#2197 = PCURVE('',#1822,#2198);
#2198 = DEFINITIONAL_REPRESENTATION('',(#2199),#2207);
#2199 = ( BOUNDED_CURVE() B_SPLINE_CURVE(2,(#2200,#2201,#2202,#2203,
#2204,#2205,#2206),.UNSPECIFIED.,.T.,.F.) B_SPLINE_CURVE_WITH_KNOTS((1,2
    ,2,2,2,1),(-2.094395102393,0.,2.094395102393,4.188790204786,
6.28318530718,8.377580409573),.UNSPECIFIED.) CURVE() 
GEOMETRIC_REPRESENTATION_ITEM() RATIONAL_B_SPLINE_CURVE((1.,0.5,1.,0.5,
1.,0.5,1.)) REPRESENTATION_ITEM('') );
#2200 = CARTESIAN_POINT('',(2.,10.816653826392));
#2201 = CARTESIAN_POINT('',(20.734993995195,7.352552211254));
#2202 = CARTESIAN_POINT('',(8.367496997598,-7.140377720765));
#2203 = CARTESIAN_POINT('',(-4.,-21.63330765278));
#2204 = CARTESIAN_POINT('',(-10.36749699759,-3.676276105627));
#2205 = CARTESIAN_POINT('',(-16.73499399519,14.28075544153));
#2206 = CARTESIAN_POINT('',(2.,10.816653826392));
#2207 = ( GEOMETRIC_REPRESENTATION_CONTEXT(2) 
PARAMETRIC_REPRESENTATION_CONTEXT() REPRESENTATION_CONTEXT('2D SPACE',''
  ) );
#2208 = PCURVE('',#2209,#2214);
#2209 = SPHERICAL_SURFACE('',#2210,11.);
#2210 = AXIS2_PLACEMENT_3D('',#2211,#2212,#2213);
#2211 = CARTESIAN_POINT('',(54.,-42.,349.));
#2212 = DIRECTION('',(0.,0.,1.));
#2213 = DIRECTION('',(1.,0.,-0.));
#2214 = DEFINITIONAL_REPRESENTATION('',(#2215),#2219);
#2215 = LINE('',#2216,#2217);
#2216 = CARTESIAN_POINT('',(7.671146496982,0.));
#2217 = VECTOR('',#2218,1.);
#2218 = DIRECTION('',(-1.,-0.));
#2219 = ( GEOMETRIC_REPRESENTATION_CONTEXT(2) 
PARAMETRIC_REPRESENTATION_CONTEXT() REPRESENTATION_CONTEXT('2D SPACE',''
  ) );
#2220 = ORIENTED_EDGE('',*,*,#2221,.F.);
#2221 = EDGE_CURVE('',#2222,#2189,#2224,.T.);
#2222 = VERTEX_POINT('',#2223);
#2223 = CARTESIAN_POINT('',(56.,-53.,349.));
#2224 = SURFACE_CURVE('',#2225,(#2229,#2235),.PCURVE_S1.);
#2225 = LINE('',#2226,#2227);
#2226 = CARTESIAN_POINT('',(56.,-42.,349.));
#2227 = VECTOR('',#2228,1.);
#2228 = DIRECTION('',(0.,1.,0.));
#2229 = PCURVE('',#1822,#2230);
#2230 = DEFINITIONAL_REPRESENTATION('',(#2231),#2234);
#2231 = B_SPLINE_CURVE_WITH_KNOTS('',1,(#2232,#2233),.UNSPECIFIED.,.F.,
  .F.,(2,2),(-11.,11.),.PIECEWISE_BEZIER_KNOTS.);
#2232 = CARTESIAN_POINT('',(2.,-11.));
#2233 = CARTESIAN_POINT('',(2.,11.));
#2234 = ( GEOMETRIC_REPRESENTATION_CONTEXT(2) 
PARAMETRIC_REPRESENTATION_CONTEXT() REPRESENTATION_CONTEXT('2D SPACE',''
  ) );
#2235 = PCURVE('',#2177,#2236);
#2236 = DEFINITIONAL_REPRESENTATION('',(#2237),#2240);
#2237 = B_SPLINE_CURVE_WITH_KNOTS('',1,(#2238,#2239),.UNSPECIFIED.,.F.,
  .F.,(2,2),(-11.,11.),.PIECEWISE_BEZIER_KNOTS.);
#2238 = CARTESIAN_POINT('',(0.,11.));
#2239 = CARTESIAN_POINT('',(0.,-11.));
#2240 = ( GEOMETRIC_REPRESENTATION_CONTEXT(2) 
PARAMETRIC_REPRESENTATION_CONTEXT() REPRESENTATION_CONTEXT('2D SPACE',''
  ) );
#2241 = ORIENTED_EDGE('',*,*,#2242,.T.);
#2242 = EDGE_CURVE('',#2222,#1806,#2243,.T.);
#2243 = SURFACE_CURVE('',#2244,(#2248,#2255),.PCURVE_S1.);
#2244 = LINE('',#2245,#2246);
#2245 = CARTESIAN_POINT('',(56.,-53.,349.));
#2246 = VECTOR('',#2247,1.);
#2247 = DIRECTION('',(-1.,0.,0.));
#2248 = PCURVE('',#1822,#2249);
#2249 = DEFINITIONAL_REPRESENTATION('',(#2250),#2254);
#2250 = LINE('',#2251,#2252);
#2251 = CARTESIAN_POINT('',(2.,-11.));
#2252 = VECTOR('',#2253,1.);
#2253 = DIRECTION('',(-1.,0.));
#2254 = ( GEOMETRIC_REPRESENTATION_CONTEXT(2) 
PARAMETRIC_REPRESENTATION_CONTEXT() REPRESENTATION_CONTEXT('2D SPACE',''
  ) );
#2255 = PCURVE('',#2016,#2256);
#2256 = DEFINITIONAL_REPRESENTATION('',(#2257),#2261);
#2257 = LINE('',#2258,#2259);
#2258 = CARTESIAN_POINT('',(1.570796326795,112.));
#2259 = VECTOR('',#2260,1.);
#2260 = DIRECTION('',(-0.,-1.));
#2261 = ( GEOMETRIC_REPRESENTATION_CONTEXT(2) 
PARAMETRIC_REPRESENTATION_CONTEXT() REPRESENTATION_CONTEXT('2D SPACE',''
  ) );
#2262 = ADVANCED_FACE('',(#2263),#2016,.T.);
#2263 = FACE_BOUND('',#2264,.T.);
#2264 = EDGE_LOOP('',(#2265,#2266,#2290,#2313,#2342,#2370,#2521,#2688,
    #2711,#2733,#2734,#2756,#2757));
#2265 = ORIENTED_EDGE('',*,*,#2242,.F.);
#2266 = ORIENTED_EDGE('',*,*,#2267,.F.);
#2267 = EDGE_CURVE('',#2268,#2222,#2270,.T.);
#2268 = VERTEX_POINT('',#2269);
#2269 = CARTESIAN_POINT('',(56.,-42.,360.));
#2270 = SURFACE_CURVE('',#2271,(#2276,#2283),.PCURVE_S1.);
#2271 = CIRCLE('',#2272,11.);
#2272 = AXIS2_PLACEMENT_3D('',#2273,#2274,#2275);
#2273 = CARTESIAN_POINT('',(56.,-42.,349.));
#2274 = DIRECTION('',(1.,0.,0.));
#2275 = DIRECTION('',(-0.,0.,1.));
#2276 = PCURVE('',#2016,#2277);
#2277 = DEFINITIONAL_REPRESENTATION('',(#2278),#2282);
#2278 = LINE('',#2279,#2280);
#2279 = CARTESIAN_POINT('',(0.,112.));
#2280 = VECTOR('',#2281,1.);
#2281 = DIRECTION('',(1.,0.));
#2282 = ( GEOMETRIC_REPRESENTATION_CONTEXT(2) 
PARAMETRIC_REPRESENTATION_CONTEXT() REPRESENTATION_CONTEXT('2D SPACE',''
  ) );
#2283 = PCURVE('',#2177,#2284);
#2284 = DEFINITIONAL_REPRESENTATION('',(#2285),#2289);
#2285 = CIRCLE('',#2286,11.);
#2286 = AXIS2_PLACEMENT_2D('',#2287,#2288);
#2287 = CARTESIAN_POINT('',(0.,0.));
#2288 = DIRECTION('',(1.,0.));
#2289 = ( GEOMETRIC_REPRESENTATION_CONTEXT(2) 
PARAMETRIC_REPRESENTATION_CONTEXT() REPRESENTATION_CONTEXT('2D SPACE',''
  ) );
#2290 = ORIENTED_EDGE('',*,*,#2291,.T.);
#2291 = EDGE_CURVE('',#2268,#2292,#2294,.T.);
#2292 = VERTEX_POINT('',#2293);
#2293 = CARTESIAN_POINT('',(-56.,-42.,360.));
#2294 = SEAM_CURVE('',#2295,(#2299,#2306),.PCURVE_S1.);
#2295 = LINE('',#2296,#2297);
#2296 = CARTESIAN_POINT('',(56.,-42.,360.));
#2297 = VECTOR('',#2298,1.);
#2298 = DIRECTION('',(-1.,0.,0.));
#2299 = PCURVE('',#2016,#2300);
#2300 = DEFINITIONAL_REPRESENTATION('',(#2301),#2305);
#2301 = LINE('',#2302,#2303);
#2302 = CARTESIAN_POINT('',(0.,112.));
#2303 = VECTOR('',#2304,1.);
#2304 = DIRECTION('',(-0.,-1.));
#2305 = ( GEOMETRIC_REPRESENTATION_CONTEXT(2) 
PARAMETRIC_REPRESENTATION_CONTEXT() REPRESENTATION_CONTEXT('2D SPACE',''
  ) );
#2306 = PCURVE('',#2016,#2307);
#2307 = DEFINITIONAL_REPRESENTATION('',(#2308),#2312);
#2308 = LINE('',#2309,#2310);
#2309 = CARTESIAN_POINT('',(6.28318530718,112.));
#2310 = VECTOR('',#2311,1.);
#2311 = DIRECTION('',(-0.,-1.));
#2312 = ( GEOMETRIC_REPRESENTATION_CONTEXT(2) 
PARAMETRIC_REPRESENTATION_CONTEXT() REPRESENTATION_CONTEXT('2D SPACE',''
  ) );
#2313 = ORIENTED_EDGE('',*,*,#2314,.T.);
#2314 = EDGE_CURVE('',#2292,#2315,#2317,.T.);
#2315 = VERTEX_POINT('',#2316);
#2316 = CARTESIAN_POINT('',(-56.,-53.,349.));
#2317 = SURFACE_CURVE('',#2318,(#2323,#2330),.PCURVE_S1.);
#2318 = CIRCLE('',#2319,11.);
#2319 = AXIS2_PLACEMENT_3D('',#2320,#2321,#2322);
#2320 = CARTESIAN_POINT('',(-56.,-42.,349.));
#2321 = DIRECTION('',(1.,0.,0.));
#2322 = DIRECTION('',(-0.,0.,1.));
#2323 = PCURVE('',#2016,#2324);
#2324 = DEFINITIONAL_REPRESENTATION('',(#2325),#2329);
#2325 = LINE('',#2326,#2327);
#2326 = CARTESIAN_POINT('',(0.,0.));
#2327 = VECTOR('',#2328,1.);
#2328 = DIRECTION('',(1.,0.));
#2329 = ( GEOMETRIC_REPRESENTATION_CONTEXT(2) 
PARAMETRIC_REPRESENTATION_CONTEXT() REPRESENTATION_CONTEXT('2D SPACE',''
  ) );
#2330 = PCURVE('',#2331,#2336);
#2331 = PLANE('',#2332);
#2332 = AXIS2_PLACEMENT_3D('',#2333,#2334,#2335);
#2333 = CARTESIAN_POINT('',(-56.,-42.,349.));
#2334 = DIRECTION('',(1.,0.,0.));
#2335 = DIRECTION('',(-0.,0.,1.));
#2336 = DEFINITIONAL_REPRESENTATION('',(#2337),#2341);
#2337 = CIRCLE('',#2338,11.);
#2338 = AXIS2_PLACEMENT_2D('',#2339,#2340);
#2339 = CARTESIAN_POINT('',(0.,0.));
#2340 = DIRECTION('',(1.,0.));
#2341 = ( GEOMETRIC_REPRESENTATION_CONTEXT(2) 
PARAMETRIC_REPRESENTATION_CONTEXT() REPRESENTATION_CONTEXT('2D SPACE',''
  ) );
#2342 = ORIENTED_EDGE('',*,*,#2343,.T.);
#2343 = EDGE_CURVE('',#2315,#2344,#2346,.T.);
#2344 = VERTEX_POINT('',#2345);
#2345 = CARTESIAN_POINT('',(-49.20416847668,-53.,349.));
#2346 = SURFACE_CURVE('',#2347,(#2351,#2358),.PCURVE_S1.);
#2347 = LINE('',#2348,#2349);
#2348 = CARTESIAN_POINT('',(-56.,-53.,349.));
#2349 = VECTOR('',#2350,1.);
#2350 = DIRECTION('',(1.,-1.045556725947E-15,0.));
#2351 = PCURVE('',#2016,#2352);
#2352 = DEFINITIONAL_REPRESENTATION('',(#2353),#2357);
#2353 = LINE('',#2354,#2355);
#2354 = CARTESIAN_POINT('',(1.570796326795,0.));
#2355 = VECTOR('',#2356,1.);
#2356 = DIRECTION('',(0.,1.));
#2357 = ( GEOMETRIC_REPRESENTATION_CONTEXT(2) 
PARAMETRIC_REPRESENTATION_CONTEXT() REPRESENTATION_CONTEXT('2D SPACE',''
  ) );
#2358 = PCURVE('',#2359,#2364);
#2359 = PLANE('',#2360);
#2360 = AXIS2_PLACEMENT_3D('',#2361,#2362,#2363);
#2361 = CARTESIAN_POINT('',(-54.,-42.,349.));
#2362 = DIRECTION('',(0.,0.,1.));
#2363 = DIRECTION('',(1.,0.,-0.));
#2364 = DEFINITIONAL_REPRESENTATION('',(#2365),#2369);
#2365 = LINE('',#2366,#2367);
#2366 = CARTESIAN_POINT('',(-2.,-11.));
#2367 = VECTOR('',#2368,1.);
#2368 = DIRECTION('',(1.,-1.045556725947E-15));
#2369 = ( GEOMETRIC_REPRESENTATION_CONTEXT(2) 
PARAMETRIC_REPRESENTATION_CONTEXT() REPRESENTATION_CONTEXT('2D SPACE',''
  ) );
#2370 = ORIENTED_EDGE('',*,*,#2371,.T.);
#2371 = EDGE_CURVE('',#2344,#2372,#2374,.T.);
#2372 = VERTEX_POINT('',#2373);
#2373 = CARTESIAN_POINT('',(-42.,-42.,338.));
#2374 = SURFACE_CURVE('',#2375,(#2420,#2468),.PCURVE_S1.);
#2375 = B_SPLINE_CURVE_WITH_KNOTS('',8,(#2376,#2377,#2378,#2379,#2380,
    #2381,#2382,#2383,#2384,#2385,#2386,#2387,#2388,#2389,#2390,#2391,
    #2392,#2393,#2394,#2395,#2396,#2397,#2398,#2399,#2400,#2401,#2402,
    #2403,#2404,#2405,#2406,#2407,#2408,#2409,#2410,#2411,#2412,#2413,
    #2414,#2415,#2416,#2417,#2418,#2419),.UNSPECIFIED.,.F.,.F.,(9,7,7,7,
    7,7,9),(0.,0.128933065596,0.392648137343,0.703149241067,
    0.807864513467,0.886752024209,1.),.UNSPECIFIED.);
#2376 = CARTESIAN_POINT('',(-49.20416847668,-53.,349.0000006));
#2377 = CARTESIAN_POINT('',(-49.20416851069,-53.00000001482,
    348.72819297923));
#2378 = CARTESIAN_POINT('',(-49.18656298539,-52.99232378163,
    348.45823284193));
#2379 = CARTESIAN_POINT('',(-49.15177058505,-52.97715601465,
    348.19029841036));
#2380 = CARTESIAN_POINT('',(-49.10063240151,-52.95467234495,
    347.92466904332));
#2381 = CARTESIAN_POINT('',(-49.03442677263,-52.92507753099,
    347.66184514453));
#2382 = CARTESIAN_POINT('',(-48.9548723186,-52.88867442771,
    347.40264721058));
#2383 = CARTESIAN_POINT('',(-48.86411917598,-52.84596371438,
    347.14829401828));
#2384 = CARTESIAN_POINT('',(-48.56143815904,-52.69920964573,
    346.39354903307));
#2385 = CARTESIAN_POINT('',(-48.31776517565,-52.57566268371,
    345.90331701077));
#2386 = CARTESIAN_POINT('',(-48.04594174945,-52.42911436412,
    345.42853321235));
#2387 = CARTESIAN_POINT('',(-47.75636558972,-52.26105807009,
    344.96917849549));
#2388 = CARTESIAN_POINT('',(-47.4560750692,-52.07285922858,
    344.52465802547));
#2389 = CARTESIAN_POINT('',(-47.14877511742,-51.86478083294,
    344.09294081039));
#2390 = CARTESIAN_POINT('',(-46.83546973238,-51.63519643635,
    343.67066718825));
#2391 = CARTESIAN_POINT('',(-46.13888829172,-51.07937957733,
    342.76334125209));
#2392 = CARTESIAN_POINT('',(-45.75880597851,-50.74781117826,
    342.28792577423));
#2393 = CARTESIAN_POINT('',(-45.3782750385,-50.38306897053,
    341.82549663466));
#2394 = CARTESIAN_POINT('',(-44.9994126725,-49.9820547775,
    341.37538084841));
#2395 = CARTESIAN_POINT('',(-44.62491225503,-49.54106427938,
    340.93838544315));
#2396 = CARTESIAN_POINT('',(-44.25847203644,-49.05606603759,
    340.51699376583));
#2397 = CARTESIAN_POINT('',(-43.90520465708,-48.5229214485,
    340.11548138487));
#2398 = CARTESIAN_POINT('',(-43.45965730206,-47.74044797036,
    339.61372219734));
#2399 = CARTESIAN_POINT('',(-43.34946089974,-47.53699496474,
    339.49004097073));
#2400 = CARTESIAN_POINT('',(-43.24168971993,-47.32722697543,
    339.36945800688));
#2401 = CARTESIAN_POINT('',(-43.13663307625,-47.11095217132,
    339.25224909293));
#2402 = CARTESIAN_POINT('',(-43.03461399926,-46.88798713576,
    339.13872843803));
#2403 = CARTESIAN_POINT('',(-42.93599068729,-46.65815965282,
    339.02924990702));
#2404 = CARTESIAN_POINT('',(-42.84115795715,-46.42131149359,
    338.92420825411));
#2405 = CARTESIAN_POINT('',(-42.68228798209,-45.99347544308,
    338.74857862203));
#2406 = CARTESIAN_POINT('',(-42.61640355643,-45.80552925424,
    338.67586009067));
#2407 = CARTESIAN_POINT('',(-42.55312104964,-45.61350006557,
    338.60611658613));
#2408 = CARTESIAN_POINT('',(-42.49266722845,-45.41743256833,
    338.53958090774));
#2409 = CARTESIAN_POINT('',(-42.43526985973,-45.21737872349,
    338.47648695181));
#2410 = CARTESIAN_POINT('',(-42.38115757562,-45.01339776979,
    338.41706983295));
#2411 = CARTESIAN_POINT('',(-42.33055973868,-44.8055562319,
    338.36156600527));
#2412 = CARTESIAN_POINT('',(-42.2164452633,-44.29012220868,
    338.23649347051));
#2413 = CARTESIAN_POINT('',(-42.15677369759,-43.97793932947,
    338.17118957915));
#2414 = CARTESIAN_POINT('',(-42.10566169657,-43.6586188742,
    338.11532254969));
#2415 = CARTESIAN_POINT('',(-42.06390300413,-43.3334284144,
    338.06972308479));
#2416 = CARTESIAN_POINT('',(-42.0321131606,-43.00365819646,
    338.03503246196));
#2417 = CARTESIAN_POINT('',(-42.01072764213,-42.67061582826,
    338.01170324576));
#2418 = CARTESIAN_POINT('',(-42.,-42.33562096583,338.));
#2419 = CARTESIAN_POINT('',(-42.,-42.,338.));
#2420 = PCURVE('',#2016,#2421);
#2421 = DEFINITIONAL_REPRESENTATION('',(#2422),#2467);
#2422 = B_SPLINE_CURVE_WITH_KNOTS('',8,(#2423,#2424,#2425,#2426,#2427,
    #2428,#2429,#2430,#2431,#2432,#2433,#2434,#2435,#2436,#2437,#2438,
    #2439,#2440,#2441,#2442,#2443,#2444,#2445,#2446,#2447,#2448,#2449,
    #2450,#2451,#2452,#2453,#2454,#2455,#2456,#2457,#2458,#2459,#2460,
    #2461,#2462,#2463,#2464,#2465,#2466),.UNSPECIFIED.,.F.,.F.,(9,7,7,7,
    7,7,9),(0.,0.128933065596,0.392648137343,0.703149241067,
    0.807864513467,0.886752024209,1.),.UNSPECIFIED.);
#2423 = CARTESIAN_POINT('',(1.570796272249,6.795831523313));
#2424 = CARTESIAN_POINT('',(1.595506055956,6.795831489307));
#2425 = CARTESIAN_POINT('',(1.620047866225,6.813437014604));
#2426 = CARTESIAN_POINT('',(1.644428588846,6.848229414946));
#2427 = CARTESIAN_POINT('',(1.668644322731,6.899367598489));
#2428 = CARTESIAN_POINT('',(1.692670206139,6.965573227361));
#2429 = CARTESIAN_POINT('',(1.716450594349,7.045127681393));
#2430 = CARTESIAN_POINT('',(1.739889588762,7.135880824019));
#2431 = CARTESIAN_POINT('',(1.809787788018,7.438561840953));
#2432 = CARTESIAN_POINT('',(1.855678774194,7.682234824341));
#2433 = CARTESIAN_POINT('',(1.900747804537,7.954058250543));
#2434 = CARTESIAN_POINT('',(1.945099303677,8.243634410276));
#2435 = CARTESIAN_POINT('',(1.988877057764,8.543924930797));
#2436 = CARTESIAN_POINT('',(2.032358479981,8.851224882574));
#2437 = CARTESIAN_POINT('',(2.075995667527,9.164530267612));
#2438 = CARTESIAN_POINT('',(2.17272621836,9.861111708272));
#2439 = CARTESIAN_POINT('',(2.225325953384,10.241194021486));
#2440 = CARTESIAN_POINT('',(2.278712364661,10.62172496149));
#2441 = CARTESIAN_POINT('',(2.333313290207,11.000587327492));
#2442 = CARTESIAN_POINT('',(2.389521628268,11.375087744965));
#2443 = CARTESIAN_POINT('',(2.447700208803,11.741527963551));
#2444 = CARTESIAN_POINT('',(2.508203293616,12.094795342915));
#2445 = CARTESIAN_POINT('',(2.592706070052,12.540342697937));
#2446 = CARTESIAN_POINT('',(2.614345013984,12.65053910026));
#2447 = CARTESIAN_POINT('',(2.636329957331,12.758310280063));
#2448 = CARTESIAN_POINT('',(2.658678674248,12.863366923745));
#2449 = CARTESIAN_POINT('',(2.681408691231,12.965386000732));
#2450 = CARTESIAN_POINT('',(2.704537453404,13.064009312709));
#2451 = CARTESIAN_POINT('',(2.728082490798,13.158842042846));
#2452 = CARTESIAN_POINT('',(2.770126294577,13.317712017905));
#2453 = CARTESIAN_POINT('',(2.788442822071,13.383596443568));
#2454 = CARTESIAN_POINT('',(2.807009004615,13.446878950351));
#2455 = CARTESIAN_POINT('',(2.825823077924,13.507332771541));
#2456 = CARTESIAN_POINT('',(2.844883712652,13.564730140265));
#2457 = CARTESIAN_POINT('',(2.864190051104,13.618842424373));
#2458 = CARTESIAN_POINT('',(2.883741743956,13.66944026132));
#2459 = CARTESIAN_POINT('',(2.931959172584,13.783554736694));
#2460 = CARTESIAN_POINT('',(2.960939048715,13.843226302409));
#2461 = CARTESIAN_POINT('',(2.990382115942,13.894338303427));
#2462 = CARTESIAN_POINT('',(3.020199422702,13.936096995867));
#2463 = CARTESIAN_POINT('',(3.050307716444,13.967886839393));
#2464 = CARTESIAN_POINT('',(3.080627594792,13.989272357868));
#2465 = CARTESIAN_POINT('',(3.111081656696,14.));
#2466 = CARTESIAN_POINT('',(3.14159265359,14.));
#2467 = ( GEOMETRIC_REPRESENTATION_CONTEXT(2) 
PARAMETRIC_REPRESENTATION_CONTEXT() REPRESENTATION_CONTEXT('2D SPACE',''
  ) );
#2468 = PCURVE('',#2469,#2474);
#2469 = CYLINDRICAL_SURFACE('',#2470,12.);
#2470 = AXIS2_PLACEMENT_3D('',#2471,#2472,#2473);
#2471 = CARTESIAN_POINT('',(-54.,-42.,294.));
#2472 = DIRECTION('',(0.,0.,1.));
#2473 = DIRECTION('',(1.,0.,-0.));
#2474 = DEFINITIONAL_REPRESENTATION('',(#2475),#2520);
#2475 = B_SPLINE_CURVE_WITH_KNOTS('',8,(#2476,#2477,#2478,#2479,#2480,
    #2481,#2482,#2483,#2484,#2485,#2486,#2487,#2488,#2489,#2490,#2491,
    #2492,#2493,#2494,#2495,#2496,#2497,#2498,#2499,#2500,#2501,#2502,
    #2503,#2504,#2505,#2506,#2507,#2508,#2509,#2510,#2511,#2512,#2513,
    #2514,#2515,#2516,#2517,#2518,#2519),.UNSPECIFIED.,.F.,.F.,(9,7,7,7,
    7,7,9),(0.,0.128933065596,0.392648137343,0.703149241067,
    0.807864513467,0.886752024209,1.),.UNSPECIFIED.);
#2476 = CARTESIAN_POINT('',(5.123526842707,55.0000006));
#2477 = CARTESIAN_POINT('',(5.123526839616,54.728192979233));
#2478 = CARTESIAN_POINT('',(5.125127333059,54.458232841936));
#2479 = CARTESIAN_POINT('',(5.128290303339,54.190298410369));
#2480 = CARTESIAN_POINT('',(5.132945463976,53.924669043321));
#2481 = CARTESIAN_POINT('',(5.138988418081,53.66184514453));
#2482 = CARTESIAN_POINT('',(5.146278507543,53.402647210583));
#2483 = CARTESIAN_POINT('',(5.154636355027,53.148294018285));
#2484 = CARTESIAN_POINT('',(5.182668151789,52.393549033076));
#2485 = CARTESIAN_POINT('',(5.205431540541,51.903317010777));
#2486 = CARTESIAN_POINT('',(5.231152185406,51.428533212356));
#2487 = CARTESIAN_POINT('',(5.259024090932,50.969178495494));
#2488 = CARTESIAN_POINT('',(5.288521465439,50.524658025474));
#2489 = CARTESIAN_POINT('',(5.319413850783,50.092940810393));
#2490 = CARTESIAN_POINT('',(5.351754788494,49.670667188258));
#2491 = CARTESIAN_POINT('',(5.426017744913,48.763341252098));
#2492 = CARTESIAN_POINT('',(5.468009066984,48.287925774237));
#2493 = CARTESIAN_POINT('',(5.511852527063,47.825496634664));
#2494 = CARTESIAN_POINT('',(5.557707688722,47.375380848414));
#2495 = CARTESIAN_POINT('',(5.605774276121,46.938385443153));
#2496 = CARTESIAN_POINT('',(5.656275420334,46.516993765838));
#2497 = CARTESIAN_POINT('',(5.70945073088,46.115481384877));
#2498 = CARTESIAN_POINT('',(5.784486703251,45.613722197342));
#2499 = CARTESIAN_POINT('',(5.803763956402,45.490040970734));
#2500 = CARTESIAN_POINT('',(5.82340886326,45.369458006886));
#2501 = CARTESIAN_POINT('',(5.843435309707,45.252249092939));
#2502 = CARTESIAN_POINT('',(5.863857090843,45.138728438039));
#2503 = CARTESIAN_POINT('',(5.884687991895,45.029249907023));
#2504 = CARTESIAN_POINT('',(5.905941869118,44.924208254113));
#2505 = CARTESIAN_POINT('',(5.943973595192,44.748578622031));
#2506 = CARTESIAN_POINT('',(5.960567418214,44.675860090675));
#2507 = CARTESIAN_POINT('',(5.977411380894,44.606116586136));
#2508 = CARTESIAN_POINT('',(5.994502926385,44.539580907742));
#2509 = CARTESIAN_POINT('',(6.011839793744,44.476486951818));
#2510 = CARTESIAN_POINT('',(6.029420051817,44.417069832953));
#2511 = CARTESIAN_POINT('',(6.04724213312,44.361566005272));
#2512 = CARTESIAN_POINT('',(6.091235057565,44.236493470515));
#2513 = CARTESIAN_POINT('',(6.117710160879,44.171189579155));
#2514 = CARTESIAN_POINT('',(6.144638302913,44.115322549692));
#2515 = CARTESIAN_POINT('',(6.171933409665,44.069723084796));
#2516 = CARTESIAN_POINT('',(6.199513784257,44.035032461969));
#2517 = CARTESIAN_POINT('',(6.227300683316,44.011703245762));
#2518 = CARTESIAN_POINT('',(6.25521689336,44.));
#2519 = CARTESIAN_POINT('',(6.28318530718,44.));
#2520 = ( GEOMETRIC_REPRESENTATION_CONTEXT(2) 
PARAMETRIC_REPRESENTATION_CONTEXT() REPRESENTATION_CONTEXT('2D SPACE',''
  ) );
#2521 = ORIENTED_EDGE('',*,*,#2522,.T.);
#2522 = EDGE_CURVE('',#2372,#2523,#2525,.T.);
#2523 = VERTEX_POINT('',#2524);
#2524 = CARTESIAN_POINT('',(-49.20416847668,-31.,349.));
#2525 = SURFACE_CURVE('',#2526,(#2578,#2633),.PCURVE_S1.);
#2526 = B_SPLINE_CURVE_WITH_KNOTS('',8,(#2527,#2528,#2529,#2530,#2531,
    #2532,#2533,#2534,#2535,#2536,#2537,#2538,#2539,#2540,#2541,#2542,
    #2543,#2544,#2545,#2546,#2547,#2548,#2549,#2550,#2551,#2552,#2553,
    #2554,#2555,#2556,#2557,#2558,#2559,#2560,#2561,#2562,#2563,#2564,
    #2565,#2566,#2567,#2568,#2569,#2570,#2571,#2572,#2573,#2574,#2575,
    #2576,#2577),.UNSPECIFIED.,.F.,.F.,(9,7,7,7,7,7,7,9),(0.,
    0.113826725843,0.191930108171,0.2985998465,0.606755139899,
    0.834375124685,0.905791285108,1.),.UNSPECIFIED.);
#2527 = CARTESIAN_POINT('',(-42.,-42.,338.));
#2528 = CARTESIAN_POINT('',(-42.,-41.66284200075,338.));
#2529 = CARTESIAN_POINT('',(-42.01082611973,-41.32633802656,
    338.01181069564));
#2530 = CARTESIAN_POINT('',(-42.03240514562,-40.99182459642,
    338.03535100188));
#2531 = CARTESIAN_POINT('',(-42.06447817586,-40.66063118956,
    338.07035073869));
#2532 = CARTESIAN_POINT('',(-42.10660255129,-40.33407483162,
    338.11634992106));
#2533 = CARTESIAN_POINT('',(-42.15815378624,-40.01345468081,
    338.17269804897));
#2534 = CARTESIAN_POINT('',(-42.21832749939,-39.70004661411,
    338.2385533974));
#2535 = CARTESIAN_POINT('',(-42.33267251418,-39.18585404748,
    338.36388385408));
#2536 = CARTESIAN_POINT('',(-42.38286108249,-38.98032234602,
    338.41894080164));
#2537 = CARTESIAN_POINT('',(-42.43648422394,-38.77857370521,
    338.47782263714));
#2538 = CARTESIAN_POINT('',(-42.49331972097,-38.58067213232,
    338.54030028253));
#2539 = CARTESIAN_POINT('',(-42.55314609223,-38.38667465201,
    338.60614597917));
#2540 = CARTESIAN_POINT('',(-42.61574272055,-38.1966313127,
    338.67513317346));
#2541 = CARTESIAN_POINT('',(-42.68088998112,-38.01058519301,
    338.74703640246));
#2542 = CARTESIAN_POINT('',(-42.84052938206,-37.57998834482,
    338.92350903822));
#2543 = CARTESIAN_POINT('',(-42.93707517042,-37.33883142174,
    339.0304467864));
#2544 = CARTESIAN_POINT('',(-43.03754934239,-37.10495233054,
    339.14198276618));
#2545 = CARTESIAN_POINT('',(-43.14153547027,-36.87818372538,
    339.25770063215));
#2546 = CARTESIAN_POINT('',(-43.24865649977,-36.65834326661,
    339.37722800467));
#2547 = CARTESIAN_POINT('',(-43.35857315886,-36.44523666448,
    339.50023512307));
#2548 = CARTESIAN_POINT('',(-43.47098236669,-36.23866072288,
    339.62643349889));
#2549 = CARTESIAN_POINT('',(-43.91677658171,-35.45989709055,
    340.12864667962));
#2550 = CARTESIAN_POINT('',(-44.26749263331,-34.93240813499,
    340.52739788437));
#2551 = CARTESIAN_POINT('',(-44.63106679494,-34.45218085682,
    340.94562478252));
#2552 = CARTESIAN_POINT('',(-45.00253419894,-34.01518298951,
    341.37918640551));
#2553 = CARTESIAN_POINT('',(-45.37829243742,-33.61748853434,
    341.82567382693));
#2554 = CARTESIAN_POINT('',(-45.75570809074,-33.25548964763,
    342.28429750162));
#2555 = CARTESIAN_POINT('',(-46.13270033861,-32.92616409068,
    342.75570056297));
#2556 = CARTESIAN_POINT('',(-46.78240644482,-32.40670889113,
    343.60124915492));
#2557 = CARTESIAN_POINT('',(-47.05451815294,-32.20437667865,
    343.96587561997));
#2558 = CARTESIAN_POINT('',(-47.32235541918,-32.01850774826,
    344.33752294656));
#2559 = CARTESIAN_POINT('',(-47.58500517374,-31.84804877098,
    344.71788850605));
#2560 = CARTESIAN_POINT('',(-47.84046144595,-31.69284091723,
    345.10832201213));
#2561 = CARTESIAN_POINT('',(-48.08507074485,-31.55337285353,
    345.50955388041));
#2562 = CARTESIAN_POINT('',(-48.31333488527,-31.43046828544,
    345.92177774989));
#2563 = CARTESIAN_POINT('',(-48.58279202741,-31.29210146959,
    346.47816390878));
#2564 = CARTESIAN_POINT('',(-48.64498043446,-31.26072774652,
    346.61239172805));
#2565 = CARTESIAN_POINT('',(-48.7047638509,-31.23107662364,
    346.7479512978));
#2566 = CARTESIAN_POINT('',(-48.7618927475,-31.20319670878,
    346.88483384388));
#2567 = CARTESIAN_POINT('',(-48.81610989617,-31.17713540563,
    347.02304112276));
#2568 = CARTESIAN_POINT('',(-48.867150871,-31.15294050086,
    347.16258544787));
#2569 = CARTESIAN_POINT('',(-48.91474454938,-31.13066175135,
    347.303489716));
#2570 = CARTESIAN_POINT('',(-49.01648354198,-31.0835614599,
    347.63349964089));
#2571 = CARTESIAN_POINT('',(-49.06802329367,-31.06012773264,
    347.82412638943));
#2572 = CARTESIAN_POINT('',(-49.11230107418,-31.04031544892,
    348.01699465925));
#2573 = CARTESIAN_POINT('',(-49.14855618487,-31.02429902112,
    348.21157831585));
#2574 = CARTESIAN_POINT('',(-49.17620081016,-31.01219339177,
    348.40746817148));
#2575 = CARTESIAN_POINT('',(-49.19481980775,-31.004075936,
    348.60434176277));
#2576 = CARTESIAN_POINT('',(-49.20416850146,-30.99999998919,
    348.80193284454));
#2577 = CARTESIAN_POINT('',(-49.20416847668,-31.,349.0000006));
#2578 = PCURVE('',#2016,#2579);
#2579 = DEFINITIONAL_REPRESENTATION('',(#2580),#2632);
#2580 = B_SPLINE_CURVE_WITH_KNOTS('',8,(#2581,#2582,#2583,#2584,#2585,
    #2586,#2587,#2588,#2589,#2590,#2591,#2592,#2593,#2594,#2595,#2596,
    #2597,#2598,#2599,#2600,#2601,#2602,#2603,#2604,#2605,#2606,#2607,
    #2608,#2609,#2610,#2611,#2612,#2613,#2614,#2615,#2616,#2617,#2618,
    #2619,#2620,#2621,#2622,#2623,#2624,#2625,#2626,#2627,#2628,#2629,
    #2630,#2631),.UNSPECIFIED.,.F.,.F.,(9,7,7,7,7,7,7,9),(0.,
    0.113826725843,0.191930108171,0.2985998465,0.606755139899,
    0.834375124685,0.905791285108,1.),.UNSPECIFIED.);
#2581 = CARTESIAN_POINT('',(3.14159265359,14.));
#2582 = CARTESIAN_POINT('',(3.172243380794,14.));
#2583 = CARTESIAN_POINT('',(3.202834633582,13.989173880261));
#2584 = CARTESIAN_POINT('',(3.233288842772,13.967594854371));
#2585 = CARTESIAN_POINT('',(3.263528273831,13.935521824131));
#2586 = CARTESIAN_POINT('',(3.293473157603,13.893397448702));
#2587 = CARTESIAN_POINT('',(3.32303982105,13.841846213751));
#2588 = CARTESIAN_POINT('',(3.352138817987,13.781672500601));
#2589 = CARTESIAN_POINT('',(3.400252124246,13.667327485816));
#2590 = CARTESIAN_POINT('',(3.419590633755,13.617138917503));
#2591 = CARTESIAN_POINT('',(3.438688786539,13.563515776059));
#2592 = CARTESIAN_POINT('',(3.457546259022,13.506680279022));
#2593 = CARTESIAN_POINT('',(3.476162241103,13.446853907769));
#2594 = CARTESIAN_POINT('',(3.494535471406,13.384257279444));
#2595 = CARTESIAN_POINT('',(3.512664272529,13.31911001888));
#2596 = CARTESIAN_POINT('',(3.554969366378,13.159470617936));
#2597 = CARTESIAN_POINT('',(3.578941837041,13.062924829575));
#2598 = CARTESIAN_POINT('',(3.602482792963,12.962450657608));
#2599 = CARTESIAN_POINT('',(3.625610757651,12.858464529721));
#2600 = CARTESIAN_POINT('',(3.648344165191,12.751343500221));
#2601 = CARTESIAN_POINT('',(3.670701541998,12.641426841134));
#2602 = CARTESIAN_POINT('',(3.692701688568,12.529017633309));
#2603 = CARTESIAN_POINT('',(3.776943120138,12.083223418283));
#2604 = CARTESIAN_POINT('',(3.836889615445,11.732507366684));
#2605 = CARTESIAN_POINT('',(3.894558248282,11.36893320506));
#2606 = CARTESIAN_POINT('',(3.950294779137,10.997465801059));
#2607 = CARTESIAN_POINT('',(4.004453425503,10.621707562571));
#2608 = CARTESIAN_POINT('',(4.057417336773,10.244291909254));
#2609 = CARTESIAN_POINT('',(4.109603482454,9.867299661383));
#2610 = CARTESIAN_POINT('',(4.199818383171,9.217593555177));
#2611 = CARTESIAN_POINT('',(4.237690436167,8.945481847053));
#2612 = CARTESIAN_POINT('',(4.275408896961,8.677644580814));
#2613 = CARTESIAN_POINT('',(4.313231944564,8.414994826251));
#2614 = CARTESIAN_POINT('',(4.351355465615,8.159538554047));
#2615 = CARTESIAN_POINT('',(4.38990782023,7.914929255142));
#2616 = CARTESIAN_POINT('',(4.428971537419,7.68666511473));
#2617 = CARTESIAN_POINT('',(4.481092735462,7.417207972584));
#2618 = CARTESIAN_POINT('',(4.493622901698,7.355019565534));
#2619 = CARTESIAN_POINT('',(4.506235710785,7.2952361491));
#2620 = CARTESIAN_POINT('',(4.518932416307,7.238107252492));
#2621 = CARTESIAN_POINT('',(4.531715397468,7.183890103823));
#2622 = CARTESIAN_POINT('',(4.544588152945,7.132849129));
#2623 = CARTESIAN_POINT('',(4.55755529475,7.085255450618));
#2624 = CARTESIAN_POINT('',(4.587860217295,6.983516458019));
#2625 = CARTESIAN_POINT('',(4.605317064705,6.931976706326));
#2626 = CARTESIAN_POINT('',(4.622936947101,6.887698925819));
#2627 = CARTESIAN_POINT('',(4.640678878604,6.851443815128));
#2628 = CARTESIAN_POINT('',(4.658513547001,6.823799189835));
#2629 = CARTESIAN_POINT('',(4.67642005428,6.805180192243));
#2630 = CARTESIAN_POINT('',(4.694382875343,6.795831498533));
#2631 = CARTESIAN_POINT('',(4.71238903493,6.795831523313));
#2632 = ( GEOMETRIC_REPRESENTATION_CONTEXT(2) 
PARAMETRIC_REPRESENTATION_CONTEXT() REPRESENTATION_CONTEXT('2D SPACE',''
  ) );
#2633 = PCURVE('',#2469,#2634);
#2634 = DEFINITIONAL_REPRESENTATION('',(#2635),#2687);
#2635 = B_SPLINE_CURVE_WITH_KNOTS('',8,(#2636,#2637,#2638,#2639,#2640,
    #2641,#2642,#2643,#2644,#2645,#2646,#2647,#2648,#2649,#2650,#2651,
    #2652,#2653,#2654,#2655,#2656,#2657,#2658,#2659,#2660,#2661,#2662,
    #2663,#2664,#2665,#2666,#2667,#2668,#2669,#2670,#2671,#2672,#2673,
    #2674,#2675,#2676,#2677,#2678,#2679,#2680,#2681,#2682,#2683,#2684,
    #2685,#2686),.UNSPECIFIED.,.F.,.F.,(9,7,7,7,7,7,7,9),(0.,
    0.113826725843,0.191930108171,0.2985998465,0.606755139899,
    0.834375124685,0.905791285108,1.),.UNSPECIFIED.);
#2636 = CARTESIAN_POINT('',(0.,44.));
#2637 = CARTESIAN_POINT('',(2.809649993737E-02,44.));
#2638 = CARTESIAN_POINT('',(5.613846736306E-02,44.011810695642));
#2639 = CARTESIAN_POINT('',(8.404841602696E-02,44.035351001883));
#2640 = CARTESIAN_POINT('',(0.111748743941,44.070350738696));
#2641 = CARTESIAN_POINT('',(0.139160294908,44.116349921063));
#2642 = CARTESIAN_POINT('',(0.166200920048,44.172698048971));
#2643 = CARTESIAN_POINT('',(0.19278403933,44.238553397404));
#2644 = CARTESIAN_POINT('',(0.236680127012,44.363883854085));
#2645 = CARTESIAN_POINT('',(0.254307249749,44.418940801641));
#2646 = CARTESIAN_POINT('',(0.271697449062,44.477822637144));
#2647 = CARTESIAN_POINT('',(0.288849222248,44.540300282533));
#2648 = CARTESIAN_POINT('',(0.305760718636,44.60614597917));
#2649 = CARTESIAN_POINT('',(0.322429772067,44.67513317346));
#2650 = CARTESIAN_POINT('',(0.338853933377,44.747036402463));
#2651 = CARTESIAN_POINT('',(0.377123661767,44.923509038224));
#2652 = CARTESIAN_POINT('',(0.398763551913,45.030446786407));
#2653 = CARTESIAN_POINT('',(0.419964982291,45.14198276618));
#2654 = CARTESIAN_POINT('',(0.440742598465,45.257700632154));
#2655 = CARTESIAN_POINT('',(0.461110970667,45.377228004674));
#2656 = CARTESIAN_POINT('',(0.481084681884,45.50023512307));
#2657 = CARTESIAN_POINT('',(0.500678415943,45.626433498894));
#2658 = CARTESIAN_POINT('',(0.575456108565,46.128646679625));
#2659 = CARTESIAN_POINT('',(0.62812484992,46.527397884375));
#2660 = CARTESIAN_POINT('',(0.67816907131,46.945624782518));
#2661 = CARTESIAN_POINT('',(0.725822159946,47.379186405522));
#2662 = CARTESIAN_POINT('',(0.771301365811,47.825673826932));
#2663 = CARTESIAN_POINT('',(0.814801070558,48.284297501626));
#2664 = CARTESIAN_POINT('',(0.856476335787,48.755700562975));
#2665 = CARTESIAN_POINT('',(0.925796032402,49.601249154923));
#2666 = CARTESIAN_POINT('',(0.954036231133,49.965875619971));
#2667 = CARTESIAN_POINT('',(0.981180642517,50.337522946566));
#2668 = CARTESIAN_POINT('',(1.007249395321,50.717888506054));
#2669 = CARTESIAN_POINT('',(1.032138776412,51.108322012133));
#2670 = CARTESIAN_POINT('',(1.055591601026,51.509553880413));
#2671 = CARTESIAN_POINT('',(1.077191600344,51.921777749892));
#2672 = CARTESIAN_POINT('',(1.10243383336,52.478163908789));
#2673 = CARTESIAN_POINT('',(1.108238199724,52.612391728058));
#2674 = CARTESIAN_POINT('',(1.113799047573,52.747951297809));
#2675 = CARTESIAN_POINT('',(1.119096252892,52.884833843889));
#2676 = CARTESIAN_POINT('',(1.124109058431,53.023041122764));
#2677 = CARTESIAN_POINT('',(1.128816059072,53.162585447874));
#2678 = CARTESIAN_POINT('',(1.133195187205,53.303489716));
#2679 = CARTESIAN_POINT('',(1.142537913159,53.633499640892));
#2680 = CARTESIAN_POINT('',(1.147255883171,53.824126389434));
#2681 = CARTESIAN_POINT('',(1.151298140903,54.016994659255));
#2682 = CARTESIAN_POINT('',(1.154601038213,54.211578315851));
#2683 = CARTESIAN_POINT('',(1.157115947508,54.407468171486));
#2684 = CARTESIAN_POINT('',(1.158808586564,54.604341762774));
#2685 = CARTESIAN_POINT('',(1.159658466725,54.801932844544));
#2686 = CARTESIAN_POINT('',(1.159658464473,55.0000006));
#2687 = ( GEOMETRIC_REPRESENTATION_CONTEXT(2) 
PARAMETRIC_REPRESENTATION_CONTEXT() REPRESENTATION_CONTEXT('2D SPACE',''
  ) );
#2688 = ORIENTED_EDGE('',*,*,#2689,.T.);
#2689 = EDGE_CURVE('',#2523,#2690,#2692,.T.);
#2690 = VERTEX_POINT('',#2691);
#2691 = CARTESIAN_POINT('',(-56.,-31.,349.));
#2692 = SURFACE_CURVE('',#2693,(#2697,#2704),.PCURVE_S1.);
#2693 = LINE('',#2694,#2695);
#2694 = CARTESIAN_POINT('',(-49.20416847668,-31.,349.));
#2695 = VECTOR('',#2696,1.);
#2696 = DIRECTION('',(-1.,0.,0.));
#2697 = PCURVE('',#2016,#2698);
#2698 = DEFINITIONAL_REPRESENTATION('',(#2699),#2703);
#2699 = LINE('',#2700,#2701);
#2700 = CARTESIAN_POINT('',(4.712388980385,6.795831523313));
#2701 = VECTOR('',#2702,1.);
#2702 = DIRECTION('',(-0.,-1.));
#2703 = ( GEOMETRIC_REPRESENTATION_CONTEXT(2) 
PARAMETRIC_REPRESENTATION_CONTEXT() REPRESENTATION_CONTEXT('2D SPACE',''
  ) );
#2704 = PCURVE('',#2359,#2705);
#2705 = DEFINITIONAL_REPRESENTATION('',(#2706),#2710);
#2706 = LINE('',#2707,#2708);
#2707 = CARTESIAN_POINT('',(4.795831523313,11.));
#2708 = VECTOR('',#2709,1.);
#2709 = DIRECTION('',(-1.,0.));
#2710 = ( GEOMETRIC_REPRESENTATION_CONTEXT(2) 
PARAMETRIC_REPRESENTATION_CONTEXT() REPRESENTATION_CONTEXT('2D SPACE',''
  ) );
#2711 = ORIENTED_EDGE('',*,*,#2712,.T.);
#2712 = EDGE_CURVE('',#2690,#2292,#2713,.T.);
#2713 = SURFACE_CURVE('',#2714,(#2719,#2726),.PCURVE_S1.);
#2714 = CIRCLE('',#2715,11.);
#2715 = AXIS2_PLACEMENT_3D('',#2716,#2717,#2718);
#2716 = CARTESIAN_POINT('',(-56.,-42.,349.));
#2717 = DIRECTION('',(1.,0.,0.));
#2718 = DIRECTION('',(-0.,0.,1.));
#2719 = PCURVE('',#2016,#2720);
#2720 = DEFINITIONAL_REPRESENTATION('',(#2721),#2725);
#2721 = LINE('',#2722,#2723);
#2722 = CARTESIAN_POINT('',(0.,0.));
#2723 = VECTOR('',#2724,1.);
#2724 = DIRECTION('',(1.,0.));
#2725 = ( GEOMETRIC_REPRESENTATION_CONTEXT(2) 
PARAMETRIC_REPRESENTATION_CONTEXT() REPRESENTATION_CONTEXT('2D SPACE',''
  ) );
#2726 = PCURVE('',#2331,#2727);
#2727 = DEFINITIONAL_REPRESENTATION('',(#2728),#2732);
#2728 = CIRCLE('',#2729,11.);
#2729 = AXIS2_PLACEMENT_2D('',#2730,#2731);
#2730 = CARTESIAN_POINT('',(0.,0.));
#2731 = DIRECTION('',(1.,0.));
#2732 = ( GEOMETRIC_REPRESENTATION_CONTEXT(2) 
PARAMETRIC_REPRESENTATION_CONTEXT() REPRESENTATION_CONTEXT('2D SPACE',''
  ) );
#2733 = ORIENTED_EDGE('',*,*,#2291,.F.);
#2734 = ORIENTED_EDGE('',*,*,#2735,.F.);
#2735 = EDGE_CURVE('',#2140,#2268,#2736,.T.);
#2736 = SURFACE_CURVE('',#2737,(#2742,#2749),.PCURVE_S1.);
#2737 = CIRCLE('',#2738,11.);
#2738 = AXIS2_PLACEMENT_3D('',#2739,#2740,#2741);
#2739 = CARTESIAN_POINT('',(56.,-42.,349.));
#2740 = DIRECTION('',(1.,0.,0.));
#2741 = DIRECTION('',(-0.,0.,1.));
#2742 = PCURVE('',#2016,#2743);
#2743 = DEFINITIONAL_REPRESENTATION('',(#2744),#2748);
#2744 = LINE('',#2745,#2746);
#2745 = CARTESIAN_POINT('',(0.,112.));
#2746 = VECTOR('',#2747,1.);
#2747 = DIRECTION('',(1.,0.));
#2748 = ( GEOMETRIC_REPRESENTATION_CONTEXT(2) 
PARAMETRIC_REPRESENTATION_CONTEXT() REPRESENTATION_CONTEXT('2D SPACE',''
  ) );
#2749 = PCURVE('',#2177,#2750);
#2750 = DEFINITIONAL_REPRESENTATION('',(#2751),#2755);
#2751 = CIRCLE('',#2752,11.);
#2752 = AXIS2_PLACEMENT_2D('',#2753,#2754);
#2753 = CARTESIAN_POINT('',(0.,0.));
#2754 = DIRECTION('',(1.,0.));
#2755 = ( GEOMETRIC_REPRESENTATION_CONTEXT(2) 
PARAMETRIC_REPRESENTATION_CONTEXT() REPRESENTATION_CONTEXT('2D SPACE',''
  ) );
#2756 = ORIENTED_EDGE('',*,*,#2139,.F.);
#2757 = ORIENTED_EDGE('',*,*,#1834,.F.);
#2758 = ADVANCED_FACE('',(#2759),#2177,.T.);
#2759 = FACE_BOUND('',#2760,.T.);
#2760 = EDGE_LOOP('',(#2761,#2762,#2763,#2764,#2879));
#2761 = ORIENTED_EDGE('',*,*,#2735,.T.);
#2762 = ORIENTED_EDGE('',*,*,#2267,.T.);
#2763 = ORIENTED_EDGE('',*,*,#2221,.T.);
#2764 = ORIENTED_EDGE('',*,*,#2765,.T.);
#2765 = EDGE_CURVE('',#2189,#2163,#2766,.T.);
#2766 = SURFACE_CURVE('',#2767,(#2772,#2783),.PCURVE_S1.);
#2767 = CIRCLE('',#2768,10.816653826392);
#2768 = AXIS2_PLACEMENT_3D('',#2769,#2770,#2771);
#2769 = CARTESIAN_POINT('',(56.,-42.,349.));
#2770 = DIRECTION('',(-1.,6.568969915876E-16,0.));
#2771 = DIRECTION('',(-6.568969915876E-16,-1.,0.));
#2772 = PCURVE('',#2177,#2773);
#2773 = DEFINITIONAL_REPRESENTATION('',(#2774),#2782);
#2774 = ( BOUNDED_CURVE() B_SPLINE_CURVE(2,(#2775,#2776,#2777,#2778,
#2779,#2780,#2781),.UNSPECIFIED.,.T.,.F.) B_SPLINE_CURVE_WITH_KNOTS((1,2
    ,2,2,2,1),(-2.094395102393,0.,2.094395102393,4.188790204786,
6.28318530718,8.377580409573),.UNSPECIFIED.) CURVE() 
GEOMETRIC_REPRESENTATION_ITEM() RATIONAL_B_SPLINE_CURVE((1.,0.5,1.,0.5,
1.,0.5,1.)) REPRESENTATION_ITEM('') );
#2775 = CARTESIAN_POINT('',(0.,10.816653826392));
#2776 = CARTESIAN_POINT('',(18.734993995195,10.816653826392));
#2777 = CARTESIAN_POINT('',(9.367496997598,-5.408326913196));
#2778 = CARTESIAN_POINT('',(2.649316097195E-15,-21.63330765278));
#2779 = CARTESIAN_POINT('',(-9.367496997598,-5.408326913196));
#2780 = CARTESIAN_POINT('',(-18.73499399519,10.816653826392));
#2781 = CARTESIAN_POINT('',(0.,10.816653826392));
#2782 = ( GEOMETRIC_REPRESENTATION_CONTEXT(2) 
PARAMETRIC_REPRESENTATION_CONTEXT() REPRESENTATION_CONTEXT('2D SPACE',''
  ) );
#2783 = PCURVE('',#2209,#2784);
#2784 = DEFINITIONAL_REPRESENTATION('',(#2785),#2878);
#2785 = B_SPLINE_CURVE_WITH_KNOTS('',8,(#2786,#2787,#2788,#2789,#2790,
    #2791,#2792,#2793,#2794,#2795,#2796,#2797,#2798,#2799,#2800,#2801,
    #2802,#2803,#2804,#2805,#2806,#2807,#2808,#2809,#2810,#2811,#2812,
    #2813,#2814,#2815,#2816,#2817,#2818,#2819,#2820,#2821,#2822,#2823,
    #2824,#2825,#2826,#2827,#2828,#2829,#2830,#2831,#2832,#2833,#2834,
    #2835,#2836,#2837,#2838,#2839,#2840,#2841,#2842,#2843,#2844,#2845,
    #2846,#2847,#2848,#2849,#2850,#2851,#2852,#2853,#2854,#2855,#2856,
    #2857,#2858,#2859,#2860,#2861,#2862,#2863,#2864,#2865,#2866,#2867,
    #2868,#2869,#2870,#2871,#2872,#2873,#2874,#2875,#2876,#2877),
  .UNSPECIFIED.,.F.,.F.,(9,7,7,7,7,7,6,7,7,7,7,7,7,9),(0.,0.453003701422
    ,0.906007402845,1.20800987046,1.380582709097,1.47262155637,
    1.570796326795,1.653631289341,1.736466251887,1.902136176978,
    2.233476027161,2.454369260617,2.748893571891,3.14159265359),
  .UNSPECIFIED.);
#2786 = CARTESIAN_POINT('',(4.895224117378,0.));
#2787 = CARTESIAN_POINT('',(4.895224117378,5.568163886774E-02));
#2788 = CARTESIAN_POINT('',(4.895879265049,0.111363279433));
#2789 = CARTESIAN_POINT('',(4.897189698241,0.16703591688));
#2790 = CARTESIAN_POINT('',(4.899176550575,0.222690587563));
#2791 = CARTESIAN_POINT('',(4.901883429925,0.278317545782));
#2792 = CARTESIAN_POINT('',(4.9053787313,0.333905681995));
#2793 = CARTESIAN_POINT('',(4.909765233129,0.389441410179));
#2794 = CARTESIAN_POINT('',(4.920641618812,0.500371093941));
#2795 = CARTESIAN_POINT('',(4.927131608585,0.555765037746));
#2796 = CARTESIAN_POINT('',(4.934833358062,0.611069673118));
#2797 = CARTESIAN_POINT('',(4.943968858322,0.666261209564));
#2798 = CARTESIAN_POINT('',(4.95483397355,0.721309475313));
#2799 = CARTESIAN_POINT('',(4.967877011099,0.776169583262));
#2800 = CARTESIAN_POINT('',(4.983727499271,0.830780150293));
#2801 = CARTESIAN_POINT('',(5.01684191228,0.921182511328));
#2802 = CARTESIAN_POINT('',(5.031873565418,0.957179368413));
#2803 = CARTESIAN_POINT('',(5.049050175569,0.992976792109));
#2804 = CARTESIAN_POINT('',(5.068846670021,1.028527130354));
#2805 = CARTESIAN_POINT('',(5.091909323847,1.063767129906));
#2806 = CARTESIAN_POINT('',(5.119158456487,1.098601092262));
#2807 = CARTESIAN_POINT('',(5.151958079138,1.132892199421));
#2808 = CARTESIAN_POINT('',(5.215998554686,1.18550160831));
#2809 = CARTESIAN_POINT('',(5.241882924851,1.204367033459));
#2810 = CARTESIAN_POINT('',(5.270813296685,1.222916798704));
#2811 = CARTESIAN_POINT('',(5.303344950989,1.241086606932));
#2812 = CARTESIAN_POINT('',(5.340191167035,1.258791133416));
#2813 = CARTESIAN_POINT('',(5.382228954465,1.275917778167));
#2814 = CARTESIAN_POINT('',(5.430636501733,1.292305636916));
#2815 = CARTESIAN_POINT('',(5.516509586557,1.315953468172));
#2816 = CARTESIAN_POINT('',(5.548539305136,1.323904250699));
#2817 = CARTESIAN_POINT('',(5.582915800407,1.331545942131));
#2818 = CARTESIAN_POINT('',(5.619828282181,1.338839228523));
#2819 = CARTESIAN_POINT('',(5.659459117979,1.345738441141));
#2820 = CARTESIAN_POINT('',(5.701958418199,1.352191537015));
#2821 = CARTESIAN_POINT('',(5.747403301389,1.358141641894));
#2822 = CARTESIAN_POINT('',(5.84730294707,1.369277903575));
#2823 = CARTESIAN_POINT('',(5.902156509637,1.374386734883));
#2824 = CARTESIAN_POINT('',(5.960241343775,1.378785730739));
#2825 = CARTESIAN_POINT('',(6.021330257208,1.382402596152));
#2826 = CARTESIAN_POINT('',(6.084980786775,1.385168703972));
#2827 = CARTESIAN_POINT('',(6.150445046474,1.387030345435));
#2828 = CARTESIAN_POINT('',(6.272814951549,1.388746588379));
#2829 = CARTESIAN_POINT('',(6.395184940563,1.387298510899));
#2830 = CARTESIAN_POINT('',(6.45064043953,1.385973165298));
#2831 = CARTESIAN_POINT('',(6.505007132979,1.383998551567));
#2832 = CARTESIAN_POINT('',(6.557807036816,1.381401725585));
#2833 = CARTESIAN_POINT('',(6.608695867385,1.378219274713));
#2834 = CARTESIAN_POINT('',(6.657449909783,1.374492205163));
#2835 = CARTESIAN_POINT('',(6.750444002361,1.366033600189));
#2836 = CARTESIAN_POINT('',(6.79468409648,1.361302065089));
#2837 = CARTESIAN_POINT('',(6.836544546205,1.356110661384));
#2838 = CARTESIAN_POINT('',(6.876005091317,1.350503127832));
#2839 = CARTESIAN_POINT('',(6.913121629855,1.344521156173));
#2840 = CARTESIAN_POINT('',(6.947995341548,1.338202863573));
#2841 = CARTESIAN_POINT('',(6.980747400558,1.331582456253));
#2842 = CARTESIAN_POINT('',(7.073033607782,1.3109062312));
#2843 = CARTESIAN_POINT('',(7.126597541416,1.296035394153));
#2844 = CARTESIAN_POINT('',(7.173252375219,1.280321525919));
#2845 = CARTESIAN_POINT('',(7.214195580426,1.26394721211));
#2846 = CARTESIAN_POINT('',(7.250359998158,1.247040536508));
#2847 = CARTESIAN_POINT('',(7.282516558058,1.229699564101));
#2848 = CARTESIAN_POINT('',(7.311276279569,1.211998169736));
#2849 = CARTESIAN_POINT('',(7.388856110486,1.157986731309));
#2850 = CARTESIAN_POINT('',(7.428976335396,1.120769436076));
#2851 = CARTESIAN_POINT('',(7.461471592506,1.082805344006));
#2852 = CARTESIAN_POINT('',(7.488422213322,1.044298202081));
#2853 = CARTESIAN_POINT('',(7.511161974682,1.005391350146));
#2854 = CARTESIAN_POINT('',(7.530606729505,0.966172188945));
#2855 = CARTESIAN_POINT('',(7.547403246677,0.926706644478));
#2856 = CARTESIAN_POINT('',(7.571784402908,0.860598508963));
#2857 = CARTESIAN_POINT('',(7.580573402812,0.834066685282));
#2858 = CARTESIAN_POINT('',(7.588540699018,0.807460297595));
#2859 = CARTESIAN_POINT('',(7.595795371023,0.780790080395));
#2860 = CARTESIAN_POINT('',(7.602423659632,0.754064518115));
#2861 = CARTESIAN_POINT('',(7.608496002308,0.727290568744));
#2862 = CARTESIAN_POINT('',(7.614071263152,0.700474090137));
#2863 = CARTESIAN_POINT('',(7.626034016663,0.637814474192));
#2864 = CARTESIAN_POINT('',(7.632072943219,0.601942076964));
#2865 = CARTESIAN_POINT('',(7.637430676273,0.566014393053));
#2866 = CARTESIAN_POINT('',(7.642194020081,0.530040309178));
#2867 = CARTESIAN_POINT('',(7.646429874098,0.494026876231));
#2868 = CARTESIAN_POINT('',(7.65019155969,0.457979938778));
#2869 = CARTESIAN_POINT('',(7.653522443521,0.421904500858));
#2870 = CARTESIAN_POINT('',(7.660369409767,0.337671931086));
#2871 = CARTESIAN_POINT('',(7.663577278818,0.289495966578));
#2872 = CARTESIAN_POINT('',(7.666162189419,0.24128707583));
#2873 = CARTESIAN_POINT('',(7.668180303807,0.19305338558));
#2874 = CARTESIAN_POINT('',(7.669669529913,0.144801765396));
#2875 = CARTESIAN_POINT('',(7.670654111021,9.65384040388E-02));
#2876 = CARTESIAN_POINT('',(7.671146496982,4.826920482588E-02));
#2877 = CARTESIAN_POINT('',(7.671146496982,0.));
#2878 = ( GEOMETRIC_REPRESENTATION_CONTEXT(2) 
PARAMETRIC_REPRESENTATION_CONTEXT() REPRESENTATION_CONTEXT('2D SPACE',''
  ) );
#2879 = ORIENTED_EDGE('',*,*,#2162,.T.);
#2880 = ADVANCED_FACE('',(#2881),#2209,.T.);
#2881 = FACE_BOUND('',#2882,.T.);
#2882 = EDGE_LOOP('',(#2883,#2884));
#2883 = ORIENTED_EDGE('',*,*,#2188,.F.);
#2884 = ORIENTED_EDGE('',*,*,#2765,.F.);
#2885 = ADVANCED_FACE('',(#2886),#2359,.T.);
#2886 = FACE_BOUND('',#2887,.T.);
#2887 = EDGE_LOOP('',(#2888,#2889,#2911,#2912,#2933,#2962));
#2888 = ORIENTED_EDGE('',*,*,#2689,.F.);
#2889 = ORIENTED_EDGE('',*,*,#2890,.T.);
#2890 = EDGE_CURVE('',#2523,#2344,#2891,.T.);
#2891 = SURFACE_CURVE('',#2892,(#2897,#2904),.PCURVE_S1.);
#2892 = CIRCLE('',#2893,12.);
#2893 = AXIS2_PLACEMENT_3D('',#2894,#2895,#2896);
#2894 = CARTESIAN_POINT('',(-54.,-42.,349.));
#2895 = DIRECTION('',(0.,0.,1.));
#2896 = DIRECTION('',(1.,0.,-0.));
#2897 = PCURVE('',#2359,#2898);
#2898 = DEFINITIONAL_REPRESENTATION('',(#2899),#2903);
#2899 = CIRCLE('',#2900,12.);
#2900 = AXIS2_PLACEMENT_2D('',#2901,#2902);
#2901 = CARTESIAN_POINT('',(0.,0.));
#2902 = DIRECTION('',(1.,0.));
#2903 = ( GEOMETRIC_REPRESENTATION_CONTEXT(2) 
PARAMETRIC_REPRESENTATION_CONTEXT() REPRESENTATION_CONTEXT('2D SPACE',''
  ) );
#2904 = PCURVE('',#2469,#2905);
#2905 = DEFINITIONAL_REPRESENTATION('',(#2906),#2910);
#2906 = LINE('',#2907,#2908);
#2907 = CARTESIAN_POINT('',(0.,55.));
#2908 = VECTOR('',#2909,1.);
#2909 = DIRECTION('',(1.,0.));
#2910 = ( GEOMETRIC_REPRESENTATION_CONTEXT(2) 
PARAMETRIC_REPRESENTATION_CONTEXT() REPRESENTATION_CONTEXT('2D SPACE',''
  ) );
#2911 = ORIENTED_EDGE('',*,*,#2343,.F.);
#2912 = ORIENTED_EDGE('',*,*,#2913,.T.);
#2913 = EDGE_CURVE('',#2315,#2914,#2916,.T.);
#2914 = VERTEX_POINT('',#2915);
#2915 = CARTESIAN_POINT('',(-56.,-52.81665382639,349.));
#2916 = SURFACE_CURVE('',#2917,(#2921,#2927),.PCURVE_S1.);
#2917 = LINE('',#2918,#2919);
#2918 = CARTESIAN_POINT('',(-56.,-42.,349.));
#2919 = VECTOR('',#2920,1.);
#2920 = DIRECTION('',(0.,1.,0.));
#2921 = PCURVE('',#2359,#2922);
#2922 = DEFINITIONAL_REPRESENTATION('',(#2923),#2926);
#2923 = B_SPLINE_CURVE_WITH_KNOTS('',1,(#2924,#2925),.UNSPECIFIED.,.F.,
  .F.,(2,2),(-11.,11.),.PIECEWISE_BEZIER_KNOTS.);
#2924 = CARTESIAN_POINT('',(-2.,-11.));
#2925 = CARTESIAN_POINT('',(-2.,11.));
#2926 = ( GEOMETRIC_REPRESENTATION_CONTEXT(2) 
PARAMETRIC_REPRESENTATION_CONTEXT() REPRESENTATION_CONTEXT('2D SPACE',''
  ) );
#2927 = PCURVE('',#2331,#2928);
#2928 = DEFINITIONAL_REPRESENTATION('',(#2929),#2932);
#2929 = B_SPLINE_CURVE_WITH_KNOTS('',1,(#2930,#2931),.UNSPECIFIED.,.F.,
  .F.,(2,2),(-11.,11.),.PIECEWISE_BEZIER_KNOTS.);
#2930 = CARTESIAN_POINT('',(0.,11.));
#2931 = CARTESIAN_POINT('',(0.,-11.));
#2932 = ( GEOMETRIC_REPRESENTATION_CONTEXT(2) 
PARAMETRIC_REPRESENTATION_CONTEXT() REPRESENTATION_CONTEXT('2D SPACE',''
  ) );
#2933 = ORIENTED_EDGE('',*,*,#2934,.F.);
#2934 = EDGE_CURVE('',#2935,#2914,#2937,.T.);
#2935 = VERTEX_POINT('',#2936);
#2936 = CARTESIAN_POINT('',(-56.,-31.1833461736,349.));
#2937 = SURFACE_CURVE('',#2938,(#2943,#2950),.PCURVE_S1.);
#2938 = CIRCLE('',#2939,11.);
#2939 = AXIS2_PLACEMENT_3D('',#2940,#2941,#2942);
#2940 = CARTESIAN_POINT('',(-54.,-42.,349.));
#2941 = DIRECTION('',(0.,0.,1.));
#2942 = DIRECTION('',(1.,0.,-0.));
#2943 = PCURVE('',#2359,#2944);
#2944 = DEFINITIONAL_REPRESENTATION('',(#2945),#2949);
#2945 = CIRCLE('',#2946,11.);
#2946 = AXIS2_PLACEMENT_2D('',#2947,#2948);
#2947 = CARTESIAN_POINT('',(0.,0.));
#2948 = DIRECTION('',(1.,0.));
#2949 = ( GEOMETRIC_REPRESENTATION_CONTEXT(2) 
PARAMETRIC_REPRESENTATION_CONTEXT() REPRESENTATION_CONTEXT('2D SPACE',''
  ) );
#2950 = PCURVE('',#2951,#2956);
#2951 = SPHERICAL_SURFACE('',#2952,11.);
#2952 = AXIS2_PLACEMENT_3D('',#2953,#2954,#2955);
#2953 = CARTESIAN_POINT('',(-54.,-42.,349.));
#2954 = DIRECTION('',(0.,0.,1.));
#2955 = DIRECTION('',(1.,0.,-0.));
#2956 = DEFINITIONAL_REPRESENTATION('',(#2957),#2961);
#2957 = LINE('',#2958,#2959);
#2958 = CARTESIAN_POINT('',(0.,0.));
#2959 = VECTOR('',#2960,1.);
#2960 = DIRECTION('',(1.,0.));
#2961 = ( GEOMETRIC_REPRESENTATION_CONTEXT(2) 
PARAMETRIC_REPRESENTATION_CONTEXT() REPRESENTATION_CONTEXT('2D SPACE',''
  ) );
#2962 = ORIENTED_EDGE('',*,*,#2963,.T.);
#2963 = EDGE_CURVE('',#2935,#2690,#2964,.T.);
#2964 = SURFACE_CURVE('',#2965,(#2969,#2975),.PCURVE_S1.);
#2965 = LINE('',#2966,#2967);
#2966 = CARTESIAN_POINT('',(-56.,-42.,349.));
#2967 = VECTOR('',#2968,1.);
#2968 = DIRECTION('',(0.,1.,0.));
#2969 = PCURVE('',#2359,#2970);
#2970 = DEFINITIONAL_REPRESENTATION('',(#2971),#2974);
#2971 = B_SPLINE_CURVE_WITH_KNOTS('',1,(#2972,#2973),.UNSPECIFIED.,.F.,
  .F.,(2,2),(-11.,11.),.PIECEWISE_BEZIER_KNOTS.);
#2972 = CARTESIAN_POINT('',(-2.,-11.));
#2973 = CARTESIAN_POINT('',(-2.,11.));
#2974 = ( GEOMETRIC_REPRESENTATION_CONTEXT(2) 
PARAMETRIC_REPRESENTATION_CONTEXT() REPRESENTATION_CONTEXT('2D SPACE',''
  ) );
#2975 = PCURVE('',#2331,#2976);
#2976 = DEFINITIONAL_REPRESENTATION('',(#2977),#2980);
#2977 = B_SPLINE_CURVE_WITH_KNOTS('',1,(#2978,#2979),.UNSPECIFIED.,.F.,
  .F.,(2,2),(-11.,11.),.PIECEWISE_BEZIER_KNOTS.);
#2978 = CARTESIAN_POINT('',(0.,11.));
#2979 = CARTESIAN_POINT('',(0.,-11.));
#2980 = ( GEOMETRIC_REPRESENTATION_CONTEXT(2) 
PARAMETRIC_REPRESENTATION_CONTEXT() REPRESENTATION_CONTEXT('2D SPACE',''
  ) );
#2981 = ADVANCED_FACE('',(#2982),#2469,.T.);
#2982 = FACE_BOUND('',#2983,.T.);
#2983 = EDGE_LOOP('',(#2984,#3013,#3034,#3035,#3036,#3037));
#2984 = ORIENTED_EDGE('',*,*,#2985,.T.);
#2985 = EDGE_CURVE('',#2986,#2986,#2988,.T.);
#2986 = VERTEX_POINT('',#2987);
#2987 = CARTESIAN_POINT('',(-42.,-42.,300.));
#2988 = SURFACE_CURVE('',#2989,(#2994,#3001),.PCURVE_S1.);
#2989 = CIRCLE('',#2990,12.);
#2990 = AXIS2_PLACEMENT_3D('',#2991,#2992,#2993);
#2991 = CARTESIAN_POINT('',(-54.,-42.,300.));
#2992 = DIRECTION('',(0.,0.,1.));
#2993 = DIRECTION('',(1.,0.,-0.));
#2994 = PCURVE('',#2469,#2995);
#2995 = DEFINITIONAL_REPRESENTATION('',(#2996),#3000);
#2996 = LINE('',#2997,#2998);
#2997 = CARTESIAN_POINT('',(0.,6.));
#2998 = VECTOR('',#2999,1.);
#2999 = DIRECTION('',(1.,0.));
#3000 = ( GEOMETRIC_REPRESENTATION_CONTEXT(2) 
PARAMETRIC_REPRESENTATION_CONTEXT() REPRESENTATION_CONTEXT('2D SPACE',''
  ) );
#3001 = PCURVE('',#3002,#3007);
#3002 = CONICAL_SURFACE('',#3003,16.,0.244978663127);
#3003 = AXIS2_PLACEMENT_3D('',#3004,#3005,#3006);
#3004 = CARTESIAN_POINT('',(-54.,-42.,284.));
#3005 = DIRECTION('',(-0.,-0.,-1.));
#3006 = DIRECTION('',(1.,0.,-0.));
#3007 = DEFINITIONAL_REPRESENTATION('',(#3008),#3012);
#3008 = LINE('',#3009,#3010);
#3009 = CARTESIAN_POINT('',(-0.,-16.));
#3010 = VECTOR('',#3011,1.);
#3011 = DIRECTION('',(-1.,-0.));
#3012 = ( GEOMETRIC_REPRESENTATION_CONTEXT(2) 
PARAMETRIC_REPRESENTATION_CONTEXT() REPRESENTATION_CONTEXT('2D SPACE',''
  ) );
#3013 = ORIENTED_EDGE('',*,*,#3014,.T.);
#3014 = EDGE_CURVE('',#2986,#2372,#3015,.T.);
#3015 = SEAM_CURVE('',#3016,(#3020,#3027),.PCURVE_S1.);
#3016 = LINE('',#3017,#3018);
#3017 = CARTESIAN_POINT('',(-42.,-42.,294.));
#3018 = VECTOR('',#3019,1.);
#3019 = DIRECTION('',(0.,0.,1.));
#3020 = PCURVE('',#2469,#3021);
#3021 = DEFINITIONAL_REPRESENTATION('',(#3022),#3026);
#3022 = LINE('',#3023,#3024);
#3023 = CARTESIAN_POINT('',(0.,-0.));
#3024 = VECTOR('',#3025,1.);
#3025 = DIRECTION('',(0.,1.));
#3026 = ( GEOMETRIC_REPRESENTATION_CONTEXT(2) 
PARAMETRIC_REPRESENTATION_CONTEXT() REPRESENTATION_CONTEXT('2D SPACE',''
  ) );
#3027 = PCURVE('',#2469,#3028);
#3028 = DEFINITIONAL_REPRESENTATION('',(#3029),#3033);
#3029 = LINE('',#3030,#3031);
#3030 = CARTESIAN_POINT('',(6.28318530718,-0.));
#3031 = VECTOR('',#3032,1.);
#3032 = DIRECTION('',(0.,1.));
#3033 = ( GEOMETRIC_REPRESENTATION_CONTEXT(2) 
PARAMETRIC_REPRESENTATION_CONTEXT() REPRESENTATION_CONTEXT('2D SPACE',''
  ) );
#3034 = ORIENTED_EDGE('',*,*,#2371,.F.);
#3035 = ORIENTED_EDGE('',*,*,#2890,.F.);
#3036 = ORIENTED_EDGE('',*,*,#2522,.F.);
#3037 = ORIENTED_EDGE('',*,*,#3014,.F.);
#3038 = ADVANCED_FACE('',(#3039),#2331,.F.);
#3039 = FACE_BOUND('',#3040,.F.);
#3040 = EDGE_LOOP('',(#3041,#3042,#3043,#3044,#3156));
#3041 = ORIENTED_EDGE('',*,*,#2712,.T.);
#3042 = ORIENTED_EDGE('',*,*,#2314,.T.);
#3043 = ORIENTED_EDGE('',*,*,#2913,.T.);
#3044 = ORIENTED_EDGE('',*,*,#3045,.F.);
#3045 = EDGE_CURVE('',#2935,#2914,#3046,.T.);
#3046 = SURFACE_CURVE('',#3047,(#3052,#3059),.PCURVE_S1.);
#3047 = CIRCLE('',#3048,10.816653826392);
#3048 = AXIS2_PLACEMENT_3D('',#3049,#3050,#3051);
#3049 = CARTESIAN_POINT('',(-56.,-42.,349.));
#3050 = DIRECTION('',(1.,0.,0.));
#3051 = DIRECTION('',(-0.,0.,1.));
#3052 = PCURVE('',#2331,#3053);
#3053 = DEFINITIONAL_REPRESENTATION('',(#3054),#3058);
#3054 = CIRCLE('',#3055,10.816653826392);
#3055 = AXIS2_PLACEMENT_2D('',#3056,#3057);
#3056 = CARTESIAN_POINT('',(0.,0.));
#3057 = DIRECTION('',(1.,0.));
#3058 = ( GEOMETRIC_REPRESENTATION_CONTEXT(2) 
PARAMETRIC_REPRESENTATION_CONTEXT() REPRESENTATION_CONTEXT('2D SPACE',''
  ) );
#3059 = PCURVE('',#2951,#3060);
#3060 = DEFINITIONAL_REPRESENTATION('',(#3061),#3155);
#3061 = B_SPLINE_CURVE_WITH_KNOTS('',8,(#3062,#3063,#3064,#3065,#3066,
    #3067,#3068,#3069,#3070,#3071,#3072,#3073,#3074,#3075,#3076,#3077,
    #3078,#3079,#3080,#3081,#3082,#3083,#3084,#3085,#3086,#3087,#3088,
    #3089,#3090,#3091,#3092,#3093,#3094,#3095,#3096,#3097,#3098,#3099,
    #3100,#3101,#3102,#3103,#3104,#3105,#3106,#3107,#3108,#3109,#3110,
    #3111,#3112,#3113,#3114,#3115,#3116,#3117,#3118,#3119,#3120,#3121,
    #3122,#3123,#3124,#3125,#3126,#3127,#3128,#3129,#3130,#3131,#3132,
    #3133,#3134,#3135,#3136,#3137,#3138,#3139,#3140,#3141,#3142,#3143,
    #3144,#3145,#3146,#3147,#3148,#3149,#3150,#3151,#3152,#3153,#3154),
  .UNSPECIFIED.,.F.,.F.,(9,7,7,7,7,7,7,7,7,7,7,7,7,9),(4.712388980385,
    5.105088062083,5.44869975857,5.749359992995,5.880898845557,
    6.004216519833,6.119826839467,6.228211514123,6.329822146614,
    6.425082114574,6.603694554499,6.916266324368,7.385123979171,
    7.853981633974),.UNSPECIFIED.);
#3062 = CARTESIAN_POINT('',(1.753631463788,0.));
#3063 = CARTESIAN_POINT('',(1.753631463788,4.826920482588E-02));
#3064 = CARTESIAN_POINT('',(1.754123849748,9.65384040388E-02));
#3065 = CARTESIAN_POINT('',(1.755108430856,0.144801765396));
#3066 = CARTESIAN_POINT('',(1.756597656963,0.19305338558));
#3067 = CARTESIAN_POINT('',(1.758615771351,0.24128707583));
#3068 = CARTESIAN_POINT('',(1.761200681952,0.289495966578));
#3069 = CARTESIAN_POINT('',(1.764408551002,0.337671931086));
#3070 = CARTESIAN_POINT('',(1.771744586266,0.427921112985));
#3071 = CARTESIAN_POINT('',(1.775707610868,0.470004421642));
#3072 = CARTESIAN_POINT('',(1.780265256581,0.512047922555));
#3073 = CARTESIAN_POINT('',(1.785487514568,0.554043604363));
#3074 = CARTESIAN_POINT('',(1.791465536901,0.595981616141));
#3075 = CARTESIAN_POINT('',(1.798317235529,0.637849712175));
#3076 = CARTESIAN_POINT('',(1.806200958104,0.679631901961));
#3077 = CARTESIAN_POINT('',(1.823347851448,0.757769722313));
#3078 = CARTESIAN_POINT('',(1.832315304128,0.794150840562));
#3079 = CARTESIAN_POINT('',(1.842402865419,0.830433377266));
#3080 = CARTESIAN_POINT('',(1.853804024118,0.866598328389));
#3081 = CARTESIAN_POINT('',(1.86677680903,0.90262023333));
#3082 = CARTESIAN_POINT('',(1.881661035902,0.93846570822));
#3083 = CARTESIAN_POINT('',(1.898932982491,0.974087782594));
#3084 = CARTESIAN_POINT('',(1.928272761684,1.024864150629));
#3085 = CARTESIAN_POINT('',(1.93780300366,1.040260516229));
#3086 = CARTESIAN_POINT('',(1.947996851319,1.05559321199));
#3087 = CARTESIAN_POINT('',(1.958927614469,1.070854747014));
#3088 = CARTESIAN_POINT('',(1.970681043383,1.086036303375));
#3089 = CARTESIAN_POINT('',(1.983358817892,1.101127315342));
#3090 = CARTESIAN_POINT('',(1.997083533169,1.116114822201));
#3091 = CARTESIAN_POINT('',(2.025994228241,1.144921131283));
#3092 = CARTESIAN_POINT('',(2.041035238649,1.158754421633));
#3093 = CARTESIAN_POINT('',(2.057252077239,1.172469111242));
#3094 = CARTESIAN_POINT('',(2.074789482548,1.186049178245));
#3095 = CARTESIAN_POINT('',(2.093818891643,1.199475393442));
#3096 = CARTESIAN_POINT('',(2.114545099871,1.212724220194));
#3097 = CARTESIAN_POINT('',(2.137213756595,1.2257661541));
#3098 = CARTESIAN_POINT('',(2.185469015953,1.250561016579));
#3099 = CARTESIAN_POINT('',(2.210784696536,1.262343549974));
#3100 = CARTESIAN_POINT('',(2.238308975911,1.273880056568));
#3101 = CARTESIAN_POINT('',(2.268322759126,1.285132930388));
#3102 = CARTESIAN_POINT('',(2.301145070639,1.296056692216));
#3103 = CARTESIAN_POINT('',(2.337139824341,1.306595157103));
#3104 = CARTESIAN_POINT('',(2.376699986609,1.31667866704));
#3105 = CARTESIAN_POINT('',(2.460940976199,1.335170759994));
#3106 = CARTESIAN_POINT('',(2.505147186809,1.343644639282));
#3107 = CARTESIAN_POINT('',(2.553088837736,1.351575279127));
#3108 = CARTESIAN_POINT('',(2.605026046933,1.358882029708));
#3109 = CARTESIAN_POINT('',(2.661132494779,1.365473500479));
#3110 = CARTESIAN_POINT('',(2.721413832952,1.371247576683));
#3111 = CARTESIAN_POINT('',(2.785512156966,1.37610457301));
#3112 = CARTESIAN_POINT('',(2.915761087511,1.383581851783));
#3113 = CARTESIAN_POINT('',(2.981533189378,1.386322954841));
#3114 = CARTESIAN_POINT('',(3.049483545561,1.388120579569));
#3115 = CARTESIAN_POINT('',(3.118791672975,1.388922868219));
#3116 = CARTESIAN_POINT('',(3.188376141668,1.388703075379));
#3117 = CARTESIAN_POINT('',(3.257104276527,1.387473791278));
#3118 = CARTESIAN_POINT('',(3.324063758514,1.385276608031));
#3119 = CARTESIAN_POINT('',(3.449064979213,1.379260135547));
#3120 = CARTESIAN_POINT('',(3.507402643016,1.375550812354));
#3121 = CARTESIAN_POINT('',(3.563039626919,1.371092628434));
#3122 = CARTESIAN_POINT('',(3.61561100477,1.365948957024));
#3123 = CARTESIAN_POINT('',(3.664984071215,1.360189046654));
#3124 = CARTESIAN_POINT('',(3.711179937939,1.353878996654));
#3125 = CARTESIAN_POINT('',(3.754308852968,1.347079695048));
#3126 = CARTESIAN_POINT('',(3.869948183761,1.326281716843));
#3127 = CARTESIAN_POINT('',(3.935146858879,1.311189276119));
#3128 = CARTESIAN_POINT('',(3.99118285293,1.294927760032));
#3129 = CARTESIAN_POINT('',(4.039731570423,1.277776744723));
#3130 = CARTESIAN_POINT('',(4.082093415018,1.259921774455));
#3131 = CARTESIAN_POINT('',(4.119337727402,1.241504651538));
#3132 = CARTESIAN_POINT('',(4.152303786425,1.222628494512));
#3133 = CARTESIAN_POINT('',(4.233044285727,1.169676360769));
#3134 = CARTESIAN_POINT('',(4.2733811531,1.134818302808));
#3135 = CARTESIAN_POINT('',(4.306278769891,1.099225473266));
#3136 = CARTESIAN_POINT('',(4.333727173538,1.06309600626));
#3137 = CARTESIAN_POINT('',(4.356997979203,1.026566971405));
#3138 = CARTESIAN_POINT('',(4.376985572177,0.989724847484));
#3139 = CARTESIAN_POINT('',(4.394321732435,0.95263412638));
#3140 = CARTESIAN_POINT('',(4.43221908885,0.859402466733));
#3141 = CARTESIAN_POINT('',(4.450058598394,0.803009183488));
#3142 = CARTESIAN_POINT('',(4.464593664497,0.746319663942));
#3143 = CARTESIAN_POINT('',(4.476600855576,0.689409176017));
#3144 = CARTESIAN_POINT('',(4.486635986137,0.632333259495));
#3145 = CARTESIAN_POINT('',(4.495052314791,0.575127551769));
#3146 = CARTESIAN_POINT('',(4.502115940008,0.51782027268));
#3147 = CARTESIAN_POINT('',(4.513915046697,0.403045286696));
#3148 = CARTESIAN_POINT('',(4.518650700961,0.345577599608));
#3149 = CARTESIAN_POINT('',(4.522412042013,0.288051199276));
#3150 = CARTESIAN_POINT('',(4.525318305977,0.230481530677));
#3151 = CARTESIAN_POINT('',(4.527448251874,0.172881075165));
#3152 = CARTESIAN_POINT('',(4.528852042725,0.115260705693));
#3153 = CARTESIAN_POINT('',(4.529553843392,5.763035165751E-02));
#3154 = CARTESIAN_POINT('',(4.529553843392,0.));
#3155 = ( GEOMETRIC_REPRESENTATION_CONTEXT(2) 
PARAMETRIC_REPRESENTATION_CONTEXT() REPRESENTATION_CONTEXT('2D SPACE',''
  ) );
#3156 = ORIENTED_EDGE('',*,*,#2963,.T.);
#3157 = ADVANCED_FACE('',(#3158),#2951,.T.);
#3158 = FACE_BOUND('',#3159,.T.);
#3159 = EDGE_LOOP('',(#3160,#3161));
#3160 = ORIENTED_EDGE('',*,*,#2934,.T.);
#3161 = ORIENTED_EDGE('',*,*,#3045,.F.);
#3162 = ADVANCED_FACE('',(#3163),#3002,.T.);
#3163 = FACE_BOUND('',#3164,.T.);
#3164 = EDGE_LOOP('',(#3165,#3188,#3189,#3190,#3219,#3370,#3399,#3550));
#3165 = ORIENTED_EDGE('',*,*,#3166,.T.);
#3166 = EDGE_CURVE('',#3167,#2986,#3169,.T.);
#3167 = VERTEX_POINT('',#3168);
#3168 = CARTESIAN_POINT('',(-39.,-42.,288.));
#3169 = SEAM_CURVE('',#3170,(#3174,#3181),.PCURVE_S1.);
#3170 = LINE('',#3171,#3172);
#3171 = CARTESIAN_POINT('',(-38.,-42.,284.));
#3172 = VECTOR('',#3173,1.);
#3173 = DIRECTION('',(-0.242535625036,5.940409537599E-17,0.970142500145)
  );
#3174 = PCURVE('',#3002,#3175);
#3175 = DEFINITIONAL_REPRESENTATION('',(#3176),#3180);
#3176 = LINE('',#3177,#3178);
#3177 = CARTESIAN_POINT('',(-6.28318530718,0.));
#3178 = VECTOR('',#3179,1.);
#3179 = DIRECTION('',(-0.,-1.));
#3180 = ( GEOMETRIC_REPRESENTATION_CONTEXT(2) 
PARAMETRIC_REPRESENTATION_CONTEXT() REPRESENTATION_CONTEXT('2D SPACE',''
  ) );
#3181 = PCURVE('',#3002,#3182);
#3182 = DEFINITIONAL_REPRESENTATION('',(#3183),#3187);
#3183 = LINE('',#3184,#3185);
#3184 = CARTESIAN_POINT('',(0.,-0.));
#3185 = VECTOR('',#3186,1.);
#3186 = DIRECTION('',(-0.,-1.));
#3187 = ( GEOMETRIC_REPRESENTATION_CONTEXT(2) 
PARAMETRIC_REPRESENTATION_CONTEXT() REPRESENTATION_CONTEXT('2D SPACE',''
  ) );
#3188 = ORIENTED_EDGE('',*,*,#2985,.F.);
#3189 = ORIENTED_EDGE('',*,*,#3166,.F.);
#3190 = ORIENTED_EDGE('',*,*,#3191,.T.);
#3191 = EDGE_CURVE('',#3167,#3192,#3194,.T.);
#3192 = VERTEX_POINT('',#3193);
#3193 = CARTESIAN_POINT('',(-48.61483519286,-28.,288.));
#3194 = SURFACE_CURVE('',#3195,(#3200,#3207),.PCURVE_S1.);
#3195 = CIRCLE('',#3196,15.);
#3196 = AXIS2_PLACEMENT_3D('',#3197,#3198,#3199);
#3197 = CARTESIAN_POINT('',(-54.,-42.,288.));
#3198 = DIRECTION('',(0.,0.,1.));
#3199 = DIRECTION('',(1.,0.,-0.));
#3200 = PCURVE('',#3002,#3201);
#3201 = DEFINITIONAL_REPRESENTATION('',(#3202),#3206);
#3202 = LINE('',#3203,#3204);
#3203 = CARTESIAN_POINT('',(-0.,-4.));
#3204 = VECTOR('',#3205,1.);
#3205 = DIRECTION('',(-1.,-0.));
#3206 = ( GEOMETRIC_REPRESENTATION_CONTEXT(2) 
PARAMETRIC_REPRESENTATION_CONTEXT() REPRESENTATION_CONTEXT('2D SPACE',''
  ) );
#3207 = PCURVE('',#3208,#3213);
#3208 = PLANE('',#3209);
#3209 = AXIS2_PLACEMENT_3D('',#3210,#3211,#3212);
#3210 = CARTESIAN_POINT('',(-75.,-58.,288.));
#3211 = DIRECTION('',(0.,0.,1.));
#3212 = DIRECTION('',(1.,0.,0.));
#3213 = DEFINITIONAL_REPRESENTATION('',(#3214),#3218);
#3214 = CIRCLE('',#3215,15.);
#3215 = AXIS2_PLACEMENT_2D('',#3216,#3217);
#3216 = CARTESIAN_POINT('',(21.,16.));
#3217 = DIRECTION('',(1.,0.));
#3218 = ( GEOMETRIC_REPRESENTATION_CONTEXT(2) 
PARAMETRIC_REPRESENTATION_CONTEXT() REPRESENTATION_CONTEXT('2D SPACE',''
  ) );
#3219 = ORIENTED_EDGE('',*,*,#3220,.T.);
#3220 = EDGE_CURVE('',#3192,#3221,#3223,.T.);
#3221 = VERTEX_POINT('',#3222);
#3222 = CARTESIAN_POINT('',(-59.38516480713,-28.,288.));
#3223 = SURFACE_CURVE('',#3224,(#3269,#3317),.PCURVE_S1.);
#3224 = B_SPLINE_CURVE_WITH_KNOTS('',8,(#3225,#3226,#3227,#3228,#3229,
    #3230,#3231,#3232,#3233,#3234,#3235,#3236,#3237,#3238,#3239,#3240,
    #3241,#3242,#3243,#3244,#3245,#3246,#3247,#3248,#3249,#3250,#3251,
    #3252,#3253,#3254,#3255,#3256,#3257,#3258,#3259,#3260,#3261,#3262,
    #3263,#3264,#3265,#3266,#3267,#3268),.UNSPECIFIED.,.F.,.F.,(9,7,7,7,
    7,7,9),(0.,0.103430708723,0.208608019918,0.303513817862,
    0.491393322207,0.791038043422,1.),.UNSPECIFIED.);
#3225 = CARTESIAN_POINT('',(-48.61483519286,-28.,288.));
#3226 = CARTESIAN_POINT('',(-48.7506335436,-27.94776453576,288.));
#3227 = CARTESIAN_POINT('',(-48.8867194497,-27.8967289841,
    287.99844086046));
#3228 = CARTESIAN_POINT('',(-49.02307084686,-27.84692860995,
    287.99544784144));
#3229 = CARTESIAN_POINT('',(-49.15966903134,-27.7983944901,
    287.99114144683));
#3230 = CARTESIAN_POINT('',(-49.29649879924,-27.75115419765,
    287.98563821183));
#3231 = CARTESIAN_POINT('',(-49.43354858572,-27.70523248656,
    287.97905149042));
#3232 = CARTESIAN_POINT('',(-49.57081060431,-27.66065197614,
    287.97149224282));
#3233 = CARTESIAN_POINT('',(-49.8480727879,-27.57348588361,
    287.9545051763));
#3234 = CARTESIAN_POINT('',(-49.98807785305,-27.53094739414,
    287.94504812471));
#3235 = CARTESIAN_POINT('',(-50.12829174367,-27.48984057117,
    287.93481346664));
#3236 = CARTESIAN_POINT('',(-50.26871138173,-27.45018694511,
    287.92391461998));
#3237 = CARTESIAN_POINT('',(-50.40933513183,-27.41200770015,
    287.91246413637));
#3238 = CARTESIAN_POINT('',(-50.55016288394,-27.37532400165,
    287.90057421534));
#3239 = CARTESIAN_POINT('',(-50.69119613618,-27.34015732355,
    287.88835721857));
#3240 = CARTESIAN_POINT('',(-50.95988646919,-27.27618626131,
    287.86470915221));
#3241 = CARTESIAN_POINT('',(-51.08750339858,-27.24709627425,
    287.85331800079));
#3242 = CARTESIAN_POINT('',(-51.21529098959,-27.2192759572,
    287.84183540303));
#3243 = CARTESIAN_POINT('',(-51.34325084869,-27.19274230686,
    287.83034481483));
#3244 = CARTESIAN_POINT('',(-51.47138399978,-27.16751305433,
    287.8189300488));
#3245 = CARTESIAN_POINT('',(-51.59969081894,-27.14360654548,
    287.80767484829));
#3246 = CARTESIAN_POINT('',(-51.72817096925,-27.12104162126,
    287.79666246148));
#3247 = CARTESIAN_POINT('',(-52.11150896436,-27.05786092523,
    287.76481829426));
#3248 = CARTESIAN_POINT('',(-52.36688159102,-27.02121520052,
    287.74493415536));
#3249 = CARTESIAN_POINT('',(-52.62291428582,-26.99005296678,
    287.7269618279));
#3250 = CARTESIAN_POINT('',(-52.87955320665,-26.96453018786,
    287.71151669948));
#3251 = CARTESIAN_POINT('',(-53.13671529833,-26.94479734814,
    287.6991668102));
#3252 = CARTESIAN_POINT('',(-53.39428193541,-26.93097784759,
    287.69035860879));
#3253 = CARTESIAN_POINT('',(-53.65209216778,-26.92314532806,
    287.68534529315));
#3254 = CARTESIAN_POINT('',(-54.32117360466,-26.91838719999,
    287.68229777738));
#3255 = CARTESIAN_POINT('',(-54.73209632265,-26.93072452988,
    287.69019151517));
#3256 = CARTESIAN_POINT('',(-55.14203470107,-26.95831864789,
    287.70799569827));
#3257 = CARTESIAN_POINT('',(-55.55055897095,-27.00080133966,
    287.73455150908));
#3258 = CARTESIAN_POINT('',(-55.95746822504,-27.05748908462,
    287.76727340213));
#3259 = CARTESIAN_POINT('',(-56.36264780176,-27.12773175981,
    287.80350118338));
#3260 = CARTESIAN_POINT('',(-56.76606496208,-27.21093401875,
    287.84059016859));
#3261 = CARTESIAN_POINT('',(-57.44788367536,-27.37327391555,
    287.90059748892));
#3262 = CARTESIAN_POINT('',(-57.72715906435,-27.44601841092,
    287.92440638597));
#3263 = CARTESIAN_POINT('',(-58.00564469533,-27.52464404967,
    287.9464928808));
#3264 = CARTESIAN_POINT('',(-58.28335363313,-27.60899290004,
    287.96598427952));
#3265 = CARTESIAN_POINT('',(-58.56025331293,-27.69890329922,
    287.98200484072));
#3266 = CARTESIAN_POINT('',(-58.83626897621,-27.7941951458,
    287.99365823456));
#3267 = CARTESIAN_POINT('',(-59.11128795542,-27.89465200119,288.));
#3268 = CARTESIAN_POINT('',(-59.38516480713,-28.,288.));
#3269 = PCURVE('',#3002,#3270);
#3270 = DEFINITIONAL_REPRESENTATION('',(#3271),#3316);
#3271 = B_SPLINE_CURVE_WITH_KNOTS('',8,(#3272,#3273,#3274,#3275,#3276,
    #3277,#3278,#3279,#3280,#3281,#3282,#3283,#3284,#3285,#3286,#3287,
    #3288,#3289,#3290,#3291,#3292,#3293,#3294,#3295,#3296,#3297,#3298,
    #3299,#3300,#3301,#3302,#3303,#3304,#3305,#3306,#3307,#3308,#3309,
    #3310,#3311,#3312,#3313,#3314,#3315),.UNSPECIFIED.,.F.,.F.,(9,7,7,7,
    7,7,9),(0.,0.103430708723,0.208608019918,0.303513817862,
    0.491393322207,0.791038043422,1.),.UNSPECIFIED.);
#3272 = CARTESIAN_POINT('',(-1.203588306237,-4.));
#3273 = CARTESIAN_POINT('',(-1.213288188433,-4.));
#3274 = CARTESIAN_POINT('',(-1.222977243284,-3.998440860465));
#3275 = CARTESIAN_POINT('',(-1.232653639191,-3.995447841446));
#3276 = CARTESIAN_POINT('',(-1.242315968513,-3.991141446837));
#3277 = CARTESIAN_POINT('',(-1.251963233905,-3.985638211838));
#3278 = CARTESIAN_POINT('',(-1.261594834649,-3.979051490429));
#3279 = CARTESIAN_POINT('',(-1.271210553,-3.971492242829));
#3280 = CARTESIAN_POINT('',(-1.290572640052,-3.9545051763));
#3281 = CARTESIAN_POINT('',(-1.300318319984,-3.945048124718));
#3282 = CARTESIAN_POINT('',(-1.310047722363,-3.934813466642));
#3283 = CARTESIAN_POINT('',(-1.319761189009,-3.923914619986));
#3284 = CARTESIAN_POINT('',(-1.329459261496,-3.912464136374));
#3285 = CARTESIAN_POINT('',(-1.339142681156,-3.900574215345));
#3286 = CARTESIAN_POINT('',(-1.34881238907,-3.88835721857));
#3287 = CARTESIAN_POINT('',(-1.36718355652,-3.864709152216));
#3288 = CARTESIAN_POINT('',(-1.37588725763,-3.85331800079));
#3289 = CARTESIAN_POINT('',(-1.384581455589,-3.841835403033));
#3290 = CARTESIAN_POINT('',(-1.393266999347,-3.830344814839));
#3291 = CARTESIAN_POINT('',(-1.401944759189,-3.818930048805));
#3292 = CARTESIAN_POINT('',(-1.410615625323,-3.807674848292));
#3293 = CARTESIAN_POINT('',(-1.419280506454,-3.796662461486));
#3294 = CARTESIAN_POINT('',(-1.445083675603,-3.764818294267));
#3295 = CARTESIAN_POINT('',(-1.462208008751,-3.744934155363));
#3296 = CARTESIAN_POINT('',(-1.479319273577,-3.726961827906));
#3297 = CARTESIAN_POINT('',(-1.496422681944,-3.711516699487));
#3298 = CARTESIAN_POINT('',(-1.513522696624,-3.699166810204));
#3299 = CARTESIAN_POINT('',(-1.530622551992,-3.69035860879));
#3300 = CARTESIAN_POINT('',(-1.547723463479,-3.685345293151));
#3301 = CARTESIAN_POINT('',(-1.59209642036,-3.682297777385));
#3302 = CARTESIAN_POINT('',(-1.619340521377,-3.690191515175));
#3303 = CARTESIAN_POINT('',(-1.646559872847,-3.707995698279));
#3304 = CARTESIAN_POINT('',(-1.673775117229,-3.734551509081));
#3305 = CARTESIAN_POINT('',(-1.701015170902,-3.767273402133));
#3306 = CARTESIAN_POINT('',(-1.728305627563,-3.803501183383));
#3307 = CARTESIAN_POINT('',(-1.755671478561,-3.84059016859));
#3308 = CARTESIAN_POINT('',(-1.802289634624,-3.900597488925));
#3309 = CARTESIAN_POINT('',(-1.821490171035,-3.924406385978));
#3310 = CARTESIAN_POINT('',(-1.840749471761,-3.946492880803));
#3311 = CARTESIAN_POINT('',(-1.860074290298,-3.965984279528));
#3312 = CARTESIAN_POINT('',(-1.879466912097,-3.982004840723));
#3313 = CARTESIAN_POINT('',(-1.898925084075,-3.993658234561));
#3314 = CARTESIAN_POINT('',(-1.918441715087,-4.));
#3315 = CARTESIAN_POINT('',(-1.938004347353,-4.));
#3316 = ( GEOMETRIC_REPRESENTATION_CONTEXT(2) 
PARAMETRIC_REPRESENTATION_CONTEXT() REPRESENTATION_CONTEXT('2D SPACE',''
  ) );
#3317 = PCURVE('',#3318,#3323);
#3318 = CYLINDRICAL_SURFACE('',#3319,2.);
#3319 = AXIS2_PLACEMENT_3D('',#3320,#3321,#3322);
#3320 = CARTESIAN_POINT('',(-69.,-28.,286.));
#3321 = DIRECTION('',(1.,0.,0.));
#3322 = DIRECTION('',(-0.,1.,0.));
#3323 = DEFINITIONAL_REPRESENTATION('',(#3324),#3369);
#3324 = B_SPLINE_CURVE_WITH_KNOTS('',8,(#3325,#3326,#3327,#3328,#3329,
    #3330,#3331,#3332,#3333,#3334,#3335,#3336,#3337,#3338,#3339,#3340,
    #3341,#3342,#3343,#3344,#3345,#3346,#3347,#3348,#3349,#3350,#3351,
    #3352,#3353,#3354,#3355,#3356,#3357,#3358,#3359,#3360,#3361,#3362,
    #3363,#3364,#3365,#3366,#3367,#3368),.UNSPECIFIED.,.F.,.F.,(9,7,7,7,
    7,7,9),(0.,0.103430708723,0.208608019918,0.303513817862,
    0.491393322207,0.791038043422,1.),.UNSPECIFIED.);
#3325 = CARTESIAN_POINT('',(1.570796326795,20.385164807134));
#3326 = CARTESIAN_POINT('',(1.544678594679,20.249366456398));
#3327 = CARTESIAN_POINT('',(1.519160787711,20.113280550299));
#3328 = CARTESIAN_POINT('',(1.494233493354,19.976929153138));
#3329 = CARTESIAN_POINT('',(1.469890251033,19.840330968653));
#3330 = CARTESIAN_POINT('',(1.446127466723,19.703501200756));
#3331 = CARTESIAN_POINT('',(1.422944327537,19.566451414273));
#3332 = CARTESIAN_POINT('',(1.400342716316,19.429189395683));
#3333 = CARTESIAN_POINT('',(1.355939765638,19.151927212096));
#3334 = CARTESIAN_POINT('',(1.334158761849,19.011922146948));
#3335 = CARTESIAN_POINT('',(1.312988929761,18.871708256326));
#3336 = CARTESIAN_POINT('',(1.292438439536,18.731288618264));
#3337 = CARTESIAN_POINT('',(1.272518773123,18.590664868167));
#3338 = CARTESIAN_POINT('',(1.253244680789,18.449837116054));
#3339 = CARTESIAN_POINT('',(1.234634137652,18.308803863812));
#3340 = CARTESIAN_POINT('',(1.200533082514,18.040113530807));
#3341 = CARTESIAN_POINT('',(1.184915566247,17.912496601414));
#3342 = CARTESIAN_POINT('',(1.169871185407,17.784709010406));
#3343 = CARTESIAN_POINT('',(1.155417810288,17.656749151304));
#3344 = CARTESIAN_POINT('',(1.141575443177,17.528616000218));
#3345 = CARTESIAN_POINT('',(1.128365914038,17.400309181059));
#3346 = CARTESIAN_POINT('',(1.115812576207,17.271829030742));
#3347 = CARTESIAN_POINT('',(1.080436555598,16.888491035633));
#3348 = CARTESIAN_POINT('',(1.059599710843,16.633118408976));
#3349 = CARTESIAN_POINT('',(1.041621757217,16.377085714172));
#3350 = CARTESIAN_POINT('',(1.026709544877,16.120446793346));
#3351 = CARTESIAN_POINT('',(1.015070726591,15.863284701664));
#3352 = CARTESIAN_POINT('',(1.006876757643,15.605718064589));
#3353 = CARTESIAN_POINT('',(1.002226994344,15.347907832213));
#3354 = CARTESIAN_POINT('',(0.999401789259,14.678826395338));
#3355 = CARTESIAN_POINT('',(1.00672506223,14.267903677348));
#3356 = CARTESIAN_POINT('',(1.023144245819,13.857965298922));
#3357 = CARTESIAN_POINT('',(1.04819493811,13.449441029052));
#3358 = CARTESIAN_POINT('',(1.080874030345,13.042531774955));
#3359 = CARTESIAN_POINT('',(1.120299280124,12.637352198232));
#3360 = CARTESIAN_POINT('',(1.165749535658,12.233935037917));
#3361 = CARTESIAN_POINT('',(1.252287273936,11.552116324631));
#3362 = CARTESIAN_POINT('',(1.290531046639,11.272840935649));
#3363 = CARTESIAN_POINT('',(1.331302124791,10.99435530467));
#3364 = CARTESIAN_POINT('',(1.374488742115,10.716646366864));
#3365 = CARTESIAN_POINT('',(1.420025673321,10.439746687069));
#3366 = CARTESIAN_POINT('',(1.46789367263,10.163731023788));
#3367 = CARTESIAN_POINT('',(1.51812232739,9.888712044579));
#3368 = CARTESIAN_POINT('',(1.570796326795,9.614835192865));
#3369 = ( GEOMETRIC_REPRESENTATION_CONTEXT(2) 
PARAMETRIC_REPRESENTATION_CONTEXT() REPRESENTATION_CONTEXT('2D SPACE',''
  ) );
#3370 = ORIENTED_EDGE('',*,*,#3371,.T.);
#3371 = EDGE_CURVE('',#3221,#3372,#3374,.T.);
#3372 = VERTEX_POINT('',#3373);
#3373 = CARTESIAN_POINT('',(-59.38516480713,-56.,288.));
#3374 = SURFACE_CURVE('',#3375,(#3380,#3387),.PCURVE_S1.);
#3375 = CIRCLE('',#3376,15.);
#3376 = AXIS2_PLACEMENT_3D('',#3377,#3378,#3379);
#3377 = CARTESIAN_POINT('',(-54.,-42.,288.));
#3378 = DIRECTION('',(0.,0.,1.));
#3379 = DIRECTION('',(1.,0.,-0.));
#3380 = PCURVE('',#3002,#3381);
#3381 = DEFINITIONAL_REPRESENTATION('',(#3382),#3386);
#3382 = LINE('',#3383,#3384);
#3383 = CARTESIAN_POINT('',(-0.,-4.));
#3384 = VECTOR('',#3385,1.);
#3385 = DIRECTION('',(-1.,-0.));
#3386 = ( GEOMETRIC_REPRESENTATION_CONTEXT(2) 
PARAMETRIC_REPRESENTATION_CONTEXT() REPRESENTATION_CONTEXT('2D SPACE',''
  ) );
#3387 = PCURVE('',#3388,#3393);
#3388 = PLANE('',#3389);
#3389 = AXIS2_PLACEMENT_3D('',#3390,#3391,#3392);
#3390 = CARTESIAN_POINT('',(-75.,-58.,288.));
#3391 = DIRECTION('',(0.,0.,1.));
#3392 = DIRECTION('',(1.,0.,0.));
#3393 = DEFINITIONAL_REPRESENTATION('',(#3394),#3398);
#3394 = CIRCLE('',#3395,15.);
#3395 = AXIS2_PLACEMENT_2D('',#3396,#3397);
#3396 = CARTESIAN_POINT('',(21.,16.));
#3397 = DIRECTION('',(1.,0.));
#3398 = ( GEOMETRIC_REPRESENTATION_CONTEXT(2) 
PARAMETRIC_REPRESENTATION_CONTEXT() REPRESENTATION_CONTEXT('2D SPACE',''
  ) );
#3399 = ORIENTED_EDGE('',*,*,#3400,.T.);
#3400 = EDGE_CURVE('',#3372,#3401,#3403,.T.);
#3401 = VERTEX_POINT('',#3402);
#3402 = CARTESIAN_POINT('',(-48.61483519286,-56.,288.));
#3403 = SURFACE_CURVE('',#3404,(#3449,#3497),.PCURVE_S1.);
#3404 = B_SPLINE_CURVE_WITH_KNOTS('',8,(#3405,#3406,#3407,#3408,#3409,
    #3410,#3411,#3412,#3413,#3414,#3415,#3416,#3417,#3418,#3419,#3420,
    #3421,#3422,#3423,#3424,#3425,#3426,#3427,#3428,#3429,#3430,#3431,
    #3432,#3433,#3434,#3435,#3436,#3437,#3438,#3439,#3440,#3441,#3442,
    #3443,#3444,#3445,#3446,#3447,#3448),.UNSPECIFIED.,.F.,.F.,(9,7,7,7,
    7,7,9),(0.,0.103430708725,0.208608019921,0.303513817867,
    0.491393322213,0.791038043426,1.),.UNSPECIFIED.);
#3405 = CARTESIAN_POINT('',(-59.38516480713,-56.,288.));
#3406 = CARTESIAN_POINT('',(-59.24936645639,-56.05223546423,288.));
#3407 = CARTESIAN_POINT('',(-59.11328055029,-56.10327101589,
    287.99844086046));
#3408 = CARTESIAN_POINT('',(-58.97692915313,-56.15307139004,
    287.99544784144));
#3409 = CARTESIAN_POINT('',(-58.84033096865,-56.20160550989,
    287.99114144683));
#3410 = CARTESIAN_POINT('',(-58.70350120075,-56.24884580234,
    287.98563821183));
#3411 = CARTESIAN_POINT('',(-58.56645141427,-56.29476751343,
    287.97905149042));
#3412 = CARTESIAN_POINT('',(-58.42918939568,-56.33934802385,
    287.97149224282));
#3413 = CARTESIAN_POINT('',(-58.15192721209,-56.42651411638,
    287.9545051763));
#3414 = CARTESIAN_POINT('',(-58.01192214694,-56.46905260585,
    287.94504812471));
#3415 = CARTESIAN_POINT('',(-57.87170825632,-56.51015942882,
    287.93481346664));
#3416 = CARTESIAN_POINT('',(-57.73128861826,-56.54981305488,
    287.92391461998));
#3417 = CARTESIAN_POINT('',(-57.59066486816,-56.58799229984,
    287.91246413637));
#3418 = CARTESIAN_POINT('',(-57.44983711605,-56.62467599834,
    287.90057421534));
#3419 = CARTESIAN_POINT('',(-57.30880386381,-56.65984267645,
    287.88835721857));
#3420 = CARTESIAN_POINT('',(-57.0401135308,-56.72381373868,
    287.86470915221));
#3421 = CARTESIAN_POINT('',(-56.91249660141,-56.75290372575,
    287.85331800079));
#3422 = CARTESIAN_POINT('',(-56.7847090104,-56.7807240428,
    287.84183540303));
#3423 = CARTESIAN_POINT('',(-56.6567491513,-56.80725769313,
    287.83034481483));
#3424 = CARTESIAN_POINT('',(-56.52861600021,-56.83248694566,
    287.8189300488));
#3425 = CARTESIAN_POINT('',(-56.40030918105,-56.85639345451,
    287.80767484829));
#3426 = CARTESIAN_POINT('',(-56.27182903074,-56.87895837873,
    287.79666246148));
#3427 = CARTESIAN_POINT('',(-55.88849103563,-56.94213907476,
    287.76481829426));
#3428 = CARTESIAN_POINT('',(-55.63311840897,-56.97878479947,
    287.74493415536));
#3429 = CARTESIAN_POINT('',(-55.37708571417,-57.00994703321,
    287.7269618279));
#3430 = CARTESIAN_POINT('',(-55.12044679334,-57.03546981213,
    287.71151669948));
#3431 = CARTESIAN_POINT('',(-54.86328470165,-57.05520265185,
    287.6991668102));
#3432 = CARTESIAN_POINT('',(-54.60571806459,-57.0690221524,
    287.69035860879));
#3433 = CARTESIAN_POINT('',(-54.34790783221,-57.07685467193,
    287.68534529315));
#3434 = CARTESIAN_POINT('',(-53.67882639534,-57.0816128,287.68229777738)
  );
#3435 = CARTESIAN_POINT('',(-53.26790367723,-57.06927547011,
    287.69019151517));
#3436 = CARTESIAN_POINT('',(-52.85796529906,-57.04168135211,
    287.70799569827));
#3437 = CARTESIAN_POINT('',(-52.44944102895,-56.99919866032,
    287.73455150908));
#3438 = CARTESIAN_POINT('',(-52.042531775,-56.94251091538,
    287.76727340213));
#3439 = CARTESIAN_POINT('',(-51.63735219821,-56.87226824018,
    287.80350118338));
#3440 = CARTESIAN_POINT('',(-51.23393503791,-56.78906598124,
    287.84059016859));
#3441 = CARTESIAN_POINT('',(-50.55211632463,-56.62672608444,
    287.90059748892));
#3442 = CARTESIAN_POINT('',(-50.27284093564,-56.55398158907,
    287.92440638597));
#3443 = CARTESIAN_POINT('',(-49.99435530467,-56.47535595032,
    287.9464928808));
#3444 = CARTESIAN_POINT('',(-49.71664636686,-56.39100709995,
    287.96598427952));
#3445 = CARTESIAN_POINT('',(-49.43974668706,-56.30109670077,
    287.98200484072));
#3446 = CARTESIAN_POINT('',(-49.16373102378,-56.20580485419,
    287.99365823456));
#3447 = CARTESIAN_POINT('',(-48.88871204458,-56.10534799881,288.));
#3448 = CARTESIAN_POINT('',(-48.61483519286,-56.,288.));
#3449 = PCURVE('',#3002,#3450);
#3450 = DEFINITIONAL_REPRESENTATION('',(#3451),#3496);
#3451 = B_SPLINE_CURVE_WITH_KNOTS('',8,(#3452,#3453,#3454,#3455,#3456,
    #3457,#3458,#3459,#3460,#3461,#3462,#3463,#3464,#3465,#3466,#3467,
    #3468,#3469,#3470,#3471,#3472,#3473,#3474,#3475,#3476,#3477,#3478,
    #3479,#3480,#3481,#3482,#3483,#3484,#3485,#3486,#3487,#3488,#3489,
    #3490,#3491,#3492,#3493,#3494,#3495),.UNSPECIFIED.,.F.,.F.,(9,7,7,7,
    7,7,9),(0.,0.103430708725,0.208608019921,0.303513817867,
    0.491393322213,0.791038043426,1.),.UNSPECIFIED.);
#3452 = CARTESIAN_POINT('',(-4.345180959827,-4.));
#3453 = CARTESIAN_POINT('',(-4.354880842022,-4.));
#3454 = CARTESIAN_POINT('',(-4.364569896874,-3.998440860465));
#3455 = CARTESIAN_POINT('',(-4.374246292781,-3.995447841446));
#3456 = CARTESIAN_POINT('',(-4.383908622103,-3.991141446837));
#3457 = CARTESIAN_POINT('',(-4.393555887494,-3.985638211838));
#3458 = CARTESIAN_POINT('',(-4.403187488239,-3.979051490429));
#3459 = CARTESIAN_POINT('',(-4.412803206589,-3.971492242829));
#3460 = CARTESIAN_POINT('',(-4.432165293642,-3.9545051763));
#3461 = CARTESIAN_POINT('',(-4.441910973574,-3.945048124718));
#3462 = CARTESIAN_POINT('',(-4.451640375953,-3.934813466642));
#3463 = CARTESIAN_POINT('',(-4.461353842599,-3.923914619986));
#3464 = CARTESIAN_POINT('',(-4.471051915086,-3.912464136374));
#3465 = CARTESIAN_POINT('',(-4.480735334745,-3.900574215345));
#3466 = CARTESIAN_POINT('',(-4.490405042659,-3.88835721857));
#3467 = CARTESIAN_POINT('',(-4.50877621011,-3.864709152216));
#3468 = CARTESIAN_POINT('',(-4.51747991122,-3.85331800079));
#3469 = CARTESIAN_POINT('',(-4.526174109179,-3.841835403033));
#3470 = CARTESIAN_POINT('',(-4.534859652936,-3.830344814839));
#3471 = CARTESIAN_POINT('',(-4.543537412779,-3.818930048805));
#3472 = CARTESIAN_POINT('',(-4.552208278913,-3.807674848292));
#3473 = CARTESIAN_POINT('',(-4.560873160044,-3.796662461486));
#3474 = CARTESIAN_POINT('',(-4.586676329193,-3.764818294268));
#3475 = CARTESIAN_POINT('',(-4.603800662341,-3.744934155362));
#3476 = CARTESIAN_POINT('',(-4.620911927167,-3.726961827907));
#3477 = CARTESIAN_POINT('',(-4.638015335534,-3.711516699487));
#3478 = CARTESIAN_POINT('',(-4.655115350214,-3.699166810203));
#3479 = CARTESIAN_POINT('',(-4.672215205582,-3.69035860879));
#3480 = CARTESIAN_POINT('',(-4.689316117068,-3.685345293151));
#3481 = CARTESIAN_POINT('',(-4.733689073949,-3.682297777385));
#3482 = CARTESIAN_POINT('',(-4.760933174972,-3.690191515175));
#3483 = CARTESIAN_POINT('',(-4.78815252643,-3.707995698278));
#3484 = CARTESIAN_POINT('',(-4.815367770824,-3.734551509083));
#3485 = CARTESIAN_POINT('',(-4.84260782449,-3.767273402131));
#3486 = CARTESIAN_POINT('',(-4.869898281153,-3.803501183384));
#3487 = CARTESIAN_POINT('',(-4.897264132151,-3.84059016859));
#3488 = CARTESIAN_POINT('',(-4.943882288214,-3.900597488925));
#3489 = CARTESIAN_POINT('',(-4.963082824625,-3.924406385978));
#3490 = CARTESIAN_POINT('',(-4.982342125351,-3.946492880803));
#3491 = CARTESIAN_POINT('',(-5.001666943888,-3.965984279528));
#3492 = CARTESIAN_POINT('',(-5.021059565687,-3.982004840723));
#3493 = CARTESIAN_POINT('',(-5.040517737665,-3.993658234561));
#3494 = CARTESIAN_POINT('',(-5.060034368677,-4.));
#3495 = CARTESIAN_POINT('',(-5.079597000943,-4.));
#3496 = ( GEOMETRIC_REPRESENTATION_CONTEXT(2) 
PARAMETRIC_REPRESENTATION_CONTEXT() REPRESENTATION_CONTEXT('2D SPACE',''
  ) );
#3497 = PCURVE('',#3498,#3503);
#3498 = CYLINDRICAL_SURFACE('',#3499,2.);
#3499 = AXIS2_PLACEMENT_3D('',#3500,#3501,#3502);
#3500 = CARTESIAN_POINT('',(-39.,-56.,286.));
#3501 = DIRECTION('',(-1.,-0.,-0.));
#3502 = DIRECTION('',(0.,-1.,0.));
#3503 = DEFINITIONAL_REPRESENTATION('',(#3504),#3549);
#3504 = B_SPLINE_CURVE_WITH_KNOTS('',8,(#3505,#3506,#3507,#3508,#3509,
    #3510,#3511,#3512,#3513,#3514,#3515,#3516,#3517,#3518,#3519,#3520,
    #3521,#3522,#3523,#3524,#3525,#3526,#3527,#3528,#3529,#3530,#3531,
    #3532,#3533,#3534,#3535,#3536,#3537,#3538,#3539,#3540,#3541,#3542,
    #3543,#3544,#3545,#3546,#3547,#3548),.UNSPECIFIED.,.F.,.F.,(9,7,7,7,
    7,7,9),(0.,0.103430708725,0.208608019921,0.303513817867,
    0.491393322213,0.791038043426,1.),.UNSPECIFIED.);
#3505 = CARTESIAN_POINT('',(1.570796326795,20.385164807134));
#3506 = CARTESIAN_POINT('',(1.544678594679,20.249366456397));
#3507 = CARTESIAN_POINT('',(1.519160787711,20.113280550299));
#3508 = CARTESIAN_POINT('',(1.494233493354,19.976929153139));
#3509 = CARTESIAN_POINT('',(1.469890251033,19.840330968653));
#3510 = CARTESIAN_POINT('',(1.446127466723,19.703501200756));
#3511 = CARTESIAN_POINT('',(1.422944327537,19.566451414273));
#3512 = CARTESIAN_POINT('',(1.400342716316,19.429189395683));
#3513 = CARTESIAN_POINT('',(1.355939765638,19.151927212096));
#3514 = CARTESIAN_POINT('',(1.334158761849,19.011922146948));
#3515 = CARTESIAN_POINT('',(1.312988929761,18.871708256325));
#3516 = CARTESIAN_POINT('',(1.292438439536,18.731288618264));
#3517 = CARTESIAN_POINT('',(1.272518773123,18.590664868168));
#3518 = CARTESIAN_POINT('',(1.253244680789,18.449837116054));
#3519 = CARTESIAN_POINT('',(1.234634137652,18.308803863812));
#3520 = CARTESIAN_POINT('',(1.200533082514,18.040113530806));
#3521 = CARTESIAN_POINT('',(1.184915566247,17.912496601414));
#3522 = CARTESIAN_POINT('',(1.169871185407,17.784709010407));
#3523 = CARTESIAN_POINT('',(1.155417810288,17.656749151304));
#3524 = CARTESIAN_POINT('',(1.141575443177,17.528616000218));
#3525 = CARTESIAN_POINT('',(1.128365914038,17.400309181059));
#3526 = CARTESIAN_POINT('',(1.115812576207,17.271829030742));
#3527 = CARTESIAN_POINT('',(1.080436555598,16.888491035634));
#3528 = CARTESIAN_POINT('',(1.059599710842,16.633118408971));
#3529 = CARTESIAN_POINT('',(1.041621757218,16.377085714179));
#3530 = CARTESIAN_POINT('',(1.026709544877,16.120446793345));
#3531 = CARTESIAN_POINT('',(1.015070726591,15.863284701658));
#3532 = CARTESIAN_POINT('',(1.006876757643,15.605718064596));
#3533 = CARTESIAN_POINT('',(1.002226994344,15.34790783221));
#3534 = CARTESIAN_POINT('',(0.999401789259,14.678826395349));
#3535 = CARTESIAN_POINT('',(1.00672506223,14.267903677207));
#3536 = CARTESIAN_POINT('',(1.023144245817,13.857965299101));
#3537 = CARTESIAN_POINT('',(1.048194938114,13.449441028923));
#3538 = CARTESIAN_POINT('',(1.080874030342,13.042531775016));
#3539 = CARTESIAN_POINT('',(1.120299280126,12.637352198214));
#3540 = CARTESIAN_POINT('',(1.165749535657,12.233935037919));
#3541 = CARTESIAN_POINT('',(1.252287273936,11.552116324631));
#3542 = CARTESIAN_POINT('',(1.290531046639,11.272840935649));
#3543 = CARTESIAN_POINT('',(1.331302124791,10.99435530467));
#3544 = CARTESIAN_POINT('',(1.374488742115,10.716646366864));
#3545 = CARTESIAN_POINT('',(1.420025673321,10.439746687069));
#3546 = CARTESIAN_POINT('',(1.46789367263,10.163731023787));
#3547 = CARTESIAN_POINT('',(1.51812232739,9.88871204458));
#3548 = CARTESIAN_POINT('',(1.570796326795,9.614835192865));
#3549 = ( GEOMETRIC_REPRESENTATION_CONTEXT(2) 
PARAMETRIC_REPRESENTATION_CONTEXT() REPRESENTATION_CONTEXT('2D SPACE',''
  ) );
#3550 = ORIENTED_EDGE('',*,*,#3551,.T.);
#3551 = EDGE_CURVE('',#3401,#3167,#3552,.T.);
#3552 = SURFACE_CURVE('',#3553,(#3558,#3565),.PCURVE_S1.);
#3553 = CIRCLE('',#3554,15.);
#3554 = AXIS2_PLACEMENT_3D('',#3555,#3556,#3557);
#3555 = CARTESIAN_POINT('',(-54.,-42.,288.));
#3556 = DIRECTION('',(0.,0.,1.));
#3557 = DIRECTION('',(1.,0.,-0.));
#3558 = PCURVE('',#3002,#3559);
#3559 = DEFINITIONAL_REPRESENTATION('',(#3560),#3564);
#3560 = LINE('',#3561,#3562);
#3561 = CARTESIAN_POINT('',(-0.,-4.));
#3562 = VECTOR('',#3563,1.);
#3563 = DIRECTION('',(-1.,-0.));
#3564 = ( GEOMETRIC_REPRESENTATION_CONTEXT(2) 
PARAMETRIC_REPRESENTATION_CONTEXT() REPRESENTATION_CONTEXT('2D SPACE',''
  ) );
#3565 = PCURVE('',#3208,#3566);
#3566 = DEFINITIONAL_REPRESENTATION('',(#3567),#3571);
#3567 = CIRCLE('',#3568,15.);
#3568 = AXIS2_PLACEMENT_2D('',#3569,#3570);
#3569 = CARTESIAN_POINT('',(21.,16.));
#3570 = DIRECTION('',(1.,0.));
#3571 = ( GEOMETRIC_REPRESENTATION_CONTEXT(2) 
PARAMETRIC_REPRESENTATION_CONTEXT() REPRESENTATION_CONTEXT('2D SPACE',''
  ) );
#3572 = ADVANCED_FACE('',(#3573),#3208,.T.);
#3573 = FACE_BOUND('',#3574,.T.);
#3574 = EDGE_LOOP('',(#3575,#3576,#3599,#3632,#3660,#3693,#3714));
#3575 = ORIENTED_EDGE('',*,*,#3551,.F.);
#3576 = ORIENTED_EDGE('',*,*,#3577,.F.);
#3577 = EDGE_CURVE('',#3578,#3401,#3580,.T.);
#3578 = VERTEX_POINT('',#3579);
#3579 = CARTESIAN_POINT('',(-39.,-56.,288.));
#3580 = SURFACE_CURVE('',#3581,(#3585,#3592),.PCURVE_S1.);
#3581 = LINE('',#3582,#3583);
#3582 = CARTESIAN_POINT('',(-39.,-56.,288.));
#3583 = VECTOR('',#3584,1.);
#3584 = DIRECTION('',(-1.,-0.,-0.));
#3585 = PCURVE('',#3208,#3586);
#3586 = DEFINITIONAL_REPRESENTATION('',(#3587),#3591);
#3587 = LINE('',#3588,#3589);
#3588 = CARTESIAN_POINT('',(36.,2.));
#3589 = VECTOR('',#3590,1.);
#3590 = DIRECTION('',(-1.,-0.));
#3591 = ( GEOMETRIC_REPRESENTATION_CONTEXT(2) 
PARAMETRIC_REPRESENTATION_CONTEXT() REPRESENTATION_CONTEXT('2D SPACE',''
  ) );
#3592 = PCURVE('',#3498,#3593);
#3593 = DEFINITIONAL_REPRESENTATION('',(#3594),#3598);
#3594 = LINE('',#3595,#3596);
#3595 = CARTESIAN_POINT('',(1.570796326795,0.));
#3596 = VECTOR('',#3597,1.);
#3597 = DIRECTION('',(0.,1.));
#3598 = ( GEOMETRIC_REPRESENTATION_CONTEXT(2) 
PARAMETRIC_REPRESENTATION_CONTEXT() REPRESENTATION_CONTEXT('2D SPACE',''
  ) );
#3599 = ORIENTED_EDGE('',*,*,#3600,.F.);
#3600 = EDGE_CURVE('',#3601,#3578,#3603,.T.);
#3601 = VERTEX_POINT('',#3602);
#3602 = CARTESIAN_POINT('',(-35.,-52.,288.));
#3603 = SURFACE_CURVE('',#3604,(#3609,#3620),.PCURVE_S1.);
#3604 = CIRCLE('',#3605,4.);
#3605 = AXIS2_PLACEMENT_3D('',#3606,#3607,#3608);
#3606 = CARTESIAN_POINT('',(-39.,-52.,288.));
#3607 = DIRECTION('',(0.,-0.,-1.));
#3608 = DIRECTION('',(1.,0.,-0.));
#3609 = PCURVE('',#3208,#3610);
#3610 = DEFINITIONAL_REPRESENTATION('',(#3611),#3619);
#3611 = ( BOUNDED_CURVE() B_SPLINE_CURVE(2,(#3612,#3613,#3614,#3615,
#3616,#3617,#3618),.UNSPECIFIED.,.T.,.F.) B_SPLINE_CURVE_WITH_KNOTS((1,2
    ,2,2,2,1),(-2.094395102393,0.,2.094395102393,4.188790204786,
6.28318530718,8.377580409573),.UNSPECIFIED.) CURVE() 
GEOMETRIC_REPRESENTATION_ITEM() RATIONAL_B_SPLINE_CURVE((1.,0.5,1.,0.5,
1.,0.5,1.)) REPRESENTATION_ITEM('') );
#3612 = CARTESIAN_POINT('',(40.,6.));
#3613 = CARTESIAN_POINT('',(40.,-0.928203230276));
#3614 = CARTESIAN_POINT('',(34.,2.535898384862));
#3615 = CARTESIAN_POINT('',(28.,6.));
#3616 = CARTESIAN_POINT('',(34.,9.464101615138));
#3617 = CARTESIAN_POINT('',(40.,12.928203230276));
#3618 = CARTESIAN_POINT('',(40.,6.));
#3619 = ( GEOMETRIC_REPRESENTATION_CONTEXT(2) 
PARAMETRIC_REPRESENTATION_CONTEXT() REPRESENTATION_CONTEXT('2D SPACE',''
  ) );
#3620 = PCURVE('',#3621,#3626);
#3621 = TOROIDAL_SURFACE('',#3622,4.,2.);
#3622 = AXIS2_PLACEMENT_3D('',#3623,#3624,#3625);
#3623 = CARTESIAN_POINT('',(-39.,-52.,286.));
#3624 = DIRECTION('',(0.,0.,1.));
#3625 = DIRECTION('',(1.,0.,-0.));
#3626 = DEFINITIONAL_REPRESENTATION('',(#3627),#3631);
#3627 = LINE('',#3628,#3629);
#3628 = CARTESIAN_POINT('',(-0.,1.570796326795));
#3629 = VECTOR('',#3630,1.);
#3630 = DIRECTION('',(-1.,0.));
#3631 = ( GEOMETRIC_REPRESENTATION_CONTEXT(2) 
PARAMETRIC_REPRESENTATION_CONTEXT() REPRESENTATION_CONTEXT('2D SPACE',''
  ) );
#3632 = ORIENTED_EDGE('',*,*,#3633,.F.);
#3633 = EDGE_CURVE('',#3634,#3601,#3636,.T.);
#3634 = VERTEX_POINT('',#3635);
#3635 = CARTESIAN_POINT('',(-35.,-32.,288.));
#3636 = SURFACE_CURVE('',#3637,(#3641,#3648),.PCURVE_S1.);
#3637 = LINE('',#3638,#3639);
#3638 = CARTESIAN_POINT('',(-35.,-32.,288.));
#3639 = VECTOR('',#3640,1.);
#3640 = DIRECTION('',(-0.,-1.,-0.));
#3641 = PCURVE('',#3208,#3642);
#3642 = DEFINITIONAL_REPRESENTATION('',(#3643),#3647);
#3643 = LINE('',#3644,#3645);
#3644 = CARTESIAN_POINT('',(40.,26.));
#3645 = VECTOR('',#3646,1.);
#3646 = DIRECTION('',(-0.,-1.));
#3647 = ( GEOMETRIC_REPRESENTATION_CONTEXT(2) 
PARAMETRIC_REPRESENTATION_CONTEXT() REPRESENTATION_CONTEXT('2D SPACE',''
  ) );
#3648 = PCURVE('',#3649,#3654);
#3649 = CYLINDRICAL_SURFACE('',#3650,2.);
#3650 = AXIS2_PLACEMENT_3D('',#3651,#3652,#3653);
#3651 = CARTESIAN_POINT('',(-35.,-32.,286.));
#3652 = DIRECTION('',(-0.,-1.,-0.));
#3653 = DIRECTION('',(1.,0.,-0.));
#3654 = DEFINITIONAL_REPRESENTATION('',(#3655),#3659);
#3655 = LINE('',#3656,#3657);
#3656 = CARTESIAN_POINT('',(1.570796326795,0.));
#3657 = VECTOR('',#3658,1.);
#3658 = DIRECTION('',(0.,1.));
#3659 = ( GEOMETRIC_REPRESENTATION_CONTEXT(2) 
PARAMETRIC_REPRESENTATION_CONTEXT() REPRESENTATION_CONTEXT('2D SPACE',''
  ) );
#3660 = ORIENTED_EDGE('',*,*,#3661,.F.);
#3661 = EDGE_CURVE('',#3662,#3634,#3664,.T.);
#3662 = VERTEX_POINT('',#3663);
#3663 = CARTESIAN_POINT('',(-39.,-28.,288.));
#3664 = SURFACE_CURVE('',#3665,(#3670,#3681),.PCURVE_S1.);
#3665 = CIRCLE('',#3666,4.);
#3666 = AXIS2_PLACEMENT_3D('',#3667,#3668,#3669);
#3667 = CARTESIAN_POINT('',(-39.,-32.,288.));
#3668 = DIRECTION('',(0.,-0.,-1.));
#3669 = DIRECTION('',(0.,1.,-0.));
#3670 = PCURVE('',#3208,#3671);
#3671 = DEFINITIONAL_REPRESENTATION('',(#3672),#3680);
#3672 = ( BOUNDED_CURVE() B_SPLINE_CURVE(2,(#3673,#3674,#3675,#3676,
#3677,#3678,#3679),.UNSPECIFIED.,.T.,.F.) B_SPLINE_CURVE_WITH_KNOTS((1,2
    ,2,2,2,1),(-2.094395102393,0.,2.094395102393,4.188790204786,
6.28318530718,8.377580409573),.UNSPECIFIED.) CURVE() 
GEOMETRIC_REPRESENTATION_ITEM() RATIONAL_B_SPLINE_CURVE((1.,0.5,1.,0.5,
1.,0.5,1.)) REPRESENTATION_ITEM('') );
#3673 = CARTESIAN_POINT('',(36.,30.));
#3674 = CARTESIAN_POINT('',(42.928203230276,30.));
#3675 = CARTESIAN_POINT('',(39.464101615138,24.));
#3676 = CARTESIAN_POINT('',(36.,18.));
#3677 = CARTESIAN_POINT('',(32.535898384862,24.));
#3678 = CARTESIAN_POINT('',(29.071796769724,30.));
#3679 = CARTESIAN_POINT('',(36.,30.));
#3680 = ( GEOMETRIC_REPRESENTATION_CONTEXT(2) 
PARAMETRIC_REPRESENTATION_CONTEXT() REPRESENTATION_CONTEXT('2D SPACE',''
  ) );
#3681 = PCURVE('',#3682,#3687);
#3682 = TOROIDAL_SURFACE('',#3683,4.,2.);
#3683 = AXIS2_PLACEMENT_3D('',#3684,#3685,#3686);
#3684 = CARTESIAN_POINT('',(-39.,-32.,286.));
#3685 = DIRECTION('',(0.,0.,1.));
#3686 = DIRECTION('',(0.,1.,-0.));
#3687 = DEFINITIONAL_REPRESENTATION('',(#3688),#3692);
#3688 = LINE('',#3689,#3690);
#3689 = CARTESIAN_POINT('',(-0.,1.570796326795));
#3690 = VECTOR('',#3691,1.);
#3691 = DIRECTION('',(-1.,0.));
#3692 = ( GEOMETRIC_REPRESENTATION_CONTEXT(2) 
PARAMETRIC_REPRESENTATION_CONTEXT() REPRESENTATION_CONTEXT('2D SPACE',''
  ) );
#3693 = ORIENTED_EDGE('',*,*,#3694,.F.);
#3694 = EDGE_CURVE('',#3192,#3662,#3695,.T.);
#3695 = SURFACE_CURVE('',#3696,(#3700,#3707),.PCURVE_S1.);
#3696 = LINE('',#3697,#3698);
#3697 = CARTESIAN_POINT('',(-69.,-28.,288.));
#3698 = VECTOR('',#3699,1.);
#3699 = DIRECTION('',(1.,0.,0.));
#3700 = PCURVE('',#3208,#3701);
#3701 = DEFINITIONAL_REPRESENTATION('',(#3702),#3706);
#3702 = LINE('',#3703,#3704);
#3703 = CARTESIAN_POINT('',(6.,30.));
#3704 = VECTOR('',#3705,1.);
#3705 = DIRECTION('',(1.,0.));
#3706 = ( GEOMETRIC_REPRESENTATION_CONTEXT(2) 
PARAMETRIC_REPRESENTATION_CONTEXT() REPRESENTATION_CONTEXT('2D SPACE',''
  ) );
#3707 = PCURVE('',#3318,#3708);
#3708 = DEFINITIONAL_REPRESENTATION('',(#3709),#3713);
#3709 = LINE('',#3710,#3711);
#3710 = CARTESIAN_POINT('',(1.570796326795,0.));
#3711 = VECTOR('',#3712,1.);
#3712 = DIRECTION('',(0.,1.));
#3713 = ( GEOMETRIC_REPRESENTATION_CONTEXT(2) 
PARAMETRIC_REPRESENTATION_CONTEXT() REPRESENTATION_CONTEXT('2D SPACE',''
  ) );
#3714 = ORIENTED_EDGE('',*,*,#3191,.F.);
#3715 = ADVANCED_FACE('',(#3716),#3498,.T.);
#3716 = FACE_BOUND('',#3717,.T.);
#3717 = EDGE_LOOP('',(#3718,#3748,#3768,#3769,#3770,#3793));
#3718 = ORIENTED_EDGE('',*,*,#3719,.F.);
#3719 = EDGE_CURVE('',#3720,#3722,#3724,.T.);
#3720 = VERTEX_POINT('',#3721);
#3721 = CARTESIAN_POINT('',(-39.,-58.,286.));
#3722 = VERTEX_POINT('',#3723);
#3723 = CARTESIAN_POINT('',(-69.,-58.,286.));
#3724 = SURFACE_CURVE('',#3725,(#3729,#3736),.PCURVE_S1.);
#3725 = LINE('',#3726,#3727);
#3726 = CARTESIAN_POINT('',(-39.,-58.,286.));
#3727 = VECTOR('',#3728,1.);
#3728 = DIRECTION('',(-1.,-0.,-0.));
#3729 = PCURVE('',#3498,#3730);
#3730 = DEFINITIONAL_REPRESENTATION('',(#3731),#3735);
#3731 = LINE('',#3732,#3733);
#3732 = CARTESIAN_POINT('',(0.,0.));
#3733 = VECTOR('',#3734,1.);
#3734 = DIRECTION('',(0.,1.));
#3735 = ( GEOMETRIC_REPRESENTATION_CONTEXT(2) 
PARAMETRIC_REPRESENTATION_CONTEXT() REPRESENTATION_CONTEXT('2D SPACE',''
  ) );
#3736 = PCURVE('',#3737,#3742);
#3737 = PLANE('',#3738);
#3738 = AXIS2_PLACEMENT_3D('',#3739,#3740,#3741);
#3739 = CARTESIAN_POINT('',(-75.,-58.,280.));
#3740 = DIRECTION('',(0.,1.,0.));
#3741 = DIRECTION('',(0.,0.,1.));
#3742 = DEFINITIONAL_REPRESENTATION('',(#3743),#3747);
#3743 = LINE('',#3744,#3745);
#3744 = CARTESIAN_POINT('',(6.,36.));
#3745 = VECTOR('',#3746,1.);
#3746 = DIRECTION('',(-0.,-1.));
#3747 = ( GEOMETRIC_REPRESENTATION_CONTEXT(2) 
PARAMETRIC_REPRESENTATION_CONTEXT() REPRESENTATION_CONTEXT('2D SPACE',''
  ) );
#3748 = ORIENTED_EDGE('',*,*,#3749,.T.);
#3749 = EDGE_CURVE('',#3720,#3578,#3750,.T.);
#3750 = SURFACE_CURVE('',#3751,(#3756,#3762),.PCURVE_S1.);
#3751 = CIRCLE('',#3752,2.);
#3752 = AXIS2_PLACEMENT_3D('',#3753,#3754,#3755);
#3753 = CARTESIAN_POINT('',(-39.,-56.,286.));
#3754 = DIRECTION('',(-1.,-6.123233995737E-17,0.));
#3755 = DIRECTION('',(6.123233995737E-17,-1.,-0.));
#3756 = PCURVE('',#3498,#3757);
#3757 = DEFINITIONAL_REPRESENTATION('',(#3758),#3761);
#3758 = B_SPLINE_CURVE_WITH_KNOTS('',1,(#3759,#3760),.UNSPECIFIED.,.F.,
  .F.,(2,2),(0.,1.570796326795),.PIECEWISE_BEZIER_KNOTS.);
#3759 = CARTESIAN_POINT('',(0.,0.));
#3760 = CARTESIAN_POINT('',(1.570796326795,0.));
#3761 = ( GEOMETRIC_REPRESENTATION_CONTEXT(2) 
PARAMETRIC_REPRESENTATION_CONTEXT() REPRESENTATION_CONTEXT('2D SPACE',''
  ) );
#3762 = PCURVE('',#3621,#3763);
#3763 = DEFINITIONAL_REPRESENTATION('',(#3764),#3767);
#3764 = B_SPLINE_CURVE_WITH_KNOTS('',1,(#3765,#3766),.UNSPECIFIED.,.F.,
  .F.,(2,2),(0.,1.570796326795),.PIECEWISE_BEZIER_KNOTS.);
#3765 = CARTESIAN_POINT('',(-1.570796326795,0.));
#3766 = CARTESIAN_POINT('',(-1.570796326795,1.570796326795));
#3767 = ( GEOMETRIC_REPRESENTATION_CONTEXT(2) 
PARAMETRIC_REPRESENTATION_CONTEXT() REPRESENTATION_CONTEXT('2D SPACE',''
  ) );
#3768 = ORIENTED_EDGE('',*,*,#3577,.T.);
#3769 = ORIENTED_EDGE('',*,*,#3400,.F.);
#3770 = ORIENTED_EDGE('',*,*,#3771,.T.);
#3771 = EDGE_CURVE('',#3372,#3772,#3774,.T.);
#3772 = VERTEX_POINT('',#3773);
#3773 = CARTESIAN_POINT('',(-69.,-56.,288.));
#3774 = SURFACE_CURVE('',#3775,(#3779,#3786),.PCURVE_S1.);
#3775 = LINE('',#3776,#3777);
#3776 = CARTESIAN_POINT('',(-39.,-56.,288.));
#3777 = VECTOR('',#3778,1.);
#3778 = DIRECTION('',(-1.,-0.,-0.));
#3779 = PCURVE('',#3498,#3780);
#3780 = DEFINITIONAL_REPRESENTATION('',(#3781),#3785);
#3781 = LINE('',#3782,#3783);
#3782 = CARTESIAN_POINT('',(1.570796326795,0.));
#3783 = VECTOR('',#3784,1.);
#3784 = DIRECTION('',(0.,1.));
#3785 = ( GEOMETRIC_REPRESENTATION_CONTEXT(2) 
PARAMETRIC_REPRESENTATION_CONTEXT() REPRESENTATION_CONTEXT('2D SPACE',''
  ) );
#3786 = PCURVE('',#3388,#3787);
#3787 = DEFINITIONAL_REPRESENTATION('',(#3788),#3792);
#3788 = LINE('',#3789,#3790);
#3789 = CARTESIAN_POINT('',(36.,2.));
#3790 = VECTOR('',#3791,1.);
#3791 = DIRECTION('',(-1.,-0.));
#3792 = ( GEOMETRIC_REPRESENTATION_CONTEXT(2) 
PARAMETRIC_REPRESENTATION_CONTEXT() REPRESENTATION_CONTEXT('2D SPACE',''
  ) );
#3793 = ORIENTED_EDGE('',*,*,#3794,.F.);
#3794 = EDGE_CURVE('',#3722,#3772,#3795,.T.);
#3795 = SURFACE_CURVE('',#3796,(#3801,#3807),.PCURVE_S1.);
#3796 = CIRCLE('',#3797,2.);
#3797 = AXIS2_PLACEMENT_3D('',#3798,#3799,#3800);
#3798 = CARTESIAN_POINT('',(-69.,-56.,286.));
#3799 = DIRECTION('',(-1.,-0.,0.));
#3800 = DIRECTION('',(0.,-1.,0.));
#3801 = PCURVE('',#3498,#3802);
#3802 = DEFINITIONAL_REPRESENTATION('',(#3803),#3806);
#3803 = B_SPLINE_CURVE_WITH_KNOTS('',1,(#3804,#3805),.UNSPECIFIED.,.F.,
  .F.,(2,2),(0.,1.570796326795),.PIECEWISE_BEZIER_KNOTS.);
#3804 = CARTESIAN_POINT('',(0.,30.));
#3805 = CARTESIAN_POINT('',(1.570796326795,30.));
#3806 = ( GEOMETRIC_REPRESENTATION_CONTEXT(2) 
PARAMETRIC_REPRESENTATION_CONTEXT() REPRESENTATION_CONTEXT('2D SPACE',''
  ) );
#3807 = PCURVE('',#3808,#3813);
#3808 = TOROIDAL_SURFACE('',#3809,4.,2.);
#3809 = AXIS2_PLACEMENT_3D('',#3810,#3811,#3812);
#3810 = CARTESIAN_POINT('',(-69.,-52.,286.));
#3811 = DIRECTION('',(0.,0.,1.));
#3812 = DIRECTION('',(0.,-1.,0.));
#3813 = DEFINITIONAL_REPRESENTATION('',(#3814),#3817);
#3814 = B_SPLINE_CURVE_WITH_KNOTS('',1,(#3815,#3816),.UNSPECIFIED.,.F.,
  .F.,(2,2),(0.,1.570796326795),.PIECEWISE_BEZIER_KNOTS.);
#3815 = CARTESIAN_POINT('',(0.,0.));
#3816 = CARTESIAN_POINT('',(0.,1.570796326795));
#3817 = ( GEOMETRIC_REPRESENTATION_CONTEXT(2) 
PARAMETRIC_REPRESENTATION_CONTEXT() REPRESENTATION_CONTEXT('2D SPACE',''
  ) );
#3818 = ADVANCED_FACE('',(#3819),#3388,.T.);
#3819 = FACE_BOUND('',#3820,.T.);
#3820 = EDGE_LOOP('',(#3821,#3851,#3877,#3878,#3879,#3902));
#3821 = ORIENTED_EDGE('',*,*,#3822,.F.);
#3822 = EDGE_CURVE('',#3823,#3825,#3827,.T.);
#3823 = VERTEX_POINT('',#3824);
#3824 = CARTESIAN_POINT('',(-73.,-52.,288.));
#3825 = VERTEX_POINT('',#3826);
#3826 = CARTESIAN_POINT('',(-73.,-32.,288.));
#3827 = SURFACE_CURVE('',#3828,(#3832,#3839),.PCURVE_S1.);
#3828 = LINE('',#3829,#3830);
#3829 = CARTESIAN_POINT('',(-73.,-52.,288.));
#3830 = VECTOR('',#3831,1.);
#3831 = DIRECTION('',(0.,1.,0.));
#3832 = PCURVE('',#3388,#3833);
#3833 = DEFINITIONAL_REPRESENTATION('',(#3834),#3838);
#3834 = LINE('',#3835,#3836);
#3835 = CARTESIAN_POINT('',(2.,6.));
#3836 = VECTOR('',#3837,1.);
#3837 = DIRECTION('',(0.,1.));
#3838 = ( GEOMETRIC_REPRESENTATION_CONTEXT(2) 
PARAMETRIC_REPRESENTATION_CONTEXT() REPRESENTATION_CONTEXT('2D SPACE',''
  ) );
#3839 = PCURVE('',#3840,#3845);
#3840 = CYLINDRICAL_SURFACE('',#3841,2.);
#3841 = AXIS2_PLACEMENT_3D('',#3842,#3843,#3844);
#3842 = CARTESIAN_POINT('',(-73.,-52.,286.));
#3843 = DIRECTION('',(0.,1.,0.));
#3844 = DIRECTION('',(-1.,0.,0.));
#3845 = DEFINITIONAL_REPRESENTATION('',(#3846),#3850);
#3846 = LINE('',#3847,#3848);
#3847 = CARTESIAN_POINT('',(1.570796326795,0.));
#3848 = VECTOR('',#3849,1.);
#3849 = DIRECTION('',(0.,1.));
#3850 = ( GEOMETRIC_REPRESENTATION_CONTEXT(2) 
PARAMETRIC_REPRESENTATION_CONTEXT() REPRESENTATION_CONTEXT('2D SPACE',''
  ) );
#3851 = ORIENTED_EDGE('',*,*,#3852,.F.);
#3852 = EDGE_CURVE('',#3772,#3823,#3853,.T.);
#3853 = SURFACE_CURVE('',#3854,(#3859,#3870),.PCURVE_S1.);
#3854 = CIRCLE('',#3855,4.);
#3855 = AXIS2_PLACEMENT_3D('',#3856,#3857,#3858);
#3856 = CARTESIAN_POINT('',(-69.,-52.,288.));
#3857 = DIRECTION('',(-0.,-0.,-1.));
#3858 = DIRECTION('',(0.,-1.,0.));
#3859 = PCURVE('',#3388,#3860);
#3860 = DEFINITIONAL_REPRESENTATION('',(#3861),#3869);
#3861 = ( BOUNDED_CURVE() B_SPLINE_CURVE(2,(#3862,#3863,#3864,#3865,
#3866,#3867,#3868),.UNSPECIFIED.,.T.,.F.) B_SPLINE_CURVE_WITH_KNOTS((1,2
    ,2,2,2,1),(-2.094395102393,0.,2.094395102393,4.188790204786,
6.28318530718,8.377580409573),.UNSPECIFIED.) CURVE() 
GEOMETRIC_REPRESENTATION_ITEM() RATIONAL_B_SPLINE_CURVE((1.,0.5,1.,0.5,
1.,0.5,1.)) REPRESENTATION_ITEM('') );
#3862 = CARTESIAN_POINT('',(6.,2.));
#3863 = CARTESIAN_POINT('',(-0.928203230276,2.));
#3864 = CARTESIAN_POINT('',(2.535898384862,8.));
#3865 = CARTESIAN_POINT('',(6.,14.));
#3866 = CARTESIAN_POINT('',(9.464101615138,8.));
#3867 = CARTESIAN_POINT('',(12.928203230276,2.));
#3868 = CARTESIAN_POINT('',(6.,2.));
#3869 = ( GEOMETRIC_REPRESENTATION_CONTEXT(2) 
PARAMETRIC_REPRESENTATION_CONTEXT() REPRESENTATION_CONTEXT('2D SPACE',''
  ) );
#3870 = PCURVE('',#3808,#3871);
#3871 = DEFINITIONAL_REPRESENTATION('',(#3872),#3876);
#3872 = LINE('',#3873,#3874);
#3873 = CARTESIAN_POINT('',(-0.,1.570796326795));
#3874 = VECTOR('',#3875,1.);
#3875 = DIRECTION('',(-1.,0.));
#3876 = ( GEOMETRIC_REPRESENTATION_CONTEXT(2) 
PARAMETRIC_REPRESENTATION_CONTEXT() REPRESENTATION_CONTEXT('2D SPACE',''
  ) );
#3877 = ORIENTED_EDGE('',*,*,#3771,.F.);
#3878 = ORIENTED_EDGE('',*,*,#3371,.F.);
#3879 = ORIENTED_EDGE('',*,*,#3880,.F.);
#3880 = EDGE_CURVE('',#3881,#3221,#3883,.T.);
#3881 = VERTEX_POINT('',#3882);
#3882 = CARTESIAN_POINT('',(-69.,-28.,288.));
#3883 = SURFACE_CURVE('',#3884,(#3888,#3895),.PCURVE_S1.);
#3884 = LINE('',#3885,#3886);
#3885 = CARTESIAN_POINT('',(-69.,-28.,288.));
#3886 = VECTOR('',#3887,1.);
#3887 = DIRECTION('',(1.,0.,0.));
#3888 = PCURVE('',#3388,#3889);
#3889 = DEFINITIONAL_REPRESENTATION('',(#3890),#3894);
#3890 = LINE('',#3891,#3892);
#3891 = CARTESIAN_POINT('',(6.,30.));
#3892 = VECTOR('',#3893,1.);
#3893 = DIRECTION('',(1.,0.));
#3894 = ( GEOMETRIC_REPRESENTATION_CONTEXT(2) 
PARAMETRIC_REPRESENTATION_CONTEXT() REPRESENTATION_CONTEXT('2D SPACE',''
  ) );
#3895 = PCURVE('',#3318,#3896);
#3896 = DEFINITIONAL_REPRESENTATION('',(#3897),#3901);
#3897 = LINE('',#3898,#3899);
#3898 = CARTESIAN_POINT('',(1.570796326795,0.));
#3899 = VECTOR('',#3900,1.);
#3900 = DIRECTION('',(0.,1.));
#3901 = ( GEOMETRIC_REPRESENTATION_CONTEXT(2) 
PARAMETRIC_REPRESENTATION_CONTEXT() REPRESENTATION_CONTEXT('2D SPACE',''
  ) );
#3902 = ORIENTED_EDGE('',*,*,#3903,.F.);
#3903 = EDGE_CURVE('',#3825,#3881,#3904,.T.);
#3904 = SURFACE_CURVE('',#3905,(#3910,#3921),.PCURVE_S1.);
#3905 = CIRCLE('',#3906,4.);
#3906 = AXIS2_PLACEMENT_3D('',#3907,#3908,#3909);
#3907 = CARTESIAN_POINT('',(-69.,-32.,288.));
#3908 = DIRECTION('',(-0.,0.,-1.));
#3909 = DIRECTION('',(-1.,0.,0.));
#3910 = PCURVE('',#3388,#3911);
#3911 = DEFINITIONAL_REPRESENTATION('',(#3912),#3920);
#3912 = ( BOUNDED_CURVE() B_SPLINE_CURVE(2,(#3913,#3914,#3915,#3916,
#3917,#3918,#3919),.UNSPECIFIED.,.T.,.F.) B_SPLINE_CURVE_WITH_KNOTS((1,2
    ,2,2,2,1),(-2.094395102393,0.,2.094395102393,4.188790204786,
6.28318530718,8.377580409573),.UNSPECIFIED.) CURVE() 
GEOMETRIC_REPRESENTATION_ITEM() RATIONAL_B_SPLINE_CURVE((1.,0.5,1.,0.5,
1.,0.5,1.)) REPRESENTATION_ITEM('') );
#3913 = CARTESIAN_POINT('',(2.,26.));
#3914 = CARTESIAN_POINT('',(2.,32.928203230276));
#3915 = CARTESIAN_POINT('',(8.,29.464101615138));
#3916 = CARTESIAN_POINT('',(14.,26.));
#3917 = CARTESIAN_POINT('',(8.,22.535898384862));
#3918 = CARTESIAN_POINT('',(2.,19.071796769724));
#3919 = CARTESIAN_POINT('',(2.,26.));
#3920 = ( GEOMETRIC_REPRESENTATION_CONTEXT(2) 
PARAMETRIC_REPRESENTATION_CONTEXT() REPRESENTATION_CONTEXT('2D SPACE',''
  ) );
#3921 = PCURVE('',#3922,#3927);
#3922 = TOROIDAL_SURFACE('',#3923,4.,2.);
#3923 = AXIS2_PLACEMENT_3D('',#3924,#3925,#3926);
#3924 = CARTESIAN_POINT('',(-69.,-32.,286.));
#3925 = DIRECTION('',(0.,0.,1.));
#3926 = DIRECTION('',(-1.,0.,0.));
#3927 = DEFINITIONAL_REPRESENTATION('',(#3928),#3932);
#3928 = LINE('',#3929,#3930);
#3929 = CARTESIAN_POINT('',(-0.,1.570796326795));
#3930 = VECTOR('',#3931,1.);
#3931 = DIRECTION('',(-1.,0.));
#3932 = ( GEOMETRIC_REPRESENTATION_CONTEXT(2) 
PARAMETRIC_REPRESENTATION_CONTEXT() REPRESENTATION_CONTEXT('2D SPACE',''
  ) );
#3933 = ADVANCED_FACE('',(#3934),#3318,.T.);
#3934 = FACE_BOUND('',#3935,.T.);
#3935 = EDGE_LOOP('',(#3936,#3966,#3986,#3987,#3988,#3989));
#3936 = ORIENTED_EDGE('',*,*,#3937,.F.);
#3937 = EDGE_CURVE('',#3938,#3940,#3942,.T.);
#3938 = VERTEX_POINT('',#3939);
#3939 = CARTESIAN_POINT('',(-69.,-26.,286.));
#3940 = VERTEX_POINT('',#3941);
#3941 = CARTESIAN_POINT('',(-39.,-26.,286.));
#3942 = SURFACE_CURVE('',#3943,(#3947,#3954),.PCURVE_S1.);
#3943 = LINE('',#3944,#3945);
#3944 = CARTESIAN_POINT('',(-69.,-26.,286.));
#3945 = VECTOR('',#3946,1.);
#3946 = DIRECTION('',(1.,0.,0.));
#3947 = PCURVE('',#3318,#3948);
#3948 = DEFINITIONAL_REPRESENTATION('',(#3949),#3953);
#3949 = LINE('',#3950,#3951);
#3950 = CARTESIAN_POINT('',(0.,0.));
#3951 = VECTOR('',#3952,1.);
#3952 = DIRECTION('',(0.,1.));
#3953 = ( GEOMETRIC_REPRESENTATION_CONTEXT(2) 
PARAMETRIC_REPRESENTATION_CONTEXT() REPRESENTATION_CONTEXT('2D SPACE',''
  ) );
#3954 = PCURVE('',#3955,#3960);
#3955 = PLANE('',#3956);
#3956 = AXIS2_PLACEMENT_3D('',#3957,#3958,#3959);
#3957 = CARTESIAN_POINT('',(-75.,-26.,280.));
#3958 = DIRECTION('',(0.,1.,0.));
#3959 = DIRECTION('',(0.,0.,1.));
#3960 = DEFINITIONAL_REPRESENTATION('',(#3961),#3965);
#3961 = LINE('',#3962,#3963);
#3962 = CARTESIAN_POINT('',(6.,6.));
#3963 = VECTOR('',#3964,1.);
#3964 = DIRECTION('',(0.,1.));
#3965 = ( GEOMETRIC_REPRESENTATION_CONTEXT(2) 
PARAMETRIC_REPRESENTATION_CONTEXT() REPRESENTATION_CONTEXT('2D SPACE',''
  ) );
#3966 = ORIENTED_EDGE('',*,*,#3967,.T.);
#3967 = EDGE_CURVE('',#3938,#3881,#3968,.T.);
#3968 = SURFACE_CURVE('',#3969,(#3974,#3980),.PCURVE_S1.);
#3969 = CIRCLE('',#3970,2.);
#3970 = AXIS2_PLACEMENT_3D('',#3971,#3972,#3973);
#3971 = CARTESIAN_POINT('',(-69.,-28.,286.));
#3972 = DIRECTION('',(1.,6.123233995737E-17,-0.));
#3973 = DIRECTION('',(-6.123233995737E-17,1.,0.));
#3974 = PCURVE('',#3318,#3975);
#3975 = DEFINITIONAL_REPRESENTATION('',(#3976),#3979);
#3976 = B_SPLINE_CURVE_WITH_KNOTS('',1,(#3977,#3978),.UNSPECIFIED.,.F.,
  .F.,(2,2),(0.,1.570796326795),.PIECEWISE_BEZIER_KNOTS.);
#3977 = CARTESIAN_POINT('',(0.,0.));
#3978 = CARTESIAN_POINT('',(1.570796326795,0.));
#3979 = ( GEOMETRIC_REPRESENTATION_CONTEXT(2) 
PARAMETRIC_REPRESENTATION_CONTEXT() REPRESENTATION_CONTEXT('2D SPACE',''
  ) );
#3980 = PCURVE('',#3922,#3981);
#3981 = DEFINITIONAL_REPRESENTATION('',(#3982),#3985);
#3982 = B_SPLINE_CURVE_WITH_KNOTS('',1,(#3983,#3984),.UNSPECIFIED.,.F.,
  .F.,(2,2),(0.,1.570796326795),.PIECEWISE_BEZIER_KNOTS.);
#3983 = CARTESIAN_POINT('',(-1.570796326795,0.));
#3984 = CARTESIAN_POINT('',(-1.570796326795,1.570796326795));
#3985 = ( GEOMETRIC_REPRESENTATION_CONTEXT(2) 
PARAMETRIC_REPRESENTATION_CONTEXT() REPRESENTATION_CONTEXT('2D SPACE',''
  ) );
#3986 = ORIENTED_EDGE('',*,*,#3880,.T.);
#3987 = ORIENTED_EDGE('',*,*,#3220,.F.);
#3988 = ORIENTED_EDGE('',*,*,#3694,.T.);
#3989 = ORIENTED_EDGE('',*,*,#3990,.F.);
#3990 = EDGE_CURVE('',#3940,#3662,#3991,.T.);
#3991 = SURFACE_CURVE('',#3992,(#3997,#4003),.PCURVE_S1.);
#3992 = CIRCLE('',#3993,2.);
#3993 = AXIS2_PLACEMENT_3D('',#3994,#3995,#3996);
#3994 = CARTESIAN_POINT('',(-39.,-28.,286.));
#3995 = DIRECTION('',(1.,0.,0.));
#3996 = DIRECTION('',(-0.,1.,0.));
#3997 = PCURVE('',#3318,#3998);
#3998 = DEFINITIONAL_REPRESENTATION('',(#3999),#4002);
#3999 = B_SPLINE_CURVE_WITH_KNOTS('',1,(#4000,#4001),.UNSPECIFIED.,.F.,
  .F.,(2,2),(0.,1.570796326795),.PIECEWISE_BEZIER_KNOTS.);
#4000 = CARTESIAN_POINT('',(0.,30.));
#4001 = CARTESIAN_POINT('',(1.570796326795,30.));
#4002 = ( GEOMETRIC_REPRESENTATION_CONTEXT(2) 
PARAMETRIC_REPRESENTATION_CONTEXT() REPRESENTATION_CONTEXT('2D SPACE',''
  ) );
#4003 = PCURVE('',#3682,#4004);
#4004 = DEFINITIONAL_REPRESENTATION('',(#4005),#4008);
#4005 = B_SPLINE_CURVE_WITH_KNOTS('',1,(#4006,#4007),.UNSPECIFIED.,.F.,
  .F.,(2,2),(0.,1.570796326795),.PIECEWISE_BEZIER_KNOTS.);
#4006 = CARTESIAN_POINT('',(0.,0.));
#4007 = CARTESIAN_POINT('',(0.,1.570796326795));
#4008 = ( GEOMETRIC_REPRESENTATION_CONTEXT(2) 
PARAMETRIC_REPRESENTATION_CONTEXT() REPRESENTATION_CONTEXT('2D SPACE',''
  ) );
#4009 = ADVANCED_FACE('',(#4010),#3682,.T.);
#4010 = FACE_BOUND('',#4011,.F.);
#4011 = EDGE_LOOP('',(#4012,#4013,#4042,#4062));
#4012 = ORIENTED_EDGE('',*,*,#3990,.F.);
#4013 = ORIENTED_EDGE('',*,*,#4014,.T.);
#4014 = EDGE_CURVE('',#3940,#4015,#4017,.T.);
#4015 = VERTEX_POINT('',#4016);
#4016 = CARTESIAN_POINT('',(-33.,-32.,286.));
#4017 = SURFACE_CURVE('',#4018,(#4023,#4030),.PCURVE_S1.);
#4018 = CIRCLE('',#4019,6.);
#4019 = AXIS2_PLACEMENT_3D('',#4020,#4021,#4022);
#4020 = CARTESIAN_POINT('',(-39.,-32.,286.));
#4021 = DIRECTION('',(0.,-0.,-1.));
#4022 = DIRECTION('',(0.,1.,-0.));
#4023 = PCURVE('',#3682,#4024);
#4024 = DEFINITIONAL_REPRESENTATION('',(#4025),#4029);
#4025 = LINE('',#4026,#4027);
#4026 = CARTESIAN_POINT('',(-0.,0.));
#4027 = VECTOR('',#4028,1.);
#4028 = DIRECTION('',(-1.,0.));
#4029 = ( GEOMETRIC_REPRESENTATION_CONTEXT(2) 
PARAMETRIC_REPRESENTATION_CONTEXT() REPRESENTATION_CONTEXT('2D SPACE',''
  ) );
#4030 = PCURVE('',#4031,#4036);
#4031 = CYLINDRICAL_SURFACE('',#4032,6.);
#4032 = AXIS2_PLACEMENT_3D('',#4033,#4034,#4035);
#4033 = CARTESIAN_POINT('',(-39.,-32.,280.));
#4034 = DIRECTION('',(0.,0.,1.));
#4035 = DIRECTION('',(1.,0.,-0.));
#4036 = DEFINITIONAL_REPRESENTATION('',(#4037),#4041);
#4037 = LINE('',#4038,#4039);
#4038 = CARTESIAN_POINT('',(1.570796326795,6.));
#4039 = VECTOR('',#4040,1.);
#4040 = DIRECTION('',(-1.,-0.));
#4041 = ( GEOMETRIC_REPRESENTATION_CONTEXT(2) 
PARAMETRIC_REPRESENTATION_CONTEXT() REPRESENTATION_CONTEXT('2D SPACE',''
  ) );
#4042 = ORIENTED_EDGE('',*,*,#4043,.T.);
#4043 = EDGE_CURVE('',#4015,#3634,#4044,.T.);
#4044 = SURFACE_CURVE('',#4045,(#4050,#4056),.PCURVE_S1.);
#4045 = CIRCLE('',#4046,2.);
#4046 = AXIS2_PLACEMENT_3D('',#4047,#4048,#4049);
#4047 = CARTESIAN_POINT('',(-35.,-32.,286.));
#4048 = DIRECTION('',(6.123233995737E-17,-1.,0.));
#4049 = DIRECTION('',(1.,6.123233995737E-17,0.));
#4050 = PCURVE('',#3682,#4051);
#4051 = DEFINITIONAL_REPRESENTATION('',(#4052),#4055);
#4052 = B_SPLINE_CURVE_WITH_KNOTS('',1,(#4053,#4054),.UNSPECIFIED.,.F.,
  .F.,(2,2),(0.,1.570796326795),.PIECEWISE_BEZIER_KNOTS.);
#4053 = CARTESIAN_POINT('',(-1.570796326795,0.));
#4054 = CARTESIAN_POINT('',(-1.570796326795,1.570796326795));
#4055 = ( GEOMETRIC_REPRESENTATION_CONTEXT(2) 
PARAMETRIC_REPRESENTATION_CONTEXT() REPRESENTATION_CONTEXT('2D SPACE',''
  ) );
#4056 = PCURVE('',#3649,#4057);
#4057 = DEFINITIONAL_REPRESENTATION('',(#4058),#4061);
#4058 = B_SPLINE_CURVE_WITH_KNOTS('',1,(#4059,#4060),.UNSPECIFIED.,.F.,
  .F.,(2,2),(0.,1.570796326795),.PIECEWISE_BEZIER_KNOTS.);
#4059 = CARTESIAN_POINT('',(0.,0.));
#4060 = CARTESIAN_POINT('',(1.570796326795,0.));
#4061 = ( GEOMETRIC_REPRESENTATION_CONTEXT(2) 
PARAMETRIC_REPRESENTATION_CONTEXT() REPRESENTATION_CONTEXT('2D SPACE',''
  ) );
#4062 = ORIENTED_EDGE('',*,*,#3661,.F.);
#4063 = ADVANCED_FACE('',(#4064),#3649,.T.);
#4064 = FACE_BOUND('',#4065,.T.);
#4065 = EDGE_LOOP('',(#4066,#4067,#4068,#4090));
#4066 = ORIENTED_EDGE('',*,*,#4043,.T.);
#4067 = ORIENTED_EDGE('',*,*,#3633,.T.);
#4068 = ORIENTED_EDGE('',*,*,#4069,.F.);
#4069 = EDGE_CURVE('',#4070,#3601,#4072,.T.);
#4070 = VERTEX_POINT('',#4071);
#4071 = CARTESIAN_POINT('',(-33.,-52.,286.));
#4072 = SURFACE_CURVE('',#4073,(#4078,#4084),.PCURVE_S1.);
#4073 = CIRCLE('',#4074,2.);
#4074 = AXIS2_PLACEMENT_3D('',#4075,#4076,#4077);
#4075 = CARTESIAN_POINT('',(-35.,-52.,286.));
#4076 = DIRECTION('',(0.,-1.,-0.));
#4077 = DIRECTION('',(1.,0.,-0.));
#4078 = PCURVE('',#3649,#4079);
#4079 = DEFINITIONAL_REPRESENTATION('',(#4080),#4083);
#4080 = B_SPLINE_CURVE_WITH_KNOTS('',1,(#4081,#4082),.UNSPECIFIED.,.F.,
  .F.,(2,2),(0.,1.570796326795),.PIECEWISE_BEZIER_KNOTS.);
#4081 = CARTESIAN_POINT('',(0.,20.));
#4082 = CARTESIAN_POINT('',(1.570796326795,20.));
#4083 = ( GEOMETRIC_REPRESENTATION_CONTEXT(2) 
PARAMETRIC_REPRESENTATION_CONTEXT() REPRESENTATION_CONTEXT('2D SPACE',''
  ) );
#4084 = PCURVE('',#3621,#4085);
#4085 = DEFINITIONAL_REPRESENTATION('',(#4086),#4089);
#4086 = B_SPLINE_CURVE_WITH_KNOTS('',1,(#4087,#4088),.UNSPECIFIED.,.F.,
  .F.,(2,2),(0.,1.570796326795),.PIECEWISE_BEZIER_KNOTS.);
#4087 = CARTESIAN_POINT('',(0.,0.));
#4088 = CARTESIAN_POINT('',(0.,1.570796326795));
#4089 = ( GEOMETRIC_REPRESENTATION_CONTEXT(2) 
PARAMETRIC_REPRESENTATION_CONTEXT() REPRESENTATION_CONTEXT('2D SPACE',''
  ) );
#4090 = ORIENTED_EDGE('',*,*,#4091,.F.);
#4091 = EDGE_CURVE('',#4015,#4070,#4092,.T.);
#4092 = SURFACE_CURVE('',#4093,(#4097,#4104),.PCURVE_S1.);
#4093 = LINE('',#4094,#4095);
#4094 = CARTESIAN_POINT('',(-33.,-32.,286.));
#4095 = VECTOR('',#4096,1.);
#4096 = DIRECTION('',(-0.,-1.,-0.));
#4097 = PCURVE('',#3649,#4098);
#4098 = DEFINITIONAL_REPRESENTATION('',(#4099),#4103);
#4099 = LINE('',#4100,#4101);
#4100 = CARTESIAN_POINT('',(0.,0.));
#4101 = VECTOR('',#4102,1.);
#4102 = DIRECTION('',(0.,1.));
#4103 = ( GEOMETRIC_REPRESENTATION_CONTEXT(2) 
PARAMETRIC_REPRESENTATION_CONTEXT() REPRESENTATION_CONTEXT('2D SPACE',''
  ) );
#4104 = PCURVE('',#4105,#4110);
#4105 = PLANE('',#4106);
#4106 = AXIS2_PLACEMENT_3D('',#4107,#4108,#4109);
#4107 = CARTESIAN_POINT('',(-33.,-58.,280.));
#4108 = DIRECTION('',(1.,0.,0.));
#4109 = DIRECTION('',(0.,0.,1.));
#4110 = DEFINITIONAL_REPRESENTATION('',(#4111),#4115);
#4111 = LINE('',#4112,#4113);
#4112 = CARTESIAN_POINT('',(6.,-26.));
#4113 = VECTOR('',#4114,1.);
#4114 = DIRECTION('',(-0.,1.));
#4115 = ( GEOMETRIC_REPRESENTATION_CONTEXT(2) 
PARAMETRIC_REPRESENTATION_CONTEXT() REPRESENTATION_CONTEXT('2D SPACE',''
  ) );
#4116 = ADVANCED_FACE('',(#4117),#3621,.T.);
#4117 = FACE_BOUND('',#4118,.F.);
#4118 = EDGE_LOOP('',(#4119,#4120,#4147,#4148));
#4119 = ORIENTED_EDGE('',*,*,#4069,.F.);
#4120 = ORIENTED_EDGE('',*,*,#4121,.T.);
#4121 = EDGE_CURVE('',#4070,#3720,#4122,.T.);
#4122 = SURFACE_CURVE('',#4123,(#4128,#4135),.PCURVE_S1.);
#4123 = CIRCLE('',#4124,6.);
#4124 = AXIS2_PLACEMENT_3D('',#4125,#4126,#4127);
#4125 = CARTESIAN_POINT('',(-39.,-52.,286.));
#4126 = DIRECTION('',(0.,-0.,-1.));
#4127 = DIRECTION('',(1.,0.,-0.));
#4128 = PCURVE('',#3621,#4129);
#4129 = DEFINITIONAL_REPRESENTATION('',(#4130),#4134);
#4130 = LINE('',#4131,#4132);
#4131 = CARTESIAN_POINT('',(-0.,0.));
#4132 = VECTOR('',#4133,1.);
#4133 = DIRECTION('',(-1.,0.));
#4134 = ( GEOMETRIC_REPRESENTATION_CONTEXT(2) 
PARAMETRIC_REPRESENTATION_CONTEXT() REPRESENTATION_CONTEXT('2D SPACE',''
  ) );
#4135 = PCURVE('',#4136,#4141);
#4136 = CYLINDRICAL_SURFACE('',#4137,6.);
#4137 = AXIS2_PLACEMENT_3D('',#4138,#4139,#4140);
#4138 = CARTESIAN_POINT('',(-39.,-52.,280.));
#4139 = DIRECTION('',(0.,0.,1.));
#4140 = DIRECTION('',(1.,0.,-0.));
#4141 = DEFINITIONAL_REPRESENTATION('',(#4142),#4146);
#4142 = LINE('',#4143,#4144);
#4143 = CARTESIAN_POINT('',(-0.,6.));
#4144 = VECTOR('',#4145,1.);
#4145 = DIRECTION('',(-1.,0.));
#4146 = ( GEOMETRIC_REPRESENTATION_CONTEXT(2) 
PARAMETRIC_REPRESENTATION_CONTEXT() REPRESENTATION_CONTEXT('2D SPACE',''
  ) );
#4147 = ORIENTED_EDGE('',*,*,#3749,.T.);
#4148 = ORIENTED_EDGE('',*,*,#3600,.F.);
#4149 = ADVANCED_FACE('',(#4150),#3737,.F.);
#4150 = FACE_BOUND('',#4151,.F.);
#4151 = EDGE_LOOP('',(#4152,#4180,#4181,#4204));
#4152 = ORIENTED_EDGE('',*,*,#4153,.T.);
#4153 = EDGE_CURVE('',#4154,#3722,#4156,.T.);
#4154 = VERTEX_POINT('',#4155);
#4155 = CARTESIAN_POINT('',(-69.,-58.,280.));
#4156 = SURFACE_CURVE('',#4157,(#4161,#4168),.PCURVE_S1.);
#4157 = LINE('',#4158,#4159);
#4158 = CARTESIAN_POINT('',(-69.,-58.,280.));
#4159 = VECTOR('',#4160,1.);
#4160 = DIRECTION('',(0.,0.,1.));
#4161 = PCURVE('',#3737,#4162);
#4162 = DEFINITIONAL_REPRESENTATION('',(#4163),#4167);
#4163 = LINE('',#4164,#4165);
#4164 = CARTESIAN_POINT('',(0.,6.));
#4165 = VECTOR('',#4166,1.);
#4166 = DIRECTION('',(1.,0.));
#4167 = ( GEOMETRIC_REPRESENTATION_CONTEXT(2) 
PARAMETRIC_REPRESENTATION_CONTEXT() REPRESENTATION_CONTEXT('2D SPACE',''
  ) );
#4168 = PCURVE('',#4169,#4174);
#4169 = CYLINDRICAL_SURFACE('',#4170,6.);
#4170 = AXIS2_PLACEMENT_3D('',#4171,#4172,#4173);
#4171 = CARTESIAN_POINT('',(-69.,-52.,280.));
#4172 = DIRECTION('',(0.,0.,1.));
#4173 = DIRECTION('',(-1.,-0.,0.));
#4174 = DEFINITIONAL_REPRESENTATION('',(#4175),#4179);
#4175 = LINE('',#4176,#4177);
#4176 = CARTESIAN_POINT('',(1.570796326795,0.));
#4177 = VECTOR('',#4178,1.);
#4178 = DIRECTION('',(0.,1.));
#4179 = ( GEOMETRIC_REPRESENTATION_CONTEXT(2) 
PARAMETRIC_REPRESENTATION_CONTEXT() REPRESENTATION_CONTEXT('2D SPACE',''
  ) );
#4180 = ORIENTED_EDGE('',*,*,#3719,.F.);
#4181 = ORIENTED_EDGE('',*,*,#4182,.F.);
#4182 = EDGE_CURVE('',#4183,#3720,#4185,.T.);
#4183 = VERTEX_POINT('',#4184);
#4184 = CARTESIAN_POINT('',(-39.,-58.,280.));
#4185 = SURFACE_CURVE('',#4186,(#4190,#4197),.PCURVE_S1.);
#4186 = LINE('',#4187,#4188);
#4187 = CARTESIAN_POINT('',(-39.,-58.,280.));
#4188 = VECTOR('',#4189,1.);
#4189 = DIRECTION('',(0.,0.,1.));
#4190 = PCURVE('',#3737,#4191);
#4191 = DEFINITIONAL_REPRESENTATION('',(#4192),#4196);
#4192 = LINE('',#4193,#4194);
#4193 = CARTESIAN_POINT('',(0.,36.));
#4194 = VECTOR('',#4195,1.);
#4195 = DIRECTION('',(1.,0.));
#4196 = ( GEOMETRIC_REPRESENTATION_CONTEXT(2) 
PARAMETRIC_REPRESENTATION_CONTEXT() REPRESENTATION_CONTEXT('2D SPACE',''
  ) );
#4197 = PCURVE('',#4136,#4198);
#4198 = DEFINITIONAL_REPRESENTATION('',(#4199),#4203);
#4199 = LINE('',#4200,#4201);
#4200 = CARTESIAN_POINT('',(-1.570796326795,0.));
#4201 = VECTOR('',#4202,1.);
#4202 = DIRECTION('',(-0.,1.));
#4203 = ( GEOMETRIC_REPRESENTATION_CONTEXT(2) 
PARAMETRIC_REPRESENTATION_CONTEXT() REPRESENTATION_CONTEXT('2D SPACE',''
  ) );
#4204 = ORIENTED_EDGE('',*,*,#4205,.F.);
#4205 = EDGE_CURVE('',#4154,#4183,#4206,.T.);
#4206 = SURFACE_CURVE('',#4207,(#4211,#4218),.PCURVE_S1.);
#4207 = LINE('',#4208,#4209);
#4208 = CARTESIAN_POINT('',(-75.,-58.,280.));
#4209 = VECTOR('',#4210,1.);
#4210 = DIRECTION('',(1.,0.,0.));
#4211 = PCURVE('',#3737,#4212);
#4212 = DEFINITIONAL_REPRESENTATION('',(#4213),#4217);
#4213 = LINE('',#4214,#4215);
#4214 = CARTESIAN_POINT('',(0.,0.));
#4215 = VECTOR('',#4216,1.);
#4216 = DIRECTION('',(0.,1.));
#4217 = ( GEOMETRIC_REPRESENTATION_CONTEXT(2) 
PARAMETRIC_REPRESENTATION_CONTEXT() REPRESENTATION_CONTEXT('2D SPACE',''
  ) );
#4218 = PCURVE('',#4219,#4224);
#4219 = PLANE('',#4220);
#4220 = AXIS2_PLACEMENT_3D('',#4221,#4222,#4223);
#4221 = CARTESIAN_POINT('',(-75.,-58.,280.));
#4222 = DIRECTION('',(0.,0.,1.));
#4223 = DIRECTION('',(1.,0.,0.));
#4224 = DEFINITIONAL_REPRESENTATION('',(#4225),#4229);
#4225 = LINE('',#4226,#4227);
#4226 = CARTESIAN_POINT('',(0.,0.));
#4227 = VECTOR('',#4228,1.);
#4228 = DIRECTION('',(1.,0.));
#4229 = ( GEOMETRIC_REPRESENTATION_CONTEXT(2) 
PARAMETRIC_REPRESENTATION_CONTEXT() REPRESENTATION_CONTEXT('2D SPACE',''
  ) );
#4230 = ADVANCED_FACE('',(#4231),#3808,.T.);
#4231 = FACE_BOUND('',#4232,.F.);
#4232 = EDGE_LOOP('',(#4233,#4234,#4258,#4278));
#4233 = ORIENTED_EDGE('',*,*,#3794,.F.);
#4234 = ORIENTED_EDGE('',*,*,#4235,.T.);
#4235 = EDGE_CURVE('',#3722,#4236,#4238,.T.);
#4236 = VERTEX_POINT('',#4237);
#4237 = CARTESIAN_POINT('',(-75.,-52.,286.));
#4238 = SURFACE_CURVE('',#4239,(#4244,#4251),.PCURVE_S1.);
#4239 = CIRCLE('',#4240,6.);
#4240 = AXIS2_PLACEMENT_3D('',#4241,#4242,#4243);
#4241 = CARTESIAN_POINT('',(-69.,-52.,286.));
#4242 = DIRECTION('',(-0.,-0.,-1.));
#4243 = DIRECTION('',(0.,-1.,0.));
#4244 = PCURVE('',#3808,#4245);
#4245 = DEFINITIONAL_REPRESENTATION('',(#4246),#4250);
#4246 = LINE('',#4247,#4248);
#4247 = CARTESIAN_POINT('',(-0.,0.));
#4248 = VECTOR('',#4249,1.);
#4249 = DIRECTION('',(-1.,0.));
#4250 = ( GEOMETRIC_REPRESENTATION_CONTEXT(2) 
PARAMETRIC_REPRESENTATION_CONTEXT() REPRESENTATION_CONTEXT('2D SPACE',''
  ) );
#4251 = PCURVE('',#4169,#4252);
#4252 = DEFINITIONAL_REPRESENTATION('',(#4253),#4257);
#4253 = LINE('',#4254,#4255);
#4254 = CARTESIAN_POINT('',(1.570796326795,6.));
#4255 = VECTOR('',#4256,1.);
#4256 = DIRECTION('',(-1.,-0.));
#4257 = ( GEOMETRIC_REPRESENTATION_CONTEXT(2) 
PARAMETRIC_REPRESENTATION_CONTEXT() REPRESENTATION_CONTEXT('2D SPACE',''
  ) );
#4258 = ORIENTED_EDGE('',*,*,#4259,.T.);
#4259 = EDGE_CURVE('',#4236,#3823,#4260,.T.);
#4260 = SURFACE_CURVE('',#4261,(#4266,#4272),.PCURVE_S1.);
#4261 = CIRCLE('',#4262,2.);
#4262 = AXIS2_PLACEMENT_3D('',#4263,#4264,#4265);
#4263 = CARTESIAN_POINT('',(-73.,-52.,286.));
#4264 = DIRECTION('',(0.,1.,0.));
#4265 = DIRECTION('',(-1.,0.,0.));
#4266 = PCURVE('',#3808,#4267);
#4267 = DEFINITIONAL_REPRESENTATION('',(#4268),#4271);
#4268 = B_SPLINE_CURVE_WITH_KNOTS('',1,(#4269,#4270),.UNSPECIFIED.,.F.,
  .F.,(2,2),(0.,1.570796326795),.PIECEWISE_BEZIER_KNOTS.);
#4269 = CARTESIAN_POINT('',(-1.570796326795,0.));
#4270 = CARTESIAN_POINT('',(-1.570796326795,1.570796326795));
#4271 = ( GEOMETRIC_REPRESENTATION_CONTEXT(2) 
PARAMETRIC_REPRESENTATION_CONTEXT() REPRESENTATION_CONTEXT('2D SPACE',''
  ) );
#4272 = PCURVE('',#3840,#4273);
#4273 = DEFINITIONAL_REPRESENTATION('',(#4274),#4277);
#4274 = B_SPLINE_CURVE_WITH_KNOTS('',1,(#4275,#4276),.UNSPECIFIED.,.F.,
  .F.,(2,2),(0.,1.570796326795),.PIECEWISE_BEZIER_KNOTS.);
#4275 = CARTESIAN_POINT('',(0.,0.));
#4276 = CARTESIAN_POINT('',(1.570796326795,0.));
#4277 = ( GEOMETRIC_REPRESENTATION_CONTEXT(2) 
PARAMETRIC_REPRESENTATION_CONTEXT() REPRESENTATION_CONTEXT('2D SPACE',''
  ) );
#4278 = ORIENTED_EDGE('',*,*,#3852,.F.);
#4279 = ADVANCED_FACE('',(#4280),#3840,.T.);
#4280 = FACE_BOUND('',#4281,.T.);
#4281 = EDGE_LOOP('',(#4282,#4283,#4284,#4306));
#4282 = ORIENTED_EDGE('',*,*,#4259,.T.);
#4283 = ORIENTED_EDGE('',*,*,#3822,.T.);
#4284 = ORIENTED_EDGE('',*,*,#4285,.F.);
#4285 = EDGE_CURVE('',#4286,#3825,#4288,.T.);
#4286 = VERTEX_POINT('',#4287);
#4287 = CARTESIAN_POINT('',(-75.,-32.,286.));
#4288 = SURFACE_CURVE('',#4289,(#4294,#4300),.PCURVE_S1.);
#4289 = CIRCLE('',#4290,2.);
#4290 = AXIS2_PLACEMENT_3D('',#4291,#4292,#4293);
#4291 = CARTESIAN_POINT('',(-73.,-32.,286.));
#4292 = DIRECTION('',(0.,1.,0.));
#4293 = DIRECTION('',(-1.,0.,0.));
#4294 = PCURVE('',#3840,#4295);
#4295 = DEFINITIONAL_REPRESENTATION('',(#4296),#4299);
#4296 = B_SPLINE_CURVE_WITH_KNOTS('',1,(#4297,#4298),.UNSPECIFIED.,.F.,
  .F.,(2,2),(0.,1.570796326795),.PIECEWISE_BEZIER_KNOTS.);
#4297 = CARTESIAN_POINT('',(0.,20.));
#4298 = CARTESIAN_POINT('',(1.570796326795,20.));
#4299 = ( GEOMETRIC_REPRESENTATION_CONTEXT(2) 
PARAMETRIC_REPRESENTATION_CONTEXT() REPRESENTATION_CONTEXT('2D SPACE',''
  ) );
#4300 = PCURVE('',#3922,#4301);
#4301 = DEFINITIONAL_REPRESENTATION('',(#4302),#4305);
#4302 = B_SPLINE_CURVE_WITH_KNOTS('',1,(#4303,#4304),.UNSPECIFIED.,.F.,
  .F.,(2,2),(0.,1.570796326795),.PIECEWISE_BEZIER_KNOTS.);
#4303 = CARTESIAN_POINT('',(0.,0.));
#4304 = CARTESIAN_POINT('',(0.,1.570796326795));
#4305 = ( GEOMETRIC_REPRESENTATION_CONTEXT(2) 
PARAMETRIC_REPRESENTATION_CONTEXT() REPRESENTATION_CONTEXT('2D SPACE',''
  ) );
#4306 = ORIENTED_EDGE('',*,*,#4307,.F.);
#4307 = EDGE_CURVE('',#4236,#4286,#4308,.T.);
#4308 = SURFACE_CURVE('',#4309,(#4313,#4320),.PCURVE_S1.);
#4309 = LINE('',#4310,#4311);
#4310 = CARTESIAN_POINT('',(-75.,-52.,286.));
#4311 = VECTOR('',#4312,1.);
#4312 = DIRECTION('',(0.,1.,0.));
#4313 = PCURVE('',#3840,#4314);
#4314 = DEFINITIONAL_REPRESENTATION('',(#4315),#4319);
#4315 = LINE('',#4316,#4317);
#4316 = CARTESIAN_POINT('',(0.,0.));
#4317 = VECTOR('',#4318,1.);
#4318 = DIRECTION('',(0.,1.));
#4319 = ( GEOMETRIC_REPRESENTATION_CONTEXT(2) 
PARAMETRIC_REPRESENTATION_CONTEXT() REPRESENTATION_CONTEXT('2D SPACE',''
  ) );
#4320 = PCURVE('',#4321,#4326);
#4321 = PLANE('',#4322);
#4322 = AXIS2_PLACEMENT_3D('',#4323,#4324,#4325);
#4323 = CARTESIAN_POINT('',(-75.,-58.,280.));
#4324 = DIRECTION('',(1.,0.,0.));
#4325 = DIRECTION('',(0.,0.,1.));
#4326 = DEFINITIONAL_REPRESENTATION('',(#4327),#4331);
#4327 = LINE('',#4328,#4329);
#4328 = CARTESIAN_POINT('',(6.,-6.));
#4329 = VECTOR('',#4330,1.);
#4330 = DIRECTION('',(0.,-1.));
#4331 = ( GEOMETRIC_REPRESENTATION_CONTEXT(2) 
PARAMETRIC_REPRESENTATION_CONTEXT() REPRESENTATION_CONTEXT('2D SPACE',''
  ) );
#4332 = ADVANCED_FACE('',(#4333),#3922,.T.);
#4333 = FACE_BOUND('',#4334,.F.);
#4334 = EDGE_LOOP('',(#4335,#4336,#4363,#4364));
#4335 = ORIENTED_EDGE('',*,*,#4285,.F.);
#4336 = ORIENTED_EDGE('',*,*,#4337,.T.);
#4337 = EDGE_CURVE('',#4286,#3938,#4338,.T.);
#4338 = SURFACE_CURVE('',#4339,(#4344,#4351),.PCURVE_S1.);
#4339 = CIRCLE('',#4340,6.);
#4340 = AXIS2_PLACEMENT_3D('',#4341,#4342,#4343);
#4341 = CARTESIAN_POINT('',(-69.,-32.,286.));
#4342 = DIRECTION('',(-0.,0.,-1.));
#4343 = DIRECTION('',(-1.,0.,0.));
#4344 = PCURVE('',#3922,#4345);
#4345 = DEFINITIONAL_REPRESENTATION('',(#4346),#4350);
#4346 = LINE('',#4347,#4348);
#4347 = CARTESIAN_POINT('',(-0.,0.));
#4348 = VECTOR('',#4349,1.);
#4349 = DIRECTION('',(-1.,0.));
#4350 = ( GEOMETRIC_REPRESENTATION_CONTEXT(2) 
PARAMETRIC_REPRESENTATION_CONTEXT() REPRESENTATION_CONTEXT('2D SPACE',''
  ) );
#4351 = PCURVE('',#4352,#4357);
#4352 = CYLINDRICAL_SURFACE('',#4353,6.);
#4353 = AXIS2_PLACEMENT_3D('',#4354,#4355,#4356);
#4354 = CARTESIAN_POINT('',(-69.,-32.,280.));
#4355 = DIRECTION('',(0.,0.,1.));
#4356 = DIRECTION('',(-1.,-0.,0.));
#4357 = DEFINITIONAL_REPRESENTATION('',(#4358),#4362);
#4358 = LINE('',#4359,#4360);
#4359 = CARTESIAN_POINT('',(-0.,6.));
#4360 = VECTOR('',#4361,1.);
#4361 = DIRECTION('',(-1.,0.));
#4362 = ( GEOMETRIC_REPRESENTATION_CONTEXT(2) 
PARAMETRIC_REPRESENTATION_CONTEXT() REPRESENTATION_CONTEXT('2D SPACE',''
  ) );
#4363 = ORIENTED_EDGE('',*,*,#3967,.T.);
#4364 = ORIENTED_EDGE('',*,*,#3903,.F.);
#4365 = ADVANCED_FACE('',(#4366),#3955,.T.);
#4366 = FACE_BOUND('',#4367,.T.);
#4367 = EDGE_LOOP('',(#4368,#4391,#4392,#4415));
#4368 = ORIENTED_EDGE('',*,*,#4369,.T.);
#4369 = EDGE_CURVE('',#4370,#3938,#4372,.T.);
#4370 = VERTEX_POINT('',#4371);
#4371 = CARTESIAN_POINT('',(-69.,-26.,280.));
#4372 = SURFACE_CURVE('',#4373,(#4377,#4384),.PCURVE_S1.);
#4373 = LINE('',#4374,#4375);
#4374 = CARTESIAN_POINT('',(-69.,-26.,280.));
#4375 = VECTOR('',#4376,1.);
#4376 = DIRECTION('',(0.,0.,1.));
#4377 = PCURVE('',#3955,#4378);
#4378 = DEFINITIONAL_REPRESENTATION('',(#4379),#4383);
#4379 = LINE('',#4380,#4381);
#4380 = CARTESIAN_POINT('',(0.,6.));
#4381 = VECTOR('',#4382,1.);
#4382 = DIRECTION('',(1.,0.));
#4383 = ( GEOMETRIC_REPRESENTATION_CONTEXT(2) 
PARAMETRIC_REPRESENTATION_CONTEXT() REPRESENTATION_CONTEXT('2D SPACE',''
  ) );
#4384 = PCURVE('',#4352,#4385);
#4385 = DEFINITIONAL_REPRESENTATION('',(#4386),#4390);
#4386 = LINE('',#4387,#4388);
#4387 = CARTESIAN_POINT('',(-1.570796326795,0.));
#4388 = VECTOR('',#4389,1.);
#4389 = DIRECTION('',(-0.,1.));
#4390 = ( GEOMETRIC_REPRESENTATION_CONTEXT(2) 
PARAMETRIC_REPRESENTATION_CONTEXT() REPRESENTATION_CONTEXT('2D SPACE',''
  ) );
#4391 = ORIENTED_EDGE('',*,*,#3937,.T.);
#4392 = ORIENTED_EDGE('',*,*,#4393,.F.);
#4393 = EDGE_CURVE('',#4394,#3940,#4396,.T.);
#4394 = VERTEX_POINT('',#4395);
#4395 = CARTESIAN_POINT('',(-39.,-26.,280.));
#4396 = SURFACE_CURVE('',#4397,(#4401,#4408),.PCURVE_S1.);
#4397 = LINE('',#4398,#4399);
#4398 = CARTESIAN_POINT('',(-39.,-26.,280.));
#4399 = VECTOR('',#4400,1.);
#4400 = DIRECTION('',(0.,0.,1.));
#4401 = PCURVE('',#3955,#4402);
#4402 = DEFINITIONAL_REPRESENTATION('',(#4403),#4407);
#4403 = LINE('',#4404,#4405);
#4404 = CARTESIAN_POINT('',(0.,36.));
#4405 = VECTOR('',#4406,1.);
#4406 = DIRECTION('',(1.,0.));
#4407 = ( GEOMETRIC_REPRESENTATION_CONTEXT(2) 
PARAMETRIC_REPRESENTATION_CONTEXT() REPRESENTATION_CONTEXT('2D SPACE',''
  ) );
#4408 = PCURVE('',#4031,#4409);
#4409 = DEFINITIONAL_REPRESENTATION('',(#4410),#4414);
#4410 = LINE('',#4411,#4412);
#4411 = CARTESIAN_POINT('',(1.570796326795,0.));
#4412 = VECTOR('',#4413,1.);
#4413 = DIRECTION('',(0.,1.));
#4414 = ( GEOMETRIC_REPRESENTATION_CONTEXT(2) 
PARAMETRIC_REPRESENTATION_CONTEXT() REPRESENTATION_CONTEXT('2D SPACE',''
  ) );
#4415 = ORIENTED_EDGE('',*,*,#4416,.F.);
#4416 = EDGE_CURVE('',#4370,#4394,#4417,.T.);
#4417 = SURFACE_CURVE('',#4418,(#4422,#4429),.PCURVE_S1.);
#4418 = LINE('',#4419,#4420);
#4419 = CARTESIAN_POINT('',(-75.,-26.,280.));
#4420 = VECTOR('',#4421,1.);
#4421 = DIRECTION('',(1.,0.,0.));
#4422 = PCURVE('',#3955,#4423);
#4423 = DEFINITIONAL_REPRESENTATION('',(#4424),#4428);
#4424 = LINE('',#4425,#4426);
#4425 = CARTESIAN_POINT('',(0.,0.));
#4426 = VECTOR('',#4427,1.);
#4427 = DIRECTION('',(0.,1.));
#4428 = ( GEOMETRIC_REPRESENTATION_CONTEXT(2) 
PARAMETRIC_REPRESENTATION_CONTEXT() REPRESENTATION_CONTEXT('2D SPACE',''
  ) );
#4429 = PCURVE('',#4219,#4430);
#4430 = DEFINITIONAL_REPRESENTATION('',(#4431),#4435);
#4431 = LINE('',#4432,#4433);
#4432 = CARTESIAN_POINT('',(0.,32.));
#4433 = VECTOR('',#4434,1.);
#4434 = DIRECTION('',(1.,0.));
#4435 = ( GEOMETRIC_REPRESENTATION_CONTEXT(2) 
PARAMETRIC_REPRESENTATION_CONTEXT() REPRESENTATION_CONTEXT('2D SPACE',''
  ) );
#4436 = ADVANCED_FACE('',(#4437),#4031,.T.);
#4437 = FACE_BOUND('',#4438,.T.);
#4438 = EDGE_LOOP('',(#4439,#4462,#4484,#4485));
#4439 = ORIENTED_EDGE('',*,*,#4440,.F.);
#4440 = EDGE_CURVE('',#4441,#4015,#4443,.T.);
#4441 = VERTEX_POINT('',#4442);
#4442 = CARTESIAN_POINT('',(-33.,-32.,280.));
#4443 = SURFACE_CURVE('',#4444,(#4448,#4455),.PCURVE_S1.);
#4444 = LINE('',#4445,#4446);
#4445 = CARTESIAN_POINT('',(-33.,-32.,280.));
#4446 = VECTOR('',#4447,1.);
#4447 = DIRECTION('',(0.,0.,1.));
#4448 = PCURVE('',#4031,#4449);
#4449 = DEFINITIONAL_REPRESENTATION('',(#4450),#4454);
#4450 = LINE('',#4451,#4452);
#4451 = CARTESIAN_POINT('',(0.,0.));
#4452 = VECTOR('',#4453,1.);
#4453 = DIRECTION('',(0.,1.));
#4454 = ( GEOMETRIC_REPRESENTATION_CONTEXT(2) 
PARAMETRIC_REPRESENTATION_CONTEXT() REPRESENTATION_CONTEXT('2D SPACE',''
  ) );
#4455 = PCURVE('',#4105,#4456);
#4456 = DEFINITIONAL_REPRESENTATION('',(#4457),#4461);
#4457 = LINE('',#4458,#4459);
#4458 = CARTESIAN_POINT('',(0.,-26.));
#4459 = VECTOR('',#4460,1.);
#4460 = DIRECTION('',(1.,0.));
#4461 = ( GEOMETRIC_REPRESENTATION_CONTEXT(2) 
PARAMETRIC_REPRESENTATION_CONTEXT() REPRESENTATION_CONTEXT('2D SPACE',''
  ) );
#4462 = ORIENTED_EDGE('',*,*,#4463,.T.);
#4463 = EDGE_CURVE('',#4441,#4394,#4464,.T.);
#4464 = SURFACE_CURVE('',#4465,(#4470,#4477),.PCURVE_S1.);
#4465 = CIRCLE('',#4466,6.);
#4466 = AXIS2_PLACEMENT_3D('',#4467,#4468,#4469);
#4467 = CARTESIAN_POINT('',(-39.,-32.,280.));
#4468 = DIRECTION('',(0.,0.,1.));
#4469 = DIRECTION('',(0.,-1.,0.));
#4470 = PCURVE('',#4031,#4471);
#4471 = DEFINITIONAL_REPRESENTATION('',(#4472),#4476);
#4472 = LINE('',#4473,#4474);
#4473 = CARTESIAN_POINT('',(-1.570796326795,0.));
#4474 = VECTOR('',#4475,1.);
#4475 = DIRECTION('',(1.,0.));
#4476 = ( GEOMETRIC_REPRESENTATION_CONTEXT(2) 
PARAMETRIC_REPRESENTATION_CONTEXT() REPRESENTATION_CONTEXT('2D SPACE',''
  ) );
#4477 = PCURVE('',#4219,#4478);
#4478 = DEFINITIONAL_REPRESENTATION('',(#4479),#4483);
#4479 = CIRCLE('',#4480,6.);
#4480 = AXIS2_PLACEMENT_2D('',#4481,#4482);
#4481 = CARTESIAN_POINT('',(36.,26.));
#4482 = DIRECTION('',(0.,-1.));
#4483 = ( GEOMETRIC_REPRESENTATION_CONTEXT(2) 
PARAMETRIC_REPRESENTATION_CONTEXT() REPRESENTATION_CONTEXT('2D SPACE',''
  ) );
#4484 = ORIENTED_EDGE('',*,*,#4393,.T.);
#4485 = ORIENTED_EDGE('',*,*,#4014,.T.);
#4486 = ADVANCED_FACE('',(#4487),#4105,.T.);
#4487 = FACE_BOUND('',#4488,.T.);
#4488 = EDGE_LOOP('',(#4489,#4512,#4533,#4534));
#4489 = ORIENTED_EDGE('',*,*,#4490,.F.);
#4490 = EDGE_CURVE('',#4491,#4070,#4493,.T.);
#4491 = VERTEX_POINT('',#4492);
#4492 = CARTESIAN_POINT('',(-33.,-52.,280.));
#4493 = SURFACE_CURVE('',#4494,(#4498,#4505),.PCURVE_S1.);
#4494 = LINE('',#4495,#4496);
#4495 = CARTESIAN_POINT('',(-33.,-52.,280.));
#4496 = VECTOR('',#4497,1.);
#4497 = DIRECTION('',(0.,0.,1.));
#4498 = PCURVE('',#4105,#4499);
#4499 = DEFINITIONAL_REPRESENTATION('',(#4500),#4504);
#4500 = LINE('',#4501,#4502);
#4501 = CARTESIAN_POINT('',(0.,-6.));
#4502 = VECTOR('',#4503,1.);
#4503 = DIRECTION('',(1.,0.));
#4504 = ( GEOMETRIC_REPRESENTATION_CONTEXT(2) 
PARAMETRIC_REPRESENTATION_CONTEXT() REPRESENTATION_CONTEXT('2D SPACE',''
  ) );
#4505 = PCURVE('',#4136,#4506);
#4506 = DEFINITIONAL_REPRESENTATION('',(#4507),#4511);
#4507 = LINE('',#4508,#4509);
#4508 = CARTESIAN_POINT('',(-0.,0.));
#4509 = VECTOR('',#4510,1.);
#4510 = DIRECTION('',(-0.,1.));
#4511 = ( GEOMETRIC_REPRESENTATION_CONTEXT(2) 
PARAMETRIC_REPRESENTATION_CONTEXT() REPRESENTATION_CONTEXT('2D SPACE',''
  ) );
#4512 = ORIENTED_EDGE('',*,*,#4513,.T.);
#4513 = EDGE_CURVE('',#4491,#4441,#4514,.T.);
#4514 = SURFACE_CURVE('',#4515,(#4519,#4526),.PCURVE_S1.);
#4515 = LINE('',#4516,#4517);
#4516 = CARTESIAN_POINT('',(-33.,-58.,280.));
#4517 = VECTOR('',#4518,1.);
#4518 = DIRECTION('',(0.,1.,0.));
#4519 = PCURVE('',#4105,#4520);
#4520 = DEFINITIONAL_REPRESENTATION('',(#4521),#4525);
#4521 = LINE('',#4522,#4523);
#4522 = CARTESIAN_POINT('',(0.,0.));
#4523 = VECTOR('',#4524,1.);
#4524 = DIRECTION('',(0.,-1.));
#4525 = ( GEOMETRIC_REPRESENTATION_CONTEXT(2) 
PARAMETRIC_REPRESENTATION_CONTEXT() REPRESENTATION_CONTEXT('2D SPACE',''
  ) );
#4526 = PCURVE('',#4219,#4527);
#4527 = DEFINITIONAL_REPRESENTATION('',(#4528),#4532);
#4528 = LINE('',#4529,#4530);
#4529 = CARTESIAN_POINT('',(42.,0.));
#4530 = VECTOR('',#4531,1.);
#4531 = DIRECTION('',(0.,1.));
#4532 = ( GEOMETRIC_REPRESENTATION_CONTEXT(2) 
PARAMETRIC_REPRESENTATION_CONTEXT() REPRESENTATION_CONTEXT('2D SPACE',''
  ) );
#4533 = ORIENTED_EDGE('',*,*,#4440,.T.);
#4534 = ORIENTED_EDGE('',*,*,#4091,.T.);
#4535 = ADVANCED_FACE('',(#4536),#4136,.T.);
#4536 = FACE_BOUND('',#4537,.F.);
#4537 = EDGE_LOOP('',(#4538,#4539,#4565,#4566));
#4538 = ORIENTED_EDGE('',*,*,#4490,.F.);
#4539 = ORIENTED_EDGE('',*,*,#4540,.T.);
#4540 = EDGE_CURVE('',#4491,#4183,#4541,.T.);
#4541 = SURFACE_CURVE('',#4542,(#4547,#4554),.PCURVE_S1.);
#4542 = CIRCLE('',#4543,6.);
#4543 = AXIS2_PLACEMENT_3D('',#4544,#4545,#4546);
#4544 = CARTESIAN_POINT('',(-39.,-52.,280.));
#4545 = DIRECTION('',(-0.,-0.,-1.));
#4546 = DIRECTION('',(0.,-1.,0.));
#4547 = PCURVE('',#4136,#4548);
#4548 = DEFINITIONAL_REPRESENTATION('',(#4549),#4553);
#4549 = LINE('',#4550,#4551);
#4550 = CARTESIAN_POINT('',(4.712388980385,-0.));
#4551 = VECTOR('',#4552,1.);
#4552 = DIRECTION('',(-1.,0.));
#4553 = ( GEOMETRIC_REPRESENTATION_CONTEXT(2) 
PARAMETRIC_REPRESENTATION_CONTEXT() REPRESENTATION_CONTEXT('2D SPACE',''
  ) );
#4554 = PCURVE('',#4219,#4555);
#4555 = DEFINITIONAL_REPRESENTATION('',(#4556),#4564);
#4556 = ( BOUNDED_CURVE() B_SPLINE_CURVE(2,(#4557,#4558,#4559,#4560,
#4561,#4562,#4563),.UNSPECIFIED.,.T.,.F.) B_SPLINE_CURVE_WITH_KNOTS((1,2
    ,2,2,2,1),(-2.094395102393,0.,2.094395102393,4.188790204786,
6.28318530718,8.377580409573),.UNSPECIFIED.) CURVE() 
GEOMETRIC_REPRESENTATION_ITEM() RATIONAL_B_SPLINE_CURVE((1.,0.5,1.,0.5,
1.,0.5,1.)) REPRESENTATION_ITEM('') );
#4557 = CARTESIAN_POINT('',(36.,0.));
#4558 = CARTESIAN_POINT('',(25.607695154587,0.));
#4559 = CARTESIAN_POINT('',(30.803847577293,9.));
#4560 = CARTESIAN_POINT('',(36.,18.));
#4561 = CARTESIAN_POINT('',(41.196152422707,9.));
#4562 = CARTESIAN_POINT('',(46.392304845413,8.881784197001E-15));
#4563 = CARTESIAN_POINT('',(36.,0.));
#4564 = ( GEOMETRIC_REPRESENTATION_CONTEXT(2) 
PARAMETRIC_REPRESENTATION_CONTEXT() REPRESENTATION_CONTEXT('2D SPACE',''
  ) );
#4565 = ORIENTED_EDGE('',*,*,#4182,.T.);
#4566 = ORIENTED_EDGE('',*,*,#4121,.F.);
#4567 = ADVANCED_FACE('',(#4568),#4169,.T.);
#4568 = FACE_BOUND('',#4569,.T.);
#4569 = EDGE_LOOP('',(#4570,#4593,#4615,#4616));
#4570 = ORIENTED_EDGE('',*,*,#4571,.F.);
#4571 = EDGE_CURVE('',#4572,#4236,#4574,.T.);
#4572 = VERTEX_POINT('',#4573);
#4573 = CARTESIAN_POINT('',(-75.,-52.,280.));
#4574 = SURFACE_CURVE('',#4575,(#4579,#4586),.PCURVE_S1.);
#4575 = LINE('',#4576,#4577);
#4576 = CARTESIAN_POINT('',(-75.,-52.,280.));
#4577 = VECTOR('',#4578,1.);
#4578 = DIRECTION('',(0.,0.,1.));
#4579 = PCURVE('',#4169,#4580);
#4580 = DEFINITIONAL_REPRESENTATION('',(#4581),#4585);
#4581 = LINE('',#4582,#4583);
#4582 = CARTESIAN_POINT('',(0.,0.));
#4583 = VECTOR('',#4584,1.);
#4584 = DIRECTION('',(0.,1.));
#4585 = ( GEOMETRIC_REPRESENTATION_CONTEXT(2) 
PARAMETRIC_REPRESENTATION_CONTEXT() REPRESENTATION_CONTEXT('2D SPACE',''
  ) );
#4586 = PCURVE('',#4321,#4587);
#4587 = DEFINITIONAL_REPRESENTATION('',(#4588),#4592);
#4588 = LINE('',#4589,#4590);
#4589 = CARTESIAN_POINT('',(0.,-6.));
#4590 = VECTOR('',#4591,1.);
#4591 = DIRECTION('',(1.,0.));
#4592 = ( GEOMETRIC_REPRESENTATION_CONTEXT(2) 
PARAMETRIC_REPRESENTATION_CONTEXT() REPRESENTATION_CONTEXT('2D SPACE',''
  ) );
#4593 = ORIENTED_EDGE('',*,*,#4594,.T.);
#4594 = EDGE_CURVE('',#4572,#4154,#4595,.T.);
#4595 = SURFACE_CURVE('',#4596,(#4601,#4608),.PCURVE_S1.);
#4596 = CIRCLE('',#4597,6.);
#4597 = AXIS2_PLACEMENT_3D('',#4598,#4599,#4600);
#4598 = CARTESIAN_POINT('',(-69.,-52.,280.));
#4599 = DIRECTION('',(0.,0.,1.));
#4600 = DIRECTION('',(0.,-1.,0.));
#4601 = PCURVE('',#4169,#4602);
#4602 = DEFINITIONAL_REPRESENTATION('',(#4603),#4607);
#4603 = LINE('',#4604,#4605);
#4604 = CARTESIAN_POINT('',(-4.712388980385,0.));
#4605 = VECTOR('',#4606,1.);
#4606 = DIRECTION('',(1.,0.));
#4607 = ( GEOMETRIC_REPRESENTATION_CONTEXT(2) 
PARAMETRIC_REPRESENTATION_CONTEXT() REPRESENTATION_CONTEXT('2D SPACE',''
  ) );
#4608 = PCURVE('',#4219,#4609);
#4609 = DEFINITIONAL_REPRESENTATION('',(#4610),#4614);
#4610 = CIRCLE('',#4611,6.);
#4611 = AXIS2_PLACEMENT_2D('',#4612,#4613);
#4612 = CARTESIAN_POINT('',(6.,6.));
#4613 = DIRECTION('',(0.,-1.));
#4614 = ( GEOMETRIC_REPRESENTATION_CONTEXT(2) 
PARAMETRIC_REPRESENTATION_CONTEXT() REPRESENTATION_CONTEXT('2D SPACE',''
  ) );
#4615 = ORIENTED_EDGE('',*,*,#4153,.T.);
#4616 = ORIENTED_EDGE('',*,*,#4235,.T.);
#4617 = ADVANCED_FACE('',(#4618,#4675,#4706),#4219,.F.);
#4618 = FACE_BOUND('',#4619,.F.);
#4619 = EDGE_LOOP('',(#4620,#4643,#4644,#4645,#4646,#4647,#4648,#4649));
#4620 = ORIENTED_EDGE('',*,*,#4621,.F.);
#4621 = EDGE_CURVE('',#4572,#4622,#4624,.T.);
#4622 = VERTEX_POINT('',#4623);
#4623 = CARTESIAN_POINT('',(-75.,-32.,280.));
#4624 = SURFACE_CURVE('',#4625,(#4629,#4636),.PCURVE_S1.);
#4625 = LINE('',#4626,#4627);
#4626 = CARTESIAN_POINT('',(-75.,-58.,280.));
#4627 = VECTOR('',#4628,1.);
#4628 = DIRECTION('',(0.,1.,0.));
#4629 = PCURVE('',#4219,#4630);
#4630 = DEFINITIONAL_REPRESENTATION('',(#4631),#4635);
#4631 = LINE('',#4632,#4633);
#4632 = CARTESIAN_POINT('',(0.,0.));
#4633 = VECTOR('',#4634,1.);
#4634 = DIRECTION('',(0.,1.));
#4635 = ( GEOMETRIC_REPRESENTATION_CONTEXT(2) 
PARAMETRIC_REPRESENTATION_CONTEXT() REPRESENTATION_CONTEXT('2D SPACE',''
  ) );
#4636 = PCURVE('',#4321,#4637);
#4637 = DEFINITIONAL_REPRESENTATION('',(#4638),#4642);
#4638 = LINE('',#4639,#4640);
#4639 = CARTESIAN_POINT('',(0.,0.));
#4640 = VECTOR('',#4641,1.);
#4641 = DIRECTION('',(0.,-1.));
#4642 = ( GEOMETRIC_REPRESENTATION_CONTEXT(2) 
PARAMETRIC_REPRESENTATION_CONTEXT() REPRESENTATION_CONTEXT('2D SPACE',''
  ) );
#4643 = ORIENTED_EDGE('',*,*,#4594,.T.);
#4644 = ORIENTED_EDGE('',*,*,#4205,.T.);
#4645 = ORIENTED_EDGE('',*,*,#4540,.F.);
#4646 = ORIENTED_EDGE('',*,*,#4513,.T.);
#4647 = ORIENTED_EDGE('',*,*,#4463,.T.);
#4648 = ORIENTED_EDGE('',*,*,#4416,.F.);
#4649 = ORIENTED_EDGE('',*,*,#4650,.F.);
#4650 = EDGE_CURVE('',#4622,#4370,#4651,.T.);
#4651 = SURFACE_CURVE('',#4652,(#4657,#4668),.PCURVE_S1.);
#4652 = CIRCLE('',#4653,6.);
#4653 = AXIS2_PLACEMENT_3D('',#4654,#4655,#4656);
#4654 = CARTESIAN_POINT('',(-69.,-32.,280.));
#4655 = DIRECTION('',(-0.,-0.,-1.));
#4656 = DIRECTION('',(0.,-1.,0.));
#4657 = PCURVE('',#4219,#4658);
#4658 = DEFINITIONAL_REPRESENTATION('',(#4659),#4667);
#4659 = ( BOUNDED_CURVE() B_SPLINE_CURVE(2,(#4660,#4661,#4662,#4663,
#4664,#4665,#4666),.UNSPECIFIED.,.T.,.F.) B_SPLINE_CURVE_WITH_KNOTS((1,2
    ,2,2,2,1),(-2.094395102393,0.,2.094395102393,4.188790204786,
6.28318530718,8.377580409573),.UNSPECIFIED.) CURVE() 
GEOMETRIC_REPRESENTATION_ITEM() RATIONAL_B_SPLINE_CURVE((1.,0.5,1.,0.5,
1.,0.5,1.)) REPRESENTATION_ITEM('') );
#4660 = CARTESIAN_POINT('',(6.,20.));
#4661 = CARTESIAN_POINT('',(-4.392304845413,20.));
#4662 = CARTESIAN_POINT('',(0.803847577293,29.));
#4663 = CARTESIAN_POINT('',(6.,38.));
#4664 = CARTESIAN_POINT('',(11.196152422707,29.));
#4665 = CARTESIAN_POINT('',(16.392304845413,20.));
#4666 = CARTESIAN_POINT('',(6.,20.));
#4667 = ( GEOMETRIC_REPRESENTATION_CONTEXT(2) 
PARAMETRIC_REPRESENTATION_CONTEXT() REPRESENTATION_CONTEXT('2D SPACE',''
  ) );
#4668 = PCURVE('',#4352,#4669);
#4669 = DEFINITIONAL_REPRESENTATION('',(#4670),#4674);
#4670 = LINE('',#4671,#4672);
#4671 = CARTESIAN_POINT('',(1.570796326795,-0.));
#4672 = VECTOR('',#4673,1.);
#4673 = DIRECTION('',(-1.,0.));
#4674 = ( GEOMETRIC_REPRESENTATION_CONTEXT(2) 
PARAMETRIC_REPRESENTATION_CONTEXT() REPRESENTATION_CONTEXT('2D SPACE',''
  ) );
#4675 = FACE_BOUND('',#4676,.F.);
#4676 = EDGE_LOOP('',(#4677));
#4677 = ORIENTED_EDGE('',*,*,#4678,.F.);
#4678 = EDGE_CURVE('',#4679,#4679,#4681,.T.);
#4679 = VERTEX_POINT('',#4680);
#4680 = CARTESIAN_POINT('',(-65.9,-42.,280.));
#4681 = SURFACE_CURVE('',#4682,(#4687,#4694),.PCURVE_S1.);
#4682 = CIRCLE('',#4683,2.1);
#4683 = AXIS2_PLACEMENT_3D('',#4684,#4685,#4686);
#4684 = CARTESIAN_POINT('',(-68.,-42.,280.));
#4685 = DIRECTION('',(0.,0.,1.));
#4686 = DIRECTION('',(1.,0.,-0.));
#4687 = PCURVE('',#4219,#4688);
#4688 = DEFINITIONAL_REPRESENTATION('',(#4689),#4693);
#4689 = CIRCLE('',#4690,2.1);
#4690 = AXIS2_PLACEMENT_2D('',#4691,#4692);
#4691 = CARTESIAN_POINT('',(7.,16.));
#4692 = DIRECTION('',(1.,0.));
#4693 = ( GEOMETRIC_REPRESENTATION_CONTEXT(2) 
PARAMETRIC_REPRESENTATION_CONTEXT() REPRESENTATION_CONTEXT('2D SPACE',''
  ) );
#4694 = PCURVE('',#4695,#4700);
#4695 = CYLINDRICAL_SURFACE('',#4696,2.1);
#4696 = AXIS2_PLACEMENT_3D('',#4697,#4698,#4699);
#4697 = CARTESIAN_POINT('',(-68.,-42.,279.9));
#4698 = DIRECTION('',(0.,0.,1.));
#4699 = DIRECTION('',(1.,0.,-0.));
#4700 = DEFINITIONAL_REPRESENTATION('',(#4701),#4705);
#4701 = LINE('',#4702,#4703);
#4702 = CARTESIAN_POINT('',(0.,0.1));
#4703 = VECTOR('',#4704,1.);
#4704 = DIRECTION('',(1.,0.));
#4705 = ( GEOMETRIC_REPRESENTATION_CONTEXT(2) 
PARAMETRIC_REPRESENTATION_CONTEXT() REPRESENTATION_CONTEXT('2D SPACE',''
  ) );
#4706 = FACE_BOUND('',#4707,.F.);
#4707 = EDGE_LOOP('',(#4708));
#4708 = ORIENTED_EDGE('',*,*,#4709,.F.);
#4709 = EDGE_CURVE('',#4710,#4710,#4712,.T.);
#4710 = VERTEX_POINT('',#4711);
#4711 = CARTESIAN_POINT('',(-37.9,-42.,280.));
#4712 = SURFACE_CURVE('',#4713,(#4718,#4725),.PCURVE_S1.);
#4713 = CIRCLE('',#4714,2.1);
#4714 = AXIS2_PLACEMENT_3D('',#4715,#4716,#4717);
#4715 = CARTESIAN_POINT('',(-40.,-42.,280.));
#4716 = DIRECTION('',(0.,0.,1.));
#4717 = DIRECTION('',(1.,0.,-0.));
#4718 = PCURVE('',#4219,#4719);
#4719 = DEFINITIONAL_REPRESENTATION('',(#4720),#4724);
#4720 = CIRCLE('',#4721,2.1);
#4721 = AXIS2_PLACEMENT_2D('',#4722,#4723);
#4722 = CARTESIAN_POINT('',(35.,16.));
#4723 = DIRECTION('',(1.,0.));
#4724 = ( GEOMETRIC_REPRESENTATION_CONTEXT(2) 
PARAMETRIC_REPRESENTATION_CONTEXT() REPRESENTATION_CONTEXT('2D SPACE',''
  ) );
#4725 = PCURVE('',#4726,#4731);
#4726 = CYLINDRICAL_SURFACE('',#4727,2.1);
#4727 = AXIS2_PLACEMENT_3D('',#4728,#4729,#4730);
#4728 = CARTESIAN_POINT('',(-40.,-42.,279.9));
#4729 = DIRECTION('',(0.,0.,1.));
#4730 = DIRECTION('',(1.,0.,-0.));
#4731 = DEFINITIONAL_REPRESENTATION('',(#4732),#4736);
#4732 = LINE('',#4733,#4734);
#4733 = CARTESIAN_POINT('',(0.,0.1));
#4734 = VECTOR('',#4735,1.);
#4735 = DIRECTION('',(1.,0.));
#4736 = ( GEOMETRIC_REPRESENTATION_CONTEXT(2) 
PARAMETRIC_REPRESENTATION_CONTEXT() REPRESENTATION_CONTEXT('2D SPACE',''
  ) );
#4737 = ADVANCED_FACE('',(#4738),#4321,.F.);
#4738 = FACE_BOUND('',#4739,.F.);
#4739 = EDGE_LOOP('',(#4740,#4741,#4742,#4763));
#4740 = ORIENTED_EDGE('',*,*,#4571,.F.);
#4741 = ORIENTED_EDGE('',*,*,#4621,.T.);
#4742 = ORIENTED_EDGE('',*,*,#4743,.T.);
#4743 = EDGE_CURVE('',#4622,#4286,#4744,.T.);
#4744 = SURFACE_CURVE('',#4745,(#4749,#4756),.PCURVE_S1.);
#4745 = LINE('',#4746,#4747);
#4746 = CARTESIAN_POINT('',(-75.,-32.,280.));
#4747 = VECTOR('',#4748,1.);
#4748 = DIRECTION('',(0.,0.,1.));
#4749 = PCURVE('',#4321,#4750);
#4750 = DEFINITIONAL_REPRESENTATION('',(#4751),#4755);
#4751 = LINE('',#4752,#4753);
#4752 = CARTESIAN_POINT('',(0.,-26.));
#4753 = VECTOR('',#4754,1.);
#4754 = DIRECTION('',(1.,0.));
#4755 = ( GEOMETRIC_REPRESENTATION_CONTEXT(2) 
PARAMETRIC_REPRESENTATION_CONTEXT() REPRESENTATION_CONTEXT('2D SPACE',''
  ) );
#4756 = PCURVE('',#4352,#4757);
#4757 = DEFINITIONAL_REPRESENTATION('',(#4758),#4762);
#4758 = LINE('',#4759,#4760);
#4759 = CARTESIAN_POINT('',(-0.,0.));
#4760 = VECTOR('',#4761,1.);
#4761 = DIRECTION('',(-0.,1.));
#4762 = ( GEOMETRIC_REPRESENTATION_CONTEXT(2) 
PARAMETRIC_REPRESENTATION_CONTEXT() REPRESENTATION_CONTEXT('2D SPACE',''
  ) );
#4763 = ORIENTED_EDGE('',*,*,#4307,.F.);
#4764 = ADVANCED_FACE('',(#4765),#4352,.T.);
#4765 = FACE_BOUND('',#4766,.F.);
#4766 = EDGE_LOOP('',(#4767,#4768,#4769,#4770));
#4767 = ORIENTED_EDGE('',*,*,#4743,.F.);
#4768 = ORIENTED_EDGE('',*,*,#4650,.T.);
#4769 = ORIENTED_EDGE('',*,*,#4369,.T.);
#4770 = ORIENTED_EDGE('',*,*,#4337,.F.);
#4771 = ADVANCED_FACE('',(#4772),#4695,.F.);
#4772 = FACE_BOUND('',#4773,.F.);
#4773 = EDGE_LOOP('',(#4774,#4797,#4824,#4825));
#4774 = ORIENTED_EDGE('',*,*,#4775,.T.);
#4775 = EDGE_CURVE('',#4679,#4776,#4778,.T.);
#4776 = VERTEX_POINT('',#4777);
#4777 = CARTESIAN_POINT('',(-65.9,-42.,285.6));
#4778 = SEAM_CURVE('',#4779,(#4783,#4790),.PCURVE_S1.);
#4779 = LINE('',#4780,#4781);
#4780 = CARTESIAN_POINT('',(-65.9,-42.,279.9));
#4781 = VECTOR('',#4782,1.);
#4782 = DIRECTION('',(0.,0.,1.));
#4783 = PCURVE('',#4695,#4784);
#4784 = DEFINITIONAL_REPRESENTATION('',(#4785),#4789);
#4785 = LINE('',#4786,#4787);
#4786 = CARTESIAN_POINT('',(6.28318530718,-0.));
#4787 = VECTOR('',#4788,1.);
#4788 = DIRECTION('',(0.,1.));
#4789 = ( GEOMETRIC_REPRESENTATION_CONTEXT(2) 
PARAMETRIC_REPRESENTATION_CONTEXT() REPRESENTATION_CONTEXT('2D SPACE',''
  ) );
#4790 = PCURVE('',#4695,#4791);
#4791 = DEFINITIONAL_REPRESENTATION('',(#4792),#4796);
#4792 = LINE('',#4793,#4794);
#4793 = CARTESIAN_POINT('',(0.,-0.));
#4794 = VECTOR('',#4795,1.);
#4795 = DIRECTION('',(0.,1.));
#4796 = ( GEOMETRIC_REPRESENTATION_CONTEXT(2) 
PARAMETRIC_REPRESENTATION_CONTEXT() REPRESENTATION_CONTEXT('2D SPACE',''
  ) );
#4797 = ORIENTED_EDGE('',*,*,#4798,.F.);
#4798 = EDGE_CURVE('',#4776,#4776,#4799,.T.);
#4799 = SURFACE_CURVE('',#4800,(#4805,#4812),.PCURVE_S1.);
#4800 = CIRCLE('',#4801,2.1);
#4801 = AXIS2_PLACEMENT_3D('',#4802,#4803,#4804);
#4802 = CARTESIAN_POINT('',(-68.,-42.,285.6));
#4803 = DIRECTION('',(0.,0.,1.));
#4804 = DIRECTION('',(1.,0.,-0.));
#4805 = PCURVE('',#4695,#4806);
#4806 = DEFINITIONAL_REPRESENTATION('',(#4807),#4811);
#4807 = LINE('',#4808,#4809);
#4808 = CARTESIAN_POINT('',(0.,5.7));
#4809 = VECTOR('',#4810,1.);
#4810 = DIRECTION('',(1.,0.));
#4811 = ( GEOMETRIC_REPRESENTATION_CONTEXT(2) 
PARAMETRIC_REPRESENTATION_CONTEXT() REPRESENTATION_CONTEXT('2D SPACE',''
  ) );
#4812 = PCURVE('',#4813,#4818);
#4813 = PLANE('',#4814);
#4814 = AXIS2_PLACEMENT_3D('',#4815,#4816,#4817);
#4815 = CARTESIAN_POINT('',(-68.,-42.,285.6));
#4816 = DIRECTION('',(0.,0.,1.));
#4817 = DIRECTION('',(1.,0.,-0.));
#4818 = DEFINITIONAL_REPRESENTATION('',(#4819),#4823);
#4819 = CIRCLE('',#4820,2.1);
#4820 = AXIS2_PLACEMENT_2D('',#4821,#4822);
#4821 = CARTESIAN_POINT('',(0.,0.));
#4822 = DIRECTION('',(1.,0.));
#4823 = ( GEOMETRIC_REPRESENTATION_CONTEXT(2) 
PARAMETRIC_REPRESENTATION_CONTEXT() REPRESENTATION_CONTEXT('2D SPACE',''
  ) );
#4824 = ORIENTED_EDGE('',*,*,#4775,.F.);
#4825 = ORIENTED_EDGE('',*,*,#4678,.T.);
#4826 = ADVANCED_FACE('',(#4827),#4726,.F.);
#4827 = FACE_BOUND('',#4828,.F.);
#4828 = EDGE_LOOP('',(#4829,#4852,#4879,#4880));
#4829 = ORIENTED_EDGE('',*,*,#4830,.T.);
#4830 = EDGE_CURVE('',#4710,#4831,#4833,.T.);
#4831 = VERTEX_POINT('',#4832);
#4832 = CARTESIAN_POINT('',(-37.9,-42.,285.6));
#4833 = SEAM_CURVE('',#4834,(#4838,#4845),.PCURVE_S1.);
#4834 = LINE('',#4835,#4836);
#4835 = CARTESIAN_POINT('',(-37.9,-42.,279.9));
#4836 = VECTOR('',#4837,1.);
#4837 = DIRECTION('',(0.,0.,1.));
#4838 = PCURVE('',#4726,#4839);
#4839 = DEFINITIONAL_REPRESENTATION('',(#4840),#4844);
#4840 = LINE('',#4841,#4842);
#4841 = CARTESIAN_POINT('',(6.28318530718,-0.));
#4842 = VECTOR('',#4843,1.);
#4843 = DIRECTION('',(0.,1.));
#4844 = ( GEOMETRIC_REPRESENTATION_CONTEXT(2) 
PARAMETRIC_REPRESENTATION_CONTEXT() REPRESENTATION_CONTEXT('2D SPACE',''
  ) );
#4845 = PCURVE('',#4726,#4846);
#4846 = DEFINITIONAL_REPRESENTATION('',(#4847),#4851);
#4847 = LINE('',#4848,#4849);
#4848 = CARTESIAN_POINT('',(0.,-0.));
#4849 = VECTOR('',#4850,1.);
#4850 = DIRECTION('',(0.,1.));
#4851 = ( GEOMETRIC_REPRESENTATION_CONTEXT(2) 
PARAMETRIC_REPRESENTATION_CONTEXT() REPRESENTATION_CONTEXT('2D SPACE',''
  ) );
#4852 = ORIENTED_EDGE('',*,*,#4853,.F.);
#4853 = EDGE_CURVE('',#4831,#4831,#4854,.T.);
#4854 = SURFACE_CURVE('',#4855,(#4860,#4867),.PCURVE_S1.);
#4855 = CIRCLE('',#4856,2.1);
#4856 = AXIS2_PLACEMENT_3D('',#4857,#4858,#4859);
#4857 = CARTESIAN_POINT('',(-40.,-42.,285.6));
#4858 = DIRECTION('',(0.,0.,1.));
#4859 = DIRECTION('',(1.,0.,-0.));
#4860 = PCURVE('',#4726,#4861);
#4861 = DEFINITIONAL_REPRESENTATION('',(#4862),#4866);
#4862 = LINE('',#4863,#4864);
#4863 = CARTESIAN_POINT('',(0.,5.7));
#4864 = VECTOR('',#4865,1.);
#4865 = DIRECTION('',(1.,0.));
#4866 = ( GEOMETRIC_REPRESENTATION_CONTEXT(2) 
PARAMETRIC_REPRESENTATION_CONTEXT() REPRESENTATION_CONTEXT('2D SPACE',''
  ) );
#4867 = PCURVE('',#4868,#4873);
#4868 = PLANE('',#4869);
#4869 = AXIS2_PLACEMENT_3D('',#4870,#4871,#4872);
#4870 = CARTESIAN_POINT('',(-40.,-42.,285.6));
#4871 = DIRECTION('',(0.,0.,1.));
#4872 = DIRECTION('',(1.,0.,-0.));
#4873 = DEFINITIONAL_REPRESENTATION('',(#4874),#4878);
#4874 = CIRCLE('',#4875,2.1);
#4875 = AXIS2_PLACEMENT_2D('',#4876,#4877);
#4876 = CARTESIAN_POINT('',(0.,0.));
#4877 = DIRECTION('',(1.,0.));
#4878 = ( GEOMETRIC_REPRESENTATION_CONTEXT(2) 
PARAMETRIC_REPRESENTATION_CONTEXT() REPRESENTATION_CONTEXT('2D SPACE',''
  ) );
#4879 = ORIENTED_EDGE('',*,*,#4830,.F.);
#4880 = ORIENTED_EDGE('',*,*,#4709,.T.);
#4881 = ADVANCED_FACE('',(#4882),#4813,.F.);
#4882 = FACE_BOUND('',#4883,.F.);
#4883 = EDGE_LOOP('',(#4884));
#4884 = ORIENTED_EDGE('',*,*,#4798,.T.);
#4885 = ADVANCED_FACE('',(#4886),#4868,.F.);
#4886 = FACE_BOUND('',#4887,.F.);
#4887 = EDGE_LOOP('',(#4888));
#4888 = ORIENTED_EDGE('',*,*,#4853,.T.);
#4889 = ( GEOMETRIC_REPRESENTATION_CONTEXT(3) 
GLOBAL_UNCERTAINTY_ASSIGNED_CONTEXT((#4893)) 
GLOBAL_UNIT_ASSIGNED_CONTEXT((#4890,#4891,#4892)) REPRESENTATION_CONTEXT
('Context #1','3D Context with UNIT and UNCERTAINTY') );
#4890 = ( LENGTH_UNIT() NAMED_UNIT(*) SI_UNIT(.MILLI.,.METRE.) );
#4891 = ( NAMED_UNIT(*) PLANE_ANGLE_UNIT() SI_UNIT($,.RADIAN.) );
#4892 = ( NAMED_UNIT(*) SI_UNIT($,.STERADIAN.) SOLID_ANGLE_UNIT() );
#4893 = UNCERTAINTY_MEASURE_WITH_UNIT(LENGTH_MEASURE(1.E-07),#4890,
  'distance_accuracy_value','confusion accuracy');
#4894 = PRODUCT_RELATED_PRODUCT_CATEGORY('part',$,(#7));
ENDSEC;
END-ISO-10303-21;
