ISO-10303-21;
HEADER;
FILE_DESCRIPTION(('Open CASCADE Model'),'2;1');
FILE_NAME('Open CASCADE Shape Model','2026-10-05T09:20:33',('Author'),(
    'Open CASCADE'),'Open CASCADE STEP processor 7.8','Open CASCADE 7.8'
  ,'Unknown');
FILE_SCHEMA(('AUTOMOTIVE_DESIGN { 1 0 10303 214 1 1 1 1 }'));
ENDSEC;
DATA;
#1 = APPLICATION_PROTOCOL_DEFINITION('international standard',
  'automotive_design',2000,#2);
#2 = APPLICATION_CONTEXT(
  'core data for automotive mechanical design processes');
#3 = SHAPE_DEFINITION_REPRESENTATION(#4,#10);
#4 = PRODUCT_DEFINITION_SHAPE('','',#5);
#5 = PRODUCT_DEFINITION('design','',#6,#9);
#6 = PRODUCT_DEFINITION_FORMATION('','',#7);
#7 = PRODUCT('Open CASCADE STEP translator 7.8 4',
  'Open CASCADE STEP translator 7.8 4','',(#8));
#8 = PRODUCT_CONTEXT('',#2,'mechanical');
#9 = PRODUCT_DEFINITION_CONTEXT('part definition',#2,'design');
#10 = ADVANCED_BREP_SHAPE_REPRESENTATION('',(#11,#15),#18664);
#11 = AXIS2_PLACEMENT_3D('',#12,#13,#14);
#12 = CARTESIAN_POINT('',(0.,0.,0.));
#13 = DIRECTION('',(0.,0.,1.));
#14 = DIRECTION('',(1.,0.,-0.));
#15 = MANIFOLD_SOLID_BREP('',#16);
#16 = CLOSED_SHELL('',(#17,#2060,#2136,#2186,#2345,#2516,#2561,#3340,
    #3387,#4143,#4188,#4356,#4515,#4543,#4868,#4979,#5006,#5142,#5293,
    #5340,#5431,#5507,#5556,#5605,#5632,#5768,#6063,#6090,#6473,#6521,
    #6568,#6635,#6984,#7036,#7063,#7130,#7177,#7204,#7253,#7302,#7349,
    #7396,#7445,#7472,#7521,#7568,#7595,#7622,#7672,#7748,#7797,#7846,
    #7873,#7970,#8018,#8187,#8214,#8242,#8339,#8366,#8418,#8583,#8615,
    #8665,#10026,#10102,#10151,#10200,#10227,#10278,#10487,#10494,#10526
    ,#10656,#10688,#10818,#10825,#10874,#10925,#11001,#11355,#11432,
    #11457,#11529,#11556,#11610,#11787,#11841,#12018,#12068,#12096,
    #12143,#12192,#12275,#12326,#12402,#12451,#12500,#12527,#12603,
    #12610,#12683,#12710,#12759,#12806,#12853,#12860,#12927,#12974,
    #13042,#13097,#13104,#13111,#13178,#13227,#13254,#13303,#13353,
    #13366,#13394,#13517,#13567,#13665,#13672,#13753,#13800,#13847,
    #14123,#14178,#14210,#14335,#14384,#14486,#14493,#14597,#14622,
    #14647,#14702,#14709,#14830,#14837,#14864,#14919,#15043,#15050,
    #15077,#15132,#15180,#15232,#15368,#15417,#15466,#15493,#15545,
    #15614,#15666,#15694,#15701,#15708,#15782,#15831,#15880,#15907,
    #15914,#15921,#15969,#16021,#16090,#16142,#16278,#16327,#16376,
    #16403,#16455,#16483,#16533,#16583,#16633,#16683,#16733,#16783,
    #16852,#16889,#16926,#16930,#16934,#16959,#17110,#17157,#17292,
    #17299,#17326,#17381,#17436,#17473,#17477,#17514,#17518,#17595,
    #17605,#17615,#17775,#17903,#17930,#17957,#18012,#18067,#18071,
    #18081,#18091,#18095,#18105,#18109,#18119,#18123,#18130,#18137,
    #18144,#18199,#18254,#18309,#18364,#18368,#18376,#18380,#18384,
    #18388,#18443,#18498,#18553,#18608,#18612,#18620,#18624,#18628,
    #18632,#18636,#18640,#18644,#18648,#18652,#18656,#18660));
#17 = ADVANCED_FACE('',(#18,#373,#464,#577,#691,#782,#1494,#1525,#1639,
    #2029),#32,.T.);
#18 = FACE_BOUND('',#19,.T.);
#19 = EDGE_LOOP('',(#20,#55,#84,#112,#141,#168,#201,#229,#262,#289,#318,
    #346));
#20 = ORIENTED_EDGE('',*,*,#21,.T.);
#21 = EDGE_CURVE('',#22,#24,#26,.T.);
#22 = VERTEX_POINT('',#23);
#23 = CARTESIAN_POINT('',(-58.5,-82.5,268.));
#24 = VERTEX_POINT('',#25);
#25 = CARTESIAN_POINT('',(58.5,-82.5,268.));
#26 = SURFACE_CURVE('',#27,(#31,#43),.PCURVE_S1.);
#27 = LINE('',#28,#29);
#28 = CARTESIAN_POINT('',(-58.5,-82.5,268.));
#29 = VECTOR('',#30,1.);
#30 = DIRECTION('',(1.,0.,0.));
#31 = PCURVE('',#32,#37);
#32 = PLANE('',#33);
#33 = AXIS2_PLACEMENT_3D('',#34,#35,#36);
#34 = CARTESIAN_POINT('',(-58.5,-82.5,268.));
#35 = DIRECTION('',(0.,0.,1.));
#36 = DIRECTION('',(1.,0.,0.));
#37 = DEFINITIONAL_REPRESENTATION('',(#38),#42);
#38 = LINE('',#39,#40);
#39 = CARTESIAN_POINT('',(0.,0.));
#40 = VECTOR('',#41,1.);
#41 = DIRECTION('',(1.,0.));
#42 = ( GEOMETRIC_REPRESENTATION_CONTEXT(2) 
PARAMETRIC_REPRESENTATION_CONTEXT() REPRESENTATION_CONTEXT('2D SPACE',''
  ) );
#43 = PCURVE('',#44,#49);
#44 = PLANE('',#45);
#45 = AXIS2_PLACEMENT_3D('',#46,#47,#48);
#46 = CARTESIAN_POINT('',(-58.5,-82.5,105.4));
#47 = DIRECTION('',(0.,1.,0.));
#48 = DIRECTION('',(0.,0.,1.));
#49 = DEFINITIONAL_REPRESENTATION('',(#50),#54);
#50 = LINE('',#51,#52);
#51 = CARTESIAN_POINT('',(162.6,0.));
#52 = VECTOR('',#53,1.);
#53 = DIRECTION('',(0.,1.));
#54 = ( GEOMETRIC_REPRESENTATION_CONTEXT(2) 
PARAMETRIC_REPRESENTATION_CONTEXT() REPRESENTATION_CONTEXT('2D SPACE',''
  ) );
#55 = ORIENTED_EDGE('',*,*,#56,.T.);
#56 = EDGE_CURVE('',#24,#57,#59,.T.);
#57 = VERTEX_POINT('',#58);
#58 = CARTESIAN_POINT('',(82.5,-58.5,268.));
#59 = SURFACE_CURVE('',#60,(#65,#72),.PCURVE_S1.);
#60 = CIRCLE('',#61,24.);
#61 = AXIS2_PLACEMENT_3D('',#62,#63,#64);
#62 = CARTESIAN_POINT('',(58.5,-58.5,268.));
#63 = DIRECTION('',(0.,0.,1.));
#64 = DIRECTION('',(0.,-1.,0.));
#65 = PCURVE('',#32,#66);
#66 = DEFINITIONAL_REPRESENTATION('',(#67),#71);
#67 = CIRCLE('',#68,24.);
#68 = AXIS2_PLACEMENT_2D('',#69,#70);
#69 = CARTESIAN_POINT('',(117.,24.));
#70 = DIRECTION('',(0.,-1.));
#71 = ( GEOMETRIC_REPRESENTATION_CONTEXT(2) 
PARAMETRIC_REPRESENTATION_CONTEXT() REPRESENTATION_CONTEXT('2D SPACE',''
  ) );
#72 = PCURVE('',#73,#78);
#73 = CYLINDRICAL_SURFACE('',#74,24.);
#74 = AXIS2_PLACEMENT_3D('',#75,#76,#77);
#75 = CARTESIAN_POINT('',(58.5,-58.5,105.4));
#76 = DIRECTION('',(-0.,-0.,-1.));
#77 = DIRECTION('',(1.,0.,0.));
#78 = DEFINITIONAL_REPRESENTATION('',(#79),#83);
#79 = LINE('',#80,#81);
#80 = CARTESIAN_POINT('',(-4.712388980385,-162.6));
#81 = VECTOR('',#82,1.);
#82 = DIRECTION('',(-1.,0.));
#83 = ( GEOMETRIC_REPRESENTATION_CONTEXT(2) 
PARAMETRIC_REPRESENTATION_CONTEXT() REPRESENTATION_CONTEXT('2D SPACE',''
  ) );
#84 = ORIENTED_EDGE('',*,*,#85,.T.);
#85 = EDGE_CURVE('',#57,#86,#88,.T.);
#86 = VERTEX_POINT('',#87);
#87 = CARTESIAN_POINT('',(82.5,58.5,268.));
#88 = SURFACE_CURVE('',#89,(#93,#100),.PCURVE_S1.);
#89 = LINE('',#90,#91);
#90 = CARTESIAN_POINT('',(82.5,-58.5,268.));
#91 = VECTOR('',#92,1.);
#92 = DIRECTION('',(0.,1.,0.));
#93 = PCURVE('',#32,#94);
#94 = DEFINITIONAL_REPRESENTATION('',(#95),#99);
#95 = LINE('',#96,#97);
#96 = CARTESIAN_POINT('',(141.,24.));
#97 = VECTOR('',#98,1.);
#98 = DIRECTION('',(0.,1.));
#99 = ( GEOMETRIC_REPRESENTATION_CONTEXT(2) 
PARAMETRIC_REPRESENTATION_CONTEXT() REPRESENTATION_CONTEXT('2D SPACE',''
  ) );
#100 = PCURVE('',#101,#106);
#101 = PLANE('',#102);
#102 = AXIS2_PLACEMENT_3D('',#103,#104,#105);
#103 = CARTESIAN_POINT('',(82.5,-58.5,105.4));
#104 = DIRECTION('',(1.,0.,0.));
#105 = DIRECTION('',(0.,0.,1.));
#106 = DEFINITIONAL_REPRESENTATION('',(#107),#111);
#107 = LINE('',#108,#109);
#108 = CARTESIAN_POINT('',(162.6,0.));
#109 = VECTOR('',#110,1.);
#110 = DIRECTION('',(0.,-1.));
#111 = ( GEOMETRIC_REPRESENTATION_CONTEXT(2) 
PARAMETRIC_REPRESENTATION_CONTEXT() REPRESENTATION_CONTEXT('2D SPACE',''
  ) );
#112 = ORIENTED_EDGE('',*,*,#113,.T.);
#113 = EDGE_CURVE('',#86,#114,#116,.T.);
#114 = VERTEX_POINT('',#115);
#115 = CARTESIAN_POINT('',(60.,82.453079134007,268.));
#116 = SURFACE_CURVE('',#117,(#122,#129),.PCURVE_S1.);
#117 = CIRCLE('',#118,24.);
#118 = AXIS2_PLACEMENT_3D('',#119,#120,#121);
#119 = CARTESIAN_POINT('',(58.5,58.5,268.));
#120 = DIRECTION('',(0.,0.,1.));
#121 = DIRECTION('',(1.,0.,-0.));
#122 = PCURVE('',#32,#123);
#123 = DEFINITIONAL_REPRESENTATION('',(#124),#128);
#124 = CIRCLE('',#125,24.);
#125 = AXIS2_PLACEMENT_2D('',#126,#127);
#126 = CARTESIAN_POINT('',(117.,141.));
#127 = DIRECTION('',(1.,0.));
#128 = ( GEOMETRIC_REPRESENTATION_CONTEXT(2) 
PARAMETRIC_REPRESENTATION_CONTEXT() REPRESENTATION_CONTEXT('2D SPACE',''
  ) );
#129 = PCURVE('',#130,#135);
#130 = CYLINDRICAL_SURFACE('',#131,24.);
#131 = AXIS2_PLACEMENT_3D('',#132,#133,#134);
#132 = CARTESIAN_POINT('',(58.5,58.5,105.4));
#133 = DIRECTION('',(-0.,-0.,-1.));
#134 = DIRECTION('',(1.,0.,0.));
#135 = DEFINITIONAL_REPRESENTATION('',(#136),#140);
#136 = LINE('',#137,#138);
#137 = CARTESIAN_POINT('',(-0.,-162.6));
#138 = VECTOR('',#139,1.);
#139 = DIRECTION('',(-1.,0.));
#140 = ( GEOMETRIC_REPRESENTATION_CONTEXT(2) 
PARAMETRIC_REPRESENTATION_CONTEXT() REPRESENTATION_CONTEXT('2D SPACE',''
  ) );
#141 = ORIENTED_EDGE('',*,*,#142,.F.);
#142 = EDGE_CURVE('',#143,#114,#145,.T.);
#143 = VERTEX_POINT('',#144);
#144 = CARTESIAN_POINT('',(60.,79.245842957084,268.));
#145 = SURFACE_CURVE('',#146,(#150,#157),.PCURVE_S1.);
#146 = LINE('',#147,#148);
#147 = CARTESIAN_POINT('',(60.,-4.8,268.));
#148 = VECTOR('',#149,1.);
#149 = DIRECTION('',(0.,1.,0.));
#150 = PCURVE('',#32,#151);
#151 = DEFINITIONAL_REPRESENTATION('',(#152),#156);
#152 = LINE('',#153,#154);
#153 = CARTESIAN_POINT('',(118.5,77.7));
#154 = VECTOR('',#155,1.);
#155 = DIRECTION('',(0.,1.));
#156 = ( GEOMETRIC_REPRESENTATION_CONTEXT(2) 
PARAMETRIC_REPRESENTATION_CONTEXT() REPRESENTATION_CONTEXT('2D SPACE',''
  ) );
#157 = PCURVE('',#158,#163);
#158 = PLANE('',#159);
#159 = AXIS2_PLACEMENT_3D('',#160,#161,#162);
#160 = CARTESIAN_POINT('',(60.,72.9,104.4));
#161 = DIRECTION('',(1.,0.,0.));
#162 = DIRECTION('',(0.,0.,1.));
#163 = DEFINITIONAL_REPRESENTATION('',(#164),#167);
#164 = B_SPLINE_CURVE_WITH_KNOTS('',1,(#165,#166),.UNSPECIFIED.,.F.,.F.,
  (2,2),(77.7,87.3),.PIECEWISE_BEZIER_KNOTS.);
#165 = CARTESIAN_POINT('',(163.6,0.));
#166 = CARTESIAN_POINT('',(163.6,-9.6));
#167 = ( GEOMETRIC_REPRESENTATION_CONTEXT(2) 
PARAMETRIC_REPRESENTATION_CONTEXT() REPRESENTATION_CONTEXT('2D SPACE',''
  ) );
#168 = ORIENTED_EDGE('',*,*,#169,.T.);
#169 = EDGE_CURVE('',#143,#170,#172,.T.);
#170 = VERTEX_POINT('',#171);
#171 = CARTESIAN_POINT('',(69.742330719207,76.,268.));
#172 = SURFACE_CURVE('',#173,(#178,#189),.PCURVE_S1.);
#173 = CIRCLE('',#174,20.8);
#174 = AXIS2_PLACEMENT_3D('',#175,#176,#177);
#175 = CARTESIAN_POINT('',(58.5,58.5,268.));
#176 = DIRECTION('',(0.,0.,-1.));
#177 = DIRECTION('',(1.,0.,0.));
#178 = PCURVE('',#32,#179);
#179 = DEFINITIONAL_REPRESENTATION('',(#180),#188);
#180 = ( BOUNDED_CURVE() B_SPLINE_CURVE(2,(#181,#182,#183,#184,#185,#186
,#187),.UNSPECIFIED.,.T.,.F.) B_SPLINE_CURVE_WITH_KNOTS((1,2,2,2,2,1),(
    -2.094395102393,0.,2.094395102393,4.188790204786,6.28318530718,
8.377580409573),.UNSPECIFIED.) CURVE() GEOMETRIC_REPRESENTATION_ITEM() 
RATIONAL_B_SPLINE_CURVE((1.,0.5,1.,0.5,1.,0.5,1.)) REPRESENTATION_ITEM(
  '') );
#181 = CARTESIAN_POINT('',(137.8,141.));
#182 = CARTESIAN_POINT('',(137.8,104.97334320256));
#183 = CARTESIAN_POINT('',(106.6,122.98667160128));
#184 = CARTESIAN_POINT('',(75.4,141.));
#185 = CARTESIAN_POINT('',(106.6,159.01332839871));
#186 = CARTESIAN_POINT('',(137.8,177.02665679743));
#187 = CARTESIAN_POINT('',(137.8,141.));
#188 = ( GEOMETRIC_REPRESENTATION_CONTEXT(2) 
PARAMETRIC_REPRESENTATION_CONTEXT() REPRESENTATION_CONTEXT('2D SPACE',''
  ) );
#189 = PCURVE('',#190,#195);
#190 = CYLINDRICAL_SURFACE('',#191,20.8);
#191 = AXIS2_PLACEMENT_3D('',#192,#193,#194);
#192 = CARTESIAN_POINT('',(58.5,58.5,104.4));
#193 = DIRECTION('',(-0.,-0.,-1.));
#194 = DIRECTION('',(1.,0.,0.));
#195 = DEFINITIONAL_REPRESENTATION('',(#196),#200);
#196 = LINE('',#197,#198);
#197 = CARTESIAN_POINT('',(-6.28318530718,-163.6));
#198 = VECTOR('',#199,1.);
#199 = DIRECTION('',(1.,-0.));
#200 = ( GEOMETRIC_REPRESENTATION_CONTEXT(2) 
PARAMETRIC_REPRESENTATION_CONTEXT() REPRESENTATION_CONTEXT('2D SPACE',''
  ) );
#201 = ORIENTED_EDGE('',*,*,#202,.F.);
#202 = EDGE_CURVE('',#203,#170,#205,.T.);
#203 = VERTEX_POINT('',#204);
#204 = CARTESIAN_POINT('',(-69.7423307192,76.,268.));
#205 = SURFACE_CURVE('',#206,(#210,#217),.PCURVE_S1.);
#206 = LINE('',#207,#208);
#207 = CARTESIAN_POINT('',(-80.5,76.,268.));
#208 = VECTOR('',#209,1.);
#209 = DIRECTION('',(1.,0.,0.));
#210 = PCURVE('',#32,#211);
#211 = DEFINITIONAL_REPRESENTATION('',(#212),#216);
#212 = LINE('',#213,#214);
#213 = CARTESIAN_POINT('',(-22.,158.5));
#214 = VECTOR('',#215,1.);
#215 = DIRECTION('',(1.,0.));
#216 = ( GEOMETRIC_REPRESENTATION_CONTEXT(2) 
PARAMETRIC_REPRESENTATION_CONTEXT() REPRESENTATION_CONTEXT('2D SPACE',''
  ) );
#217 = PCURVE('',#218,#223);
#218 = PLANE('',#219);
#219 = AXIS2_PLACEMENT_3D('',#220,#221,#222);
#220 = CARTESIAN_POINT('',(-80.5,76.,264.));
#221 = DIRECTION('',(0.,1.,0.));
#222 = DIRECTION('',(0.,0.,1.));
#223 = DEFINITIONAL_REPRESENTATION('',(#224),#228);
#224 = LINE('',#225,#226);
#225 = CARTESIAN_POINT('',(4.,0.));
#226 = VECTOR('',#227,1.);
#227 = DIRECTION('',(0.,1.));
#228 = ( GEOMETRIC_REPRESENTATION_CONTEXT(2) 
PARAMETRIC_REPRESENTATION_CONTEXT() REPRESENTATION_CONTEXT('2D SPACE',''
  ) );
#229 = ORIENTED_EDGE('',*,*,#230,.T.);
#230 = EDGE_CURVE('',#203,#231,#233,.T.);
#231 = VERTEX_POINT('',#232);
#232 = CARTESIAN_POINT('',(-60.,79.245842957084,268.));
#233 = SURFACE_CURVE('',#234,(#239,#250),.PCURVE_S1.);
#234 = CIRCLE('',#235,20.8);
#235 = AXIS2_PLACEMENT_3D('',#236,#237,#238);
#236 = CARTESIAN_POINT('',(-58.5,58.5,268.));
#237 = DIRECTION('',(0.,0.,-1.));
#238 = DIRECTION('',(1.,0.,0.));
#239 = PCURVE('',#32,#240);
#240 = DEFINITIONAL_REPRESENTATION('',(#241),#249);
#241 = ( BOUNDED_CURVE() B_SPLINE_CURVE(2,(#242,#243,#244,#245,#246,#247
,#248),.UNSPECIFIED.,.T.,.F.) B_SPLINE_CURVE_WITH_KNOTS((1,2,2,2,2,1),(
    -2.094395102393,0.,2.094395102393,4.188790204786,6.28318530718,
8.377580409573),.UNSPECIFIED.) CURVE() GEOMETRIC_REPRESENTATION_ITEM() 
RATIONAL_B_SPLINE_CURVE((1.,0.5,1.,0.5,1.,0.5,1.)) REPRESENTATION_ITEM(
  '') );
#242 = CARTESIAN_POINT('',(20.8,141.));
#243 = CARTESIAN_POINT('',(20.8,104.97334320256));
#244 = CARTESIAN_POINT('',(-10.4,122.98667160128));
#245 = CARTESIAN_POINT('',(-41.6,141.));
#246 = CARTESIAN_POINT('',(-10.4,159.01332839871));
#247 = CARTESIAN_POINT('',(20.8,177.02665679743));
#248 = CARTESIAN_POINT('',(20.8,141.));
#249 = ( GEOMETRIC_REPRESENTATION_CONTEXT(2) 
PARAMETRIC_REPRESENTATION_CONTEXT() REPRESENTATION_CONTEXT('2D SPACE',''
  ) );
#250 = PCURVE('',#251,#256);
#251 = CYLINDRICAL_SURFACE('',#252,20.8);
#252 = AXIS2_PLACEMENT_3D('',#253,#254,#255);
#253 = CARTESIAN_POINT('',(-58.5,58.5,104.4));
#254 = DIRECTION('',(-0.,-0.,-1.));
#255 = DIRECTION('',(1.,0.,0.));
#256 = DEFINITIONAL_REPRESENTATION('',(#257),#261);
#257 = LINE('',#258,#259);
#258 = CARTESIAN_POINT('',(-6.28318530718,-163.6));
#259 = VECTOR('',#260,1.);
#260 = DIRECTION('',(1.,-0.));
#261 = ( GEOMETRIC_REPRESENTATION_CONTEXT(2) 
PARAMETRIC_REPRESENTATION_CONTEXT() REPRESENTATION_CONTEXT('2D SPACE',''
  ) );
#262 = ORIENTED_EDGE('',*,*,#263,.T.);
#263 = EDGE_CURVE('',#231,#264,#266,.T.);
#264 = VERTEX_POINT('',#265);
#265 = CARTESIAN_POINT('',(-60.,82.453079134007,268.));
#266 = SURFACE_CURVE('',#267,(#271,#278),.PCURVE_S1.);
#267 = LINE('',#268,#269);
#268 = CARTESIAN_POINT('',(-60.,-4.8,268.));
#269 = VECTOR('',#270,1.);
#270 = DIRECTION('',(0.,1.,0.));
#271 = PCURVE('',#32,#272);
#272 = DEFINITIONAL_REPRESENTATION('',(#273),#277);
#273 = LINE('',#274,#275);
#274 = CARTESIAN_POINT('',(-1.5,77.7));
#275 = VECTOR('',#276,1.);
#276 = DIRECTION('',(0.,1.));
#277 = ( GEOMETRIC_REPRESENTATION_CONTEXT(2) 
PARAMETRIC_REPRESENTATION_CONTEXT() REPRESENTATION_CONTEXT('2D SPACE',''
  ) );
#278 = PCURVE('',#279,#284);
#279 = PLANE('',#280);
#280 = AXIS2_PLACEMENT_3D('',#281,#282,#283);
#281 = CARTESIAN_POINT('',(-60.,72.9,104.4));
#282 = DIRECTION('',(1.,0.,0.));
#283 = DIRECTION('',(0.,0.,1.));
#284 = DEFINITIONAL_REPRESENTATION('',(#285),#288);
#285 = B_SPLINE_CURVE_WITH_KNOTS('',1,(#286,#287),.UNSPECIFIED.,.F.,.F.,
  (2,2),(77.7,87.3),.PIECEWISE_BEZIER_KNOTS.);
#286 = CARTESIAN_POINT('',(163.6,0.));
#287 = CARTESIAN_POINT('',(163.6,-9.6));
#288 = ( GEOMETRIC_REPRESENTATION_CONTEXT(2) 
PARAMETRIC_REPRESENTATION_CONTEXT() REPRESENTATION_CONTEXT('2D SPACE',''
  ) );
#289 = ORIENTED_EDGE('',*,*,#290,.T.);
#290 = EDGE_CURVE('',#264,#291,#293,.T.);
#291 = VERTEX_POINT('',#292);
#292 = CARTESIAN_POINT('',(-82.5,58.5,268.));
#293 = SURFACE_CURVE('',#294,(#299,#306),.PCURVE_S1.);
#294 = CIRCLE('',#295,24.);
#295 = AXIS2_PLACEMENT_3D('',#296,#297,#298);
#296 = CARTESIAN_POINT('',(-58.5,58.5,268.));
#297 = DIRECTION('',(0.,0.,1.));
#298 = DIRECTION('',(-6.25E-02,0.998044963917,0.));
#299 = PCURVE('',#32,#300);
#300 = DEFINITIONAL_REPRESENTATION('',(#301),#305);
#301 = CIRCLE('',#302,24.);
#302 = AXIS2_PLACEMENT_2D('',#303,#304);
#303 = CARTESIAN_POINT('',(0.,141.));
#304 = DIRECTION('',(-6.25E-02,0.998044963917));
#305 = ( GEOMETRIC_REPRESENTATION_CONTEXT(2) 
PARAMETRIC_REPRESENTATION_CONTEXT() REPRESENTATION_CONTEXT('2D SPACE',''
  ) );
#306 = PCURVE('',#307,#312);
#307 = CYLINDRICAL_SURFACE('',#308,24.);
#308 = AXIS2_PLACEMENT_3D('',#309,#310,#311);
#309 = CARTESIAN_POINT('',(-58.5,58.5,105.4));
#310 = DIRECTION('',(-0.,-0.,-1.));
#311 = DIRECTION('',(1.,0.,0.));
#312 = DEFINITIONAL_REPRESENTATION('',(#313),#317);
#313 = LINE('',#314,#315);
#314 = CARTESIAN_POINT('',(-1.633337088591,-162.6));
#315 = VECTOR('',#316,1.);
#316 = DIRECTION('',(-1.,0.));
#317 = ( GEOMETRIC_REPRESENTATION_CONTEXT(2) 
PARAMETRIC_REPRESENTATION_CONTEXT() REPRESENTATION_CONTEXT('2D SPACE',''
  ) );
#318 = ORIENTED_EDGE('',*,*,#319,.F.);
#319 = EDGE_CURVE('',#320,#291,#322,.T.);
#320 = VERTEX_POINT('',#321);
#321 = CARTESIAN_POINT('',(-82.5,-58.5,268.));
#322 = SURFACE_CURVE('',#323,(#327,#334),.PCURVE_S1.);
#323 = LINE('',#324,#325);
#324 = CARTESIAN_POINT('',(-82.5,-58.5,268.));
#325 = VECTOR('',#326,1.);
#326 = DIRECTION('',(0.,1.,0.));
#327 = PCURVE('',#32,#328);
#328 = DEFINITIONAL_REPRESENTATION('',(#329),#333);
#329 = LINE('',#330,#331);
#330 = CARTESIAN_POINT('',(-24.,24.));
#331 = VECTOR('',#332,1.);
#332 = DIRECTION('',(0.,1.));
#333 = ( GEOMETRIC_REPRESENTATION_CONTEXT(2) 
PARAMETRIC_REPRESENTATION_CONTEXT() REPRESENTATION_CONTEXT('2D SPACE',''
  ) );
#334 = PCURVE('',#335,#340);
#335 = PLANE('',#336);
#336 = AXIS2_PLACEMENT_3D('',#337,#338,#339);
#337 = CARTESIAN_POINT('',(-82.5,-58.5,105.4));
#338 = DIRECTION('',(1.,0.,0.));
#339 = DIRECTION('',(0.,0.,1.));
#340 = DEFINITIONAL_REPRESENTATION('',(#341),#345);
#341 = LINE('',#342,#343);
#342 = CARTESIAN_POINT('',(162.6,0.));
#343 = VECTOR('',#344,1.);
#344 = DIRECTION('',(0.,-1.));
#345 = ( GEOMETRIC_REPRESENTATION_CONTEXT(2) 
PARAMETRIC_REPRESENTATION_CONTEXT() REPRESENTATION_CONTEXT('2D SPACE',''
  ) );
#346 = ORIENTED_EDGE('',*,*,#347,.T.);
#347 = EDGE_CURVE('',#320,#22,#348,.T.);
#348 = SURFACE_CURVE('',#349,(#354,#361),.PCURVE_S1.);
#349 = CIRCLE('',#350,24.);
#350 = AXIS2_PLACEMENT_3D('',#351,#352,#353);
#351 = CARTESIAN_POINT('',(-58.5,-58.5,268.));
#352 = DIRECTION('',(0.,0.,1.));
#353 = DIRECTION('',(-1.,0.,0.));
#354 = PCURVE('',#32,#355);
#355 = DEFINITIONAL_REPRESENTATION('',(#356),#360);
#356 = CIRCLE('',#357,24.);
#357 = AXIS2_PLACEMENT_2D('',#358,#359);
#358 = CARTESIAN_POINT('',(0.,24.));
#359 = DIRECTION('',(-1.,0.));
#360 = ( GEOMETRIC_REPRESENTATION_CONTEXT(2) 
PARAMETRIC_REPRESENTATION_CONTEXT() REPRESENTATION_CONTEXT('2D SPACE',''
  ) );
#361 = PCURVE('',#362,#367);
#362 = CYLINDRICAL_SURFACE('',#363,24.);
#363 = AXIS2_PLACEMENT_3D('',#364,#365,#366);
#364 = CARTESIAN_POINT('',(-58.5,-58.5,105.4));
#365 = DIRECTION('',(-0.,-0.,-1.));
#366 = DIRECTION('',(1.,0.,0.));
#367 = DEFINITIONAL_REPRESENTATION('',(#368),#372);
#368 = LINE('',#369,#370);
#369 = CARTESIAN_POINT('',(-3.14159265359,-162.6));
#370 = VECTOR('',#371,1.);
#371 = DIRECTION('',(-1.,0.));
#372 = ( GEOMETRIC_REPRESENTATION_CONTEXT(2) 
PARAMETRIC_REPRESENTATION_CONTEXT() REPRESENTATION_CONTEXT('2D SPACE',''
  ) );
#373 = FACE_BOUND('',#374,.T.);
#374 = EDGE_LOOP('',(#375,#410,#438));
#375 = ORIENTED_EDGE('',*,*,#376,.T.);
#376 = EDGE_CURVE('',#377,#379,#381,.T.);
#377 = VERTEX_POINT('',#378);
#378 = CARTESIAN_POINT('',(-66.,-77.90077318046,268.));
#379 = VERTEX_POINT('',#380);
#380 = CARTESIAN_POINT('',(-69.7423307192,-76.,268.));
#381 = SURFACE_CURVE('',#382,(#387,#398),.PCURVE_S1.);
#382 = CIRCLE('',#383,20.8);
#383 = AXIS2_PLACEMENT_3D('',#384,#385,#386);
#384 = CARTESIAN_POINT('',(-58.5,-58.5,268.));
#385 = DIRECTION('',(0.,0.,-1.));
#386 = DIRECTION('',(1.,0.,0.));
#387 = PCURVE('',#32,#388);
#388 = DEFINITIONAL_REPRESENTATION('',(#389),#397);
#389 = ( BOUNDED_CURVE() B_SPLINE_CURVE(2,(#390,#391,#392,#393,#394,#395
,#396),.UNSPECIFIED.,.T.,.F.) B_SPLINE_CURVE_WITH_KNOTS((1,2,2,2,2,1),(
    -2.094395102393,0.,2.094395102393,4.188790204786,6.28318530718,
8.377580409573),.UNSPECIFIED.) CURVE() GEOMETRIC_REPRESENTATION_ITEM() 
RATIONAL_B_SPLINE_CURVE((1.,0.5,1.,0.5,1.,0.5,1.)) REPRESENTATION_ITEM(
  '') );
#390 = CARTESIAN_POINT('',(20.8,24.));
#391 = CARTESIAN_POINT('',(20.8,-12.02665679743));
#392 = CARTESIAN_POINT('',(-10.4,5.986671601284));
#393 = CARTESIAN_POINT('',(-41.6,24.));
#394 = CARTESIAN_POINT('',(-10.4,42.013328398716));
#395 = CARTESIAN_POINT('',(20.8,60.026656797433));
#396 = CARTESIAN_POINT('',(20.8,24.));
#397 = ( GEOMETRIC_REPRESENTATION_CONTEXT(2) 
PARAMETRIC_REPRESENTATION_CONTEXT() REPRESENTATION_CONTEXT('2D SPACE',''
  ) );
#398 = PCURVE('',#399,#404);
#399 = CYLINDRICAL_SURFACE('',#400,20.8);
#400 = AXIS2_PLACEMENT_3D('',#401,#402,#403);
#401 = CARTESIAN_POINT('',(-58.5,-58.5,104.4));
#402 = DIRECTION('',(-0.,-0.,-1.));
#403 = DIRECTION('',(1.,0.,0.));
#404 = DEFINITIONAL_REPRESENTATION('',(#405),#409);
#405 = LINE('',#406,#407);
#406 = CARTESIAN_POINT('',(-6.28318530718,-163.6));
#407 = VECTOR('',#408,1.);
#408 = DIRECTION('',(1.,-0.));
#409 = ( GEOMETRIC_REPRESENTATION_CONTEXT(2) 
PARAMETRIC_REPRESENTATION_CONTEXT() REPRESENTATION_CONTEXT('2D SPACE',''
  ) );
#410 = ORIENTED_EDGE('',*,*,#411,.T.);
#411 = EDGE_CURVE('',#379,#412,#414,.T.);
#412 = VERTEX_POINT('',#413);
#413 = CARTESIAN_POINT('',(-66.,-76.,268.));
#414 = SURFACE_CURVE('',#415,(#419,#426),.PCURVE_S1.);
#415 = LINE('',#416,#417);
#416 = CARTESIAN_POINT('',(-80.5,-76.,268.));
#417 = VECTOR('',#418,1.);
#418 = DIRECTION('',(1.,0.,0.));
#419 = PCURVE('',#32,#420);
#420 = DEFINITIONAL_REPRESENTATION('',(#421),#425);
#421 = LINE('',#422,#423);
#422 = CARTESIAN_POINT('',(-22.,6.5));
#423 = VECTOR('',#424,1.);
#424 = DIRECTION('',(1.,0.));
#425 = ( GEOMETRIC_REPRESENTATION_CONTEXT(2) 
PARAMETRIC_REPRESENTATION_CONTEXT() REPRESENTATION_CONTEXT('2D SPACE',''
  ) );
#426 = PCURVE('',#427,#432);
#427 = PLANE('',#428);
#428 = AXIS2_PLACEMENT_3D('',#429,#430,#431);
#429 = CARTESIAN_POINT('',(-80.5,-76.,264.));
#430 = DIRECTION('',(0.,1.,0.));
#431 = DIRECTION('',(0.,0.,1.));
#432 = DEFINITIONAL_REPRESENTATION('',(#433),#437);
#433 = LINE('',#434,#435);
#434 = CARTESIAN_POINT('',(4.,0.));
#435 = VECTOR('',#436,1.);
#436 = DIRECTION('',(0.,1.));
#437 = ( GEOMETRIC_REPRESENTATION_CONTEXT(2) 
PARAMETRIC_REPRESENTATION_CONTEXT() REPRESENTATION_CONTEXT('2D SPACE',''
  ) );
#438 = ORIENTED_EDGE('',*,*,#439,.F.);
#439 = EDGE_CURVE('',#377,#412,#440,.T.);
#440 = SURFACE_CURVE('',#441,(#445,#452),.PCURVE_S1.);
#441 = LINE('',#442,#443);
#442 = CARTESIAN_POINT('',(-66.,-80.,268.));
#443 = VECTOR('',#444,1.);
#444 = DIRECTION('',(0.,1.,0.));
#445 = PCURVE('',#32,#446);
#446 = DEFINITIONAL_REPRESENTATION('',(#447),#451);
#447 = LINE('',#448,#449);
#448 = CARTESIAN_POINT('',(-7.5,2.5));
#449 = VECTOR('',#450,1.);
#450 = DIRECTION('',(0.,1.));
#451 = ( GEOMETRIC_REPRESENTATION_CONTEXT(2) 
PARAMETRIC_REPRESENTATION_CONTEXT() REPRESENTATION_CONTEXT('2D SPACE',''
  ) );
#452 = PCURVE('',#453,#458);
#453 = PLANE('',#454);
#454 = AXIS2_PLACEMENT_3D('',#455,#456,#457);
#455 = CARTESIAN_POINT('',(-66.,-80.,214.));
#456 = DIRECTION('',(1.,0.,0.));
#457 = DIRECTION('',(0.,0.,1.));
#458 = DEFINITIONAL_REPRESENTATION('',(#459),#463);
#459 = LINE('',#460,#461);
#460 = CARTESIAN_POINT('',(54.,0.));
#461 = VECTOR('',#462,1.);
#462 = DIRECTION('',(0.,-1.));
#463 = ( GEOMETRIC_REPRESENTATION_CONTEXT(2) 
PARAMETRIC_REPRESENTATION_CONTEXT() REPRESENTATION_CONTEXT('2D SPACE',''
  ) );
#464 = FACE_BOUND('',#465,.T.);
#465 = EDGE_LOOP('',(#466,#496,#524,#552));
#466 = ORIENTED_EDGE('',*,*,#467,.T.);
#467 = EDGE_CURVE('',#468,#470,#472,.T.);
#468 = VERTEX_POINT('',#469);
#469 = CARTESIAN_POINT('',(-42.,-79.3,268.));
#470 = VERTEX_POINT('',#471);
#471 = CARTESIAN_POINT('',(-42.,-76.,268.));
#472 = SURFACE_CURVE('',#473,(#477,#484),.PCURVE_S1.);
#473 = LINE('',#474,#475);
#474 = CARTESIAN_POINT('',(-42.,-80.,268.));
#475 = VECTOR('',#476,1.);
#476 = DIRECTION('',(0.,1.,0.));
#477 = PCURVE('',#32,#478);
#478 = DEFINITIONAL_REPRESENTATION('',(#479),#483);
#479 = LINE('',#480,#481);
#480 = CARTESIAN_POINT('',(16.5,2.5));
#481 = VECTOR('',#482,1.);
#482 = DIRECTION('',(0.,1.));
#483 = ( GEOMETRIC_REPRESENTATION_CONTEXT(2) 
PARAMETRIC_REPRESENTATION_CONTEXT() REPRESENTATION_CONTEXT('2D SPACE',''
  ) );
#484 = PCURVE('',#485,#490);
#485 = PLANE('',#486);
#486 = AXIS2_PLACEMENT_3D('',#487,#488,#489);
#487 = CARTESIAN_POINT('',(-42.,-80.,214.));
#488 = DIRECTION('',(1.,0.,0.));
#489 = DIRECTION('',(0.,0.,1.));
#490 = DEFINITIONAL_REPRESENTATION('',(#491),#495);
#491 = LINE('',#492,#493);
#492 = CARTESIAN_POINT('',(54.,0.));
#493 = VECTOR('',#494,1.);
#494 = DIRECTION('',(0.,-1.));
#495 = ( GEOMETRIC_REPRESENTATION_CONTEXT(2) 
PARAMETRIC_REPRESENTATION_CONTEXT() REPRESENTATION_CONTEXT('2D SPACE',''
  ) );
#496 = ORIENTED_EDGE('',*,*,#497,.T.);
#497 = EDGE_CURVE('',#470,#498,#500,.T.);
#498 = VERTEX_POINT('',#499);
#499 = CARTESIAN_POINT('',(42.,-76.,268.));
#500 = SURFACE_CURVE('',#501,(#505,#512),.PCURVE_S1.);
#501 = LINE('',#502,#503);
#502 = CARTESIAN_POINT('',(-80.5,-76.,268.));
#503 = VECTOR('',#504,1.);
#504 = DIRECTION('',(1.,0.,0.));
#505 = PCURVE('',#32,#506);
#506 = DEFINITIONAL_REPRESENTATION('',(#507),#511);
#507 = LINE('',#508,#509);
#508 = CARTESIAN_POINT('',(-22.,6.5));
#509 = VECTOR('',#510,1.);
#510 = DIRECTION('',(1.,0.));
#511 = ( GEOMETRIC_REPRESENTATION_CONTEXT(2) 
PARAMETRIC_REPRESENTATION_CONTEXT() REPRESENTATION_CONTEXT('2D SPACE',''
  ) );
#512 = PCURVE('',#513,#518);
#513 = PLANE('',#514);
#514 = AXIS2_PLACEMENT_3D('',#515,#516,#517);
#515 = CARTESIAN_POINT('',(-80.5,-76.,264.));
#516 = DIRECTION('',(0.,1.,0.));
#517 = DIRECTION('',(0.,0.,1.));
#518 = DEFINITIONAL_REPRESENTATION('',(#519),#523);
#519 = LINE('',#520,#521);
#520 = CARTESIAN_POINT('',(4.,0.));
#521 = VECTOR('',#522,1.);
#522 = DIRECTION('',(0.,1.));
#523 = ( GEOMETRIC_REPRESENTATION_CONTEXT(2) 
PARAMETRIC_REPRESENTATION_CONTEXT() REPRESENTATION_CONTEXT('2D SPACE',''
  ) );
#524 = ORIENTED_EDGE('',*,*,#525,.F.);
#525 = EDGE_CURVE('',#526,#498,#528,.T.);
#526 = VERTEX_POINT('',#527);
#527 = CARTESIAN_POINT('',(42.,-79.3,268.));
#528 = SURFACE_CURVE('',#529,(#533,#540),.PCURVE_S1.);
#529 = LINE('',#530,#531);
#530 = CARTESIAN_POINT('',(42.,-80.,268.));
#531 = VECTOR('',#532,1.);
#532 = DIRECTION('',(0.,1.,0.));
#533 = PCURVE('',#32,#534);
#534 = DEFINITIONAL_REPRESENTATION('',(#535),#539);
#535 = LINE('',#536,#537);
#536 = CARTESIAN_POINT('',(100.5,2.5));
#537 = VECTOR('',#538,1.);
#538 = DIRECTION('',(0.,1.));
#539 = ( GEOMETRIC_REPRESENTATION_CONTEXT(2) 
PARAMETRIC_REPRESENTATION_CONTEXT() REPRESENTATION_CONTEXT('2D SPACE',''
  ) );
#540 = PCURVE('',#541,#546);
#541 = PLANE('',#542);
#542 = AXIS2_PLACEMENT_3D('',#543,#544,#545);
#543 = CARTESIAN_POINT('',(42.,-80.,214.));
#544 = DIRECTION('',(1.,0.,0.));
#545 = DIRECTION('',(0.,0.,1.));
#546 = DEFINITIONAL_REPRESENTATION('',(#547),#551);
#547 = LINE('',#548,#549);
#548 = CARTESIAN_POINT('',(54.,0.));
#549 = VECTOR('',#550,1.);
#550 = DIRECTION('',(0.,-1.));
#551 = ( GEOMETRIC_REPRESENTATION_CONTEXT(2) 
PARAMETRIC_REPRESENTATION_CONTEXT() REPRESENTATION_CONTEXT('2D SPACE',''
  ) );
#552 = ORIENTED_EDGE('',*,*,#553,.T.);
#553 = EDGE_CURVE('',#526,#468,#554,.T.);
#554 = SURFACE_CURVE('',#555,(#559,#566),.PCURVE_S1.);
#555 = LINE('',#556,#557);
#556 = CARTESIAN_POINT('',(-58.5,-79.3,268.));
#557 = VECTOR('',#558,1.);
#558 = DIRECTION('',(-1.,0.,0.));
#559 = PCURVE('',#32,#560);
#560 = DEFINITIONAL_REPRESENTATION('',(#561),#565);
#561 = LINE('',#562,#563);
#562 = CARTESIAN_POINT('',(0.,3.2));
#563 = VECTOR('',#564,1.);
#564 = DIRECTION('',(-1.,0.));
#565 = ( GEOMETRIC_REPRESENTATION_CONTEXT(2) 
PARAMETRIC_REPRESENTATION_CONTEXT() REPRESENTATION_CONTEXT('2D SPACE',''
  ) );
#566 = PCURVE('',#567,#572);
#567 = PLANE('',#568);
#568 = AXIS2_PLACEMENT_3D('',#569,#570,#571);
#569 = CARTESIAN_POINT('',(-58.5,-79.3,104.4));
#570 = DIRECTION('',(0.,1.,0.));
#571 = DIRECTION('',(0.,0.,1.));
#572 = DEFINITIONAL_REPRESENTATION('',(#573),#576);
#573 = B_SPLINE_CURVE_WITH_KNOTS('',1,(#574,#575),.UNSPECIFIED.,.F.,.F.,
  (2,2),(-117.,0.),.PIECEWISE_BEZIER_KNOTS.);
#574 = CARTESIAN_POINT('',(163.6,117.));
#575 = CARTESIAN_POINT('',(163.6,0.));
#576 = ( GEOMETRIC_REPRESENTATION_CONTEXT(2) 
PARAMETRIC_REPRESENTATION_CONTEXT() REPRESENTATION_CONTEXT('2D SPACE',''
  ) );
#577 = FACE_BOUND('',#578,.T.);
#578 = EDGE_LOOP('',(#579,#609,#637,#665));
#579 = ORIENTED_EDGE('',*,*,#580,.F.);
#580 = EDGE_CURVE('',#581,#583,#585,.T.);
#581 = VERTEX_POINT('',#582);
#582 = CARTESIAN_POINT('',(75.,-72.,268.));
#583 = VERTEX_POINT('',#584);
#584 = CARTESIAN_POINT('',(75.,-64.,268.));
#585 = SURFACE_CURVE('',#586,(#590,#597),.PCURVE_S1.);
#586 = LINE('',#587,#588);
#587 = CARTESIAN_POINT('',(75.,-72.,268.));
#588 = VECTOR('',#589,1.);
#589 = DIRECTION('',(0.,1.,0.));
#590 = PCURVE('',#32,#591);
#591 = DEFINITIONAL_REPRESENTATION('',(#592),#596);
#592 = LINE('',#593,#594);
#593 = CARTESIAN_POINT('',(133.5,10.5));
#594 = VECTOR('',#595,1.);
#595 = DIRECTION('',(0.,1.));
#596 = ( GEOMETRIC_REPRESENTATION_CONTEXT(2) 
PARAMETRIC_REPRESENTATION_CONTEXT() REPRESENTATION_CONTEXT('2D SPACE',''
  ) );
#597 = PCURVE('',#598,#603);
#598 = PLANE('',#599);
#599 = AXIS2_PLACEMENT_3D('',#600,#601,#602);
#600 = CARTESIAN_POINT('',(75.,-68.,270.27639320225));
#601 = DIRECTION('',(1.,0.,0.));
#602 = DIRECTION('',(-0.,0.,1.));
#603 = DEFINITIONAL_REPRESENTATION('',(#604),#608);
#604 = LINE('',#605,#606);
#605 = CARTESIAN_POINT('',(-2.27639320225,4.));
#606 = VECTOR('',#607,1.);
#607 = DIRECTION('',(0.,-1.));
#608 = ( GEOMETRIC_REPRESENTATION_CONTEXT(2) 
PARAMETRIC_REPRESENTATION_CONTEXT() REPRESENTATION_CONTEXT('2D SPACE',''
  ) );
#609 = ORIENTED_EDGE('',*,*,#610,.T.);
#610 = EDGE_CURVE('',#581,#611,#613,.T.);
#611 = VERTEX_POINT('',#612);
#612 = CARTESIAN_POINT('',(-75.,-72.,268.));
#613 = SURFACE_CURVE('',#614,(#618,#625),.PCURVE_S1.);
#614 = LINE('',#615,#616);
#615 = CARTESIAN_POINT('',(75.,-72.,268.));
#616 = VECTOR('',#617,1.);
#617 = DIRECTION('',(-1.,0.,0.));
#618 = PCURVE('',#32,#619);
#619 = DEFINITIONAL_REPRESENTATION('',(#620),#624);
#620 = LINE('',#621,#622);
#621 = CARTESIAN_POINT('',(133.5,10.5));
#622 = VECTOR('',#623,1.);
#623 = DIRECTION('',(-1.,0.));
#624 = ( GEOMETRIC_REPRESENTATION_CONTEXT(2) 
PARAMETRIC_REPRESENTATION_CONTEXT() REPRESENTATION_CONTEXT('2D SPACE',''
  ) );
#625 = PCURVE('',#626,#631);
#626 = PLANE('',#627);
#627 = AXIS2_PLACEMENT_3D('',#628,#629,#630);
#628 = CARTESIAN_POINT('',(0.,-74.,272.));
#629 = DIRECTION('',(-0.,0.894427191,0.4472135955));
#630 = DIRECTION('',(0.,0.4472135955,-0.894427191));
#631 = DEFINITIONAL_REPRESENTATION('',(#632),#636);
#632 = LINE('',#633,#634);
#633 = CARTESIAN_POINT('',(4.472135955,-75.));
#634 = VECTOR('',#635,1.);
#635 = DIRECTION('',(0.,1.));
#636 = ( GEOMETRIC_REPRESENTATION_CONTEXT(2) 
PARAMETRIC_REPRESENTATION_CONTEXT() REPRESENTATION_CONTEXT('2D SPACE',''
  ) );
#637 = ORIENTED_EDGE('',*,*,#638,.T.);
#638 = EDGE_CURVE('',#611,#639,#641,.T.);
#639 = VERTEX_POINT('',#640);
#640 = CARTESIAN_POINT('',(-75.,-64.,268.));
#641 = SURFACE_CURVE('',#642,(#646,#653),.PCURVE_S1.);
#642 = LINE('',#643,#644);
#643 = CARTESIAN_POINT('',(-75.,-72.,268.));
#644 = VECTOR('',#645,1.);
#645 = DIRECTION('',(0.,1.,0.));
#646 = PCURVE('',#32,#647);
#647 = DEFINITIONAL_REPRESENTATION('',(#648),#652);
#648 = LINE('',#649,#650);
#649 = CARTESIAN_POINT('',(-16.5,10.5));
#650 = VECTOR('',#651,1.);
#651 = DIRECTION('',(0.,1.));
#652 = ( GEOMETRIC_REPRESENTATION_CONTEXT(2) 
PARAMETRIC_REPRESENTATION_CONTEXT() REPRESENTATION_CONTEXT('2D SPACE',''
  ) );
#653 = PCURVE('',#654,#659);
#654 = PLANE('',#655);
#655 = AXIS2_PLACEMENT_3D('',#656,#657,#658);
#656 = CARTESIAN_POINT('',(-75.,-68.,270.27639320225));
#657 = DIRECTION('',(1.,0.,0.));
#658 = DIRECTION('',(-0.,0.,1.));
#659 = DEFINITIONAL_REPRESENTATION('',(#660),#664);
#660 = LINE('',#661,#662);
#661 = CARTESIAN_POINT('',(-2.27639320225,4.));
#662 = VECTOR('',#663,1.);
#663 = DIRECTION('',(0.,-1.));
#664 = ( GEOMETRIC_REPRESENTATION_CONTEXT(2) 
PARAMETRIC_REPRESENTATION_CONTEXT() REPRESENTATION_CONTEXT('2D SPACE',''
  ) );
#665 = ORIENTED_EDGE('',*,*,#666,.T.);
#666 = EDGE_CURVE('',#639,#583,#667,.T.);
#667 = SURFACE_CURVE('',#668,(#672,#679),.PCURVE_S1.);
#668 = LINE('',#669,#670);
#669 = CARTESIAN_POINT('',(-75.,-64.,268.));
#670 = VECTOR('',#671,1.);
#671 = DIRECTION('',(1.,0.,0.));
#672 = PCURVE('',#32,#673);
#673 = DEFINITIONAL_REPRESENTATION('',(#674),#678);
#674 = LINE('',#675,#676);
#675 = CARTESIAN_POINT('',(-16.5,18.5));
#676 = VECTOR('',#677,1.);
#677 = DIRECTION('',(1.,0.));
#678 = ( GEOMETRIC_REPRESENTATION_CONTEXT(2) 
PARAMETRIC_REPRESENTATION_CONTEXT() REPRESENTATION_CONTEXT('2D SPACE',''
  ) );
#679 = PCURVE('',#680,#685);
#680 = PLANE('',#681);
#681 = AXIS2_PLACEMENT_3D('',#682,#683,#684);
#682 = CARTESIAN_POINT('',(0.,-64.,268.));
#683 = DIRECTION('',(0.,-0.894427191,0.4472135955));
#684 = DIRECTION('',(0.,0.4472135955,0.894427191));
#685 = DEFINITIONAL_REPRESENTATION('',(#686),#690);
#686 = LINE('',#687,#688);
#687 = CARTESIAN_POINT('',(0.,75.));
#688 = VECTOR('',#689,1.);
#689 = DIRECTION('',(0.,-1.));
#690 = ( GEOMETRIC_REPRESENTATION_CONTEXT(2) 
PARAMETRIC_REPRESENTATION_CONTEXT() REPRESENTATION_CONTEXT('2D SPACE',''
  ) );
#691 = FACE_BOUND('',#692,.T.);
#692 = EDGE_LOOP('',(#693,#723,#751));
#693 = ORIENTED_EDGE('',*,*,#694,.T.);
#694 = EDGE_CURVE('',#695,#697,#699,.T.);
#695 = VERTEX_POINT('',#696);
#696 = CARTESIAN_POINT('',(66.,-77.90077318046,268.));
#697 = VERTEX_POINT('',#698);
#698 = CARTESIAN_POINT('',(66.,-76.,268.));
#699 = SURFACE_CURVE('',#700,(#704,#711),.PCURVE_S1.);
#700 = LINE('',#701,#702);
#701 = CARTESIAN_POINT('',(66.,-80.,268.));
#702 = VECTOR('',#703,1.);
#703 = DIRECTION('',(0.,1.,0.));
#704 = PCURVE('',#32,#705);
#705 = DEFINITIONAL_REPRESENTATION('',(#706),#710);
#706 = LINE('',#707,#708);
#707 = CARTESIAN_POINT('',(124.5,2.5));
#708 = VECTOR('',#709,1.);
#709 = DIRECTION('',(0.,1.));
#710 = ( GEOMETRIC_REPRESENTATION_CONTEXT(2) 
PARAMETRIC_REPRESENTATION_CONTEXT() REPRESENTATION_CONTEXT('2D SPACE',''
  ) );
#711 = PCURVE('',#712,#717);
#712 = PLANE('',#713);
#713 = AXIS2_PLACEMENT_3D('',#714,#715,#716);
#714 = CARTESIAN_POINT('',(66.,-80.,214.));
#715 = DIRECTION('',(1.,0.,0.));
#716 = DIRECTION('',(0.,0.,1.));
#717 = DEFINITIONAL_REPRESENTATION('',(#718),#722);
#718 = LINE('',#719,#720);
#719 = CARTESIAN_POINT('',(54.,0.));
#720 = VECTOR('',#721,1.);
#721 = DIRECTION('',(0.,-1.));
#722 = ( GEOMETRIC_REPRESENTATION_CONTEXT(2) 
PARAMETRIC_REPRESENTATION_CONTEXT() REPRESENTATION_CONTEXT('2D SPACE',''
  ) );
#723 = ORIENTED_EDGE('',*,*,#724,.T.);
#724 = EDGE_CURVE('',#697,#725,#727,.T.);
#725 = VERTEX_POINT('',#726);
#726 = CARTESIAN_POINT('',(69.742330719207,-76.,268.));
#727 = SURFACE_CURVE('',#728,(#732,#739),.PCURVE_S1.);
#728 = LINE('',#729,#730);
#729 = CARTESIAN_POINT('',(-80.5,-76.,268.));
#730 = VECTOR('',#731,1.);
#731 = DIRECTION('',(1.,0.,0.));
#732 = PCURVE('',#32,#733);
#733 = DEFINITIONAL_REPRESENTATION('',(#734),#738);
#734 = LINE('',#735,#736);
#735 = CARTESIAN_POINT('',(-22.,6.5));
#736 = VECTOR('',#737,1.);
#737 = DIRECTION('',(1.,0.));
#738 = ( GEOMETRIC_REPRESENTATION_CONTEXT(2) 
PARAMETRIC_REPRESENTATION_CONTEXT() REPRESENTATION_CONTEXT('2D SPACE',''
  ) );
#739 = PCURVE('',#740,#745);
#740 = PLANE('',#741);
#741 = AXIS2_PLACEMENT_3D('',#742,#743,#744);
#742 = CARTESIAN_POINT('',(-80.5,-76.,264.));
#743 = DIRECTION('',(0.,1.,0.));
#744 = DIRECTION('',(0.,0.,1.));
#745 = DEFINITIONAL_REPRESENTATION('',(#746),#750);
#746 = LINE('',#747,#748);
#747 = CARTESIAN_POINT('',(4.,0.));
#748 = VECTOR('',#749,1.);
#749 = DIRECTION('',(0.,1.));
#750 = ( GEOMETRIC_REPRESENTATION_CONTEXT(2) 
PARAMETRIC_REPRESENTATION_CONTEXT() REPRESENTATION_CONTEXT('2D SPACE',''
  ) );
#751 = ORIENTED_EDGE('',*,*,#752,.T.);
#752 = EDGE_CURVE('',#725,#695,#753,.T.);
#753 = SURFACE_CURVE('',#754,(#759,#770),.PCURVE_S1.);
#754 = CIRCLE('',#755,20.8);
#755 = AXIS2_PLACEMENT_3D('',#756,#757,#758);
#756 = CARTESIAN_POINT('',(58.5,-58.5,268.));
#757 = DIRECTION('',(0.,0.,-1.));
#758 = DIRECTION('',(1.,0.,0.));
#759 = PCURVE('',#32,#760);
#760 = DEFINITIONAL_REPRESENTATION('',(#761),#769);
#761 = ( BOUNDED_CURVE() B_SPLINE_CURVE(2,(#762,#763,#764,#765,#766,#767
,#768),.UNSPECIFIED.,.T.,.F.) B_SPLINE_CURVE_WITH_KNOTS((1,2,2,2,2,1),(
    -2.094395102393,0.,2.094395102393,4.188790204786,6.28318530718,
8.377580409573),.UNSPECIFIED.) CURVE() GEOMETRIC_REPRESENTATION_ITEM() 
RATIONAL_B_SPLINE_CURVE((1.,0.5,1.,0.5,1.,0.5,1.)) REPRESENTATION_ITEM(
  '') );
#762 = CARTESIAN_POINT('',(137.8,24.));
#763 = CARTESIAN_POINT('',(137.8,-12.02665679743));
#764 = CARTESIAN_POINT('',(106.6,5.986671601284));
#765 = CARTESIAN_POINT('',(75.4,24.));
#766 = CARTESIAN_POINT('',(106.6,42.013328398716));
#767 = CARTESIAN_POINT('',(137.8,60.026656797433));
#768 = CARTESIAN_POINT('',(137.8,24.));
#769 = ( GEOMETRIC_REPRESENTATION_CONTEXT(2) 
PARAMETRIC_REPRESENTATION_CONTEXT() REPRESENTATION_CONTEXT('2D SPACE',''
  ) );
#770 = PCURVE('',#771,#776);
#771 = CYLINDRICAL_SURFACE('',#772,20.8);
#772 = AXIS2_PLACEMENT_3D('',#773,#774,#775);
#773 = CARTESIAN_POINT('',(58.5,-58.5,104.4));
#774 = DIRECTION('',(-0.,-0.,-1.));
#775 = DIRECTION('',(1.,0.,0.));
#776 = DEFINITIONAL_REPRESENTATION('',(#777),#781);
#777 = LINE('',#778,#779);
#778 = CARTESIAN_POINT('',(-6.28318530718,-163.6));
#779 = VECTOR('',#780,1.);
#780 = DIRECTION('',(1.,-0.));
#781 = ( GEOMETRIC_REPRESENTATION_CONTEXT(2) 
PARAMETRIC_REPRESENTATION_CONTEXT() REPRESENTATION_CONTEXT('2D SPACE',''
  ) );
#782 = FACE_BOUND('',#783,.T.);
#783 = EDGE_LOOP('',(#784,#813,#841,#868,#901,#928,#956,#984,#1007,#1035
    ,#1063,#1091,#1119,#1147,#1170,#1198,#1221,#1249,#1277,#1305,#1333,
    #1361,#1384,#1412,#1440,#1467));
#784 = ORIENTED_EDGE('',*,*,#785,.T.);
#785 = EDGE_CURVE('',#786,#788,#790,.T.);
#786 = VERTEX_POINT('',#787);
#787 = CARTESIAN_POINT('',(-79.3,-48.85435607626,268.));
#788 = VERTEX_POINT('',#789);
#789 = CARTESIAN_POINT('',(-79.3,-5.,268.));
#790 = SURFACE_CURVE('',#791,(#795,#802),.PCURVE_S1.);
#791 = LINE('',#792,#793);
#792 = CARTESIAN_POINT('',(-79.3,-70.5,268.));
#793 = VECTOR('',#794,1.);
#794 = DIRECTION('',(0.,1.,0.));
#795 = PCURVE('',#32,#796);
#796 = DEFINITIONAL_REPRESENTATION('',(#797),#801);
#797 = LINE('',#798,#799);
#798 = CARTESIAN_POINT('',(-20.8,12.));
#799 = VECTOR('',#800,1.);
#800 = DIRECTION('',(0.,1.));
#801 = ( GEOMETRIC_REPRESENTATION_CONTEXT(2) 
PARAMETRIC_REPRESENTATION_CONTEXT() REPRESENTATION_CONTEXT('2D SPACE',''
  ) );
#802 = PCURVE('',#803,#808);
#803 = PLANE('',#804);
#804 = AXIS2_PLACEMENT_3D('',#805,#806,#807);
#805 = CARTESIAN_POINT('',(-79.3,-58.5,104.4));
#806 = DIRECTION('',(1.,0.,0.));
#807 = DIRECTION('',(0.,0.,1.));
#808 = DEFINITIONAL_REPRESENTATION('',(#809),#812);
#809 = B_SPLINE_CURVE_WITH_KNOTS('',1,(#810,#811),.UNSPECIFIED.,.F.,.F.,
  (2,2),(12.,129.),.PIECEWISE_BEZIER_KNOTS.);
#810 = CARTESIAN_POINT('',(163.6,0.));
#811 = CARTESIAN_POINT('',(163.6,-117.));
#812 = ( GEOMETRIC_REPRESENTATION_CONTEXT(2) 
PARAMETRIC_REPRESENTATION_CONTEXT() REPRESENTATION_CONTEXT('2D SPACE',''
  ) );
#813 = ORIENTED_EDGE('',*,*,#814,.T.);
#814 = EDGE_CURVE('',#788,#815,#817,.T.);
#815 = VERTEX_POINT('',#816);
#816 = CARTESIAN_POINT('',(79.3,-5.,268.));
#817 = SURFACE_CURVE('',#818,(#822,#829),.PCURVE_S1.);
#818 = LINE('',#819,#820);
#819 = CARTESIAN_POINT('',(-80.5,-5.,268.));
#820 = VECTOR('',#821,1.);
#821 = DIRECTION('',(1.,0.,0.));
#822 = PCURVE('',#32,#823);
#823 = DEFINITIONAL_REPRESENTATION('',(#824),#828);
#824 = LINE('',#825,#826);
#825 = CARTESIAN_POINT('',(-22.,77.5));
#826 = VECTOR('',#827,1.);
#827 = DIRECTION('',(1.,0.));
#828 = ( GEOMETRIC_REPRESENTATION_CONTEXT(2) 
PARAMETRIC_REPRESENTATION_CONTEXT() REPRESENTATION_CONTEXT('2D SPACE',''
  ) );
#829 = PCURVE('',#830,#835);
#830 = PLANE('',#831);
#831 = AXIS2_PLACEMENT_3D('',#832,#833,#834);
#832 = CARTESIAN_POINT('',(-80.5,-5.,264.));
#833 = DIRECTION('',(0.,1.,0.));
#834 = DIRECTION('',(0.,0.,1.));
#835 = DEFINITIONAL_REPRESENTATION('',(#836),#840);
#836 = LINE('',#837,#838);
#837 = CARTESIAN_POINT('',(4.,0.));
#838 = VECTOR('',#839,1.);
#839 = DIRECTION('',(0.,1.));
#840 = ( GEOMETRIC_REPRESENTATION_CONTEXT(2) 
PARAMETRIC_REPRESENTATION_CONTEXT() REPRESENTATION_CONTEXT('2D SPACE',''
  ) );
#841 = ORIENTED_EDGE('',*,*,#842,.F.);
#842 = EDGE_CURVE('',#843,#815,#845,.T.);
#843 = VERTEX_POINT('',#844);
#844 = CARTESIAN_POINT('',(79.3,-48.85435607626,268.));
#845 = SURFACE_CURVE('',#846,(#850,#857),.PCURVE_S1.);
#846 = LINE('',#847,#848);
#847 = CARTESIAN_POINT('',(79.3,-70.5,268.));
#848 = VECTOR('',#849,1.);
#849 = DIRECTION('',(0.,1.,0.));
#850 = PCURVE('',#32,#851);
#851 = DEFINITIONAL_REPRESENTATION('',(#852),#856);
#852 = LINE('',#853,#854);
#853 = CARTESIAN_POINT('',(137.8,12.));
#854 = VECTOR('',#855,1.);
#855 = DIRECTION('',(0.,1.));
#856 = ( GEOMETRIC_REPRESENTATION_CONTEXT(2) 
PARAMETRIC_REPRESENTATION_CONTEXT() REPRESENTATION_CONTEXT('2D SPACE',''
  ) );
#857 = PCURVE('',#858,#863);
#858 = PLANE('',#859);
#859 = AXIS2_PLACEMENT_3D('',#860,#861,#862);
#860 = CARTESIAN_POINT('',(79.3,-58.5,104.4));
#861 = DIRECTION('',(1.,0.,0.));
#862 = DIRECTION('',(0.,0.,1.));
#863 = DEFINITIONAL_REPRESENTATION('',(#864),#867);
#864 = B_SPLINE_CURVE_WITH_KNOTS('',1,(#865,#866),.UNSPECIFIED.,.F.,.F.,
  (2,2),(12.,129.),.PIECEWISE_BEZIER_KNOTS.);
#865 = CARTESIAN_POINT('',(163.6,0.));
#866 = CARTESIAN_POINT('',(163.6,-117.));
#867 = ( GEOMETRIC_REPRESENTATION_CONTEXT(2) 
PARAMETRIC_REPRESENTATION_CONTEXT() REPRESENTATION_CONTEXT('2D SPACE',''
  ) );
#868 = ORIENTED_EDGE('',*,*,#869,.T.);
#869 = EDGE_CURVE('',#843,#870,#872,.T.);
#870 = VERTEX_POINT('',#871);
#871 = CARTESIAN_POINT('',(79.3,-51.14564392373,268.));
#872 = SURFACE_CURVE('',#873,(#878,#889),.PCURVE_S1.);
#873 = CIRCLE('',#874,2.75);
#874 = AXIS2_PLACEMENT_3D('',#875,#876,#877);
#875 = CARTESIAN_POINT('',(76.8,-50.,268.));
#876 = DIRECTION('',(0.,0.,-1.));
#877 = DIRECTION('',(0.909090909091,0.41659779045,0.));
#878 = PCURVE('',#32,#879);
#879 = DEFINITIONAL_REPRESENTATION('',(#880),#888);
#880 = ( BOUNDED_CURVE() B_SPLINE_CURVE(2,(#881,#882,#883,#884,#885,#886
,#887),.UNSPECIFIED.,.T.,.F.) B_SPLINE_CURVE_WITH_KNOTS((1,2,2,2,2,1),(
    -2.094395102393,0.,2.094395102393,4.188790204786,6.28318530718,
8.377580409573),.UNSPECIFIED.) CURVE() GEOMETRIC_REPRESENTATION_ITEM() 
RATIONAL_B_SPLINE_CURVE((1.,0.5,1.,0.5,1.,0.5,1.)) REPRESENTATION_ITEM(
  '') );
#881 = CARTESIAN_POINT('',(137.8,33.645643923738));
#882 = CARTESIAN_POINT('',(139.78431348329,29.315516904814));
#883 = CARTESIAN_POINT('',(135.04215674164,29.76211452867));
#884 = CARTESIAN_POINT('',(130.29999999999,30.208712152525));
#885 = CARTESIAN_POINT('',(133.05784325835,34.092241547593));
#886 = CARTESIAN_POINT('',(135.8156865167,37.975770942661));
#887 = CARTESIAN_POINT('',(137.8,33.645643923738));
#888 = ( GEOMETRIC_REPRESENTATION_CONTEXT(2) 
PARAMETRIC_REPRESENTATION_CONTEXT() REPRESENTATION_CONTEXT('2D SPACE',''
  ) );
#889 = PCURVE('',#890,#895);
#890 = CYLINDRICAL_SURFACE('',#891,2.75);
#891 = AXIS2_PLACEMENT_3D('',#892,#893,#894);
#892 = CARTESIAN_POINT('',(76.8,-50.,119.6));
#893 = DIRECTION('',(0.,0.,1.));
#894 = DIRECTION('',(1.,0.,-0.));
#895 = DEFINITIONAL_REPRESENTATION('',(#896),#900);
#896 = LINE('',#897,#898);
#897 = CARTESIAN_POINT('',(6.71288497333,148.4));
#898 = VECTOR('',#899,1.);
#899 = DIRECTION('',(-1.,-0.));
#900 = ( GEOMETRIC_REPRESENTATION_CONTEXT(2) 
PARAMETRIC_REPRESENTATION_CONTEXT() REPRESENTATION_CONTEXT('2D SPACE',''
  ) );
#901 = ORIENTED_EDGE('',*,*,#902,.F.);
#902 = EDGE_CURVE('',#903,#870,#905,.T.);
#903 = VERTEX_POINT('',#904);
#904 = CARTESIAN_POINT('',(79.3,-58.5,268.));
#905 = SURFACE_CURVE('',#906,(#910,#917),.PCURVE_S1.);
#906 = LINE('',#907,#908);
#907 = CARTESIAN_POINT('',(79.3,-70.5,268.));
#908 = VECTOR('',#909,1.);
#909 = DIRECTION('',(0.,1.,0.));
#910 = PCURVE('',#32,#911);
#911 = DEFINITIONAL_REPRESENTATION('',(#912),#916);
#912 = LINE('',#913,#914);
#913 = CARTESIAN_POINT('',(137.8,12.));
#914 = VECTOR('',#915,1.);
#915 = DIRECTION('',(0.,1.));
#916 = ( GEOMETRIC_REPRESENTATION_CONTEXT(2) 
PARAMETRIC_REPRESENTATION_CONTEXT() REPRESENTATION_CONTEXT('2D SPACE',''
  ) );
#917 = PCURVE('',#918,#923);
#918 = PLANE('',#919);
#919 = AXIS2_PLACEMENT_3D('',#920,#921,#922);
#920 = CARTESIAN_POINT('',(79.3,-58.5,104.4));
#921 = DIRECTION('',(1.,0.,0.));
#922 = DIRECTION('',(0.,0.,1.));
#923 = DEFINITIONAL_REPRESENTATION('',(#924),#927);
#924 = B_SPLINE_CURVE_WITH_KNOTS('',1,(#925,#926),.UNSPECIFIED.,.F.,.F.,
  (2,2),(12.,129.),.PIECEWISE_BEZIER_KNOTS.);
#925 = CARTESIAN_POINT('',(163.6,0.));
#926 = CARTESIAN_POINT('',(163.6,-117.));
#927 = ( GEOMETRIC_REPRESENTATION_CONTEXT(2) 
PARAMETRIC_REPRESENTATION_CONTEXT() REPRESENTATION_CONTEXT('2D SPACE',''
  ) );
#928 = ORIENTED_EDGE('',*,*,#929,.T.);
#929 = EDGE_CURVE('',#903,#930,#932,.T.);
#930 = VERTEX_POINT('',#931);
#931 = CARTESIAN_POINT('',(79.245842957084,-60.,268.));
#932 = SURFACE_CURVE('',#933,(#938,#949),.PCURVE_S1.);
#933 = CIRCLE('',#934,20.8);
#934 = AXIS2_PLACEMENT_3D('',#935,#936,#937);
#935 = CARTESIAN_POINT('',(58.5,-58.5,268.));
#936 = DIRECTION('',(0.,0.,-1.));
#937 = DIRECTION('',(1.,0.,0.));
#938 = PCURVE('',#32,#939);
#939 = DEFINITIONAL_REPRESENTATION('',(#940),#948);
#940 = ( BOUNDED_CURVE() B_SPLINE_CURVE(2,(#941,#942,#943,#944,#945,#946
,#947),.UNSPECIFIED.,.T.,.F.) B_SPLINE_CURVE_WITH_KNOTS((1,2,2,2,2,1),(
    -2.094395102393,0.,2.094395102393,4.188790204786,6.28318530718,
8.377580409573),.UNSPECIFIED.) CURVE() GEOMETRIC_REPRESENTATION_ITEM() 
RATIONAL_B_SPLINE_CURVE((1.,0.5,1.,0.5,1.,0.5,1.)) REPRESENTATION_ITEM(
  '') );
#941 = CARTESIAN_POINT('',(137.8,24.));
#942 = CARTESIAN_POINT('',(137.8,-12.02665679743));
#943 = CARTESIAN_POINT('',(106.6,5.986671601284));
#944 = CARTESIAN_POINT('',(75.4,24.));
#945 = CARTESIAN_POINT('',(106.6,42.013328398716));
#946 = CARTESIAN_POINT('',(137.8,60.026656797433));
#947 = CARTESIAN_POINT('',(137.8,24.));
#948 = ( GEOMETRIC_REPRESENTATION_CONTEXT(2) 
PARAMETRIC_REPRESENTATION_CONTEXT() REPRESENTATION_CONTEXT('2D SPACE',''
  ) );
#949 = PCURVE('',#771,#950);
#950 = DEFINITIONAL_REPRESENTATION('',(#951),#955);
#951 = LINE('',#952,#953);
#952 = CARTESIAN_POINT('',(-6.28318530718,-163.6));
#953 = VECTOR('',#954,1.);
#954 = DIRECTION('',(1.,-0.));
#955 = ( GEOMETRIC_REPRESENTATION_CONTEXT(2) 
PARAMETRIC_REPRESENTATION_CONTEXT() REPRESENTATION_CONTEXT('2D SPACE',''
  ) );
#956 = ORIENTED_EDGE('',*,*,#957,.F.);
#957 = EDGE_CURVE('',#958,#930,#960,.T.);
#958 = VERTEX_POINT('',#959);
#959 = CARTESIAN_POINT('',(66.,-60.,268.));
#960 = SURFACE_CURVE('',#961,(#965,#972),.PCURVE_S1.);
#961 = LINE('',#962,#963);
#962 = CARTESIAN_POINT('',(-80.5,-60.,268.));
#963 = VECTOR('',#964,1.);
#964 = DIRECTION('',(1.,0.,0.));
#965 = PCURVE('',#32,#966);
#966 = DEFINITIONAL_REPRESENTATION('',(#967),#971);
#967 = LINE('',#968,#969);
#968 = CARTESIAN_POINT('',(-22.,22.5));
#969 = VECTOR('',#970,1.);
#970 = DIRECTION('',(1.,0.));
#971 = ( GEOMETRIC_REPRESENTATION_CONTEXT(2) 
PARAMETRIC_REPRESENTATION_CONTEXT() REPRESENTATION_CONTEXT('2D SPACE',''
  ) );
#972 = PCURVE('',#973,#978);
#973 = PLANE('',#974);
#974 = AXIS2_PLACEMENT_3D('',#975,#976,#977);
#975 = CARTESIAN_POINT('',(-80.5,-60.,264.));
#976 = DIRECTION('',(0.,1.,0.));
#977 = DIRECTION('',(0.,0.,1.));
#978 = DEFINITIONAL_REPRESENTATION('',(#979),#983);
#979 = LINE('',#980,#981);
#980 = CARTESIAN_POINT('',(4.,0.));
#981 = VECTOR('',#982,1.);
#982 = DIRECTION('',(0.,1.));
#983 = ( GEOMETRIC_REPRESENTATION_CONTEXT(2) 
PARAMETRIC_REPRESENTATION_CONTEXT() REPRESENTATION_CONTEXT('2D SPACE',''
  ) );
#984 = ORIENTED_EDGE('',*,*,#985,.T.);
#985 = EDGE_CURVE('',#958,#986,#988,.T.);
#986 = VERTEX_POINT('',#987);
#987 = CARTESIAN_POINT('',(66.,-56.,268.));
#988 = SURFACE_CURVE('',#989,(#993,#1000),.PCURVE_S1.);
#989 = LINE('',#990,#991);
#990 = CARTESIAN_POINT('',(66.,-80.,268.));
#991 = VECTOR('',#992,1.);
#992 = DIRECTION('',(0.,1.,0.));
#993 = PCURVE('',#32,#994);
#994 = DEFINITIONAL_REPRESENTATION('',(#995),#999);
#995 = LINE('',#996,#997);
#996 = CARTESIAN_POINT('',(124.5,2.5));
#997 = VECTOR('',#998,1.);
#998 = DIRECTION('',(0.,1.));
#999 = ( GEOMETRIC_REPRESENTATION_CONTEXT(2) 
PARAMETRIC_REPRESENTATION_CONTEXT() REPRESENTATION_CONTEXT('2D SPACE',''
  ) );
#1000 = PCURVE('',#712,#1001);
#1001 = DEFINITIONAL_REPRESENTATION('',(#1002),#1006);
#1002 = LINE('',#1003,#1004);
#1003 = CARTESIAN_POINT('',(54.,0.));
#1004 = VECTOR('',#1005,1.);
#1005 = DIRECTION('',(0.,-1.));
#1006 = ( GEOMETRIC_REPRESENTATION_CONTEXT(2) 
PARAMETRIC_REPRESENTATION_CONTEXT() REPRESENTATION_CONTEXT('2D SPACE',''
  ) );
#1007 = ORIENTED_EDGE('',*,*,#1008,.F.);
#1008 = EDGE_CURVE('',#1009,#986,#1011,.T.);
#1009 = VERTEX_POINT('',#1010);
#1010 = CARTESIAN_POINT('',(56.5,-56.,268.));
#1011 = SURFACE_CURVE('',#1012,(#1016,#1023),.PCURVE_S1.);
#1012 = LINE('',#1013,#1014);
#1013 = CARTESIAN_POINT('',(42.,-56.,268.));
#1014 = VECTOR('',#1015,1.);
#1015 = DIRECTION('',(1.,0.,0.));
#1016 = PCURVE('',#32,#1017);
#1017 = DEFINITIONAL_REPRESENTATION('',(#1018),#1022);
#1018 = LINE('',#1019,#1020);
#1019 = CARTESIAN_POINT('',(100.5,26.5));
#1020 = VECTOR('',#1021,1.);
#1021 = DIRECTION('',(1.,0.));
#1022 = ( GEOMETRIC_REPRESENTATION_CONTEXT(2) 
PARAMETRIC_REPRESENTATION_CONTEXT() REPRESENTATION_CONTEXT('2D SPACE',''
  ) );
#1023 = PCURVE('',#1024,#1029);
#1024 = PLANE('',#1025);
#1025 = AXIS2_PLACEMENT_3D('',#1026,#1027,#1028);
#1026 = CARTESIAN_POINT('',(42.,-56.,214.));
#1027 = DIRECTION('',(0.,1.,0.));
#1028 = DIRECTION('',(0.,0.,1.));
#1029 = DEFINITIONAL_REPRESENTATION('',(#1030),#1034);
#1030 = LINE('',#1031,#1032);
#1031 = CARTESIAN_POINT('',(54.,0.));
#1032 = VECTOR('',#1033,1.);
#1033 = DIRECTION('',(0.,1.));
#1034 = ( GEOMETRIC_REPRESENTATION_CONTEXT(2) 
PARAMETRIC_REPRESENTATION_CONTEXT() REPRESENTATION_CONTEXT('2D SPACE',''
  ) );
#1035 = ORIENTED_EDGE('',*,*,#1036,.T.);
#1036 = EDGE_CURVE('',#1009,#1037,#1039,.T.);
#1037 = VERTEX_POINT('',#1038);
#1038 = CARTESIAN_POINT('',(56.5,-37.,268.));
#1039 = SURFACE_CURVE('',#1040,(#1044,#1051),.PCURVE_S1.);
#1040 = LINE('',#1041,#1042);
#1041 = CARTESIAN_POINT('',(56.5,-59.,268.));
#1042 = VECTOR('',#1043,1.);
#1043 = DIRECTION('',(0.,1.,0.));
#1044 = PCURVE('',#32,#1045);
#1045 = DEFINITIONAL_REPRESENTATION('',(#1046),#1050);
#1046 = LINE('',#1047,#1048);
#1047 = CARTESIAN_POINT('',(115.,23.5));
#1048 = VECTOR('',#1049,1.);
#1049 = DIRECTION('',(0.,1.));
#1050 = ( GEOMETRIC_REPRESENTATION_CONTEXT(2) 
PARAMETRIC_REPRESENTATION_CONTEXT() REPRESENTATION_CONTEXT('2D SPACE',''
  ) );
#1051 = PCURVE('',#1052,#1057);
#1052 = PLANE('',#1053);
#1053 = AXIS2_PLACEMENT_3D('',#1054,#1055,#1056);
#1054 = CARTESIAN_POINT('',(56.5,-59.,214.));
#1055 = DIRECTION('',(1.,0.,0.));
#1056 = DIRECTION('',(0.,0.,1.));
#1057 = DEFINITIONAL_REPRESENTATION('',(#1058),#1062);
#1058 = LINE('',#1059,#1060);
#1059 = CARTESIAN_POINT('',(54.,0.));
#1060 = VECTOR('',#1061,1.);
#1061 = DIRECTION('',(0.,-1.));
#1062 = ( GEOMETRIC_REPRESENTATION_CONTEXT(2) 
PARAMETRIC_REPRESENTATION_CONTEXT() REPRESENTATION_CONTEXT('2D SPACE',''
  ) );
#1063 = ORIENTED_EDGE('',*,*,#1064,.F.);
#1064 = EDGE_CURVE('',#1065,#1037,#1067,.T.);
#1065 = VERTEX_POINT('',#1066);
#1066 = CARTESIAN_POINT('',(51.5,-37.,268.));
#1067 = SURFACE_CURVE('',#1068,(#1072,#1079),.PCURVE_S1.);
#1068 = LINE('',#1069,#1070);
#1069 = CARTESIAN_POINT('',(51.5,-37.,268.));
#1070 = VECTOR('',#1071,1.);
#1071 = DIRECTION('',(1.,0.,0.));
#1072 = PCURVE('',#32,#1073);
#1073 = DEFINITIONAL_REPRESENTATION('',(#1074),#1078);
#1074 = LINE('',#1075,#1076);
#1075 = CARTESIAN_POINT('',(110.,45.5));
#1076 = VECTOR('',#1077,1.);
#1077 = DIRECTION('',(1.,0.));
#1078 = ( GEOMETRIC_REPRESENTATION_CONTEXT(2) 
PARAMETRIC_REPRESENTATION_CONTEXT() REPRESENTATION_CONTEXT('2D SPACE',''
  ) );
#1079 = PCURVE('',#1080,#1085);
#1080 = PLANE('',#1081);
#1081 = AXIS2_PLACEMENT_3D('',#1082,#1083,#1084);
#1082 = CARTESIAN_POINT('',(51.5,-37.,214.));
#1083 = DIRECTION('',(0.,1.,0.));
#1084 = DIRECTION('',(0.,0.,1.));
#1085 = DEFINITIONAL_REPRESENTATION('',(#1086),#1090);
#1086 = LINE('',#1087,#1088);
#1087 = CARTESIAN_POINT('',(54.,0.));
#1088 = VECTOR('',#1089,1.);
#1089 = DIRECTION('',(0.,1.));
#1090 = ( GEOMETRIC_REPRESENTATION_CONTEXT(2) 
PARAMETRIC_REPRESENTATION_CONTEXT() REPRESENTATION_CONTEXT('2D SPACE',''
  ) );
#1091 = ORIENTED_EDGE('',*,*,#1092,.F.);
#1092 = EDGE_CURVE('',#1093,#1065,#1095,.T.);
#1093 = VERTEX_POINT('',#1094);
#1094 = CARTESIAN_POINT('',(51.5,-56.,268.));
#1095 = SURFACE_CURVE('',#1096,(#1100,#1107),.PCURVE_S1.);
#1096 = LINE('',#1097,#1098);
#1097 = CARTESIAN_POINT('',(51.5,-59.,268.));
#1098 = VECTOR('',#1099,1.);
#1099 = DIRECTION('',(0.,1.,0.));
#1100 = PCURVE('',#32,#1101);
#1101 = DEFINITIONAL_REPRESENTATION('',(#1102),#1106);
#1102 = LINE('',#1103,#1104);
#1103 = CARTESIAN_POINT('',(110.,23.5));
#1104 = VECTOR('',#1105,1.);
#1105 = DIRECTION('',(0.,1.));
#1106 = ( GEOMETRIC_REPRESENTATION_CONTEXT(2) 
PARAMETRIC_REPRESENTATION_CONTEXT() REPRESENTATION_CONTEXT('2D SPACE',''
  ) );
#1107 = PCURVE('',#1108,#1113);
#1108 = PLANE('',#1109);
#1109 = AXIS2_PLACEMENT_3D('',#1110,#1111,#1112);
#1110 = CARTESIAN_POINT('',(51.5,-59.,214.));
#1111 = DIRECTION('',(1.,0.,0.));
#1112 = DIRECTION('',(0.,0.,1.));
#1113 = DEFINITIONAL_REPRESENTATION('',(#1114),#1118);
#1114 = LINE('',#1115,#1116);
#1115 = CARTESIAN_POINT('',(54.,0.));
#1116 = VECTOR('',#1117,1.);
#1117 = DIRECTION('',(0.,-1.));
#1118 = ( GEOMETRIC_REPRESENTATION_CONTEXT(2) 
PARAMETRIC_REPRESENTATION_CONTEXT() REPRESENTATION_CONTEXT('2D SPACE',''
  ) );
#1119 = ORIENTED_EDGE('',*,*,#1120,.F.);
#1120 = EDGE_CURVE('',#1121,#1093,#1123,.T.);
#1121 = VERTEX_POINT('',#1122);
#1122 = CARTESIAN_POINT('',(42.,-56.,268.));
#1123 = SURFACE_CURVE('',#1124,(#1128,#1135),.PCURVE_S1.);
#1124 = LINE('',#1125,#1126);
#1125 = CARTESIAN_POINT('',(42.,-56.,268.));
#1126 = VECTOR('',#1127,1.);
#1127 = DIRECTION('',(1.,0.,0.));
#1128 = PCURVE('',#32,#1129);
#1129 = DEFINITIONAL_REPRESENTATION('',(#1130),#1134);
#1130 = LINE('',#1131,#1132);
#1131 = CARTESIAN_POINT('',(100.5,26.5));
#1132 = VECTOR('',#1133,1.);
#1133 = DIRECTION('',(1.,0.));
#1134 = ( GEOMETRIC_REPRESENTATION_CONTEXT(2) 
PARAMETRIC_REPRESENTATION_CONTEXT() REPRESENTATION_CONTEXT('2D SPACE',''
  ) );
#1135 = PCURVE('',#1136,#1141);
#1136 = PLANE('',#1137);
#1137 = AXIS2_PLACEMENT_3D('',#1138,#1139,#1140);
#1138 = CARTESIAN_POINT('',(42.,-56.,214.));
#1139 = DIRECTION('',(0.,1.,0.));
#1140 = DIRECTION('',(0.,0.,1.));
#1141 = DEFINITIONAL_REPRESENTATION('',(#1142),#1146);
#1142 = LINE('',#1143,#1144);
#1143 = CARTESIAN_POINT('',(54.,0.));
#1144 = VECTOR('',#1145,1.);
#1145 = DIRECTION('',(0.,1.));
#1146 = ( GEOMETRIC_REPRESENTATION_CONTEXT(2) 
PARAMETRIC_REPRESENTATION_CONTEXT() REPRESENTATION_CONTEXT('2D SPACE',''
  ) );
#1147 = ORIENTED_EDGE('',*,*,#1148,.F.);
#1148 = EDGE_CURVE('',#1149,#1121,#1151,.T.);
#1149 = VERTEX_POINT('',#1150);
#1150 = CARTESIAN_POINT('',(42.,-60.,268.));
#1151 = SURFACE_CURVE('',#1152,(#1156,#1163),.PCURVE_S1.);
#1152 = LINE('',#1153,#1154);
#1153 = CARTESIAN_POINT('',(42.,-80.,268.));
#1154 = VECTOR('',#1155,1.);
#1155 = DIRECTION('',(0.,1.,0.));
#1156 = PCURVE('',#32,#1157);
#1157 = DEFINITIONAL_REPRESENTATION('',(#1158),#1162);
#1158 = LINE('',#1159,#1160);
#1159 = CARTESIAN_POINT('',(100.5,2.5));
#1160 = VECTOR('',#1161,1.);
#1161 = DIRECTION('',(0.,1.));
#1162 = ( GEOMETRIC_REPRESENTATION_CONTEXT(2) 
PARAMETRIC_REPRESENTATION_CONTEXT() REPRESENTATION_CONTEXT('2D SPACE',''
  ) );
#1163 = PCURVE('',#541,#1164);
#1164 = DEFINITIONAL_REPRESENTATION('',(#1165),#1169);
#1165 = LINE('',#1166,#1167);
#1166 = CARTESIAN_POINT('',(54.,0.));
#1167 = VECTOR('',#1168,1.);
#1168 = DIRECTION('',(0.,-1.));
#1169 = ( GEOMETRIC_REPRESENTATION_CONTEXT(2) 
PARAMETRIC_REPRESENTATION_CONTEXT() REPRESENTATION_CONTEXT('2D SPACE',''
  ) );
#1170 = ORIENTED_EDGE('',*,*,#1171,.F.);
#1171 = EDGE_CURVE('',#1172,#1149,#1174,.T.);
#1172 = VERTEX_POINT('',#1173);
#1173 = CARTESIAN_POINT('',(-42.,-60.,268.));
#1174 = SURFACE_CURVE('',#1175,(#1179,#1186),.PCURVE_S1.);
#1175 = LINE('',#1176,#1177);
#1176 = CARTESIAN_POINT('',(-80.5,-60.,268.));
#1177 = VECTOR('',#1178,1.);
#1178 = DIRECTION('',(1.,0.,0.));
#1179 = PCURVE('',#32,#1180);
#1180 = DEFINITIONAL_REPRESENTATION('',(#1181),#1185);
#1181 = LINE('',#1182,#1183);
#1182 = CARTESIAN_POINT('',(-22.,22.5));
#1183 = VECTOR('',#1184,1.);
#1184 = DIRECTION('',(1.,0.));
#1185 = ( GEOMETRIC_REPRESENTATION_CONTEXT(2) 
PARAMETRIC_REPRESENTATION_CONTEXT() REPRESENTATION_CONTEXT('2D SPACE',''
  ) );
#1186 = PCURVE('',#1187,#1192);
#1187 = PLANE('',#1188);
#1188 = AXIS2_PLACEMENT_3D('',#1189,#1190,#1191);
#1189 = CARTESIAN_POINT('',(-80.5,-60.,264.));
#1190 = DIRECTION('',(0.,1.,0.));
#1191 = DIRECTION('',(0.,0.,1.));
#1192 = DEFINITIONAL_REPRESENTATION('',(#1193),#1197);
#1193 = LINE('',#1194,#1195);
#1194 = CARTESIAN_POINT('',(4.,0.));
#1195 = VECTOR('',#1196,1.);
#1196 = DIRECTION('',(0.,1.));
#1197 = ( GEOMETRIC_REPRESENTATION_CONTEXT(2) 
PARAMETRIC_REPRESENTATION_CONTEXT() REPRESENTATION_CONTEXT('2D SPACE',''
  ) );
#1198 = ORIENTED_EDGE('',*,*,#1199,.T.);
#1199 = EDGE_CURVE('',#1172,#1200,#1202,.T.);
#1200 = VERTEX_POINT('',#1201);
#1201 = CARTESIAN_POINT('',(-42.,-56.,268.));
#1202 = SURFACE_CURVE('',#1203,(#1207,#1214),.PCURVE_S1.);
#1203 = LINE('',#1204,#1205);
#1204 = CARTESIAN_POINT('',(-42.,-80.,268.));
#1205 = VECTOR('',#1206,1.);
#1206 = DIRECTION('',(0.,1.,0.));
#1207 = PCURVE('',#32,#1208);
#1208 = DEFINITIONAL_REPRESENTATION('',(#1209),#1213);
#1209 = LINE('',#1210,#1211);
#1210 = CARTESIAN_POINT('',(16.5,2.5));
#1211 = VECTOR('',#1212,1.);
#1212 = DIRECTION('',(0.,1.));
#1213 = ( GEOMETRIC_REPRESENTATION_CONTEXT(2) 
PARAMETRIC_REPRESENTATION_CONTEXT() REPRESENTATION_CONTEXT('2D SPACE',''
  ) );
#1214 = PCURVE('',#485,#1215);
#1215 = DEFINITIONAL_REPRESENTATION('',(#1216),#1220);
#1216 = LINE('',#1217,#1218);
#1217 = CARTESIAN_POINT('',(54.,0.));
#1218 = VECTOR('',#1219,1.);
#1219 = DIRECTION('',(0.,-1.));
#1220 = ( GEOMETRIC_REPRESENTATION_CONTEXT(2) 
PARAMETRIC_REPRESENTATION_CONTEXT() REPRESENTATION_CONTEXT('2D SPACE',''
  ) );
#1221 = ORIENTED_EDGE('',*,*,#1222,.F.);
#1222 = EDGE_CURVE('',#1223,#1200,#1225,.T.);
#1223 = VERTEX_POINT('',#1224);
#1224 = CARTESIAN_POINT('',(-51.5,-56.,268.));
#1225 = SURFACE_CURVE('',#1226,(#1230,#1237),.PCURVE_S1.);
#1226 = LINE('',#1227,#1228);
#1227 = CARTESIAN_POINT('',(-66.,-56.,268.));
#1228 = VECTOR('',#1229,1.);
#1229 = DIRECTION('',(1.,0.,0.));
#1230 = PCURVE('',#32,#1231);
#1231 = DEFINITIONAL_REPRESENTATION('',(#1232),#1236);
#1232 = LINE('',#1233,#1234);
#1233 = CARTESIAN_POINT('',(-7.5,26.5));
#1234 = VECTOR('',#1235,1.);
#1235 = DIRECTION('',(1.,0.));
#1236 = ( GEOMETRIC_REPRESENTATION_CONTEXT(2) 
PARAMETRIC_REPRESENTATION_CONTEXT() REPRESENTATION_CONTEXT('2D SPACE',''
  ) );
#1237 = PCURVE('',#1238,#1243);
#1238 = PLANE('',#1239);
#1239 = AXIS2_PLACEMENT_3D('',#1240,#1241,#1242);
#1240 = CARTESIAN_POINT('',(-66.,-56.,214.));
#1241 = DIRECTION('',(0.,1.,0.));
#1242 = DIRECTION('',(0.,0.,1.));
#1243 = DEFINITIONAL_REPRESENTATION('',(#1244),#1248);
#1244 = LINE('',#1245,#1246);
#1245 = CARTESIAN_POINT('',(54.,0.));
#1246 = VECTOR('',#1247,1.);
#1247 = DIRECTION('',(0.,1.));
#1248 = ( GEOMETRIC_REPRESENTATION_CONTEXT(2) 
PARAMETRIC_REPRESENTATION_CONTEXT() REPRESENTATION_CONTEXT('2D SPACE',''
  ) );
#1249 = ORIENTED_EDGE('',*,*,#1250,.T.);
#1250 = EDGE_CURVE('',#1223,#1251,#1253,.T.);
#1251 = VERTEX_POINT('',#1252);
#1252 = CARTESIAN_POINT('',(-51.5,-37.,268.));
#1253 = SURFACE_CURVE('',#1254,(#1258,#1265),.PCURVE_S1.);
#1254 = LINE('',#1255,#1256);
#1255 = CARTESIAN_POINT('',(-51.5,-59.,268.));
#1256 = VECTOR('',#1257,1.);
#1257 = DIRECTION('',(0.,1.,0.));
#1258 = PCURVE('',#32,#1259);
#1259 = DEFINITIONAL_REPRESENTATION('',(#1260),#1264);
#1260 = LINE('',#1261,#1262);
#1261 = CARTESIAN_POINT('',(7.,23.5));
#1262 = VECTOR('',#1263,1.);
#1263 = DIRECTION('',(0.,1.));
#1264 = ( GEOMETRIC_REPRESENTATION_CONTEXT(2) 
PARAMETRIC_REPRESENTATION_CONTEXT() REPRESENTATION_CONTEXT('2D SPACE',''
  ) );
#1265 = PCURVE('',#1266,#1271);
#1266 = PLANE('',#1267);
#1267 = AXIS2_PLACEMENT_3D('',#1268,#1269,#1270);
#1268 = CARTESIAN_POINT('',(-51.5,-59.,214.));
#1269 = DIRECTION('',(1.,0.,0.));
#1270 = DIRECTION('',(0.,0.,1.));
#1271 = DEFINITIONAL_REPRESENTATION('',(#1272),#1276);
#1272 = LINE('',#1273,#1274);
#1273 = CARTESIAN_POINT('',(54.,0.));
#1274 = VECTOR('',#1275,1.);
#1275 = DIRECTION('',(0.,-1.));
#1276 = ( GEOMETRIC_REPRESENTATION_CONTEXT(2) 
PARAMETRIC_REPRESENTATION_CONTEXT() REPRESENTATION_CONTEXT('2D SPACE',''
  ) );
#1277 = ORIENTED_EDGE('',*,*,#1278,.F.);
#1278 = EDGE_CURVE('',#1279,#1251,#1281,.T.);
#1279 = VERTEX_POINT('',#1280);
#1280 = CARTESIAN_POINT('',(-56.5,-37.,268.));
#1281 = SURFACE_CURVE('',#1282,(#1286,#1293),.PCURVE_S1.);
#1282 = LINE('',#1283,#1284);
#1283 = CARTESIAN_POINT('',(-56.5,-37.,268.));
#1284 = VECTOR('',#1285,1.);
#1285 = DIRECTION('',(1.,0.,0.));
#1286 = PCURVE('',#32,#1287);
#1287 = DEFINITIONAL_REPRESENTATION('',(#1288),#1292);
#1288 = LINE('',#1289,#1290);
#1289 = CARTESIAN_POINT('',(2.,45.5));
#1290 = VECTOR('',#1291,1.);
#1291 = DIRECTION('',(1.,0.));
#1292 = ( GEOMETRIC_REPRESENTATION_CONTEXT(2) 
PARAMETRIC_REPRESENTATION_CONTEXT() REPRESENTATION_CONTEXT('2D SPACE',''
  ) );
#1293 = PCURVE('',#1294,#1299);
#1294 = PLANE('',#1295);
#1295 = AXIS2_PLACEMENT_3D('',#1296,#1297,#1298);
#1296 = CARTESIAN_POINT('',(-56.5,-37.,214.));
#1297 = DIRECTION('',(0.,1.,0.));
#1298 = DIRECTION('',(0.,0.,1.));
#1299 = DEFINITIONAL_REPRESENTATION('',(#1300),#1304);
#1300 = LINE('',#1301,#1302);
#1301 = CARTESIAN_POINT('',(54.,0.));
#1302 = VECTOR('',#1303,1.);
#1303 = DIRECTION('',(0.,1.));
#1304 = ( GEOMETRIC_REPRESENTATION_CONTEXT(2) 
PARAMETRIC_REPRESENTATION_CONTEXT() REPRESENTATION_CONTEXT('2D SPACE',''
  ) );
#1305 = ORIENTED_EDGE('',*,*,#1306,.F.);
#1306 = EDGE_CURVE('',#1307,#1279,#1309,.T.);
#1307 = VERTEX_POINT('',#1308);
#1308 = CARTESIAN_POINT('',(-56.5,-56.,268.));
#1309 = SURFACE_CURVE('',#1310,(#1314,#1321),.PCURVE_S1.);
#1310 = LINE('',#1311,#1312);
#1311 = CARTESIAN_POINT('',(-56.5,-59.,268.));
#1312 = VECTOR('',#1313,1.);
#1313 = DIRECTION('',(0.,1.,0.));
#1314 = PCURVE('',#32,#1315);
#1315 = DEFINITIONAL_REPRESENTATION('',(#1316),#1320);
#1316 = LINE('',#1317,#1318);
#1317 = CARTESIAN_POINT('',(2.,23.5));
#1318 = VECTOR('',#1319,1.);
#1319 = DIRECTION('',(0.,1.));
#1320 = ( GEOMETRIC_REPRESENTATION_CONTEXT(2) 
PARAMETRIC_REPRESENTATION_CONTEXT() REPRESENTATION_CONTEXT('2D SPACE',''
  ) );
#1321 = PCURVE('',#1322,#1327);
#1322 = PLANE('',#1323);
#1323 = AXIS2_PLACEMENT_3D('',#1324,#1325,#1326);
#1324 = CARTESIAN_POINT('',(-56.5,-59.,214.));
#1325 = DIRECTION('',(1.,0.,0.));
#1326 = DIRECTION('',(0.,0.,1.));
#1327 = DEFINITIONAL_REPRESENTATION('',(#1328),#1332);
#1328 = LINE('',#1329,#1330);
#1329 = CARTESIAN_POINT('',(54.,0.));
#1330 = VECTOR('',#1331,1.);
#1331 = DIRECTION('',(0.,-1.));
#1332 = ( GEOMETRIC_REPRESENTATION_CONTEXT(2) 
PARAMETRIC_REPRESENTATION_CONTEXT() REPRESENTATION_CONTEXT('2D SPACE',''
  ) );
#1333 = ORIENTED_EDGE('',*,*,#1334,.F.);
#1334 = EDGE_CURVE('',#1335,#1307,#1337,.T.);
#1335 = VERTEX_POINT('',#1336);
#1336 = CARTESIAN_POINT('',(-66.,-56.,268.));
#1337 = SURFACE_CURVE('',#1338,(#1342,#1349),.PCURVE_S1.);
#1338 = LINE('',#1339,#1340);
#1339 = CARTESIAN_POINT('',(-66.,-56.,268.));
#1340 = VECTOR('',#1341,1.);
#1341 = DIRECTION('',(1.,0.,0.));
#1342 = PCURVE('',#32,#1343);
#1343 = DEFINITIONAL_REPRESENTATION('',(#1344),#1348);
#1344 = LINE('',#1345,#1346);
#1345 = CARTESIAN_POINT('',(-7.5,26.5));
#1346 = VECTOR('',#1347,1.);
#1347 = DIRECTION('',(1.,0.));
#1348 = ( GEOMETRIC_REPRESENTATION_CONTEXT(2) 
PARAMETRIC_REPRESENTATION_CONTEXT() REPRESENTATION_CONTEXT('2D SPACE',''
  ) );
#1349 = PCURVE('',#1350,#1355);
#1350 = PLANE('',#1351);
#1351 = AXIS2_PLACEMENT_3D('',#1352,#1353,#1354);
#1352 = CARTESIAN_POINT('',(-66.,-56.,214.));
#1353 = DIRECTION('',(0.,1.,0.));
#1354 = DIRECTION('',(0.,0.,1.));
#1355 = DEFINITIONAL_REPRESENTATION('',(#1356),#1360);
#1356 = LINE('',#1357,#1358);
#1357 = CARTESIAN_POINT('',(54.,0.));
#1358 = VECTOR('',#1359,1.);
#1359 = DIRECTION('',(0.,1.));
#1360 = ( GEOMETRIC_REPRESENTATION_CONTEXT(2) 
PARAMETRIC_REPRESENTATION_CONTEXT() REPRESENTATION_CONTEXT('2D SPACE',''
  ) );
#1361 = ORIENTED_EDGE('',*,*,#1362,.F.);
#1362 = EDGE_CURVE('',#1363,#1335,#1365,.T.);
#1363 = VERTEX_POINT('',#1364);
#1364 = CARTESIAN_POINT('',(-66.,-60.,268.));
#1365 = SURFACE_CURVE('',#1366,(#1370,#1377),.PCURVE_S1.);
#1366 = LINE('',#1367,#1368);
#1367 = CARTESIAN_POINT('',(-66.,-80.,268.));
#1368 = VECTOR('',#1369,1.);
#1369 = DIRECTION('',(0.,1.,0.));
#1370 = PCURVE('',#32,#1371);
#1371 = DEFINITIONAL_REPRESENTATION('',(#1372),#1376);
#1372 = LINE('',#1373,#1374);
#1373 = CARTESIAN_POINT('',(-7.5,2.5));
#1374 = VECTOR('',#1375,1.);
#1375 = DIRECTION('',(0.,1.));
#1376 = ( GEOMETRIC_REPRESENTATION_CONTEXT(2) 
PARAMETRIC_REPRESENTATION_CONTEXT() REPRESENTATION_CONTEXT('2D SPACE',''
  ) );
#1377 = PCURVE('',#453,#1378);
#1378 = DEFINITIONAL_REPRESENTATION('',(#1379),#1383);
#1379 = LINE('',#1380,#1381);
#1380 = CARTESIAN_POINT('',(54.,0.));
#1381 = VECTOR('',#1382,1.);
#1382 = DIRECTION('',(0.,-1.));
#1383 = ( GEOMETRIC_REPRESENTATION_CONTEXT(2) 
PARAMETRIC_REPRESENTATION_CONTEXT() REPRESENTATION_CONTEXT('2D SPACE',''
  ) );
#1384 = ORIENTED_EDGE('',*,*,#1385,.F.);
#1385 = EDGE_CURVE('',#1386,#1363,#1388,.T.);
#1386 = VERTEX_POINT('',#1387);
#1387 = CARTESIAN_POINT('',(-79.24584295708,-60.,268.));
#1388 = SURFACE_CURVE('',#1389,(#1393,#1400),.PCURVE_S1.);
#1389 = LINE('',#1390,#1391);
#1390 = CARTESIAN_POINT('',(-80.5,-60.,268.));
#1391 = VECTOR('',#1392,1.);
#1392 = DIRECTION('',(1.,0.,0.));
#1393 = PCURVE('',#32,#1394);
#1394 = DEFINITIONAL_REPRESENTATION('',(#1395),#1399);
#1395 = LINE('',#1396,#1397);
#1396 = CARTESIAN_POINT('',(-22.,22.5));
#1397 = VECTOR('',#1398,1.);
#1398 = DIRECTION('',(1.,0.));
#1399 = ( GEOMETRIC_REPRESENTATION_CONTEXT(2) 
PARAMETRIC_REPRESENTATION_CONTEXT() REPRESENTATION_CONTEXT('2D SPACE',''
  ) );
#1400 = PCURVE('',#1401,#1406);
#1401 = PLANE('',#1402);
#1402 = AXIS2_PLACEMENT_3D('',#1403,#1404,#1405);
#1403 = CARTESIAN_POINT('',(-80.5,-60.,264.));
#1404 = DIRECTION('',(0.,1.,0.));
#1405 = DIRECTION('',(0.,0.,1.));
#1406 = DEFINITIONAL_REPRESENTATION('',(#1407),#1411);
#1407 = LINE('',#1408,#1409);
#1408 = CARTESIAN_POINT('',(4.,0.));
#1409 = VECTOR('',#1410,1.);
#1410 = DIRECTION('',(0.,1.));
#1411 = ( GEOMETRIC_REPRESENTATION_CONTEXT(2) 
PARAMETRIC_REPRESENTATION_CONTEXT() REPRESENTATION_CONTEXT('2D SPACE',''
  ) );
#1412 = ORIENTED_EDGE('',*,*,#1413,.T.);
#1413 = EDGE_CURVE('',#1386,#1414,#1416,.T.);
#1414 = VERTEX_POINT('',#1415);
#1415 = CARTESIAN_POINT('',(-79.3,-58.5,268.));
#1416 = SURFACE_CURVE('',#1417,(#1422,#1433),.PCURVE_S1.);
#1417 = CIRCLE('',#1418,20.8);
#1418 = AXIS2_PLACEMENT_3D('',#1419,#1420,#1421);
#1419 = CARTESIAN_POINT('',(-58.5,-58.5,268.));
#1420 = DIRECTION('',(0.,0.,-1.));
#1421 = DIRECTION('',(1.,0.,0.));
#1422 = PCURVE('',#32,#1423);
#1423 = DEFINITIONAL_REPRESENTATION('',(#1424),#1432);
#1424 = ( BOUNDED_CURVE() B_SPLINE_CURVE(2,(#1425,#1426,#1427,#1428,
#1429,#1430,#1431),.UNSPECIFIED.,.T.,.F.) B_SPLINE_CURVE_WITH_KNOTS((1,2
    ,2,2,2,1),(-2.094395102393,0.,2.094395102393,4.188790204786,
6.28318530718,8.377580409573),.UNSPECIFIED.) CURVE() 
GEOMETRIC_REPRESENTATION_ITEM() RATIONAL_B_SPLINE_CURVE((1.,0.5,1.,0.5,
1.,0.5,1.)) REPRESENTATION_ITEM('') );
#1425 = CARTESIAN_POINT('',(20.8,24.));
#1426 = CARTESIAN_POINT('',(20.8,-12.02665679743));
#1427 = CARTESIAN_POINT('',(-10.4,5.986671601284));
#1428 = CARTESIAN_POINT('',(-41.6,24.));
#1429 = CARTESIAN_POINT('',(-10.4,42.013328398716));
#1430 = CARTESIAN_POINT('',(20.8,60.026656797433));
#1431 = CARTESIAN_POINT('',(20.8,24.));
#1432 = ( GEOMETRIC_REPRESENTATION_CONTEXT(2) 
PARAMETRIC_REPRESENTATION_CONTEXT() REPRESENTATION_CONTEXT('2D SPACE',''
  ) );
#1433 = PCURVE('',#399,#1434);
#1434 = DEFINITIONAL_REPRESENTATION('',(#1435),#1439);
#1435 = LINE('',#1436,#1437);
#1436 = CARTESIAN_POINT('',(-6.28318530718,-163.6));
#1437 = VECTOR('',#1438,1.);
#1438 = DIRECTION('',(1.,-0.));
#1439 = ( GEOMETRIC_REPRESENTATION_CONTEXT(2) 
PARAMETRIC_REPRESENTATION_CONTEXT() REPRESENTATION_CONTEXT('2D SPACE',''
  ) );
#1440 = ORIENTED_EDGE('',*,*,#1441,.T.);
#1441 = EDGE_CURVE('',#1414,#1442,#1444,.T.);
#1442 = VERTEX_POINT('',#1443);
#1443 = CARTESIAN_POINT('',(-79.3,-51.14564392373,268.));
#1444 = SURFACE_CURVE('',#1445,(#1449,#1456),.PCURVE_S1.);
#1445 = LINE('',#1446,#1447);
#1446 = CARTESIAN_POINT('',(-79.3,-70.5,268.));
#1447 = VECTOR('',#1448,1.);
#1448 = DIRECTION('',(0.,1.,0.));
#1449 = PCURVE('',#32,#1450);
#1450 = DEFINITIONAL_REPRESENTATION('',(#1451),#1455);
#1451 = LINE('',#1452,#1453);
#1452 = CARTESIAN_POINT('',(-20.8,12.));
#1453 = VECTOR('',#1454,1.);
#1454 = DIRECTION('',(0.,1.));
#1455 = ( GEOMETRIC_REPRESENTATION_CONTEXT(2) 
PARAMETRIC_REPRESENTATION_CONTEXT() REPRESENTATION_CONTEXT('2D SPACE',''
  ) );
#1456 = PCURVE('',#1457,#1462);
#1457 = PLANE('',#1458);
#1458 = AXIS2_PLACEMENT_3D('',#1459,#1460,#1461);
#1459 = CARTESIAN_POINT('',(-79.3,-58.5,104.4));
#1460 = DIRECTION('',(1.,0.,0.));
#1461 = DIRECTION('',(0.,0.,1.));
#1462 = DEFINITIONAL_REPRESENTATION('',(#1463),#1466);
#1463 = B_SPLINE_CURVE_WITH_KNOTS('',1,(#1464,#1465),.UNSPECIFIED.,.F.,
  .F.,(2,2),(12.,129.),.PIECEWISE_BEZIER_KNOTS.);
#1464 = CARTESIAN_POINT('',(163.6,0.));
#1465 = CARTESIAN_POINT('',(163.6,-117.));
#1466 = ( GEOMETRIC_REPRESENTATION_CONTEXT(2) 
PARAMETRIC_REPRESENTATION_CONTEXT() REPRESENTATION_CONTEXT('2D SPACE',''
  ) );
#1467 = ORIENTED_EDGE('',*,*,#1468,.F.);
#1468 = EDGE_CURVE('',#786,#1442,#1469,.T.);
#1469 = SURFACE_CURVE('',#1470,(#1475,#1482),.PCURVE_S1.);
#1470 = CIRCLE('',#1471,2.75);
#1471 = AXIS2_PLACEMENT_3D('',#1472,#1473,#1474);
#1472 = CARTESIAN_POINT('',(-76.8,-50.,268.));
#1473 = DIRECTION('',(0.,0.,1.));
#1474 = DIRECTION('',(1.,0.,-0.));
#1475 = PCURVE('',#32,#1476);
#1476 = DEFINITIONAL_REPRESENTATION('',(#1477),#1481);
#1477 = CIRCLE('',#1478,2.75);
#1478 = AXIS2_PLACEMENT_2D('',#1479,#1480);
#1479 = CARTESIAN_POINT('',(-18.3,32.5));
#1480 = DIRECTION('',(1.,0.));
#1481 = ( GEOMETRIC_REPRESENTATION_CONTEXT(2) 
PARAMETRIC_REPRESENTATION_CONTEXT() REPRESENTATION_CONTEXT('2D SPACE',''
  ) );
#1482 = PCURVE('',#1483,#1488);
#1483 = CYLINDRICAL_SURFACE('',#1484,2.75);
#1484 = AXIS2_PLACEMENT_3D('',#1485,#1486,#1487);
#1485 = CARTESIAN_POINT('',(-76.8,-50.,119.6));
#1486 = DIRECTION('',(0.,0.,1.));
#1487 = DIRECTION('',(1.,0.,-0.));
#1488 = DEFINITIONAL_REPRESENTATION('',(#1489),#1493);
#1489 = LINE('',#1490,#1491);
#1490 = CARTESIAN_POINT('',(0.,148.4));
#1491 = VECTOR('',#1492,1.);
#1492 = DIRECTION('',(1.,0.));
#1493 = ( GEOMETRIC_REPRESENTATION_CONTEXT(2) 
PARAMETRIC_REPRESENTATION_CONTEXT() REPRESENTATION_CONTEXT('2D SPACE',''
  ) );
#1494 = FACE_BOUND('',#1495,.T.);
#1495 = EDGE_LOOP('',(#1496));
#1496 = ORIENTED_EDGE('',*,*,#1497,.F.);
#1497 = EDGE_CURVE('',#1498,#1498,#1500,.T.);
#1498 = VERTEX_POINT('',#1499);
#1499 = CARTESIAN_POINT('',(-52.75,-5.510910596163E-16,268.));
#1500 = SURFACE_CURVE('',#1501,(#1506,#1513),.PCURVE_S1.);
#1501 = CIRCLE('',#1502,2.25);
#1502 = AXIS2_PLACEMENT_3D('',#1503,#1504,#1505);
#1503 = CARTESIAN_POINT('',(-55.,0.,268.));
#1504 = DIRECTION('',(0.,0.,1.));
#1505 = DIRECTION('',(1.,0.,-0.));
#1506 = PCURVE('',#32,#1507);
#1507 = DEFINITIONAL_REPRESENTATION('',(#1508),#1512);
#1508 = CIRCLE('',#1509,2.25);
#1509 = AXIS2_PLACEMENT_2D('',#1510,#1511);
#1510 = CARTESIAN_POINT('',(3.5,82.5));
#1511 = DIRECTION('',(1.,0.));
#1512 = ( GEOMETRIC_REPRESENTATION_CONTEXT(2) 
PARAMETRIC_REPRESENTATION_CONTEXT() REPRESENTATION_CONTEXT('2D SPACE',''
  ) );
#1513 = PCURVE('',#1514,#1519);
#1514 = CYLINDRICAL_SURFACE('',#1515,2.25);
#1515 = AXIS2_PLACEMENT_3D('',#1516,#1517,#1518);
#1516 = CARTESIAN_POINT('',(-55.,0.,263.));
#1517 = DIRECTION('',(0.,0.,1.));
#1518 = DIRECTION('',(1.,0.,-0.));
#1519 = DEFINITIONAL_REPRESENTATION('',(#1520),#1524);
#1520 = LINE('',#1521,#1522);
#1521 = CARTESIAN_POINT('',(0.,5.));
#1522 = VECTOR('',#1523,1.);
#1523 = DIRECTION('',(1.,0.));
#1524 = ( GEOMETRIC_REPRESENTATION_CONTEXT(2) 
PARAMETRIC_REPRESENTATION_CONTEXT() REPRESENTATION_CONTEXT('2D SPACE',''
  ) );
#1525 = FACE_BOUND('',#1526,.T.);
#1526 = EDGE_LOOP('',(#1527,#1557,#1585,#1613));
#1527 = ORIENTED_EDGE('',*,*,#1528,.F.);
#1528 = EDGE_CURVE('',#1529,#1531,#1533,.T.);
#1529 = VERTEX_POINT('',#1530);
#1530 = CARTESIAN_POINT('',(75.,64.,268.));
#1531 = VERTEX_POINT('',#1532);
#1532 = CARTESIAN_POINT('',(75.,72.,268.));
#1533 = SURFACE_CURVE('',#1534,(#1538,#1545),.PCURVE_S1.);
#1534 = LINE('',#1535,#1536);
#1535 = CARTESIAN_POINT('',(75.,64.,268.));
#1536 = VECTOR('',#1537,1.);
#1537 = DIRECTION('',(0.,1.,0.));
#1538 = PCURVE('',#32,#1539);
#1539 = DEFINITIONAL_REPRESENTATION('',(#1540),#1544);
#1540 = LINE('',#1541,#1542);
#1541 = CARTESIAN_POINT('',(133.5,146.5));
#1542 = VECTOR('',#1543,1.);
#1543 = DIRECTION('',(0.,1.));
#1544 = ( GEOMETRIC_REPRESENTATION_CONTEXT(2) 
PARAMETRIC_REPRESENTATION_CONTEXT() REPRESENTATION_CONTEXT('2D SPACE',''
  ) );
#1545 = PCURVE('',#1546,#1551);
#1546 = PLANE('',#1547);
#1547 = AXIS2_PLACEMENT_3D('',#1548,#1549,#1550);
#1548 = CARTESIAN_POINT('',(75.,68.,270.27639320225));
#1549 = DIRECTION('',(1.,0.,0.));
#1550 = DIRECTION('',(-0.,0.,1.));
#1551 = DEFINITIONAL_REPRESENTATION('',(#1552),#1556);
#1552 = LINE('',#1553,#1554);
#1553 = CARTESIAN_POINT('',(-2.27639320225,4.));
#1554 = VECTOR('',#1555,1.);
#1555 = DIRECTION('',(0.,-1.));
#1556 = ( GEOMETRIC_REPRESENTATION_CONTEXT(2) 
PARAMETRIC_REPRESENTATION_CONTEXT() REPRESENTATION_CONTEXT('2D SPACE',''
  ) );
#1557 = ORIENTED_EDGE('',*,*,#1558,.T.);
#1558 = EDGE_CURVE('',#1529,#1559,#1561,.T.);
#1559 = VERTEX_POINT('',#1560);
#1560 = CARTESIAN_POINT('',(-75.,64.,268.));
#1561 = SURFACE_CURVE('',#1562,(#1566,#1573),.PCURVE_S1.);
#1562 = LINE('',#1563,#1564);
#1563 = CARTESIAN_POINT('',(75.,64.,268.));
#1564 = VECTOR('',#1565,1.);
#1565 = DIRECTION('',(-1.,0.,0.));
#1566 = PCURVE('',#32,#1567);
#1567 = DEFINITIONAL_REPRESENTATION('',(#1568),#1572);
#1568 = LINE('',#1569,#1570);
#1569 = CARTESIAN_POINT('',(133.5,146.5));
#1570 = VECTOR('',#1571,1.);
#1571 = DIRECTION('',(-1.,0.));
#1572 = ( GEOMETRIC_REPRESENTATION_CONTEXT(2) 
PARAMETRIC_REPRESENTATION_CONTEXT() REPRESENTATION_CONTEXT('2D SPACE',''
  ) );
#1573 = PCURVE('',#1574,#1579);
#1574 = PLANE('',#1575);
#1575 = AXIS2_PLACEMENT_3D('',#1576,#1577,#1578);
#1576 = CARTESIAN_POINT('',(0.,62.,272.));
#1577 = DIRECTION('',(-0.,0.894427191,0.4472135955));
#1578 = DIRECTION('',(0.,0.4472135955,-0.894427191));
#1579 = DEFINITIONAL_REPRESENTATION('',(#1580),#1584);
#1580 = LINE('',#1581,#1582);
#1581 = CARTESIAN_POINT('',(4.472135955,-75.));
#1582 = VECTOR('',#1583,1.);
#1583 = DIRECTION('',(0.,1.));
#1584 = ( GEOMETRIC_REPRESENTATION_CONTEXT(2) 
PARAMETRIC_REPRESENTATION_CONTEXT() REPRESENTATION_CONTEXT('2D SPACE',''
  ) );
#1585 = ORIENTED_EDGE('',*,*,#1586,.T.);
#1586 = EDGE_CURVE('',#1559,#1587,#1589,.T.);
#1587 = VERTEX_POINT('',#1588);
#1588 = CARTESIAN_POINT('',(-75.,72.,268.));
#1589 = SURFACE_CURVE('',#1590,(#1594,#1601),.PCURVE_S1.);
#1590 = LINE('',#1591,#1592);
#1591 = CARTESIAN_POINT('',(-75.,64.,268.));
#1592 = VECTOR('',#1593,1.);
#1593 = DIRECTION('',(0.,1.,0.));
#1594 = PCURVE('',#32,#1595);
#1595 = DEFINITIONAL_REPRESENTATION('',(#1596),#1600);
#1596 = LINE('',#1597,#1598);
#1597 = CARTESIAN_POINT('',(-16.5,146.5));
#1598 = VECTOR('',#1599,1.);
#1599 = DIRECTION('',(0.,1.));
#1600 = ( GEOMETRIC_REPRESENTATION_CONTEXT(2) 
PARAMETRIC_REPRESENTATION_CONTEXT() REPRESENTATION_CONTEXT('2D SPACE',''
  ) );
#1601 = PCURVE('',#1602,#1607);
#1602 = PLANE('',#1603);
#1603 = AXIS2_PLACEMENT_3D('',#1604,#1605,#1606);
#1604 = CARTESIAN_POINT('',(-75.,68.,270.27639320225));
#1605 = DIRECTION('',(1.,0.,0.));
#1606 = DIRECTION('',(-0.,0.,1.));
#1607 = DEFINITIONAL_REPRESENTATION('',(#1608),#1612);
#1608 = LINE('',#1609,#1610);
#1609 = CARTESIAN_POINT('',(-2.27639320225,4.));
#1610 = VECTOR('',#1611,1.);
#1611 = DIRECTION('',(0.,-1.));
#1612 = ( GEOMETRIC_REPRESENTATION_CONTEXT(2) 
PARAMETRIC_REPRESENTATION_CONTEXT() REPRESENTATION_CONTEXT('2D SPACE',''
  ) );
#1613 = ORIENTED_EDGE('',*,*,#1614,.T.);
#1614 = EDGE_CURVE('',#1587,#1531,#1615,.T.);
#1615 = SURFACE_CURVE('',#1616,(#1620,#1627),.PCURVE_S1.);
#1616 = LINE('',#1617,#1618);
#1617 = CARTESIAN_POINT('',(-75.,72.,268.));
#1618 = VECTOR('',#1619,1.);
#1619 = DIRECTION('',(1.,0.,0.));
#1620 = PCURVE('',#32,#1621);
#1621 = DEFINITIONAL_REPRESENTATION('',(#1622),#1626);
#1622 = LINE('',#1623,#1624);
#1623 = CARTESIAN_POINT('',(-16.5,154.5));
#1624 = VECTOR('',#1625,1.);
#1625 = DIRECTION('',(1.,0.));
#1626 = ( GEOMETRIC_REPRESENTATION_CONTEXT(2) 
PARAMETRIC_REPRESENTATION_CONTEXT() REPRESENTATION_CONTEXT('2D SPACE',''
  ) );
#1627 = PCURVE('',#1628,#1633);
#1628 = PLANE('',#1629);
#1629 = AXIS2_PLACEMENT_3D('',#1630,#1631,#1632);
#1630 = CARTESIAN_POINT('',(0.,72.,268.));
#1631 = DIRECTION('',(0.,-0.894427191,0.4472135955));
#1632 = DIRECTION('',(0.,0.4472135955,0.894427191));
#1633 = DEFINITIONAL_REPRESENTATION('',(#1634),#1638);
#1634 = LINE('',#1635,#1636);
#1635 = CARTESIAN_POINT('',(0.,75.));
#1636 = VECTOR('',#1637,1.);
#1637 = DIRECTION('',(0.,-1.));
#1638 = ( GEOMETRIC_REPRESENTATION_CONTEXT(2) 
PARAMETRIC_REPRESENTATION_CONTEXT() REPRESENTATION_CONTEXT('2D SPACE',''
  ) );
#1639 = FACE_BOUND('',#1640,.T.);
#1640 = EDGE_LOOP('',(#1641,#1670,#1698,#1726,#1754,#1781,#1814,#1841,
    #1874,#1896,#1924,#1946,#1975,#2002));
#1641 = ORIENTED_EDGE('',*,*,#1642,.T.);
#1642 = EDGE_CURVE('',#1643,#1645,#1647,.T.);
#1643 = VERTEX_POINT('',#1644);
#1644 = CARTESIAN_POINT('',(-79.3,51.145643923739,268.));
#1645 = VERTEX_POINT('',#1646);
#1646 = CARTESIAN_POINT('',(-79.3,58.5,268.));
#1647 = SURFACE_CURVE('',#1648,(#1652,#1659),.PCURVE_S1.);
#1648 = LINE('',#1649,#1650);
#1649 = CARTESIAN_POINT('',(-79.3,-70.5,268.));
#1650 = VECTOR('',#1651,1.);
#1651 = DIRECTION('',(0.,1.,0.));
#1652 = PCURVE('',#32,#1653);
#1653 = DEFINITIONAL_REPRESENTATION('',(#1654),#1658);
#1654 = LINE('',#1655,#1656);
#1655 = CARTESIAN_POINT('',(-20.8,12.));
#1656 = VECTOR('',#1657,1.);
#1657 = DIRECTION('',(0.,1.));
#1658 = ( GEOMETRIC_REPRESENTATION_CONTEXT(2) 
PARAMETRIC_REPRESENTATION_CONTEXT() REPRESENTATION_CONTEXT('2D SPACE',''
  ) );
#1659 = PCURVE('',#1660,#1665);
#1660 = PLANE('',#1661);
#1661 = AXIS2_PLACEMENT_3D('',#1662,#1663,#1664);
#1662 = CARTESIAN_POINT('',(-79.3,-58.5,104.4));
#1663 = DIRECTION('',(1.,0.,0.));
#1664 = DIRECTION('',(0.,0.,1.));
#1665 = DEFINITIONAL_REPRESENTATION('',(#1666),#1669);
#1666 = B_SPLINE_CURVE_WITH_KNOTS('',1,(#1667,#1668),.UNSPECIFIED.,.F.,
  .F.,(2,2),(12.,129.),.PIECEWISE_BEZIER_KNOTS.);
#1667 = CARTESIAN_POINT('',(163.6,0.));
#1668 = CARTESIAN_POINT('',(163.6,-117.));
#1669 = ( GEOMETRIC_REPRESENTATION_CONTEXT(2) 
PARAMETRIC_REPRESENTATION_CONTEXT() REPRESENTATION_CONTEXT('2D SPACE',''
  ) );
#1670 = ORIENTED_EDGE('',*,*,#1671,.T.);
#1671 = EDGE_CURVE('',#1645,#1672,#1674,.T.);
#1672 = VERTEX_POINT('',#1673);
#1673 = CARTESIAN_POINT('',(-79.24584295708,60.,268.));
#1674 = SURFACE_CURVE('',#1675,(#1680,#1691),.PCURVE_S1.);
#1675 = CIRCLE('',#1676,20.8);
#1676 = AXIS2_PLACEMENT_3D('',#1677,#1678,#1679);
#1677 = CARTESIAN_POINT('',(-58.5,58.5,268.));
#1678 = DIRECTION('',(0.,0.,-1.));
#1679 = DIRECTION('',(1.,0.,0.));
#1680 = PCURVE('',#32,#1681);
#1681 = DEFINITIONAL_REPRESENTATION('',(#1682),#1690);
#1682 = ( BOUNDED_CURVE() B_SPLINE_CURVE(2,(#1683,#1684,#1685,#1686,
#1687,#1688,#1689),.UNSPECIFIED.,.T.,.F.) B_SPLINE_CURVE_WITH_KNOTS((1,2
    ,2,2,2,1),(-2.094395102393,0.,2.094395102393,4.188790204786,
6.28318530718,8.377580409573),.UNSPECIFIED.) CURVE() 
GEOMETRIC_REPRESENTATION_ITEM() RATIONAL_B_SPLINE_CURVE((1.,0.5,1.,0.5,
1.,0.5,1.)) REPRESENTATION_ITEM('') );
#1683 = CARTESIAN_POINT('',(20.8,141.));
#1684 = CARTESIAN_POINT('',(20.8,104.97334320256));
#1685 = CARTESIAN_POINT('',(-10.4,122.98667160128));
#1686 = CARTESIAN_POINT('',(-41.6,141.));
#1687 = CARTESIAN_POINT('',(-10.4,159.01332839871));
#1688 = CARTESIAN_POINT('',(20.8,177.02665679743));
#1689 = CARTESIAN_POINT('',(20.8,141.));
#1690 = ( GEOMETRIC_REPRESENTATION_CONTEXT(2) 
PARAMETRIC_REPRESENTATION_CONTEXT() REPRESENTATION_CONTEXT('2D SPACE',''
  ) );
#1691 = PCURVE('',#251,#1692);
#1692 = DEFINITIONAL_REPRESENTATION('',(#1693),#1697);
#1693 = LINE('',#1694,#1695);
#1694 = CARTESIAN_POINT('',(-6.28318530718,-163.6));
#1695 = VECTOR('',#1696,1.);
#1696 = DIRECTION('',(1.,-0.));
#1697 = ( GEOMETRIC_REPRESENTATION_CONTEXT(2) 
PARAMETRIC_REPRESENTATION_CONTEXT() REPRESENTATION_CONTEXT('2D SPACE',''
  ) );
#1698 = ORIENTED_EDGE('',*,*,#1699,.T.);
#1699 = EDGE_CURVE('',#1672,#1700,#1702,.T.);
#1700 = VERTEX_POINT('',#1701);
#1701 = CARTESIAN_POINT('',(79.245842957084,60.,268.));
#1702 = SURFACE_CURVE('',#1703,(#1707,#1714),.PCURVE_S1.);
#1703 = LINE('',#1704,#1705);
#1704 = CARTESIAN_POINT('',(-80.5,60.,268.));
#1705 = VECTOR('',#1706,1.);
#1706 = DIRECTION('',(1.,0.,0.));
#1707 = PCURVE('',#32,#1708);
#1708 = DEFINITIONAL_REPRESENTATION('',(#1709),#1713);
#1709 = LINE('',#1710,#1711);
#1710 = CARTESIAN_POINT('',(-22.,142.5));
#1711 = VECTOR('',#1712,1.);
#1712 = DIRECTION('',(1.,0.));
#1713 = ( GEOMETRIC_REPRESENTATION_CONTEXT(2) 
PARAMETRIC_REPRESENTATION_CONTEXT() REPRESENTATION_CONTEXT('2D SPACE',''
  ) );
#1714 = PCURVE('',#1715,#1720);
#1715 = PLANE('',#1716);
#1716 = AXIS2_PLACEMENT_3D('',#1717,#1718,#1719);
#1717 = CARTESIAN_POINT('',(-80.5,60.,264.));
#1718 = DIRECTION('',(0.,1.,0.));
#1719 = DIRECTION('',(0.,0.,1.));
#1720 = DEFINITIONAL_REPRESENTATION('',(#1721),#1725);
#1721 = LINE('',#1722,#1723);
#1722 = CARTESIAN_POINT('',(4.,0.));
#1723 = VECTOR('',#1724,1.);
#1724 = DIRECTION('',(0.,1.));
#1725 = ( GEOMETRIC_REPRESENTATION_CONTEXT(2) 
PARAMETRIC_REPRESENTATION_CONTEXT() REPRESENTATION_CONTEXT('2D SPACE',''
  ) );
#1726 = ORIENTED_EDGE('',*,*,#1727,.T.);
#1727 = EDGE_CURVE('',#1700,#1728,#1730,.T.);
#1728 = VERTEX_POINT('',#1729);
#1729 = CARTESIAN_POINT('',(79.3,58.5,268.));
#1730 = SURFACE_CURVE('',#1731,(#1736,#1747),.PCURVE_S1.);
#1731 = CIRCLE('',#1732,20.8);
#1732 = AXIS2_PLACEMENT_3D('',#1733,#1734,#1735);
#1733 = CARTESIAN_POINT('',(58.5,58.5,268.));
#1734 = DIRECTION('',(0.,0.,-1.));
#1735 = DIRECTION('',(1.,0.,0.));
#1736 = PCURVE('',#32,#1737);
#1737 = DEFINITIONAL_REPRESENTATION('',(#1738),#1746);
#1738 = ( BOUNDED_CURVE() B_SPLINE_CURVE(2,(#1739,#1740,#1741,#1742,
#1743,#1744,#1745),.UNSPECIFIED.,.T.,.F.) B_SPLINE_CURVE_WITH_KNOTS((1,2
    ,2,2,2,1),(-2.094395102393,0.,2.094395102393,4.188790204786,
6.28318530718,8.377580409573),.UNSPECIFIED.) CURVE() 
GEOMETRIC_REPRESENTATION_ITEM() RATIONAL_B_SPLINE_CURVE((1.,0.5,1.,0.5,
1.,0.5,1.)) REPRESENTATION_ITEM('') );
#1739 = CARTESIAN_POINT('',(137.8,141.));
#1740 = CARTESIAN_POINT('',(137.8,104.97334320256));
#1741 = CARTESIAN_POINT('',(106.6,122.98667160128));
#1742 = CARTESIAN_POINT('',(75.4,141.));
#1743 = CARTESIAN_POINT('',(106.6,159.01332839871));
#1744 = CARTESIAN_POINT('',(137.8,177.02665679743));
#1745 = CARTESIAN_POINT('',(137.8,141.));
#1746 = ( GEOMETRIC_REPRESENTATION_CONTEXT(2) 
PARAMETRIC_REPRESENTATION_CONTEXT() REPRESENTATION_CONTEXT('2D SPACE',''
  ) );
#1747 = PCURVE('',#190,#1748);
#1748 = DEFINITIONAL_REPRESENTATION('',(#1749),#1753);
#1749 = LINE('',#1750,#1751);
#1750 = CARTESIAN_POINT('',(-6.28318530718,-163.6));
#1751 = VECTOR('',#1752,1.);
#1752 = DIRECTION('',(1.,-0.));
#1753 = ( GEOMETRIC_REPRESENTATION_CONTEXT(2) 
PARAMETRIC_REPRESENTATION_CONTEXT() REPRESENTATION_CONTEXT('2D SPACE',''
  ) );
#1754 = ORIENTED_EDGE('',*,*,#1755,.F.);
#1755 = EDGE_CURVE('',#1756,#1728,#1758,.T.);
#1756 = VERTEX_POINT('',#1757);
#1757 = CARTESIAN_POINT('',(79.3,51.145643923738,268.));
#1758 = SURFACE_CURVE('',#1759,(#1763,#1770),.PCURVE_S1.);
#1759 = LINE('',#1760,#1761);
#1760 = CARTESIAN_POINT('',(79.3,-70.5,268.));
#1761 = VECTOR('',#1762,1.);
#1762 = DIRECTION('',(0.,1.,0.));
#1763 = PCURVE('',#32,#1764);
#1764 = DEFINITIONAL_REPRESENTATION('',(#1765),#1769);
#1765 = LINE('',#1766,#1767);
#1766 = CARTESIAN_POINT('',(137.8,12.));
#1767 = VECTOR('',#1768,1.);
#1768 = DIRECTION('',(0.,1.));
#1769 = ( GEOMETRIC_REPRESENTATION_CONTEXT(2) 
PARAMETRIC_REPRESENTATION_CONTEXT() REPRESENTATION_CONTEXT('2D SPACE',''
  ) );
#1770 = PCURVE('',#1771,#1776);
#1771 = PLANE('',#1772);
#1772 = AXIS2_PLACEMENT_3D('',#1773,#1774,#1775);
#1773 = CARTESIAN_POINT('',(79.3,-58.5,104.4));
#1774 = DIRECTION('',(1.,0.,0.));
#1775 = DIRECTION('',(0.,0.,1.));
#1776 = DEFINITIONAL_REPRESENTATION('',(#1777),#1780);
#1777 = B_SPLINE_CURVE_WITH_KNOTS('',1,(#1778,#1779),.UNSPECIFIED.,.F.,
  .F.,(2,2),(12.,129.),.PIECEWISE_BEZIER_KNOTS.);
#1778 = CARTESIAN_POINT('',(163.6,0.));
#1779 = CARTESIAN_POINT('',(163.6,-117.));
#1780 = ( GEOMETRIC_REPRESENTATION_CONTEXT(2) 
PARAMETRIC_REPRESENTATION_CONTEXT() REPRESENTATION_CONTEXT('2D SPACE',''
  ) );
#1781 = ORIENTED_EDGE('',*,*,#1782,.T.);
#1782 = EDGE_CURVE('',#1756,#1783,#1785,.T.);
#1783 = VERTEX_POINT('',#1784);
#1784 = CARTESIAN_POINT('',(79.3,48.854356076262,268.));
#1785 = SURFACE_CURVE('',#1786,(#1791,#1802),.PCURVE_S1.);
#1786 = CIRCLE('',#1787,2.75);
#1787 = AXIS2_PLACEMENT_3D('',#1788,#1789,#1790);
#1788 = CARTESIAN_POINT('',(76.8,50.,268.));
#1789 = DIRECTION('',(0.,0.,-1.));
#1790 = DIRECTION('',(0.909090909091,0.41659779045,0.));
#1791 = PCURVE('',#32,#1792);
#1792 = DEFINITIONAL_REPRESENTATION('',(#1793),#1801);
#1793 = ( BOUNDED_CURVE() B_SPLINE_CURVE(2,(#1794,#1795,#1796,#1797,
#1798,#1799,#1800),.UNSPECIFIED.,.T.,.F.) B_SPLINE_CURVE_WITH_KNOTS((1,2
    ,2,2,2,1),(-2.094395102393,0.,2.094395102393,4.188790204786,
6.28318530718,8.377580409573),.UNSPECIFIED.) CURVE() 
GEOMETRIC_REPRESENTATION_ITEM() RATIONAL_B_SPLINE_CURVE((1.,0.5,1.,0.5,
1.,0.5,1.)) REPRESENTATION_ITEM('') );
#1794 = CARTESIAN_POINT('',(137.8,133.64564392373));
#1795 = CARTESIAN_POINT('',(139.78431348329,129.31551690481));
#1796 = CARTESIAN_POINT('',(135.04215674164,129.76211452866));
#1797 = CARTESIAN_POINT('',(130.29999999999,130.20871215252));
#1798 = CARTESIAN_POINT('',(133.05784325835,134.09224154759));
#1799 = CARTESIAN_POINT('',(135.8156865167,137.97577094266));
#1800 = CARTESIAN_POINT('',(137.8,133.64564392373));
#1801 = ( GEOMETRIC_REPRESENTATION_CONTEXT(2) 
PARAMETRIC_REPRESENTATION_CONTEXT() REPRESENTATION_CONTEXT('2D SPACE',''
  ) );
#1802 = PCURVE('',#1803,#1808);
#1803 = CYLINDRICAL_SURFACE('',#1804,2.75);
#1804 = AXIS2_PLACEMENT_3D('',#1805,#1806,#1807);
#1805 = CARTESIAN_POINT('',(76.8,50.,119.6));
#1806 = DIRECTION('',(0.,0.,1.));
#1807 = DIRECTION('',(1.,0.,-0.));
#1808 = DEFINITIONAL_REPRESENTATION('',(#1809),#1813);
#1809 = LINE('',#1810,#1811);
#1810 = CARTESIAN_POINT('',(6.712884973331,148.4));
#1811 = VECTOR('',#1812,1.);
#1812 = DIRECTION('',(-1.,-0.));
#1813 = ( GEOMETRIC_REPRESENTATION_CONTEXT(2) 
PARAMETRIC_REPRESENTATION_CONTEXT() REPRESENTATION_CONTEXT('2D SPACE',''
  ) );
#1814 = ORIENTED_EDGE('',*,*,#1815,.F.);
#1815 = EDGE_CURVE('',#1816,#1783,#1818,.T.);
#1816 = VERTEX_POINT('',#1817);
#1817 = CARTESIAN_POINT('',(79.3,11.145643923738,268.));
#1818 = SURFACE_CURVE('',#1819,(#1823,#1830),.PCURVE_S1.);
#1819 = LINE('',#1820,#1821);
#1820 = CARTESIAN_POINT('',(79.3,-70.5,268.));
#1821 = VECTOR('',#1822,1.);
#1822 = DIRECTION('',(0.,1.,0.));
#1823 = PCURVE('',#32,#1824);
#1824 = DEFINITIONAL_REPRESENTATION('',(#1825),#1829);
#1825 = LINE('',#1826,#1827);
#1826 = CARTESIAN_POINT('',(137.8,12.));
#1827 = VECTOR('',#1828,1.);
#1828 = DIRECTION('',(0.,1.));
#1829 = ( GEOMETRIC_REPRESENTATION_CONTEXT(2) 
PARAMETRIC_REPRESENTATION_CONTEXT() REPRESENTATION_CONTEXT('2D SPACE',''
  ) );
#1830 = PCURVE('',#1831,#1836);
#1831 = PLANE('',#1832);
#1832 = AXIS2_PLACEMENT_3D('',#1833,#1834,#1835);
#1833 = CARTESIAN_POINT('',(79.3,-58.5,104.4));
#1834 = DIRECTION('',(1.,0.,0.));
#1835 = DIRECTION('',(0.,0.,1.));
#1836 = DEFINITIONAL_REPRESENTATION('',(#1837),#1840);
#1837 = B_SPLINE_CURVE_WITH_KNOTS('',1,(#1838,#1839),.UNSPECIFIED.,.F.,
  .F.,(2,2),(12.,129.),.PIECEWISE_BEZIER_KNOTS.);
#1838 = CARTESIAN_POINT('',(163.6,0.));
#1839 = CARTESIAN_POINT('',(163.6,-117.));
#1840 = ( GEOMETRIC_REPRESENTATION_CONTEXT(2) 
PARAMETRIC_REPRESENTATION_CONTEXT() REPRESENTATION_CONTEXT('2D SPACE',''
  ) );
#1841 = ORIENTED_EDGE('',*,*,#1842,.T.);
#1842 = EDGE_CURVE('',#1816,#1843,#1845,.T.);
#1843 = VERTEX_POINT('',#1844);
#1844 = CARTESIAN_POINT('',(79.3,8.854356076262,268.));
#1845 = SURFACE_CURVE('',#1846,(#1851,#1862),.PCURVE_S1.);
#1846 = CIRCLE('',#1847,2.75);
#1847 = AXIS2_PLACEMENT_3D('',#1848,#1849,#1850);
#1848 = CARTESIAN_POINT('',(76.8,10.,268.));
#1849 = DIRECTION('',(0.,0.,-1.));
#1850 = DIRECTION('',(0.909090909091,0.41659779045,0.));
#1851 = PCURVE('',#32,#1852);
#1852 = DEFINITIONAL_REPRESENTATION('',(#1853),#1861);
#1853 = ( BOUNDED_CURVE() B_SPLINE_CURVE(2,(#1854,#1855,#1856,#1857,
#1858,#1859,#1860),.UNSPECIFIED.,.T.,.F.) B_SPLINE_CURVE_WITH_KNOTS((1,2
    ,2,2,2,1),(-2.094395102393,0.,2.094395102393,4.188790204786,
6.28318530718,8.377580409573),.UNSPECIFIED.) CURVE() 
GEOMETRIC_REPRESENTATION_ITEM() RATIONAL_B_SPLINE_CURVE((1.,0.5,1.,0.5,
1.,0.5,1.)) REPRESENTATION_ITEM('') );
#1854 = CARTESIAN_POINT('',(137.8,93.645643923738));
#1855 = CARTESIAN_POINT('',(139.78431348329,89.315516904816));
#1856 = CARTESIAN_POINT('',(135.04215674164,89.762114528669));
#1857 = CARTESIAN_POINT('',(130.29999999999,90.208712152523));
#1858 = CARTESIAN_POINT('',(133.05784325835,94.092241547592));
#1859 = CARTESIAN_POINT('',(135.8156865167,97.975770942661));
#1860 = CARTESIAN_POINT('',(137.8,93.645643923738));
#1861 = ( GEOMETRIC_REPRESENTATION_CONTEXT(2) 
PARAMETRIC_REPRESENTATION_CONTEXT() REPRESENTATION_CONTEXT('2D SPACE',''
  ) );
#1862 = PCURVE('',#1863,#1868);
#1863 = CYLINDRICAL_SURFACE('',#1864,2.75);
#1864 = AXIS2_PLACEMENT_3D('',#1865,#1866,#1867);
#1865 = CARTESIAN_POINT('',(76.8,10.,119.6));
#1866 = DIRECTION('',(0.,0.,1.));
#1867 = DIRECTION('',(1.,0.,-0.));
#1868 = DEFINITIONAL_REPRESENTATION('',(#1869),#1873);
#1869 = LINE('',#1870,#1871);
#1870 = CARTESIAN_POINT('',(6.712884973331,148.4));
#1871 = VECTOR('',#1872,1.);
#1872 = DIRECTION('',(-1.,-0.));
#1873 = ( GEOMETRIC_REPRESENTATION_CONTEXT(2) 
PARAMETRIC_REPRESENTATION_CONTEXT() REPRESENTATION_CONTEXT('2D SPACE',''
  ) );
#1874 = ORIENTED_EDGE('',*,*,#1875,.F.);
#1875 = EDGE_CURVE('',#1876,#1843,#1878,.T.);
#1876 = VERTEX_POINT('',#1877);
#1877 = CARTESIAN_POINT('',(79.3,5.,268.));
#1878 = SURFACE_CURVE('',#1879,(#1883,#1890),.PCURVE_S1.);
#1879 = LINE('',#1880,#1881);
#1880 = CARTESIAN_POINT('',(79.3,-70.5,268.));
#1881 = VECTOR('',#1882,1.);
#1882 = DIRECTION('',(0.,1.,0.));
#1883 = PCURVE('',#32,#1884);
#1884 = DEFINITIONAL_REPRESENTATION('',(#1885),#1889);
#1885 = LINE('',#1886,#1887);
#1886 = CARTESIAN_POINT('',(137.8,12.));
#1887 = VECTOR('',#1888,1.);
#1888 = DIRECTION('',(0.,1.));
#1889 = ( GEOMETRIC_REPRESENTATION_CONTEXT(2) 
PARAMETRIC_REPRESENTATION_CONTEXT() REPRESENTATION_CONTEXT('2D SPACE',''
  ) );
#1890 = PCURVE('',#858,#1891);
#1891 = DEFINITIONAL_REPRESENTATION('',(#1892),#1895);
#1892 = B_SPLINE_CURVE_WITH_KNOTS('',1,(#1893,#1894),.UNSPECIFIED.,.F.,
  .F.,(2,2),(12.,129.),.PIECEWISE_BEZIER_KNOTS.);
#1893 = CARTESIAN_POINT('',(163.6,0.));
#1894 = CARTESIAN_POINT('',(163.6,-117.));
#1895 = ( GEOMETRIC_REPRESENTATION_CONTEXT(2) 
PARAMETRIC_REPRESENTATION_CONTEXT() REPRESENTATION_CONTEXT('2D SPACE',''
  ) );
#1896 = ORIENTED_EDGE('',*,*,#1897,.F.);
#1897 = EDGE_CURVE('',#1898,#1876,#1900,.T.);
#1898 = VERTEX_POINT('',#1899);
#1899 = CARTESIAN_POINT('',(-79.3,5.,268.));
#1900 = SURFACE_CURVE('',#1901,(#1905,#1912),.PCURVE_S1.);
#1901 = LINE('',#1902,#1903);
#1902 = CARTESIAN_POINT('',(-80.5,5.,268.));
#1903 = VECTOR('',#1904,1.);
#1904 = DIRECTION('',(1.,0.,0.));
#1905 = PCURVE('',#32,#1906);
#1906 = DEFINITIONAL_REPRESENTATION('',(#1907),#1911);
#1907 = LINE('',#1908,#1909);
#1908 = CARTESIAN_POINT('',(-22.,87.5));
#1909 = VECTOR('',#1910,1.);
#1910 = DIRECTION('',(1.,0.));
#1911 = ( GEOMETRIC_REPRESENTATION_CONTEXT(2) 
PARAMETRIC_REPRESENTATION_CONTEXT() REPRESENTATION_CONTEXT('2D SPACE',''
  ) );
#1912 = PCURVE('',#1913,#1918);
#1913 = PLANE('',#1914);
#1914 = AXIS2_PLACEMENT_3D('',#1915,#1916,#1917);
#1915 = CARTESIAN_POINT('',(-80.5,5.,264.));
#1916 = DIRECTION('',(0.,1.,0.));
#1917 = DIRECTION('',(0.,0.,1.));
#1918 = DEFINITIONAL_REPRESENTATION('',(#1919),#1923);
#1919 = LINE('',#1920,#1921);
#1920 = CARTESIAN_POINT('',(4.,0.));
#1921 = VECTOR('',#1922,1.);
#1922 = DIRECTION('',(0.,1.));
#1923 = ( GEOMETRIC_REPRESENTATION_CONTEXT(2) 
PARAMETRIC_REPRESENTATION_CONTEXT() REPRESENTATION_CONTEXT('2D SPACE',''
  ) );
#1924 = ORIENTED_EDGE('',*,*,#1925,.T.);
#1925 = EDGE_CURVE('',#1898,#1926,#1928,.T.);
#1926 = VERTEX_POINT('',#1927);
#1927 = CARTESIAN_POINT('',(-79.3,8.854356076261,268.));
#1928 = SURFACE_CURVE('',#1929,(#1933,#1940),.PCURVE_S1.);
#1929 = LINE('',#1930,#1931);
#1930 = CARTESIAN_POINT('',(-79.3,-70.5,268.));
#1931 = VECTOR('',#1932,1.);
#1932 = DIRECTION('',(0.,1.,0.));
#1933 = PCURVE('',#32,#1934);
#1934 = DEFINITIONAL_REPRESENTATION('',(#1935),#1939);
#1935 = LINE('',#1936,#1937);
#1936 = CARTESIAN_POINT('',(-20.8,12.));
#1937 = VECTOR('',#1938,1.);
#1938 = DIRECTION('',(0.,1.));
#1939 = ( GEOMETRIC_REPRESENTATION_CONTEXT(2) 
PARAMETRIC_REPRESENTATION_CONTEXT() REPRESENTATION_CONTEXT('2D SPACE',''
  ) );
#1940 = PCURVE('',#803,#1941);
#1941 = DEFINITIONAL_REPRESENTATION('',(#1942),#1945);
#1942 = B_SPLINE_CURVE_WITH_KNOTS('',1,(#1943,#1944),.UNSPECIFIED.,.F.,
  .F.,(2,2),(12.,129.),.PIECEWISE_BEZIER_KNOTS.);
#1943 = CARTESIAN_POINT('',(163.6,0.));
#1944 = CARTESIAN_POINT('',(163.6,-117.));
#1945 = ( GEOMETRIC_REPRESENTATION_CONTEXT(2) 
PARAMETRIC_REPRESENTATION_CONTEXT() REPRESENTATION_CONTEXT('2D SPACE',''
  ) );
#1946 = ORIENTED_EDGE('',*,*,#1947,.F.);
#1947 = EDGE_CURVE('',#1948,#1926,#1950,.T.);
#1948 = VERTEX_POINT('',#1949);
#1949 = CARTESIAN_POINT('',(-79.3,11.145643923739,268.));
#1950 = SURFACE_CURVE('',#1951,(#1956,#1963),.PCURVE_S1.);
#1951 = CIRCLE('',#1952,2.75);
#1952 = AXIS2_PLACEMENT_3D('',#1953,#1954,#1955);
#1953 = CARTESIAN_POINT('',(-76.8,10.,268.));
#1954 = DIRECTION('',(0.,0.,1.));
#1955 = DIRECTION('',(1.,0.,-0.));
#1956 = PCURVE('',#32,#1957);
#1957 = DEFINITIONAL_REPRESENTATION('',(#1958),#1962);
#1958 = CIRCLE('',#1959,2.75);
#1959 = AXIS2_PLACEMENT_2D('',#1960,#1961);
#1960 = CARTESIAN_POINT('',(-18.3,92.5));
#1961 = DIRECTION('',(1.,0.));
#1962 = ( GEOMETRIC_REPRESENTATION_CONTEXT(2) 
PARAMETRIC_REPRESENTATION_CONTEXT() REPRESENTATION_CONTEXT('2D SPACE',''
  ) );
#1963 = PCURVE('',#1964,#1969);
#1964 = CYLINDRICAL_SURFACE('',#1965,2.75);
#1965 = AXIS2_PLACEMENT_3D('',#1966,#1967,#1968);
#1966 = CARTESIAN_POINT('',(-76.8,10.,119.6));
#1967 = DIRECTION('',(0.,0.,1.));
#1968 = DIRECTION('',(1.,0.,-0.));
#1969 = DEFINITIONAL_REPRESENTATION('',(#1970),#1974);
#1970 = LINE('',#1971,#1972);
#1971 = CARTESIAN_POINT('',(0.,148.4));
#1972 = VECTOR('',#1973,1.);
#1973 = DIRECTION('',(1.,0.));
#1974 = ( GEOMETRIC_REPRESENTATION_CONTEXT(2) 
PARAMETRIC_REPRESENTATION_CONTEXT() REPRESENTATION_CONTEXT('2D SPACE',''
  ) );
#1975 = ORIENTED_EDGE('',*,*,#1976,.T.);
#1976 = EDGE_CURVE('',#1948,#1977,#1979,.T.);
#1977 = VERTEX_POINT('',#1978);
#1978 = CARTESIAN_POINT('',(-79.3,48.854356076261,268.));
#1979 = SURFACE_CURVE('',#1980,(#1984,#1991),.PCURVE_S1.);
#1980 = LINE('',#1981,#1982);
#1981 = CARTESIAN_POINT('',(-79.3,-70.5,268.));
#1982 = VECTOR('',#1983,1.);
#1983 = DIRECTION('',(0.,1.,0.));
#1984 = PCURVE('',#32,#1985);
#1985 = DEFINITIONAL_REPRESENTATION('',(#1986),#1990);
#1986 = LINE('',#1987,#1988);
#1987 = CARTESIAN_POINT('',(-20.8,12.));
#1988 = VECTOR('',#1989,1.);
#1989 = DIRECTION('',(0.,1.));
#1990 = ( GEOMETRIC_REPRESENTATION_CONTEXT(2) 
PARAMETRIC_REPRESENTATION_CONTEXT() REPRESENTATION_CONTEXT('2D SPACE',''
  ) );
#1991 = PCURVE('',#1992,#1997);
#1992 = PLANE('',#1993);
#1993 = AXIS2_PLACEMENT_3D('',#1994,#1995,#1996);
#1994 = CARTESIAN_POINT('',(-79.3,-58.5,104.4));
#1995 = DIRECTION('',(1.,0.,0.));
#1996 = DIRECTION('',(0.,0.,1.));
#1997 = DEFINITIONAL_REPRESENTATION('',(#1998),#2001);
#1998 = B_SPLINE_CURVE_WITH_KNOTS('',1,(#1999,#2000),.UNSPECIFIED.,.F.,
  .F.,(2,2),(12.,129.),.PIECEWISE_BEZIER_KNOTS.);
#1999 = CARTESIAN_POINT('',(163.6,0.));
#2000 = CARTESIAN_POINT('',(163.6,-117.));
#2001 = ( GEOMETRIC_REPRESENTATION_CONTEXT(2) 
PARAMETRIC_REPRESENTATION_CONTEXT() REPRESENTATION_CONTEXT('2D SPACE',''
  ) );
#2002 = ORIENTED_EDGE('',*,*,#2003,.F.);
#2003 = EDGE_CURVE('',#1643,#1977,#2004,.T.);
#2004 = SURFACE_CURVE('',#2005,(#2010,#2017),.PCURVE_S1.);
#2005 = CIRCLE('',#2006,2.75);
#2006 = AXIS2_PLACEMENT_3D('',#2007,#2008,#2009);
#2007 = CARTESIAN_POINT('',(-76.8,50.,268.));
#2008 = DIRECTION('',(0.,0.,1.));
#2009 = DIRECTION('',(1.,0.,-0.));
#2010 = PCURVE('',#32,#2011);
#2011 = DEFINITIONAL_REPRESENTATION('',(#2012),#2016);
#2012 = CIRCLE('',#2013,2.75);
#2013 = AXIS2_PLACEMENT_2D('',#2014,#2015);
#2014 = CARTESIAN_POINT('',(-18.3,132.5));
#2015 = DIRECTION('',(1.,0.));
#2016 = ( GEOMETRIC_REPRESENTATION_CONTEXT(2) 
PARAMETRIC_REPRESENTATION_CONTEXT() REPRESENTATION_CONTEXT('2D SPACE',''
  ) );
#2017 = PCURVE('',#2018,#2023);
#2018 = CYLINDRICAL_SURFACE('',#2019,2.75);
#2019 = AXIS2_PLACEMENT_3D('',#2020,#2021,#2022);
#2020 = CARTESIAN_POINT('',(-76.8,50.,119.6));
#2021 = DIRECTION('',(0.,0.,1.));
#2022 = DIRECTION('',(1.,0.,-0.));
#2023 = DEFINITIONAL_REPRESENTATION('',(#2024),#2028);
#2024 = LINE('',#2025,#2026);
#2025 = CARTESIAN_POINT('',(0.,148.4));
#2026 = VECTOR('',#2027,1.);
#2027 = DIRECTION('',(1.,0.));
#2028 = ( GEOMETRIC_REPRESENTATION_CONTEXT(2) 
PARAMETRIC_REPRESENTATION_CONTEXT() REPRESENTATION_CONTEXT('2D SPACE',''
  ) );
#2029 = FACE_BOUND('',#2030,.T.);
#2030 = EDGE_LOOP('',(#2031));
#2031 = ORIENTED_EDGE('',*,*,#2032,.F.);
#2032 = EDGE_CURVE('',#2033,#2033,#2035,.T.);
#2033 = VERTEX_POINT('',#2034);
#2034 = CARTESIAN_POINT('',(57.25,-5.510910596163E-16,268.));
#2035 = SURFACE_CURVE('',#2036,(#2041,#2048),.PCURVE_S1.);
#2036 = CIRCLE('',#2037,2.25);
#2037 = AXIS2_PLACEMENT_3D('',#2038,#2039,#2040);
#2038 = CARTESIAN_POINT('',(55.,0.,268.));
#2039 = DIRECTION('',(0.,0.,1.));
#2040 = DIRECTION('',(1.,0.,-0.));
#2041 = PCURVE('',#32,#2042);
#2042 = DEFINITIONAL_REPRESENTATION('',(#2043),#2047);
#2043 = CIRCLE('',#2044,2.25);
#2044 = AXIS2_PLACEMENT_2D('',#2045,#2046);
#2045 = CARTESIAN_POINT('',(113.5,82.5));
#2046 = DIRECTION('',(1.,0.));
#2047 = ( GEOMETRIC_REPRESENTATION_CONTEXT(2) 
PARAMETRIC_REPRESENTATION_CONTEXT() REPRESENTATION_CONTEXT('2D SPACE',''
  ) );
#2048 = PCURVE('',#2049,#2054);
#2049 = CYLINDRICAL_SURFACE('',#2050,2.25);
#2050 = AXIS2_PLACEMENT_3D('',#2051,#2052,#2053);
#2051 = CARTESIAN_POINT('',(55.,0.,263.));
#2052 = DIRECTION('',(0.,0.,1.));
#2053 = DIRECTION('',(1.,0.,-0.));
#2054 = DEFINITIONAL_REPRESENTATION('',(#2055),#2059);
#2055 = LINE('',#2056,#2057);
#2056 = CARTESIAN_POINT('',(0.,5.));
#2057 = VECTOR('',#2058,1.);
#2058 = DIRECTION('',(1.,0.));
#2059 = ( GEOMETRIC_REPRESENTATION_CONTEXT(2) 
PARAMETRIC_REPRESENTATION_CONTEXT() REPRESENTATION_CONTEXT('2D SPACE',''
  ) );
#2060 = ADVANCED_FACE('',(#2061),#44,.F.);
#2061 = FACE_BOUND('',#2062,.F.);
#2062 = EDGE_LOOP('',(#2063,#2064,#2087,#2115));
#2063 = ORIENTED_EDGE('',*,*,#21,.T.);
#2064 = ORIENTED_EDGE('',*,*,#2065,.F.);
#2065 = EDGE_CURVE('',#2066,#24,#2068,.T.);
#2066 = VERTEX_POINT('',#2067);
#2067 = CARTESIAN_POINT('',(58.5,-82.5,105.4));
#2068 = SURFACE_CURVE('',#2069,(#2073,#2080),.PCURVE_S1.);
#2069 = LINE('',#2070,#2071);
#2070 = CARTESIAN_POINT('',(58.5,-82.5,105.4));
#2071 = VECTOR('',#2072,1.);
#2072 = DIRECTION('',(0.,0.,1.));
#2073 = PCURVE('',#44,#2074);
#2074 = DEFINITIONAL_REPRESENTATION('',(#2075),#2079);
#2075 = LINE('',#2076,#2077);
#2076 = CARTESIAN_POINT('',(0.,117.));
#2077 = VECTOR('',#2078,1.);
#2078 = DIRECTION('',(1.,0.));
#2079 = ( GEOMETRIC_REPRESENTATION_CONTEXT(2) 
PARAMETRIC_REPRESENTATION_CONTEXT() REPRESENTATION_CONTEXT('2D SPACE',''
  ) );
#2080 = PCURVE('',#73,#2081);
#2081 = DEFINITIONAL_REPRESENTATION('',(#2082),#2086);
#2082 = LINE('',#2083,#2084);
#2083 = CARTESIAN_POINT('',(-4.712388980385,0.));
#2084 = VECTOR('',#2085,1.);
#2085 = DIRECTION('',(-0.,-1.));
#2086 = ( GEOMETRIC_REPRESENTATION_CONTEXT(2) 
PARAMETRIC_REPRESENTATION_CONTEXT() REPRESENTATION_CONTEXT('2D SPACE',''
  ) );
#2087 = ORIENTED_EDGE('',*,*,#2088,.F.);
#2088 = EDGE_CURVE('',#2089,#2066,#2091,.T.);
#2089 = VERTEX_POINT('',#2090);
#2090 = CARTESIAN_POINT('',(-58.5,-82.5,105.4));
#2091 = SURFACE_CURVE('',#2092,(#2096,#2103),.PCURVE_S1.);
#2092 = LINE('',#2093,#2094);
#2093 = CARTESIAN_POINT('',(-66.,-82.5,105.4));
#2094 = VECTOR('',#2095,1.);
#2095 = DIRECTION('',(1.,0.,0.));
#2096 = PCURVE('',#44,#2097);
#2097 = DEFINITIONAL_REPRESENTATION('',(#2098),#2102);
#2098 = LINE('',#2099,#2100);
#2099 = CARTESIAN_POINT('',(0.,-7.5));
#2100 = VECTOR('',#2101,1.);
#2101 = DIRECTION('',(0.,1.));
#2102 = ( GEOMETRIC_REPRESENTATION_CONTEXT(2) 
PARAMETRIC_REPRESENTATION_CONTEXT() REPRESENTATION_CONTEXT('2D SPACE',''
  ) );
#2103 = PCURVE('',#2104,#2109);
#2104 = PLANE('',#2105);
#2105 = AXIS2_PLACEMENT_3D('',#2106,#2107,#2108);
#2106 = CARTESIAN_POINT('',(-58.5,-58.5,105.4));
#2107 = DIRECTION('',(0.,0.,1.));
#2108 = DIRECTION('',(1.,0.,-0.));
#2109 = DEFINITIONAL_REPRESENTATION('',(#2110),#2114);
#2110 = LINE('',#2111,#2112);
#2111 = CARTESIAN_POINT('',(-7.5,-24.));
#2112 = VECTOR('',#2113,1.);
#2113 = DIRECTION('',(1.,0.));
#2114 = ( GEOMETRIC_REPRESENTATION_CONTEXT(2) 
PARAMETRIC_REPRESENTATION_CONTEXT() REPRESENTATION_CONTEXT('2D SPACE',''
  ) );
#2115 = ORIENTED_EDGE('',*,*,#2116,.F.);
#2116 = EDGE_CURVE('',#22,#2089,#2117,.T.);
#2117 = SURFACE_CURVE('',#2118,(#2122,#2129),.PCURVE_S1.);
#2118 = LINE('',#2119,#2120);
#2119 = CARTESIAN_POINT('',(-58.5,-82.5,268.));
#2120 = VECTOR('',#2121,1.);
#2121 = DIRECTION('',(0.,0.,-1.));
#2122 = PCURVE('',#44,#2123);
#2123 = DEFINITIONAL_REPRESENTATION('',(#2124),#2128);
#2124 = LINE('',#2125,#2126);
#2125 = CARTESIAN_POINT('',(162.6,0.));
#2126 = VECTOR('',#2127,1.);
#2127 = DIRECTION('',(-1.,0.));
#2128 = ( GEOMETRIC_REPRESENTATION_CONTEXT(2) 
PARAMETRIC_REPRESENTATION_CONTEXT() REPRESENTATION_CONTEXT('2D SPACE',''
  ) );
#2129 = PCURVE('',#362,#2130);
#2130 = DEFINITIONAL_REPRESENTATION('',(#2131),#2135);
#2131 = LINE('',#2132,#2133);
#2132 = CARTESIAN_POINT('',(-4.712388980385,-162.6));
#2133 = VECTOR('',#2134,1.);
#2134 = DIRECTION('',(0.,1.));
#2135 = ( GEOMETRIC_REPRESENTATION_CONTEXT(2) 
PARAMETRIC_REPRESENTATION_CONTEXT() REPRESENTATION_CONTEXT('2D SPACE',''
  ) );
#2136 = ADVANCED_FACE('',(#2137),#362,.T.);
#2137 = FACE_BOUND('',#2138,.F.);
#2138 = EDGE_LOOP('',(#2139,#2163,#2184,#2185));
#2139 = ORIENTED_EDGE('',*,*,#2140,.F.);
#2140 = EDGE_CURVE('',#2141,#2089,#2143,.T.);
#2141 = VERTEX_POINT('',#2142);
#2142 = CARTESIAN_POINT('',(-82.5,-58.5,105.4));
#2143 = SURFACE_CURVE('',#2144,(#2149,#2156),.PCURVE_S1.);
#2144 = CIRCLE('',#2145,24.);
#2145 = AXIS2_PLACEMENT_3D('',#2146,#2147,#2148);
#2146 = CARTESIAN_POINT('',(-58.5,-58.5,105.4));
#2147 = DIRECTION('',(0.,0.,1.));
#2148 = DIRECTION('',(-1.,0.,0.));
#2149 = PCURVE('',#362,#2150);
#2150 = DEFINITIONAL_REPRESENTATION('',(#2151),#2155);
#2151 = LINE('',#2152,#2153);
#2152 = CARTESIAN_POINT('',(-3.14159265359,0.));
#2153 = VECTOR('',#2154,1.);
#2154 = DIRECTION('',(-1.,-0.));
#2155 = ( GEOMETRIC_REPRESENTATION_CONTEXT(2) 
PARAMETRIC_REPRESENTATION_CONTEXT() REPRESENTATION_CONTEXT('2D SPACE',''
  ) );
#2156 = PCURVE('',#2104,#2157);
#2157 = DEFINITIONAL_REPRESENTATION('',(#2158),#2162);
#2158 = CIRCLE('',#2159,24.);
#2159 = AXIS2_PLACEMENT_2D('',#2160,#2161);
#2160 = CARTESIAN_POINT('',(7.105427357601E-15,-7.105427357601E-15));
#2161 = DIRECTION('',(-1.,0.));
#2162 = ( GEOMETRIC_REPRESENTATION_CONTEXT(2) 
PARAMETRIC_REPRESENTATION_CONTEXT() REPRESENTATION_CONTEXT('2D SPACE',''
  ) );
#2163 = ORIENTED_EDGE('',*,*,#2164,.F.);
#2164 = EDGE_CURVE('',#320,#2141,#2165,.T.);
#2165 = SURFACE_CURVE('',#2166,(#2170,#2177),.PCURVE_S1.);
#2166 = LINE('',#2167,#2168);
#2167 = CARTESIAN_POINT('',(-82.5,-58.5,268.));
#2168 = VECTOR('',#2169,1.);
#2169 = DIRECTION('',(0.,0.,-1.));
#2170 = PCURVE('',#362,#2171);
#2171 = DEFINITIONAL_REPRESENTATION('',(#2172),#2176);
#2172 = LINE('',#2173,#2174);
#2173 = CARTESIAN_POINT('',(-3.14159265359,-162.6));
#2174 = VECTOR('',#2175,1.);
#2175 = DIRECTION('',(0.,1.));
#2176 = ( GEOMETRIC_REPRESENTATION_CONTEXT(2) 
PARAMETRIC_REPRESENTATION_CONTEXT() REPRESENTATION_CONTEXT('2D SPACE',''
  ) );
#2177 = PCURVE('',#335,#2178);
#2178 = DEFINITIONAL_REPRESENTATION('',(#2179),#2183);
#2179 = LINE('',#2180,#2181);
#2180 = CARTESIAN_POINT('',(162.6,0.));
#2181 = VECTOR('',#2182,1.);
#2182 = DIRECTION('',(-1.,0.));
#2183 = ( GEOMETRIC_REPRESENTATION_CONTEXT(2) 
PARAMETRIC_REPRESENTATION_CONTEXT() REPRESENTATION_CONTEXT('2D SPACE',''
  ) );
#2184 = ORIENTED_EDGE('',*,*,#347,.T.);
#2185 = ORIENTED_EDGE('',*,*,#2116,.T.);
#2186 = ADVANCED_FACE('',(#2187,#2235),#335,.F.);
#2187 = FACE_BOUND('',#2188,.F.);
#2188 = EDGE_LOOP('',(#2189,#2190,#2213,#2234));
#2189 = ORIENTED_EDGE('',*,*,#2164,.T.);
#2190 = ORIENTED_EDGE('',*,*,#2191,.F.);
#2191 = EDGE_CURVE('',#2192,#2141,#2194,.T.);
#2192 = VERTEX_POINT('',#2193);
#2193 = CARTESIAN_POINT('',(-82.5,58.5,105.4));
#2194 = SURFACE_CURVE('',#2195,(#2199,#2206),.PCURVE_S1.);
#2195 = LINE('',#2196,#2197);
#2196 = CARTESIAN_POINT('',(-82.5,66.,105.4));
#2197 = VECTOR('',#2198,1.);
#2198 = DIRECTION('',(0.,-1.,0.));
#2199 = PCURVE('',#335,#2200);
#2200 = DEFINITIONAL_REPRESENTATION('',(#2201),#2205);
#2201 = LINE('',#2202,#2203);
#2202 = CARTESIAN_POINT('',(0.,-124.5));
#2203 = VECTOR('',#2204,1.);
#2204 = DIRECTION('',(0.,1.));
#2205 = ( GEOMETRIC_REPRESENTATION_CONTEXT(2) 
PARAMETRIC_REPRESENTATION_CONTEXT() REPRESENTATION_CONTEXT('2D SPACE',''
  ) );
#2206 = PCURVE('',#2104,#2207);
#2207 = DEFINITIONAL_REPRESENTATION('',(#2208),#2212);
#2208 = LINE('',#2209,#2210);
#2209 = CARTESIAN_POINT('',(-24.,124.5));
#2210 = VECTOR('',#2211,1.);
#2211 = DIRECTION('',(0.,-1.));
#2212 = ( GEOMETRIC_REPRESENTATION_CONTEXT(2) 
PARAMETRIC_REPRESENTATION_CONTEXT() REPRESENTATION_CONTEXT('2D SPACE',''
  ) );
#2213 = ORIENTED_EDGE('',*,*,#2214,.F.);
#2214 = EDGE_CURVE('',#291,#2192,#2215,.T.);
#2215 = SURFACE_CURVE('',#2216,(#2220,#2227),.PCURVE_S1.);
#2216 = LINE('',#2217,#2218);
#2217 = CARTESIAN_POINT('',(-82.5,58.5,268.));
#2218 = VECTOR('',#2219,1.);
#2219 = DIRECTION('',(0.,0.,-1.));
#2220 = PCURVE('',#335,#2221);
#2221 = DEFINITIONAL_REPRESENTATION('',(#2222),#2226);
#2222 = LINE('',#2223,#2224);
#2223 = CARTESIAN_POINT('',(162.6,-117.));
#2224 = VECTOR('',#2225,1.);
#2225 = DIRECTION('',(-1.,0.));
#2226 = ( GEOMETRIC_REPRESENTATION_CONTEXT(2) 
PARAMETRIC_REPRESENTATION_CONTEXT() REPRESENTATION_CONTEXT('2D SPACE',''
  ) );
#2227 = PCURVE('',#307,#2228);
#2228 = DEFINITIONAL_REPRESENTATION('',(#2229),#2233);
#2229 = LINE('',#2230,#2231);
#2230 = CARTESIAN_POINT('',(-3.14159265359,-162.6));
#2231 = VECTOR('',#2232,1.);
#2232 = DIRECTION('',(0.,1.));
#2233 = ( GEOMETRIC_REPRESENTATION_CONTEXT(2) 
PARAMETRIC_REPRESENTATION_CONTEXT() REPRESENTATION_CONTEXT('2D SPACE',''
  ) );
#2234 = ORIENTED_EDGE('',*,*,#319,.F.);
#2235 = FACE_BOUND('',#2236,.F.);
#2236 = EDGE_LOOP('',(#2237,#2266,#2293,#2320));
#2237 = ORIENTED_EDGE('',*,*,#2238,.T.);
#2238 = EDGE_CURVE('',#2239,#2241,#2243,.T.);
#2239 = VERTEX_POINT('',#2240);
#2240 = CARTESIAN_POINT('',(-82.5,35.8,120.2));
#2241 = VERTEX_POINT('',#2242);
#2242 = CARTESIAN_POINT('',(-82.5,-35.8,120.2));
#2243 = SURFACE_CURVE('',#2244,(#2248,#2255),.PCURVE_S1.);
#2244 = LINE('',#2245,#2246);
#2245 = CARTESIAN_POINT('',(-82.5,-47.15,120.2));
#2246 = VECTOR('',#2247,1.);
#2247 = DIRECTION('',(0.,-1.,0.));
#2248 = PCURVE('',#335,#2249);
#2249 = DEFINITIONAL_REPRESENTATION('',(#2250),#2254);
#2250 = LINE('',#2251,#2252);
#2251 = CARTESIAN_POINT('',(14.8,-11.35));
#2252 = VECTOR('',#2253,1.);
#2253 = DIRECTION('',(0.,1.));
#2254 = ( GEOMETRIC_REPRESENTATION_CONTEXT(2) 
PARAMETRIC_REPRESENTATION_CONTEXT() REPRESENTATION_CONTEXT('2D SPACE',''
  ) );
#2255 = PCURVE('',#2256,#2261);
#2256 = PLANE('',#2257);
#2257 = AXIS2_PLACEMENT_3D('',#2258,#2259,#2260);
#2258 = CARTESIAN_POINT('',(-83.5,-35.8,120.2));
#2259 = DIRECTION('',(0.,0.,1.));
#2260 = DIRECTION('',(1.,0.,0.));
#2261 = DEFINITIONAL_REPRESENTATION('',(#2262),#2265);
#2262 = B_SPLINE_CURVE_WITH_KNOTS('',1,(#2263,#2264),.UNSPECIFIED.,.F.,
  .F.,(2,2),(-82.95,-11.35),.PIECEWISE_BEZIER_KNOTS.);
#2263 = CARTESIAN_POINT('',(1.,71.6));
#2264 = CARTESIAN_POINT('',(1.,0.));
#2265 = ( GEOMETRIC_REPRESENTATION_CONTEXT(2) 
PARAMETRIC_REPRESENTATION_CONTEXT() REPRESENTATION_CONTEXT('2D SPACE',''
  ) );
#2266 = ORIENTED_EDGE('',*,*,#2267,.T.);
#2267 = EDGE_CURVE('',#2241,#2268,#2270,.T.);
#2268 = VERTEX_POINT('',#2269);
#2269 = CARTESIAN_POINT('',(-82.5,-35.8,191.8));
#2270 = SURFACE_CURVE('',#2271,(#2275,#2282),.PCURVE_S1.);
#2271 = LINE('',#2272,#2273);
#2272 = CARTESIAN_POINT('',(-82.5,-35.8,112.8));
#2273 = VECTOR('',#2274,1.);
#2274 = DIRECTION('',(0.,0.,1.));
#2275 = PCURVE('',#335,#2276);
#2276 = DEFINITIONAL_REPRESENTATION('',(#2277),#2281);
#2277 = LINE('',#2278,#2279);
#2278 = CARTESIAN_POINT('',(7.4,-22.7));
#2279 = VECTOR('',#2280,1.);
#2280 = DIRECTION('',(1.,0.));
#2281 = ( GEOMETRIC_REPRESENTATION_CONTEXT(2) 
PARAMETRIC_REPRESENTATION_CONTEXT() REPRESENTATION_CONTEXT('2D SPACE',''
  ) );
#2282 = PCURVE('',#2283,#2288);
#2283 = PLANE('',#2284);
#2284 = AXIS2_PLACEMENT_3D('',#2285,#2286,#2287);
#2285 = CARTESIAN_POINT('',(-83.5,-35.8,120.2));
#2286 = DIRECTION('',(0.,1.,0.));
#2287 = DIRECTION('',(0.,0.,1.));
#2288 = DEFINITIONAL_REPRESENTATION('',(#2289),#2292);
#2289 = B_SPLINE_CURVE_WITH_KNOTS('',1,(#2290,#2291),.UNSPECIFIED.,.F.,
  .F.,(2,2),(7.4,79.),.PIECEWISE_BEZIER_KNOTS.);
#2290 = CARTESIAN_POINT('',(0.,1.));
#2291 = CARTESIAN_POINT('',(71.6,1.));
#2292 = ( GEOMETRIC_REPRESENTATION_CONTEXT(2) 
PARAMETRIC_REPRESENTATION_CONTEXT() REPRESENTATION_CONTEXT('2D SPACE',''
  ) );
#2293 = ORIENTED_EDGE('',*,*,#2294,.F.);
#2294 = EDGE_CURVE('',#2295,#2268,#2297,.T.);
#2295 = VERTEX_POINT('',#2296);
#2296 = CARTESIAN_POINT('',(-82.5,35.8,191.8));
#2297 = SURFACE_CURVE('',#2298,(#2302,#2309),.PCURVE_S1.);
#2298 = LINE('',#2299,#2300);
#2299 = CARTESIAN_POINT('',(-82.5,-47.15,191.8));
#2300 = VECTOR('',#2301,1.);
#2301 = DIRECTION('',(0.,-1.,0.));
#2302 = PCURVE('',#335,#2303);
#2303 = DEFINITIONAL_REPRESENTATION('',(#2304),#2308);
#2304 = LINE('',#2305,#2306);
#2305 = CARTESIAN_POINT('',(86.4,-11.35));
#2306 = VECTOR('',#2307,1.);
#2307 = DIRECTION('',(0.,1.));
#2308 = ( GEOMETRIC_REPRESENTATION_CONTEXT(2) 
PARAMETRIC_REPRESENTATION_CONTEXT() REPRESENTATION_CONTEXT('2D SPACE',''
  ) );
#2309 = PCURVE('',#2310,#2315);
#2310 = PLANE('',#2311);
#2311 = AXIS2_PLACEMENT_3D('',#2312,#2313,#2314);
#2312 = CARTESIAN_POINT('',(-83.5,-35.8,191.8));
#2313 = DIRECTION('',(0.,0.,1.));
#2314 = DIRECTION('',(1.,0.,0.));
#2315 = DEFINITIONAL_REPRESENTATION('',(#2316),#2319);
#2316 = B_SPLINE_CURVE_WITH_KNOTS('',1,(#2317,#2318),.UNSPECIFIED.,.F.,
  .F.,(2,2),(-82.95,-11.35),.PIECEWISE_BEZIER_KNOTS.);
#2317 = CARTESIAN_POINT('',(1.,71.6));
#2318 = CARTESIAN_POINT('',(1.,0.));
#2319 = ( GEOMETRIC_REPRESENTATION_CONTEXT(2) 
PARAMETRIC_REPRESENTATION_CONTEXT() REPRESENTATION_CONTEXT('2D SPACE',''
  ) );
#2320 = ORIENTED_EDGE('',*,*,#2321,.F.);
#2321 = EDGE_CURVE('',#2239,#2295,#2322,.T.);
#2322 = SURFACE_CURVE('',#2323,(#2327,#2334),.PCURVE_S1.);
#2323 = LINE('',#2324,#2325);
#2324 = CARTESIAN_POINT('',(-82.5,35.8,112.8));
#2325 = VECTOR('',#2326,1.);
#2326 = DIRECTION('',(0.,0.,1.));
#2327 = PCURVE('',#335,#2328);
#2328 = DEFINITIONAL_REPRESENTATION('',(#2329),#2333);
#2329 = LINE('',#2330,#2331);
#2330 = CARTESIAN_POINT('',(7.4,-94.3));
#2331 = VECTOR('',#2332,1.);
#2332 = DIRECTION('',(1.,0.));
#2333 = ( GEOMETRIC_REPRESENTATION_CONTEXT(2) 
PARAMETRIC_REPRESENTATION_CONTEXT() REPRESENTATION_CONTEXT('2D SPACE',''
  ) );
#2334 = PCURVE('',#2335,#2340);
#2335 = PLANE('',#2336);
#2336 = AXIS2_PLACEMENT_3D('',#2337,#2338,#2339);
#2337 = CARTESIAN_POINT('',(-83.5,35.8,120.2));
#2338 = DIRECTION('',(0.,1.,0.));
#2339 = DIRECTION('',(0.,0.,1.));
#2340 = DEFINITIONAL_REPRESENTATION('',(#2341),#2344);
#2341 = B_SPLINE_CURVE_WITH_KNOTS('',1,(#2342,#2343),.UNSPECIFIED.,.F.,
  .F.,(2,2),(7.4,79.),.PIECEWISE_BEZIER_KNOTS.);
#2342 = CARTESIAN_POINT('',(0.,1.));
#2343 = CARTESIAN_POINT('',(71.6,1.));
#2344 = ( GEOMETRIC_REPRESENTATION_CONTEXT(2) 
PARAMETRIC_REPRESENTATION_CONTEXT() REPRESENTATION_CONTEXT('2D SPACE',''
  ) );
#2345 = ADVANCED_FACE('',(#2346),#307,.T.);
#2346 = FACE_BOUND('',#2347,.F.);
#2347 = EDGE_LOOP('',(#2348,#2372,#2398,#2495,#2514,#2515));
#2348 = ORIENTED_EDGE('',*,*,#2349,.F.);
#2349 = EDGE_CURVE('',#2350,#2192,#2352,.T.);
#2350 = VERTEX_POINT('',#2351);
#2351 = CARTESIAN_POINT('',(-66.15,81.248131791424,105.4));
#2352 = SURFACE_CURVE('',#2353,(#2358,#2365),.PCURVE_S1.);
#2353 = CIRCLE('',#2354,24.);
#2354 = AXIS2_PLACEMENT_3D('',#2355,#2356,#2357);
#2355 = CARTESIAN_POINT('',(-58.5,58.5,105.4));
#2356 = DIRECTION('',(0.,0.,1.));
#2357 = DIRECTION('',(-0.31875,0.947838824643,0.));
#2358 = PCURVE('',#307,#2359);
#2359 = DEFINITIONAL_REPRESENTATION('',(#2360),#2364);
#2360 = LINE('',#2361,#2362);
#2361 = CARTESIAN_POINT('',(-1.895206731521,0.));
#2362 = VECTOR('',#2363,1.);
#2363 = DIRECTION('',(-1.,0.));
#2364 = ( GEOMETRIC_REPRESENTATION_CONTEXT(2) 
PARAMETRIC_REPRESENTATION_CONTEXT() REPRESENTATION_CONTEXT('2D SPACE',''
  ) );
#2365 = PCURVE('',#2104,#2366);
#2366 = DEFINITIONAL_REPRESENTATION('',(#2367),#2371);
#2367 = CIRCLE('',#2368,24.);
#2368 = AXIS2_PLACEMENT_2D('',#2369,#2370);
#2369 = CARTESIAN_POINT('',(7.105427357601E-15,117.));
#2370 = DIRECTION('',(-0.31875,0.947838824643));
#2371 = ( GEOMETRIC_REPRESENTATION_CONTEXT(2) 
PARAMETRIC_REPRESENTATION_CONTEXT() REPRESENTATION_CONTEXT('2D SPACE',''
  ) );
#2372 = ORIENTED_EDGE('',*,*,#2373,.F.);
#2373 = EDGE_CURVE('',#2374,#2350,#2376,.T.);
#2374 = VERTEX_POINT('',#2375);
#2375 = CARTESIAN_POINT('',(-66.15,81.248131791424,259.9));
#2376 = SURFACE_CURVE('',#2377,(#2381,#2387),.PCURVE_S1.);
#2377 = LINE('',#2378,#2379);
#2378 = CARTESIAN_POINT('',(-66.15,81.248131791424,105.4));
#2379 = VECTOR('',#2380,1.);
#2380 = DIRECTION('',(-0.,-0.,-1.));
#2381 = PCURVE('',#307,#2382);
#2382 = DEFINITIONAL_REPRESENTATION('',(#2383),#2386);
#2383 = B_SPLINE_CURVE_WITH_KNOTS('',1,(#2384,#2385),.UNSPECIFIED.,.F.,
  .F.,(2,2),(-162.6000006,6.000000070117E-07),.PIECEWISE_BEZIER_KNOTS.);
#2384 = CARTESIAN_POINT('',(-1.895206731521,-162.6000006));
#2385 = CARTESIAN_POINT('',(-1.895206731521,6.000000070117E-07));
#2386 = ( GEOMETRIC_REPRESENTATION_CONTEXT(2) 
PARAMETRIC_REPRESENTATION_CONTEXT() REPRESENTATION_CONTEXT('2D SPACE',''
  ) );
#2387 = PCURVE('',#2388,#2393);
#2388 = PLANE('',#2389);
#2389 = AXIS2_PLACEMENT_3D('',#2390,#2391,#2392);
#2390 = CARTESIAN_POINT('',(-66.15,78.3,26.1));
#2391 = DIRECTION('',(1.,0.,0.));
#2392 = DIRECTION('',(0.,0.,1.));
#2393 = DEFINITIONAL_REPRESENTATION('',(#2394),#2397);
#2394 = B_SPLINE_CURVE_WITH_KNOTS('',1,(#2395,#2396),.UNSPECIFIED.,.F.,
  .F.,(2,2),(-162.6000006,6.000000070117E-07),.PIECEWISE_BEZIER_KNOTS.);
#2395 = CARTESIAN_POINT('',(241.9000006,-2.948131791424));
#2396 = CARTESIAN_POINT('',(79.2999994,-2.948131791424));
#2397 = ( GEOMETRIC_REPRESENTATION_CONTEXT(2) 
PARAMETRIC_REPRESENTATION_CONTEXT() REPRESENTATION_CONTEXT('2D SPACE',''
  ) );
#2398 = ORIENTED_EDGE('',*,*,#2399,.T.);
#2399 = EDGE_CURVE('',#2374,#2400,#2402,.T.);
#2400 = VERTEX_POINT('',#2401);
#2401 = CARTESIAN_POINT('',(-60.,82.453079134007,267.80079109963));
#2402 = SURFACE_CURVE('',#2403,(#2430,#2460),.PCURVE_S1.);
#2403 = B_SPLINE_CURVE_WITH_KNOTS('',7,(#2404,#2405,#2406,#2407,#2408,
    #2409,#2410,#2411,#2412,#2413,#2414,#2415,#2416,#2417,#2418,#2419,
    #2420,#2421,#2422,#2423,#2424,#2425,#2426,#2427,#2428,#2429),
  .UNSPECIFIED.,.F.,.F.,(8,6,6,6,8),(0.,0.510136605165,0.63888112377,
    0.790814452715,1.),.UNSPECIFIED.);
#2404 = CARTESIAN_POINT('',(-66.15,81.248131791424,259.9));
#2405 = CARTESIAN_POINT('',(-66.15,81.248131791424,260.6049022397));
#2406 = CARTESIAN_POINT('',(-66.07887180533,81.272051677461,
    261.30890438594));
#2407 = CARTESIAN_POINT('',(-65.93693621466,81.319782919769,
    262.0075008038));
#2408 = CARTESIAN_POINT('',(-65.72335862724,81.390048922913,
    262.69597826035));
#2409 = CARTESIAN_POINT('',(-65.43633431075,81.480370562262,
    263.36892447763));
#2410 = CARTESIAN_POINT('',(-65.073250436,81.586829682037,
    264.01952075464));
#2411 = CARTESIAN_POINT('',(-64.51927395575,81.73320196249,
    264.79473527903));
#2412 = CARTESIAN_POINT('',(-64.4025567185,81.763370783125,
    264.94898842324));
#2413 = CARTESIAN_POINT('',(-64.28068758363,81.79412419756,
    265.10114290185));
#2414 = CARTESIAN_POINT('',(-64.15359543137,81.825366038669,
    265.25104793091));
#2415 = CARTESIAN_POINT('',(-64.02120752153,81.856991441854,
    265.39853593701));
#2416 = CARTESIAN_POINT('',(-63.88344942482,81.888886387066,
    265.54342256866));
#2417 = CARTESIAN_POINT('',(-63.57124721992,81.958739130815,
    265.85318232211));
#2418 = CARTESIAN_POINT('',(-63.39464765023,81.996757970227,
    266.01697187065));
#2419 = CARTESIAN_POINT('',(-63.21033104839,82.0347777907,
    266.17652876892));
#2420 = CARTESIAN_POINT('',(-63.01819313432,82.072571037729,
    266.33146573546));
#2421 = CARTESIAN_POINT('',(-62.81814077622,82.109888767127,
    266.48135463374));
#2422 = CARTESIAN_POINT('',(-62.61009222218,82.146460841477,
    266.62572631394));
#2423 = CARTESIAN_POINT('',(-62.09642503064,82.230921981881,
    266.95454607337));
#2424 = CARTESIAN_POINT('',(-61.78299301409,82.277979041108,
    267.1339716909));
#2425 = CARTESIAN_POINT('',(-61.45416625937,82.322266747954,
    267.30043456524));
#2426 = CARTESIAN_POINT('',(-61.11058418869,82.362844596489,
    267.4520958004));
#2427 = CARTESIAN_POINT('',(-60.75303986072,82.398768533327,
    267.5871809511));
#2428 = CARTESIAN_POINT('',(-60.38247916229,82.429127359781,
    267.70397062748));
#2429 = CARTESIAN_POINT('',(-60.,82.453079134007,267.80079109963));
#2430 = PCURVE('',#307,#2431);
#2431 = DEFINITIONAL_REPRESENTATION('',(#2432),#2459);
#2432 = B_SPLINE_CURVE_WITH_KNOTS('',7,(#2433,#2434,#2435,#2436,#2437,
    #2438,#2439,#2440,#2441,#2442,#2443,#2444,#2445,#2446,#2447,#2448,
    #2449,#2450,#2451,#2452,#2453,#2454,#2455,#2456,#2457,#2458),
  .UNSPECIFIED.,.F.,.F.,(8,6,6,6,8),(0.,0.510136605165,0.63888112377,
    0.790814452715,1.),.UNSPECIFIED.);
#2433 = CARTESIAN_POINT('',(-1.895206731521,-154.5));
#2434 = CARTESIAN_POINT('',(-1.895206731521,-155.2049022397));
#2435 = CARTESIAN_POINT('',(-1.892079962473,-155.9089043859));
#2436 = CARTESIAN_POINT('',(-1.885840513212,-156.6075008038));
#2437 = CARTESIAN_POINT('',(-1.876472458652,-157.2959782603));
#2438 = CARTESIAN_POINT('',(-1.863937232162,-157.9689244776));
#2439 = CARTESIAN_POINT('',(-1.848177537517,-158.6195207546));
#2440 = CARTESIAN_POINT('',(-1.824303054351,-159.394735279));
#2441 = CARTESIAN_POINT('',(-1.819280077755,-159.5489884232));
#2442 = CARTESIAN_POINT('',(-1.814043155837,-159.7011429018));
#2443 = CARTESIAN_POINT('',(-1.808590194684,-159.8510479309));
#2444 = CARTESIAN_POINT('',(-1.802919036418,-159.998535937));
#2445 = CARTESIAN_POINT('',(-1.79702743941,-160.1434225686));
#2446 = CARTESIAN_POINT('',(-1.783697386262,-160.4531823221));
#2447 = CARTESIAN_POINT('',(-1.776170731225,-160.6169718706));
#2448 = CARTESIAN_POINT('',(-1.768329666846,-160.7765287689));
#2449 = CARTESIAN_POINT('',(-1.760171174796,-160.9314657354));
#2450 = CARTESIAN_POINT('',(-1.751692584875,-161.0813546337));
#2451 = CARTESIAN_POINT('',(-1.742891514931,-161.2257263139));
#2452 = CARTESIAN_POINT('',(-1.721201316656,-161.5545460733));
#2453 = CARTESIAN_POINT('',(-1.707996547858,-161.7339716909));
#2454 = CARTESIAN_POINT('',(-1.694174370008,-161.9004345652));
#2455 = CARTESIAN_POINT('',(-1.67976261678,-162.0520958004));
#2456 = CARTESIAN_POINT('',(-1.664793819723,-162.1871809511));
#2457 = CARTESIAN_POINT('',(-1.649304938076,-162.3039706274));
#2458 = CARTESIAN_POINT('',(-1.633337088591,-162.4007910996));
#2459 = ( GEOMETRIC_REPRESENTATION_CONTEXT(2) 
PARAMETRIC_REPRESENTATION_CONTEXT() REPRESENTATION_CONTEXT('2D SPACE',''
  ) );
#2460 = PCURVE('',#2461,#2466);
#2461 = CYLINDRICAL_SURFACE('',#2462,8.15);
#2462 = AXIS2_PLACEMENT_3D('',#2463,#2464,#2465);
#2463 = CARTESIAN_POINT('',(-58.,78.3,259.9));
#2464 = DIRECTION('',(0.,1.,0.));
#2465 = DIRECTION('',(0.,-0.,1.));
#2466 = DEFINITIONAL_REPRESENTATION('',(#2467),#2494);
#2467 = B_SPLINE_CURVE_WITH_KNOTS('',7,(#2468,#2469,#2470,#2471,#2472,
    #2473,#2474,#2475,#2476,#2477,#2478,#2479,#2480,#2481,#2482,#2483,
    #2484,#2485,#2486,#2487,#2488,#2489,#2490,#2491,#2492,#2493),
  .UNSPECIFIED.,.F.,.F.,(8,6,6,6,8),(0.,0.510136605165,0.63888112377,
    0.790814452715,1.),.UNSPECIFIED.);
#2468 = CARTESIAN_POINT('',(4.712388980385,2.948131791424));
#2469 = CARTESIAN_POINT('',(4.798880052742,2.948131791424));
#2470 = CARTESIAN_POINT('',(4.885260625307,2.972051677461));
#2471 = CARTESIAN_POINT('',(4.972035039618,3.019782919769));
#2472 = CARTESIAN_POINT('',(5.059668491998,3.090048922913));
#2473 = CARTESIAN_POINT('',(5.148652691274,3.180370562262));
#2474 = CARTESIAN_POINT('',(5.239503325099,3.286829682037));
#2475 = CARTESIAN_POINT('',(5.356412566404,3.43320196249));
#2476 = CARTESIAN_POINT('',(5.380138035223,3.463370783125));
#2477 = CARTESIAN_POINT('',(5.40404289465,3.49412419756));
#2478 = CARTESIAN_POINT('',(5.428139867002,3.525366038669));
#2479 = CARTESIAN_POINT('',(5.452441771333,3.556991441854));
#2480 = CARTESIAN_POINT('',(5.476961856559,3.588886387066));
#2481 = CARTESIAN_POINT('',(5.53092466754,3.658739130815));
#2482 = CARTESIAN_POINT('',(5.560461481863,3.696757970227));
#2483 = CARTESIAN_POINT('',(5.590345427345,3.7347777907));
#2484 = CARTESIAN_POINT('',(5.620596861246,3.772571037729));
#2485 = CARTESIAN_POINT('',(5.651236570231,3.809888767127));
#2486 = CARTESIAN_POINT('',(5.682286692301,3.846460841477));
#2487 = CARTESIAN_POINT('',(5.757120887975,3.930921981881));
#2488 = CARTESIAN_POINT('',(5.801380051517,3.977979041108));
#2489 = CARTESIAN_POINT('',(5.8465059439,4.022266747954));
#2490 = CARTESIAN_POINT('',(5.892468550539,4.062844596489));
#2491 = CARTESIAN_POINT('',(5.93925008541,4.098768533327));
#2492 = CARTESIAN_POINT('',(5.986844048763,4.129127359781));
#2493 = CARTESIAN_POINT('',(6.035254284836,4.153079134007));
#2494 = ( GEOMETRIC_REPRESENTATION_CONTEXT(2) 
PARAMETRIC_REPRESENTATION_CONTEXT() REPRESENTATION_CONTEXT('2D SPACE',''
  ) );
#2495 = ORIENTED_EDGE('',*,*,#2496,.F.);
#2496 = EDGE_CURVE('',#264,#2400,#2497,.T.);
#2497 = SURFACE_CURVE('',#2498,(#2502,#2508),.PCURVE_S1.);
#2498 = LINE('',#2499,#2500);
#2499 = CARTESIAN_POINT('',(-60.,82.453079134007,105.4));
#2500 = VECTOR('',#2501,1.);
#2501 = DIRECTION('',(-0.,-0.,-1.));
#2502 = PCURVE('',#307,#2503);
#2503 = DEFINITIONAL_REPRESENTATION('',(#2504),#2507);
#2504 = B_SPLINE_CURVE_WITH_KNOTS('',1,(#2505,#2506),.UNSPECIFIED.,.F.,
  .F.,(2,2),(-162.6000006,6.000000070117E-07),.PIECEWISE_BEZIER_KNOTS.);
#2505 = CARTESIAN_POINT('',(-1.633337088591,-162.6000006));
#2506 = CARTESIAN_POINT('',(-1.633337088591,6.000000070117E-07));
#2507 = ( GEOMETRIC_REPRESENTATION_CONTEXT(2) 
PARAMETRIC_REPRESENTATION_CONTEXT() REPRESENTATION_CONTEXT('2D SPACE',''
  ) );
#2508 = PCURVE('',#279,#2509);
#2509 = DEFINITIONAL_REPRESENTATION('',(#2510),#2513);
#2510 = B_SPLINE_CURVE_WITH_KNOTS('',1,(#2511,#2512),.UNSPECIFIED.,.F.,
  .F.,(2,2),(-162.6000006,6.000000070117E-07),.PIECEWISE_BEZIER_KNOTS.);
#2511 = CARTESIAN_POINT('',(163.6000006,-9.553079134007));
#2512 = CARTESIAN_POINT('',(0.9999994,-9.553079134007));
#2513 = ( GEOMETRIC_REPRESENTATION_CONTEXT(2) 
PARAMETRIC_REPRESENTATION_CONTEXT() REPRESENTATION_CONTEXT('2D SPACE',''
  ) );
#2514 = ORIENTED_EDGE('',*,*,#290,.T.);
#2515 = ORIENTED_EDGE('',*,*,#2214,.T.);
#2516 = ADVANCED_FACE('',(#2517),#279,.T.);
#2517 = FACE_BOUND('',#2518,.T.);
#2518 = EDGE_LOOP('',(#2519,#2520,#2541,#2560));
#2519 = ORIENTED_EDGE('',*,*,#263,.F.);
#2520 = ORIENTED_EDGE('',*,*,#2521,.T.);
#2521 = EDGE_CURVE('',#231,#2522,#2524,.T.);
#2522 = VERTEX_POINT('',#2523);
#2523 = CARTESIAN_POINT('',(-60.,79.245842957084,267.80079109963));
#2524 = SURFACE_CURVE('',#2525,(#2529,#2535),.PCURVE_S1.);
#2525 = LINE('',#2526,#2527);
#2526 = CARTESIAN_POINT('',(-60.,79.245842957084,104.4));
#2527 = VECTOR('',#2528,1.);
#2528 = DIRECTION('',(-0.,-0.,-1.));
#2529 = PCURVE('',#279,#2530);
#2530 = DEFINITIONAL_REPRESENTATION('',(#2531),#2534);
#2531 = B_SPLINE_CURVE_WITH_KNOTS('',1,(#2532,#2533),.UNSPECIFIED.,.F.,
  .F.,(2,2),(-163.6000006,-0.9999994),.PIECEWISE_BEZIER_KNOTS.);
#2532 = CARTESIAN_POINT('',(163.6000006,-6.345842957084));
#2533 = CARTESIAN_POINT('',(0.9999994,-6.345842957084));
#2534 = ( GEOMETRIC_REPRESENTATION_CONTEXT(2) 
PARAMETRIC_REPRESENTATION_CONTEXT() REPRESENTATION_CONTEXT('2D SPACE',''
  ) );
#2535 = PCURVE('',#251,#2536);
#2536 = DEFINITIONAL_REPRESENTATION('',(#2537),#2540);
#2537 = B_SPLINE_CURVE_WITH_KNOTS('',1,(#2538,#2539),.UNSPECIFIED.,.F.,
  .F.,(2,2),(-163.6000006,-0.9999994),.PIECEWISE_BEZIER_KNOTS.);
#2538 = CARTESIAN_POINT('',(-1.642974365707,-163.6000006));
#2539 = CARTESIAN_POINT('',(-1.642974365707,-0.9999994));
#2540 = ( GEOMETRIC_REPRESENTATION_CONTEXT(2) 
PARAMETRIC_REPRESENTATION_CONTEXT() REPRESENTATION_CONTEXT('2D SPACE',''
  ) );
#2541 = ORIENTED_EDGE('',*,*,#2542,.T.);
#2542 = EDGE_CURVE('',#2522,#2400,#2543,.T.);
#2543 = SURFACE_CURVE('',#2544,(#2548,#2554),.PCURVE_S1.);
#2544 = LINE('',#2545,#2546);
#2545 = CARTESIAN_POINT('',(-60.,78.3,267.80079109963));
#2546 = VECTOR('',#2547,1.);
#2547 = DIRECTION('',(0.,1.,0.));
#2548 = PCURVE('',#279,#2549);
#2549 = DEFINITIONAL_REPRESENTATION('',(#2550),#2553);
#2550 = B_SPLINE_CURVE_WITH_KNOTS('',1,(#2551,#2552),.UNSPECIFIED.,.F.,
  .F.,(2,2),(0.625119339392,4.473802751699),.PIECEWISE_BEZIER_KNOTS.);
#2551 = CARTESIAN_POINT('',(163.40079109963,-6.025119339392));
#2552 = CARTESIAN_POINT('',(163.40079109963,-9.873802751699));
#2553 = ( GEOMETRIC_REPRESENTATION_CONTEXT(2) 
PARAMETRIC_REPRESENTATION_CONTEXT() REPRESENTATION_CONTEXT('2D SPACE',''
  ) );
#2554 = PCURVE('',#2461,#2555);
#2555 = DEFINITIONAL_REPRESENTATION('',(#2556),#2559);
#2556 = B_SPLINE_CURVE_WITH_KNOTS('',1,(#2557,#2558),.UNSPECIFIED.,.F.,
  .F.,(2,2),(0.625119339392,4.473802751699),.PIECEWISE_BEZIER_KNOTS.);
#2557 = CARTESIAN_POINT('',(6.035254284836,0.625119339392));
#2558 = CARTESIAN_POINT('',(6.035254284836,4.473802751699));
#2559 = ( GEOMETRIC_REPRESENTATION_CONTEXT(2) 
PARAMETRIC_REPRESENTATION_CONTEXT() REPRESENTATION_CONTEXT('2D SPACE',''
  ) );
#2560 = ORIENTED_EDGE('',*,*,#2496,.F.);
#2561 = ADVANCED_FACE('',(#2562,#3220),#251,.F.);
#2562 = FACE_BOUND('',#2563,.T.);
#2563 = EDGE_LOOP('',(#2564,#2587,#2620,#2646,#2674,#2700,#2869,#2895,
    #3064,#3090,#3144,#3145,#3146,#3167,#3200,#3219));
#2564 = ORIENTED_EDGE('',*,*,#2565,.F.);
#2565 = EDGE_CURVE('',#2566,#1645,#2568,.T.);
#2566 = VERTEX_POINT('',#2567);
#2567 = CARTESIAN_POINT('',(-79.3,58.5,117.4));
#2568 = SURFACE_CURVE('',#2569,(#2573,#2580),.PCURVE_S1.);
#2569 = LINE('',#2570,#2571);
#2570 = CARTESIAN_POINT('',(-79.3,58.5,104.4));
#2571 = VECTOR('',#2572,1.);
#2572 = DIRECTION('',(0.,0.,1.));
#2573 = PCURVE('',#251,#2574);
#2574 = DEFINITIONAL_REPRESENTATION('',(#2575),#2579);
#2575 = LINE('',#2576,#2577);
#2576 = CARTESIAN_POINT('',(-3.14159265359,0.));
#2577 = VECTOR('',#2578,1.);
#2578 = DIRECTION('',(-0.,-1.));
#2579 = ( GEOMETRIC_REPRESENTATION_CONTEXT(2) 
PARAMETRIC_REPRESENTATION_CONTEXT() REPRESENTATION_CONTEXT('2D SPACE',''
  ) );
#2580 = PCURVE('',#1660,#2581);
#2581 = DEFINITIONAL_REPRESENTATION('',(#2582),#2586);
#2582 = LINE('',#2583,#2584);
#2583 = CARTESIAN_POINT('',(0.,-117.));
#2584 = VECTOR('',#2585,1.);
#2585 = DIRECTION('',(1.,0.));
#2586 = ( GEOMETRIC_REPRESENTATION_CONTEXT(2) 
PARAMETRIC_REPRESENTATION_CONTEXT() REPRESENTATION_CONTEXT('2D SPACE',''
  ) );
#2587 = ORIENTED_EDGE('',*,*,#2588,.T.);
#2588 = EDGE_CURVE('',#2566,#2589,#2591,.T.);
#2589 = VERTEX_POINT('',#2590);
#2590 = CARTESIAN_POINT('',(-77.90077318046,66.,117.4));
#2591 = SURFACE_CURVE('',#2592,(#2597,#2604),.PCURVE_S1.);
#2592 = CIRCLE('',#2593,20.8);
#2593 = AXIS2_PLACEMENT_3D('',#2594,#2595,#2596);
#2594 = CARTESIAN_POINT('',(-58.5,58.5,117.4));
#2595 = DIRECTION('',(0.,0.,-1.));
#2596 = DIRECTION('',(1.,0.,0.));
#2597 = PCURVE('',#251,#2598);
#2598 = DEFINITIONAL_REPRESENTATION('',(#2599),#2603);
#2599 = LINE('',#2600,#2601);
#2600 = CARTESIAN_POINT('',(-6.28318530718,-13.));
#2601 = VECTOR('',#2602,1.);
#2602 = DIRECTION('',(1.,-0.));
#2603 = ( GEOMETRIC_REPRESENTATION_CONTEXT(2) 
PARAMETRIC_REPRESENTATION_CONTEXT() REPRESENTATION_CONTEXT('2D SPACE',''
  ) );
#2604 = PCURVE('',#2605,#2610);
#2605 = PLANE('',#2606);
#2606 = AXIS2_PLACEMENT_3D('',#2607,#2608,#2609);
#2607 = CARTESIAN_POINT('',(-82.5,-66.,117.4));
#2608 = DIRECTION('',(0.,0.,1.));
#2609 = DIRECTION('',(1.,0.,0.));
#2610 = DEFINITIONAL_REPRESENTATION('',(#2611),#2619);
#2611 = ( BOUNDED_CURVE() B_SPLINE_CURVE(2,(#2612,#2613,#2614,#2615,
#2616,#2617,#2618),.UNSPECIFIED.,.T.,.F.) B_SPLINE_CURVE_WITH_KNOTS((1,2
    ,2,2,2,1),(-2.094395102393,0.,2.094395102393,4.188790204786,
6.28318530718,8.377580409573),.UNSPECIFIED.) CURVE() 
GEOMETRIC_REPRESENTATION_ITEM() RATIONAL_B_SPLINE_CURVE((1.,0.5,1.,0.5,
1.,0.5,1.)) REPRESENTATION_ITEM('') );
#2612 = CARTESIAN_POINT('',(44.8,124.5));
#2613 = CARTESIAN_POINT('',(44.8,88.473343202567));
#2614 = CARTESIAN_POINT('',(13.6,106.48667160128));
#2615 = CARTESIAN_POINT('',(-17.6,124.5));
#2616 = CARTESIAN_POINT('',(13.6,142.51332839871));
#2617 = CARTESIAN_POINT('',(44.8,160.52665679743));
#2618 = CARTESIAN_POINT('',(44.8,124.5));
#2619 = ( GEOMETRIC_REPRESENTATION_CONTEXT(2) 
PARAMETRIC_REPRESENTATION_CONTEXT() REPRESENTATION_CONTEXT('2D SPACE',''
  ) );
#2620 = ORIENTED_EDGE('',*,*,#2621,.T.);
#2621 = EDGE_CURVE('',#2589,#2622,#2624,.T.);
#2622 = VERTEX_POINT('',#2623);
#2623 = CARTESIAN_POINT('',(-77.90077318046,66.,105.4));
#2624 = SURFACE_CURVE('',#2625,(#2629,#2635),.PCURVE_S1.);
#2625 = LINE('',#2626,#2627);
#2626 = CARTESIAN_POINT('',(-77.90077318046,66.,104.4));
#2627 = VECTOR('',#2628,1.);
#2628 = DIRECTION('',(-0.,-0.,-1.));
#2629 = PCURVE('',#251,#2630);
#2630 = DEFINITIONAL_REPRESENTATION('',(#2631),#2634);
#2631 = B_SPLINE_CURVE_WITH_KNOTS('',1,(#2632,#2633),.UNSPECIFIED.,.F.,
  .F.,(2,2),(-14.2,-0.9999994),.PIECEWISE_BEZIER_KNOTS.);
#2632 = CARTESIAN_POINT('',(-2.772706301996,-14.2));
#2633 = CARTESIAN_POINT('',(-2.772706301996,-0.9999994));
#2634 = ( GEOMETRIC_REPRESENTATION_CONTEXT(2) 
PARAMETRIC_REPRESENTATION_CONTEXT() REPRESENTATION_CONTEXT('2D SPACE',''
  ) );
#2635 = PCURVE('',#2636,#2641);
#2636 = PLANE('',#2637);
#2637 = AXIS2_PLACEMENT_3D('',#2638,#2639,#2640);
#2638 = CARTESIAN_POINT('',(-82.5,66.,105.4));
#2639 = DIRECTION('',(0.,1.,0.));
#2640 = DIRECTION('',(0.,0.,1.));
#2641 = DEFINITIONAL_REPRESENTATION('',(#2642),#2645);
#2642 = B_SPLINE_CURVE_WITH_KNOTS('',1,(#2643,#2644),.UNSPECIFIED.,.F.,
  .F.,(2,2),(-14.2,-0.9999994),.PIECEWISE_BEZIER_KNOTS.);
#2643 = CARTESIAN_POINT('',(13.2,4.599226819531));
#2644 = CARTESIAN_POINT('',(-6.000000070117E-07,4.599226819531));
#2645 = ( GEOMETRIC_REPRESENTATION_CONTEXT(2) 
PARAMETRIC_REPRESENTATION_CONTEXT() REPRESENTATION_CONTEXT('2D SPACE',''
  ) );
#2646 = ORIENTED_EDGE('',*,*,#2647,.T.);
#2647 = EDGE_CURVE('',#2622,#2648,#2650,.T.);
#2648 = VERTEX_POINT('',#2649);
#2649 = CARTESIAN_POINT('',(-64.87181292883,78.3,105.4));
#2650 = SURFACE_CURVE('',#2651,(#2656,#2663),.PCURVE_S1.);
#2651 = CIRCLE('',#2652,20.8);
#2652 = AXIS2_PLACEMENT_3D('',#2653,#2654,#2655);
#2653 = CARTESIAN_POINT('',(-58.5,58.5,105.4));
#2654 = DIRECTION('',(0.,0.,-1.));
#2655 = DIRECTION('',(1.,0.,0.));
#2656 = PCURVE('',#251,#2657);
#2657 = DEFINITIONAL_REPRESENTATION('',(#2658),#2662);
#2658 = LINE('',#2659,#2660);
#2659 = CARTESIAN_POINT('',(-6.28318530718,-1.));
#2660 = VECTOR('',#2661,1.);
#2661 = DIRECTION('',(1.,-0.));
#2662 = ( GEOMETRIC_REPRESENTATION_CONTEXT(2) 
PARAMETRIC_REPRESENTATION_CONTEXT() REPRESENTATION_CONTEXT('2D SPACE',''
  ) );
#2663 = PCURVE('',#2104,#2664);
#2664 = DEFINITIONAL_REPRESENTATION('',(#2665),#2673);
#2665 = ( BOUNDED_CURVE() B_SPLINE_CURVE(2,(#2666,#2667,#2668,#2669,
#2670,#2671,#2672),.UNSPECIFIED.,.T.,.F.) B_SPLINE_CURVE_WITH_KNOTS((1,2
    ,2,2,2,1),(-2.094395102393,0.,2.094395102393,4.188790204786,
6.28318530718,8.377580409573),.UNSPECIFIED.) CURVE() 
GEOMETRIC_REPRESENTATION_ITEM() RATIONAL_B_SPLINE_CURVE((1.,0.5,1.,0.5,
1.,0.5,1.)) REPRESENTATION_ITEM('') );
#2666 = CARTESIAN_POINT('',(20.8,117.));
#2667 = CARTESIAN_POINT('',(20.8,80.973343202567));
#2668 = CARTESIAN_POINT('',(-10.4,98.986671601284));
#2669 = CARTESIAN_POINT('',(-41.6,117.));
#2670 = CARTESIAN_POINT('',(-10.4,135.01332839871));
#2671 = CARTESIAN_POINT('',(20.8,153.02665679743));
#2672 = CARTESIAN_POINT('',(20.8,117.));
#2673 = ( GEOMETRIC_REPRESENTATION_CONTEXT(2) 
PARAMETRIC_REPRESENTATION_CONTEXT() REPRESENTATION_CONTEXT('2D SPACE',''
  ) );
#2674 = ORIENTED_EDGE('',*,*,#2675,.F.);
#2675 = EDGE_CURVE('',#2676,#2648,#2678,.T.);
#2676 = VERTEX_POINT('',#2677);
#2677 = CARTESIAN_POINT('',(-64.87181292883,78.3,213.90777366712));
#2678 = SURFACE_CURVE('',#2679,(#2683,#2689),.PCURVE_S1.);
#2679 = LINE('',#2680,#2681);
#2680 = CARTESIAN_POINT('',(-64.87181292883,78.3,104.4));
#2681 = VECTOR('',#2682,1.);
#2682 = DIRECTION('',(-0.,-0.,-1.));
#2683 = PCURVE('',#251,#2684);
#2684 = DEFINITIONAL_REPRESENTATION('',(#2685),#2688);
#2685 = B_SPLINE_CURVE_WITH_KNOTS('',1,(#2686,#2687),.UNSPECIFIED.,.F.,
  .F.,(2,2),(-163.6000006,-0.9999994),.PIECEWISE_BEZIER_KNOTS.);
#2686 = CARTESIAN_POINT('',(-1.882139132563,-163.6000006));
#2687 = CARTESIAN_POINT('',(-1.882139132563,-0.9999994));
#2688 = ( GEOMETRIC_REPRESENTATION_CONTEXT(2) 
PARAMETRIC_REPRESENTATION_CONTEXT() REPRESENTATION_CONTEXT('2D SPACE',''
  ) );
#2689 = PCURVE('',#2690,#2695);
#2690 = PLANE('',#2691);
#2691 = AXIS2_PLACEMENT_3D('',#2692,#2693,#2694);
#2692 = CARTESIAN_POINT('',(-58.,78.3,17.95));
#2693 = DIRECTION('',(0.,1.,0.));
#2694 = DIRECTION('',(0.,0.,1.));
#2695 = DEFINITIONAL_REPRESENTATION('',(#2696),#2699);
#2696 = B_SPLINE_CURVE_WITH_KNOTS('',1,(#2697,#2698),.UNSPECIFIED.,.F.,
  .F.,(2,2),(-163.6000006,-0.9999994),.PIECEWISE_BEZIER_KNOTS.);
#2697 = CARTESIAN_POINT('',(250.0500006,-6.87181292883));
#2698 = CARTESIAN_POINT('',(87.4499994,-6.87181292883));
#2699 = ( GEOMETRIC_REPRESENTATION_CONTEXT(2) 
PARAMETRIC_REPRESENTATION_CONTEXT() REPRESENTATION_CONTEXT('2D SPACE',''
  ) );
#2700 = ORIENTED_EDGE('',*,*,#2701,.F.);
#2701 = EDGE_CURVE('',#2702,#2676,#2704,.T.);
#2702 = VERTEX_POINT('',#2703);
#2703 = CARTESIAN_POINT('',(-64.87181292883,78.3,222.09222633287));
#2704 = SURFACE_CURVE('',#2705,(#2756,#2810),.PCURVE_S1.);
#2705 = B_SPLINE_CURVE_WITH_KNOTS('',7,(#2706,#2707,#2708,#2709,#2710,
    #2711,#2712,#2713,#2714,#2715,#2716,#2717,#2718,#2719,#2720,#2721,
    #2722,#2723,#2724,#2725,#2726,#2727,#2728,#2729,#2730,#2731,#2732,
    #2733,#2734,#2735,#2736,#2737,#2738,#2739,#2740,#2741,#2742,#2743,
    #2744,#2745,#2746,#2747,#2748,#2749,#2750,#2751,#2752,#2753,#2754,
    #2755),.UNSPECIFIED.,.F.,.F.,(8,6,6,6,6,6,6,6,8),(0.,0.111069082117,
    0.223704124378,0.326894039361,0.452288476912,0.584391072373,
    0.717446935677,0.83817429903,1.),.UNSPECIFIED.);
#2706 = CARTESIAN_POINT('',(-60.,79.245842957084,221.35410196625));
#2707 = CARTESIAN_POINT('',(-60.21006179723,79.230654724121,
    221.54198694948));
#2708 = CARTESIAN_POINT('',(-60.43996308768,79.211537394255,
    221.71998948231));
#2709 = CARTESIAN_POINT('',(-60.68908340447,79.187681032277,
    221.88466212428));
#2710 = CARTESIAN_POINT('',(-60.95632354911,79.158222571916,
    222.03282743364));
#2711 = CARTESIAN_POINT('',(-61.2401589534,79.12232222201,
    222.16157653648));
#2712 = CARTESIAN_POINT('',(-61.53869307904,79.079252950036,
    222.26826388914));
#2713 = CARTESIAN_POINT('',(-62.16511366315,78.977037614306,
    222.43389199865));
#2714 = CARTESIAN_POINT('',(-62.49100696186,78.918056302805,
    222.49151802335));
#2715 = CARTESIAN_POINT('',(-62.82260795538,78.851583796579,
    222.52098835181));
#2716 = CARTESIAN_POINT('',(-63.1547302012,78.778172547302,
    222.52144787921));
#2717 = CARTESIAN_POINT('',(-63.48212964734,78.69902760784,
    222.49353710636));
#2718 = CARTESIAN_POINT('',(-63.79978291717,78.615951365569,
    222.43939511076));
#2719 = CARTESIAN_POINT('',(-64.38097798153,78.453379590561,
    222.2924414767));
#2720 = CARTESIAN_POINT('',(-64.64751503643,78.373974657136,
    222.20307893825));
#2721 = CARTESIAN_POINT('',(-64.90168594941,78.293813112054,
    222.09661541578));
#2722 = CARTESIAN_POINT('',(-65.14271380182,78.213828841999,
    221.97496092465));
#2723 = CARTESIAN_POINT('',(-65.37003388043,78.134922527301,
    221.83994846617));
#2724 = CARTESIAN_POINT('',(-65.58326714378,78.057924986231,
    221.69334454729));
#2725 = CARTESIAN_POINT('',(-66.02394186269,77.893217916779,
    221.34669618166));
#2726 = CARTESIAN_POINT('',(-66.24518201442,77.806538711564,
    221.14145756266));
#2727 = CARTESIAN_POINT('',(-66.44606281011,77.724621376873,
    220.92350805128));
#2728 = CARTESIAN_POINT('',(-66.6268330147,77.648393909821,
    220.69480760085));
#2729 = CARTESIAN_POINT('',(-66.78777398366,77.578632626113,
    220.45698519334));
#2730 = CARTESIAN_POINT('',(-66.92913542233,77.515982001616,
    220.21141165982));
#2731 = CARTESIAN_POINT('',(-67.17955190098,77.403048435452,
    219.69363819861));
#2732 = CARTESIAN_POINT('',(-67.2864726831,77.353606901278,
    219.42072025181));
#2733 = CARTESIAN_POINT('',(-67.37191648962,77.313351392695,
    219.14215037261));
#2734 = CARTESIAN_POINT('',(-67.43595571969,77.282804370605,
    218.85942093087));
#2735 = CARTESIAN_POINT('',(-67.47864370965,77.262316460924,
    218.57392664512));
#2736 = CARTESIAN_POINT('',(-67.5,77.252066552783,218.28700897426));
#2737 = CARTESIAN_POINT('',(-67.5,77.252066552783,217.71091993526));
#2738 = CARTESIAN_POINT('',(-67.47833437656,77.262464925572,
    217.42193465768));
#2739 = CARTESIAN_POINT('',(-67.43502884819,77.283249217066,
    217.13440422439));
#2740 = CARTESIAN_POINT('',(-67.37006321316,77.314235369609,
    216.8496982955));
#2741 = CARTESIAN_POINT('',(-67.28338212998,77.355062769735,
    216.56924174468));
#2742 = CARTESIAN_POINT('',(-67.17491046514,77.405194126794,
    216.29456081777));
#2743 = CARTESIAN_POINT('',(-66.92631255474,77.517204883246,
    215.78485956705));
#2744 = CARTESIAN_POINT('',(-66.79004839196,77.577566451325,
    215.54851864794));
#2745 = CARTESIAN_POINT('',(-66.63563195042,77.644516331321,
    215.31936901341));
#2746 = CARTESIAN_POINT('',(-66.46284280468,77.717478840628,
    215.09863527593));
#2747 = CARTESIAN_POINT('',(-66.27143289406,77.79576574232,
    214.88776236904));
#2748 = CARTESIAN_POINT('',(-66.06117872566,77.878559848678,
    214.68847560828));
#2749 = CARTESIAN_POINT('',(-65.52466732192,78.080650217425,
    214.2540172399));
#2750 = CARTESIAN_POINT('',(-65.1791591595,78.204332263769,
    214.02638273838));
#2751 = CARTESIAN_POINT('',(-64.79722094401,78.332542392846,
    213.82918069501));
#2752 = CARTESIAN_POINT('',(-64.38246618249,78.46102945425,
    213.67083054162));
#2753 = CARTESIAN_POINT('',(-63.94005356384,78.585388956532,
    213.55888011679));
#2754 = CARTESIAN_POINT('',(-63.47656123123,78.701784598371,213.5));
#2755 = CARTESIAN_POINT('',(-63.,78.80738781823,213.5));
#2756 = PCURVE('',#251,#2757);
#2757 = DEFINITIONAL_REPRESENTATION('',(#2758),#2809);
#2758 = B_SPLINE_CURVE_WITH_KNOTS('',7,(#2759,#2760,#2761,#2762,#2763,
    #2764,#2765,#2766,#2767,#2768,#2769,#2770,#2771,#2772,#2773,#2774,
    #2775,#2776,#2777,#2778,#2779,#2780,#2781,#2782,#2783,#2784,#2785,
    #2786,#2787,#2788,#2789,#2790,#2791,#2792,#2793,#2794,#2795,#2796,
    #2797,#2798,#2799,#2800,#2801,#2802,#2803,#2804,#2805,#2806,#2807,
    #2808),.UNSPECIFIED.,.F.,.F.,(8,6,6,6,6,6,6,6,8),(0.,0.111069082117,
    0.223704124378,0.326894039361,0.452288476912,0.584391072373,
    0.717446935677,0.83817429903,1.),.UNSPECIFIED.);
#2759 = CARTESIAN_POINT('',(-1.642974365707,-116.9541019662));
#2760 = CARTESIAN_POINT('',(-1.653099854349,-117.1419869494));
#2761 = CARTESIAN_POINT('',(-1.664190299742,-117.3199894823));
#2762 = CARTESIAN_POINT('',(-1.67622047595,-117.4846621242));
#2763 = CARTESIAN_POINT('',(-1.689143761157,-117.6328274336));
#2764 = CARTESIAN_POINT('',(-1.702895230123,-117.7615765364));
#2765 = CARTESIAN_POINT('',(-1.717393950688,-117.8682638891));
#2766 = CARTESIAN_POINT('',(-1.747908624982,-118.0338919986));
#2767 = CARTESIAN_POINT('',(-1.763828749674,-118.0915180233));
#2768 = CARTESIAN_POINT('',(-1.780083512531,-118.1209883518));
#2769 = CARTESIAN_POINT('',(-1.796430718517,-118.1214478792));
#2770 = CARTESIAN_POINT('',(-1.812619803302,-118.0935371063));
#2771 = CARTESIAN_POINT('',(-1.828403000188,-118.0393951107));
#2772 = CARTESIAN_POINT('',(-1.857417623812,-117.8924414767));
#2773 = CARTESIAN_POINT('',(-1.870786580399,-117.8030789382));
#2774 = CARTESIAN_POINT('',(-1.883597155982,-117.6966154157));
#2775 = CARTESIAN_POINT('',(-1.895804196131,-117.5749609246));
#2776 = CARTESIAN_POINT('',(-1.90737125798,-117.4399484661));
#2777 = CARTESIAN_POINT('',(-1.918270056581,-117.2933445472));
#2778 = CARTESIAN_POINT('',(-1.940887815617,-116.9466961816));
#2779 = CARTESIAN_POINT('',(-1.952310160396,-116.7414575626));
#2780 = CARTESIAN_POINT('',(-1.96273861157,-116.5235080512));
#2781 = CARTESIAN_POINT('',(-1.972169627443,-116.2948076008));
#2782 = CARTESIAN_POINT('',(-1.9806023275,-116.0569851933));
#2783 = CARTESIAN_POINT('',(-1.988035950077,-115.8114116598));
#2784 = CARTESIAN_POINT('',(-2.001242883264,-115.2936381986));
#2785 = CARTESIAN_POINT('',(-2.006906025545,-115.0207202518));
#2786 = CARTESIAN_POINT('',(-2.011446862169,-114.7421503726));
#2787 = CARTESIAN_POINT('',(-2.014857990157,-114.4594209308));
#2788 = CARTESIAN_POINT('',(-2.017134431998,-114.1739266451));
#2789 = CARTESIAN_POINT('',(-2.018273308606,-113.8870089742));
#2790 = CARTESIAN_POINT('',(-2.018273308606,-113.3109199352));
#2791 = CARTESIAN_POINT('',(-2.017117936052,-113.0219346576));
#2792 = CARTESIAN_POINT('',(-2.014808562466,-112.7344042243));
#2793 = CARTESIAN_POINT('',(-2.011348146052,-112.4496982955));
#2794 = CARTESIAN_POINT('',(-2.006741784927,-112.1692417446));
#2795 = CARTESIAN_POINT('',(-2.00099705761,-111.8945608177));
#2796 = CARTESIAN_POINT('',(-1.987888063898,-111.384859567));
#2797 = CARTESIAN_POINT('',(-1.980723062459,-111.1485186479));
#2798 = CARTESIAN_POINT('',(-1.972631874324,-110.9193690134));
#2799 = CARTESIAN_POINT('',(-1.963615288297,-110.6986352759));
#2800 = CARTESIAN_POINT('',(-1.953674167159,-110.487762369));
#2801 = CARTESIAN_POINT('',(-1.942811511744,-110.2884756082));
#2802 = CARTESIAN_POINT('',(-1.91524850383,-109.8540172399));
#2803 = CARTESIAN_POINT('',(-1.897607713487,-109.6263827383));
#2804 = CARTESIAN_POINT('',(-1.878244698974,-109.429180695));
#2805 = CARTESIAN_POINT('',(-1.857381015453,-109.2708305416));
#2806 = CARTESIAN_POINT('',(-1.835300348774,-109.1588801167));
#2807 = CARTESIAN_POINT('',(-1.812334137243,-109.1));
#2808 = CARTESIAN_POINT('',(-1.788866755052,-109.1));
#2809 = ( GEOMETRIC_REPRESENTATION_CONTEXT(2) 
PARAMETRIC_REPRESENTATION_CONTEXT() REPRESENTATION_CONTEXT('2D SPACE',''
  ) );
#2810 = PCURVE('',#2811,#2816);
#2811 = CYLINDRICAL_SURFACE('',#2812,4.5);
#2812 = AXIS2_PLACEMENT_3D('',#2813,#2814,#2815);
#2813 = CARTESIAN_POINT('',(-63.,79.3,218.));
#2814 = DIRECTION('',(0.,-1.,0.));
#2815 = DIRECTION('',(0.,-0.,-1.));
#2816 = DEFINITIONAL_REPRESENTATION('',(#2817),#2868);
#2817 = B_SPLINE_CURVE_WITH_KNOTS('',7,(#2818,#2819,#2820,#2821,#2822,
    #2823,#2824,#2825,#2826,#2827,#2828,#2829,#2830,#2831,#2832,#2833,
    #2834,#2835,#2836,#2837,#2838,#2839,#2840,#2841,#2842,#2843,#2844,
    #2845,#2846,#2847,#2848,#2849,#2850,#2851,#2852,#2853,#2854,#2855,
    #2856,#2857,#2858,#2859,#2860,#2861,#2862,#2863,#2864,#2865,#2866,
    #2867),.UNSPECIFIED.,.F.,.F.,(8,6,6,6,6,6,6,6,8),(0.,0.111069082117,
    0.223704124378,0.326894039361,0.452288476912,0.584391072373,
    0.717446935677,0.83817429903,1.),.UNSPECIFIED.);
#2818 = CARTESIAN_POINT('',(2.411864997363,5.41570429158E-02));
#2819 = CARTESIAN_POINT('',(2.474493325109,6.934527587924E-02));
#2820 = CARTESIAN_POINT('',(2.5389437337,8.846260574537E-02));
#2821 = CARTESIAN_POINT('',(2.605003732213,0.112318967723));
#2822 = CARTESIAN_POINT('',(2.672527281999,0.141777428084));
#2823 = CARTESIAN_POINT('',(2.741416508872,0.17767777799));
#2824 = CARTESIAN_POINT('',(2.811613744273,0.220747049964));
#2825 = CARTESIAN_POINT('',(2.955601984339,0.322962385694));
#2826 = CARTESIAN_POINT('',(3.02888997317,0.381943697195));
#2827 = CARTESIAN_POINT('',(3.102427876146,0.448416203421));
#2828 = CARTESIAN_POINT('',(3.175734446876,0.521827452698));
#2829 = CARTESIAN_POINT('',(3.248339708085,0.60097239216));
#2830 = CARTESIAN_POINT('',(3.319724833017,0.684048634431));
#2831 = CARTESIAN_POINT('',(3.452943871698,0.846620409439));
#2832 = CARTESIAN_POINT('',(3.51523514185,0.926025342864));
#2833 = CARTESIAN_POINT('',(3.576215690834,1.006186887946));
#2834 = CARTESIAN_POINT('',(3.635952981215,1.086171158001));
#2835 = CARTESIAN_POINT('',(3.694496858791,1.165077472699));
#2836 = CARTESIAN_POINT('',(3.751882430687,1.242075013769));
#2837 = CARTESIAN_POINT('',(3.876477438272,1.406782083221));
#2838 = CARTESIAN_POINT('',(3.943317508607,1.493461288436));
#2839 = CARTESIAN_POINT('',(4.008869157614,1.575378623127));
#2840 = CARTESIAN_POINT('',(4.073325626635,1.651606090179));
#2841 = CARTESIAN_POINT('',(4.136868057448,1.721367373887));
#2842 = CARTESIAN_POINT('',(4.199673254762,1.784017998384));
#2843 = CARTESIAN_POINT('',(4.32748441367,1.896951564548));
#2844 = CARTESIAN_POINT('',(4.392427632327,1.946393098722));
#2845 = CARTESIAN_POINT('',(4.456883874705,1.986648607305));
#2846 = CARTESIAN_POINT('',(4.520982866132,2.017195629395));
#2847 = CARTESIAN_POINT('',(4.584849693594,2.037683539076));
#2848 = CARTESIAN_POINT('',(4.648609208325,2.047933447217));
#2849 = CARTESIAN_POINT('',(4.77662899477,2.047933447217));
#2850 = CARTESIAN_POINT('',(4.840847979709,2.037535074428));
#2851 = CARTESIAN_POINT('',(4.905176517872,2.016750782934));
#2852 = CARTESIAN_POINT('',(4.969742392975,1.985764630391));
#2853 = CARTESIAN_POINT('',(5.034673633563,1.944937230265));
#2854 = CARTESIAN_POINT('',(5.100103095895,1.894805873206));
#2855 = CARTESIAN_POINT('',(5.226124118253,1.782795116754));
#2856 = CARTESIAN_POINT('',(5.286603310635,1.722433548675));
#2857 = CARTESIAN_POINT('',(5.347766138727,1.655483668679));
#2858 = CARTESIAN_POINT('',(5.409770075316,1.582521159371));
#2859 = CARTESIAN_POINT('',(5.472776561251,1.50423425768));
#2860 = CARTESIAN_POINT('',(5.536957374728,1.421440151322));
#2861 = CARTESIAN_POINT('',(5.690370970502,1.219349782575));
#2862 = CARTESIAN_POINT('',(5.781874336011,1.095667736231));
#2863 = CARTESIAN_POINT('',(5.876521299031,0.967457607154));
#2864 = CARTESIAN_POINT('',(5.974030753089,0.83897054575));
#2865 = CARTESIAN_POINT('',(6.074284499593,0.714611043468));
#2866 = CARTESIAN_POINT('',(6.177282811351,0.598215401629));
#2867 = CARTESIAN_POINT('',(6.28318530718,0.49261218177));
#2868 = ( GEOMETRIC_REPRESENTATION_CONTEXT(2) 
PARAMETRIC_REPRESENTATION_CONTEXT() REPRESENTATION_CONTEXT('2D SPACE',''
  ) );
#2869 = ORIENTED_EDGE('',*,*,#2870,.F.);
#2870 = EDGE_CURVE('',#2871,#2702,#2873,.T.);
#2871 = VERTEX_POINT('',#2872);
#2872 = CARTESIAN_POINT('',(-64.87181292883,78.3,239.90777366712));
#2873 = SURFACE_CURVE('',#2874,(#2878,#2884),.PCURVE_S1.);
#2874 = LINE('',#2875,#2876);
#2875 = CARTESIAN_POINT('',(-64.87181292883,78.3,104.4));
#2876 = VECTOR('',#2877,1.);
#2877 = DIRECTION('',(-0.,-0.,-1.));
#2878 = PCURVE('',#251,#2879);
#2879 = DEFINITIONAL_REPRESENTATION('',(#2880),#2883);
#2880 = B_SPLINE_CURVE_WITH_KNOTS('',1,(#2881,#2882),.UNSPECIFIED.,.F.,
  .F.,(2,2),(-163.6000006,-0.9999994),.PIECEWISE_BEZIER_KNOTS.);
#2881 = CARTESIAN_POINT('',(-1.882139132563,-163.6000006));
#2882 = CARTESIAN_POINT('',(-1.882139132563,-0.9999994));
#2883 = ( GEOMETRIC_REPRESENTATION_CONTEXT(2) 
PARAMETRIC_REPRESENTATION_CONTEXT() REPRESENTATION_CONTEXT('2D SPACE',''
  ) );
#2884 = PCURVE('',#2885,#2890);
#2885 = PLANE('',#2886);
#2886 = AXIS2_PLACEMENT_3D('',#2887,#2888,#2889);
#2887 = CARTESIAN_POINT('',(-58.,78.3,17.95));
#2888 = DIRECTION('',(0.,1.,0.));
#2889 = DIRECTION('',(0.,0.,1.));
#2890 = DEFINITIONAL_REPRESENTATION('',(#2891),#2894);
#2891 = B_SPLINE_CURVE_WITH_KNOTS('',1,(#2892,#2893),.UNSPECIFIED.,.F.,
  .F.,(2,2),(-163.6000006,-0.9999994),.PIECEWISE_BEZIER_KNOTS.);
#2892 = CARTESIAN_POINT('',(250.0500006,-6.87181292883));
#2893 = CARTESIAN_POINT('',(87.4499994,-6.87181292883));
#2894 = ( GEOMETRIC_REPRESENTATION_CONTEXT(2) 
PARAMETRIC_REPRESENTATION_CONTEXT() REPRESENTATION_CONTEXT('2D SPACE',''
  ) );
#2895 = ORIENTED_EDGE('',*,*,#2896,.F.);
#2896 = EDGE_CURVE('',#2897,#2871,#2899,.T.);
#2897 = VERTEX_POINT('',#2898);
#2898 = CARTESIAN_POINT('',(-64.87181292883,78.3,248.09222633287));
#2899 = SURFACE_CURVE('',#2900,(#2951,#3005),.PCURVE_S1.);
#2900 = B_SPLINE_CURVE_WITH_KNOTS('',7,(#2901,#2902,#2903,#2904,#2905,
    #2906,#2907,#2908,#2909,#2910,#2911,#2912,#2913,#2914,#2915,#2916,
    #2917,#2918,#2919,#2920,#2921,#2922,#2923,#2924,#2925,#2926,#2927,
    #2928,#2929,#2930,#2931,#2932,#2933,#2934,#2935,#2936,#2937,#2938,
    #2939,#2940,#2941,#2942,#2943,#2944,#2945,#2946,#2947,#2948,#2949,
    #2950),.UNSPECIFIED.,.F.,.F.,(8,6,6,6,6,6,6,6,8),(0.,0.111069082294,
    0.223704124715,0.326894039747,0.452288477256,0.58439107263,
    0.717446935845,0.838174299127,1.),.UNSPECIFIED.);
#2901 = CARTESIAN_POINT('',(-60.,79.245842957084,247.35410196625));
#2902 = CARTESIAN_POINT('',(-60.21006179719,79.230654724124,
    247.54198694944));
#2903 = CARTESIAN_POINT('',(-60.43996308767,79.211537394256,
    247.71998948232));
#2904 = CARTESIAN_POINT('',(-60.68908340451,79.187681032274,
    247.88466212431));
#2905 = CARTESIAN_POINT('',(-60.95632354916,79.15822257191,
    248.03282743365));
#2906 = CARTESIAN_POINT('',(-61.24015895339,79.122322222009,
    248.16157653647));
#2907 = CARTESIAN_POINT('',(-61.53869307898,79.079252950045,
    248.26826388912));
#2908 = CARTESIAN_POINT('',(-62.16511366315,78.977037614306,
    248.43389199865));
#2909 = CARTESIAN_POINT('',(-62.49100696186,78.918056302805,
    248.49151802335));
#2910 = CARTESIAN_POINT('',(-62.82260795538,78.851583796579,
    248.52098835181));
#2911 = CARTESIAN_POINT('',(-63.1547302012,78.778172547302,
    248.52144787921));
#2912 = CARTESIAN_POINT('',(-63.48212964734,78.69902760784,
    248.49353710636));
#2913 = CARTESIAN_POINT('',(-63.79978291717,78.615951365569,
    248.43939511076));
#2914 = CARTESIAN_POINT('',(-64.38097798127,78.453379590634,
    248.29244147677));
#2915 = CARTESIAN_POINT('',(-64.64751503641,78.373974657152,
    248.2030789383));
#2916 = CARTESIAN_POINT('',(-64.90168594961,78.293813111995,
    248.09661541571));
#2917 = CARTESIAN_POINT('',(-65.142713802,78.213828841931,
    247.97496092453));
#2918 = CARTESIAN_POINT('',(-65.3700338804,78.134922527306,
    247.83994846615));
#2919 = CARTESIAN_POINT('',(-65.58326714357,78.05792498631,
    247.69334454746));
#2920 = CARTESIAN_POINT('',(-66.02394186275,77.893217916756,
    247.34669618161));
#2921 = CARTESIAN_POINT('',(-66.24518201434,77.806538711591,
    247.1414575627));
#2922 = CARTESIAN_POINT('',(-66.44606281008,77.724621376885,
    246.92350805134));
#2923 = CARTESIAN_POINT('',(-66.62683301475,77.648393909803,
    246.69480760081));
#2924 = CARTESIAN_POINT('',(-66.78777398368,77.578632626102,
    246.45698519327));
#2925 = CARTESIAN_POINT('',(-66.9291354223,77.515982001631,
    246.21141165988));
#2926 = CARTESIAN_POINT('',(-67.17955190098,77.403048435456,
    245.69363819863));
#2927 = CARTESIAN_POINT('',(-67.28647268311,77.353606901273,
    245.4207202518));
#2928 = CARTESIAN_POINT('',(-67.37191648962,77.313351392695,
    245.14215037259));
#2929 = CARTESIAN_POINT('',(-67.43595571969,77.282804370608,
    244.85942093088));
#2930 = CARTESIAN_POINT('',(-67.47864370965,77.262316460923,
    244.57392664514));
#2931 = CARTESIAN_POINT('',(-67.5,77.252066552783,244.28700897424));
#2932 = CARTESIAN_POINT('',(-67.5,77.252066552783,243.71091993528));
#2933 = CARTESIAN_POINT('',(-67.47833437657,77.262464925571,
    243.42193465766));
#2934 = CARTESIAN_POINT('',(-67.43502884818,77.283249217069,
    243.13440422438));
#2935 = CARTESIAN_POINT('',(-67.37006321316,77.314235369609,
    242.84969829552));
#2936 = CARTESIAN_POINT('',(-67.28338212999,77.355062769729,
    242.56924174469));
#2937 = CARTESIAN_POINT('',(-67.17491046514,77.405194126798,
    242.29456081775));
#2938 = CARTESIAN_POINT('',(-66.92631255474,77.517204883246,
    241.78485956705));
#2939 = CARTESIAN_POINT('',(-66.79004839196,77.577566451325,
    241.54851864794));
#2940 = CARTESIAN_POINT('',(-66.63563195042,77.644516331321,
    241.31936901341));
#2941 = CARTESIAN_POINT('',(-66.46284280468,77.717478840628,
    241.09863527593));
#2942 = CARTESIAN_POINT('',(-66.27143289406,77.79576574232,
    240.88776236904));
#2943 = CARTESIAN_POINT('',(-66.06117872566,77.878559848678,
    240.68847560828));
#2944 = CARTESIAN_POINT('',(-65.52466732192,78.080650217425,
    240.2540172399));
#2945 = CARTESIAN_POINT('',(-65.1791591595,78.204332263769,
    240.02638273838));
#2946 = CARTESIAN_POINT('',(-64.79722094401,78.332542392846,
    239.82918069501));
#2947 = CARTESIAN_POINT('',(-64.38246618249,78.461029454251,
    239.67083054162));
#2948 = CARTESIAN_POINT('',(-63.94005356385,78.585388956531,
    239.55888011679));
#2949 = CARTESIAN_POINT('',(-63.47656123123,78.701784598371,239.5));
#2950 = CARTESIAN_POINT('',(-63.,78.80738781823,239.5));
#2951 = PCURVE('',#251,#2952);
#2952 = DEFINITIONAL_REPRESENTATION('',(#2953),#3004);
#2953 = B_SPLINE_CURVE_WITH_KNOTS('',7,(#2954,#2955,#2956,#2957,#2958,
    #2959,#2960,#2961,#2962,#2963,#2964,#2965,#2966,#2967,#2968,#2969,
    #2970,#2971,#2972,#2973,#2974,#2975,#2976,#2977,#2978,#2979,#2980,
    #2981,#2982,#2983,#2984,#2985,#2986,#2987,#2988,#2989,#2990,#2991,
    #2992,#2993,#2994,#2995,#2996,#2997,#2998,#2999,#3000,#3001,#3002,
    #3003),.UNSPECIFIED.,.F.,.F.,(8,6,6,6,6,6,6,6,8),(0.,0.111069082294,
    0.223704124715,0.326894039747,0.452288477256,0.58439107263,
    0.717446935845,0.838174299127,1.),.UNSPECIFIED.);
#2954 = CARTESIAN_POINT('',(-1.642974365707,-142.9541019662));
#2955 = CARTESIAN_POINT('',(-1.653099854347,-143.1419869494));
#2956 = CARTESIAN_POINT('',(-1.664190299741,-143.3199894823));
#2957 = CARTESIAN_POINT('',(-1.676220475952,-143.4846621243));
#2958 = CARTESIAN_POINT('',(-1.689143761159,-143.6328274336));
#2959 = CARTESIAN_POINT('',(-1.702895230122,-143.7615765364));
#2960 = CARTESIAN_POINT('',(-1.717393950685,-143.8682638891));
#2961 = CARTESIAN_POINT('',(-1.747908624982,-144.0338919986));
#2962 = CARTESIAN_POINT('',(-1.763828749673,-144.0915180233));
#2963 = CARTESIAN_POINT('',(-1.780083512531,-144.1209883518));
#2964 = CARTESIAN_POINT('',(-1.796430718517,-144.1214478792));
#2965 = CARTESIAN_POINT('',(-1.812619803302,-144.0935371063));
#2966 = CARTESIAN_POINT('',(-1.828403000188,-144.0393951107));
#2967 = CARTESIAN_POINT('',(-1.857417623799,-143.8924414767));
#2968 = CARTESIAN_POINT('',(-1.870786580397,-143.8030789383));
#2969 = CARTESIAN_POINT('',(-1.883597155992,-143.6966154157));
#2970 = CARTESIAN_POINT('',(-1.895804196141,-143.5749609245));
#2971 = CARTESIAN_POINT('',(-1.907371257978,-143.4399484661));
#2972 = CARTESIAN_POINT('',(-1.91827005657,-143.2933445474));
#2973 = CARTESIAN_POINT('',(-1.94088781562,-142.9466961816));
#2974 = CARTESIAN_POINT('',(-1.952310160392,-142.7414575627));
#2975 = CARTESIAN_POINT('',(-1.962738611569,-142.5235080513));
#2976 = CARTESIAN_POINT('',(-1.972169627446,-142.2948076008));
#2977 = CARTESIAN_POINT('',(-1.980602327501,-142.0569851932));
#2978 = CARTESIAN_POINT('',(-1.988035950075,-141.8114116598));
#2979 = CARTESIAN_POINT('',(-2.001242883264,-141.2936381986));
#2980 = CARTESIAN_POINT('',(-2.006906025546,-141.0207202518));
#2981 = CARTESIAN_POINT('',(-2.011446862169,-140.7421503725));
#2982 = CARTESIAN_POINT('',(-2.014857990157,-140.4594209308));
#2983 = CARTESIAN_POINT('',(-2.017134431998,-140.1739266451));
#2984 = CARTESIAN_POINT('',(-2.018273308606,-139.8870089742));
#2985 = CARTESIAN_POINT('',(-2.018273308606,-139.3109199352));
#2986 = CARTESIAN_POINT('',(-2.017117936052,-139.0219346576));
#2987 = CARTESIAN_POINT('',(-2.014808562465,-138.7344042243));
#2988 = CARTESIAN_POINT('',(-2.011348146052,-138.4496982955));
#2989 = CARTESIAN_POINT('',(-2.006741784927,-138.1692417446));
#2990 = CARTESIAN_POINT('',(-2.000997057609,-137.8945608177));
#2991 = CARTESIAN_POINT('',(-1.987888063898,-137.384859567));
#2992 = CARTESIAN_POINT('',(-1.980723062459,-137.1485186479));
#2993 = CARTESIAN_POINT('',(-1.972631874324,-136.9193690134));
#2994 = CARTESIAN_POINT('',(-1.963615288297,-136.6986352759));
#2995 = CARTESIAN_POINT('',(-1.953674167159,-136.487762369));
#2996 = CARTESIAN_POINT('',(-1.942811511744,-136.2884756082));
#2997 = CARTESIAN_POINT('',(-1.91524850383,-135.8540172399));
#2998 = CARTESIAN_POINT('',(-1.897607713487,-135.6263827383));
#2999 = CARTESIAN_POINT('',(-1.878244698974,-135.429180695));
#3000 = CARTESIAN_POINT('',(-1.857381015453,-135.2708305416));
#3001 = CARTESIAN_POINT('',(-1.835300348774,-135.1588801167));
#3002 = CARTESIAN_POINT('',(-1.812334137243,-135.1));
#3003 = CARTESIAN_POINT('',(-1.788866755052,-135.1));
#3004 = ( GEOMETRIC_REPRESENTATION_CONTEXT(2) 
PARAMETRIC_REPRESENTATION_CONTEXT() REPRESENTATION_CONTEXT('2D SPACE',''
  ) );
#3005 = PCURVE('',#3006,#3011);
#3006 = CYLINDRICAL_SURFACE('',#3007,4.5);
#3007 = AXIS2_PLACEMENT_3D('',#3008,#3009,#3010);
#3008 = CARTESIAN_POINT('',(-63.,79.3,244.));
#3009 = DIRECTION('',(0.,-1.,0.));
#3010 = DIRECTION('',(0.,-0.,-1.));
#3011 = DEFINITIONAL_REPRESENTATION('',(#3012),#3063);
#3012 = B_SPLINE_CURVE_WITH_KNOTS('',7,(#3013,#3014,#3015,#3016,#3017,
    #3018,#3019,#3020,#3021,#3022,#3023,#3024,#3025,#3026,#3027,#3028,
    #3029,#3030,#3031,#3032,#3033,#3034,#3035,#3036,#3037,#3038,#3039,
    #3040,#3041,#3042,#3043,#3044,#3045,#3046,#3047,#3048,#3049,#3050,
    #3051,#3052,#3053,#3054,#3055,#3056,#3057,#3058,#3059,#3060,#3061,
    #3062),.UNSPECIFIED.,.F.,.F.,(8,6,6,6,6,6,6,6,8),(0.,0.111069082294,
    0.223704124715,0.326894039747,0.452288477256,0.58439107263,
    0.717446935845,0.838174299127,1.),.UNSPECIFIED.);
#3013 = CARTESIAN_POINT('',(2.411864997363,5.41570429158E-02));
#3014 = CARTESIAN_POINT('',(2.474493325096,6.9345275876E-02));
#3015 = CARTESIAN_POINT('',(2.538943733699,8.846260574378E-02));
#3016 = CARTESIAN_POINT('',(2.605003732224,0.112318967726));
#3017 = CARTESIAN_POINT('',(2.672527282009,0.14177742809));
#3018 = CARTESIAN_POINT('',(2.74141650887,0.177677777991));
#3019 = CARTESIAN_POINT('',(2.81161374426,0.220747049955));
#3020 = CARTESIAN_POINT('',(2.955601984339,0.322962385694));
#3021 = CARTESIAN_POINT('',(3.02888997317,0.381943697195));
#3022 = CARTESIAN_POINT('',(3.102427876146,0.448416203421));
#3023 = CARTESIAN_POINT('',(3.175734446876,0.521827452698));
#3024 = CARTESIAN_POINT('',(3.248339708085,0.60097239216));
#3025 = CARTESIAN_POINT('',(3.319724833017,0.684048634431));
#3026 = CARTESIAN_POINT('',(3.452943871638,0.846620409366));
#3027 = CARTESIAN_POINT('',(3.515235141842,0.926025342848));
#3028 = CARTESIAN_POINT('',(3.576215690879,1.006186888005));
#3029 = CARTESIAN_POINT('',(3.635952981263,1.086171158069));
#3030 = CARTESIAN_POINT('',(3.694496858789,1.165077472694));
#3031 = CARTESIAN_POINT('',(3.751882430626,1.24207501369));
#3032 = CARTESIAN_POINT('',(3.876477438289,1.406782083244));
#3033 = CARTESIAN_POINT('',(3.943317508589,1.493461288409));
#3034 = CARTESIAN_POINT('',(4.008869157601,1.575378623115));
#3035 = CARTESIAN_POINT('',(4.073325626649,1.651606090197));
#3036 = CARTESIAN_POINT('',(4.136868057463,1.721367373898));
#3037 = CARTESIAN_POINT('',(4.199673254746,1.784017998369));
#3038 = CARTESIAN_POINT('',(4.327484413665,1.896951564544));
#3039 = CARTESIAN_POINT('',(4.392427632331,1.946393098727));
#3040 = CARTESIAN_POINT('',(4.456883874709,1.986648607305));
#3041 = CARTESIAN_POINT('',(4.520982866129,2.017195629392));
#3042 = CARTESIAN_POINT('',(4.58484969359,2.037683539077));
#3043 = CARTESIAN_POINT('',(4.648609208329,2.047933447217));
#3044 = CARTESIAN_POINT('',(4.776628994765,2.047933447217));
#3045 = CARTESIAN_POINT('',(4.840847979713,2.037535074429));
#3046 = CARTESIAN_POINT('',(4.905176517876,2.016750782931));
#3047 = CARTESIAN_POINT('',(4.969742392971,1.985764630391));
#3048 = CARTESIAN_POINT('',(5.034673633559,1.944937230271));
#3049 = CARTESIAN_POINT('',(5.100103095899,1.894805873202));
#3050 = CARTESIAN_POINT('',(5.226124118253,1.782795116754));
#3051 = CARTESIAN_POINT('',(5.286603310635,1.722433548675));
#3052 = CARTESIAN_POINT('',(5.347766138727,1.655483668679));
#3053 = CARTESIAN_POINT('',(5.409770075316,1.582521159372));
#3054 = CARTESIAN_POINT('',(5.472776561251,1.50423425768));
#3055 = CARTESIAN_POINT('',(5.536957374728,1.421440151322));
#3056 = CARTESIAN_POINT('',(5.690370970502,1.219349782575));
#3057 = CARTESIAN_POINT('',(5.781874336011,1.095667736231));
#3058 = CARTESIAN_POINT('',(5.876521299031,0.967457607154));
#3059 = CARTESIAN_POINT('',(5.974030753089,0.83897054575));
#3060 = CARTESIAN_POINT('',(6.074284499593,0.714611043469));
#3061 = CARTESIAN_POINT('',(6.177282811351,0.598215401629));
#3062 = CARTESIAN_POINT('',(6.28318530718,0.49261218177));
#3063 = ( GEOMETRIC_REPRESENTATION_CONTEXT(2) 
PARAMETRIC_REPRESENTATION_CONTEXT() REPRESENTATION_CONTEXT('2D SPACE',''
  ) );
#3064 = ORIENTED_EDGE('',*,*,#3065,.F.);
#3065 = EDGE_CURVE('',#3066,#2897,#3068,.T.);
#3066 = VERTEX_POINT('',#3067);
#3067 = CARTESIAN_POINT('',(-64.87181292883,78.3,264.28185886025));
#3068 = SURFACE_CURVE('',#3069,(#3073,#3079),.PCURVE_S1.);
#3069 = LINE('',#3070,#3071);
#3070 = CARTESIAN_POINT('',(-64.87181292883,78.3,104.4));
#3071 = VECTOR('',#3072,1.);
#3072 = DIRECTION('',(-0.,-0.,-1.));
#3073 = PCURVE('',#251,#3074);
#3074 = DEFINITIONAL_REPRESENTATION('',(#3075),#3078);
#3075 = B_SPLINE_CURVE_WITH_KNOTS('',1,(#3076,#3077),.UNSPECIFIED.,.F.,
  .F.,(2,2),(-163.6000006,-0.9999994),.PIECEWISE_BEZIER_KNOTS.);
#3076 = CARTESIAN_POINT('',(-1.882139132563,-163.6000006));
#3077 = CARTESIAN_POINT('',(-1.882139132563,-0.9999994));
#3078 = ( GEOMETRIC_REPRESENTATION_CONTEXT(2) 
PARAMETRIC_REPRESENTATION_CONTEXT() REPRESENTATION_CONTEXT('2D SPACE',''
  ) );
#3079 = PCURVE('',#3080,#3085);
#3080 = PLANE('',#3081);
#3081 = AXIS2_PLACEMENT_3D('',#3082,#3083,#3084);
#3082 = CARTESIAN_POINT('',(-58.,78.3,17.95));
#3083 = DIRECTION('',(0.,1.,0.));
#3084 = DIRECTION('',(0.,0.,1.));
#3085 = DEFINITIONAL_REPRESENTATION('',(#3086),#3089);
#3086 = B_SPLINE_CURVE_WITH_KNOTS('',1,(#3087,#3088),.UNSPECIFIED.,.F.,
  .F.,(2,2),(-163.6000006,-0.9999994),.PIECEWISE_BEZIER_KNOTS.);
#3087 = CARTESIAN_POINT('',(250.0500006,-6.87181292883));
#3088 = CARTESIAN_POINT('',(87.4499994,-6.87181292883));
#3089 = ( GEOMETRIC_REPRESENTATION_CONTEXT(2) 
PARAMETRIC_REPRESENTATION_CONTEXT() REPRESENTATION_CONTEXT('2D SPACE',''
  ) );
#3090 = ORIENTED_EDGE('',*,*,#3091,.T.);
#3091 = EDGE_CURVE('',#3066,#2522,#3092,.T.);
#3092 = SURFACE_CURVE('',#3093,(#3108,#3126),.PCURVE_S1.);
#3093 = B_SPLINE_CURVE_WITH_KNOTS('',7,(#3094,#3095,#3096,#3097,#3098,
    #3099,#3100,#3101,#3102,#3103,#3104,#3105,#3106,#3107),
  .UNSPECIFIED.,.F.,.F.,(8,6,8),(0.,0.662859736139,1.),.UNSPECIFIED.);
#3094 = CARTESIAN_POINT('',(-64.87181479329,78.2999994,264.28185593632)
  );
#3095 = CARTESIAN_POINT('',(-64.59298253594,78.38973008465,
    264.71913266535));
#3096 = CARTESIAN_POINT('',(-64.27709658578,78.486329446314,
    265.14290884859));
#3097 = CARTESIAN_POINT('',(-63.9228495354,78.587896123364,
    265.55098837154));
#3098 = CARTESIAN_POINT('',(-63.52865774029,78.692096170278,
    265.9403325738));
#3099 = CARTESIAN_POINT('',(-63.09284452508,78.796022992311,
    266.30689463816));
#3100 = CARTESIAN_POINT('',(-62.61389030964,78.896027290891,
    266.64539008489));
#3101 = CARTESIAN_POINT('',(-61.82475691043,79.034335822355,
    267.10335724224));
#3102 = CARTESIAN_POINT('',(-61.54703708847,79.078856243785,
    267.24886890441));
#3103 = CARTESIAN_POINT('',(-61.25803619883,79.120583148416,
    267.38423475327));
#3104 = CARTESIAN_POINT('',(-60.95822975356,79.158819642507,
    267.50824916909));
#3105 = CARTESIAN_POINT('',(-60.64817803597,79.192876034753,
    267.61975317995));
#3106 = CARTESIAN_POINT('',(-60.32852547176,79.22208936902,
    267.71762842196));
#3107 = CARTESIAN_POINT('',(-60.,79.245842957084,267.80079109963));
#3108 = PCURVE('',#251,#3109);
#3109 = DEFINITIONAL_REPRESENTATION('',(#3110),#3125);
#3110 = B_SPLINE_CURVE_WITH_KNOTS('',7,(#3111,#3112,#3113,#3114,#3115,
    #3116,#3117,#3118,#3119,#3120,#3121,#3122,#3123,#3124),
  .UNSPECIFIED.,.F.,.F.,(8,6,8),(0.,0.662859736139,1.),.UNSPECIFIED.);
#3111 = CARTESIAN_POINT('',(-1.882139226727,-159.8818559363));
#3112 = CARTESIAN_POINT('',(-1.868056789061,-160.3191326653));
#3113 = CARTESIAN_POINT('',(-1.852177407408,-160.7429088485));
#3114 = CARTESIAN_POINT('',(-1.834464702382,-161.1509883715));
#3115 = CARTESIAN_POINT('',(-1.814870724035,-161.5403325738));
#3116 = CARTESIAN_POINT('',(-1.793342988211,-161.9068946381));
#3117 = CARTESIAN_POINT('',(-1.769832058656,-162.2453900848));
#3118 = CARTESIAN_POINT('',(-1.731314648167,-162.7033572422));
#3119 = CARTESIAN_POINT('',(-1.7177936799,-162.8488689044));
#3120 = CARTESIAN_POINT('',(-1.703758139957,-162.9842347532));
#3121 = CARTESIAN_POINT('',(-1.689231369359,-163.108249169));
#3122 = CARTESIAN_POINT('',(-1.674239259991,-163.2197531799));
#3123 = CARTESIAN_POINT('',(-1.658810091083,-163.3176284219));
#3124 = CARTESIAN_POINT('',(-1.642974365707,-163.4007910996));
#3125 = ( GEOMETRIC_REPRESENTATION_CONTEXT(2) 
PARAMETRIC_REPRESENTATION_CONTEXT() REPRESENTATION_CONTEXT('2D SPACE',''
  ) );
#3126 = PCURVE('',#2461,#3127);
#3127 = DEFINITIONAL_REPRESENTATION('',(#3128),#3143);
#3128 = B_SPLINE_CURVE_WITH_KNOTS('',7,(#3129,#3130,#3131,#3132,#3133,
    #3134,#3135,#3136,#3137,#3138,#3139,#3140,#3141,#3142),
  .UNSPECIFIED.,.F.,.F.,(8,6,8),(0.,0.662859736139,1.),.UNSPECIFIED.);
#3129 = CARTESIAN_POINT('',(5.280037725505,-6.E-07));
#3130 = CARTESIAN_POINT('',(5.343671094882,8.973008465015E-02));
#3131 = CARTESIAN_POINT('',(5.408352141943,0.186329446314));
#3132 = CARTESIAN_POINT('',(5.47436090519,0.287896123364));
#3133 = CARTESIAN_POINT('',(5.541970244529,0.392096170278));
#3134 = CARTESIAN_POINT('',(5.611463110553,0.496022992311));
#3135 = CARTESIAN_POINT('',(5.68313834635,0.596027290891));
#3136 = CARTESIAN_POINT('',(5.795088707087,0.734335822355));
#3137 = CARTESIAN_POINT('',(5.833522855726,0.778856243785));
#3138 = CARTESIAN_POINT('',(5.872617279602,0.820583148416));
#3139 = CARTESIAN_POINT('',(5.912349338502,0.858819642507));
#3140 = CARTESIAN_POINT('',(5.95270395963,0.892876034753));
#3141 = CARTESIAN_POINT('',(5.993672946003,0.92208936902));
#3142 = CARTESIAN_POINT('',(6.035254284836,0.945842957084));
#3143 = ( GEOMETRIC_REPRESENTATION_CONTEXT(2) 
PARAMETRIC_REPRESENTATION_CONTEXT() REPRESENTATION_CONTEXT('2D SPACE',''
  ) );
#3144 = ORIENTED_EDGE('',*,*,#2521,.F.);
#3145 = ORIENTED_EDGE('',*,*,#230,.F.);
#3146 = ORIENTED_EDGE('',*,*,#3147,.T.);
#3147 = EDGE_CURVE('',#203,#3148,#3150,.T.);
#3148 = VERTEX_POINT('',#3149);
#3149 = CARTESIAN_POINT('',(-69.7423307192,76.,264.));
#3150 = SURFACE_CURVE('',#3151,(#3155,#3161),.PCURVE_S1.);
#3151 = LINE('',#3152,#3153);
#3152 = CARTESIAN_POINT('',(-69.7423307192,76.,104.4));
#3153 = VECTOR('',#3154,1.);
#3154 = DIRECTION('',(-0.,-0.,-1.));
#3155 = PCURVE('',#251,#3156);
#3156 = DEFINITIONAL_REPRESENTATION('',(#3157),#3160);
#3157 = B_SPLINE_CURVE_WITH_KNOTS('',1,(#3158,#3159),.UNSPECIFIED.,.F.,
  .F.,(2,2),(-163.6000006,-159.2),.PIECEWISE_BEZIER_KNOTS.);
#3158 = CARTESIAN_POINT('',(-2.141823651146,-163.6000006));
#3159 = CARTESIAN_POINT('',(-2.141823651146,-159.2));
#3160 = ( GEOMETRIC_REPRESENTATION_CONTEXT(2) 
PARAMETRIC_REPRESENTATION_CONTEXT() REPRESENTATION_CONTEXT('2D SPACE',''
  ) );
#3161 = PCURVE('',#218,#3162);
#3162 = DEFINITIONAL_REPRESENTATION('',(#3163),#3166);
#3163 = B_SPLINE_CURVE_WITH_KNOTS('',1,(#3164,#3165),.UNSPECIFIED.,.F.,
  .F.,(2,2),(-163.6000006,-159.2),.PIECEWISE_BEZIER_KNOTS.);
#3164 = CARTESIAN_POINT('',(4.0000006,10.757669280794));
#3165 = CARTESIAN_POINT('',(-0.4,10.757669280794));
#3166 = ( GEOMETRIC_REPRESENTATION_CONTEXT(2) 
PARAMETRIC_REPRESENTATION_CONTEXT() REPRESENTATION_CONTEXT('2D SPACE',''
  ) );
#3167 = ORIENTED_EDGE('',*,*,#3168,.F.);
#3168 = EDGE_CURVE('',#3169,#3148,#3171,.T.);
#3169 = VERTEX_POINT('',#3170);
#3170 = CARTESIAN_POINT('',(-79.24584295708,60.,264.));
#3171 = SURFACE_CURVE('',#3172,(#3177,#3184),.PCURVE_S1.);
#3172 = CIRCLE('',#3173,20.8);
#3173 = AXIS2_PLACEMENT_3D('',#3174,#3175,#3176);
#3174 = CARTESIAN_POINT('',(-58.5,58.5,264.));
#3175 = DIRECTION('',(0.,0.,-1.));
#3176 = DIRECTION('',(1.,0.,0.));
#3177 = PCURVE('',#251,#3178);
#3178 = DEFINITIONAL_REPRESENTATION('',(#3179),#3183);
#3179 = LINE('',#3180,#3181);
#3180 = CARTESIAN_POINT('',(-6.28318530718,-159.6));
#3181 = VECTOR('',#3182,1.);
#3182 = DIRECTION('',(1.,-0.));
#3183 = ( GEOMETRIC_REPRESENTATION_CONTEXT(2) 
PARAMETRIC_REPRESENTATION_CONTEXT() REPRESENTATION_CONTEXT('2D SPACE',''
  ) );
#3184 = PCURVE('',#3185,#3190);
#3185 = PLANE('',#3186);
#3186 = AXIS2_PLACEMENT_3D('',#3187,#3188,#3189);
#3187 = CARTESIAN_POINT('',(-80.5,60.,264.));
#3188 = DIRECTION('',(0.,0.,1.));
#3189 = DIRECTION('',(1.,0.,0.));
#3190 = DEFINITIONAL_REPRESENTATION('',(#3191),#3199);
#3191 = ( BOUNDED_CURVE() B_SPLINE_CURVE(2,(#3192,#3193,#3194,#3195,
#3196,#3197,#3198),.UNSPECIFIED.,.T.,.F.) B_SPLINE_CURVE_WITH_KNOTS((1,2
    ,2,2,2,1),(-2.094395102393,0.,2.094395102393,4.188790204786,
6.28318530718,8.377580409573),.UNSPECIFIED.) CURVE() 
GEOMETRIC_REPRESENTATION_ITEM() RATIONAL_B_SPLINE_CURVE((1.,0.5,1.,0.5,
1.,0.5,1.)) REPRESENTATION_ITEM('') );
#3192 = CARTESIAN_POINT('',(42.8,-1.5));
#3193 = CARTESIAN_POINT('',(42.8,-37.52665679743));
#3194 = CARTESIAN_POINT('',(11.6,-19.51332839871));
#3195 = CARTESIAN_POINT('',(-19.6,-1.5));
#3196 = CARTESIAN_POINT('',(11.6,16.513328398716));
#3197 = CARTESIAN_POINT('',(42.8,34.526656797433));
#3198 = CARTESIAN_POINT('',(42.8,-1.5));
#3199 = ( GEOMETRIC_REPRESENTATION_CONTEXT(2) 
PARAMETRIC_REPRESENTATION_CONTEXT() REPRESENTATION_CONTEXT('2D SPACE',''
  ) );
#3200 = ORIENTED_EDGE('',*,*,#3201,.F.);
#3201 = EDGE_CURVE('',#1672,#3169,#3202,.T.);
#3202 = SURFACE_CURVE('',#3203,(#3207,#3213),.PCURVE_S1.);
#3203 = LINE('',#3204,#3205);
#3204 = CARTESIAN_POINT('',(-79.24584295708,60.,104.4));
#3205 = VECTOR('',#3206,1.);
#3206 = DIRECTION('',(-0.,-0.,-1.));
#3207 = PCURVE('',#251,#3208);
#3208 = DEFINITIONAL_REPRESENTATION('',(#3209),#3212);
#3209 = B_SPLINE_CURVE_WITH_KNOTS('',1,(#3210,#3211),.UNSPECIFIED.,.F.,
  .F.,(2,2),(-163.6000006,-159.2),.PIECEWISE_BEZIER_KNOTS.);
#3210 = CARTESIAN_POINT('',(-3.069414614678,-163.6000006));
#3211 = CARTESIAN_POINT('',(-3.069414614678,-159.2));
#3212 = ( GEOMETRIC_REPRESENTATION_CONTEXT(2) 
PARAMETRIC_REPRESENTATION_CONTEXT() REPRESENTATION_CONTEXT('2D SPACE',''
  ) );
#3213 = PCURVE('',#1715,#3214);
#3214 = DEFINITIONAL_REPRESENTATION('',(#3215),#3218);
#3215 = B_SPLINE_CURVE_WITH_KNOTS('',1,(#3216,#3217),.UNSPECIFIED.,.F.,
  .F.,(2,2),(-163.6000006,-159.2),.PIECEWISE_BEZIER_KNOTS.);
#3216 = CARTESIAN_POINT('',(4.0000006,1.254157042916));
#3217 = CARTESIAN_POINT('',(-0.4,1.254157042916));
#3218 = ( GEOMETRIC_REPRESENTATION_CONTEXT(2) 
PARAMETRIC_REPRESENTATION_CONTEXT() REPRESENTATION_CONTEXT('2D SPACE',''
  ) );
#3219 = ORIENTED_EDGE('',*,*,#1671,.F.);
#3220 = FACE_BOUND('',#3221,.T.);
#3221 = EDGE_LOOP('',(#3222,#3250,#3283,#3309));
#3222 = ORIENTED_EDGE('',*,*,#3223,.F.);
#3223 = EDGE_CURVE('',#3224,#3226,#3228,.T.);
#3224 = VERTEX_POINT('',#3225);
#3225 = CARTESIAN_POINT('',(-75.55,70.413752557444,151.));
#3226 = VERTEX_POINT('',#3227);
#3227 = CARTESIAN_POINT('',(-75.55,70.413752557444,147.));
#3228 = SURFACE_CURVE('',#3229,(#3233,#3239),.PCURVE_S1.);
#3229 = LINE('',#3230,#3231);
#3230 = CARTESIAN_POINT('',(-75.55,70.413752557444,104.4));
#3231 = VECTOR('',#3232,1.);
#3232 = DIRECTION('',(-0.,-0.,-1.));
#3233 = PCURVE('',#251,#3234);
#3234 = DEFINITIONAL_REPRESENTATION('',(#3235),#3238);
#3235 = B_SPLINE_CURVE_WITH_KNOTS('',1,(#3236,#3237),.UNSPECIFIED.,.F.,
  .F.,(2,2),(-47.,-42.2),.PIECEWISE_BEZIER_KNOTS.);
#3236 = CARTESIAN_POINT('',(-2.531703544258,-47.));
#3237 = CARTESIAN_POINT('',(-2.531703544258,-42.2));
#3238 = ( GEOMETRIC_REPRESENTATION_CONTEXT(2) 
PARAMETRIC_REPRESENTATION_CONTEXT() REPRESENTATION_CONTEXT('2D SPACE',''
  ) );
#3239 = PCURVE('',#3240,#3245);
#3240 = PLANE('',#3241);
#3241 = AXIS2_PLACEMENT_3D('',#3242,#3243,#3244);
#3242 = CARTESIAN_POINT('',(-75.55,66.85,147.));
#3243 = DIRECTION('',(1.,0.,0.));
#3244 = DIRECTION('',(0.,0.,1.));
#3245 = DEFINITIONAL_REPRESENTATION('',(#3246),#3249);
#3246 = B_SPLINE_CURVE_WITH_KNOTS('',1,(#3247,#3248),.UNSPECIFIED.,.F.,
  .F.,(2,2),(-47.,-42.2),.PIECEWISE_BEZIER_KNOTS.);
#3247 = CARTESIAN_POINT('',(4.4,-3.563752557444));
#3248 = CARTESIAN_POINT('',(-0.4,-3.563752557444));
#3249 = ( GEOMETRIC_REPRESENTATION_CONTEXT(2) 
PARAMETRIC_REPRESENTATION_CONTEXT() REPRESENTATION_CONTEXT('2D SPACE',''
  ) );
#3250 = ORIENTED_EDGE('',*,*,#3251,.T.);
#3251 = EDGE_CURVE('',#3224,#3252,#3254,.T.);
#3252 = VERTEX_POINT('',#3253);
#3253 = CARTESIAN_POINT('',(-71.35758530984,74.85,151.));
#3254 = SURFACE_CURVE('',#3255,(#3260,#3267),.PCURVE_S1.);
#3255 = CIRCLE('',#3256,20.8);
#3256 = AXIS2_PLACEMENT_3D('',#3257,#3258,#3259);
#3257 = CARTESIAN_POINT('',(-58.5,58.5,151.));
#3258 = DIRECTION('',(0.,0.,-1.));
#3259 = DIRECTION('',(1.,0.,0.));
#3260 = PCURVE('',#251,#3261);
#3261 = DEFINITIONAL_REPRESENTATION('',(#3262),#3266);
#3262 = LINE('',#3263,#3264);
#3263 = CARTESIAN_POINT('',(-6.28318530718,-46.6));
#3264 = VECTOR('',#3265,1.);
#3265 = DIRECTION('',(1.,-0.));
#3266 = ( GEOMETRIC_REPRESENTATION_CONTEXT(2) 
PARAMETRIC_REPRESENTATION_CONTEXT() REPRESENTATION_CONTEXT('2D SPACE',''
  ) );
#3267 = PCURVE('',#3268,#3273);
#3268 = PLANE('',#3269);
#3269 = AXIS2_PLACEMENT_3D('',#3270,#3271,#3272);
#3270 = CARTESIAN_POINT('',(-75.55,66.85,151.));
#3271 = DIRECTION('',(0.,0.,1.));
#3272 = DIRECTION('',(1.,0.,0.));
#3273 = DEFINITIONAL_REPRESENTATION('',(#3274),#3282);
#3274 = ( BOUNDED_CURVE() B_SPLINE_CURVE(2,(#3275,#3276,#3277,#3278,
#3279,#3280,#3281),.UNSPECIFIED.,.T.,.F.) B_SPLINE_CURVE_WITH_KNOTS((1,2
    ,2,2,2,1),(-2.094395102393,0.,2.094395102393,4.188790204786,
6.28318530718,8.377580409573),.UNSPECIFIED.) CURVE() 
GEOMETRIC_REPRESENTATION_ITEM() RATIONAL_B_SPLINE_CURVE((1.,0.5,1.,0.5,
1.,0.5,1.)) REPRESENTATION_ITEM('') );
#3275 = CARTESIAN_POINT('',(37.85,-8.35));
#3276 = CARTESIAN_POINT('',(37.85,-44.37665679743));
#3277 = CARTESIAN_POINT('',(6.65,-26.36332839871));
#3278 = CARTESIAN_POINT('',(-24.55,-8.35));
#3279 = CARTESIAN_POINT('',(6.65,9.663328398716));
#3280 = CARTESIAN_POINT('',(37.85,27.676656797433));
#3281 = CARTESIAN_POINT('',(37.85,-8.35));
#3282 = ( GEOMETRIC_REPRESENTATION_CONTEXT(2) 
PARAMETRIC_REPRESENTATION_CONTEXT() REPRESENTATION_CONTEXT('2D SPACE',''
  ) );
#3283 = ORIENTED_EDGE('',*,*,#3284,.T.);
#3284 = EDGE_CURVE('',#3252,#3285,#3287,.T.);
#3285 = VERTEX_POINT('',#3286);
#3286 = CARTESIAN_POINT('',(-71.35758530984,74.85,147.));
#3287 = SURFACE_CURVE('',#3288,(#3292,#3298),.PCURVE_S1.);
#3288 = LINE('',#3289,#3290);
#3289 = CARTESIAN_POINT('',(-71.35758530984,74.85,104.4));
#3290 = VECTOR('',#3291,1.);
#3291 = DIRECTION('',(-0.,-0.,-1.));
#3292 = PCURVE('',#251,#3293);
#3293 = DEFINITIONAL_REPRESENTATION('',(#3294),#3297);
#3294 = B_SPLINE_CURVE_WITH_KNOTS('',1,(#3295,#3296),.UNSPECIFIED.,.F.,
  .F.,(2,2),(-47.,-42.2),.PIECEWISE_BEZIER_KNOTS.);
#3295 = CARTESIAN_POINT('',(-2.237187330918,-47.));
#3296 = CARTESIAN_POINT('',(-2.237187330918,-42.2));
#3297 = ( GEOMETRIC_REPRESENTATION_CONTEXT(2) 
PARAMETRIC_REPRESENTATION_CONTEXT() REPRESENTATION_CONTEXT('2D SPACE',''
  ) );
#3298 = PCURVE('',#3299,#3304);
#3299 = PLANE('',#3300);
#3300 = AXIS2_PLACEMENT_3D('',#3301,#3302,#3303);
#3301 = CARTESIAN_POINT('',(-75.55,74.85,147.));
#3302 = DIRECTION('',(0.,1.,0.));
#3303 = DIRECTION('',(0.,0.,1.));
#3304 = DEFINITIONAL_REPRESENTATION('',(#3305),#3308);
#3305 = B_SPLINE_CURVE_WITH_KNOTS('',1,(#3306,#3307),.UNSPECIFIED.,.F.,
  .F.,(2,2),(-47.,-42.2),.PIECEWISE_BEZIER_KNOTS.);
#3306 = CARTESIAN_POINT('',(4.4,4.192414690153));
#3307 = CARTESIAN_POINT('',(-0.4,4.192414690153));
#3308 = ( GEOMETRIC_REPRESENTATION_CONTEXT(2) 
PARAMETRIC_REPRESENTATION_CONTEXT() REPRESENTATION_CONTEXT('2D SPACE',''
  ) );
#3309 = ORIENTED_EDGE('',*,*,#3310,.F.);
#3310 = EDGE_CURVE('',#3226,#3285,#3311,.T.);
#3311 = SURFACE_CURVE('',#3312,(#3317,#3324),.PCURVE_S1.);
#3312 = CIRCLE('',#3313,20.8);
#3313 = AXIS2_PLACEMENT_3D('',#3314,#3315,#3316);
#3314 = CARTESIAN_POINT('',(-58.5,58.5,147.));
#3315 = DIRECTION('',(0.,0.,-1.));
#3316 = DIRECTION('',(1.,0.,0.));
#3317 = PCURVE('',#251,#3318);
#3318 = DEFINITIONAL_REPRESENTATION('',(#3319),#3323);
#3319 = LINE('',#3320,#3321);
#3320 = CARTESIAN_POINT('',(-6.28318530718,-42.6));
#3321 = VECTOR('',#3322,1.);
#3322 = DIRECTION('',(1.,-0.));
#3323 = ( GEOMETRIC_REPRESENTATION_CONTEXT(2) 
PARAMETRIC_REPRESENTATION_CONTEXT() REPRESENTATION_CONTEXT('2D SPACE',''
  ) );
#3324 = PCURVE('',#3325,#3330);
#3325 = PLANE('',#3326);
#3326 = AXIS2_PLACEMENT_3D('',#3327,#3328,#3329);
#3327 = CARTESIAN_POINT('',(-75.55,66.85,147.));
#3328 = DIRECTION('',(0.,0.,1.));
#3329 = DIRECTION('',(1.,0.,0.));
#3330 = DEFINITIONAL_REPRESENTATION('',(#3331),#3339);
#3331 = ( BOUNDED_CURVE() B_SPLINE_CURVE(2,(#3332,#3333,#3334,#3335,
#3336,#3337,#3338),.UNSPECIFIED.,.T.,.F.) B_SPLINE_CURVE_WITH_KNOTS((1,2
    ,2,2,2,1),(-2.094395102393,0.,2.094395102393,4.188790204786,
6.28318530718,8.377580409573),.UNSPECIFIED.) CURVE() 
GEOMETRIC_REPRESENTATION_ITEM() RATIONAL_B_SPLINE_CURVE((1.,0.5,1.,0.5,
1.,0.5,1.)) REPRESENTATION_ITEM('') );
#3332 = CARTESIAN_POINT('',(37.85,-8.35));
#3333 = CARTESIAN_POINT('',(37.85,-44.37665679743));
#3334 = CARTESIAN_POINT('',(6.65,-26.36332839871));
#3335 = CARTESIAN_POINT('',(-24.55,-8.35));
#3336 = CARTESIAN_POINT('',(6.65,9.663328398716));
#3337 = CARTESIAN_POINT('',(37.85,27.676656797433));
#3338 = CARTESIAN_POINT('',(37.85,-8.35));
#3339 = ( GEOMETRIC_REPRESENTATION_CONTEXT(2) 
PARAMETRIC_REPRESENTATION_CONTEXT() REPRESENTATION_CONTEXT('2D SPACE',''
  ) );
#3340 = ADVANCED_FACE('',(#3341),#218,.T.);
#3341 = FACE_BOUND('',#3342,.T.);
#3342 = EDGE_LOOP('',(#3343,#3366,#3367,#3368));
#3343 = ORIENTED_EDGE('',*,*,#3344,.F.);
#3344 = EDGE_CURVE('',#3148,#3345,#3347,.T.);
#3345 = VERTEX_POINT('',#3346);
#3346 = CARTESIAN_POINT('',(69.742330719206,76.,264.));
#3347 = SURFACE_CURVE('',#3348,(#3352,#3359),.PCURVE_S1.);
#3348 = LINE('',#3349,#3350);
#3349 = CARTESIAN_POINT('',(-80.5,76.,264.));
#3350 = VECTOR('',#3351,1.);
#3351 = DIRECTION('',(1.,0.,0.));
#3352 = PCURVE('',#218,#3353);
#3353 = DEFINITIONAL_REPRESENTATION('',(#3354),#3358);
#3354 = LINE('',#3355,#3356);
#3355 = CARTESIAN_POINT('',(0.,0.));
#3356 = VECTOR('',#3357,1.);
#3357 = DIRECTION('',(0.,1.));
#3358 = ( GEOMETRIC_REPRESENTATION_CONTEXT(2) 
PARAMETRIC_REPRESENTATION_CONTEXT() REPRESENTATION_CONTEXT('2D SPACE',''
  ) );
#3359 = PCURVE('',#3185,#3360);
#3360 = DEFINITIONAL_REPRESENTATION('',(#3361),#3365);
#3361 = LINE('',#3362,#3363);
#3362 = CARTESIAN_POINT('',(0.,16.));
#3363 = VECTOR('',#3364,1.);
#3364 = DIRECTION('',(1.,0.));
#3365 = ( GEOMETRIC_REPRESENTATION_CONTEXT(2) 
PARAMETRIC_REPRESENTATION_CONTEXT() REPRESENTATION_CONTEXT('2D SPACE',''
  ) );
#3366 = ORIENTED_EDGE('',*,*,#3147,.F.);
#3367 = ORIENTED_EDGE('',*,*,#202,.T.);
#3368 = ORIENTED_EDGE('',*,*,#3369,.T.);
#3369 = EDGE_CURVE('',#170,#3345,#3370,.T.);
#3370 = SURFACE_CURVE('',#3371,(#3375,#3381),.PCURVE_S1.);
#3371 = LINE('',#3372,#3373);
#3372 = CARTESIAN_POINT('',(69.742330719206,76.,104.4));
#3373 = VECTOR('',#3374,1.);
#3374 = DIRECTION('',(-0.,-0.,-1.));
#3375 = PCURVE('',#218,#3376);
#3376 = DEFINITIONAL_REPRESENTATION('',(#3377),#3380);
#3377 = B_SPLINE_CURVE_WITH_KNOTS('',1,(#3378,#3379),.UNSPECIFIED.,.F.,
  .F.,(2,2),(-163.6000006,-159.2),.PIECEWISE_BEZIER_KNOTS.);
#3378 = CARTESIAN_POINT('',(4.0000006,150.2423307192));
#3379 = CARTESIAN_POINT('',(-0.4,150.2423307192));
#3380 = ( GEOMETRIC_REPRESENTATION_CONTEXT(2) 
PARAMETRIC_REPRESENTATION_CONTEXT() REPRESENTATION_CONTEXT('2D SPACE',''
  ) );
#3381 = PCURVE('',#190,#3382);
#3382 = DEFINITIONAL_REPRESENTATION('',(#3383),#3386);
#3383 = B_SPLINE_CURVE_WITH_KNOTS('',1,(#3384,#3385),.UNSPECIFIED.,.F.,
  .F.,(2,2),(-163.6000006,-159.2),.PIECEWISE_BEZIER_KNOTS.);
#3384 = CARTESIAN_POINT('',(-0.999769002443,-163.6000006));
#3385 = CARTESIAN_POINT('',(-0.999769002443,-159.2));
#3386 = ( GEOMETRIC_REPRESENTATION_CONTEXT(2) 
PARAMETRIC_REPRESENTATION_CONTEXT() REPRESENTATION_CONTEXT('2D SPACE',''
  ) );
#3387 = ADVANCED_FACE('',(#3388,#4028),#190,.F.);
#3388 = FACE_BOUND('',#3389,.T.);
#3389 = EDGE_LOOP('',(#3390,#3391,#3412,#3473,#3499,#3659,#3685,#3845,
    #3871,#3899,#3925,#3958,#3979,#3980,#4001,#4027));
#3390 = ORIENTED_EDGE('',*,*,#169,.F.);
#3391 = ORIENTED_EDGE('',*,*,#3392,.T.);
#3392 = EDGE_CURVE('',#143,#3393,#3395,.T.);
#3393 = VERTEX_POINT('',#3394);
#3394 = CARTESIAN_POINT('',(60.,79.245842957084,267.80079109963));
#3395 = SURFACE_CURVE('',#3396,(#3400,#3406),.PCURVE_S1.);
#3396 = LINE('',#3397,#3398);
#3397 = CARTESIAN_POINT('',(60.,79.245842957084,104.4));
#3398 = VECTOR('',#3399,1.);
#3399 = DIRECTION('',(-0.,-0.,-1.));
#3400 = PCURVE('',#190,#3401);
#3401 = DEFINITIONAL_REPRESENTATION('',(#3402),#3405);
#3402 = B_SPLINE_CURVE_WITH_KNOTS('',1,(#3403,#3404),.UNSPECIFIED.,.F.,
  .F.,(2,2),(-163.6000006,-0.9999994),.PIECEWISE_BEZIER_KNOTS.);
#3403 = CARTESIAN_POINT('',(-1.498618287883,-163.6000006));
#3404 = CARTESIAN_POINT('',(-1.498618287883,-0.9999994));
#3405 = ( GEOMETRIC_REPRESENTATION_CONTEXT(2) 
PARAMETRIC_REPRESENTATION_CONTEXT() REPRESENTATION_CONTEXT('2D SPACE',''
  ) );
#3406 = PCURVE('',#158,#3407);
#3407 = DEFINITIONAL_REPRESENTATION('',(#3408),#3411);
#3408 = B_SPLINE_CURVE_WITH_KNOTS('',1,(#3409,#3410),.UNSPECIFIED.,.F.,
  .F.,(2,2),(-163.6000006,-0.9999994),.PIECEWISE_BEZIER_KNOTS.);
#3409 = CARTESIAN_POINT('',(163.6000006,-6.345842957084));
#3410 = CARTESIAN_POINT('',(0.9999994,-6.345842957084));
#3411 = ( GEOMETRIC_REPRESENTATION_CONTEXT(2) 
PARAMETRIC_REPRESENTATION_CONTEXT() REPRESENTATION_CONTEXT('2D SPACE',''
  ) );
#3412 = ORIENTED_EDGE('',*,*,#3413,.T.);
#3413 = EDGE_CURVE('',#3393,#3414,#3416,.T.);
#3414 = VERTEX_POINT('',#3415);
#3415 = CARTESIAN_POINT('',(64.87181292883,78.3,264.28185886025));
#3416 = SURFACE_CURVE('',#3417,(#3432,#3450),.PCURVE_S1.);
#3417 = B_SPLINE_CURVE_WITH_KNOTS('',7,(#3418,#3419,#3420,#3421,#3422,
    #3423,#3424,#3425,#3426,#3427,#3428,#3429,#3430,#3431),
  .UNSPECIFIED.,.F.,.F.,(8,6,8),(0.,0.337557510224,1.),.UNSPECIFIED.);
#3418 = CARTESIAN_POINT('',(60.,79.245842957084,267.80079109963));
#3419 = CARTESIAN_POINT('',(60.328931805596,79.222059989604,
    267.71752556294));
#3420 = CARTESIAN_POINT('',(60.648970132231,79.192803660921,
    267.6195106904));
#3421 = CARTESIAN_POINT('',(60.959383780297,79.158692898919,
    267.50783419583));
#3422 = CARTESIAN_POINT('',(61.259525531946,79.120393190145,
    267.38361866272));
#3423 = CARTESIAN_POINT('',(61.548832771215,79.078596915195,
    267.24802762495));
#3424 = CARTESIAN_POINT('',(61.826828104153,79.034003684118,
    267.10227164759));
#3425 = CARTESIAN_POINT('',(62.615706641082,78.895647964279,
    266.6441060452));
#3426 = CARTESIAN_POINT('',(63.09422070418,78.795694710027,
    266.30573661222));
#3427 = CARTESIAN_POINT('',(63.52965300588,78.691833065773,
    265.93934932501));
#3428 = CARTESIAN_POINT('',(63.923521031595,78.587703662333,
    265.55021518412));
#3429 = CARTESIAN_POINT('',(64.277497228667,78.486206966999,
    265.14237193327));
#3430 = CARTESIAN_POINT('',(64.593160515863,78.389672809138,
    264.71885354959));
#3431 = CARTESIAN_POINT('',(64.871814793291,78.2999994,264.28185593632)
  );
#3432 = PCURVE('',#190,#3433);
#3433 = DEFINITIONAL_REPRESENTATION('',(#3434),#3449);
#3434 = B_SPLINE_CURVE_WITH_KNOTS('',7,(#3435,#3436,#3437,#3438,#3439,
    #3440,#3441,#3442,#3443,#3444,#3445,#3446,#3447,#3448),
  .UNSPECIFIED.,.F.,.F.,(8,6,8),(0.,0.337557510224,1.),.UNSPECIFIED.);
#3435 = CARTESIAN_POINT('',(-1.498618287883,-163.4007910996));
#3436 = CARTESIAN_POINT('',(-1.48276297623,-163.3175255629));
#3437 = CARTESIAN_POINT('',(-1.467315160348,-163.2195106904));
#3438 = CARTESIAN_POINT('',(-1.452305482989,-163.1078341958));
#3439 = CARTESIAN_POINT('',(-1.437762349647,-162.9836186627));
#3440 = CARTESIAN_POINT('',(-1.423711764654,-162.8480276249));
#3441 = CARTESIAN_POINT('',(-1.410177167273,-162.7022716475));
#3442 = CARTESIAN_POINT('',(-1.371671433913,-162.2441060452));
#3443 = CARTESIAN_POINT('',(-1.348181685497,-161.9057366122));
#3444 = CARTESIAN_POINT('',(-1.326672457819,-161.539349325));
#3445 = CARTESIAN_POINT('',(-1.307094376557,-161.1502151841));
#3446 = CARTESIAN_POINT('',(-1.289395106717,-160.7423719332));
#3447 = CARTESIAN_POINT('',(-1.273526875644,-160.3188535495));
#3448 = CARTESIAN_POINT('',(-1.259453426862,-159.8818559363));
#3449 = ( GEOMETRIC_REPRESENTATION_CONTEXT(2) 
PARAMETRIC_REPRESENTATION_CONTEXT() REPRESENTATION_CONTEXT('2D SPACE',''
  ) );
#3450 = PCURVE('',#3451,#3456);
#3451 = CYLINDRICAL_SURFACE('',#3452,8.15);
#3452 = AXIS2_PLACEMENT_3D('',#3453,#3454,#3455);
#3453 = CARTESIAN_POINT('',(58.,78.3,259.9));
#3454 = DIRECTION('',(0.,1.,0.));
#3455 = DIRECTION('',(0.,-0.,1.));
#3456 = DEFINITIONAL_REPRESENTATION('',(#3457),#3472);
#3457 = B_SPLINE_CURVE_WITH_KNOTS('',7,(#3458,#3459,#3460,#3461,#3462,
    #3463,#3464,#3465,#3466,#3467,#3468,#3469,#3470,#3471),
  .UNSPECIFIED.,.F.,.F.,(8,6,8),(0.,0.337557510224,1.),.UNSPECIFIED.);
#3458 = CARTESIAN_POINT('',(0.247931022344,0.945842957084));
#3459 = CARTESIAN_POINT('',(0.289563790689,0.922059989604));
#3460 = CARTESIAN_POINT('',(0.330582867071,0.892803660921));
#3461 = CARTESIAN_POINT('',(0.370986168131,0.858692898919));
#3462 = CARTESIAN_POINT('',(0.410765402831,0.820393190145));
#3463 = CARTESIAN_POINT('',(0.449905370464,0.778596915195));
#3464 = CARTESIAN_POINT('',(0.48838325867,0.734003684118));
#3465 = CARTESIAN_POINT('',(0.600318800445,0.595647964279));
#3466 = CARTESIAN_POINT('',(0.671941674776,0.495694710027));
#3467 = CARTESIAN_POINT('',(0.741385788632,0.391833065773));
#3468 = CARTESIAN_POINT('',(0.808949495974,0.287703662333));
#3469 = CARTESIAN_POINT('',(0.874915142844,0.186206966999));
#3470 = CARTESIAN_POINT('',(0.939554829773,8.967280913803E-02));
#3471 = CARTESIAN_POINT('',(1.003147581674,-6.E-07));
#3472 = ( GEOMETRIC_REPRESENTATION_CONTEXT(2) 
PARAMETRIC_REPRESENTATION_CONTEXT() REPRESENTATION_CONTEXT('2D SPACE',''
  ) );
#3473 = ORIENTED_EDGE('',*,*,#3474,.T.);
#3474 = EDGE_CURVE('',#3414,#3475,#3477,.T.);
#3475 = VERTEX_POINT('',#3476);
#3476 = CARTESIAN_POINT('',(64.87181292883,78.3,248.09222633287));
#3477 = SURFACE_CURVE('',#3478,(#3482,#3488),.PCURVE_S1.);
#3478 = LINE('',#3479,#3480);
#3479 = CARTESIAN_POINT('',(64.87181292883,78.3,104.4));
#3480 = VECTOR('',#3481,1.);
#3481 = DIRECTION('',(-0.,-0.,-1.));
#3482 = PCURVE('',#190,#3483);
#3483 = DEFINITIONAL_REPRESENTATION('',(#3484),#3487);
#3484 = B_SPLINE_CURVE_WITH_KNOTS('',1,(#3485,#3486),.UNSPECIFIED.,.F.,
  .F.,(2,2),(-163.6000006,-0.9999994),.PIECEWISE_BEZIER_KNOTS.);
#3485 = CARTESIAN_POINT('',(-1.259453521027,-163.6000006));
#3486 = CARTESIAN_POINT('',(-1.259453521027,-0.9999994));
#3487 = ( GEOMETRIC_REPRESENTATION_CONTEXT(2) 
PARAMETRIC_REPRESENTATION_CONTEXT() REPRESENTATION_CONTEXT('2D SPACE',''
  ) );
#3488 = PCURVE('',#3489,#3494);
#3489 = PLANE('',#3490);
#3490 = AXIS2_PLACEMENT_3D('',#3491,#3492,#3493);
#3491 = CARTESIAN_POINT('',(-58.,78.3,17.95));
#3492 = DIRECTION('',(0.,1.,0.));
#3493 = DIRECTION('',(0.,0.,1.));
#3494 = DEFINITIONAL_REPRESENTATION('',(#3495),#3498);
#3495 = B_SPLINE_CURVE_WITH_KNOTS('',1,(#3496,#3497),.UNSPECIFIED.,.F.,
  .F.,(2,2),(-163.6000006,-0.9999994),.PIECEWISE_BEZIER_KNOTS.);
#3496 = CARTESIAN_POINT('',(250.0500006,122.87181292883));
#3497 = CARTESIAN_POINT('',(87.4499994,122.87181292883));
#3498 = ( GEOMETRIC_REPRESENTATION_CONTEXT(2) 
PARAMETRIC_REPRESENTATION_CONTEXT() REPRESENTATION_CONTEXT('2D SPACE',''
  ) );
#3499 = ORIENTED_EDGE('',*,*,#3500,.F.);
#3500 = EDGE_CURVE('',#3501,#3475,#3503,.T.);
#3501 = VERTEX_POINT('',#3502);
#3502 = CARTESIAN_POINT('',(64.87181292883,78.3,239.90777366712));
#3503 = SURFACE_CURVE('',#3504,(#3552,#3603),.PCURVE_S1.);
#3504 = B_SPLINE_CURVE_WITH_KNOTS('',6,(#3505,#3506,#3507,#3508,#3509,
    #3510,#3511,#3512,#3513,#3514,#3515,#3516,#3517,#3518,#3519,#3520,
    #3521,#3522,#3523,#3524,#3525,#3526,#3527,#3528,#3529,#3530,#3531,
    #3532,#3533,#3534,#3535,#3536,#3537,#3538,#3539,#3540,#3541,#3542,
    #3543,#3544,#3545,#3546,#3547,#3548,#3549,#3550,#3551),
  .UNSPECIFIED.,.F.,.F.,(7,5,5,5,5,5,5,5,5,7),(0.,0.104758697332,
    0.209396148655,0.313383804409,0.416049792308,0.549019820979,
    0.669669302841,0.777254189973,0.889763407457,1.),.UNSPECIFIED.);
#3505 = CARTESIAN_POINT('',(63.,78.80738781823,239.5));
#3506 = CARTESIAN_POINT('',(63.356856314461,78.728310517425,239.5));
#3507 = CARTESIAN_POINT('',(63.708431693686,78.642509043483,
    239.53395884876));
#3508 = CARTESIAN_POINT('',(64.04989686747,78.551351642432,
    239.59999343613));
#3509 = CARTESIAN_POINT('',(64.376799360195,78.456824885899,
    239.69511874696));
#3510 = CARTESIAN_POINT('',(64.685359495814,78.36133746815,
    239.81529601741));
#3511 = CARTESIAN_POINT('',(65.259648296607,78.173290054778,
    240.09539538081));
#3512 = CARTESIAN_POINT('',(65.526973039642,78.080220477275,
    240.25602543327));
#3513 = CARTESIAN_POINT('',(65.774238141261,77.989487371232,
    240.434062541));
#3514 = CARTESIAN_POINT('',(66.001411811176,77.902357384291,
    240.62680472884));
#3515 = CARTESIAN_POINT('',(66.208654198385,77.819879487185,
    240.83199552934));
#3516 = CARTESIAN_POINT('',(66.582567412356,77.666446936951,
    241.26213347773));
#3517 = CARTESIAN_POINT('',(66.749623353844,77.59536566032,
    241.48711225554));
#3518 = CARTESIAN_POINT('',(66.897561039522,77.530538015659,
    241.72087060055));
#3519 = CARTESIAN_POINT('',(67.026598414466,77.472665381725,
    241.96191386378));
#3520 = CARTESIAN_POINT('',(67.136918527434,77.422310751887,
    242.20897043951));
#3521 = CARTESIAN_POINT('',(67.319149588124,77.338061168867,
    242.70964616388));
#3522 = CARTESIAN_POINT('',(67.391518640938,77.303970813595,
    242.96310809616));
#3523 = CARTESIAN_POINT('',(67.445763432446,77.27809755259,
    243.22003073416));
#3524 = CARTESIAN_POINT('',(67.481917984671,77.260744805111,
    243.47923816328));
#3525 = CARTESIAN_POINT('',(67.5,77.252066552783,243.73960193001));
#3526 = CARTESIAN_POINT('',(67.5,77.252066552783,244.33726007552));
#3527 = CARTESIAN_POINT('',(67.469668127194,77.266624274688,
    244.67438744903));
#3528 = CARTESIAN_POINT('',(67.409049388941,77.295717923849,
    245.00900202053));
#3529 = CARTESIAN_POINT('',(67.31808164546,77.338925297289,
    245.33870128311));
#3530 = CARTESIAN_POINT('',(67.196633341283,77.395406450848,
    245.66090068584));
#3531 = CARTESIAN_POINT('',(66.906602445806,77.526085666708,
    246.25555214501));
#3532 = CARTESIAN_POINT('',(66.743426770424,77.598158765172,
    246.52985303487));
#3533 = CARTESIAN_POINT('',(66.554785835421,77.679284505932,
    246.79371445037));
#3534 = CARTESIAN_POINT('',(66.340252097033,77.768404620223,
    247.04489842231));
#3535 = CARTESIAN_POINT('',(66.099384886658,77.864168547563,
    247.28058565257));
#3536 = CARTESIAN_POINT('',(65.593458857177,78.054738174122,
    247.69027647322));
#3537 = CARTESIAN_POINT('',(65.333182259374,78.148774097433,
    247.86873119993));
#3538 = CARTESIAN_POINT('',(65.051475269984,78.245589655346,
    248.02918475439));
#3539 = CARTESIAN_POINT('',(64.749145818576,78.343490117405,
    248.16812670708));
#3540 = CARTESIAN_POINT('',(64.427530736463,78.440615741962,
    248.28183794455));
#3541 = CARTESIAN_POINT('',(63.734255149657,78.633999604283,
    248.45469096203));
#3542 = CARTESIAN_POINT('',(63.359957671388,78.730299105718,
    248.51135020743));
#3543 = CARTESIAN_POINT('',(62.973835792697,78.820262426846,
    248.52991493276));
#3544 = CARTESIAN_POINT('',(62.584963353133,78.90096786597,
    248.50760441734));
#3545 = CARTESIAN_POINT('',(62.202667666368,78.971169045968,
    248.44509825694));
#3546 = CARTESIAN_POINT('',(61.475381265777,79.089319491974,
    248.25022245324));
#3547 = CARTESIAN_POINT('',(61.132851029984,79.137193098432,
    248.12010838365));
#3548 = CARTESIAN_POINT('',(60.811483277218,79.175364230961,
    247.96045192205));
#3549 = CARTESIAN_POINT('',(60.514311646785,79.205209491042,
    247.77594295843));
#3550 = CARTESIAN_POINT('',(60.2434667112,79.228239427184,
    247.57186521285));
#3551 = CARTESIAN_POINT('',(60.,79.245842957084,247.35410196625));
#3552 = PCURVE('',#190,#3553);
#3553 = DEFINITIONAL_REPRESENTATION('',(#3554),#3602);
#3554 = B_SPLINE_CURVE_WITH_KNOTS('',6,(#3555,#3556,#3557,#3558,#3559,
    #3560,#3561,#3562,#3563,#3564,#3565,#3566,#3567,#3568,#3569,#3570,
    #3571,#3572,#3573,#3574,#3575,#3576,#3577,#3578,#3579,#3580,#3581,
    #3582,#3583,#3584,#3585,#3586,#3587,#3588,#3589,#3590,#3591,#3592,
    #3593,#3594,#3595,#3596,#3597,#3598,#3599,#3600,#3601),
  .UNSPECIFIED.,.F.,.F.,(7,5,5,5,5,5,5,5,5,7),(0.,0.104758697332,
    0.209396148655,0.313383804409,0.416049792308,0.549019820979,
    0.669669302841,0.777254189973,0.889763407457,1.),.UNSPECIFIED.);
#3555 = CARTESIAN_POINT('',(-1.352725898538,-135.1));
#3556 = CARTESIAN_POINT('',(-1.335153165025,-135.1));
#3557 = CARTESIAN_POINT('',(-1.317758365053,-135.1339588487));
#3558 = CARTESIAN_POINT('',(-1.300772674571,-135.1999934361));
#3559 = CARTESIAN_POINT('',(-1.284416838879,-135.2951187469));
#3560 = CARTESIAN_POINT('',(-1.268890191255,-135.4152960174));
#3561 = CARTESIAN_POINT('',(-1.23983766599,-135.6953953808));
#3562 = CARTESIAN_POINT('',(-1.226231237054,-135.8560254332));
#3563 = CARTESIAN_POINT('',(-1.213570767052,-136.034062541));
#3564 = CARTESIAN_POINT('',(-1.201874655835,-136.2268047288));
#3565 = CARTESIAN_POINT('',(-1.191151629374,-136.4319955293));
#3566 = CARTESIAN_POINT('',(-1.171720423972,-136.8621334777));
#3567 = CARTESIAN_POINT('',(-1.16299279979,-137.0871122555));
#3568 = CARTESIAN_POINT('',(-1.155228042701,-137.3208706005));
#3569 = CARTESIAN_POINT('',(-1.148429178631,-137.5619138637));
#3570 = CARTESIAN_POINT('',(-1.142599024641,-137.8089704395));
#3571 = CARTESIAN_POINT('',(-1.132946913085,-138.3096461638));
#3572 = CARTESIAN_POINT('',(-1.129101021162,-138.5631080961));
#3573 = CARTESIAN_POINT('',(-1.126211663146,-138.8200307341));
#3574 = CARTESIAN_POINT('',(-1.124283603029,-139.0792381632));
#3575 = CARTESIAN_POINT('',(-1.123319344984,-139.33960193));
#3576 = CARTESIAN_POINT('',(-1.123319344984,-139.9372600755));
#3577 = CARTESIAN_POINT('',(-1.12493686656,-140.274387449));
#3578 = CARTESIAN_POINT('',(-1.128169509548,-140.6090020205));
#3579 = CARTESIAN_POINT('',(-1.133011171526,-140.9387012831));
#3580 = CARTESIAN_POINT('',(-1.139450111506,-141.2609006858));
#3581 = CARTESIAN_POINT('',(-1.154743937503,-141.855552145));
#3582 = CARTESIAN_POINT('',(-1.163319852582,-142.1298530348));
#3583 = CARTESIAN_POINT('',(-1.173191474279,-142.3937144503));
#3584 = CARTESIAN_POINT('',(-1.184358553311,-142.6448984223));
#3585 = CARTESIAN_POINT('',(-1.196818319228,-142.8805856525));
#3586 = CARTESIAN_POINT('',(-1.222810018672,-143.2902764732));
#3587 = CARTESIAN_POINT('',(-1.236113745335,-143.4687311999));
#3588 = CARTESIAN_POINT('',(-1.250432084638,-143.6291847543));
#3589 = CARTESIAN_POINT('',(-1.265706034144,-143.768126707));
#3590 = CARTESIAN_POINT('',(-1.281854342281,-143.8818379445));
#3591 = CARTESIAN_POINT('',(-1.316457316735,-144.054690962));
#3592 = CARTESIAN_POINT('',(-1.335034663899,-144.1113502074));
#3593 = CARTESIAN_POINT('',(-1.354087492881,-144.1299149327));
#3594 = CARTESIAN_POINT('',(-1.373173673998,-144.1076044173));
#3595 = CARTESIAN_POINT('',(-1.391856672481,-144.0450982569));
#3596 = CARTESIAN_POINT('',(-1.427280754136,-143.8502224532));
#3597 = CARTESIAN_POINT('',(-1.443904521935,-143.7201083836));
#3598 = CARTESIAN_POINT('',(-1.459458961778,-143.560451922));
#3599 = CARTESIAN_POINT('',(-1.47381527269,-143.3759429584));
#3600 = CARTESIAN_POINT('',(-1.486882601283,-143.1718652128));
#3601 = CARTESIAN_POINT('',(-1.498618287883,-142.9541019662));
#3602 = ( GEOMETRIC_REPRESENTATION_CONTEXT(2) 
PARAMETRIC_REPRESENTATION_CONTEXT() REPRESENTATION_CONTEXT('2D SPACE',''
  ) );
#3603 = PCURVE('',#3604,#3609);
#3604 = CYLINDRICAL_SURFACE('',#3605,4.5);
#3605 = AXIS2_PLACEMENT_3D('',#3606,#3607,#3608);
#3606 = CARTESIAN_POINT('',(63.,79.3,244.));
#3607 = DIRECTION('',(0.,-1.,0.));
#3608 = DIRECTION('',(0.,-0.,-1.));
#3609 = DEFINITIONAL_REPRESENTATION('',(#3610),#3658);
#3610 = B_SPLINE_CURVE_WITH_KNOTS('',6,(#3611,#3612,#3613,#3614,#3615,
    #3616,#3617,#3618,#3619,#3620,#3621,#3622,#3623,#3624,#3625,#3626,
    #3627,#3628,#3629,#3630,#3631,#3632,#3633,#3634,#3635,#3636,#3637,
    #3638,#3639,#3640,#3641,#3642,#3643,#3644,#3645,#3646,#3647,#3648,
    #3649,#3650,#3651,#3652,#3653,#3654,#3655,#3656,#3657),
  .UNSPECIFIED.,.F.,.F.,(7,5,5,5,5,5,5,5,5,7),(0.,0.104758697332,
    0.209396148655,0.313383804409,0.416049792308,0.549019820979,
    0.669669302841,0.777254189973,0.889763407457,1.),.UNSPECIFIED.);
#3611 = CARTESIAN_POINT('',(0.,0.49261218177));
#3612 = CARTESIAN_POINT('',(7.930140321361E-02,0.571689482575));
#3613 = CARTESIAN_POINT('',(0.157429241321,0.657490956517));
#3614 = CARTESIAN_POINT('',(0.234208176075,0.748648357568));
#3615 = CARTESIAN_POINT('',(0.309413017783,0.843175114101));
#3616 = CARTESIAN_POINT('',(0.38274951594,0.93866253185));
#3617 = CARTESIAN_POINT('',(0.524739479085,1.126709945222));
#3618 = CARTESIAN_POINT('',(0.593780744259,1.219779522725));
#3619 = CARTESIAN_POINT('',(0.661153851077,1.310512628768));
#3620 = CARTESIAN_POINT('',(0.727060289626,1.397642615709));
#3621 = CARTESIAN_POINT('',(0.791687607603,1.480120512815));
#3622 = CARTESIAN_POINT('',(0.918340578837,1.633553063049));
#3623 = CARTESIAN_POINT('',(0.9804279631,1.70463433968));
#3624 = CARTESIAN_POINT('',(1.041652468824,1.769461984341));
#3625 = CARTESIAN_POINT('',(1.102175826196,1.827334618275));
#3626 = CARTESIAN_POINT('',(1.162150966637,1.877689248113));
#3627 = CARTESIAN_POINT('',(1.280552739324,1.961938831133));
#3628 = CARTESIAN_POINT('',(1.33898122201,1.996029186405));
#3629 = CARTESIAN_POINT('',(1.397121025738,2.02190244741));
#3630 = CARTESIAN_POINT('',(1.455071490098,2.039255194889));
#3631 = CARTESIAN_POINT('',(1.51293008902,2.047933447217));
#3632 = CARTESIAN_POINT('',(1.645743010244,2.047933447217));
#3633 = CARTESIAN_POINT('',(1.720660252469,2.033375725312));
#3634 = CARTESIAN_POINT('',(1.795776573143,2.004282076151));
#3635 = CARTESIAN_POINT('',(1.871313961041,1.961074702711));
#3636 = CARTESIAN_POINT('',(1.947498527304,1.904593549152));
#3637 = CARTESIAN_POINT('',(2.094523053388,1.773914333292));
#3638 = CARTESIAN_POINT('',(2.165205698507,1.701841234828));
#3639 = CARTESIAN_POINT('',(2.23689932511,1.620715494068));
#3640 = CARTESIAN_POINT('',(2.309881550549,1.531595379777));
#3641 = CARTESIAN_POINT('',(2.384439800442,1.435831452437));
#3642 = CARTESIAN_POINT('',(2.529107613346,1.245261825878));
#3643 = CARTESIAN_POINT('',(2.599013923966,1.151225902567));
#3644 = CARTESIAN_POINT('',(2.670674257986,1.054410344654));
#3645 = CARTESIAN_POINT('',(2.744173697106,0.956509882595));
#3646 = CARTESIAN_POINT('',(2.819633975973,0.859384258038));
#3647 = CARTESIAN_POINT('',(2.97841159123,0.666000395717));
#3648 = CARTESIAN_POINT('',(3.062163980773,0.569700894282));
#3649 = CARTESIAN_POINT('',(3.147381217328,0.479737573154));
#3650 = CARTESIAN_POINT('',(3.233223528907,0.39903213403));
#3651 = CARTESIAN_POINT('',(3.318878220709,0.328830954032));
#3652 = CARTESIAN_POINT('',(3.486198728902,0.210680508026));
#3653 = CARTESIAN_POINT('',(3.567206498208,0.162806901568));
#3654 = CARTESIAN_POINT('',(3.646392690874,0.124635769039));
#3655 = CARTESIAN_POINT('',(3.723637456563,9.479050895783E-02));
#3656 = CARTESIAN_POINT('',(3.79873256095,7.176057281597E-02));
#3657 = CARTESIAN_POINT('',(3.871320309817,5.41570429158E-02));
#3658 = ( GEOMETRIC_REPRESENTATION_CONTEXT(2) 
PARAMETRIC_REPRESENTATION_CONTEXT() REPRESENTATION_CONTEXT('2D SPACE',''
  ) );
#3659 = ORIENTED_EDGE('',*,*,#3660,.T.);
#3660 = EDGE_CURVE('',#3501,#3661,#3663,.T.);
#3661 = VERTEX_POINT('',#3662);
#3662 = CARTESIAN_POINT('',(64.87181292883,78.3,222.09222633287));
#3663 = SURFACE_CURVE('',#3664,(#3668,#3674),.PCURVE_S1.);
#3664 = LINE('',#3665,#3666);
#3665 = CARTESIAN_POINT('',(64.87181292883,78.3,104.4));
#3666 = VECTOR('',#3667,1.);
#3667 = DIRECTION('',(-0.,-0.,-1.));
#3668 = PCURVE('',#190,#3669);
#3669 = DEFINITIONAL_REPRESENTATION('',(#3670),#3673);
#3670 = B_SPLINE_CURVE_WITH_KNOTS('',1,(#3671,#3672),.UNSPECIFIED.,.F.,
  .F.,(2,2),(-163.6000006,-0.9999994),.PIECEWISE_BEZIER_KNOTS.);
#3671 = CARTESIAN_POINT('',(-1.259453521027,-163.6000006));
#3672 = CARTESIAN_POINT('',(-1.259453521027,-0.9999994));
#3673 = ( GEOMETRIC_REPRESENTATION_CONTEXT(2) 
PARAMETRIC_REPRESENTATION_CONTEXT() REPRESENTATION_CONTEXT('2D SPACE',''
  ) );
#3674 = PCURVE('',#3675,#3680);
#3675 = PLANE('',#3676);
#3676 = AXIS2_PLACEMENT_3D('',#3677,#3678,#3679);
#3677 = CARTESIAN_POINT('',(-58.,78.3,17.95));
#3678 = DIRECTION('',(0.,1.,0.));
#3679 = DIRECTION('',(0.,0.,1.));
#3680 = DEFINITIONAL_REPRESENTATION('',(#3681),#3684);
#3681 = B_SPLINE_CURVE_WITH_KNOTS('',1,(#3682,#3683),.UNSPECIFIED.,.F.,
  .F.,(2,2),(-163.6000006,-0.9999994),.PIECEWISE_BEZIER_KNOTS.);
#3682 = CARTESIAN_POINT('',(250.0500006,122.87181292883));
#3683 = CARTESIAN_POINT('',(87.4499994,122.87181292883));
#3684 = ( GEOMETRIC_REPRESENTATION_CONTEXT(2) 
PARAMETRIC_REPRESENTATION_CONTEXT() REPRESENTATION_CONTEXT('2D SPACE',''
  ) );
#3685 = ORIENTED_EDGE('',*,*,#3686,.F.);
#3686 = EDGE_CURVE('',#3687,#3661,#3689,.T.);
#3687 = VERTEX_POINT('',#3688);
#3688 = CARTESIAN_POINT('',(64.87181292883,78.3,213.90777366712));
#3689 = SURFACE_CURVE('',#3690,(#3738,#3789),.PCURVE_S1.);
#3690 = B_SPLINE_CURVE_WITH_KNOTS('',6,(#3691,#3692,#3693,#3694,#3695,
    #3696,#3697,#3698,#3699,#3700,#3701,#3702,#3703,#3704,#3705,#3706,
    #3707,#3708,#3709,#3710,#3711,#3712,#3713,#3714,#3715,#3716,#3717,
    #3718,#3719,#3720,#3721,#3722,#3723,#3724,#3725,#3726,#3727,#3728,
    #3729,#3730,#3731,#3732,#3733,#3734,#3735,#3736,#3737),
  .UNSPECIFIED.,.F.,.F.,(7,5,5,5,5,5,5,5,5,7),(0.,0.104758697192,
    0.209396148376,0.313383809436,0.416049794639,0.549019822816,
    0.669669304207,0.777254190911,0.889763407921,1.),.UNSPECIFIED.);
#3691 = CARTESIAN_POINT('',(63.,78.80738781823,213.5));
#3692 = CARTESIAN_POINT('',(63.356856314461,78.728310517425,213.5));
#3693 = CARTESIAN_POINT('',(63.708431693686,78.642509043483,
    213.53395884876));
#3694 = CARTESIAN_POINT('',(64.049896867469,78.551351642432,
    213.59999343613));
#3695 = CARTESIAN_POINT('',(64.376799360196,78.456824885899,
    213.69511874696));
#3696 = CARTESIAN_POINT('',(64.685359495814,78.36133746815,
    213.81529601741));
#3697 = CARTESIAN_POINT('',(65.259648296607,78.173290054778,
    214.09539538081));
#3698 = CARTESIAN_POINT('',(65.526973039642,78.080220477275,
    214.25602543327));
#3699 = CARTESIAN_POINT('',(65.774238141261,77.989487371232,
    214.434062541));
#3700 = CARTESIAN_POINT('',(66.001411811176,77.902357384291,
    214.62680472884));
#3701 = CARTESIAN_POINT('',(66.208654198385,77.819879487185,
    214.83199552934));
#3702 = CARTESIAN_POINT('',(66.582567422114,77.666446932947,
    215.26213348896));
#3703 = CARTESIAN_POINT('',(66.749623341563,77.595365665556,
    215.48711223607));
#3704 = CARTESIAN_POINT('',(66.897561037221,77.530538016488,
    215.72087060146));
#3705 = CARTESIAN_POINT('',(67.02659842566,77.472665376881,
    215.96191388369));
#3706 = CARTESIAN_POINT('',(67.136918522632,77.422310754107,
    216.20897042632));
#3707 = CARTESIAN_POINT('',(67.319149585869,77.338061169909,
    216.70964615768));
#3708 = CARTESIAN_POINT('',(67.391518642817,77.303970812722,
    216.96310810606));
#3709 = CARTESIAN_POINT('',(67.445763433555,77.278097552077,
    217.22003073435));
#3710 = CARTESIAN_POINT('',(67.481917983368,77.260744805717,
    217.4792381535));
#3711 = CARTESIAN_POINT('',(67.5,77.252066552783,217.73960193588));
#3712 = CARTESIAN_POINT('',(67.5,77.252066552783,218.33726007552));
#3713 = CARTESIAN_POINT('',(67.469668127194,77.266624274688,
    218.67438744903));
#3714 = CARTESIAN_POINT('',(67.409049388941,77.295717923849,
    219.00900202053));
#3715 = CARTESIAN_POINT('',(67.31808164546,77.338925297289,
    219.33870128311));
#3716 = CARTESIAN_POINT('',(67.196633341283,77.395406450848,
    219.66090068584));
#3717 = CARTESIAN_POINT('',(66.906602445833,77.526085666696,
    220.25555214495));
#3718 = CARTESIAN_POINT('',(66.743426770392,77.598158765189,
    220.52985303497));
#3719 = CARTESIAN_POINT('',(66.554785835384,77.679284505943,
    220.79371445035));
#3720 = CARTESIAN_POINT('',(66.340252097126,77.768404620189,
    221.04489842225));
#3721 = CARTESIAN_POINT('',(66.099384886607,77.864168547582,
    221.28058565261));
#3722 = CARTESIAN_POINT('',(65.593458857239,78.054738174098,
    221.69027647317));
#3723 = CARTESIAN_POINT('',(65.33318225936,78.14877409744,
    221.86873119996));
#3724 = CARTESIAN_POINT('',(65.051475269913,78.24558965537,
    222.02918475443));
#3725 = CARTESIAN_POINT('',(64.749145818553,78.343490117408,
    222.16812670707));
#3726 = CARTESIAN_POINT('',(64.42753073654,78.44061574194,
    222.28183794453));
#3727 = CARTESIAN_POINT('',(63.734255149657,78.633999604283,
    222.45469096203));
#3728 = CARTESIAN_POINT('',(63.359957671388,78.730299105718,
    222.51135020743));
#3729 = CARTESIAN_POINT('',(62.973835792697,78.820262426846,
    222.52991493276));
#3730 = CARTESIAN_POINT('',(62.584963353132,78.900967865971,
    222.50760441734));
#3731 = CARTESIAN_POINT('',(62.202667666368,78.971169045968,
    222.44509825694));
#3732 = CARTESIAN_POINT('',(61.475381265776,79.089319491974,
    222.25022245324));
#3733 = CARTESIAN_POINT('',(61.132851029984,79.137193098432,
    222.12010838365));
#3734 = CARTESIAN_POINT('',(60.811483277219,79.175364230961,
    221.96045192205));
#3735 = CARTESIAN_POINT('',(60.514311646785,79.205209491042,
    221.77594295843));
#3736 = CARTESIAN_POINT('',(60.2434667112,79.228239427184,
    221.57186521285));
#3737 = CARTESIAN_POINT('',(60.,79.245842957084,221.35410196625));
#3738 = PCURVE('',#190,#3739);
#3739 = DEFINITIONAL_REPRESENTATION('',(#3740),#3788);
#3740 = B_SPLINE_CURVE_WITH_KNOTS('',6,(#3741,#3742,#3743,#3744,#3745,
    #3746,#3747,#3748,#3749,#3750,#3751,#3752,#3753,#3754,#3755,#3756,
    #3757,#3758,#3759,#3760,#3761,#3762,#3763,#3764,#3765,#3766,#3767,
    #3768,#3769,#3770,#3771,#3772,#3773,#3774,#3775,#3776,#3777,#3778,
    #3779,#3780,#3781,#3782,#3783,#3784,#3785,#3786,#3787),
  .UNSPECIFIED.,.F.,.F.,(7,5,5,5,5,5,5,5,5,7),(0.,0.104758697192,
    0.209396148376,0.313383809436,0.416049794639,0.549019822816,
    0.669669304207,0.777254190911,0.889763407921,1.),.UNSPECIFIED.);
#3741 = CARTESIAN_POINT('',(-1.352725898538,-109.1));
#3742 = CARTESIAN_POINT('',(-1.335153165025,-109.1));
#3743 = CARTESIAN_POINT('',(-1.317758365053,-109.1339588487));
#3744 = CARTESIAN_POINT('',(-1.300772674571,-109.1999934361));
#3745 = CARTESIAN_POINT('',(-1.284416838879,-109.2951187469));
#3746 = CARTESIAN_POINT('',(-1.268890191255,-109.4152960174));
#3747 = CARTESIAN_POINT('',(-1.23983766599,-109.6953953808));
#3748 = CARTESIAN_POINT('',(-1.226231237054,-109.8560254332));
#3749 = CARTESIAN_POINT('',(-1.213570767052,-110.034062541));
#3750 = CARTESIAN_POINT('',(-1.201874655835,-110.2268047288));
#3751 = CARTESIAN_POINT('',(-1.191151629374,-110.4319955293));
#3752 = CARTESIAN_POINT('',(-1.171720423465,-110.8621334889));
#3753 = CARTESIAN_POINT('',(-1.162992800432,-111.087112236));
#3754 = CARTESIAN_POINT('',(-1.155228042818,-111.3208706014));
#3755 = CARTESIAN_POINT('',(-1.148429178044,-111.5619138836));
#3756 = CARTESIAN_POINT('',(-1.142599024896,-111.8089704263));
#3757 = CARTESIAN_POINT('',(-1.132946913205,-112.3096461576));
#3758 = CARTESIAN_POINT('',(-1.129101021062,-112.563108106));
#3759 = CARTESIAN_POINT('',(-1.126211663088,-112.8200307343));
#3760 = CARTESIAN_POINT('',(-1.124283603098,-113.0792381535));
#3761 = CARTESIAN_POINT('',(-1.123319344984,-113.3396019358));
#3762 = CARTESIAN_POINT('',(-1.123319344984,-113.9372600755));
#3763 = CARTESIAN_POINT('',(-1.12493686656,-114.274387449));
#3764 = CARTESIAN_POINT('',(-1.128169509548,-114.6090020205));
#3765 = CARTESIAN_POINT('',(-1.133011171526,-114.9387012831));
#3766 = CARTESIAN_POINT('',(-1.139450111506,-115.2609006858));
#3767 = CARTESIAN_POINT('',(-1.154743937501,-115.8555521449));
#3768 = CARTESIAN_POINT('',(-1.163319852584,-116.1298530349));
#3769 = CARTESIAN_POINT('',(-1.173191474281,-116.3937144503));
#3770 = CARTESIAN_POINT('',(-1.184358553307,-116.6448984222));
#3771 = CARTESIAN_POINT('',(-1.196818319231,-116.8805856526));
#3772 = CARTESIAN_POINT('',(-1.222810018669,-117.2902764731));
#3773 = CARTESIAN_POINT('',(-1.236113745336,-117.4687311999));
#3774 = CARTESIAN_POINT('',(-1.250432084642,-117.6291847544));
#3775 = CARTESIAN_POINT('',(-1.265706034145,-117.768126707));
#3776 = CARTESIAN_POINT('',(-1.281854342277,-117.8818379445));
#3777 = CARTESIAN_POINT('',(-1.316457316735,-118.054690962));
#3778 = CARTESIAN_POINT('',(-1.335034663899,-118.1113502074));
#3779 = CARTESIAN_POINT('',(-1.354087492881,-118.1299149327));
#3780 = CARTESIAN_POINT('',(-1.373173673998,-118.1076044173));
#3781 = CARTESIAN_POINT('',(-1.391856672481,-118.0450982569));
#3782 = CARTESIAN_POINT('',(-1.427280754136,-117.8502224532));
#3783 = CARTESIAN_POINT('',(-1.443904521935,-117.7201083836));
#3784 = CARTESIAN_POINT('',(-1.459458961778,-117.560451922));
#3785 = CARTESIAN_POINT('',(-1.47381527269,-117.3759429584));
#3786 = CARTESIAN_POINT('',(-1.486882601283,-117.1718652128));
#3787 = CARTESIAN_POINT('',(-1.498618287883,-116.9541019662));
#3788 = ( GEOMETRIC_REPRESENTATION_CONTEXT(2) 
PARAMETRIC_REPRESENTATION_CONTEXT() REPRESENTATION_CONTEXT('2D SPACE',''
  ) );
#3789 = PCURVE('',#3790,#3795);
#3790 = CYLINDRICAL_SURFACE('',#3791,4.5);
#3791 = AXIS2_PLACEMENT_3D('',#3792,#3793,#3794);
#3792 = CARTESIAN_POINT('',(63.,79.3,218.));
#3793 = DIRECTION('',(0.,-1.,0.));
#3794 = DIRECTION('',(0.,-0.,-1.));
#3795 = DEFINITIONAL_REPRESENTATION('',(#3796),#3844);
#3796 = B_SPLINE_CURVE_WITH_KNOTS('',6,(#3797,#3798,#3799,#3800,#3801,
    #3802,#3803,#3804,#3805,#3806,#3807,#3808,#3809,#3810,#3811,#3812,
    #3813,#3814,#3815,#3816,#3817,#3818,#3819,#3820,#3821,#3822,#3823,
    #3824,#3825,#3826,#3827,#3828,#3829,#3830,#3831,#3832,#3833,#3834,
    #3835,#3836,#3837,#3838,#3839,#3840,#3841,#3842,#3843),
  .UNSPECIFIED.,.F.,.F.,(7,5,5,5,5,5,5,5,5,7),(0.,0.104758697192,
    0.209396148376,0.313383809436,0.416049794639,0.549019822816,
    0.669669304207,0.777254190911,0.889763407921,1.),.UNSPECIFIED.);
#3797 = CARTESIAN_POINT('',(0.,0.49261218177));
#3798 = CARTESIAN_POINT('',(7.930140321358E-02,0.571689482575));
#3799 = CARTESIAN_POINT('',(0.157429241321,0.657490956517));
#3800 = CARTESIAN_POINT('',(0.234208176075,0.748648357568));
#3801 = CARTESIAN_POINT('',(0.309413017783,0.843175114101));
#3802 = CARTESIAN_POINT('',(0.382749515939,0.93866253185));
#3803 = CARTESIAN_POINT('',(0.524739479085,1.126709945222));
#3804 = CARTESIAN_POINT('',(0.593780744259,1.219779522725));
#3805 = CARTESIAN_POINT('',(0.661153851077,1.310512628768));
#3806 = CARTESIAN_POINT('',(0.727060289626,1.397642615709));
#3807 = CARTESIAN_POINT('',(0.791687607603,1.480120512815));
#3808 = CARTESIAN_POINT('',(0.918340582143,1.633553067053));
#3809 = CARTESIAN_POINT('',(0.980427957913,1.704634334444));
#3810 = CARTESIAN_POINT('',(1.041652468738,1.769461983512));
#3811 = CARTESIAN_POINT('',(1.102175831343,1.827334623119));
#3812 = CARTESIAN_POINT('',(1.162150963516,1.877689245893));
#3813 = CARTESIAN_POINT('',(1.280552737859,1.961938830091));
#3814 = CARTESIAN_POINT('',(1.33898122428,1.996029187278));
#3815 = CARTESIAN_POINT('',(1.397121025824,2.021902447923));
#3816 = CARTESIAN_POINT('',(1.455071487879,2.039255194283));
#3817 = CARTESIAN_POINT('',(1.512930090324,2.047933447217));
#3818 = CARTESIAN_POINT('',(1.645743010244,2.047933447217));
#3819 = CARTESIAN_POINT('',(1.720660252469,2.033375725312));
#3820 = CARTESIAN_POINT('',(1.795776573143,2.004282076151));
#3821 = CARTESIAN_POINT('',(1.871313961041,1.961074702711));
#3822 = CARTESIAN_POINT('',(1.947498527304,1.904593549152));
#3823 = CARTESIAN_POINT('',(2.094523053375,1.773914333304));
#3824 = CARTESIAN_POINT('',(2.165205698528,1.701841234811));
#3825 = CARTESIAN_POINT('',(2.236899325112,1.620715494057));
#3826 = CARTESIAN_POINT('',(2.309881550525,1.531595379811));
#3827 = CARTESIAN_POINT('',(2.384439800457,1.435831452418));
#3828 = CARTESIAN_POINT('',(2.529107613329,1.245261825902));
#3829 = CARTESIAN_POINT('',(2.599013923972,1.15122590256));
#3830 = CARTESIAN_POINT('',(2.670674258003,1.05441034463));
#3831 = CARTESIAN_POINT('',(2.744173697111,0.956509882592));
#3832 = CARTESIAN_POINT('',(2.819633975955,0.85938425806));
#3833 = CARTESIAN_POINT('',(2.97841159123,0.666000395717));
#3834 = CARTESIAN_POINT('',(3.062163980773,0.569700894282));
#3835 = CARTESIAN_POINT('',(3.147381217328,0.479737573154));
#3836 = CARTESIAN_POINT('',(3.233223528907,0.399032134029));
#3837 = CARTESIAN_POINT('',(3.318878220709,0.328830954032));
#3838 = CARTESIAN_POINT('',(3.486198728902,0.210680508026));
#3839 = CARTESIAN_POINT('',(3.567206498208,0.162806901568));
#3840 = CARTESIAN_POINT('',(3.646392690874,0.124635769039));
#3841 = CARTESIAN_POINT('',(3.723637456563,9.47905089578E-02));
#3842 = CARTESIAN_POINT('',(3.79873256095,7.176057281597E-02));
#3843 = CARTESIAN_POINT('',(3.871320309817,5.41570429158E-02));
#3844 = ( GEOMETRIC_REPRESENTATION_CONTEXT(2) 
PARAMETRIC_REPRESENTATION_CONTEXT() REPRESENTATION_CONTEXT('2D SPACE',''
  ) );
#3845 = ORIENTED_EDGE('',*,*,#3846,.T.);
#3846 = EDGE_CURVE('',#3687,#3847,#3849,.T.);
#3847 = VERTEX_POINT('',#3848);
#3848 = CARTESIAN_POINT('',(64.87181292883,78.3,105.4));
#3849 = SURFACE_CURVE('',#3850,(#3854,#3860),.PCURVE_S1.);
#3850 = LINE('',#3851,#3852);
#3851 = CARTESIAN_POINT('',(64.87181292883,78.3,104.4));
#3852 = VECTOR('',#3853,1.);
#3853 = DIRECTION('',(-0.,-0.,-1.));
#3854 = PCURVE('',#190,#3855);
#3855 = DEFINITIONAL_REPRESENTATION('',(#3856),#3859);
#3856 = B_SPLINE_CURVE_WITH_KNOTS('',1,(#3857,#3858),.UNSPECIFIED.,.F.,
  .F.,(2,2),(-163.6000006,-0.9999994),.PIECEWISE_BEZIER_KNOTS.);
#3857 = CARTESIAN_POINT('',(-1.259453521027,-163.6000006));
#3858 = CARTESIAN_POINT('',(-1.259453521027,-0.9999994));
#3859 = ( GEOMETRIC_REPRESENTATION_CONTEXT(2) 
PARAMETRIC_REPRESENTATION_CONTEXT() REPRESENTATION_CONTEXT('2D SPACE',''
  ) );
#3860 = PCURVE('',#3861,#3866);
#3861 = PLANE('',#3862);
#3862 = AXIS2_PLACEMENT_3D('',#3863,#3864,#3865);
#3863 = CARTESIAN_POINT('',(-58.,78.3,17.95));
#3864 = DIRECTION('',(0.,1.,0.));
#3865 = DIRECTION('',(0.,0.,1.));
#3866 = DEFINITIONAL_REPRESENTATION('',(#3867),#3870);
#3867 = B_SPLINE_CURVE_WITH_KNOTS('',1,(#3868,#3869),.UNSPECIFIED.,.F.,
  .F.,(2,2),(-163.6000006,-0.9999994),.PIECEWISE_BEZIER_KNOTS.);
#3868 = CARTESIAN_POINT('',(250.0500006,122.87181292883));
#3869 = CARTESIAN_POINT('',(87.4499994,122.87181292883));
#3870 = ( GEOMETRIC_REPRESENTATION_CONTEXT(2) 
PARAMETRIC_REPRESENTATION_CONTEXT() REPRESENTATION_CONTEXT('2D SPACE',''
  ) );
#3871 = ORIENTED_EDGE('',*,*,#3872,.T.);
#3872 = EDGE_CURVE('',#3847,#3873,#3875,.T.);
#3873 = VERTEX_POINT('',#3874);
#3874 = CARTESIAN_POINT('',(77.900773180469,66.,105.4));
#3875 = SURFACE_CURVE('',#3876,(#3881,#3888),.PCURVE_S1.);
#3876 = CIRCLE('',#3877,20.8);
#3877 = AXIS2_PLACEMENT_3D('',#3878,#3879,#3880);
#3878 = CARTESIAN_POINT('',(58.5,58.5,105.4));
#3879 = DIRECTION('',(0.,0.,-1.));
#3880 = DIRECTION('',(1.,0.,0.));
#3881 = PCURVE('',#190,#3882);
#3882 = DEFINITIONAL_REPRESENTATION('',(#3883),#3887);
#3883 = LINE('',#3884,#3885);
#3884 = CARTESIAN_POINT('',(-6.28318530718,-1.));
#3885 = VECTOR('',#3886,1.);
#3886 = DIRECTION('',(1.,-0.));
#3887 = ( GEOMETRIC_REPRESENTATION_CONTEXT(2) 
PARAMETRIC_REPRESENTATION_CONTEXT() REPRESENTATION_CONTEXT('2D SPACE',''
  ) );
#3888 = PCURVE('',#2104,#3889);
#3889 = DEFINITIONAL_REPRESENTATION('',(#3890),#3898);
#3890 = ( BOUNDED_CURVE() B_SPLINE_CURVE(2,(#3891,#3892,#3893,#3894,
#3895,#3896,#3897),.UNSPECIFIED.,.T.,.F.) B_SPLINE_CURVE_WITH_KNOTS((1,2
    ,2,2,2,1),(-2.094395102393,0.,2.094395102393,4.188790204786,
6.28318530718,8.377580409573),.UNSPECIFIED.) CURVE() 
GEOMETRIC_REPRESENTATION_ITEM() RATIONAL_B_SPLINE_CURVE((1.,0.5,1.,0.5,
1.,0.5,1.)) REPRESENTATION_ITEM('') );
#3891 = CARTESIAN_POINT('',(137.8,117.));
#3892 = CARTESIAN_POINT('',(137.8,80.973343202567));
#3893 = CARTESIAN_POINT('',(106.6,98.986671601284));
#3894 = CARTESIAN_POINT('',(75.4,117.));
#3895 = CARTESIAN_POINT('',(106.6,135.01332839871));
#3896 = CARTESIAN_POINT('',(137.8,153.02665679743));
#3897 = CARTESIAN_POINT('',(137.8,117.));
#3898 = ( GEOMETRIC_REPRESENTATION_CONTEXT(2) 
PARAMETRIC_REPRESENTATION_CONTEXT() REPRESENTATION_CONTEXT('2D SPACE',''
  ) );
#3899 = ORIENTED_EDGE('',*,*,#3900,.F.);
#3900 = EDGE_CURVE('',#3901,#3873,#3903,.T.);
#3901 = VERTEX_POINT('',#3902);
#3902 = CARTESIAN_POINT('',(77.900773180469,66.,117.4));
#3903 = SURFACE_CURVE('',#3904,(#3908,#3914),.PCURVE_S1.);
#3904 = LINE('',#3905,#3906);
#3905 = CARTESIAN_POINT('',(77.900773180469,66.,104.4));
#3906 = VECTOR('',#3907,1.);
#3907 = DIRECTION('',(-0.,-0.,-1.));
#3908 = PCURVE('',#190,#3909);
#3909 = DEFINITIONAL_REPRESENTATION('',(#3910),#3913);
#3910 = B_SPLINE_CURVE_WITH_KNOTS('',1,(#3911,#3912),.UNSPECIFIED.,.F.,
  .F.,(2,2),(-14.2,-0.9999994),.PIECEWISE_BEZIER_KNOTS.);
#3911 = CARTESIAN_POINT('',(-0.368886351594,-14.2));
#3912 = CARTESIAN_POINT('',(-0.368886351594,-0.9999994));
#3913 = ( GEOMETRIC_REPRESENTATION_CONTEXT(2) 
PARAMETRIC_REPRESENTATION_CONTEXT() REPRESENTATION_CONTEXT('2D SPACE',''
  ) );
#3914 = PCURVE('',#3915,#3920);
#3915 = PLANE('',#3916);
#3916 = AXIS2_PLACEMENT_3D('',#3917,#3918,#3919);
#3917 = CARTESIAN_POINT('',(77.5,66.,105.4));
#3918 = DIRECTION('',(0.,1.,0.));
#3919 = DIRECTION('',(0.,0.,1.));
#3920 = DEFINITIONAL_REPRESENTATION('',(#3921),#3924);
#3921 = B_SPLINE_CURVE_WITH_KNOTS('',1,(#3922,#3923),.UNSPECIFIED.,.F.,
  .F.,(2,2),(-14.2,-0.9999994),.PIECEWISE_BEZIER_KNOTS.);
#3922 = CARTESIAN_POINT('',(13.2,0.400773180469));
#3923 = CARTESIAN_POINT('',(-6.000000070117E-07,0.400773180469));
#3924 = ( GEOMETRIC_REPRESENTATION_CONTEXT(2) 
PARAMETRIC_REPRESENTATION_CONTEXT() REPRESENTATION_CONTEXT('2D SPACE',''
  ) );
#3925 = ORIENTED_EDGE('',*,*,#3926,.T.);
#3926 = EDGE_CURVE('',#3901,#3927,#3929,.T.);
#3927 = VERTEX_POINT('',#3928);
#3928 = CARTESIAN_POINT('',(79.3,58.5,117.4));
#3929 = SURFACE_CURVE('',#3930,(#3935,#3942),.PCURVE_S1.);
#3930 = CIRCLE('',#3931,20.8);
#3931 = AXIS2_PLACEMENT_3D('',#3932,#3933,#3934);
#3932 = CARTESIAN_POINT('',(58.5,58.5,117.4));
#3933 = DIRECTION('',(0.,0.,-1.));
#3934 = DIRECTION('',(1.,0.,0.));
#3935 = PCURVE('',#190,#3936);
#3936 = DEFINITIONAL_REPRESENTATION('',(#3937),#3941);
#3937 = LINE('',#3938,#3939);
#3938 = CARTESIAN_POINT('',(-6.28318530718,-13.));
#3939 = VECTOR('',#3940,1.);
#3940 = DIRECTION('',(1.,-0.));
#3941 = ( GEOMETRIC_REPRESENTATION_CONTEXT(2) 
PARAMETRIC_REPRESENTATION_CONTEXT() REPRESENTATION_CONTEXT('2D SPACE',''
  ) );
#3942 = PCURVE('',#3943,#3948);
#3943 = PLANE('',#3944);
#3944 = AXIS2_PLACEMENT_3D('',#3945,#3946,#3947);
#3945 = CARTESIAN_POINT('',(77.5,-66.,117.4));
#3946 = DIRECTION('',(0.,0.,1.));
#3947 = DIRECTION('',(1.,0.,0.));
#3948 = DEFINITIONAL_REPRESENTATION('',(#3949),#3957);
#3949 = ( BOUNDED_CURVE() B_SPLINE_CURVE(2,(#3950,#3951,#3952,#3953,
#3954,#3955,#3956),.UNSPECIFIED.,.T.,.F.) B_SPLINE_CURVE_WITH_KNOTS((1,2
    ,2,2,2,1),(-2.094395102393,0.,2.094395102393,4.188790204786,
6.28318530718,8.377580409573),.UNSPECIFIED.) CURVE() 
GEOMETRIC_REPRESENTATION_ITEM() RATIONAL_B_SPLINE_CURVE((1.,0.5,1.,0.5,
1.,0.5,1.)) REPRESENTATION_ITEM('') );
#3950 = CARTESIAN_POINT('',(1.8,124.5));
#3951 = CARTESIAN_POINT('',(1.8,88.473343202567));
#3952 = CARTESIAN_POINT('',(-29.4,106.48667160128));
#3953 = CARTESIAN_POINT('',(-60.6,124.5));
#3954 = CARTESIAN_POINT('',(-29.4,142.51332839871));
#3955 = CARTESIAN_POINT('',(1.8,160.52665679743));
#3956 = CARTESIAN_POINT('',(1.8,124.5));
#3957 = ( GEOMETRIC_REPRESENTATION_CONTEXT(2) 
PARAMETRIC_REPRESENTATION_CONTEXT() REPRESENTATION_CONTEXT('2D SPACE',''
  ) );
#3958 = ORIENTED_EDGE('',*,*,#3959,.T.);
#3959 = EDGE_CURVE('',#3927,#1728,#3960,.T.);
#3960 = SURFACE_CURVE('',#3961,(#3965,#3972),.PCURVE_S1.);
#3961 = LINE('',#3962,#3963);
#3962 = CARTESIAN_POINT('',(79.3,58.5,104.4));
#3963 = VECTOR('',#3964,1.);
#3964 = DIRECTION('',(0.,0.,1.));
#3965 = PCURVE('',#190,#3966);
#3966 = DEFINITIONAL_REPRESENTATION('',(#3967),#3971);
#3967 = LINE('',#3968,#3969);
#3968 = CARTESIAN_POINT('',(-0.,0.));
#3969 = VECTOR('',#3970,1.);
#3970 = DIRECTION('',(-0.,-1.));
#3971 = ( GEOMETRIC_REPRESENTATION_CONTEXT(2) 
PARAMETRIC_REPRESENTATION_CONTEXT() REPRESENTATION_CONTEXT('2D SPACE',''
  ) );
#3972 = PCURVE('',#1771,#3973);
#3973 = DEFINITIONAL_REPRESENTATION('',(#3974),#3978);
#3974 = LINE('',#3975,#3976);
#3975 = CARTESIAN_POINT('',(0.,-117.));
#3976 = VECTOR('',#3977,1.);
#3977 = DIRECTION('',(1.,0.));
#3978 = ( GEOMETRIC_REPRESENTATION_CONTEXT(2) 
PARAMETRIC_REPRESENTATION_CONTEXT() REPRESENTATION_CONTEXT('2D SPACE',''
  ) );
#3979 = ORIENTED_EDGE('',*,*,#1727,.F.);
#3980 = ORIENTED_EDGE('',*,*,#3981,.T.);
#3981 = EDGE_CURVE('',#1700,#3982,#3984,.T.);
#3982 = VERTEX_POINT('',#3983);
#3983 = CARTESIAN_POINT('',(79.245842957084,60.,264.));
#3984 = SURFACE_CURVE('',#3985,(#3989,#3995),.PCURVE_S1.);
#3985 = LINE('',#3986,#3987);
#3986 = CARTESIAN_POINT('',(79.245842957084,60.,104.4));
#3987 = VECTOR('',#3988,1.);
#3988 = DIRECTION('',(-0.,-0.,-1.));
#3989 = PCURVE('',#190,#3990);
#3990 = DEFINITIONAL_REPRESENTATION('',(#3991),#3994);
#3991 = B_SPLINE_CURVE_WITH_KNOTS('',1,(#3992,#3993),.UNSPECIFIED.,.F.,
  .F.,(2,2),(-163.6000006,-159.2),.PIECEWISE_BEZIER_KNOTS.);
#3992 = CARTESIAN_POINT('',(-7.217803891167E-02,-163.6000006));
#3993 = CARTESIAN_POINT('',(-7.217803891167E-02,-159.2));
#3994 = ( GEOMETRIC_REPRESENTATION_CONTEXT(2) 
PARAMETRIC_REPRESENTATION_CONTEXT() REPRESENTATION_CONTEXT('2D SPACE',''
  ) );
#3995 = PCURVE('',#1715,#3996);
#3996 = DEFINITIONAL_REPRESENTATION('',(#3997),#4000);
#3997 = B_SPLINE_CURVE_WITH_KNOTS('',1,(#3998,#3999),.UNSPECIFIED.,.F.,
  .F.,(2,2),(-163.6000006,-159.2),.PIECEWISE_BEZIER_KNOTS.);
#3998 = CARTESIAN_POINT('',(4.0000006,159.74584295708));
#3999 = CARTESIAN_POINT('',(-0.4,159.74584295708));
#4000 = ( GEOMETRIC_REPRESENTATION_CONTEXT(2) 
PARAMETRIC_REPRESENTATION_CONTEXT() REPRESENTATION_CONTEXT('2D SPACE',''
  ) );
#4001 = ORIENTED_EDGE('',*,*,#4002,.F.);
#4002 = EDGE_CURVE('',#3345,#3982,#4003,.T.);
#4003 = SURFACE_CURVE('',#4004,(#4009,#4016),.PCURVE_S1.);
#4004 = CIRCLE('',#4005,20.8);
#4005 = AXIS2_PLACEMENT_3D('',#4006,#4007,#4008);
#4006 = CARTESIAN_POINT('',(58.5,58.5,264.));
#4007 = DIRECTION('',(0.,0.,-1.));
#4008 = DIRECTION('',(1.,0.,0.));
#4009 = PCURVE('',#190,#4010);
#4010 = DEFINITIONAL_REPRESENTATION('',(#4011),#4015);
#4011 = LINE('',#4012,#4013);
#4012 = CARTESIAN_POINT('',(-6.28318530718,-159.6));
#4013 = VECTOR('',#4014,1.);
#4014 = DIRECTION('',(1.,-0.));
#4015 = ( GEOMETRIC_REPRESENTATION_CONTEXT(2) 
PARAMETRIC_REPRESENTATION_CONTEXT() REPRESENTATION_CONTEXT('2D SPACE',''
  ) );
#4016 = PCURVE('',#3185,#4017);
#4017 = DEFINITIONAL_REPRESENTATION('',(#4018),#4026);
#4018 = ( BOUNDED_CURVE() B_SPLINE_CURVE(2,(#4019,#4020,#4021,#4022,
#4023,#4024,#4025),.UNSPECIFIED.,.T.,.F.) B_SPLINE_CURVE_WITH_KNOTS((1,2
    ,2,2,2,1),(-2.094395102393,0.,2.094395102393,4.188790204786,
6.28318530718,8.377580409573),.UNSPECIFIED.) CURVE() 
GEOMETRIC_REPRESENTATION_ITEM() RATIONAL_B_SPLINE_CURVE((1.,0.5,1.,0.5,
1.,0.5,1.)) REPRESENTATION_ITEM('') );
#4019 = CARTESIAN_POINT('',(159.8,-1.5));
#4020 = CARTESIAN_POINT('',(159.8,-37.52665679743));
#4021 = CARTESIAN_POINT('',(128.6,-19.51332839871));
#4022 = CARTESIAN_POINT('',(97.4,-1.5));
#4023 = CARTESIAN_POINT('',(128.6,16.513328398716));
#4024 = CARTESIAN_POINT('',(159.8,34.526656797433));
#4025 = CARTESIAN_POINT('',(159.8,-1.5));
#4026 = ( GEOMETRIC_REPRESENTATION_CONTEXT(2) 
PARAMETRIC_REPRESENTATION_CONTEXT() REPRESENTATION_CONTEXT('2D SPACE',''
  ) );
#4027 = ORIENTED_EDGE('',*,*,#3369,.F.);
#4028 = FACE_BOUND('',#4029,.T.);
#4029 = EDGE_LOOP('',(#4030,#4060,#4086,#4119));
#4030 = ORIENTED_EDGE('',*,*,#4031,.T.);
#4031 = EDGE_CURVE('',#4032,#4034,#4036,.T.);
#4032 = VERTEX_POINT('',#4033);
#4033 = CARTESIAN_POINT('',(71.357585309847,74.85,151.));
#4034 = VERTEX_POINT('',#4035);
#4035 = CARTESIAN_POINT('',(75.55,70.413752557444,151.));
#4036 = SURFACE_CURVE('',#4037,(#4042,#4049),.PCURVE_S1.);
#4037 = CIRCLE('',#4038,20.8);
#4038 = AXIS2_PLACEMENT_3D('',#4039,#4040,#4041);
#4039 = CARTESIAN_POINT('',(58.5,58.5,151.));
#4040 = DIRECTION('',(0.,0.,-1.));
#4041 = DIRECTION('',(1.,0.,0.));
#4042 = PCURVE('',#190,#4043);
#4043 = DEFINITIONAL_REPRESENTATION('',(#4044),#4048);
#4044 = LINE('',#4045,#4046);
#4045 = CARTESIAN_POINT('',(-6.28318530718,-46.6));
#4046 = VECTOR('',#4047,1.);
#4047 = DIRECTION('',(1.,-0.));
#4048 = ( GEOMETRIC_REPRESENTATION_CONTEXT(2) 
PARAMETRIC_REPRESENTATION_CONTEXT() REPRESENTATION_CONTEXT('2D SPACE',''
  ) );
#4049 = PCURVE('',#3268,#4050);
#4050 = DEFINITIONAL_REPRESENTATION('',(#4051),#4059);
#4051 = ( BOUNDED_CURVE() B_SPLINE_CURVE(2,(#4052,#4053,#4054,#4055,
#4056,#4057,#4058),.UNSPECIFIED.,.T.,.F.) B_SPLINE_CURVE_WITH_KNOTS((1,2
    ,2,2,2,1),(-2.094395102393,0.,2.094395102393,4.188790204786,
6.28318530718,8.377580409573),.UNSPECIFIED.) CURVE() 
GEOMETRIC_REPRESENTATION_ITEM() RATIONAL_B_SPLINE_CURVE((1.,0.5,1.,0.5,
1.,0.5,1.)) REPRESENTATION_ITEM('') );
#4052 = CARTESIAN_POINT('',(154.85,-8.35));
#4053 = CARTESIAN_POINT('',(154.85,-44.37665679743));
#4054 = CARTESIAN_POINT('',(123.65,-26.36332839871));
#4055 = CARTESIAN_POINT('',(92.45,-8.35));
#4056 = CARTESIAN_POINT('',(123.65,9.663328398716));
#4057 = CARTESIAN_POINT('',(154.85,27.676656797433));
#4058 = CARTESIAN_POINT('',(154.85,-8.35));
#4059 = ( GEOMETRIC_REPRESENTATION_CONTEXT(2) 
PARAMETRIC_REPRESENTATION_CONTEXT() REPRESENTATION_CONTEXT('2D SPACE',''
  ) );
#4060 = ORIENTED_EDGE('',*,*,#4061,.T.);
#4061 = EDGE_CURVE('',#4034,#4062,#4064,.T.);
#4062 = VERTEX_POINT('',#4063);
#4063 = CARTESIAN_POINT('',(75.55,70.413752557444,147.));
#4064 = SURFACE_CURVE('',#4065,(#4069,#4075),.PCURVE_S1.);
#4065 = LINE('',#4066,#4067);
#4066 = CARTESIAN_POINT('',(75.55,70.413752557444,104.4));
#4067 = VECTOR('',#4068,1.);
#4068 = DIRECTION('',(-0.,-0.,-1.));
#4069 = PCURVE('',#190,#4070);
#4070 = DEFINITIONAL_REPRESENTATION('',(#4071),#4074);
#4071 = B_SPLINE_CURVE_WITH_KNOTS('',1,(#4072,#4073),.UNSPECIFIED.,.F.,
  .F.,(2,2),(-47.,-42.2),.PIECEWISE_BEZIER_KNOTS.);
#4072 = CARTESIAN_POINT('',(-0.609889109331,-47.));
#4073 = CARTESIAN_POINT('',(-0.609889109331,-42.2));
#4074 = ( GEOMETRIC_REPRESENTATION_CONTEXT(2) 
PARAMETRIC_REPRESENTATION_CONTEXT() REPRESENTATION_CONTEXT('2D SPACE',''
  ) );
#4075 = PCURVE('',#4076,#4081);
#4076 = PLANE('',#4077);
#4077 = AXIS2_PLACEMENT_3D('',#4078,#4079,#4080);
#4078 = CARTESIAN_POINT('',(75.55,66.85,147.));
#4079 = DIRECTION('',(1.,0.,0.));
#4080 = DIRECTION('',(0.,0.,1.));
#4081 = DEFINITIONAL_REPRESENTATION('',(#4082),#4085);
#4082 = B_SPLINE_CURVE_WITH_KNOTS('',1,(#4083,#4084),.UNSPECIFIED.,.F.,
  .F.,(2,2),(-47.,-42.2),.PIECEWISE_BEZIER_KNOTS.);
#4083 = CARTESIAN_POINT('',(4.4,-3.563752557444));
#4084 = CARTESIAN_POINT('',(-0.4,-3.563752557444));
#4085 = ( GEOMETRIC_REPRESENTATION_CONTEXT(2) 
PARAMETRIC_REPRESENTATION_CONTEXT() REPRESENTATION_CONTEXT('2D SPACE',''
  ) );
#4086 = ORIENTED_EDGE('',*,*,#4087,.F.);
#4087 = EDGE_CURVE('',#4088,#4062,#4090,.T.);
#4088 = VERTEX_POINT('',#4089);
#4089 = CARTESIAN_POINT('',(71.357585309847,74.85,147.));
#4090 = SURFACE_CURVE('',#4091,(#4096,#4103),.PCURVE_S1.);
#4091 = CIRCLE('',#4092,20.8);
#4092 = AXIS2_PLACEMENT_3D('',#4093,#4094,#4095);
#4093 = CARTESIAN_POINT('',(58.5,58.5,147.));
#4094 = DIRECTION('',(0.,0.,-1.));
#4095 = DIRECTION('',(1.,0.,0.));
#4096 = PCURVE('',#190,#4097);
#4097 = DEFINITIONAL_REPRESENTATION('',(#4098),#4102);
#4098 = LINE('',#4099,#4100);
#4099 = CARTESIAN_POINT('',(-6.28318530718,-42.6));
#4100 = VECTOR('',#4101,1.);
#4101 = DIRECTION('',(1.,-0.));
#4102 = ( GEOMETRIC_REPRESENTATION_CONTEXT(2) 
PARAMETRIC_REPRESENTATION_CONTEXT() REPRESENTATION_CONTEXT('2D SPACE',''
  ) );
#4103 = PCURVE('',#4104,#4109);
#4104 = PLANE('',#4105);
#4105 = AXIS2_PLACEMENT_3D('',#4106,#4107,#4108);
#4106 = CARTESIAN_POINT('',(-75.55,66.85,147.));
#4107 = DIRECTION('',(0.,0.,1.));
#4108 = DIRECTION('',(1.,0.,0.));
#4109 = DEFINITIONAL_REPRESENTATION('',(#4110),#4118);
#4110 = ( BOUNDED_CURVE() B_SPLINE_CURVE(2,(#4111,#4112,#4113,#4114,
#4115,#4116,#4117),.UNSPECIFIED.,.T.,.F.) B_SPLINE_CURVE_WITH_KNOTS((1,2
    ,2,2,2,1),(-2.094395102393,0.,2.094395102393,4.188790204786,
6.28318530718,8.377580409573),.UNSPECIFIED.) CURVE() 
GEOMETRIC_REPRESENTATION_ITEM() RATIONAL_B_SPLINE_CURVE((1.,0.5,1.,0.5,
1.,0.5,1.)) REPRESENTATION_ITEM('') );
#4111 = CARTESIAN_POINT('',(154.85,-8.35));
#4112 = CARTESIAN_POINT('',(154.85,-44.37665679743));
#4113 = CARTESIAN_POINT('',(123.65,-26.36332839871));
#4114 = CARTESIAN_POINT('',(92.45,-8.35));
#4115 = CARTESIAN_POINT('',(123.65,9.663328398716));
#4116 = CARTESIAN_POINT('',(154.85,27.676656797433));
#4117 = CARTESIAN_POINT('',(154.85,-8.35));
#4118 = ( GEOMETRIC_REPRESENTATION_CONTEXT(2) 
PARAMETRIC_REPRESENTATION_CONTEXT() REPRESENTATION_CONTEXT('2D SPACE',''
  ) );
#4119 = ORIENTED_EDGE('',*,*,#4120,.F.);
#4120 = EDGE_CURVE('',#4032,#4088,#4121,.T.);
#4121 = SURFACE_CURVE('',#4122,(#4126,#4132),.PCURVE_S1.);
#4122 = LINE('',#4123,#4124);
#4123 = CARTESIAN_POINT('',(71.357585309847,74.85,104.4));
#4124 = VECTOR('',#4125,1.);
#4125 = DIRECTION('',(-0.,-0.,-1.));
#4126 = PCURVE('',#190,#4127);
#4127 = DEFINITIONAL_REPRESENTATION('',(#4128),#4131);
#4128 = B_SPLINE_CURVE_WITH_KNOTS('',1,(#4129,#4130),.UNSPECIFIED.,.F.,
  .F.,(2,2),(-47.,-42.2),.PIECEWISE_BEZIER_KNOTS.);
#4129 = CARTESIAN_POINT('',(-0.904405322672,-47.));
#4130 = CARTESIAN_POINT('',(-0.904405322672,-42.2));
#4131 = ( GEOMETRIC_REPRESENTATION_CONTEXT(2) 
PARAMETRIC_REPRESENTATION_CONTEXT() REPRESENTATION_CONTEXT('2D SPACE',''
  ) );
#4132 = PCURVE('',#4133,#4138);
#4133 = PLANE('',#4134);
#4134 = AXIS2_PLACEMENT_3D('',#4135,#4136,#4137);
#4135 = CARTESIAN_POINT('',(-75.55,74.85,147.));
#4136 = DIRECTION('',(0.,1.,0.));
#4137 = DIRECTION('',(0.,0.,1.));
#4138 = DEFINITIONAL_REPRESENTATION('',(#4139),#4142);
#4139 = B_SPLINE_CURVE_WITH_KNOTS('',1,(#4140,#4141),.UNSPECIFIED.,.F.,
  .F.,(2,2),(-47.,-42.2),.PIECEWISE_BEZIER_KNOTS.);
#4140 = CARTESIAN_POINT('',(4.4,146.90758530984));
#4141 = CARTESIAN_POINT('',(-0.4,146.90758530984));
#4142 = ( GEOMETRIC_REPRESENTATION_CONTEXT(2) 
PARAMETRIC_REPRESENTATION_CONTEXT() REPRESENTATION_CONTEXT('2D SPACE',''
  ) );
#4143 = ADVANCED_FACE('',(#4144),#158,.F.);
#4144 = FACE_BOUND('',#4145,.F.);
#4145 = EDGE_LOOP('',(#4146,#4147,#4148,#4169));
#4146 = ORIENTED_EDGE('',*,*,#142,.F.);
#4147 = ORIENTED_EDGE('',*,*,#3392,.T.);
#4148 = ORIENTED_EDGE('',*,*,#4149,.T.);
#4149 = EDGE_CURVE('',#3393,#4150,#4152,.T.);
#4150 = VERTEX_POINT('',#4151);
#4151 = CARTESIAN_POINT('',(60.,82.453079134007,267.80079109963));
#4152 = SURFACE_CURVE('',#4153,(#4157,#4163),.PCURVE_S1.);
#4153 = LINE('',#4154,#4155);
#4154 = CARTESIAN_POINT('',(60.,78.3,267.80079109963));
#4155 = VECTOR('',#4156,1.);
#4156 = DIRECTION('',(0.,1.,0.));
#4157 = PCURVE('',#158,#4158);
#4158 = DEFINITIONAL_REPRESENTATION('',(#4159),#4162);
#4159 = B_SPLINE_CURVE_WITH_KNOTS('',1,(#4160,#4161),.UNSPECIFIED.,.F.,
  .F.,(2,2),(0.625119339392,4.473802751699),.PIECEWISE_BEZIER_KNOTS.);
#4160 = CARTESIAN_POINT('',(163.40079109963,-6.025119339392));
#4161 = CARTESIAN_POINT('',(163.40079109963,-9.873802751699));
#4162 = ( GEOMETRIC_REPRESENTATION_CONTEXT(2) 
PARAMETRIC_REPRESENTATION_CONTEXT() REPRESENTATION_CONTEXT('2D SPACE',''
  ) );
#4163 = PCURVE('',#3451,#4164);
#4164 = DEFINITIONAL_REPRESENTATION('',(#4165),#4168);
#4165 = B_SPLINE_CURVE_WITH_KNOTS('',1,(#4166,#4167),.UNSPECIFIED.,.F.,
  .F.,(2,2),(0.625119339392,4.473802751699),.PIECEWISE_BEZIER_KNOTS.);
#4166 = CARTESIAN_POINT('',(0.247931022344,0.625119339392));
#4167 = CARTESIAN_POINT('',(0.247931022344,4.473802751699));
#4168 = ( GEOMETRIC_REPRESENTATION_CONTEXT(2) 
PARAMETRIC_REPRESENTATION_CONTEXT() REPRESENTATION_CONTEXT('2D SPACE',''
  ) );
#4169 = ORIENTED_EDGE('',*,*,#4170,.F.);
#4170 = EDGE_CURVE('',#114,#4150,#4171,.T.);
#4171 = SURFACE_CURVE('',#4172,(#4176,#4182),.PCURVE_S1.);
#4172 = LINE('',#4173,#4174);
#4173 = CARTESIAN_POINT('',(60.,82.453079134007,105.4));
#4174 = VECTOR('',#4175,1.);
#4175 = DIRECTION('',(-0.,-0.,-1.));
#4176 = PCURVE('',#158,#4177);
#4177 = DEFINITIONAL_REPRESENTATION('',(#4178),#4181);
#4178 = B_SPLINE_CURVE_WITH_KNOTS('',1,(#4179,#4180),.UNSPECIFIED.,.F.,
  .F.,(2,2),(-162.6000006,6.000000070117E-07),.PIECEWISE_BEZIER_KNOTS.);
#4179 = CARTESIAN_POINT('',(163.6000006,-9.553079134007));
#4180 = CARTESIAN_POINT('',(0.9999994,-9.553079134007));
#4181 = ( GEOMETRIC_REPRESENTATION_CONTEXT(2) 
PARAMETRIC_REPRESENTATION_CONTEXT() REPRESENTATION_CONTEXT('2D SPACE',''
  ) );
#4182 = PCURVE('',#130,#4183);
#4183 = DEFINITIONAL_REPRESENTATION('',(#4184),#4187);
#4184 = B_SPLINE_CURVE_WITH_KNOTS('',1,(#4185,#4186),.UNSPECIFIED.,.F.,
  .F.,(2,2),(-162.6000006,6.000000070117E-07),.PIECEWISE_BEZIER_KNOTS.);
#4185 = CARTESIAN_POINT('',(-1.508255564998,-162.6000006));
#4186 = CARTESIAN_POINT('',(-1.508255564998,6.000000070117E-07));
#4187 = ( GEOMETRIC_REPRESENTATION_CONTEXT(2) 
PARAMETRIC_REPRESENTATION_CONTEXT() REPRESENTATION_CONTEXT('2D SPACE',''
  ) );
#4188 = ADVANCED_FACE('',(#4189),#130,.T.);
#4189 = FACE_BOUND('',#4190,.F.);
#4190 = EDGE_LOOP('',(#4191,#4217,#4238,#4239,#4240,#4332));
#4191 = ORIENTED_EDGE('',*,*,#4192,.F.);
#4192 = EDGE_CURVE('',#4193,#4195,#4197,.T.);
#4193 = VERTEX_POINT('',#4194);
#4194 = CARTESIAN_POINT('',(82.5,58.5,105.4));
#4195 = VERTEX_POINT('',#4196);
#4196 = CARTESIAN_POINT('',(66.15,81.248131791424,105.4));
#4197 = SURFACE_CURVE('',#4198,(#4203,#4210),.PCURVE_S1.);
#4198 = CIRCLE('',#4199,24.);
#4199 = AXIS2_PLACEMENT_3D('',#4200,#4201,#4202);
#4200 = CARTESIAN_POINT('',(58.5,58.5,105.4));
#4201 = DIRECTION('',(0.,0.,1.));
#4202 = DIRECTION('',(1.,0.,-0.));
#4203 = PCURVE('',#130,#4204);
#4204 = DEFINITIONAL_REPRESENTATION('',(#4205),#4209);
#4205 = LINE('',#4206,#4207);
#4206 = CARTESIAN_POINT('',(-0.,0.));
#4207 = VECTOR('',#4208,1.);
#4208 = DIRECTION('',(-1.,-0.));
#4209 = ( GEOMETRIC_REPRESENTATION_CONTEXT(2) 
PARAMETRIC_REPRESENTATION_CONTEXT() REPRESENTATION_CONTEXT('2D SPACE',''
  ) );
#4210 = PCURVE('',#2104,#4211);
#4211 = DEFINITIONAL_REPRESENTATION('',(#4212),#4216);
#4212 = CIRCLE('',#4213,24.);
#4213 = AXIS2_PLACEMENT_2D('',#4214,#4215);
#4214 = CARTESIAN_POINT('',(117.,117.));
#4215 = DIRECTION('',(1.,0.));
#4216 = ( GEOMETRIC_REPRESENTATION_CONTEXT(2) 
PARAMETRIC_REPRESENTATION_CONTEXT() REPRESENTATION_CONTEXT('2D SPACE',''
  ) );
#4217 = ORIENTED_EDGE('',*,*,#4218,.F.);
#4218 = EDGE_CURVE('',#86,#4193,#4219,.T.);
#4219 = SURFACE_CURVE('',#4220,(#4224,#4231),.PCURVE_S1.);
#4220 = LINE('',#4221,#4222);
#4221 = CARTESIAN_POINT('',(82.5,58.5,268.));
#4222 = VECTOR('',#4223,1.);
#4223 = DIRECTION('',(0.,0.,-1.));
#4224 = PCURVE('',#130,#4225);
#4225 = DEFINITIONAL_REPRESENTATION('',(#4226),#4230);
#4226 = LINE('',#4227,#4228);
#4227 = CARTESIAN_POINT('',(-0.,-162.6));
#4228 = VECTOR('',#4229,1.);
#4229 = DIRECTION('',(0.,1.));
#4230 = ( GEOMETRIC_REPRESENTATION_CONTEXT(2) 
PARAMETRIC_REPRESENTATION_CONTEXT() REPRESENTATION_CONTEXT('2D SPACE',''
  ) );
#4231 = PCURVE('',#101,#4232);
#4232 = DEFINITIONAL_REPRESENTATION('',(#4233),#4237);
#4233 = LINE('',#4234,#4235);
#4234 = CARTESIAN_POINT('',(162.6,-117.));
#4235 = VECTOR('',#4236,1.);
#4236 = DIRECTION('',(-1.,0.));
#4237 = ( GEOMETRIC_REPRESENTATION_CONTEXT(2) 
PARAMETRIC_REPRESENTATION_CONTEXT() REPRESENTATION_CONTEXT('2D SPACE',''
  ) );
#4238 = ORIENTED_EDGE('',*,*,#113,.T.);
#4239 = ORIENTED_EDGE('',*,*,#4170,.T.);
#4240 = ORIENTED_EDGE('',*,*,#4241,.T.);
#4241 = EDGE_CURVE('',#4150,#4242,#4244,.T.);
#4242 = VERTEX_POINT('',#4243);
#4243 = CARTESIAN_POINT('',(66.15,81.248131791424,259.9));
#4244 = SURFACE_CURVE('',#4245,(#4272,#4302),.PCURVE_S1.);
#4245 = B_SPLINE_CURVE_WITH_KNOTS('',7,(#4246,#4247,#4248,#4249,#4250,
    #4251,#4252,#4253,#4254,#4255,#4256,#4257,#4258,#4259,#4260,#4261,
    #4262,#4263,#4264,#4265,#4266,#4267,#4268,#4269,#4270,#4271),
  .UNSPECIFIED.,.F.,.F.,(8,6,6,6,8),(0.,0.209550081601,0.361511886882,
    0.490276362873,1.),.UNSPECIFIED.);
#4246 = CARTESIAN_POINT('',(60.,82.453079134007,267.80079109963));
#4247 = CARTESIAN_POINT('',(60.383149464062,82.429085383856,
    267.70380094782));
#4248 = CARTESIAN_POINT('',(60.754335964693,82.39866227115,
    267.58677222179));
#4249 = CARTESIAN_POINT('',(61.112457288695,82.362656267276,
    267.45138766002));
#4250 = CARTESIAN_POINT('',(61.456564231537,82.321983400552,
    267.29937552841));
#4251 = CARTESIAN_POINT('',(61.785861403881,82.277592581038,
    267.13251908483));
#4252 = CARTESIAN_POINT('',(62.0997080381,82.23042892535,266.95266604368
    ));
#4253 = CARTESIAN_POINT('',(62.613658111292,82.145840104093,
    266.62328061857));
#4254 = CARTESIAN_POINT('',(62.821628424084,82.1092495237,
    266.47879982058));
#4255 = CARTESIAN_POINT('',(63.02160028108,82.07191641382,266.328805756)
  );
#4256 = CARTESIAN_POINT('',(63.213655792514,82.034110824892,
    266.17376732845));
#4257 = CARTESIAN_POINT('',(63.397888400003,81.996081595055,
    266.01411239274));
#4258 = CARTESIAN_POINT('',(63.574402645612,81.958056160945,
    265.85022791194));
#4259 = CARTESIAN_POINT('',(63.886440527148,81.888197246237,
    265.54030246851));
#4260 = CARTESIAN_POINT('',(64.024120215384,81.856301971524,
    265.39534454843));
#4261 = CARTESIAN_POINT('',(64.156429221839,81.824678113443,
    265.24778733478));
#4262 = CARTESIAN_POINT('',(64.283441990931,81.793439629216,
    265.09781505108));
#4263 = CARTESIAN_POINT('',(64.405231264336,81.76269132274,
    264.94559515236));
#4264 = CARTESIAN_POINT('',(64.521868150037,81.732529303147,
    264.7912783138));
#4265 = CARTESIAN_POINT('',(65.075017058733,81.586311584232,
    264.01635297674));
#4266 = CARTESIAN_POINT('',(65.437497441848,81.480004516532,
    263.36619563796));
#4267 = CARTESIAN_POINT('',(65.724051136955,81.389821103082,
    262.69374516597));
#4268 = CARTESIAN_POINT('',(65.937281759254,81.319666717993,
    262.00580065748));
#4269 = CARTESIAN_POINT('',(66.07898750559,81.272012768013,
    261.30776091975));
#4270 = CARTESIAN_POINT('',(66.15,81.248131791424,260.6043286723));
#4271 = CARTESIAN_POINT('',(66.15,81.248131791424,259.9));
#4272 = PCURVE('',#130,#4273);
#4273 = DEFINITIONAL_REPRESENTATION('',(#4274),#4301);
#4274 = B_SPLINE_CURVE_WITH_KNOTS('',7,(#4275,#4276,#4277,#4278,#4279,
    #4280,#4281,#4282,#4283,#4284,#4285,#4286,#4287,#4288,#4289,#4290,
    #4291,#4292,#4293,#4294,#4295,#4296,#4297,#4298,#4299,#4300),
  .UNSPECIFIED.,.F.,.F.,(8,6,6,6,8),(0.,0.209550081601,0.361511886882,
    0.490276362873,1.),.UNSPECIFIED.);
#4275 = CARTESIAN_POINT('',(-1.508255564998,-162.4007910996));
#4276 = CARTESIAN_POINT('',(-1.492259731564,-162.3038009478));
#4277 = CARTESIAN_POINT('',(-1.47674465857,-162.1867722217));
#4278 = CARTESIAN_POINT('',(-1.461751617924,-162.05138766));
#4279 = CARTESIAN_POINT('',(-1.447317698359,-161.8993755284));
#4280 = CARTESIAN_POINT('',(-1.433475532571,-161.7325190848));
#4281 = CARTESIAN_POINT('',(-1.420253024373,-161.5526660436));
#4282 = CARTESIAN_POINT('',(-1.398550332111,-161.2232806185));
#4283 = CARTESIAN_POINT('',(-1.389752338877,-161.0787998205));
#4284 = CARTESIAN_POINT('',(-1.381276927914,-160.928805756));
#4285 = CARTESIAN_POINT('',(-1.373121704617,-160.7737673284));
#4286 = CARTESIAN_POINT('',(-1.36528398791,-160.6141123927));
#4287 = CARTESIAN_POINT('',(-1.357760750159,-160.4502279119));
#4288 = CARTESIAN_POINT('',(-1.344437322362,-160.1403024685));
#4289 = CARTESIAN_POINT('',(-1.338548904789,-159.9953445484));
#4290 = CARTESIAN_POINT('',(-1.332880958754,-159.8477873347));
#4291 = CARTESIAN_POINT('',(-1.327431242606,-159.697815051));
#4292 = CARTESIAN_POINT('',(-1.322197598867,-159.5455951523));
#4293 = CARTESIAN_POINT('',(-1.317177934452,-159.3912783138));
#4294 = CARTESIAN_POINT('',(-1.293338434357,-158.6163529767));
#4295 = CARTESIAN_POINT('',(-1.277604623483,-157.9661956379));
#4296 = CARTESIAN_POINT('',(-1.265089819949,-157.2937451659));
#4297 = CARTESIAN_POINT('',(-1.255736950294,-156.6058006574));
#4298 = CARTESIAN_POINT('',(-1.249507604988,-155.9077609197));
#4299 = CARTESIAN_POINT('',(-1.246385922069,-155.2043286723));
#4300 = CARTESIAN_POINT('',(-1.246385922069,-154.5));
#4301 = ( GEOMETRIC_REPRESENTATION_CONTEXT(2) 
PARAMETRIC_REPRESENTATION_CONTEXT() REPRESENTATION_CONTEXT('2D SPACE',''
  ) );
#4302 = PCURVE('',#3451,#4303);
#4303 = DEFINITIONAL_REPRESENTATION('',(#4304),#4331);
#4304 = B_SPLINE_CURVE_WITH_KNOTS('',7,(#4305,#4306,#4307,#4308,#4309,
    #4310,#4311,#4312,#4313,#4314,#4315,#4316,#4317,#4318,#4319,#4320,
    #4321,#4322,#4323,#4324,#4325,#4326,#4327,#4328,#4329,#4330),
  .UNSPECIFIED.,.F.,.F.,(8,6,6,6,8),(0.,0.209550081601,0.361511886882,
    0.490276362873,1.),.UNSPECIFIED.);
#4305 = CARTESIAN_POINT('',(0.247931022344,4.153079134007));
#4306 = CARTESIAN_POINT('',(0.296426098245,4.129085383856));
#4307 = CARTESIAN_POINT('',(0.344101698348,4.09866227115));
#4308 = CARTESIAN_POINT('',(0.390961854245,4.062656267276));
#4309 = CARTESIAN_POINT('',(0.437000177661,4.021983400552));
#4310 = CARTESIAN_POINT('',(0.482198922219,3.977592581038));
#4311 = CARTESIAN_POINT('',(0.526528045205,3.93042892535));
#4312 = CARTESIAN_POINT('',(0.601428904165,3.845840104093));
#4313 = CARTESIAN_POINT('',(0.632478777165,3.8092495237));
#4314 = CARTESIAN_POINT('',(0.663118323752,3.77191641382));
#4315 = CARTESIAN_POINT('',(0.693369706186,3.734110824892));
#4316 = CARTESIAN_POINT('',(0.723253736412,3.696081595055));
#4317 = CARTESIAN_POINT('',(0.752790798894,3.658056160945));
#4318 = CARTESIAN_POINT('',(0.806753623601,3.588197246237));
#4319 = CARTESIAN_POINT('',(0.831273422781,3.556301971524));
#4320 = CARTESIAN_POINT('',(0.855575183283,3.524678113443));
#4321 = CARTESIAN_POINT('',(0.879672154531,3.493439629216));
#4322 = CARTESIAN_POINT('',(0.90357715616,3.46269132274));
#4323 = CARTESIAN_POINT('',(0.927302911089,3.432529303147));
#4324 = CARTESIAN_POINT('',(1.044124261322,3.286311584232));
#4325 = CARTESIAN_POINT('',(1.134893420425,3.180004516532));
#4326 = CARTESIAN_POINT('',(1.223801053295,3.089821103083));
#4327 = CARTESIAN_POINT('',(1.311361453649,3.019666717993));
#4328 = CARTESIAN_POINT('',(1.398064984028,2.972012768013));
#4329 = CARTESIAN_POINT('',(1.484375630807,2.948131791424));
#4330 = CARTESIAN_POINT('',(1.570796326795,2.948131791424));
#4331 = ( GEOMETRIC_REPRESENTATION_CONTEXT(2) 
PARAMETRIC_REPRESENTATION_CONTEXT() REPRESENTATION_CONTEXT('2D SPACE',''
  ) );
#4332 = ORIENTED_EDGE('',*,*,#4333,.T.);
#4333 = EDGE_CURVE('',#4242,#4195,#4334,.T.);
#4334 = SURFACE_CURVE('',#4335,(#4339,#4345),.PCURVE_S1.);
#4335 = LINE('',#4336,#4337);
#4336 = CARTESIAN_POINT('',(66.15,81.248131791424,105.4));
#4337 = VECTOR('',#4338,1.);
#4338 = DIRECTION('',(-0.,-0.,-1.));
#4339 = PCURVE('',#130,#4340);
#4340 = DEFINITIONAL_REPRESENTATION('',(#4341),#4344);
#4341 = B_SPLINE_CURVE_WITH_KNOTS('',1,(#4342,#4343),.UNSPECIFIED.,.F.,
  .F.,(2,2),(-162.6000006,6.000000070117E-07),.PIECEWISE_BEZIER_KNOTS.);
#4342 = CARTESIAN_POINT('',(-1.246385922069,-162.6000006));
#4343 = CARTESIAN_POINT('',(-1.246385922069,6.000000070117E-07));
#4344 = ( GEOMETRIC_REPRESENTATION_CONTEXT(2) 
PARAMETRIC_REPRESENTATION_CONTEXT() REPRESENTATION_CONTEXT('2D SPACE',''
  ) );
#4345 = PCURVE('',#4346,#4351);
#4346 = PLANE('',#4347);
#4347 = AXIS2_PLACEMENT_3D('',#4348,#4349,#4350);
#4348 = CARTESIAN_POINT('',(66.15,78.3,26.1));
#4349 = DIRECTION('',(1.,0.,0.));
#4350 = DIRECTION('',(0.,0.,1.));
#4351 = DEFINITIONAL_REPRESENTATION('',(#4352),#4355);
#4352 = B_SPLINE_CURVE_WITH_KNOTS('',1,(#4353,#4354),.UNSPECIFIED.,.F.,
  .F.,(2,2),(-162.6000006,6.000000070117E-07),.PIECEWISE_BEZIER_KNOTS.);
#4353 = CARTESIAN_POINT('',(241.9000006,-2.948131791424));
#4354 = CARTESIAN_POINT('',(79.2999994,-2.948131791424));
#4355 = ( GEOMETRIC_REPRESENTATION_CONTEXT(2) 
PARAMETRIC_REPRESENTATION_CONTEXT() REPRESENTATION_CONTEXT('2D SPACE',''
  ) );
#4356 = ADVANCED_FACE('',(#4357,#4405),#101,.T.);
#4357 = FACE_BOUND('',#4358,.T.);
#4358 = EDGE_LOOP('',(#4359,#4382,#4403,#4404));
#4359 = ORIENTED_EDGE('',*,*,#4360,.T.);
#4360 = EDGE_CURVE('',#57,#4361,#4363,.T.);
#4361 = VERTEX_POINT('',#4362);
#4362 = CARTESIAN_POINT('',(82.5,-58.5,105.4));
#4363 = SURFACE_CURVE('',#4364,(#4368,#4375),.PCURVE_S1.);
#4364 = LINE('',#4365,#4366);
#4365 = CARTESIAN_POINT('',(82.5,-58.5,268.));
#4366 = VECTOR('',#4367,1.);
#4367 = DIRECTION('',(0.,0.,-1.));
#4368 = PCURVE('',#101,#4369);
#4369 = DEFINITIONAL_REPRESENTATION('',(#4370),#4374);
#4370 = LINE('',#4371,#4372);
#4371 = CARTESIAN_POINT('',(162.6,0.));
#4372 = VECTOR('',#4373,1.);
#4373 = DIRECTION('',(-1.,0.));
#4374 = ( GEOMETRIC_REPRESENTATION_CONTEXT(2) 
PARAMETRIC_REPRESENTATION_CONTEXT() REPRESENTATION_CONTEXT('2D SPACE',''
  ) );
#4375 = PCURVE('',#73,#4376);
#4376 = DEFINITIONAL_REPRESENTATION('',(#4377),#4381);
#4377 = LINE('',#4378,#4379);
#4378 = CARTESIAN_POINT('',(-6.28318530718,-162.6));
#4379 = VECTOR('',#4380,1.);
#4380 = DIRECTION('',(0.,1.));
#4381 = ( GEOMETRIC_REPRESENTATION_CONTEXT(2) 
PARAMETRIC_REPRESENTATION_CONTEXT() REPRESENTATION_CONTEXT('2D SPACE',''
  ) );
#4382 = ORIENTED_EDGE('',*,*,#4383,.T.);
#4383 = EDGE_CURVE('',#4361,#4193,#4384,.T.);
#4384 = SURFACE_CURVE('',#4385,(#4389,#4396),.PCURVE_S1.);
#4385 = LINE('',#4386,#4387);
#4386 = CARTESIAN_POINT('',(82.5,-66.,105.4));
#4387 = VECTOR('',#4388,1.);
#4388 = DIRECTION('',(0.,1.,0.));
#4389 = PCURVE('',#101,#4390);
#4390 = DEFINITIONAL_REPRESENTATION('',(#4391),#4395);
#4391 = LINE('',#4392,#4393);
#4392 = CARTESIAN_POINT('',(0.,7.5));
#4393 = VECTOR('',#4394,1.);
#4394 = DIRECTION('',(0.,-1.));
#4395 = ( GEOMETRIC_REPRESENTATION_CONTEXT(2) 
PARAMETRIC_REPRESENTATION_CONTEXT() REPRESENTATION_CONTEXT('2D SPACE',''
  ) );
#4396 = PCURVE('',#2104,#4397);
#4397 = DEFINITIONAL_REPRESENTATION('',(#4398),#4402);
#4398 = LINE('',#4399,#4400);
#4399 = CARTESIAN_POINT('',(141.,-7.5));
#4400 = VECTOR('',#4401,1.);
#4401 = DIRECTION('',(0.,1.));
#4402 = ( GEOMETRIC_REPRESENTATION_CONTEXT(2) 
PARAMETRIC_REPRESENTATION_CONTEXT() REPRESENTATION_CONTEXT('2D SPACE',''
  ) );
#4403 = ORIENTED_EDGE('',*,*,#4218,.F.);
#4404 = ORIENTED_EDGE('',*,*,#85,.F.);
#4405 = FACE_BOUND('',#4406,.T.);
#4406 = EDGE_LOOP('',(#4407,#4436,#4463,#4490));
#4407 = ORIENTED_EDGE('',*,*,#4408,.T.);
#4408 = EDGE_CURVE('',#4409,#4411,#4413,.T.);
#4409 = VERTEX_POINT('',#4410);
#4410 = CARTESIAN_POINT('',(82.5,35.8,120.2));
#4411 = VERTEX_POINT('',#4412);
#4412 = CARTESIAN_POINT('',(82.5,-35.8,120.2));
#4413 = SURFACE_CURVE('',#4414,(#4418,#4425),.PCURVE_S1.);
#4414 = LINE('',#4415,#4416);
#4415 = CARTESIAN_POINT('',(82.5,-47.15,120.2));
#4416 = VECTOR('',#4417,1.);
#4417 = DIRECTION('',(0.,-1.,0.));
#4418 = PCURVE('',#101,#4419);
#4419 = DEFINITIONAL_REPRESENTATION('',(#4420),#4424);
#4420 = LINE('',#4421,#4422);
#4421 = CARTESIAN_POINT('',(14.8,-11.35));
#4422 = VECTOR('',#4423,1.);
#4423 = DIRECTION('',(0.,1.));
#4424 = ( GEOMETRIC_REPRESENTATION_CONTEXT(2) 
PARAMETRIC_REPRESENTATION_CONTEXT() REPRESENTATION_CONTEXT('2D SPACE',''
  ) );
#4425 = PCURVE('',#4426,#4431);
#4426 = PLANE('',#4427);
#4427 = AXIS2_PLACEMENT_3D('',#4428,#4429,#4430);
#4428 = CARTESIAN_POINT('',(79.85,-35.8,120.2));
#4429 = DIRECTION('',(0.,0.,1.));
#4430 = DIRECTION('',(1.,0.,0.));
#4431 = DEFINITIONAL_REPRESENTATION('',(#4432),#4435);
#4432 = B_SPLINE_CURVE_WITH_KNOTS('',1,(#4433,#4434),.UNSPECIFIED.,.F.,
  .F.,(2,2),(-82.95,-11.35),.PIECEWISE_BEZIER_KNOTS.);
#4433 = CARTESIAN_POINT('',(2.65,71.6));
#4434 = CARTESIAN_POINT('',(2.65,0.));
#4435 = ( GEOMETRIC_REPRESENTATION_CONTEXT(2) 
PARAMETRIC_REPRESENTATION_CONTEXT() REPRESENTATION_CONTEXT('2D SPACE',''
  ) );
#4436 = ORIENTED_EDGE('',*,*,#4437,.T.);
#4437 = EDGE_CURVE('',#4411,#4438,#4440,.T.);
#4438 = VERTEX_POINT('',#4439);
#4439 = CARTESIAN_POINT('',(82.5,-35.8,191.8));
#4440 = SURFACE_CURVE('',#4441,(#4445,#4452),.PCURVE_S1.);
#4441 = LINE('',#4442,#4443);
#4442 = CARTESIAN_POINT('',(82.5,-35.8,112.8));
#4443 = VECTOR('',#4444,1.);
#4444 = DIRECTION('',(0.,0.,1.));
#4445 = PCURVE('',#101,#4446);
#4446 = DEFINITIONAL_REPRESENTATION('',(#4447),#4451);
#4447 = LINE('',#4448,#4449);
#4448 = CARTESIAN_POINT('',(7.4,-22.7));
#4449 = VECTOR('',#4450,1.);
#4450 = DIRECTION('',(1.,0.));
#4451 = ( GEOMETRIC_REPRESENTATION_CONTEXT(2) 
PARAMETRIC_REPRESENTATION_CONTEXT() REPRESENTATION_CONTEXT('2D SPACE',''
  ) );
#4452 = PCURVE('',#4453,#4458);
#4453 = PLANE('',#4454);
#4454 = AXIS2_PLACEMENT_3D('',#4455,#4456,#4457);
#4455 = CARTESIAN_POINT('',(79.85,-35.8,120.2));
#4456 = DIRECTION('',(0.,1.,0.));
#4457 = DIRECTION('',(0.,0.,1.));
#4458 = DEFINITIONAL_REPRESENTATION('',(#4459),#4462);
#4459 = B_SPLINE_CURVE_WITH_KNOTS('',1,(#4460,#4461),.UNSPECIFIED.,.F.,
  .F.,(2,2),(7.4,79.),.PIECEWISE_BEZIER_KNOTS.);
#4460 = CARTESIAN_POINT('',(0.,2.65));
#4461 = CARTESIAN_POINT('',(71.6,2.65));
#4462 = ( GEOMETRIC_REPRESENTATION_CONTEXT(2) 
PARAMETRIC_REPRESENTATION_CONTEXT() REPRESENTATION_CONTEXT('2D SPACE',''
  ) );
#4463 = ORIENTED_EDGE('',*,*,#4464,.F.);
#4464 = EDGE_CURVE('',#4465,#4438,#4467,.T.);
#4465 = VERTEX_POINT('',#4466);
#4466 = CARTESIAN_POINT('',(82.5,35.8,191.8));
#4467 = SURFACE_CURVE('',#4468,(#4472,#4479),.PCURVE_S1.);
#4468 = LINE('',#4469,#4470);
#4469 = CARTESIAN_POINT('',(82.5,-47.15,191.8));
#4470 = VECTOR('',#4471,1.);
#4471 = DIRECTION('',(0.,-1.,0.));
#4472 = PCURVE('',#101,#4473);
#4473 = DEFINITIONAL_REPRESENTATION('',(#4474),#4478);
#4474 = LINE('',#4475,#4476);
#4475 = CARTESIAN_POINT('',(86.4,-11.35));
#4476 = VECTOR('',#4477,1.);
#4477 = DIRECTION('',(0.,1.));
#4478 = ( GEOMETRIC_REPRESENTATION_CONTEXT(2) 
PARAMETRIC_REPRESENTATION_CONTEXT() REPRESENTATION_CONTEXT('2D SPACE',''
  ) );
#4479 = PCURVE('',#4480,#4485);
#4480 = PLANE('',#4481);
#4481 = AXIS2_PLACEMENT_3D('',#4482,#4483,#4484);
#4482 = CARTESIAN_POINT('',(79.85,-35.8,191.8));
#4483 = DIRECTION('',(0.,0.,1.));
#4484 = DIRECTION('',(1.,0.,0.));
#4485 = DEFINITIONAL_REPRESENTATION('',(#4486),#4489);
#4486 = B_SPLINE_CURVE_WITH_KNOTS('',1,(#4487,#4488),.UNSPECIFIED.,.F.,
  .F.,(2,2),(-82.95,-11.35),.PIECEWISE_BEZIER_KNOTS.);
#4487 = CARTESIAN_POINT('',(2.65,71.6));
#4488 = CARTESIAN_POINT('',(2.65,0.));
#4489 = ( GEOMETRIC_REPRESENTATION_CONTEXT(2) 
PARAMETRIC_REPRESENTATION_CONTEXT() REPRESENTATION_CONTEXT('2D SPACE',''
  ) );
#4490 = ORIENTED_EDGE('',*,*,#4491,.F.);
#4491 = EDGE_CURVE('',#4409,#4465,#4492,.T.);
#4492 = SURFACE_CURVE('',#4493,(#4497,#4504),.PCURVE_S1.);
#4493 = LINE('',#4494,#4495);
#4494 = CARTESIAN_POINT('',(82.5,35.8,112.8));
#4495 = VECTOR('',#4496,1.);
#4496 = DIRECTION('',(0.,0.,1.));
#4497 = PCURVE('',#101,#4498);
#4498 = DEFINITIONAL_REPRESENTATION('',(#4499),#4503);
#4499 = LINE('',#4500,#4501);
#4500 = CARTESIAN_POINT('',(7.4,-94.3));
#4501 = VECTOR('',#4502,1.);
#4502 = DIRECTION('',(1.,0.));
#4503 = ( GEOMETRIC_REPRESENTATION_CONTEXT(2) 
PARAMETRIC_REPRESENTATION_CONTEXT() REPRESENTATION_CONTEXT('2D SPACE',''
  ) );
#4504 = PCURVE('',#4505,#4510);
#4505 = PLANE('',#4506);
#4506 = AXIS2_PLACEMENT_3D('',#4507,#4508,#4509);
#4507 = CARTESIAN_POINT('',(79.85,35.8,120.2));
#4508 = DIRECTION('',(0.,1.,0.));
#4509 = DIRECTION('',(0.,0.,1.));
#4510 = DEFINITIONAL_REPRESENTATION('',(#4511),#4514);
#4511 = B_SPLINE_CURVE_WITH_KNOTS('',1,(#4512,#4513),.UNSPECIFIED.,.F.,
  .F.,(2,2),(7.4,79.),.PIECEWISE_BEZIER_KNOTS.);
#4512 = CARTESIAN_POINT('',(0.,2.65));
#4513 = CARTESIAN_POINT('',(71.6,2.65));
#4514 = ( GEOMETRIC_REPRESENTATION_CONTEXT(2) 
PARAMETRIC_REPRESENTATION_CONTEXT() REPRESENTATION_CONTEXT('2D SPACE',''
  ) );
#4515 = ADVANCED_FACE('',(#4516),#73,.T.);
#4516 = FACE_BOUND('',#4517,.F.);
#4517 = EDGE_LOOP('',(#4518,#4519,#4541,#4542));
#4518 = ORIENTED_EDGE('',*,*,#4360,.T.);
#4519 = ORIENTED_EDGE('',*,*,#4520,.F.);
#4520 = EDGE_CURVE('',#2066,#4361,#4521,.T.);
#4521 = SURFACE_CURVE('',#4522,(#4527,#4534),.PCURVE_S1.);
#4522 = CIRCLE('',#4523,24.);
#4523 = AXIS2_PLACEMENT_3D('',#4524,#4525,#4526);
#4524 = CARTESIAN_POINT('',(58.5,-58.5,105.4));
#4525 = DIRECTION('',(0.,0.,1.));
#4526 = DIRECTION('',(0.,-1.,0.));
#4527 = PCURVE('',#73,#4528);
#4528 = DEFINITIONAL_REPRESENTATION('',(#4529),#4533);
#4529 = LINE('',#4530,#4531);
#4530 = CARTESIAN_POINT('',(-4.712388980385,0.));
#4531 = VECTOR('',#4532,1.);
#4532 = DIRECTION('',(-1.,-0.));
#4533 = ( GEOMETRIC_REPRESENTATION_CONTEXT(2) 
PARAMETRIC_REPRESENTATION_CONTEXT() REPRESENTATION_CONTEXT('2D SPACE',''
  ) );
#4534 = PCURVE('',#2104,#4535);
#4535 = DEFINITIONAL_REPRESENTATION('',(#4536),#4540);
#4536 = CIRCLE('',#4537,24.);
#4537 = AXIS2_PLACEMENT_2D('',#4538,#4539);
#4538 = CARTESIAN_POINT('',(117.,-7.105427357601E-15));
#4539 = DIRECTION('',(0.,-1.));
#4540 = ( GEOMETRIC_REPRESENTATION_CONTEXT(2) 
PARAMETRIC_REPRESENTATION_CONTEXT() REPRESENTATION_CONTEXT('2D SPACE',''
  ) );
#4541 = ORIENTED_EDGE('',*,*,#2065,.T.);
#4542 = ORIENTED_EDGE('',*,*,#56,.T.);
#4543 = ADVANCED_FACE('',(#4544),#399,.F.);
#4544 = FACE_BOUND('',#4545,.T.);
#4545 = EDGE_LOOP('',(#4546,#4581,#4607,#4640,#4666,#4694,#4720,#4753,
    #4774,#4775,#4796,#4829,#4848,#4849));
#4546 = ORIENTED_EDGE('',*,*,#4547,.F.);
#4547 = EDGE_CURVE('',#4548,#4550,#4552,.T.);
#4548 = VERTEX_POINT('',#4549);
#4549 = CARTESIAN_POINT('',(-65.,-78.25828939964,214.));
#4550 = VERTEX_POINT('',#4551);
#4551 = CARTESIAN_POINT('',(-66.,-77.90077318046,214.));
#4552 = SURFACE_CURVE('',#4553,(#4558,#4565),.PCURVE_S1.);
#4553 = CIRCLE('',#4554,20.8);
#4554 = AXIS2_PLACEMENT_3D('',#4555,#4556,#4557);
#4555 = CARTESIAN_POINT('',(-58.5,-58.5,214.));
#4556 = DIRECTION('',(0.,0.,-1.));
#4557 = DIRECTION('',(1.,0.,0.));
#4558 = PCURVE('',#399,#4559);
#4559 = DEFINITIONAL_REPRESENTATION('',(#4560),#4564);
#4560 = LINE('',#4561,#4562);
#4561 = CARTESIAN_POINT('',(-6.28318530718,-109.6));
#4562 = VECTOR('',#4563,1.);
#4563 = DIRECTION('',(1.,-0.));
#4564 = ( GEOMETRIC_REPRESENTATION_CONTEXT(2) 
PARAMETRIC_REPRESENTATION_CONTEXT() REPRESENTATION_CONTEXT('2D SPACE',''
  ) );
#4565 = PCURVE('',#4566,#4571);
#4566 = PLANE('',#4567);
#4567 = AXIS2_PLACEMENT_3D('',#4568,#4569,#4570);
#4568 = CARTESIAN_POINT('',(-66.,-80.,214.));
#4569 = DIRECTION('',(0.,0.,1.));
#4570 = DIRECTION('',(1.,0.,0.));
#4571 = DEFINITIONAL_REPRESENTATION('',(#4572),#4580);
#4572 = ( BOUNDED_CURVE() B_SPLINE_CURVE(2,(#4573,#4574,#4575,#4576,
#4577,#4578,#4579),.UNSPECIFIED.,.T.,.F.) B_SPLINE_CURVE_WITH_KNOTS((1,2
    ,2,2,2,1),(-2.094395102393,0.,2.094395102393,4.188790204786,
6.28318530718,8.377580409573),.UNSPECIFIED.) CURVE() 
GEOMETRIC_REPRESENTATION_ITEM() RATIONAL_B_SPLINE_CURVE((1.,0.5,1.,0.5,
1.,0.5,1.)) REPRESENTATION_ITEM('') );
#4573 = CARTESIAN_POINT('',(28.3,21.5));
#4574 = CARTESIAN_POINT('',(28.3,-14.52665679743));
#4575 = CARTESIAN_POINT('',(-2.9,3.486671601284));
#4576 = CARTESIAN_POINT('',(-34.1,21.5));
#4577 = CARTESIAN_POINT('',(-2.9,39.513328398716));
#4578 = CARTESIAN_POINT('',(28.3,57.526656797433));
#4579 = CARTESIAN_POINT('',(28.3,21.5));
#4580 = ( GEOMETRIC_REPRESENTATION_CONTEXT(2) 
PARAMETRIC_REPRESENTATION_CONTEXT() REPRESENTATION_CONTEXT('2D SPACE',''
  ) );
#4581 = ORIENTED_EDGE('',*,*,#4582,.T.);
#4582 = EDGE_CURVE('',#4548,#4583,#4585,.T.);
#4583 = VERTEX_POINT('',#4584);
#4584 = CARTESIAN_POINT('',(-65.,-78.25828939964,117.4));
#4585 = SURFACE_CURVE('',#4586,(#4590,#4596),.PCURVE_S1.);
#4586 = LINE('',#4587,#4588);
#4587 = CARTESIAN_POINT('',(-65.,-78.25828939964,104.4));
#4588 = VECTOR('',#4589,1.);
#4589 = DIRECTION('',(-0.,-0.,-1.));
#4590 = PCURVE('',#399,#4591);
#4591 = DEFINITIONAL_REPRESENTATION('',(#4592),#4595);
#4592 = B_SPLINE_CURVE_WITH_KNOTS('',1,(#4593,#4594),.UNSPECIFIED.,.F.,
  .F.,(2,2),(-163.6000006,-0.9999994),.PIECEWISE_BEZIER_KNOTS.);
#4593 = CARTESIAN_POINT('',(-4.394565276457,-163.6000006));
#4594 = CARTESIAN_POINT('',(-4.394565276457,-0.9999994));
#4595 = ( GEOMETRIC_REPRESENTATION_CONTEXT(2) 
PARAMETRIC_REPRESENTATION_CONTEXT() REPRESENTATION_CONTEXT('2D SPACE',''
  ) );
#4596 = PCURVE('',#4597,#4602);
#4597 = PLANE('',#4598);
#4598 = AXIS2_PLACEMENT_3D('',#4599,#4600,#4601);
#4599 = CARTESIAN_POINT('',(-65.,-80.,105.4));
#4600 = DIRECTION('',(1.,0.,0.));
#4601 = DIRECTION('',(0.,0.,1.));
#4602 = DEFINITIONAL_REPRESENTATION('',(#4603),#4606);
#4603 = B_SPLINE_CURVE_WITH_KNOTS('',1,(#4604,#4605),.UNSPECIFIED.,.F.,
  .F.,(2,2),(-163.6000006,-0.9999994),.PIECEWISE_BEZIER_KNOTS.);
#4604 = CARTESIAN_POINT('',(162.6000006,-1.741710600358));
#4605 = CARTESIAN_POINT('',(-5.999999928008E-07,-1.741710600358));
#4606 = ( GEOMETRIC_REPRESENTATION_CONTEXT(2) 
PARAMETRIC_REPRESENTATION_CONTEXT() REPRESENTATION_CONTEXT('2D SPACE',''
  ) );
#4607 = ORIENTED_EDGE('',*,*,#4608,.T.);
#4608 = EDGE_CURVE('',#4583,#4609,#4611,.T.);
#4609 = VERTEX_POINT('',#4610);
#4610 = CARTESIAN_POINT('',(-66.,-77.90077318046,117.4));
#4611 = SURFACE_CURVE('',#4612,(#4617,#4624),.PCURVE_S1.);
#4612 = CIRCLE('',#4613,20.8);
#4613 = AXIS2_PLACEMENT_3D('',#4614,#4615,#4616);
#4614 = CARTESIAN_POINT('',(-58.5,-58.5,117.4));
#4615 = DIRECTION('',(0.,0.,-1.));
#4616 = DIRECTION('',(1.,0.,0.));
#4617 = PCURVE('',#399,#4618);
#4618 = DEFINITIONAL_REPRESENTATION('',(#4619),#4623);
#4619 = LINE('',#4620,#4621);
#4620 = CARTESIAN_POINT('',(-6.28318530718,-13.));
#4621 = VECTOR('',#4622,1.);
#4622 = DIRECTION('',(1.,-0.));
#4623 = ( GEOMETRIC_REPRESENTATION_CONTEXT(2) 
PARAMETRIC_REPRESENTATION_CONTEXT() REPRESENTATION_CONTEXT('2D SPACE',''
  ) );
#4624 = PCURVE('',#4625,#4630);
#4625 = PLANE('',#4626);
#4626 = AXIS2_PLACEMENT_3D('',#4627,#4628,#4629);
#4627 = CARTESIAN_POINT('',(-66.,-82.5,117.4));
#4628 = DIRECTION('',(0.,0.,1.));
#4629 = DIRECTION('',(1.,0.,0.));
#4630 = DEFINITIONAL_REPRESENTATION('',(#4631),#4639);
#4631 = ( BOUNDED_CURVE() B_SPLINE_CURVE(2,(#4632,#4633,#4634,#4635,
#4636,#4637,#4638),.UNSPECIFIED.,.T.,.F.) B_SPLINE_CURVE_WITH_KNOTS((1,2
    ,2,2,2,1),(-2.094395102393,0.,2.094395102393,4.188790204786,
6.28318530718,8.377580409573),.UNSPECIFIED.) CURVE() 
GEOMETRIC_REPRESENTATION_ITEM() RATIONAL_B_SPLINE_CURVE((1.,0.5,1.,0.5,
1.,0.5,1.)) REPRESENTATION_ITEM('') );
#4632 = CARTESIAN_POINT('',(28.3,24.));
#4633 = CARTESIAN_POINT('',(28.3,-12.02665679743));
#4634 = CARTESIAN_POINT('',(-2.9,5.986671601284));
#4635 = CARTESIAN_POINT('',(-34.1,24.));
#4636 = CARTESIAN_POINT('',(-2.9,42.013328398716));
#4637 = CARTESIAN_POINT('',(28.3,60.026656797433));
#4638 = CARTESIAN_POINT('',(28.3,24.));
#4639 = ( GEOMETRIC_REPRESENTATION_CONTEXT(2) 
PARAMETRIC_REPRESENTATION_CONTEXT() REPRESENTATION_CONTEXT('2D SPACE',''
  ) );
#4640 = ORIENTED_EDGE('',*,*,#4641,.T.);
#4641 = EDGE_CURVE('',#4609,#4642,#4644,.T.);
#4642 = VERTEX_POINT('',#4643);
#4643 = CARTESIAN_POINT('',(-66.,-77.90077318046,105.4));
#4644 = SURFACE_CURVE('',#4645,(#4649,#4655),.PCURVE_S1.);
#4645 = LINE('',#4646,#4647);
#4646 = CARTESIAN_POINT('',(-66.,-77.90077318046,104.4));
#4647 = VECTOR('',#4648,1.);
#4648 = DIRECTION('',(-0.,-0.,-1.));
#4649 = PCURVE('',#399,#4650);
#4650 = DEFINITIONAL_REPRESENTATION('',(#4651),#4654);
#4651 = B_SPLINE_CURVE_WITH_KNOTS('',1,(#4652,#4653),.UNSPECIFIED.,.F.,
  .F.,(2,2),(-14.2,-0.9999994),.PIECEWISE_BEZIER_KNOTS.);
#4652 = CARTESIAN_POINT('',(-4.343502628791,-14.2));
#4653 = CARTESIAN_POINT('',(-4.343502628791,-0.9999994));
#4654 = ( GEOMETRIC_REPRESENTATION_CONTEXT(2) 
PARAMETRIC_REPRESENTATION_CONTEXT() REPRESENTATION_CONTEXT('2D SPACE',''
  ) );
#4655 = PCURVE('',#4656,#4661);
#4656 = PLANE('',#4657);
#4657 = AXIS2_PLACEMENT_3D('',#4658,#4659,#4660);
#4658 = CARTESIAN_POINT('',(-66.,-82.5,105.4));
#4659 = DIRECTION('',(1.,0.,0.));
#4660 = DIRECTION('',(0.,0.,1.));
#4661 = DEFINITIONAL_REPRESENTATION('',(#4662),#4665);
#4662 = B_SPLINE_CURVE_WITH_KNOTS('',1,(#4663,#4664),.UNSPECIFIED.,.F.,
  .F.,(2,2),(-14.2,-0.9999994),.PIECEWISE_BEZIER_KNOTS.);
#4663 = CARTESIAN_POINT('',(13.2,-4.599226819531));
#4664 = CARTESIAN_POINT('',(-6.000000070117E-07,-4.599226819531));
#4665 = ( GEOMETRIC_REPRESENTATION_CONTEXT(2) 
PARAMETRIC_REPRESENTATION_CONTEXT() REPRESENTATION_CONTEXT('2D SPACE',''
  ) );
#4666 = ORIENTED_EDGE('',*,*,#4667,.T.);
#4667 = EDGE_CURVE('',#4642,#4668,#4670,.T.);
#4668 = VERTEX_POINT('',#4669);
#4669 = CARTESIAN_POINT('',(-77.90077318046,-66.,105.4));
#4670 = SURFACE_CURVE('',#4671,(#4676,#4683),.PCURVE_S1.);
#4671 = CIRCLE('',#4672,20.8);
#4672 = AXIS2_PLACEMENT_3D('',#4673,#4674,#4675);
#4673 = CARTESIAN_POINT('',(-58.5,-58.5,105.4));
#4674 = DIRECTION('',(0.,0.,-1.));
#4675 = DIRECTION('',(1.,0.,0.));
#4676 = PCURVE('',#399,#4677);
#4677 = DEFINITIONAL_REPRESENTATION('',(#4678),#4682);
#4678 = LINE('',#4679,#4680);
#4679 = CARTESIAN_POINT('',(-6.28318530718,-1.));
#4680 = VECTOR('',#4681,1.);
#4681 = DIRECTION('',(1.,-0.));
#4682 = ( GEOMETRIC_REPRESENTATION_CONTEXT(2) 
PARAMETRIC_REPRESENTATION_CONTEXT() REPRESENTATION_CONTEXT('2D SPACE',''
  ) );
#4683 = PCURVE('',#2104,#4684);
#4684 = DEFINITIONAL_REPRESENTATION('',(#4685),#4693);
#4685 = ( BOUNDED_CURVE() B_SPLINE_CURVE(2,(#4686,#4687,#4688,#4689,
#4690,#4691,#4692),.UNSPECIFIED.,.T.,.F.) B_SPLINE_CURVE_WITH_KNOTS((1,2
    ,2,2,2,1),(-2.094395102393,0.,2.094395102393,4.188790204786,
6.28318530718,8.377580409573),.UNSPECIFIED.) CURVE() 
GEOMETRIC_REPRESENTATION_ITEM() RATIONAL_B_SPLINE_CURVE((1.,0.5,1.,0.5,
1.,0.5,1.)) REPRESENTATION_ITEM('') );
#4686 = CARTESIAN_POINT('',(20.8,-7.105427357601E-15));
#4687 = CARTESIAN_POINT('',(20.8,-36.02665679743));
#4688 = CARTESIAN_POINT('',(-10.4,-18.01332839871));
#4689 = CARTESIAN_POINT('',(-41.6,-1.219995804205E-14));
#4690 = CARTESIAN_POINT('',(-10.4,18.013328398716));
#4691 = CARTESIAN_POINT('',(20.8,36.026656797433));
#4692 = CARTESIAN_POINT('',(20.8,-7.105427357601E-15));
#4693 = ( GEOMETRIC_REPRESENTATION_CONTEXT(2) 
PARAMETRIC_REPRESENTATION_CONTEXT() REPRESENTATION_CONTEXT('2D SPACE',''
  ) );
#4694 = ORIENTED_EDGE('',*,*,#4695,.F.);
#4695 = EDGE_CURVE('',#4696,#4668,#4698,.T.);
#4696 = VERTEX_POINT('',#4697);
#4697 = CARTESIAN_POINT('',(-77.90077318046,-66.,117.4));
#4698 = SURFACE_CURVE('',#4699,(#4703,#4709),.PCURVE_S1.);
#4699 = LINE('',#4700,#4701);
#4700 = CARTESIAN_POINT('',(-77.90077318046,-66.,104.4));
#4701 = VECTOR('',#4702,1.);
#4702 = DIRECTION('',(-0.,-0.,-1.));
#4703 = PCURVE('',#399,#4704);
#4704 = DEFINITIONAL_REPRESENTATION('',(#4705),#4708);
#4705 = B_SPLINE_CURVE_WITH_KNOTS('',1,(#4706,#4707),.UNSPECIFIED.,.F.,
  .F.,(2,2),(-14.2,-0.9999994),.PIECEWISE_BEZIER_KNOTS.);
#4706 = CARTESIAN_POINT('',(-3.510479005183,-14.2));
#4707 = CARTESIAN_POINT('',(-3.510479005183,-0.9999994));
#4708 = ( GEOMETRIC_REPRESENTATION_CONTEXT(2) 
PARAMETRIC_REPRESENTATION_CONTEXT() REPRESENTATION_CONTEXT('2D SPACE',''
  ) );
#4709 = PCURVE('',#4710,#4715);
#4710 = PLANE('',#4711);
#4711 = AXIS2_PLACEMENT_3D('',#4712,#4713,#4714);
#4712 = CARTESIAN_POINT('',(-82.5,-66.,105.4));
#4713 = DIRECTION('',(0.,1.,0.));
#4714 = DIRECTION('',(0.,0.,1.));
#4715 = DEFINITIONAL_REPRESENTATION('',(#4716),#4719);
#4716 = B_SPLINE_CURVE_WITH_KNOTS('',1,(#4717,#4718),.UNSPECIFIED.,.F.,
  .F.,(2,2),(-14.2,-0.9999994),.PIECEWISE_BEZIER_KNOTS.);
#4717 = CARTESIAN_POINT('',(13.2,4.599226819531));
#4718 = CARTESIAN_POINT('',(-6.000000070117E-07,4.599226819531));
#4719 = ( GEOMETRIC_REPRESENTATION_CONTEXT(2) 
PARAMETRIC_REPRESENTATION_CONTEXT() REPRESENTATION_CONTEXT('2D SPACE',''
  ) );
#4720 = ORIENTED_EDGE('',*,*,#4721,.T.);
#4721 = EDGE_CURVE('',#4696,#4722,#4724,.T.);
#4722 = VERTEX_POINT('',#4723);
#4723 = CARTESIAN_POINT('',(-79.3,-58.5,117.4));
#4724 = SURFACE_CURVE('',#4725,(#4730,#4737),.PCURVE_S1.);
#4725 = CIRCLE('',#4726,20.8);
#4726 = AXIS2_PLACEMENT_3D('',#4727,#4728,#4729);
#4727 = CARTESIAN_POINT('',(-58.5,-58.5,117.4));
#4728 = DIRECTION('',(0.,0.,-1.));
#4729 = DIRECTION('',(1.,0.,0.));
#4730 = PCURVE('',#399,#4731);
#4731 = DEFINITIONAL_REPRESENTATION('',(#4732),#4736);
#4732 = LINE('',#4733,#4734);
#4733 = CARTESIAN_POINT('',(-6.28318530718,-13.));
#4734 = VECTOR('',#4735,1.);
#4735 = DIRECTION('',(1.,-0.));
#4736 = ( GEOMETRIC_REPRESENTATION_CONTEXT(2) 
PARAMETRIC_REPRESENTATION_CONTEXT() REPRESENTATION_CONTEXT('2D SPACE',''
  ) );
#4737 = PCURVE('',#4738,#4743);
#4738 = PLANE('',#4739);
#4739 = AXIS2_PLACEMENT_3D('',#4740,#4741,#4742);
#4740 = CARTESIAN_POINT('',(-82.5,-66.,117.4));
#4741 = DIRECTION('',(0.,0.,1.));
#4742 = DIRECTION('',(1.,0.,0.));
#4743 = DEFINITIONAL_REPRESENTATION('',(#4744),#4752);
#4744 = ( BOUNDED_CURVE() B_SPLINE_CURVE(2,(#4745,#4746,#4747,#4748,
#4749,#4750,#4751),.UNSPECIFIED.,.T.,.F.) B_SPLINE_CURVE_WITH_KNOTS((1,2
    ,2,2,2,1),(-2.094395102393,0.,2.094395102393,4.188790204786,
6.28318530718,8.377580409573),.UNSPECIFIED.) CURVE() 
GEOMETRIC_REPRESENTATION_ITEM() RATIONAL_B_SPLINE_CURVE((1.,0.5,1.,0.5,
1.,0.5,1.)) REPRESENTATION_ITEM('') );
#4745 = CARTESIAN_POINT('',(44.8,7.5));
#4746 = CARTESIAN_POINT('',(44.8,-28.52665679743));
#4747 = CARTESIAN_POINT('',(13.6,-10.51332839871));
#4748 = CARTESIAN_POINT('',(-17.6,7.5));
#4749 = CARTESIAN_POINT('',(13.6,25.513328398716));
#4750 = CARTESIAN_POINT('',(44.8,43.526656797433));
#4751 = CARTESIAN_POINT('',(44.8,7.5));
#4752 = ( GEOMETRIC_REPRESENTATION_CONTEXT(2) 
PARAMETRIC_REPRESENTATION_CONTEXT() REPRESENTATION_CONTEXT('2D SPACE',''
  ) );
#4753 = ORIENTED_EDGE('',*,*,#4754,.T.);
#4754 = EDGE_CURVE('',#4722,#1414,#4755,.T.);
#4755 = SURFACE_CURVE('',#4756,(#4760,#4767),.PCURVE_S1.);
#4756 = LINE('',#4757,#4758);
#4757 = CARTESIAN_POINT('',(-79.3,-58.5,104.4));
#4758 = VECTOR('',#4759,1.);
#4759 = DIRECTION('',(0.,0.,1.));
#4760 = PCURVE('',#399,#4761);
#4761 = DEFINITIONAL_REPRESENTATION('',(#4762),#4766);
#4762 = LINE('',#4763,#4764);
#4763 = CARTESIAN_POINT('',(-3.14159265359,0.));
#4764 = VECTOR('',#4765,1.);
#4765 = DIRECTION('',(-0.,-1.));
#4766 = ( GEOMETRIC_REPRESENTATION_CONTEXT(2) 
PARAMETRIC_REPRESENTATION_CONTEXT() REPRESENTATION_CONTEXT('2D SPACE',''
  ) );
#4767 = PCURVE('',#1457,#4768);
#4768 = DEFINITIONAL_REPRESENTATION('',(#4769),#4773);
#4769 = LINE('',#4770,#4771);
#4770 = CARTESIAN_POINT('',(0.,0.));
#4771 = VECTOR('',#4772,1.);
#4772 = DIRECTION('',(1.,0.));
#4773 = ( GEOMETRIC_REPRESENTATION_CONTEXT(2) 
PARAMETRIC_REPRESENTATION_CONTEXT() REPRESENTATION_CONTEXT('2D SPACE',''
  ) );
#4774 = ORIENTED_EDGE('',*,*,#1413,.F.);
#4775 = ORIENTED_EDGE('',*,*,#4776,.T.);
#4776 = EDGE_CURVE('',#1386,#4777,#4779,.T.);
#4777 = VERTEX_POINT('',#4778);
#4778 = CARTESIAN_POINT('',(-79.24584295708,-60.,264.));
#4779 = SURFACE_CURVE('',#4780,(#4784,#4790),.PCURVE_S1.);
#4780 = LINE('',#4781,#4782);
#4781 = CARTESIAN_POINT('',(-79.24584295708,-60.,104.4));
#4782 = VECTOR('',#4783,1.);
#4783 = DIRECTION('',(-0.,-0.,-1.));
#4784 = PCURVE('',#399,#4785);
#4785 = DEFINITIONAL_REPRESENTATION('',(#4786),#4789);
#4786 = B_SPLINE_CURVE_WITH_KNOTS('',1,(#4787,#4788),.UNSPECIFIED.,.F.,
  .F.,(2,2),(-163.6000006,-159.2),.PIECEWISE_BEZIER_KNOTS.);
#4787 = CARTESIAN_POINT('',(-3.213770692501,-163.6000006));
#4788 = CARTESIAN_POINT('',(-3.213770692501,-159.2));
#4789 = ( GEOMETRIC_REPRESENTATION_CONTEXT(2) 
PARAMETRIC_REPRESENTATION_CONTEXT() REPRESENTATION_CONTEXT('2D SPACE',''
  ) );
#4790 = PCURVE('',#1401,#4791);
#4791 = DEFINITIONAL_REPRESENTATION('',(#4792),#4795);
#4792 = B_SPLINE_CURVE_WITH_KNOTS('',1,(#4793,#4794),.UNSPECIFIED.,.F.,
  .F.,(2,2),(-163.6000006,-159.2),.PIECEWISE_BEZIER_KNOTS.);
#4793 = CARTESIAN_POINT('',(4.0000006,1.254157042916));
#4794 = CARTESIAN_POINT('',(-0.4,1.254157042916));
#4795 = ( GEOMETRIC_REPRESENTATION_CONTEXT(2) 
PARAMETRIC_REPRESENTATION_CONTEXT() REPRESENTATION_CONTEXT('2D SPACE',''
  ) );
#4796 = ORIENTED_EDGE('',*,*,#4797,.F.);
#4797 = EDGE_CURVE('',#4798,#4777,#4800,.T.);
#4798 = VERTEX_POINT('',#4799);
#4799 = CARTESIAN_POINT('',(-69.7423307192,-76.,264.));
#4800 = SURFACE_CURVE('',#4801,(#4806,#4813),.PCURVE_S1.);
#4801 = CIRCLE('',#4802,20.8);
#4802 = AXIS2_PLACEMENT_3D('',#4803,#4804,#4805);
#4803 = CARTESIAN_POINT('',(-58.5,-58.5,264.));
#4804 = DIRECTION('',(0.,0.,-1.));
#4805 = DIRECTION('',(1.,0.,0.));
#4806 = PCURVE('',#399,#4807);
#4807 = DEFINITIONAL_REPRESENTATION('',(#4808),#4812);
#4808 = LINE('',#4809,#4810);
#4809 = CARTESIAN_POINT('',(-6.28318530718,-159.6));
#4810 = VECTOR('',#4811,1.);
#4811 = DIRECTION('',(1.,-0.));
#4812 = ( GEOMETRIC_REPRESENTATION_CONTEXT(2) 
PARAMETRIC_REPRESENTATION_CONTEXT() REPRESENTATION_CONTEXT('2D SPACE',''
  ) );
#4813 = PCURVE('',#4814,#4819);
#4814 = PLANE('',#4815);
#4815 = AXIS2_PLACEMENT_3D('',#4816,#4817,#4818);
#4816 = CARTESIAN_POINT('',(-80.5,-76.,264.));
#4817 = DIRECTION('',(0.,0.,1.));
#4818 = DIRECTION('',(1.,0.,0.));
#4819 = DEFINITIONAL_REPRESENTATION('',(#4820),#4828);
#4820 = ( BOUNDED_CURVE() B_SPLINE_CURVE(2,(#4821,#4822,#4823,#4824,
#4825,#4826,#4827),.UNSPECIFIED.,.T.,.F.) B_SPLINE_CURVE_WITH_KNOTS((1,2
    ,2,2,2,1),(-2.094395102393,0.,2.094395102393,4.188790204786,
6.28318530718,8.377580409573),.UNSPECIFIED.) CURVE() 
GEOMETRIC_REPRESENTATION_ITEM() RATIONAL_B_SPLINE_CURVE((1.,0.5,1.,0.5,
1.,0.5,1.)) REPRESENTATION_ITEM('') );
#4821 = CARTESIAN_POINT('',(42.8,17.5));
#4822 = CARTESIAN_POINT('',(42.8,-18.52665679743));
#4823 = CARTESIAN_POINT('',(11.6,-0.513328398716));
#4824 = CARTESIAN_POINT('',(-19.6,17.5));
#4825 = CARTESIAN_POINT('',(11.6,35.513328398716));
#4826 = CARTESIAN_POINT('',(42.8,53.526656797433));
#4827 = CARTESIAN_POINT('',(42.8,17.5));
#4828 = ( GEOMETRIC_REPRESENTATION_CONTEXT(2) 
PARAMETRIC_REPRESENTATION_CONTEXT() REPRESENTATION_CONTEXT('2D SPACE',''
  ) );
#4829 = ORIENTED_EDGE('',*,*,#4830,.F.);
#4830 = EDGE_CURVE('',#379,#4798,#4831,.T.);
#4831 = SURFACE_CURVE('',#4832,(#4836,#4842),.PCURVE_S1.);
#4832 = LINE('',#4833,#4834);
#4833 = CARTESIAN_POINT('',(-69.7423307192,-76.,104.4));
#4834 = VECTOR('',#4835,1.);
#4835 = DIRECTION('',(-0.,-0.,-1.));
#4836 = PCURVE('',#399,#4837);
#4837 = DEFINITIONAL_REPRESENTATION('',(#4838),#4841);
#4838 = B_SPLINE_CURVE_WITH_KNOTS('',1,(#4839,#4840),.UNSPECIFIED.,.F.,
  .F.,(2,2),(-163.6000006,-159.2),.PIECEWISE_BEZIER_KNOTS.);
#4839 = CARTESIAN_POINT('',(-4.141361656033,-163.6000006));
#4840 = CARTESIAN_POINT('',(-4.141361656033,-159.2));
#4841 = ( GEOMETRIC_REPRESENTATION_CONTEXT(2) 
PARAMETRIC_REPRESENTATION_CONTEXT() REPRESENTATION_CONTEXT('2D SPACE',''
  ) );
#4842 = PCURVE('',#427,#4843);
#4843 = DEFINITIONAL_REPRESENTATION('',(#4844),#4847);
#4844 = B_SPLINE_CURVE_WITH_KNOTS('',1,(#4845,#4846),.UNSPECIFIED.,.F.,
  .F.,(2,2),(-163.6000006,-159.2),.PIECEWISE_BEZIER_KNOTS.);
#4845 = CARTESIAN_POINT('',(4.0000006,10.757669280794));
#4846 = CARTESIAN_POINT('',(-0.4,10.757669280794));
#4847 = ( GEOMETRIC_REPRESENTATION_CONTEXT(2) 
PARAMETRIC_REPRESENTATION_CONTEXT() REPRESENTATION_CONTEXT('2D SPACE',''
  ) );
#4848 = ORIENTED_EDGE('',*,*,#376,.F.);
#4849 = ORIENTED_EDGE('',*,*,#4850,.T.);
#4850 = EDGE_CURVE('',#377,#4550,#4851,.T.);
#4851 = SURFACE_CURVE('',#4852,(#4856,#4862),.PCURVE_S1.);
#4852 = LINE('',#4853,#4854);
#4853 = CARTESIAN_POINT('',(-66.,-77.90077318046,104.4));
#4854 = VECTOR('',#4855,1.);
#4855 = DIRECTION('',(-0.,-0.,-1.));
#4856 = PCURVE('',#399,#4857);
#4857 = DEFINITIONAL_REPRESENTATION('',(#4858),#4861);
#4858 = B_SPLINE_CURVE_WITH_KNOTS('',1,(#4859,#4860),.UNSPECIFIED.,.F.,
  .F.,(2,2),(-163.6000006,-104.2),.PIECEWISE_BEZIER_KNOTS.);
#4859 = CARTESIAN_POINT('',(-4.343502628791,-163.6000006));
#4860 = CARTESIAN_POINT('',(-4.343502628791,-104.2));
#4861 = ( GEOMETRIC_REPRESENTATION_CONTEXT(2) 
PARAMETRIC_REPRESENTATION_CONTEXT() REPRESENTATION_CONTEXT('2D SPACE',''
  ) );
#4862 = PCURVE('',#453,#4863);
#4863 = DEFINITIONAL_REPRESENTATION('',(#4864),#4867);
#4864 = B_SPLINE_CURVE_WITH_KNOTS('',1,(#4865,#4866),.UNSPECIFIED.,.F.,
  .F.,(2,2),(-163.6000006,-104.2),.PIECEWISE_BEZIER_KNOTS.);
#4865 = CARTESIAN_POINT('',(54.0000006,-2.099226819531));
#4866 = CARTESIAN_POINT('',(-5.4,-2.099226819531));
#4867 = ( GEOMETRIC_REPRESENTATION_CONTEXT(2) 
PARAMETRIC_REPRESENTATION_CONTEXT() REPRESENTATION_CONTEXT('2D SPACE',''
  ) );
#4868 = ADVANCED_FACE('',(#4869),#453,.F.);
#4869 = FACE_BOUND('',#4870,.F.);
#4870 = EDGE_LOOP('',(#4871,#4872,#4873,#4896,#4917,#4918,#4939,#4960));
#4871 = ORIENTED_EDGE('',*,*,#439,.F.);
#4872 = ORIENTED_EDGE('',*,*,#4850,.T.);
#4873 = ORIENTED_EDGE('',*,*,#4874,.T.);
#4874 = EDGE_CURVE('',#4550,#4875,#4877,.T.);
#4875 = VERTEX_POINT('',#4876);
#4876 = CARTESIAN_POINT('',(-66.,-56.,214.));
#4877 = SURFACE_CURVE('',#4878,(#4882,#4889),.PCURVE_S1.);
#4878 = LINE('',#4879,#4880);
#4879 = CARTESIAN_POINT('',(-66.,-80.,214.));
#4880 = VECTOR('',#4881,1.);
#4881 = DIRECTION('',(0.,1.,0.));
#4882 = PCURVE('',#453,#4883);
#4883 = DEFINITIONAL_REPRESENTATION('',(#4884),#4888);
#4884 = LINE('',#4885,#4886);
#4885 = CARTESIAN_POINT('',(0.,0.));
#4886 = VECTOR('',#4887,1.);
#4887 = DIRECTION('',(0.,-1.));
#4888 = ( GEOMETRIC_REPRESENTATION_CONTEXT(2) 
PARAMETRIC_REPRESENTATION_CONTEXT() REPRESENTATION_CONTEXT('2D SPACE',''
  ) );
#4889 = PCURVE('',#4566,#4890);
#4890 = DEFINITIONAL_REPRESENTATION('',(#4891),#4895);
#4891 = LINE('',#4892,#4893);
#4892 = CARTESIAN_POINT('',(0.,0.));
#4893 = VECTOR('',#4894,1.);
#4894 = DIRECTION('',(0.,1.));
#4895 = ( GEOMETRIC_REPRESENTATION_CONTEXT(2) 
PARAMETRIC_REPRESENTATION_CONTEXT() REPRESENTATION_CONTEXT('2D SPACE',''
  ) );
#4896 = ORIENTED_EDGE('',*,*,#4897,.T.);
#4897 = EDGE_CURVE('',#4875,#1335,#4898,.T.);
#4898 = SURFACE_CURVE('',#4899,(#4903,#4910),.PCURVE_S1.);
#4899 = LINE('',#4900,#4901);
#4900 = CARTESIAN_POINT('',(-66.,-56.,214.));
#4901 = VECTOR('',#4902,1.);
#4902 = DIRECTION('',(0.,0.,1.));
#4903 = PCURVE('',#453,#4904);
#4904 = DEFINITIONAL_REPRESENTATION('',(#4905),#4909);
#4905 = LINE('',#4906,#4907);
#4906 = CARTESIAN_POINT('',(0.,-24.));
#4907 = VECTOR('',#4908,1.);
#4908 = DIRECTION('',(1.,0.));
#4909 = ( GEOMETRIC_REPRESENTATION_CONTEXT(2) 
PARAMETRIC_REPRESENTATION_CONTEXT() REPRESENTATION_CONTEXT('2D SPACE',''
  ) );
#4910 = PCURVE('',#1350,#4911);
#4911 = DEFINITIONAL_REPRESENTATION('',(#4912),#4916);
#4912 = LINE('',#4913,#4914);
#4913 = CARTESIAN_POINT('',(0.,0.));
#4914 = VECTOR('',#4915,1.);
#4915 = DIRECTION('',(1.,0.));
#4916 = ( GEOMETRIC_REPRESENTATION_CONTEXT(2) 
PARAMETRIC_REPRESENTATION_CONTEXT() REPRESENTATION_CONTEXT('2D SPACE',''
  ) );
#4917 = ORIENTED_EDGE('',*,*,#1362,.F.);
#4918 = ORIENTED_EDGE('',*,*,#4919,.F.);
#4919 = EDGE_CURVE('',#4920,#1363,#4922,.T.);
#4920 = VERTEX_POINT('',#4921);
#4921 = CARTESIAN_POINT('',(-66.,-60.,264.));
#4922 = SURFACE_CURVE('',#4923,(#4927,#4933),.PCURVE_S1.);
#4923 = LINE('',#4924,#4925);
#4924 = CARTESIAN_POINT('',(-66.,-60.,239.));
#4925 = VECTOR('',#4926,1.);
#4926 = DIRECTION('',(0.,0.,1.));
#4927 = PCURVE('',#453,#4928);
#4928 = DEFINITIONAL_REPRESENTATION('',(#4929),#4932);
#4929 = B_SPLINE_CURVE_WITH_KNOTS('',1,(#4930,#4931),.UNSPECIFIED.,.F.,
  .F.,(2,2),(25.,29.),.PIECEWISE_BEZIER_KNOTS.);
#4930 = CARTESIAN_POINT('',(50.,-20.));
#4931 = CARTESIAN_POINT('',(54.,-20.));
#4932 = ( GEOMETRIC_REPRESENTATION_CONTEXT(2) 
PARAMETRIC_REPRESENTATION_CONTEXT() REPRESENTATION_CONTEXT('2D SPACE',''
  ) );
#4933 = PCURVE('',#1401,#4934);
#4934 = DEFINITIONAL_REPRESENTATION('',(#4935),#4938);
#4935 = B_SPLINE_CURVE_WITH_KNOTS('',1,(#4936,#4937),.UNSPECIFIED.,.F.,
  .F.,(2,2),(25.,29.),.PIECEWISE_BEZIER_KNOTS.);
#4936 = CARTESIAN_POINT('',(0.,14.5));
#4937 = CARTESIAN_POINT('',(4.,14.5));
#4938 = ( GEOMETRIC_REPRESENTATION_CONTEXT(2) 
PARAMETRIC_REPRESENTATION_CONTEXT() REPRESENTATION_CONTEXT('2D SPACE',''
  ) );
#4939 = ORIENTED_EDGE('',*,*,#4940,.T.);
#4940 = EDGE_CURVE('',#4920,#4941,#4943,.T.);
#4941 = VERTEX_POINT('',#4942);
#4942 = CARTESIAN_POINT('',(-66.,-76.,264.));
#4943 = SURFACE_CURVE('',#4944,(#4948,#4954),.PCURVE_S1.);
#4944 = LINE('',#4945,#4946);
#4945 = CARTESIAN_POINT('',(-66.,-78.,264.));
#4946 = VECTOR('',#4947,1.);
#4947 = DIRECTION('',(0.,-1.,0.));
#4948 = PCURVE('',#453,#4949);
#4949 = DEFINITIONAL_REPRESENTATION('',(#4950),#4953);
#4950 = B_SPLINE_CURVE_WITH_KNOTS('',1,(#4951,#4952),.UNSPECIFIED.,.F.,
  .F.,(2,2),(-18.,-2.),.PIECEWISE_BEZIER_KNOTS.);
#4951 = CARTESIAN_POINT('',(50.,-20.));
#4952 = CARTESIAN_POINT('',(50.,-4.));
#4953 = ( GEOMETRIC_REPRESENTATION_CONTEXT(2) 
PARAMETRIC_REPRESENTATION_CONTEXT() REPRESENTATION_CONTEXT('2D SPACE',''
  ) );
#4954 = PCURVE('',#4814,#4955);
#4955 = DEFINITIONAL_REPRESENTATION('',(#4956),#4959);
#4956 = B_SPLINE_CURVE_WITH_KNOTS('',1,(#4957,#4958),.UNSPECIFIED.,.F.,
  .F.,(2,2),(-18.,-2.),.PIECEWISE_BEZIER_KNOTS.);
#4957 = CARTESIAN_POINT('',(14.5,16.));
#4958 = CARTESIAN_POINT('',(14.5,0.));
#4959 = ( GEOMETRIC_REPRESENTATION_CONTEXT(2) 
PARAMETRIC_REPRESENTATION_CONTEXT() REPRESENTATION_CONTEXT('2D SPACE',''
  ) );
#4960 = ORIENTED_EDGE('',*,*,#4961,.T.);
#4961 = EDGE_CURVE('',#4941,#412,#4962,.T.);
#4962 = SURFACE_CURVE('',#4963,(#4967,#4973),.PCURVE_S1.);
#4963 = LINE('',#4964,#4965);
#4964 = CARTESIAN_POINT('',(-66.,-76.,239.));
#4965 = VECTOR('',#4966,1.);
#4966 = DIRECTION('',(0.,0.,1.));
#4967 = PCURVE('',#453,#4968);
#4968 = DEFINITIONAL_REPRESENTATION('',(#4969),#4972);
#4969 = B_SPLINE_CURVE_WITH_KNOTS('',1,(#4970,#4971),.UNSPECIFIED.,.F.,
  .F.,(2,2),(25.,29.),.PIECEWISE_BEZIER_KNOTS.);
#4970 = CARTESIAN_POINT('',(50.,-4.));
#4971 = CARTESIAN_POINT('',(54.,-4.));
#4972 = ( GEOMETRIC_REPRESENTATION_CONTEXT(2) 
PARAMETRIC_REPRESENTATION_CONTEXT() REPRESENTATION_CONTEXT('2D SPACE',''
  ) );
#4973 = PCURVE('',#427,#4974);
#4974 = DEFINITIONAL_REPRESENTATION('',(#4975),#4978);
#4975 = B_SPLINE_CURVE_WITH_KNOTS('',1,(#4976,#4977),.UNSPECIFIED.,.F.,
  .F.,(2,2),(25.,29.),.PIECEWISE_BEZIER_KNOTS.);
#4976 = CARTESIAN_POINT('',(0.,14.5));
#4977 = CARTESIAN_POINT('',(4.,14.5));
#4978 = ( GEOMETRIC_REPRESENTATION_CONTEXT(2) 
PARAMETRIC_REPRESENTATION_CONTEXT() REPRESENTATION_CONTEXT('2D SPACE',''
  ) );
#4979 = ADVANCED_FACE('',(#4980),#427,.F.);
#4980 = FACE_BOUND('',#4981,.F.);
#4981 = EDGE_LOOP('',(#4982,#5003,#5004,#5005));
#4982 = ORIENTED_EDGE('',*,*,#4983,.F.);
#4983 = EDGE_CURVE('',#4798,#4941,#4984,.T.);
#4984 = SURFACE_CURVE('',#4985,(#4989,#4996),.PCURVE_S1.);
#4985 = LINE('',#4986,#4987);
#4986 = CARTESIAN_POINT('',(-80.5,-76.,264.));
#4987 = VECTOR('',#4988,1.);
#4988 = DIRECTION('',(1.,0.,0.));
#4989 = PCURVE('',#427,#4990);
#4990 = DEFINITIONAL_REPRESENTATION('',(#4991),#4995);
#4991 = LINE('',#4992,#4993);
#4992 = CARTESIAN_POINT('',(0.,0.));
#4993 = VECTOR('',#4994,1.);
#4994 = DIRECTION('',(0.,1.));
#4995 = ( GEOMETRIC_REPRESENTATION_CONTEXT(2) 
PARAMETRIC_REPRESENTATION_CONTEXT() REPRESENTATION_CONTEXT('2D SPACE',''
  ) );
#4996 = PCURVE('',#4814,#4997);
#4997 = DEFINITIONAL_REPRESENTATION('',(#4998),#5002);
#4998 = LINE('',#4999,#5000);
#4999 = CARTESIAN_POINT('',(0.,0.));
#5000 = VECTOR('',#5001,1.);
#5001 = DIRECTION('',(1.,0.));
#5002 = ( GEOMETRIC_REPRESENTATION_CONTEXT(2) 
PARAMETRIC_REPRESENTATION_CONTEXT() REPRESENTATION_CONTEXT('2D SPACE',''
  ) );
#5003 = ORIENTED_EDGE('',*,*,#4830,.F.);
#5004 = ORIENTED_EDGE('',*,*,#411,.T.);
#5005 = ORIENTED_EDGE('',*,*,#4961,.F.);
#5006 = ADVANCED_FACE('',(#5007),#485,.T.);
#5007 = FACE_BOUND('',#5008,.T.);
#5008 = EDGE_LOOP('',(#5009,#5010,#5031,#5054,#5075,#5076,#5097,#5123));
#5009 = ORIENTED_EDGE('',*,*,#467,.F.);
#5010 = ORIENTED_EDGE('',*,*,#5011,.T.);
#5011 = EDGE_CURVE('',#468,#5012,#5014,.T.);
#5012 = VERTEX_POINT('',#5013);
#5013 = CARTESIAN_POINT('',(-42.,-79.3,214.));
#5014 = SURFACE_CURVE('',#5015,(#5019,#5025),.PCURVE_S1.);
#5015 = LINE('',#5016,#5017);
#5016 = CARTESIAN_POINT('',(-42.,-79.3,159.2));
#5017 = VECTOR('',#5018,1.);
#5018 = DIRECTION('',(0.,0.,-1.));
#5019 = PCURVE('',#485,#5020);
#5020 = DEFINITIONAL_REPRESENTATION('',(#5021),#5024);
#5021 = B_SPLINE_CURVE_WITH_KNOTS('',1,(#5022,#5023),.UNSPECIFIED.,.F.,
  .F.,(2,2),(-108.8,-54.8),.PIECEWISE_BEZIER_KNOTS.);
#5022 = CARTESIAN_POINT('',(54.,-0.7));
#5023 = CARTESIAN_POINT('',(0.,-0.7));
#5024 = ( GEOMETRIC_REPRESENTATION_CONTEXT(2) 
PARAMETRIC_REPRESENTATION_CONTEXT() REPRESENTATION_CONTEXT('2D SPACE',''
  ) );
#5025 = PCURVE('',#567,#5026);
#5026 = DEFINITIONAL_REPRESENTATION('',(#5027),#5030);
#5027 = B_SPLINE_CURVE_WITH_KNOTS('',1,(#5028,#5029),.UNSPECIFIED.,.F.,
  .F.,(2,2),(-108.8,-54.8),.PIECEWISE_BEZIER_KNOTS.);
#5028 = CARTESIAN_POINT('',(163.6,16.5));
#5029 = CARTESIAN_POINT('',(109.6,16.5));
#5030 = ( GEOMETRIC_REPRESENTATION_CONTEXT(2) 
PARAMETRIC_REPRESENTATION_CONTEXT() REPRESENTATION_CONTEXT('2D SPACE',''
  ) );
#5031 = ORIENTED_EDGE('',*,*,#5032,.T.);
#5032 = EDGE_CURVE('',#5012,#5033,#5035,.T.);
#5033 = VERTEX_POINT('',#5034);
#5034 = CARTESIAN_POINT('',(-42.,-56.,214.));
#5035 = SURFACE_CURVE('',#5036,(#5040,#5047),.PCURVE_S1.);
#5036 = LINE('',#5037,#5038);
#5037 = CARTESIAN_POINT('',(-42.,-80.,214.));
#5038 = VECTOR('',#5039,1.);
#5039 = DIRECTION('',(0.,1.,0.));
#5040 = PCURVE('',#485,#5041);
#5041 = DEFINITIONAL_REPRESENTATION('',(#5042),#5046);
#5042 = LINE('',#5043,#5044);
#5043 = CARTESIAN_POINT('',(0.,0.));
#5044 = VECTOR('',#5045,1.);
#5045 = DIRECTION('',(0.,-1.));
#5046 = ( GEOMETRIC_REPRESENTATION_CONTEXT(2) 
PARAMETRIC_REPRESENTATION_CONTEXT() REPRESENTATION_CONTEXT('2D SPACE',''
  ) );
#5047 = PCURVE('',#4566,#5048);
#5048 = DEFINITIONAL_REPRESENTATION('',(#5049),#5053);
#5049 = LINE('',#5050,#5051);
#5050 = CARTESIAN_POINT('',(24.,0.));
#5051 = VECTOR('',#5052,1.);
#5052 = DIRECTION('',(0.,1.));
#5053 = ( GEOMETRIC_REPRESENTATION_CONTEXT(2) 
PARAMETRIC_REPRESENTATION_CONTEXT() REPRESENTATION_CONTEXT('2D SPACE',''
  ) );
#5054 = ORIENTED_EDGE('',*,*,#5055,.T.);
#5055 = EDGE_CURVE('',#5033,#1200,#5056,.T.);
#5056 = SURFACE_CURVE('',#5057,(#5061,#5068),.PCURVE_S1.);
#5057 = LINE('',#5058,#5059);
#5058 = CARTESIAN_POINT('',(-42.,-56.,214.));
#5059 = VECTOR('',#5060,1.);
#5060 = DIRECTION('',(0.,0.,1.));
#5061 = PCURVE('',#485,#5062);
#5062 = DEFINITIONAL_REPRESENTATION('',(#5063),#5067);
#5063 = LINE('',#5064,#5065);
#5064 = CARTESIAN_POINT('',(0.,-24.));
#5065 = VECTOR('',#5066,1.);
#5066 = DIRECTION('',(1.,0.));
#5067 = ( GEOMETRIC_REPRESENTATION_CONTEXT(2) 
PARAMETRIC_REPRESENTATION_CONTEXT() REPRESENTATION_CONTEXT('2D SPACE',''
  ) );
#5068 = PCURVE('',#1238,#5069);
#5069 = DEFINITIONAL_REPRESENTATION('',(#5070),#5074);
#5070 = LINE('',#5071,#5072);
#5071 = CARTESIAN_POINT('',(0.,24.));
#5072 = VECTOR('',#5073,1.);
#5073 = DIRECTION('',(1.,0.));
#5074 = ( GEOMETRIC_REPRESENTATION_CONTEXT(2) 
PARAMETRIC_REPRESENTATION_CONTEXT() REPRESENTATION_CONTEXT('2D SPACE',''
  ) );
#5075 = ORIENTED_EDGE('',*,*,#1199,.F.);
#5076 = ORIENTED_EDGE('',*,*,#5077,.F.);
#5077 = EDGE_CURVE('',#5078,#1172,#5080,.T.);
#5078 = VERTEX_POINT('',#5079);
#5079 = CARTESIAN_POINT('',(-42.,-60.,264.));
#5080 = SURFACE_CURVE('',#5081,(#5085,#5091),.PCURVE_S1.);
#5081 = LINE('',#5082,#5083);
#5082 = CARTESIAN_POINT('',(-42.,-60.,239.));
#5083 = VECTOR('',#5084,1.);
#5084 = DIRECTION('',(0.,0.,1.));
#5085 = PCURVE('',#485,#5086);
#5086 = DEFINITIONAL_REPRESENTATION('',(#5087),#5090);
#5087 = B_SPLINE_CURVE_WITH_KNOTS('',1,(#5088,#5089),.UNSPECIFIED.,.F.,
  .F.,(2,2),(25.,29.),.PIECEWISE_BEZIER_KNOTS.);
#5088 = CARTESIAN_POINT('',(50.,-20.));
#5089 = CARTESIAN_POINT('',(54.,-20.));
#5090 = ( GEOMETRIC_REPRESENTATION_CONTEXT(2) 
PARAMETRIC_REPRESENTATION_CONTEXT() REPRESENTATION_CONTEXT('2D SPACE',''
  ) );
#5091 = PCURVE('',#1187,#5092);
#5092 = DEFINITIONAL_REPRESENTATION('',(#5093),#5096);
#5093 = B_SPLINE_CURVE_WITH_KNOTS('',1,(#5094,#5095),.UNSPECIFIED.,.F.,
  .F.,(2,2),(25.,29.),.PIECEWISE_BEZIER_KNOTS.);
#5094 = CARTESIAN_POINT('',(0.,38.5));
#5095 = CARTESIAN_POINT('',(4.,38.5));
#5096 = ( GEOMETRIC_REPRESENTATION_CONTEXT(2) 
PARAMETRIC_REPRESENTATION_CONTEXT() REPRESENTATION_CONTEXT('2D SPACE',''
  ) );
#5097 = ORIENTED_EDGE('',*,*,#5098,.T.);
#5098 = EDGE_CURVE('',#5078,#5099,#5101,.T.);
#5099 = VERTEX_POINT('',#5100);
#5100 = CARTESIAN_POINT('',(-42.,-76.,264.));
#5101 = SURFACE_CURVE('',#5102,(#5106,#5112),.PCURVE_S1.);
#5102 = LINE('',#5103,#5104);
#5103 = CARTESIAN_POINT('',(-42.,-78.,264.));
#5104 = VECTOR('',#5105,1.);
#5105 = DIRECTION('',(0.,-1.,0.));
#5106 = PCURVE('',#485,#5107);
#5107 = DEFINITIONAL_REPRESENTATION('',(#5108),#5111);
#5108 = B_SPLINE_CURVE_WITH_KNOTS('',1,(#5109,#5110),.UNSPECIFIED.,.F.,
  .F.,(2,2),(-18.,-2.),.PIECEWISE_BEZIER_KNOTS.);
#5109 = CARTESIAN_POINT('',(50.,-20.));
#5110 = CARTESIAN_POINT('',(50.,-4.));
#5111 = ( GEOMETRIC_REPRESENTATION_CONTEXT(2) 
PARAMETRIC_REPRESENTATION_CONTEXT() REPRESENTATION_CONTEXT('2D SPACE',''
  ) );
#5112 = PCURVE('',#5113,#5118);
#5113 = PLANE('',#5114);
#5114 = AXIS2_PLACEMENT_3D('',#5115,#5116,#5117);
#5115 = CARTESIAN_POINT('',(-80.5,-76.,264.));
#5116 = DIRECTION('',(0.,0.,1.));
#5117 = DIRECTION('',(1.,0.,0.));
#5118 = DEFINITIONAL_REPRESENTATION('',(#5119),#5122);
#5119 = B_SPLINE_CURVE_WITH_KNOTS('',1,(#5120,#5121),.UNSPECIFIED.,.F.,
  .F.,(2,2),(-18.,-2.),.PIECEWISE_BEZIER_KNOTS.);
#5120 = CARTESIAN_POINT('',(38.5,16.));
#5121 = CARTESIAN_POINT('',(38.5,0.));
#5122 = ( GEOMETRIC_REPRESENTATION_CONTEXT(2) 
PARAMETRIC_REPRESENTATION_CONTEXT() REPRESENTATION_CONTEXT('2D SPACE',''
  ) );
#5123 = ORIENTED_EDGE('',*,*,#5124,.T.);
#5124 = EDGE_CURVE('',#5099,#470,#5125,.T.);
#5125 = SURFACE_CURVE('',#5126,(#5130,#5136),.PCURVE_S1.);
#5126 = LINE('',#5127,#5128);
#5127 = CARTESIAN_POINT('',(-42.,-76.,239.));
#5128 = VECTOR('',#5129,1.);
#5129 = DIRECTION('',(0.,0.,1.));
#5130 = PCURVE('',#485,#5131);
#5131 = DEFINITIONAL_REPRESENTATION('',(#5132),#5135);
#5132 = B_SPLINE_CURVE_WITH_KNOTS('',1,(#5133,#5134),.UNSPECIFIED.,.F.,
  .F.,(2,2),(25.,29.),.PIECEWISE_BEZIER_KNOTS.);
#5133 = CARTESIAN_POINT('',(50.,-4.));
#5134 = CARTESIAN_POINT('',(54.,-4.));
#5135 = ( GEOMETRIC_REPRESENTATION_CONTEXT(2) 
PARAMETRIC_REPRESENTATION_CONTEXT() REPRESENTATION_CONTEXT('2D SPACE',''
  ) );
#5136 = PCURVE('',#513,#5137);
#5137 = DEFINITIONAL_REPRESENTATION('',(#5138),#5141);
#5138 = B_SPLINE_CURVE_WITH_KNOTS('',1,(#5139,#5140),.UNSPECIFIED.,.F.,
  .F.,(2,2),(25.,29.),.PIECEWISE_BEZIER_KNOTS.);
#5139 = CARTESIAN_POINT('',(0.,38.5));
#5140 = CARTESIAN_POINT('',(4.,38.5));
#5141 = ( GEOMETRIC_REPRESENTATION_CONTEXT(2) 
PARAMETRIC_REPRESENTATION_CONTEXT() REPRESENTATION_CONTEXT('2D SPACE',''
  ) );
#5142 = ADVANCED_FACE('',(#5143),#567,.T.);
#5143 = FACE_BOUND('',#5144,.T.);
#5144 = EDGE_LOOP('',(#5145,#5146,#5167,#5194,#5220,#5246,#5272,#5292));
#5145 = ORIENTED_EDGE('',*,*,#553,.F.);
#5146 = ORIENTED_EDGE('',*,*,#5147,.T.);
#5147 = EDGE_CURVE('',#526,#5148,#5150,.T.);
#5148 = VERTEX_POINT('',#5149);
#5149 = CARTESIAN_POINT('',(42.,-79.3,214.));
#5150 = SURFACE_CURVE('',#5151,(#5155,#5161),.PCURVE_S1.);
#5151 = LINE('',#5152,#5153);
#5152 = CARTESIAN_POINT('',(42.,-79.3,159.2));
#5153 = VECTOR('',#5154,1.);
#5154 = DIRECTION('',(0.,0.,-1.));
#5155 = PCURVE('',#567,#5156);
#5156 = DEFINITIONAL_REPRESENTATION('',(#5157),#5160);
#5157 = B_SPLINE_CURVE_WITH_KNOTS('',1,(#5158,#5159),.UNSPECIFIED.,.F.,
  .F.,(2,2),(-108.8,-54.8),.PIECEWISE_BEZIER_KNOTS.);
#5158 = CARTESIAN_POINT('',(163.6,100.5));
#5159 = CARTESIAN_POINT('',(109.6,100.5));
#5160 = ( GEOMETRIC_REPRESENTATION_CONTEXT(2) 
PARAMETRIC_REPRESENTATION_CONTEXT() REPRESENTATION_CONTEXT('2D SPACE',''
  ) );
#5161 = PCURVE('',#541,#5162);
#5162 = DEFINITIONAL_REPRESENTATION('',(#5163),#5166);
#5163 = B_SPLINE_CURVE_WITH_KNOTS('',1,(#5164,#5165),.UNSPECIFIED.,.F.,
  .F.,(2,2),(-108.8,-54.8),.PIECEWISE_BEZIER_KNOTS.);
#5164 = CARTESIAN_POINT('',(54.,-0.7));
#5165 = CARTESIAN_POINT('',(0.,-0.7));
#5166 = ( GEOMETRIC_REPRESENTATION_CONTEXT(2) 
PARAMETRIC_REPRESENTATION_CONTEXT() REPRESENTATION_CONTEXT('2D SPACE',''
  ) );
#5167 = ORIENTED_EDGE('',*,*,#5168,.T.);
#5168 = EDGE_CURVE('',#5148,#5169,#5171,.T.);
#5169 = VERTEX_POINT('',#5170);
#5170 = CARTESIAN_POINT('',(57.,-79.3,214.));
#5171 = SURFACE_CURVE('',#5172,(#5176,#5182),.PCURVE_S1.);
#5172 = LINE('',#5173,#5174);
#5173 = CARTESIAN_POINT('',(-8.25,-79.3,214.));
#5174 = VECTOR('',#5175,1.);
#5175 = DIRECTION('',(1.,0.,0.));
#5176 = PCURVE('',#567,#5177);
#5177 = DEFINITIONAL_REPRESENTATION('',(#5178),#5181);
#5178 = B_SPLINE_CURVE_WITH_KNOTS('',1,(#5179,#5180),.UNSPECIFIED.,.F.,
  .F.,(2,2),(50.25,65.25),.PIECEWISE_BEZIER_KNOTS.);
#5179 = CARTESIAN_POINT('',(109.6,100.5));
#5180 = CARTESIAN_POINT('',(109.6,115.5));
#5181 = ( GEOMETRIC_REPRESENTATION_CONTEXT(2) 
PARAMETRIC_REPRESENTATION_CONTEXT() REPRESENTATION_CONTEXT('2D SPACE',''
  ) );
#5182 = PCURVE('',#5183,#5188);
#5183 = PLANE('',#5184);
#5184 = AXIS2_PLACEMENT_3D('',#5185,#5186,#5187);
#5185 = CARTESIAN_POINT('',(42.,-80.,214.));
#5186 = DIRECTION('',(0.,0.,1.));
#5187 = DIRECTION('',(1.,0.,0.));
#5188 = DEFINITIONAL_REPRESENTATION('',(#5189),#5193);
#5189 = LINE('',#5190,#5191);
#5190 = CARTESIAN_POINT('',(-50.25,0.7));
#5191 = VECTOR('',#5192,1.);
#5192 = DIRECTION('',(1.,0.));
#5193 = ( GEOMETRIC_REPRESENTATION_CONTEXT(2) 
PARAMETRIC_REPRESENTATION_CONTEXT() REPRESENTATION_CONTEXT('2D SPACE',''
  ) );
#5194 = ORIENTED_EDGE('',*,*,#5195,.T.);
#5195 = EDGE_CURVE('',#5169,#5196,#5198,.T.);
#5196 = VERTEX_POINT('',#5197);
#5197 = CARTESIAN_POINT('',(57.,-79.3,117.4));
#5198 = SURFACE_CURVE('',#5199,(#5203,#5209),.PCURVE_S1.);
#5199 = LINE('',#5200,#5201);
#5200 = CARTESIAN_POINT('',(57.,-79.3,104.9));
#5201 = VECTOR('',#5202,1.);
#5202 = DIRECTION('',(0.,0.,-1.));
#5203 = PCURVE('',#567,#5204);
#5204 = DEFINITIONAL_REPRESENTATION('',(#5205),#5208);
#5205 = B_SPLINE_CURVE_WITH_KNOTS('',1,(#5206,#5207),.UNSPECIFIED.,.F.,
  .F.,(2,2),(-163.1,-12.5),.PIECEWISE_BEZIER_KNOTS.);
#5206 = CARTESIAN_POINT('',(163.6,115.5));
#5207 = CARTESIAN_POINT('',(13.,115.5));
#5208 = ( GEOMETRIC_REPRESENTATION_CONTEXT(2) 
PARAMETRIC_REPRESENTATION_CONTEXT() REPRESENTATION_CONTEXT('2D SPACE',''
  ) );
#5209 = PCURVE('',#5210,#5215);
#5210 = PLANE('',#5211);
#5211 = AXIS2_PLACEMENT_3D('',#5212,#5213,#5214);
#5212 = CARTESIAN_POINT('',(57.,-80.,105.4));
#5213 = DIRECTION('',(1.,0.,0.));
#5214 = DIRECTION('',(0.,0.,1.));
#5215 = DEFINITIONAL_REPRESENTATION('',(#5216),#5219);
#5216 = B_SPLINE_CURVE_WITH_KNOTS('',1,(#5217,#5218),.UNSPECIFIED.,.F.,
  .F.,(2,2),(-163.1,-12.5),.PIECEWISE_BEZIER_KNOTS.);
#5217 = CARTESIAN_POINT('',(162.6,-0.7));
#5218 = CARTESIAN_POINT('',(12.,-0.7));
#5219 = ( GEOMETRIC_REPRESENTATION_CONTEXT(2) 
PARAMETRIC_REPRESENTATION_CONTEXT() REPRESENTATION_CONTEXT('2D SPACE',''
  ) );
#5220 = ORIENTED_EDGE('',*,*,#5221,.F.);
#5221 = EDGE_CURVE('',#5222,#5196,#5224,.T.);
#5222 = VERTEX_POINT('',#5223);
#5223 = CARTESIAN_POINT('',(-57.,-79.3,117.4));
#5224 = SURFACE_CURVE('',#5225,(#5229,#5235),.PCURVE_S1.);
#5225 = LINE('',#5226,#5227);
#5226 = CARTESIAN_POINT('',(-62.25,-79.3,117.4));
#5227 = VECTOR('',#5228,1.);
#5228 = DIRECTION('',(1.,0.,0.));
#5229 = PCURVE('',#567,#5230);
#5230 = DEFINITIONAL_REPRESENTATION('',(#5231),#5234);
#5231 = B_SPLINE_CURVE_WITH_KNOTS('',1,(#5232,#5233),.UNSPECIFIED.,.F.,
  .F.,(2,2),(3.75,120.75),.PIECEWISE_BEZIER_KNOTS.);
#5232 = CARTESIAN_POINT('',(13.,0.));
#5233 = CARTESIAN_POINT('',(13.,117.));
#5234 = ( GEOMETRIC_REPRESENTATION_CONTEXT(2) 
PARAMETRIC_REPRESENTATION_CONTEXT() REPRESENTATION_CONTEXT('2D SPACE',''
  ) );
#5235 = PCURVE('',#5236,#5241);
#5236 = PLANE('',#5237);
#5237 = AXIS2_PLACEMENT_3D('',#5238,#5239,#5240);
#5238 = CARTESIAN_POINT('',(-66.,-82.5,117.4));
#5239 = DIRECTION('',(0.,0.,1.));
#5240 = DIRECTION('',(1.,0.,0.));
#5241 = DEFINITIONAL_REPRESENTATION('',(#5242),#5245);
#5242 = B_SPLINE_CURVE_WITH_KNOTS('',1,(#5243,#5244),.UNSPECIFIED.,.F.,
  .F.,(2,2),(3.75,120.75),.PIECEWISE_BEZIER_KNOTS.);
#5243 = CARTESIAN_POINT('',(7.5,3.2));
#5244 = CARTESIAN_POINT('',(124.5,3.2));
#5245 = ( GEOMETRIC_REPRESENTATION_CONTEXT(2) 
PARAMETRIC_REPRESENTATION_CONTEXT() REPRESENTATION_CONTEXT('2D SPACE',''
  ) );
#5246 = ORIENTED_EDGE('',*,*,#5247,.F.);
#5247 = EDGE_CURVE('',#5248,#5222,#5250,.T.);
#5248 = VERTEX_POINT('',#5249);
#5249 = CARTESIAN_POINT('',(-57.,-79.3,214.));
#5250 = SURFACE_CURVE('',#5251,(#5255,#5261),.PCURVE_S1.);
#5251 = LINE('',#5252,#5253);
#5252 = CARTESIAN_POINT('',(-57.,-79.3,104.9));
#5253 = VECTOR('',#5254,1.);
#5254 = DIRECTION('',(0.,0.,-1.));
#5255 = PCURVE('',#567,#5256);
#5256 = DEFINITIONAL_REPRESENTATION('',(#5257),#5260);
#5257 = B_SPLINE_CURVE_WITH_KNOTS('',1,(#5258,#5259),.UNSPECIFIED.,.F.,
  .F.,(2,2),(-163.1,-12.5),.PIECEWISE_BEZIER_KNOTS.);
#5258 = CARTESIAN_POINT('',(163.6,1.5));
#5259 = CARTESIAN_POINT('',(13.,1.5));
#5260 = ( GEOMETRIC_REPRESENTATION_CONTEXT(2) 
PARAMETRIC_REPRESENTATION_CONTEXT() REPRESENTATION_CONTEXT('2D SPACE',''
  ) );
#5261 = PCURVE('',#5262,#5267);
#5262 = PLANE('',#5263);
#5263 = AXIS2_PLACEMENT_3D('',#5264,#5265,#5266);
#5264 = CARTESIAN_POINT('',(-57.,-80.,105.4));
#5265 = DIRECTION('',(1.,0.,0.));
#5266 = DIRECTION('',(0.,0.,1.));
#5267 = DEFINITIONAL_REPRESENTATION('',(#5268),#5271);
#5268 = B_SPLINE_CURVE_WITH_KNOTS('',1,(#5269,#5270),.UNSPECIFIED.,.F.,
  .F.,(2,2),(-163.1,-12.5),.PIECEWISE_BEZIER_KNOTS.);
#5269 = CARTESIAN_POINT('',(162.6,-0.7));
#5270 = CARTESIAN_POINT('',(12.,-0.7));
#5271 = ( GEOMETRIC_REPRESENTATION_CONTEXT(2) 
PARAMETRIC_REPRESENTATION_CONTEXT() REPRESENTATION_CONTEXT('2D SPACE',''
  ) );
#5272 = ORIENTED_EDGE('',*,*,#5273,.T.);
#5273 = EDGE_CURVE('',#5248,#5012,#5274,.T.);
#5274 = SURFACE_CURVE('',#5275,(#5279,#5285),.PCURVE_S1.);
#5275 = LINE('',#5276,#5277);
#5276 = CARTESIAN_POINT('',(-62.25,-79.3,214.));
#5277 = VECTOR('',#5278,1.);
#5278 = DIRECTION('',(1.,0.,0.));
#5279 = PCURVE('',#567,#5280);
#5280 = DEFINITIONAL_REPRESENTATION('',(#5281),#5284);
#5281 = B_SPLINE_CURVE_WITH_KNOTS('',1,(#5282,#5283),.UNSPECIFIED.,.F.,
  .F.,(2,2),(5.25,20.25),.PIECEWISE_BEZIER_KNOTS.);
#5282 = CARTESIAN_POINT('',(109.6,1.5));
#5283 = CARTESIAN_POINT('',(109.6,16.5));
#5284 = ( GEOMETRIC_REPRESENTATION_CONTEXT(2) 
PARAMETRIC_REPRESENTATION_CONTEXT() REPRESENTATION_CONTEXT('2D SPACE',''
  ) );
#5285 = PCURVE('',#4566,#5286);
#5286 = DEFINITIONAL_REPRESENTATION('',(#5287),#5291);
#5287 = LINE('',#5288,#5289);
#5288 = CARTESIAN_POINT('',(3.75,0.7));
#5289 = VECTOR('',#5290,1.);
#5290 = DIRECTION('',(1.,0.));
#5291 = ( GEOMETRIC_REPRESENTATION_CONTEXT(2) 
PARAMETRIC_REPRESENTATION_CONTEXT() REPRESENTATION_CONTEXT('2D SPACE',''
  ) );
#5292 = ORIENTED_EDGE('',*,*,#5011,.F.);
#5293 = ADVANCED_FACE('',(#5294),#513,.F.);
#5294 = FACE_BOUND('',#5295,.F.);
#5295 = EDGE_LOOP('',(#5296,#5319,#5320,#5321));
#5296 = ORIENTED_EDGE('',*,*,#5297,.F.);
#5297 = EDGE_CURVE('',#5099,#5298,#5300,.T.);
#5298 = VERTEX_POINT('',#5299);
#5299 = CARTESIAN_POINT('',(42.,-76.,264.));
#5300 = SURFACE_CURVE('',#5301,(#5305,#5312),.PCURVE_S1.);
#5301 = LINE('',#5302,#5303);
#5302 = CARTESIAN_POINT('',(-80.5,-76.,264.));
#5303 = VECTOR('',#5304,1.);
#5304 = DIRECTION('',(1.,0.,0.));
#5305 = PCURVE('',#513,#5306);
#5306 = DEFINITIONAL_REPRESENTATION('',(#5307),#5311);
#5307 = LINE('',#5308,#5309);
#5308 = CARTESIAN_POINT('',(0.,0.));
#5309 = VECTOR('',#5310,1.);
#5310 = DIRECTION('',(0.,1.));
#5311 = ( GEOMETRIC_REPRESENTATION_CONTEXT(2) 
PARAMETRIC_REPRESENTATION_CONTEXT() REPRESENTATION_CONTEXT('2D SPACE',''
  ) );
#5312 = PCURVE('',#5113,#5313);
#5313 = DEFINITIONAL_REPRESENTATION('',(#5314),#5318);
#5314 = LINE('',#5315,#5316);
#5315 = CARTESIAN_POINT('',(0.,0.));
#5316 = VECTOR('',#5317,1.);
#5317 = DIRECTION('',(1.,0.));
#5318 = ( GEOMETRIC_REPRESENTATION_CONTEXT(2) 
PARAMETRIC_REPRESENTATION_CONTEXT() REPRESENTATION_CONTEXT('2D SPACE',''
  ) );
#5319 = ORIENTED_EDGE('',*,*,#5124,.T.);
#5320 = ORIENTED_EDGE('',*,*,#497,.T.);
#5321 = ORIENTED_EDGE('',*,*,#5322,.F.);
#5322 = EDGE_CURVE('',#5298,#498,#5323,.T.);
#5323 = SURFACE_CURVE('',#5324,(#5328,#5334),.PCURVE_S1.);
#5324 = LINE('',#5325,#5326);
#5325 = CARTESIAN_POINT('',(42.,-76.,239.));
#5326 = VECTOR('',#5327,1.);
#5327 = DIRECTION('',(0.,0.,1.));
#5328 = PCURVE('',#513,#5329);
#5329 = DEFINITIONAL_REPRESENTATION('',(#5330),#5333);
#5330 = B_SPLINE_CURVE_WITH_KNOTS('',1,(#5331,#5332),.UNSPECIFIED.,.F.,
  .F.,(2,2),(25.,29.),.PIECEWISE_BEZIER_KNOTS.);
#5331 = CARTESIAN_POINT('',(0.,122.5));
#5332 = CARTESIAN_POINT('',(4.,122.5));
#5333 = ( GEOMETRIC_REPRESENTATION_CONTEXT(2) 
PARAMETRIC_REPRESENTATION_CONTEXT() REPRESENTATION_CONTEXT('2D SPACE',''
  ) );
#5334 = PCURVE('',#541,#5335);
#5335 = DEFINITIONAL_REPRESENTATION('',(#5336),#5339);
#5336 = B_SPLINE_CURVE_WITH_KNOTS('',1,(#5337,#5338),.UNSPECIFIED.,.F.,
  .F.,(2,2),(25.,29.),.PIECEWISE_BEZIER_KNOTS.);
#5337 = CARTESIAN_POINT('',(50.,-4.));
#5338 = CARTESIAN_POINT('',(54.,-4.));
#5339 = ( GEOMETRIC_REPRESENTATION_CONTEXT(2) 
PARAMETRIC_REPRESENTATION_CONTEXT() REPRESENTATION_CONTEXT('2D SPACE',''
  ) );
#5340 = ADVANCED_FACE('',(#5341),#541,.F.);
#5341 = FACE_BOUND('',#5342,.F.);
#5342 = EDGE_LOOP('',(#5343,#5344,#5345,#5368,#5389,#5390,#5411,#5430));
#5343 = ORIENTED_EDGE('',*,*,#525,.F.);
#5344 = ORIENTED_EDGE('',*,*,#5147,.T.);
#5345 = ORIENTED_EDGE('',*,*,#5346,.T.);
#5346 = EDGE_CURVE('',#5148,#5347,#5349,.T.);
#5347 = VERTEX_POINT('',#5348);
#5348 = CARTESIAN_POINT('',(42.,-56.,214.));
#5349 = SURFACE_CURVE('',#5350,(#5354,#5361),.PCURVE_S1.);
#5350 = LINE('',#5351,#5352);
#5351 = CARTESIAN_POINT('',(42.,-80.,214.));
#5352 = VECTOR('',#5353,1.);
#5353 = DIRECTION('',(0.,1.,0.));
#5354 = PCURVE('',#541,#5355);
#5355 = DEFINITIONAL_REPRESENTATION('',(#5356),#5360);
#5356 = LINE('',#5357,#5358);
#5357 = CARTESIAN_POINT('',(0.,0.));
#5358 = VECTOR('',#5359,1.);
#5359 = DIRECTION('',(0.,-1.));
#5360 = ( GEOMETRIC_REPRESENTATION_CONTEXT(2) 
PARAMETRIC_REPRESENTATION_CONTEXT() REPRESENTATION_CONTEXT('2D SPACE',''
  ) );
#5361 = PCURVE('',#5183,#5362);
#5362 = DEFINITIONAL_REPRESENTATION('',(#5363),#5367);
#5363 = LINE('',#5364,#5365);
#5364 = CARTESIAN_POINT('',(0.,0.));
#5365 = VECTOR('',#5366,1.);
#5366 = DIRECTION('',(0.,1.));
#5367 = ( GEOMETRIC_REPRESENTATION_CONTEXT(2) 
PARAMETRIC_REPRESENTATION_CONTEXT() REPRESENTATION_CONTEXT('2D SPACE',''
  ) );
#5368 = ORIENTED_EDGE('',*,*,#5369,.T.);
#5369 = EDGE_CURVE('',#5347,#1121,#5370,.T.);
#5370 = SURFACE_CURVE('',#5371,(#5375,#5382),.PCURVE_S1.);
#5371 = LINE('',#5372,#5373);
#5372 = CARTESIAN_POINT('',(42.,-56.,214.));
#5373 = VECTOR('',#5374,1.);
#5374 = DIRECTION('',(0.,0.,1.));
#5375 = PCURVE('',#541,#5376);
#5376 = DEFINITIONAL_REPRESENTATION('',(#5377),#5381);
#5377 = LINE('',#5378,#5379);
#5378 = CARTESIAN_POINT('',(0.,-24.));
#5379 = VECTOR('',#5380,1.);
#5380 = DIRECTION('',(1.,0.));
#5381 = ( GEOMETRIC_REPRESENTATION_CONTEXT(2) 
PARAMETRIC_REPRESENTATION_CONTEXT() REPRESENTATION_CONTEXT('2D SPACE',''
  ) );
#5382 = PCURVE('',#1136,#5383);
#5383 = DEFINITIONAL_REPRESENTATION('',(#5384),#5388);
#5384 = LINE('',#5385,#5386);
#5385 = CARTESIAN_POINT('',(0.,0.));
#5386 = VECTOR('',#5387,1.);
#5387 = DIRECTION('',(1.,0.));
#5388 = ( GEOMETRIC_REPRESENTATION_CONTEXT(2) 
PARAMETRIC_REPRESENTATION_CONTEXT() REPRESENTATION_CONTEXT('2D SPACE',''
  ) );
#5389 = ORIENTED_EDGE('',*,*,#1148,.F.);
#5390 = ORIENTED_EDGE('',*,*,#5391,.F.);
#5391 = EDGE_CURVE('',#5392,#1149,#5394,.T.);
#5392 = VERTEX_POINT('',#5393);
#5393 = CARTESIAN_POINT('',(42.,-60.,264.));
#5394 = SURFACE_CURVE('',#5395,(#5399,#5405),.PCURVE_S1.);
#5395 = LINE('',#5396,#5397);
#5396 = CARTESIAN_POINT('',(42.,-60.,239.));
#5397 = VECTOR('',#5398,1.);
#5398 = DIRECTION('',(0.,0.,1.));
#5399 = PCURVE('',#541,#5400);
#5400 = DEFINITIONAL_REPRESENTATION('',(#5401),#5404);
#5401 = B_SPLINE_CURVE_WITH_KNOTS('',1,(#5402,#5403),.UNSPECIFIED.,.F.,
  .F.,(2,2),(25.,29.),.PIECEWISE_BEZIER_KNOTS.);
#5402 = CARTESIAN_POINT('',(50.,-20.));
#5403 = CARTESIAN_POINT('',(54.,-20.));
#5404 = ( GEOMETRIC_REPRESENTATION_CONTEXT(2) 
PARAMETRIC_REPRESENTATION_CONTEXT() REPRESENTATION_CONTEXT('2D SPACE',''
  ) );
#5405 = PCURVE('',#1187,#5406);
#5406 = DEFINITIONAL_REPRESENTATION('',(#5407),#5410);
#5407 = B_SPLINE_CURVE_WITH_KNOTS('',1,(#5408,#5409),.UNSPECIFIED.,.F.,
  .F.,(2,2),(25.,29.),.PIECEWISE_BEZIER_KNOTS.);
#5408 = CARTESIAN_POINT('',(0.,122.5));
#5409 = CARTESIAN_POINT('',(4.,122.5));
#5410 = ( GEOMETRIC_REPRESENTATION_CONTEXT(2) 
PARAMETRIC_REPRESENTATION_CONTEXT() REPRESENTATION_CONTEXT('2D SPACE',''
  ) );
#5411 = ORIENTED_EDGE('',*,*,#5412,.T.);
#5412 = EDGE_CURVE('',#5392,#5298,#5413,.T.);
#5413 = SURFACE_CURVE('',#5414,(#5418,#5424),.PCURVE_S1.);
#5414 = LINE('',#5415,#5416);
#5415 = CARTESIAN_POINT('',(42.,-78.,264.));
#5416 = VECTOR('',#5417,1.);
#5417 = DIRECTION('',(0.,-1.,0.));
#5418 = PCURVE('',#541,#5419);
#5419 = DEFINITIONAL_REPRESENTATION('',(#5420),#5423);
#5420 = B_SPLINE_CURVE_WITH_KNOTS('',1,(#5421,#5422),.UNSPECIFIED.,.F.,
  .F.,(2,2),(-18.,-2.),.PIECEWISE_BEZIER_KNOTS.);
#5421 = CARTESIAN_POINT('',(50.,-20.));
#5422 = CARTESIAN_POINT('',(50.,-4.));
#5423 = ( GEOMETRIC_REPRESENTATION_CONTEXT(2) 
PARAMETRIC_REPRESENTATION_CONTEXT() REPRESENTATION_CONTEXT('2D SPACE',''
  ) );
#5424 = PCURVE('',#5113,#5425);
#5425 = DEFINITIONAL_REPRESENTATION('',(#5426),#5429);
#5426 = B_SPLINE_CURVE_WITH_KNOTS('',1,(#5427,#5428),.UNSPECIFIED.,.F.,
  .F.,(2,2),(-18.,-2.),.PIECEWISE_BEZIER_KNOTS.);
#5427 = CARTESIAN_POINT('',(122.5,16.));
#5428 = CARTESIAN_POINT('',(122.5,0.));
#5429 = ( GEOMETRIC_REPRESENTATION_CONTEXT(2) 
PARAMETRIC_REPRESENTATION_CONTEXT() REPRESENTATION_CONTEXT('2D SPACE',''
  ) );
#5430 = ORIENTED_EDGE('',*,*,#5322,.T.);
#5431 = ADVANCED_FACE('',(#5432),#598,.T.);
#5432 = FACE_BOUND('',#5433,.T.);
#5433 = EDGE_LOOP('',(#5434,#5435,#5458,#5486));
#5434 = ORIENTED_EDGE('',*,*,#580,.T.);
#5435 = ORIENTED_EDGE('',*,*,#5436,.T.);
#5436 = EDGE_CURVE('',#583,#5437,#5439,.T.);
#5437 = VERTEX_POINT('',#5438);
#5438 = CARTESIAN_POINT('',(75.,-62.,272.));
#5439 = SURFACE_CURVE('',#5440,(#5444,#5451),.PCURVE_S1.);
#5440 = LINE('',#5441,#5442);
#5441 = CARTESIAN_POINT('',(75.,-64.,268.));
#5442 = VECTOR('',#5443,1.);
#5443 = DIRECTION('',(0.,0.4472135955,0.894427191));
#5444 = PCURVE('',#598,#5445);
#5445 = DEFINITIONAL_REPRESENTATION('',(#5446),#5450);
#5446 = LINE('',#5447,#5448);
#5447 = CARTESIAN_POINT('',(-2.27639320225,-4.));
#5448 = VECTOR('',#5449,1.);
#5449 = DIRECTION('',(0.894427191,-0.4472135955));
#5450 = ( GEOMETRIC_REPRESENTATION_CONTEXT(2) 
PARAMETRIC_REPRESENTATION_CONTEXT() REPRESENTATION_CONTEXT('2D SPACE',''
  ) );
#5451 = PCURVE('',#680,#5452);
#5452 = DEFINITIONAL_REPRESENTATION('',(#5453),#5457);
#5453 = LINE('',#5454,#5455);
#5454 = CARTESIAN_POINT('',(0.,-75.));
#5455 = VECTOR('',#5456,1.);
#5456 = DIRECTION('',(1.,0.));
#5457 = ( GEOMETRIC_REPRESENTATION_CONTEXT(2) 
PARAMETRIC_REPRESENTATION_CONTEXT() REPRESENTATION_CONTEXT('2D SPACE',''
  ) );
#5458 = ORIENTED_EDGE('',*,*,#5459,.T.);
#5459 = EDGE_CURVE('',#5437,#5460,#5462,.T.);
#5460 = VERTEX_POINT('',#5461);
#5461 = CARTESIAN_POINT('',(75.,-74.,272.));
#5462 = SURFACE_CURVE('',#5463,(#5467,#5474),.PCURVE_S1.);
#5463 = LINE('',#5464,#5465);
#5464 = CARTESIAN_POINT('',(75.,-62.,272.));
#5465 = VECTOR('',#5466,1.);
#5466 = DIRECTION('',(0.,-1.,0.));
#5467 = PCURVE('',#598,#5468);
#5468 = DEFINITIONAL_REPRESENTATION('',(#5469),#5473);
#5469 = LINE('',#5470,#5471);
#5470 = CARTESIAN_POINT('',(1.72360679775,-6.));
#5471 = VECTOR('',#5472,1.);
#5472 = DIRECTION('',(0.,1.));
#5473 = ( GEOMETRIC_REPRESENTATION_CONTEXT(2) 
PARAMETRIC_REPRESENTATION_CONTEXT() REPRESENTATION_CONTEXT('2D SPACE',''
  ) );
#5474 = PCURVE('',#5475,#5480);
#5475 = PLANE('',#5476);
#5476 = AXIS2_PLACEMENT_3D('',#5477,#5478,#5479);
#5477 = CARTESIAN_POINT('',(0.,-62.,272.));
#5478 = DIRECTION('',(0.,0.,-1.));
#5479 = DIRECTION('',(0.,-1.,0.));
#5480 = DEFINITIONAL_REPRESENTATION('',(#5481),#5485);
#5481 = LINE('',#5482,#5483);
#5482 = CARTESIAN_POINT('',(0.,-75.));
#5483 = VECTOR('',#5484,1.);
#5484 = DIRECTION('',(1.,0.));
#5485 = ( GEOMETRIC_REPRESENTATION_CONTEXT(2) 
PARAMETRIC_REPRESENTATION_CONTEXT() REPRESENTATION_CONTEXT('2D SPACE',''
  ) );
#5486 = ORIENTED_EDGE('',*,*,#5487,.T.);
#5487 = EDGE_CURVE('',#5460,#581,#5488,.T.);
#5488 = SURFACE_CURVE('',#5489,(#5493,#5500),.PCURVE_S1.);
#5489 = LINE('',#5490,#5491);
#5490 = CARTESIAN_POINT('',(75.,-74.,272.));
#5491 = VECTOR('',#5492,1.);
#5492 = DIRECTION('',(0.,0.4472135955,-0.894427191));
#5493 = PCURVE('',#598,#5494);
#5494 = DEFINITIONAL_REPRESENTATION('',(#5495),#5499);
#5495 = LINE('',#5496,#5497);
#5496 = CARTESIAN_POINT('',(1.72360679775,6.));
#5497 = VECTOR('',#5498,1.);
#5498 = DIRECTION('',(-0.894427191,-0.4472135955));
#5499 = ( GEOMETRIC_REPRESENTATION_CONTEXT(2) 
PARAMETRIC_REPRESENTATION_CONTEXT() REPRESENTATION_CONTEXT('2D SPACE',''
  ) );
#5500 = PCURVE('',#626,#5501);
#5501 = DEFINITIONAL_REPRESENTATION('',(#5502),#5506);
#5502 = LINE('',#5503,#5504);
#5503 = CARTESIAN_POINT('',(0.,-75.));
#5504 = VECTOR('',#5505,1.);
#5505 = DIRECTION('',(1.,0.));
#5506 = ( GEOMETRIC_REPRESENTATION_CONTEXT(2) 
PARAMETRIC_REPRESENTATION_CONTEXT() REPRESENTATION_CONTEXT('2D SPACE',''
  ) );
#5507 = ADVANCED_FACE('',(#5508),#626,.F.);
#5508 = FACE_BOUND('',#5509,.F.);
#5509 = EDGE_LOOP('',(#5510,#5533,#5534,#5535));
#5510 = ORIENTED_EDGE('',*,*,#5511,.F.);
#5511 = EDGE_CURVE('',#5460,#5512,#5514,.T.);
#5512 = VERTEX_POINT('',#5513);
#5513 = CARTESIAN_POINT('',(-75.,-74.,272.));
#5514 = SURFACE_CURVE('',#5515,(#5519,#5526),.PCURVE_S1.);
#5515 = LINE('',#5516,#5517);
#5516 = CARTESIAN_POINT('',(75.,-74.,272.));
#5517 = VECTOR('',#5518,1.);
#5518 = DIRECTION('',(-1.,0.,0.));
#5519 = PCURVE('',#626,#5520);
#5520 = DEFINITIONAL_REPRESENTATION('',(#5521),#5525);
#5521 = LINE('',#5522,#5523);
#5522 = CARTESIAN_POINT('',(0.,-75.));
#5523 = VECTOR('',#5524,1.);
#5524 = DIRECTION('',(0.,1.));
#5525 = ( GEOMETRIC_REPRESENTATION_CONTEXT(2) 
PARAMETRIC_REPRESENTATION_CONTEXT() REPRESENTATION_CONTEXT('2D SPACE',''
  ) );
#5526 = PCURVE('',#5475,#5527);
#5527 = DEFINITIONAL_REPRESENTATION('',(#5528),#5532);
#5528 = LINE('',#5529,#5530);
#5529 = CARTESIAN_POINT('',(12.,-75.));
#5530 = VECTOR('',#5531,1.);
#5531 = DIRECTION('',(0.,1.));
#5532 = ( GEOMETRIC_REPRESENTATION_CONTEXT(2) 
PARAMETRIC_REPRESENTATION_CONTEXT() REPRESENTATION_CONTEXT('2D SPACE',''
  ) );
#5533 = ORIENTED_EDGE('',*,*,#5487,.T.);
#5534 = ORIENTED_EDGE('',*,*,#610,.T.);
#5535 = ORIENTED_EDGE('',*,*,#5536,.F.);
#5536 = EDGE_CURVE('',#5512,#611,#5537,.T.);
#5537 = SURFACE_CURVE('',#5538,(#5542,#5549),.PCURVE_S1.);
#5538 = LINE('',#5539,#5540);
#5539 = CARTESIAN_POINT('',(-75.,-74.,272.));
#5540 = VECTOR('',#5541,1.);
#5541 = DIRECTION('',(0.,0.4472135955,-0.894427191));
#5542 = PCURVE('',#626,#5543);
#5543 = DEFINITIONAL_REPRESENTATION('',(#5544),#5548);
#5544 = LINE('',#5545,#5546);
#5545 = CARTESIAN_POINT('',(0.,75.));
#5546 = VECTOR('',#5547,1.);
#5547 = DIRECTION('',(1.,0.));
#5548 = ( GEOMETRIC_REPRESENTATION_CONTEXT(2) 
PARAMETRIC_REPRESENTATION_CONTEXT() REPRESENTATION_CONTEXT('2D SPACE',''
  ) );
#5549 = PCURVE('',#654,#5550);
#5550 = DEFINITIONAL_REPRESENTATION('',(#5551),#5555);
#5551 = LINE('',#5552,#5553);
#5552 = CARTESIAN_POINT('',(1.72360679775,6.));
#5553 = VECTOR('',#5554,1.);
#5554 = DIRECTION('',(-0.894427191,-0.4472135955));
#5555 = ( GEOMETRIC_REPRESENTATION_CONTEXT(2) 
PARAMETRIC_REPRESENTATION_CONTEXT() REPRESENTATION_CONTEXT('2D SPACE',''
  ) );
#5556 = ADVANCED_FACE('',(#5557),#680,.F.);
#5557 = FACE_BOUND('',#5558,.F.);
#5558 = EDGE_LOOP('',(#5559,#5560,#5583,#5604));
#5559 = ORIENTED_EDGE('',*,*,#5436,.T.);
#5560 = ORIENTED_EDGE('',*,*,#5561,.F.);
#5561 = EDGE_CURVE('',#5562,#5437,#5564,.T.);
#5562 = VERTEX_POINT('',#5563);
#5563 = CARTESIAN_POINT('',(-75.,-62.,272.));
#5564 = SURFACE_CURVE('',#5565,(#5569,#5576),.PCURVE_S1.);
#5565 = LINE('',#5566,#5567);
#5566 = CARTESIAN_POINT('',(-75.,-62.,272.));
#5567 = VECTOR('',#5568,1.);
#5568 = DIRECTION('',(1.,0.,0.));
#5569 = PCURVE('',#680,#5570);
#5570 = DEFINITIONAL_REPRESENTATION('',(#5571),#5575);
#5571 = LINE('',#5572,#5573);
#5572 = CARTESIAN_POINT('',(4.472135955,75.));
#5573 = VECTOR('',#5574,1.);
#5574 = DIRECTION('',(0.,-1.));
#5575 = ( GEOMETRIC_REPRESENTATION_CONTEXT(2) 
PARAMETRIC_REPRESENTATION_CONTEXT() REPRESENTATION_CONTEXT('2D SPACE',''
  ) );
#5576 = PCURVE('',#5475,#5577);
#5577 = DEFINITIONAL_REPRESENTATION('',(#5578),#5582);
#5578 = LINE('',#5579,#5580);
#5579 = CARTESIAN_POINT('',(0.,75.));
#5580 = VECTOR('',#5581,1.);
#5581 = DIRECTION('',(0.,-1.));
#5582 = ( GEOMETRIC_REPRESENTATION_CONTEXT(2) 
PARAMETRIC_REPRESENTATION_CONTEXT() REPRESENTATION_CONTEXT('2D SPACE',''
  ) );
#5583 = ORIENTED_EDGE('',*,*,#5584,.F.);
#5584 = EDGE_CURVE('',#639,#5562,#5585,.T.);
#5585 = SURFACE_CURVE('',#5586,(#5590,#5597),.PCURVE_S1.);
#5586 = LINE('',#5587,#5588);
#5587 = CARTESIAN_POINT('',(-75.,-64.,268.));
#5588 = VECTOR('',#5589,1.);
#5589 = DIRECTION('',(0.,0.4472135955,0.894427191));
#5590 = PCURVE('',#680,#5591);
#5591 = DEFINITIONAL_REPRESENTATION('',(#5592),#5596);
#5592 = LINE('',#5593,#5594);
#5593 = CARTESIAN_POINT('',(0.,75.));
#5594 = VECTOR('',#5595,1.);
#5595 = DIRECTION('',(1.,0.));
#5596 = ( GEOMETRIC_REPRESENTATION_CONTEXT(2) 
PARAMETRIC_REPRESENTATION_CONTEXT() REPRESENTATION_CONTEXT('2D SPACE',''
  ) );
#5597 = PCURVE('',#654,#5598);
#5598 = DEFINITIONAL_REPRESENTATION('',(#5599),#5603);
#5599 = LINE('',#5600,#5601);
#5600 = CARTESIAN_POINT('',(-2.27639320225,-4.));
#5601 = VECTOR('',#5602,1.);
#5602 = DIRECTION('',(0.894427191,-0.4472135955));
#5603 = ( GEOMETRIC_REPRESENTATION_CONTEXT(2) 
PARAMETRIC_REPRESENTATION_CONTEXT() REPRESENTATION_CONTEXT('2D SPACE',''
  ) );
#5604 = ORIENTED_EDGE('',*,*,#666,.T.);
#5605 = ADVANCED_FACE('',(#5606),#654,.F.);
#5606 = FACE_BOUND('',#5607,.F.);
#5607 = EDGE_LOOP('',(#5608,#5609,#5610,#5631));
#5608 = ORIENTED_EDGE('',*,*,#638,.T.);
#5609 = ORIENTED_EDGE('',*,*,#5584,.T.);
#5610 = ORIENTED_EDGE('',*,*,#5611,.T.);
#5611 = EDGE_CURVE('',#5562,#5512,#5612,.T.);
#5612 = SURFACE_CURVE('',#5613,(#5617,#5624),.PCURVE_S1.);
#5613 = LINE('',#5614,#5615);
#5614 = CARTESIAN_POINT('',(-75.,-62.,272.));
#5615 = VECTOR('',#5616,1.);
#5616 = DIRECTION('',(0.,-1.,0.));
#5617 = PCURVE('',#654,#5618);
#5618 = DEFINITIONAL_REPRESENTATION('',(#5619),#5623);
#5619 = LINE('',#5620,#5621);
#5620 = CARTESIAN_POINT('',(1.72360679775,-6.));
#5621 = VECTOR('',#5622,1.);
#5622 = DIRECTION('',(0.,1.));
#5623 = ( GEOMETRIC_REPRESENTATION_CONTEXT(2) 
PARAMETRIC_REPRESENTATION_CONTEXT() REPRESENTATION_CONTEXT('2D SPACE',''
  ) );
#5624 = PCURVE('',#5475,#5625);
#5625 = DEFINITIONAL_REPRESENTATION('',(#5626),#5630);
#5626 = LINE('',#5627,#5628);
#5627 = CARTESIAN_POINT('',(0.,75.));
#5628 = VECTOR('',#5629,1.);
#5629 = DIRECTION('',(1.,0.));
#5630 = ( GEOMETRIC_REPRESENTATION_CONTEXT(2) 
PARAMETRIC_REPRESENTATION_CONTEXT() REPRESENTATION_CONTEXT('2D SPACE',''
  ) );
#5631 = ORIENTED_EDGE('',*,*,#5536,.T.);
#5632 = ADVANCED_FACE('',(#5633),#712,.T.);
#5633 = FACE_BOUND('',#5634,.T.);
#5634 = EDGE_LOOP('',(#5635,#5636,#5657,#5680,#5701,#5702,#5723,#5749));
#5635 = ORIENTED_EDGE('',*,*,#694,.F.);
#5636 = ORIENTED_EDGE('',*,*,#5637,.T.);
#5637 = EDGE_CURVE('',#695,#5638,#5640,.T.);
#5638 = VERTEX_POINT('',#5639);
#5639 = CARTESIAN_POINT('',(66.,-77.90077318046,214.));
#5640 = SURFACE_CURVE('',#5641,(#5645,#5651),.PCURVE_S1.);
#5641 = LINE('',#5642,#5643);
#5642 = CARTESIAN_POINT('',(66.,-77.90077318046,104.4));
#5643 = VECTOR('',#5644,1.);
#5644 = DIRECTION('',(-0.,-0.,-1.));
#5645 = PCURVE('',#712,#5646);
#5646 = DEFINITIONAL_REPRESENTATION('',(#5647),#5650);
#5647 = B_SPLINE_CURVE_WITH_KNOTS('',1,(#5648,#5649),.UNSPECIFIED.,.F.,
  .F.,(2,2),(-163.6000006,-104.2),.PIECEWISE_BEZIER_KNOTS.);
#5648 = CARTESIAN_POINT('',(54.0000006,-2.099226819531));
#5649 = CARTESIAN_POINT('',(-5.4,-2.099226819531));
#5650 = ( GEOMETRIC_REPRESENTATION_CONTEXT(2) 
PARAMETRIC_REPRESENTATION_CONTEXT() REPRESENTATION_CONTEXT('2D SPACE',''
  ) );
#5651 = PCURVE('',#771,#5652);
#5652 = DEFINITIONAL_REPRESENTATION('',(#5653),#5656);
#5653 = B_SPLINE_CURVE_WITH_KNOTS('',1,(#5654,#5655),.UNSPECIFIED.,.F.,
  .F.,(2,2),(-163.6000006,-104.2),.PIECEWISE_BEZIER_KNOTS.);
#5654 = CARTESIAN_POINT('',(-5.081275331978,-163.6000006));
#5655 = CARTESIAN_POINT('',(-5.081275331978,-104.2));
#5656 = ( GEOMETRIC_REPRESENTATION_CONTEXT(2) 
PARAMETRIC_REPRESENTATION_CONTEXT() REPRESENTATION_CONTEXT('2D SPACE',''
  ) );
#5657 = ORIENTED_EDGE('',*,*,#5658,.T.);
#5658 = EDGE_CURVE('',#5638,#5659,#5661,.T.);
#5659 = VERTEX_POINT('',#5660);
#5660 = CARTESIAN_POINT('',(66.,-56.,214.));
#5661 = SURFACE_CURVE('',#5662,(#5666,#5673),.PCURVE_S1.);
#5662 = LINE('',#5663,#5664);
#5663 = CARTESIAN_POINT('',(66.,-80.,214.));
#5664 = VECTOR('',#5665,1.);
#5665 = DIRECTION('',(0.,1.,0.));
#5666 = PCURVE('',#712,#5667);
#5667 = DEFINITIONAL_REPRESENTATION('',(#5668),#5672);
#5668 = LINE('',#5669,#5670);
#5669 = CARTESIAN_POINT('',(0.,0.));
#5670 = VECTOR('',#5671,1.);
#5671 = DIRECTION('',(0.,-1.));
#5672 = ( GEOMETRIC_REPRESENTATION_CONTEXT(2) 
PARAMETRIC_REPRESENTATION_CONTEXT() REPRESENTATION_CONTEXT('2D SPACE',''
  ) );
#5673 = PCURVE('',#5183,#5674);
#5674 = DEFINITIONAL_REPRESENTATION('',(#5675),#5679);
#5675 = LINE('',#5676,#5677);
#5676 = CARTESIAN_POINT('',(24.,0.));
#5677 = VECTOR('',#5678,1.);
#5678 = DIRECTION('',(0.,1.));
#5679 = ( GEOMETRIC_REPRESENTATION_CONTEXT(2) 
PARAMETRIC_REPRESENTATION_CONTEXT() REPRESENTATION_CONTEXT('2D SPACE',''
  ) );
#5680 = ORIENTED_EDGE('',*,*,#5681,.T.);
#5681 = EDGE_CURVE('',#5659,#986,#5682,.T.);
#5682 = SURFACE_CURVE('',#5683,(#5687,#5694),.PCURVE_S1.);
#5683 = LINE('',#5684,#5685);
#5684 = CARTESIAN_POINT('',(66.,-56.,214.));
#5685 = VECTOR('',#5686,1.);
#5686 = DIRECTION('',(0.,0.,1.));
#5687 = PCURVE('',#712,#5688);
#5688 = DEFINITIONAL_REPRESENTATION('',(#5689),#5693);
#5689 = LINE('',#5690,#5691);
#5690 = CARTESIAN_POINT('',(0.,-24.));
#5691 = VECTOR('',#5692,1.);
#5692 = DIRECTION('',(1.,0.));
#5693 = ( GEOMETRIC_REPRESENTATION_CONTEXT(2) 
PARAMETRIC_REPRESENTATION_CONTEXT() REPRESENTATION_CONTEXT('2D SPACE',''
  ) );
#5694 = PCURVE('',#1024,#5695);
#5695 = DEFINITIONAL_REPRESENTATION('',(#5696),#5700);
#5696 = LINE('',#5697,#5698);
#5697 = CARTESIAN_POINT('',(0.,24.));
#5698 = VECTOR('',#5699,1.);
#5699 = DIRECTION('',(1.,0.));
#5700 = ( GEOMETRIC_REPRESENTATION_CONTEXT(2) 
PARAMETRIC_REPRESENTATION_CONTEXT() REPRESENTATION_CONTEXT('2D SPACE',''
  ) );
#5701 = ORIENTED_EDGE('',*,*,#985,.F.);
#5702 = ORIENTED_EDGE('',*,*,#5703,.F.);
#5703 = EDGE_CURVE('',#5704,#958,#5706,.T.);
#5704 = VERTEX_POINT('',#5705);
#5705 = CARTESIAN_POINT('',(66.,-60.,264.));
#5706 = SURFACE_CURVE('',#5707,(#5711,#5717),.PCURVE_S1.);
#5707 = LINE('',#5708,#5709);
#5708 = CARTESIAN_POINT('',(66.,-60.,239.));
#5709 = VECTOR('',#5710,1.);
#5710 = DIRECTION('',(0.,0.,1.));
#5711 = PCURVE('',#712,#5712);
#5712 = DEFINITIONAL_REPRESENTATION('',(#5713),#5716);
#5713 = B_SPLINE_CURVE_WITH_KNOTS('',1,(#5714,#5715),.UNSPECIFIED.,.F.,
  .F.,(2,2),(25.,29.),.PIECEWISE_BEZIER_KNOTS.);
#5714 = CARTESIAN_POINT('',(50.,-20.));
#5715 = CARTESIAN_POINT('',(54.,-20.));
#5716 = ( GEOMETRIC_REPRESENTATION_CONTEXT(2) 
PARAMETRIC_REPRESENTATION_CONTEXT() REPRESENTATION_CONTEXT('2D SPACE',''
  ) );
#5717 = PCURVE('',#973,#5718);
#5718 = DEFINITIONAL_REPRESENTATION('',(#5719),#5722);
#5719 = B_SPLINE_CURVE_WITH_KNOTS('',1,(#5720,#5721),.UNSPECIFIED.,.F.,
  .F.,(2,2),(25.,29.),.PIECEWISE_BEZIER_KNOTS.);
#5720 = CARTESIAN_POINT('',(0.,146.5));
#5721 = CARTESIAN_POINT('',(4.,146.5));
#5722 = ( GEOMETRIC_REPRESENTATION_CONTEXT(2) 
PARAMETRIC_REPRESENTATION_CONTEXT() REPRESENTATION_CONTEXT('2D SPACE',''
  ) );
#5723 = ORIENTED_EDGE('',*,*,#5724,.T.);
#5724 = EDGE_CURVE('',#5704,#5725,#5727,.T.);
#5725 = VERTEX_POINT('',#5726);
#5726 = CARTESIAN_POINT('',(66.,-76.,264.));
#5727 = SURFACE_CURVE('',#5728,(#5732,#5738),.PCURVE_S1.);
#5728 = LINE('',#5729,#5730);
#5729 = CARTESIAN_POINT('',(66.,-78.,264.));
#5730 = VECTOR('',#5731,1.);
#5731 = DIRECTION('',(0.,-1.,0.));
#5732 = PCURVE('',#712,#5733);
#5733 = DEFINITIONAL_REPRESENTATION('',(#5734),#5737);
#5734 = B_SPLINE_CURVE_WITH_KNOTS('',1,(#5735,#5736),.UNSPECIFIED.,.F.,
  .F.,(2,2),(-18.,-2.),.PIECEWISE_BEZIER_KNOTS.);
#5735 = CARTESIAN_POINT('',(50.,-20.));
#5736 = CARTESIAN_POINT('',(50.,-4.));
#5737 = ( GEOMETRIC_REPRESENTATION_CONTEXT(2) 
PARAMETRIC_REPRESENTATION_CONTEXT() REPRESENTATION_CONTEXT('2D SPACE',''
  ) );
#5738 = PCURVE('',#5739,#5744);
#5739 = PLANE('',#5740);
#5740 = AXIS2_PLACEMENT_3D('',#5741,#5742,#5743);
#5741 = CARTESIAN_POINT('',(-80.5,-76.,264.));
#5742 = DIRECTION('',(0.,0.,1.));
#5743 = DIRECTION('',(1.,0.,0.));
#5744 = DEFINITIONAL_REPRESENTATION('',(#5745),#5748);
#5745 = B_SPLINE_CURVE_WITH_KNOTS('',1,(#5746,#5747),.UNSPECIFIED.,.F.,
  .F.,(2,2),(-18.,-2.),.PIECEWISE_BEZIER_KNOTS.);
#5746 = CARTESIAN_POINT('',(146.5,16.));
#5747 = CARTESIAN_POINT('',(146.5,0.));
#5748 = ( GEOMETRIC_REPRESENTATION_CONTEXT(2) 
PARAMETRIC_REPRESENTATION_CONTEXT() REPRESENTATION_CONTEXT('2D SPACE',''
  ) );
#5749 = ORIENTED_EDGE('',*,*,#5750,.T.);
#5750 = EDGE_CURVE('',#5725,#697,#5751,.T.);
#5751 = SURFACE_CURVE('',#5752,(#5756,#5762),.PCURVE_S1.);
#5752 = LINE('',#5753,#5754);
#5753 = CARTESIAN_POINT('',(66.,-76.,239.));
#5754 = VECTOR('',#5755,1.);
#5755 = DIRECTION('',(0.,0.,1.));
#5756 = PCURVE('',#712,#5757);
#5757 = DEFINITIONAL_REPRESENTATION('',(#5758),#5761);
#5758 = B_SPLINE_CURVE_WITH_KNOTS('',1,(#5759,#5760),.UNSPECIFIED.,.F.,
  .F.,(2,2),(25.,29.),.PIECEWISE_BEZIER_KNOTS.);
#5759 = CARTESIAN_POINT('',(50.,-4.));
#5760 = CARTESIAN_POINT('',(54.,-4.));
#5761 = ( GEOMETRIC_REPRESENTATION_CONTEXT(2) 
PARAMETRIC_REPRESENTATION_CONTEXT() REPRESENTATION_CONTEXT('2D SPACE',''
  ) );
#5762 = PCURVE('',#740,#5763);
#5763 = DEFINITIONAL_REPRESENTATION('',(#5764),#5767);
#5764 = B_SPLINE_CURVE_WITH_KNOTS('',1,(#5765,#5766),.UNSPECIFIED.,.F.,
  .F.,(2,2),(25.,29.),.PIECEWISE_BEZIER_KNOTS.);
#5765 = CARTESIAN_POINT('',(0.,146.5));
#5766 = CARTESIAN_POINT('',(4.,146.5));
#5767 = ( GEOMETRIC_REPRESENTATION_CONTEXT(2) 
PARAMETRIC_REPRESENTATION_CONTEXT() REPRESENTATION_CONTEXT('2D SPACE',''
  ) );
#5768 = ADVANCED_FACE('',(#5769),#771,.F.);
#5769 = FACE_BOUND('',#5770,.T.);
#5770 = EDGE_LOOP('',(#5771,#5794,#5827,#5853,#5881,#5907,#5940,#5966,
    #5992,#5993,#5994,#6015,#6043,#6062));
#5771 = ORIENTED_EDGE('',*,*,#5772,.F.);
#5772 = EDGE_CURVE('',#5773,#903,#5775,.T.);
#5773 = VERTEX_POINT('',#5774);
#5774 = CARTESIAN_POINT('',(79.3,-58.5,117.4));
#5775 = SURFACE_CURVE('',#5776,(#5780,#5787),.PCURVE_S1.);
#5776 = LINE('',#5777,#5778);
#5777 = CARTESIAN_POINT('',(79.3,-58.5,104.4));
#5778 = VECTOR('',#5779,1.);
#5779 = DIRECTION('',(0.,0.,1.));
#5780 = PCURVE('',#771,#5781);
#5781 = DEFINITIONAL_REPRESENTATION('',(#5782),#5786);
#5782 = LINE('',#5783,#5784);
#5783 = CARTESIAN_POINT('',(-6.28318530718,0.));
#5784 = VECTOR('',#5785,1.);
#5785 = DIRECTION('',(-0.,-1.));
#5786 = ( GEOMETRIC_REPRESENTATION_CONTEXT(2) 
PARAMETRIC_REPRESENTATION_CONTEXT() REPRESENTATION_CONTEXT('2D SPACE',''
  ) );
#5787 = PCURVE('',#918,#5788);
#5788 = DEFINITIONAL_REPRESENTATION('',(#5789),#5793);
#5789 = LINE('',#5790,#5791);
#5790 = CARTESIAN_POINT('',(0.,0.));
#5791 = VECTOR('',#5792,1.);
#5792 = DIRECTION('',(1.,0.));
#5793 = ( GEOMETRIC_REPRESENTATION_CONTEXT(2) 
PARAMETRIC_REPRESENTATION_CONTEXT() REPRESENTATION_CONTEXT('2D SPACE',''
  ) );
#5794 = ORIENTED_EDGE('',*,*,#5795,.T.);
#5795 = EDGE_CURVE('',#5773,#5796,#5798,.T.);
#5796 = VERTEX_POINT('',#5797);
#5797 = CARTESIAN_POINT('',(77.900773180469,-66.,117.4));
#5798 = SURFACE_CURVE('',#5799,(#5804,#5811),.PCURVE_S1.);
#5799 = CIRCLE('',#5800,20.8);
#5800 = AXIS2_PLACEMENT_3D('',#5801,#5802,#5803);
#5801 = CARTESIAN_POINT('',(58.5,-58.5,117.4));
#5802 = DIRECTION('',(0.,0.,-1.));
#5803 = DIRECTION('',(1.,0.,0.));
#5804 = PCURVE('',#771,#5805);
#5805 = DEFINITIONAL_REPRESENTATION('',(#5806),#5810);
#5806 = LINE('',#5807,#5808);
#5807 = CARTESIAN_POINT('',(-6.28318530718,-13.));
#5808 = VECTOR('',#5809,1.);
#5809 = DIRECTION('',(1.,-0.));
#5810 = ( GEOMETRIC_REPRESENTATION_CONTEXT(2) 
PARAMETRIC_REPRESENTATION_CONTEXT() REPRESENTATION_CONTEXT('2D SPACE',''
  ) );
#5811 = PCURVE('',#5812,#5817);
#5812 = PLANE('',#5813);
#5813 = AXIS2_PLACEMENT_3D('',#5814,#5815,#5816);
#5814 = CARTESIAN_POINT('',(77.5,-66.,117.4));
#5815 = DIRECTION('',(0.,0.,1.));
#5816 = DIRECTION('',(1.,0.,0.));
#5817 = DEFINITIONAL_REPRESENTATION('',(#5818),#5826);
#5818 = ( BOUNDED_CURVE() B_SPLINE_CURVE(2,(#5819,#5820,#5821,#5822,
#5823,#5824,#5825),.UNSPECIFIED.,.T.,.F.) B_SPLINE_CURVE_WITH_KNOTS((1,2
    ,2,2,2,1),(-2.094395102393,0.,2.094395102393,4.188790204786,
6.28318530718,8.377580409573),.UNSPECIFIED.) CURVE() 
GEOMETRIC_REPRESENTATION_ITEM() RATIONAL_B_SPLINE_CURVE((1.,0.5,1.,0.5,
1.,0.5,1.)) REPRESENTATION_ITEM('') );
#5819 = CARTESIAN_POINT('',(1.8,7.5));
#5820 = CARTESIAN_POINT('',(1.8,-28.52665679743));
#5821 = CARTESIAN_POINT('',(-29.4,-10.51332839871));
#5822 = CARTESIAN_POINT('',(-60.6,7.5));
#5823 = CARTESIAN_POINT('',(-29.4,25.513328398716));
#5824 = CARTESIAN_POINT('',(1.8,43.526656797433));
#5825 = CARTESIAN_POINT('',(1.8,7.5));
#5826 = ( GEOMETRIC_REPRESENTATION_CONTEXT(2) 
PARAMETRIC_REPRESENTATION_CONTEXT() REPRESENTATION_CONTEXT('2D SPACE',''
  ) );
#5827 = ORIENTED_EDGE('',*,*,#5828,.T.);
#5828 = EDGE_CURVE('',#5796,#5829,#5831,.T.);
#5829 = VERTEX_POINT('',#5830);
#5830 = CARTESIAN_POINT('',(77.900773180469,-66.,105.4));
#5831 = SURFACE_CURVE('',#5832,(#5836,#5842),.PCURVE_S1.);
#5832 = LINE('',#5833,#5834);
#5833 = CARTESIAN_POINT('',(77.900773180469,-66.,104.4));
#5834 = VECTOR('',#5835,1.);
#5835 = DIRECTION('',(-0.,-0.,-1.));
#5836 = PCURVE('',#771,#5837);
#5837 = DEFINITIONAL_REPRESENTATION('',(#5838),#5841);
#5838 = B_SPLINE_CURVE_WITH_KNOTS('',1,(#5839,#5840),.UNSPECIFIED.,.F.,
  .F.,(2,2),(-14.2,-0.9999994),.PIECEWISE_BEZIER_KNOTS.);
#5839 = CARTESIAN_POINT('',(-5.914298955586,-14.2));
#5840 = CARTESIAN_POINT('',(-5.914298955586,-0.9999994));
#5841 = ( GEOMETRIC_REPRESENTATION_CONTEXT(2) 
PARAMETRIC_REPRESENTATION_CONTEXT() REPRESENTATION_CONTEXT('2D SPACE',''
  ) );
#5842 = PCURVE('',#5843,#5848);
#5843 = PLANE('',#5844);
#5844 = AXIS2_PLACEMENT_3D('',#5845,#5846,#5847);
#5845 = CARTESIAN_POINT('',(77.5,-66.,105.4));
#5846 = DIRECTION('',(0.,1.,0.));
#5847 = DIRECTION('',(0.,0.,1.));
#5848 = DEFINITIONAL_REPRESENTATION('',(#5849),#5852);
#5849 = B_SPLINE_CURVE_WITH_KNOTS('',1,(#5850,#5851),.UNSPECIFIED.,.F.,
  .F.,(2,2),(-14.2,-0.9999994),.PIECEWISE_BEZIER_KNOTS.);
#5850 = CARTESIAN_POINT('',(13.2,0.400773180469));
#5851 = CARTESIAN_POINT('',(-6.000000070117E-07,0.400773180469));
#5852 = ( GEOMETRIC_REPRESENTATION_CONTEXT(2) 
PARAMETRIC_REPRESENTATION_CONTEXT() REPRESENTATION_CONTEXT('2D SPACE',''
  ) );
#5853 = ORIENTED_EDGE('',*,*,#5854,.T.);
#5854 = EDGE_CURVE('',#5829,#5855,#5857,.T.);
#5855 = VERTEX_POINT('',#5856);
#5856 = CARTESIAN_POINT('',(66.,-77.90077318046,105.4));
#5857 = SURFACE_CURVE('',#5858,(#5863,#5870),.PCURVE_S1.);
#5858 = CIRCLE('',#5859,20.8);
#5859 = AXIS2_PLACEMENT_3D('',#5860,#5861,#5862);
#5860 = CARTESIAN_POINT('',(58.5,-58.5,105.4));
#5861 = DIRECTION('',(0.,0.,-1.));
#5862 = DIRECTION('',(1.,0.,0.));
#5863 = PCURVE('',#771,#5864);
#5864 = DEFINITIONAL_REPRESENTATION('',(#5865),#5869);
#5865 = LINE('',#5866,#5867);
#5866 = CARTESIAN_POINT('',(-6.28318530718,-1.));
#5867 = VECTOR('',#5868,1.);
#5868 = DIRECTION('',(1.,-0.));
#5869 = ( GEOMETRIC_REPRESENTATION_CONTEXT(2) 
PARAMETRIC_REPRESENTATION_CONTEXT() REPRESENTATION_CONTEXT('2D SPACE',''
  ) );
#5870 = PCURVE('',#2104,#5871);
#5871 = DEFINITIONAL_REPRESENTATION('',(#5872),#5880);
#5872 = ( BOUNDED_CURVE() B_SPLINE_CURVE(2,(#5873,#5874,#5875,#5876,
#5877,#5878,#5879),.UNSPECIFIED.,.T.,.F.) B_SPLINE_CURVE_WITH_KNOTS((1,2
    ,2,2,2,1),(-2.094395102393,0.,2.094395102393,4.188790204786,
6.28318530718,8.377580409573),.UNSPECIFIED.) CURVE() 
GEOMETRIC_REPRESENTATION_ITEM() RATIONAL_B_SPLINE_CURVE((1.,0.5,1.,0.5,
1.,0.5,1.)) REPRESENTATION_ITEM('') );
#5873 = CARTESIAN_POINT('',(137.8,-7.105427357601E-15));
#5874 = CARTESIAN_POINT('',(137.8,-36.02665679743));
#5875 = CARTESIAN_POINT('',(106.6,-18.01332839871));
#5876 = CARTESIAN_POINT('',(75.4,-1.219995804205E-14));
#5877 = CARTESIAN_POINT('',(106.6,18.013328398716));
#5878 = CARTESIAN_POINT('',(137.8,36.026656797433));
#5879 = CARTESIAN_POINT('',(137.8,-7.105427357601E-15));
#5880 = ( GEOMETRIC_REPRESENTATION_CONTEXT(2) 
PARAMETRIC_REPRESENTATION_CONTEXT() REPRESENTATION_CONTEXT('2D SPACE',''
  ) );
#5881 = ORIENTED_EDGE('',*,*,#5882,.F.);
#5882 = EDGE_CURVE('',#5883,#5855,#5885,.T.);
#5883 = VERTEX_POINT('',#5884);
#5884 = CARTESIAN_POINT('',(66.,-77.90077318046,117.4));
#5885 = SURFACE_CURVE('',#5886,(#5890,#5896),.PCURVE_S1.);
#5886 = LINE('',#5887,#5888);
#5887 = CARTESIAN_POINT('',(66.,-77.90077318046,104.4));
#5888 = VECTOR('',#5889,1.);
#5889 = DIRECTION('',(-0.,-0.,-1.));
#5890 = PCURVE('',#771,#5891);
#5891 = DEFINITIONAL_REPRESENTATION('',(#5892),#5895);
#5892 = B_SPLINE_CURVE_WITH_KNOTS('',1,(#5893,#5894),.UNSPECIFIED.,.F.,
  .F.,(2,2),(-14.2,-0.9999994),.PIECEWISE_BEZIER_KNOTS.);
#5893 = CARTESIAN_POINT('',(-5.081275331978,-14.2));
#5894 = CARTESIAN_POINT('',(-5.081275331978,-0.9999994));
#5895 = ( GEOMETRIC_REPRESENTATION_CONTEXT(2) 
PARAMETRIC_REPRESENTATION_CONTEXT() REPRESENTATION_CONTEXT('2D SPACE',''
  ) );
#5896 = PCURVE('',#5897,#5902);
#5897 = PLANE('',#5898);
#5898 = AXIS2_PLACEMENT_3D('',#5899,#5900,#5901);
#5899 = CARTESIAN_POINT('',(66.,-82.5,105.4));
#5900 = DIRECTION('',(1.,0.,0.));
#5901 = DIRECTION('',(0.,0.,1.));
#5902 = DEFINITIONAL_REPRESENTATION('',(#5903),#5906);
#5903 = B_SPLINE_CURVE_WITH_KNOTS('',1,(#5904,#5905),.UNSPECIFIED.,.F.,
  .F.,(2,2),(-14.2,-0.9999994),.PIECEWISE_BEZIER_KNOTS.);
#5904 = CARTESIAN_POINT('',(13.2,-4.599226819531));
#5905 = CARTESIAN_POINT('',(-6.000000070117E-07,-4.599226819531));
#5906 = ( GEOMETRIC_REPRESENTATION_CONTEXT(2) 
PARAMETRIC_REPRESENTATION_CONTEXT() REPRESENTATION_CONTEXT('2D SPACE',''
  ) );
#5907 = ORIENTED_EDGE('',*,*,#5908,.T.);
#5908 = EDGE_CURVE('',#5883,#5909,#5911,.T.);
#5909 = VERTEX_POINT('',#5910);
#5910 = CARTESIAN_POINT('',(65.,-78.25828939964,117.4));
#5911 = SURFACE_CURVE('',#5912,(#5917,#5924),.PCURVE_S1.);
#5912 = CIRCLE('',#5913,20.8);
#5913 = AXIS2_PLACEMENT_3D('',#5914,#5915,#5916);
#5914 = CARTESIAN_POINT('',(58.5,-58.5,117.4));
#5915 = DIRECTION('',(0.,0.,-1.));
#5916 = DIRECTION('',(1.,0.,0.));
#5917 = PCURVE('',#771,#5918);
#5918 = DEFINITIONAL_REPRESENTATION('',(#5919),#5923);
#5919 = LINE('',#5920,#5921);
#5920 = CARTESIAN_POINT('',(-6.28318530718,-13.));
#5921 = VECTOR('',#5922,1.);
#5922 = DIRECTION('',(1.,-0.));
#5923 = ( GEOMETRIC_REPRESENTATION_CONTEXT(2) 
PARAMETRIC_REPRESENTATION_CONTEXT() REPRESENTATION_CONTEXT('2D SPACE',''
  ) );
#5924 = PCURVE('',#5925,#5930);
#5925 = PLANE('',#5926);
#5926 = AXIS2_PLACEMENT_3D('',#5927,#5928,#5929);
#5927 = CARTESIAN_POINT('',(-66.,-82.5,117.4));
#5928 = DIRECTION('',(0.,0.,1.));
#5929 = DIRECTION('',(1.,0.,0.));
#5930 = DEFINITIONAL_REPRESENTATION('',(#5931),#5939);
#5931 = ( BOUNDED_CURVE() B_SPLINE_CURVE(2,(#5932,#5933,#5934,#5935,
#5936,#5937,#5938),.UNSPECIFIED.,.T.,.F.) B_SPLINE_CURVE_WITH_KNOTS((1,2
    ,2,2,2,1),(-2.094395102393,0.,2.094395102393,4.188790204786,
6.28318530718,8.377580409573),.UNSPECIFIED.) CURVE() 
GEOMETRIC_REPRESENTATION_ITEM() RATIONAL_B_SPLINE_CURVE((1.,0.5,1.,0.5,
1.,0.5,1.)) REPRESENTATION_ITEM('') );
#5932 = CARTESIAN_POINT('',(145.3,24.));
#5933 = CARTESIAN_POINT('',(145.3,-12.02665679743));
#5934 = CARTESIAN_POINT('',(114.1,5.986671601284));
#5935 = CARTESIAN_POINT('',(82.9,24.));
#5936 = CARTESIAN_POINT('',(114.1,42.013328398716));
#5937 = CARTESIAN_POINT('',(145.3,60.026656797433));
#5938 = CARTESIAN_POINT('',(145.3,24.));
#5939 = ( GEOMETRIC_REPRESENTATION_CONTEXT(2) 
PARAMETRIC_REPRESENTATION_CONTEXT() REPRESENTATION_CONTEXT('2D SPACE',''
  ) );
#5940 = ORIENTED_EDGE('',*,*,#5941,.F.);
#5941 = EDGE_CURVE('',#5942,#5909,#5944,.T.);
#5942 = VERTEX_POINT('',#5943);
#5943 = CARTESIAN_POINT('',(65.,-78.25828939964,214.));
#5944 = SURFACE_CURVE('',#5945,(#5949,#5955),.PCURVE_S1.);
#5945 = LINE('',#5946,#5947);
#5946 = CARTESIAN_POINT('',(65.,-78.25828939964,104.4));
#5947 = VECTOR('',#5948,1.);
#5948 = DIRECTION('',(-0.,-0.,-1.));
#5949 = PCURVE('',#771,#5950);
#5950 = DEFINITIONAL_REPRESENTATION('',(#5951),#5954);
#5951 = B_SPLINE_CURVE_WITH_KNOTS('',1,(#5952,#5953),.UNSPECIFIED.,.F.,
  .F.,(2,2),(-163.6000006,-0.9999994),.PIECEWISE_BEZIER_KNOTS.);
#5952 = CARTESIAN_POINT('',(-5.030212684313,-163.6000006));
#5953 = CARTESIAN_POINT('',(-5.030212684313,-0.9999994));
#5954 = ( GEOMETRIC_REPRESENTATION_CONTEXT(2) 
PARAMETRIC_REPRESENTATION_CONTEXT() REPRESENTATION_CONTEXT('2D SPACE',''
  ) );
#5955 = PCURVE('',#5956,#5961);
#5956 = PLANE('',#5957);
#5957 = AXIS2_PLACEMENT_3D('',#5958,#5959,#5960);
#5958 = CARTESIAN_POINT('',(65.,-80.,105.4));
#5959 = DIRECTION('',(1.,0.,0.));
#5960 = DIRECTION('',(0.,0.,1.));
#5961 = DEFINITIONAL_REPRESENTATION('',(#5962),#5965);
#5962 = B_SPLINE_CURVE_WITH_KNOTS('',1,(#5963,#5964),.UNSPECIFIED.,.F.,
  .F.,(2,2),(-163.6000006,-0.9999994),.PIECEWISE_BEZIER_KNOTS.);
#5963 = CARTESIAN_POINT('',(162.6000006,-1.741710600358));
#5964 = CARTESIAN_POINT('',(-5.999999928008E-07,-1.741710600358));
#5965 = ( GEOMETRIC_REPRESENTATION_CONTEXT(2) 
PARAMETRIC_REPRESENTATION_CONTEXT() REPRESENTATION_CONTEXT('2D SPACE',''
  ) );
#5966 = ORIENTED_EDGE('',*,*,#5967,.F.);
#5967 = EDGE_CURVE('',#5638,#5942,#5968,.T.);
#5968 = SURFACE_CURVE('',#5969,(#5974,#5981),.PCURVE_S1.);
#5969 = CIRCLE('',#5970,20.8);
#5970 = AXIS2_PLACEMENT_3D('',#5971,#5972,#5973);
#5971 = CARTESIAN_POINT('',(58.5,-58.5,214.));
#5972 = DIRECTION('',(0.,0.,-1.));
#5973 = DIRECTION('',(1.,0.,0.));
#5974 = PCURVE('',#771,#5975);
#5975 = DEFINITIONAL_REPRESENTATION('',(#5976),#5980);
#5976 = LINE('',#5977,#5978);
#5977 = CARTESIAN_POINT('',(-6.28318530718,-109.6));
#5978 = VECTOR('',#5979,1.);
#5979 = DIRECTION('',(1.,-0.));
#5980 = ( GEOMETRIC_REPRESENTATION_CONTEXT(2) 
PARAMETRIC_REPRESENTATION_CONTEXT() REPRESENTATION_CONTEXT('2D SPACE',''
  ) );
#5981 = PCURVE('',#5183,#5982);
#5982 = DEFINITIONAL_REPRESENTATION('',(#5983),#5991);
#5983 = ( BOUNDED_CURVE() B_SPLINE_CURVE(2,(#5984,#5985,#5986,#5987,
#5988,#5989,#5990),.UNSPECIFIED.,.T.,.F.) B_SPLINE_CURVE_WITH_KNOTS((1,2
    ,2,2,2,1),(-2.094395102393,0.,2.094395102393,4.188790204786,
6.28318530718,8.377580409573),.UNSPECIFIED.) CURVE() 
GEOMETRIC_REPRESENTATION_ITEM() RATIONAL_B_SPLINE_CURVE((1.,0.5,1.,0.5,
1.,0.5,1.)) REPRESENTATION_ITEM('') );
#5984 = CARTESIAN_POINT('',(37.3,21.5));
#5985 = CARTESIAN_POINT('',(37.3,-14.52665679743));
#5986 = CARTESIAN_POINT('',(6.1,3.486671601284));
#5987 = CARTESIAN_POINT('',(-25.1,21.5));
#5988 = CARTESIAN_POINT('',(6.1,39.513328398716));
#5989 = CARTESIAN_POINT('',(37.3,57.526656797433));
#5990 = CARTESIAN_POINT('',(37.3,21.5));
#5991 = ( GEOMETRIC_REPRESENTATION_CONTEXT(2) 
PARAMETRIC_REPRESENTATION_CONTEXT() REPRESENTATION_CONTEXT('2D SPACE',''
  ) );
#5992 = ORIENTED_EDGE('',*,*,#5637,.F.);
#5993 = ORIENTED_EDGE('',*,*,#752,.F.);
#5994 = ORIENTED_EDGE('',*,*,#5995,.T.);
#5995 = EDGE_CURVE('',#725,#5996,#5998,.T.);
#5996 = VERTEX_POINT('',#5997);
#5997 = CARTESIAN_POINT('',(69.742330719206,-76.,264.));
#5998 = SURFACE_CURVE('',#5999,(#6003,#6009),.PCURVE_S1.);
#5999 = LINE('',#6000,#6001);
#6000 = CARTESIAN_POINT('',(69.742330719206,-76.,104.4));
#6001 = VECTOR('',#6002,1.);
#6002 = DIRECTION('',(-0.,-0.,-1.));
#6003 = PCURVE('',#771,#6004);
#6004 = DEFINITIONAL_REPRESENTATION('',(#6005),#6008);
#6005 = B_SPLINE_CURVE_WITH_KNOTS('',1,(#6006,#6007),.UNSPECIFIED.,.F.,
  .F.,(2,2),(-163.6000006,-159.2),.PIECEWISE_BEZIER_KNOTS.);
#6006 = CARTESIAN_POINT('',(-5.283416304736,-163.6000006));
#6007 = CARTESIAN_POINT('',(-5.283416304736,-159.2));
#6008 = ( GEOMETRIC_REPRESENTATION_CONTEXT(2) 
PARAMETRIC_REPRESENTATION_CONTEXT() REPRESENTATION_CONTEXT('2D SPACE',''
  ) );
#6009 = PCURVE('',#740,#6010);
#6010 = DEFINITIONAL_REPRESENTATION('',(#6011),#6014);
#6011 = B_SPLINE_CURVE_WITH_KNOTS('',1,(#6012,#6013),.UNSPECIFIED.,.F.,
  .F.,(2,2),(-163.6000006,-159.2),.PIECEWISE_BEZIER_KNOTS.);
#6012 = CARTESIAN_POINT('',(4.0000006,150.2423307192));
#6013 = CARTESIAN_POINT('',(-0.4,150.2423307192));
#6014 = ( GEOMETRIC_REPRESENTATION_CONTEXT(2) 
PARAMETRIC_REPRESENTATION_CONTEXT() REPRESENTATION_CONTEXT('2D SPACE',''
  ) );
#6015 = ORIENTED_EDGE('',*,*,#6016,.F.);
#6016 = EDGE_CURVE('',#6017,#5996,#6019,.T.);
#6017 = VERTEX_POINT('',#6018);
#6018 = CARTESIAN_POINT('',(79.245842957084,-60.,264.));
#6019 = SURFACE_CURVE('',#6020,(#6025,#6032),.PCURVE_S1.);
#6020 = CIRCLE('',#6021,20.8);
#6021 = AXIS2_PLACEMENT_3D('',#6022,#6023,#6024);
#6022 = CARTESIAN_POINT('',(58.5,-58.5,264.));
#6023 = DIRECTION('',(0.,0.,-1.));
#6024 = DIRECTION('',(1.,0.,0.));
#6025 = PCURVE('',#771,#6026);
#6026 = DEFINITIONAL_REPRESENTATION('',(#6027),#6031);
#6027 = LINE('',#6028,#6029);
#6028 = CARTESIAN_POINT('',(-6.28318530718,-159.6));
#6029 = VECTOR('',#6030,1.);
#6030 = DIRECTION('',(1.,-0.));
#6031 = ( GEOMETRIC_REPRESENTATION_CONTEXT(2) 
PARAMETRIC_REPRESENTATION_CONTEXT() REPRESENTATION_CONTEXT('2D SPACE',''
  ) );
#6032 = PCURVE('',#5739,#6033);
#6033 = DEFINITIONAL_REPRESENTATION('',(#6034),#6042);
#6034 = ( BOUNDED_CURVE() B_SPLINE_CURVE(2,(#6035,#6036,#6037,#6038,
#6039,#6040,#6041),.UNSPECIFIED.,.T.,.F.) B_SPLINE_CURVE_WITH_KNOTS((1,2
    ,2,2,2,1),(-2.094395102393,0.,2.094395102393,4.188790204786,
6.28318530718,8.377580409573),.UNSPECIFIED.) CURVE() 
GEOMETRIC_REPRESENTATION_ITEM() RATIONAL_B_SPLINE_CURVE((1.,0.5,1.,0.5,
1.,0.5,1.)) REPRESENTATION_ITEM('') );
#6035 = CARTESIAN_POINT('',(159.8,17.5));
#6036 = CARTESIAN_POINT('',(159.8,-18.52665679743));
#6037 = CARTESIAN_POINT('',(128.6,-0.513328398716));
#6038 = CARTESIAN_POINT('',(97.4,17.5));
#6039 = CARTESIAN_POINT('',(128.6,35.513328398716));
#6040 = CARTESIAN_POINT('',(159.8,53.526656797433));
#6041 = CARTESIAN_POINT('',(159.8,17.5));
#6042 = ( GEOMETRIC_REPRESENTATION_CONTEXT(2) 
PARAMETRIC_REPRESENTATION_CONTEXT() REPRESENTATION_CONTEXT('2D SPACE',''
  ) );
#6043 = ORIENTED_EDGE('',*,*,#6044,.F.);
#6044 = EDGE_CURVE('',#930,#6017,#6045,.T.);
#6045 = SURFACE_CURVE('',#6046,(#6050,#6056),.PCURVE_S1.);
#6046 = LINE('',#6047,#6048);
#6047 = CARTESIAN_POINT('',(79.245842957084,-60.,104.4));
#6048 = VECTOR('',#6049,1.);
#6049 = DIRECTION('',(-0.,-0.,-1.));
#6050 = PCURVE('',#771,#6051);
#6051 = DEFINITIONAL_REPRESENTATION('',(#6052),#6055);
#6052 = B_SPLINE_CURVE_WITH_KNOTS('',1,(#6053,#6054),.UNSPECIFIED.,.F.,
  .F.,(2,2),(-163.6000006,-159.2),.PIECEWISE_BEZIER_KNOTS.);
#6053 = CARTESIAN_POINT('',(-6.211007268268,-163.6000006));
#6054 = CARTESIAN_POINT('',(-6.211007268268,-159.2));
#6055 = ( GEOMETRIC_REPRESENTATION_CONTEXT(2) 
PARAMETRIC_REPRESENTATION_CONTEXT() REPRESENTATION_CONTEXT('2D SPACE',''
  ) );
#6056 = PCURVE('',#973,#6057);
#6057 = DEFINITIONAL_REPRESENTATION('',(#6058),#6061);
#6058 = B_SPLINE_CURVE_WITH_KNOTS('',1,(#6059,#6060),.UNSPECIFIED.,.F.,
  .F.,(2,2),(-163.6000006,-159.2),.PIECEWISE_BEZIER_KNOTS.);
#6059 = CARTESIAN_POINT('',(4.0000006,159.74584295708));
#6060 = CARTESIAN_POINT('',(-0.4,159.74584295708));
#6061 = ( GEOMETRIC_REPRESENTATION_CONTEXT(2) 
PARAMETRIC_REPRESENTATION_CONTEXT() REPRESENTATION_CONTEXT('2D SPACE',''
  ) );
#6062 = ORIENTED_EDGE('',*,*,#929,.F.);
#6063 = ADVANCED_FACE('',(#6064),#740,.F.);
#6064 = FACE_BOUND('',#6065,.F.);
#6065 = EDGE_LOOP('',(#6066,#6087,#6088,#6089));
#6066 = ORIENTED_EDGE('',*,*,#6067,.F.);
#6067 = EDGE_CURVE('',#5725,#5996,#6068,.T.);
#6068 = SURFACE_CURVE('',#6069,(#6073,#6080),.PCURVE_S1.);
#6069 = LINE('',#6070,#6071);
#6070 = CARTESIAN_POINT('',(-80.5,-76.,264.));
#6071 = VECTOR('',#6072,1.);
#6072 = DIRECTION('',(1.,0.,0.));
#6073 = PCURVE('',#740,#6074);
#6074 = DEFINITIONAL_REPRESENTATION('',(#6075),#6079);
#6075 = LINE('',#6076,#6077);
#6076 = CARTESIAN_POINT('',(0.,0.));
#6077 = VECTOR('',#6078,1.);
#6078 = DIRECTION('',(0.,1.));
#6079 = ( GEOMETRIC_REPRESENTATION_CONTEXT(2) 
PARAMETRIC_REPRESENTATION_CONTEXT() REPRESENTATION_CONTEXT('2D SPACE',''
  ) );
#6080 = PCURVE('',#5739,#6081);
#6081 = DEFINITIONAL_REPRESENTATION('',(#6082),#6086);
#6082 = LINE('',#6083,#6084);
#6083 = CARTESIAN_POINT('',(0.,0.));
#6084 = VECTOR('',#6085,1.);
#6085 = DIRECTION('',(1.,0.));
#6086 = ( GEOMETRIC_REPRESENTATION_CONTEXT(2) 
PARAMETRIC_REPRESENTATION_CONTEXT() REPRESENTATION_CONTEXT('2D SPACE',''
  ) );
#6087 = ORIENTED_EDGE('',*,*,#5750,.T.);
#6088 = ORIENTED_EDGE('',*,*,#724,.T.);
#6089 = ORIENTED_EDGE('',*,*,#5995,.T.);
#6090 = ADVANCED_FACE('',(#6091,#6331,#6438),#803,.T.);
#6091 = FACE_BOUND('',#6092,.T.);
#6092 = EDGE_LOOP('',(#6093,#6094,#6115,#6141,#6167,#6193,#6219,#6245,
    #6264,#6265,#6286,#6312));
#6093 = ORIENTED_EDGE('',*,*,#785,.F.);
#6094 = ORIENTED_EDGE('',*,*,#6095,.F.);
#6095 = EDGE_CURVE('',#6096,#786,#6098,.T.);
#6096 = VERTEX_POINT('',#6097);
#6097 = CARTESIAN_POINT('',(-79.3,-48.85435607626,119.8));
#6098 = SURFACE_CURVE('',#6099,(#6103,#6109),.PCURVE_S1.);
#6099 = LINE('',#6100,#6101);
#6100 = CARTESIAN_POINT('',(-79.3,-48.85435607626,119.6));
#6101 = VECTOR('',#6102,1.);
#6102 = DIRECTION('',(0.,0.,1.));
#6103 = PCURVE('',#803,#6104);
#6104 = DEFINITIONAL_REPRESENTATION('',(#6105),#6108);
#6105 = B_SPLINE_CURVE_WITH_KNOTS('',1,(#6106,#6107),.UNSPECIFIED.,.F.,
  .F.,(2,2),(-6.000000070117E-07,149.4000006),.PIECEWISE_BEZIER_KNOTS.);
#6106 = CARTESIAN_POINT('',(15.1999994,-9.645643923739));
#6107 = CARTESIAN_POINT('',(164.6000006,-9.645643923739));
#6108 = ( GEOMETRIC_REPRESENTATION_CONTEXT(2) 
PARAMETRIC_REPRESENTATION_CONTEXT() REPRESENTATION_CONTEXT('2D SPACE',''
  ) );
#6109 = PCURVE('',#1483,#6110);
#6110 = DEFINITIONAL_REPRESENTATION('',(#6111),#6114);
#6111 = B_SPLINE_CURVE_WITH_KNOTS('',1,(#6112,#6113),.UNSPECIFIED.,.F.,
  .F.,(2,2),(-6.000000070117E-07,149.4000006),.PIECEWISE_BEZIER_KNOTS.);
#6112 = CARTESIAN_POINT('',(2.711892987438,-6.000000070117E-07));
#6113 = CARTESIAN_POINT('',(2.711892987438,149.4000006));
#6114 = ( GEOMETRIC_REPRESENTATION_CONTEXT(2) 
PARAMETRIC_REPRESENTATION_CONTEXT() REPRESENTATION_CONTEXT('2D SPACE',''
  ) );
#6115 = ORIENTED_EDGE('',*,*,#6116,.F.);
#6116 = EDGE_CURVE('',#6117,#6096,#6119,.T.);
#6117 = VERTEX_POINT('',#6118);
#6118 = CARTESIAN_POINT('',(-79.3,-46.75038463814,119.8));
#6119 = SURFACE_CURVE('',#6120,(#6124,#6130),.PCURVE_S1.);
#6120 = LINE('',#6121,#6122);
#6121 = CARTESIAN_POINT('',(-79.3,-54.25,119.8));
#6122 = VECTOR('',#6123,1.);
#6123 = DIRECTION('',(0.,-1.,0.));
#6124 = PCURVE('',#803,#6125);
#6125 = DEFINITIONAL_REPRESENTATION('',(#6126),#6129);
#6126 = B_SPLINE_CURVE_WITH_KNOTS('',1,(#6127,#6128),.UNSPECIFIED.,.F.,
  .F.,(2,2),(-8.35,-0.15),.PIECEWISE_BEZIER_KNOTS.);
#6127 = CARTESIAN_POINT('',(15.4,-12.6));
#6128 = CARTESIAN_POINT('',(15.4,-4.4));
#6129 = ( GEOMETRIC_REPRESENTATION_CONTEXT(2) 
PARAMETRIC_REPRESENTATION_CONTEXT() REPRESENTATION_CONTEXT('2D SPACE',''
  ) );
#6130 = PCURVE('',#6131,#6136);
#6131 = PLANE('',#6132);
#6132 = AXIS2_PLACEMENT_3D('',#6133,#6134,#6135);
#6133 = CARTESIAN_POINT('',(-76.8,-50.,119.8));
#6134 = DIRECTION('',(0.,0.,1.));
#6135 = DIRECTION('',(1.,0.,-0.));
#6136 = DEFINITIONAL_REPRESENTATION('',(#6137),#6140);
#6137 = B_SPLINE_CURVE_WITH_KNOTS('',1,(#6138,#6139),.UNSPECIFIED.,.F.,
  .F.,(2,2),(-8.35,-0.15),.PIECEWISE_BEZIER_KNOTS.);
#6138 = CARTESIAN_POINT('',(-2.5,4.1));
#6139 = CARTESIAN_POINT('',(-2.5,-4.1));
#6140 = ( GEOMETRIC_REPRESENTATION_CONTEXT(2) 
PARAMETRIC_REPRESENTATION_CONTEXT() REPRESENTATION_CONTEXT('2D SPACE',''
  ) );
#6141 = ORIENTED_EDGE('',*,*,#6142,.F.);
#6142 = EDGE_CURVE('',#6143,#6117,#6145,.T.);
#6143 = VERTEX_POINT('',#6144);
#6144 = CARTESIAN_POINT('',(-79.3,-46.75038463814,117.4));
#6145 = SURFACE_CURVE('',#6146,(#6150,#6156),.PCURVE_S1.);
#6146 = LINE('',#6147,#6148);
#6147 = CARTESIAN_POINT('',(-79.3,-46.75038463814,116.4));
#6148 = VECTOR('',#6149,1.);
#6149 = DIRECTION('',(0.,0.,1.));
#6150 = PCURVE('',#803,#6151);
#6151 = DEFINITIONAL_REPRESENTATION('',(#6152),#6155);
#6152 = B_SPLINE_CURVE_WITH_KNOTS('',1,(#6153,#6154),.UNSPECIFIED.,.F.,
  .F.,(2,2),(-6.000000070117E-07,3.4000006),.PIECEWISE_BEZIER_KNOTS.);
#6153 = CARTESIAN_POINT('',(11.9999994,-11.74961536185));
#6154 = CARTESIAN_POINT('',(15.4000006,-11.74961536185));
#6155 = ( GEOMETRIC_REPRESENTATION_CONTEXT(2) 
PARAMETRIC_REPRESENTATION_CONTEXT() REPRESENTATION_CONTEXT('2D SPACE',''
  ) );
#6156 = PCURVE('',#6157,#6162);
#6157 = CYLINDRICAL_SURFACE('',#6158,4.1);
#6158 = AXIS2_PLACEMENT_3D('',#6159,#6160,#6161);
#6159 = CARTESIAN_POINT('',(-76.8,-50.,116.4));
#6160 = DIRECTION('',(0.,0.,1.));
#6161 = DIRECTION('',(1.,0.,-0.));
#6162 = DEFINITIONAL_REPRESENTATION('',(#6163),#6166);
#6163 = B_SPLINE_CURVE_WITH_KNOTS('',1,(#6164,#6165),.UNSPECIFIED.,.F.,
  .F.,(2,2),(-6.000000070117E-07,3.4000006),.PIECEWISE_BEZIER_KNOTS.);
#6164 = CARTESIAN_POINT('',(2.226549152553,-6.000000070117E-07));
#6165 = CARTESIAN_POINT('',(2.226549152553,3.4000006));
#6166 = ( GEOMETRIC_REPRESENTATION_CONTEXT(2) 
PARAMETRIC_REPRESENTATION_CONTEXT() REPRESENTATION_CONTEXT('2D SPACE',''
  ) );
#6167 = ORIENTED_EDGE('',*,*,#6168,.F.);
#6168 = EDGE_CURVE('',#6169,#6143,#6171,.T.);
#6169 = VERTEX_POINT('',#6170);
#6170 = CARTESIAN_POINT('',(-79.3,6.750384638145,117.4));
#6171 = SURFACE_CURVE('',#6172,(#6176,#6182),.PCURVE_S1.);
#6172 = LINE('',#6173,#6174);
#6173 = CARTESIAN_POINT('',(-79.3,-62.25,117.4));
#6174 = VECTOR('',#6175,1.);
#6175 = DIRECTION('',(0.,-1.,0.));
#6176 = PCURVE('',#803,#6177);
#6177 = DEFINITIONAL_REPRESENTATION('',(#6178),#6181);
#6178 = B_SPLINE_CURVE_WITH_KNOTS('',1,(#6179,#6180),.UNSPECIFIED.,.F.,
  .F.,(2,2),(-120.75,-3.75),.PIECEWISE_BEZIER_KNOTS.);
#6179 = CARTESIAN_POINT('',(13.,-117.));
#6180 = CARTESIAN_POINT('',(13.,0.));
#6181 = ( GEOMETRIC_REPRESENTATION_CONTEXT(2) 
PARAMETRIC_REPRESENTATION_CONTEXT() REPRESENTATION_CONTEXT('2D SPACE',''
  ) );
#6182 = PCURVE('',#6183,#6188);
#6183 = PLANE('',#6184);
#6184 = AXIS2_PLACEMENT_3D('',#6185,#6186,#6187);
#6185 = CARTESIAN_POINT('',(-82.5,-66.,117.4));
#6186 = DIRECTION('',(0.,0.,1.));
#6187 = DIRECTION('',(1.,0.,0.));
#6188 = DEFINITIONAL_REPRESENTATION('',(#6189),#6192);
#6189 = B_SPLINE_CURVE_WITH_KNOTS('',1,(#6190,#6191),.UNSPECIFIED.,.F.,
  .F.,(2,2),(-120.75,-3.75),.PIECEWISE_BEZIER_KNOTS.);
#6190 = CARTESIAN_POINT('',(3.2,124.5));
#6191 = CARTESIAN_POINT('',(3.2,7.5));
#6192 = ( GEOMETRIC_REPRESENTATION_CONTEXT(2) 
PARAMETRIC_REPRESENTATION_CONTEXT() REPRESENTATION_CONTEXT('2D SPACE',''
  ) );
#6193 = ORIENTED_EDGE('',*,*,#6194,.T.);
#6194 = EDGE_CURVE('',#6169,#6195,#6197,.T.);
#6195 = VERTEX_POINT('',#6196);
#6196 = CARTESIAN_POINT('',(-79.3,6.750384638146,119.8));
#6197 = SURFACE_CURVE('',#6198,(#6202,#6208),.PCURVE_S1.);
#6198 = LINE('',#6199,#6200);
#6199 = CARTESIAN_POINT('',(-79.3,6.750384638146,116.4));
#6200 = VECTOR('',#6201,1.);
#6201 = DIRECTION('',(0.,0.,1.));
#6202 = PCURVE('',#803,#6203);
#6203 = DEFINITIONAL_REPRESENTATION('',(#6204),#6207);
#6204 = B_SPLINE_CURVE_WITH_KNOTS('',1,(#6205,#6206),.UNSPECIFIED.,.F.,
  .F.,(2,2),(-6.000000070117E-07,3.4000006),.PIECEWISE_BEZIER_KNOTS.);
#6205 = CARTESIAN_POINT('',(11.9999994,-65.25038463814));
#6206 = CARTESIAN_POINT('',(15.4000006,-65.25038463814));
#6207 = ( GEOMETRIC_REPRESENTATION_CONTEXT(2) 
PARAMETRIC_REPRESENTATION_CONTEXT() REPRESENTATION_CONTEXT('2D SPACE',''
  ) );
#6208 = PCURVE('',#6209,#6214);
#6209 = CYLINDRICAL_SURFACE('',#6210,4.1);
#6210 = AXIS2_PLACEMENT_3D('',#6211,#6212,#6213);
#6211 = CARTESIAN_POINT('',(-76.8,10.,116.4));
#6212 = DIRECTION('',(0.,0.,1.));
#6213 = DIRECTION('',(1.,0.,-0.));
#6214 = DEFINITIONAL_REPRESENTATION('',(#6215),#6218);
#6215 = B_SPLINE_CURVE_WITH_KNOTS('',1,(#6216,#6217),.UNSPECIFIED.,.F.,
  .F.,(2,2),(-6.000000070117E-07,3.4000006),.PIECEWISE_BEZIER_KNOTS.);
#6216 = CARTESIAN_POINT('',(4.056636154627,-6.000000070117E-07));
#6217 = CARTESIAN_POINT('',(4.056636154627,3.4000006));
#6218 = ( GEOMETRIC_REPRESENTATION_CONTEXT(2) 
PARAMETRIC_REPRESENTATION_CONTEXT() REPRESENTATION_CONTEXT('2D SPACE',''
  ) );
#6219 = ORIENTED_EDGE('',*,*,#6220,.F.);
#6220 = EDGE_CURVE('',#6221,#6195,#6223,.T.);
#6221 = VERTEX_POINT('',#6222);
#6222 = CARTESIAN_POINT('',(-79.3,8.854356076261,119.8));
#6223 = SURFACE_CURVE('',#6224,(#6228,#6234),.PCURVE_S1.);
#6224 = LINE('',#6225,#6226);
#6225 = CARTESIAN_POINT('',(-79.3,-24.25,119.8));
#6226 = VECTOR('',#6227,1.);
#6227 = DIRECTION('',(0.,-1.,0.));
#6228 = PCURVE('',#803,#6229);
#6229 = DEFINITIONAL_REPRESENTATION('',(#6230),#6233);
#6230 = B_SPLINE_CURVE_WITH_KNOTS('',1,(#6231,#6232),.UNSPECIFIED.,.F.,
  .F.,(2,2),(-38.35,-30.15),.PIECEWISE_BEZIER_KNOTS.);
#6231 = CARTESIAN_POINT('',(15.4,-72.6));
#6232 = CARTESIAN_POINT('',(15.4,-64.4));
#6233 = ( GEOMETRIC_REPRESENTATION_CONTEXT(2) 
PARAMETRIC_REPRESENTATION_CONTEXT() REPRESENTATION_CONTEXT('2D SPACE',''
  ) );
#6234 = PCURVE('',#6235,#6240);
#6235 = PLANE('',#6236);
#6236 = AXIS2_PLACEMENT_3D('',#6237,#6238,#6239);
#6237 = CARTESIAN_POINT('',(-76.8,10.,119.8));
#6238 = DIRECTION('',(0.,0.,1.));
#6239 = DIRECTION('',(1.,0.,-0.));
#6240 = DEFINITIONAL_REPRESENTATION('',(#6241),#6244);
#6241 = B_SPLINE_CURVE_WITH_KNOTS('',1,(#6242,#6243),.UNSPECIFIED.,.F.,
  .F.,(2,2),(-38.35,-30.15),.PIECEWISE_BEZIER_KNOTS.);
#6242 = CARTESIAN_POINT('',(-2.5,4.1));
#6243 = CARTESIAN_POINT('',(-2.5,-4.1));
#6244 = ( GEOMETRIC_REPRESENTATION_CONTEXT(2) 
PARAMETRIC_REPRESENTATION_CONTEXT() REPRESENTATION_CONTEXT('2D SPACE',''
  ) );
#6245 = ORIENTED_EDGE('',*,*,#6246,.T.);
#6246 = EDGE_CURVE('',#6221,#1926,#6247,.T.);
#6247 = SURFACE_CURVE('',#6248,(#6252,#6258),.PCURVE_S1.);
#6248 = LINE('',#6249,#6250);
#6249 = CARTESIAN_POINT('',(-79.3,8.854356076261,119.6));
#6250 = VECTOR('',#6251,1.);
#6251 = DIRECTION('',(0.,0.,1.));
#6252 = PCURVE('',#803,#6253);
#6253 = DEFINITIONAL_REPRESENTATION('',(#6254),#6257);
#6254 = B_SPLINE_CURVE_WITH_KNOTS('',1,(#6255,#6256),.UNSPECIFIED.,.F.,
  .F.,(2,2),(-6.000000070117E-07,149.4000006),.PIECEWISE_BEZIER_KNOTS.);
#6255 = CARTESIAN_POINT('',(15.1999994,-67.35435607626));
#6256 = CARTESIAN_POINT('',(164.6000006,-67.35435607626));
#6257 = ( GEOMETRIC_REPRESENTATION_CONTEXT(2) 
PARAMETRIC_REPRESENTATION_CONTEXT() REPRESENTATION_CONTEXT('2D SPACE',''
  ) );
#6258 = PCURVE('',#1964,#6259);
#6259 = DEFINITIONAL_REPRESENTATION('',(#6260),#6263);
#6260 = B_SPLINE_CURVE_WITH_KNOTS('',1,(#6261,#6262),.UNSPECIFIED.,.F.,
  .F.,(2,2),(-6.000000070117E-07,149.4000006),.PIECEWISE_BEZIER_KNOTS.);
#6261 = CARTESIAN_POINT('',(3.571292319741,-6.000000070117E-07));
#6262 = CARTESIAN_POINT('',(3.571292319741,149.4000006));
#6263 = ( GEOMETRIC_REPRESENTATION_CONTEXT(2) 
PARAMETRIC_REPRESENTATION_CONTEXT() REPRESENTATION_CONTEXT('2D SPACE',''
  ) );
#6264 = ORIENTED_EDGE('',*,*,#1925,.F.);
#6265 = ORIENTED_EDGE('',*,*,#6266,.F.);
#6266 = EDGE_CURVE('',#6267,#1898,#6269,.T.);
#6267 = VERTEX_POINT('',#6268);
#6268 = CARTESIAN_POINT('',(-79.3,5.,264.));
#6269 = SURFACE_CURVE('',#6270,(#6274,#6280),.PCURVE_S1.);
#6270 = LINE('',#6271,#6272);
#6271 = CARTESIAN_POINT('',(-79.3,5.,184.2));
#6272 = VECTOR('',#6273,1.);
#6273 = DIRECTION('',(0.,0.,1.));
#6274 = PCURVE('',#803,#6275);
#6275 = DEFINITIONAL_REPRESENTATION('',(#6276),#6279);
#6276 = B_SPLINE_CURVE_WITH_KNOTS('',1,(#6277,#6278),.UNSPECIFIED.,.F.,
  .F.,(2,2),(79.8,83.8),.PIECEWISE_BEZIER_KNOTS.);
#6277 = CARTESIAN_POINT('',(159.6,-63.5));
#6278 = CARTESIAN_POINT('',(163.6,-63.5));
#6279 = ( GEOMETRIC_REPRESENTATION_CONTEXT(2) 
PARAMETRIC_REPRESENTATION_CONTEXT() REPRESENTATION_CONTEXT('2D SPACE',''
  ) );
#6280 = PCURVE('',#1913,#6281);
#6281 = DEFINITIONAL_REPRESENTATION('',(#6282),#6285);
#6282 = B_SPLINE_CURVE_WITH_KNOTS('',1,(#6283,#6284),.UNSPECIFIED.,.F.,
  .F.,(2,2),(79.8,83.8),.PIECEWISE_BEZIER_KNOTS.);
#6283 = CARTESIAN_POINT('',(0.,1.2));
#6284 = CARTESIAN_POINT('',(4.,1.2));
#6285 = ( GEOMETRIC_REPRESENTATION_CONTEXT(2) 
PARAMETRIC_REPRESENTATION_CONTEXT() REPRESENTATION_CONTEXT('2D SPACE',''
  ) );
#6286 = ORIENTED_EDGE('',*,*,#6287,.T.);
#6287 = EDGE_CURVE('',#6267,#6288,#6290,.T.);
#6288 = VERTEX_POINT('',#6289);
#6289 = CARTESIAN_POINT('',(-79.3,-5.,264.));
#6290 = SURFACE_CURVE('',#6291,(#6295,#6301),.PCURVE_S1.);
#6291 = LINE('',#6292,#6293);
#6292 = CARTESIAN_POINT('',(-79.3,-31.75,264.));
#6293 = VECTOR('',#6294,1.);
#6294 = DIRECTION('',(0.,-1.,0.));
#6295 = PCURVE('',#803,#6296);
#6296 = DEFINITIONAL_REPRESENTATION('',(#6297),#6300);
#6297 = B_SPLINE_CURVE_WITH_KNOTS('',1,(#6298,#6299),.UNSPECIFIED.,.F.,
  .F.,(2,2),(-36.75,-26.75),.PIECEWISE_BEZIER_KNOTS.);
#6298 = CARTESIAN_POINT('',(159.6,-63.5));
#6299 = CARTESIAN_POINT('',(159.6,-53.5));
#6300 = ( GEOMETRIC_REPRESENTATION_CONTEXT(2) 
PARAMETRIC_REPRESENTATION_CONTEXT() REPRESENTATION_CONTEXT('2D SPACE',''
  ) );
#6301 = PCURVE('',#6302,#6307);
#6302 = PLANE('',#6303);
#6303 = AXIS2_PLACEMENT_3D('',#6304,#6305,#6306);
#6304 = CARTESIAN_POINT('',(-80.5,-5.,264.));
#6305 = DIRECTION('',(0.,0.,1.));
#6306 = DIRECTION('',(1.,0.,0.));
#6307 = DEFINITIONAL_REPRESENTATION('',(#6308),#6311);
#6308 = B_SPLINE_CURVE_WITH_KNOTS('',1,(#6309,#6310),.UNSPECIFIED.,.F.,
  .F.,(2,2),(-36.75,-26.75),.PIECEWISE_BEZIER_KNOTS.);
#6309 = CARTESIAN_POINT('',(1.2,10.));
#6310 = CARTESIAN_POINT('',(1.2,0.));
#6311 = ( GEOMETRIC_REPRESENTATION_CONTEXT(2) 
PARAMETRIC_REPRESENTATION_CONTEXT() REPRESENTATION_CONTEXT('2D SPACE',''
  ) );
#6312 = ORIENTED_EDGE('',*,*,#6313,.T.);
#6313 = EDGE_CURVE('',#6288,#788,#6314,.T.);
#6314 = SURFACE_CURVE('',#6315,(#6319,#6325),.PCURVE_S1.);
#6315 = LINE('',#6316,#6317);
#6316 = CARTESIAN_POINT('',(-79.3,-5.,184.2));
#6317 = VECTOR('',#6318,1.);
#6318 = DIRECTION('',(0.,0.,1.));
#6319 = PCURVE('',#803,#6320);
#6320 = DEFINITIONAL_REPRESENTATION('',(#6321),#6324);
#6321 = B_SPLINE_CURVE_WITH_KNOTS('',1,(#6322,#6323),.UNSPECIFIED.,.F.,
  .F.,(2,2),(79.8,83.8),.PIECEWISE_BEZIER_KNOTS.);
#6322 = CARTESIAN_POINT('',(159.6,-53.5));
#6323 = CARTESIAN_POINT('',(163.6,-53.5));
#6324 = ( GEOMETRIC_REPRESENTATION_CONTEXT(2) 
PARAMETRIC_REPRESENTATION_CONTEXT() REPRESENTATION_CONTEXT('2D SPACE',''
  ) );
#6325 = PCURVE('',#830,#6326);
#6326 = DEFINITIONAL_REPRESENTATION('',(#6327),#6330);
#6327 = B_SPLINE_CURVE_WITH_KNOTS('',1,(#6328,#6329),.UNSPECIFIED.,.F.,
  .F.,(2,2),(79.8,83.8),.PIECEWISE_BEZIER_KNOTS.);
#6328 = CARTESIAN_POINT('',(0.,1.2));
#6329 = CARTESIAN_POINT('',(4.,1.2));
#6330 = ( GEOMETRIC_REPRESENTATION_CONTEXT(2) 
PARAMETRIC_REPRESENTATION_CONTEXT() REPRESENTATION_CONTEXT('2D SPACE',''
  ) );
#6331 = FACE_BOUND('',#6332,.T.);
#6332 = EDGE_LOOP('',(#6333,#6361,#6387,#6414));
#6333 = ORIENTED_EDGE('',*,*,#6334,.T.);
#6334 = EDGE_CURVE('',#6335,#6337,#6339,.T.);
#6335 = VERTEX_POINT('',#6336);
#6336 = CARTESIAN_POINT('',(-79.3,-10.85,147.));
#6337 = VERTEX_POINT('',#6338);
#6338 = CARTESIAN_POINT('',(-79.3,-18.85,147.));
#6339 = SURFACE_CURVE('',#6340,(#6344,#6350),.PCURVE_S1.);
#6340 = LINE('',#6341,#6342);
#6341 = CARTESIAN_POINT('',(-79.3,-38.675,147.));
#6342 = VECTOR('',#6343,1.);
#6343 = DIRECTION('',(0.,-1.,0.));
#6344 = PCURVE('',#803,#6345);
#6345 = DEFINITIONAL_REPRESENTATION('',(#6346),#6349);
#6346 = B_SPLINE_CURVE_WITH_KNOTS('',1,(#6347,#6348),.UNSPECIFIED.,.F.,
  .F.,(2,2),(-27.825,-19.825),.PIECEWISE_BEZIER_KNOTS.);
#6347 = CARTESIAN_POINT('',(42.6,-47.65));
#6348 = CARTESIAN_POINT('',(42.6,-39.65));
#6349 = ( GEOMETRIC_REPRESENTATION_CONTEXT(2) 
PARAMETRIC_REPRESENTATION_CONTEXT() REPRESENTATION_CONTEXT('2D SPACE',''
  ) );
#6350 = PCURVE('',#6351,#6356);
#6351 = PLANE('',#6352);
#6352 = AXIS2_PLACEMENT_3D('',#6353,#6354,#6355);
#6353 = CARTESIAN_POINT('',(-79.8,-18.85,147.));
#6354 = DIRECTION('',(0.,0.,1.));
#6355 = DIRECTION('',(1.,0.,0.));
#6356 = DEFINITIONAL_REPRESENTATION('',(#6357),#6360);
#6357 = B_SPLINE_CURVE_WITH_KNOTS('',1,(#6358,#6359),.UNSPECIFIED.,.F.,
  .F.,(2,2),(-27.825,-19.825),.PIECEWISE_BEZIER_KNOTS.);
#6358 = CARTESIAN_POINT('',(0.5,8.));
#6359 = CARTESIAN_POINT('',(0.5,0.));
#6360 = ( GEOMETRIC_REPRESENTATION_CONTEXT(2) 
PARAMETRIC_REPRESENTATION_CONTEXT() REPRESENTATION_CONTEXT('2D SPACE',''
  ) );
#6361 = ORIENTED_EDGE('',*,*,#6362,.T.);
#6362 = EDGE_CURVE('',#6337,#6363,#6365,.T.);
#6363 = VERTEX_POINT('',#6364);
#6364 = CARTESIAN_POINT('',(-79.3,-18.85,151.));
#6365 = SURFACE_CURVE('',#6366,(#6370,#6376),.PCURVE_S1.);
#6366 = LINE('',#6367,#6368);
#6367 = CARTESIAN_POINT('',(-79.3,-18.85,125.7));
#6368 = VECTOR('',#6369,1.);
#6369 = DIRECTION('',(0.,0.,1.));
#6370 = PCURVE('',#803,#6371);
#6371 = DEFINITIONAL_REPRESENTATION('',(#6372),#6375);
#6372 = B_SPLINE_CURVE_WITH_KNOTS('',1,(#6373,#6374),.UNSPECIFIED.,.F.,
  .F.,(2,2),(21.3,25.3),.PIECEWISE_BEZIER_KNOTS.);
#6373 = CARTESIAN_POINT('',(42.6,-39.65));
#6374 = CARTESIAN_POINT('',(46.6,-39.65));
#6375 = ( GEOMETRIC_REPRESENTATION_CONTEXT(2) 
PARAMETRIC_REPRESENTATION_CONTEXT() REPRESENTATION_CONTEXT('2D SPACE',''
  ) );
#6376 = PCURVE('',#6377,#6382);
#6377 = PLANE('',#6378);
#6378 = AXIS2_PLACEMENT_3D('',#6379,#6380,#6381);
#6379 = CARTESIAN_POINT('',(-79.8,-18.85,147.));
#6380 = DIRECTION('',(0.,1.,0.));
#6381 = DIRECTION('',(0.,0.,1.));
#6382 = DEFINITIONAL_REPRESENTATION('',(#6383),#6386);
#6383 = B_SPLINE_CURVE_WITH_KNOTS('',1,(#6384,#6385),.UNSPECIFIED.,.F.,
  .F.,(2,2),(21.3,25.3),.PIECEWISE_BEZIER_KNOTS.);
#6384 = CARTESIAN_POINT('',(0.,0.5));
#6385 = CARTESIAN_POINT('',(4.,0.5));
#6386 = ( GEOMETRIC_REPRESENTATION_CONTEXT(2) 
PARAMETRIC_REPRESENTATION_CONTEXT() REPRESENTATION_CONTEXT('2D SPACE',''
  ) );
#6387 = ORIENTED_EDGE('',*,*,#6388,.F.);
#6388 = EDGE_CURVE('',#6389,#6363,#6391,.T.);
#6389 = VERTEX_POINT('',#6390);
#6390 = CARTESIAN_POINT('',(-79.3,-10.85,151.));
#6391 = SURFACE_CURVE('',#6392,(#6396,#6402),.PCURVE_S1.);
#6392 = LINE('',#6393,#6394);
#6393 = CARTESIAN_POINT('',(-79.3,-38.675,151.));
#6394 = VECTOR('',#6395,1.);
#6395 = DIRECTION('',(0.,-1.,0.));
#6396 = PCURVE('',#803,#6397);
#6397 = DEFINITIONAL_REPRESENTATION('',(#6398),#6401);
#6398 = B_SPLINE_CURVE_WITH_KNOTS('',1,(#6399,#6400),.UNSPECIFIED.,.F.,
  .F.,(2,2),(-27.825,-19.825),.PIECEWISE_BEZIER_KNOTS.);
#6399 = CARTESIAN_POINT('',(46.6,-47.65));
#6400 = CARTESIAN_POINT('',(46.6,-39.65));
#6401 = ( GEOMETRIC_REPRESENTATION_CONTEXT(2) 
PARAMETRIC_REPRESENTATION_CONTEXT() REPRESENTATION_CONTEXT('2D SPACE',''
  ) );
#6402 = PCURVE('',#6403,#6408);
#6403 = PLANE('',#6404);
#6404 = AXIS2_PLACEMENT_3D('',#6405,#6406,#6407);
#6405 = CARTESIAN_POINT('',(-79.8,-18.85,151.));
#6406 = DIRECTION('',(0.,0.,1.));
#6407 = DIRECTION('',(1.,0.,0.));
#6408 = DEFINITIONAL_REPRESENTATION('',(#6409),#6413);
#6409 = LINE('',#6410,#6411);
#6410 = CARTESIAN_POINT('',(0.5,-19.825));
#6411 = VECTOR('',#6412,1.);
#6412 = DIRECTION('',(0.,-1.));
#6413 = ( GEOMETRIC_REPRESENTATION_CONTEXT(2) 
PARAMETRIC_REPRESENTATION_CONTEXT() REPRESENTATION_CONTEXT('2D SPACE',''
  ) );
#6414 = ORIENTED_EDGE('',*,*,#6415,.F.);
#6415 = EDGE_CURVE('',#6335,#6389,#6416,.T.);
#6416 = SURFACE_CURVE('',#6417,(#6421,#6427),.PCURVE_S1.);
#6417 = LINE('',#6418,#6419);
#6418 = CARTESIAN_POINT('',(-79.3,-10.85,125.7));
#6419 = VECTOR('',#6420,1.);
#6420 = DIRECTION('',(0.,0.,1.));
#6421 = PCURVE('',#803,#6422);
#6422 = DEFINITIONAL_REPRESENTATION('',(#6423),#6426);
#6423 = B_SPLINE_CURVE_WITH_KNOTS('',1,(#6424,#6425),.UNSPECIFIED.,.F.,
  .F.,(2,2),(21.3,25.3),.PIECEWISE_BEZIER_KNOTS.);
#6424 = CARTESIAN_POINT('',(42.6,-47.65));
#6425 = CARTESIAN_POINT('',(46.6,-47.65));
#6426 = ( GEOMETRIC_REPRESENTATION_CONTEXT(2) 
PARAMETRIC_REPRESENTATION_CONTEXT() REPRESENTATION_CONTEXT('2D SPACE',''
  ) );
#6427 = PCURVE('',#6428,#6433);
#6428 = PLANE('',#6429);
#6429 = AXIS2_PLACEMENT_3D('',#6430,#6431,#6432);
#6430 = CARTESIAN_POINT('',(-79.8,-10.85,147.));
#6431 = DIRECTION('',(0.,1.,0.));
#6432 = DIRECTION('',(0.,0.,1.));
#6433 = DEFINITIONAL_REPRESENTATION('',(#6434),#6437);
#6434 = B_SPLINE_CURVE_WITH_KNOTS('',1,(#6435,#6436),.UNSPECIFIED.,.F.,
  .F.,(2,2),(21.3,25.3),.PIECEWISE_BEZIER_KNOTS.);
#6435 = CARTESIAN_POINT('',(0.,0.5));
#6436 = CARTESIAN_POINT('',(4.,0.5));
#6437 = ( GEOMETRIC_REPRESENTATION_CONTEXT(2) 
PARAMETRIC_REPRESENTATION_CONTEXT() REPRESENTATION_CONTEXT('2D SPACE',''
  ) );
#6438 = FACE_BOUND('',#6439,.T.);
#6439 = EDGE_LOOP('',(#6440));
#6440 = ORIENTED_EDGE('',*,*,#6441,.T.);
#6441 = EDGE_CURVE('',#6442,#6442,#6444,.T.);
#6442 = VERTEX_POINT('',#6443);
#6443 = CARTESIAN_POINT('',(-79.3,-25.,150.9));
#6444 = SURFACE_CURVE('',#6445,(#6450,#6461),.PCURVE_S1.);
#6445 = CIRCLE('',#6446,5.1);
#6446 = AXIS2_PLACEMENT_3D('',#6447,#6448,#6449);
#6447 = CARTESIAN_POINT('',(-79.3,-25.,156.));
#6448 = DIRECTION('',(-1.,0.,0.));
#6449 = DIRECTION('',(0.,0.,-1.));
#6450 = PCURVE('',#803,#6451);
#6451 = DEFINITIONAL_REPRESENTATION('',(#6452),#6460);
#6452 = ( BOUNDED_CURVE() B_SPLINE_CURVE(2,(#6453,#6454,#6455,#6456,
#6457,#6458,#6459),.UNSPECIFIED.,.T.,.F.) B_SPLINE_CURVE_WITH_KNOTS((1,2
    ,2,2,2,1),(-2.094395102393,0.,2.094395102393,4.188790204786,
6.28318530718,8.377580409573),.UNSPECIFIED.) CURVE() 
GEOMETRIC_REPRESENTATION_ITEM() RATIONAL_B_SPLINE_CURVE((1.,0.5,1.,0.5,
1.,0.5,1.)) REPRESENTATION_ITEM('') );
#6453 = CARTESIAN_POINT('',(46.5,-33.5));
#6454 = CARTESIAN_POINT('',(46.5,-24.66654088139));
#6455 = CARTESIAN_POINT('',(54.15,-29.08327044069));
#6456 = CARTESIAN_POINT('',(61.8,-33.5));
#6457 = CARTESIAN_POINT('',(54.15,-37.9167295593));
#6458 = CARTESIAN_POINT('',(46.5,-42.3334591186));
#6459 = CARTESIAN_POINT('',(46.5,-33.5));
#6460 = ( GEOMETRIC_REPRESENTATION_CONTEXT(2) 
PARAMETRIC_REPRESENTATION_CONTEXT() REPRESENTATION_CONTEXT('2D SPACE',''
  ) );
#6461 = PCURVE('',#6462,#6467);
#6462 = CYLINDRICAL_SURFACE('',#6463,5.1);
#6463 = AXIS2_PLACEMENT_3D('',#6464,#6465,#6466);
#6464 = CARTESIAN_POINT('',(-76.05,-25.,156.));
#6465 = DIRECTION('',(-1.,0.,0.));
#6466 = DIRECTION('',(0.,0.,-1.));
#6467 = DEFINITIONAL_REPRESENTATION('',(#6468),#6472);
#6468 = LINE('',#6469,#6470);
#6469 = CARTESIAN_POINT('',(0.,3.25));
#6470 = VECTOR('',#6471,1.);
#6471 = DIRECTION('',(1.,0.));
#6472 = ( GEOMETRIC_REPRESENTATION_CONTEXT(2) 
PARAMETRIC_REPRESENTATION_CONTEXT() REPRESENTATION_CONTEXT('2D SPACE',''
  ) );
#6473 = ADVANCED_FACE('',(#6474),#1483,.F.);
#6474 = FACE_BOUND('',#6475,.F.);
#6475 = EDGE_LOOP('',(#6476,#6477,#6478,#6502));
#6476 = ORIENTED_EDGE('',*,*,#1468,.F.);
#6477 = ORIENTED_EDGE('',*,*,#6095,.F.);
#6478 = ORIENTED_EDGE('',*,*,#6479,.T.);
#6479 = EDGE_CURVE('',#6096,#6480,#6482,.T.);
#6480 = VERTEX_POINT('',#6481);
#6481 = CARTESIAN_POINT('',(-79.3,-51.14564392373,119.8));
#6482 = SURFACE_CURVE('',#6483,(#6488,#6495),.PCURVE_S1.);
#6483 = CIRCLE('',#6484,2.75);
#6484 = AXIS2_PLACEMENT_3D('',#6485,#6486,#6487);
#6485 = CARTESIAN_POINT('',(-76.8,-50.,119.8));
#6486 = DIRECTION('',(0.,0.,1.));
#6487 = DIRECTION('',(1.,0.,-0.));
#6488 = PCURVE('',#1483,#6489);
#6489 = DEFINITIONAL_REPRESENTATION('',(#6490),#6494);
#6490 = LINE('',#6491,#6492);
#6491 = CARTESIAN_POINT('',(0.,0.2));
#6492 = VECTOR('',#6493,1.);
#6493 = DIRECTION('',(1.,0.));
#6494 = ( GEOMETRIC_REPRESENTATION_CONTEXT(2) 
PARAMETRIC_REPRESENTATION_CONTEXT() REPRESENTATION_CONTEXT('2D SPACE',''
  ) );
#6495 = PCURVE('',#6131,#6496);
#6496 = DEFINITIONAL_REPRESENTATION('',(#6497),#6501);
#6497 = CIRCLE('',#6498,2.75);
#6498 = AXIS2_PLACEMENT_2D('',#6499,#6500);
#6499 = CARTESIAN_POINT('',(0.,0.));
#6500 = DIRECTION('',(1.,0.));
#6501 = ( GEOMETRIC_REPRESENTATION_CONTEXT(2) 
PARAMETRIC_REPRESENTATION_CONTEXT() REPRESENTATION_CONTEXT('2D SPACE',''
  ) );
#6502 = ORIENTED_EDGE('',*,*,#6503,.T.);
#6503 = EDGE_CURVE('',#6480,#1442,#6504,.T.);
#6504 = SURFACE_CURVE('',#6505,(#6509,#6515),.PCURVE_S1.);
#6505 = LINE('',#6506,#6507);
#6506 = CARTESIAN_POINT('',(-79.3,-51.14564392373,119.6));
#6507 = VECTOR('',#6508,1.);
#6508 = DIRECTION('',(0.,0.,1.));
#6509 = PCURVE('',#1483,#6510);
#6510 = DEFINITIONAL_REPRESENTATION('',(#6511),#6514);
#6511 = B_SPLINE_CURVE_WITH_KNOTS('',1,(#6512,#6513),.UNSPECIFIED.,.F.,
  .F.,(2,2),(-6.000000070117E-07,149.4000006),.PIECEWISE_BEZIER_KNOTS.);
#6512 = CARTESIAN_POINT('',(3.571292319741,-6.000000070117E-07));
#6513 = CARTESIAN_POINT('',(3.571292319741,149.4000006));
#6514 = ( GEOMETRIC_REPRESENTATION_CONTEXT(2) 
PARAMETRIC_REPRESENTATION_CONTEXT() REPRESENTATION_CONTEXT('2D SPACE',''
  ) );
#6515 = PCURVE('',#1457,#6516);
#6516 = DEFINITIONAL_REPRESENTATION('',(#6517),#6520);
#6517 = B_SPLINE_CURVE_WITH_KNOTS('',1,(#6518,#6519),.UNSPECIFIED.,.F.,
  .F.,(2,2),(-6.000000070117E-07,149.4000006),.PIECEWISE_BEZIER_KNOTS.);
#6518 = CARTESIAN_POINT('',(15.1999994,-7.354356076261));
#6519 = CARTESIAN_POINT('',(164.6000006,-7.354356076261));
#6520 = ( GEOMETRIC_REPRESENTATION_CONTEXT(2) 
PARAMETRIC_REPRESENTATION_CONTEXT() REPRESENTATION_CONTEXT('2D SPACE',''
  ) );
#6521 = ADVANCED_FACE('',(#6522),#830,.F.);
#6522 = FACE_BOUND('',#6523,.F.);
#6523 = EDGE_LOOP('',(#6524,#6547,#6548,#6549));
#6524 = ORIENTED_EDGE('',*,*,#6525,.F.);
#6525 = EDGE_CURVE('',#6288,#6526,#6528,.T.);
#6526 = VERTEX_POINT('',#6527);
#6527 = CARTESIAN_POINT('',(79.3,-5.,264.));
#6528 = SURFACE_CURVE('',#6529,(#6533,#6540),.PCURVE_S1.);
#6529 = LINE('',#6530,#6531);
#6530 = CARTESIAN_POINT('',(-80.5,-5.,264.));
#6531 = VECTOR('',#6532,1.);
#6532 = DIRECTION('',(1.,0.,0.));
#6533 = PCURVE('',#830,#6534);
#6534 = DEFINITIONAL_REPRESENTATION('',(#6535),#6539);
#6535 = LINE('',#6536,#6537);
#6536 = CARTESIAN_POINT('',(0.,0.));
#6537 = VECTOR('',#6538,1.);
#6538 = DIRECTION('',(0.,1.));
#6539 = ( GEOMETRIC_REPRESENTATION_CONTEXT(2) 
PARAMETRIC_REPRESENTATION_CONTEXT() REPRESENTATION_CONTEXT('2D SPACE',''
  ) );
#6540 = PCURVE('',#6302,#6541);
#6541 = DEFINITIONAL_REPRESENTATION('',(#6542),#6546);
#6542 = LINE('',#6543,#6544);
#6543 = CARTESIAN_POINT('',(0.,0.));
#6544 = VECTOR('',#6545,1.);
#6545 = DIRECTION('',(1.,0.));
#6546 = ( GEOMETRIC_REPRESENTATION_CONTEXT(2) 
PARAMETRIC_REPRESENTATION_CONTEXT() REPRESENTATION_CONTEXT('2D SPACE',''
  ) );
#6547 = ORIENTED_EDGE('',*,*,#6313,.T.);
#6548 = ORIENTED_EDGE('',*,*,#814,.T.);
#6549 = ORIENTED_EDGE('',*,*,#6550,.F.);
#6550 = EDGE_CURVE('',#6526,#815,#6551,.T.);
#6551 = SURFACE_CURVE('',#6552,(#6556,#6562),.PCURVE_S1.);
#6552 = LINE('',#6553,#6554);
#6553 = CARTESIAN_POINT('',(79.3,-5.,184.2));
#6554 = VECTOR('',#6555,1.);
#6555 = DIRECTION('',(0.,0.,1.));
#6556 = PCURVE('',#830,#6557);
#6557 = DEFINITIONAL_REPRESENTATION('',(#6558),#6561);
#6558 = B_SPLINE_CURVE_WITH_KNOTS('',1,(#6559,#6560),.UNSPECIFIED.,.F.,
  .F.,(2,2),(79.8,83.8),.PIECEWISE_BEZIER_KNOTS.);
#6559 = CARTESIAN_POINT('',(0.,159.8));
#6560 = CARTESIAN_POINT('',(4.,159.8));
#6561 = ( GEOMETRIC_REPRESENTATION_CONTEXT(2) 
PARAMETRIC_REPRESENTATION_CONTEXT() REPRESENTATION_CONTEXT('2D SPACE',''
  ) );
#6562 = PCURVE('',#858,#6563);
#6563 = DEFINITIONAL_REPRESENTATION('',(#6564),#6567);
#6564 = B_SPLINE_CURVE_WITH_KNOTS('',1,(#6565,#6566),.UNSPECIFIED.,.F.,
  .F.,(2,2),(79.8,83.8),.PIECEWISE_BEZIER_KNOTS.);
#6565 = CARTESIAN_POINT('',(159.6,-53.5));
#6566 = CARTESIAN_POINT('',(163.6,-53.5));
#6567 = ( GEOMETRIC_REPRESENTATION_CONTEXT(2) 
PARAMETRIC_REPRESENTATION_CONTEXT() REPRESENTATION_CONTEXT('2D SPACE',''
  ) );
#6568 = ADVANCED_FACE('',(#6569),#1457,.T.);
#6569 = FACE_BOUND('',#6570,.T.);
#6570 = EDGE_LOOP('',(#6571,#6572,#6593,#6614,#6633,#6634));
#6571 = ORIENTED_EDGE('',*,*,#4754,.F.);
#6572 = ORIENTED_EDGE('',*,*,#6573,.F.);
#6573 = EDGE_CURVE('',#6574,#4722,#6576,.T.);
#6574 = VERTEX_POINT('',#6575);
#6575 = CARTESIAN_POINT('',(-79.3,-53.24961536185,117.4));
#6576 = SURFACE_CURVE('',#6577,(#6581,#6587),.PCURVE_S1.);
#6577 = LINE('',#6578,#6579);
#6578 = CARTESIAN_POINT('',(-79.3,-62.25,117.4));
#6579 = VECTOR('',#6580,1.);
#6580 = DIRECTION('',(0.,-1.,0.));
#6581 = PCURVE('',#1457,#6582);
#6582 = DEFINITIONAL_REPRESENTATION('',(#6583),#6586);
#6583 = B_SPLINE_CURVE_WITH_KNOTS('',1,(#6584,#6585),.UNSPECIFIED.,.F.,
  .F.,(2,2),(-120.75,-3.75),.PIECEWISE_BEZIER_KNOTS.);
#6584 = CARTESIAN_POINT('',(13.,-117.));
#6585 = CARTESIAN_POINT('',(13.,0.));
#6586 = ( GEOMETRIC_REPRESENTATION_CONTEXT(2) 
PARAMETRIC_REPRESENTATION_CONTEXT() REPRESENTATION_CONTEXT('2D SPACE',''
  ) );
#6587 = PCURVE('',#4738,#6588);
#6588 = DEFINITIONAL_REPRESENTATION('',(#6589),#6592);
#6589 = B_SPLINE_CURVE_WITH_KNOTS('',1,(#6590,#6591),.UNSPECIFIED.,.F.,
  .F.,(2,2),(-120.75,-3.75),.PIECEWISE_BEZIER_KNOTS.);
#6590 = CARTESIAN_POINT('',(3.2,124.5));
#6591 = CARTESIAN_POINT('',(3.2,7.5));
#6592 = ( GEOMETRIC_REPRESENTATION_CONTEXT(2) 
PARAMETRIC_REPRESENTATION_CONTEXT() REPRESENTATION_CONTEXT('2D SPACE',''
  ) );
#6593 = ORIENTED_EDGE('',*,*,#6594,.T.);
#6594 = EDGE_CURVE('',#6574,#6595,#6597,.T.);
#6595 = VERTEX_POINT('',#6596);
#6596 = CARTESIAN_POINT('',(-79.3,-53.24961536185,119.8));
#6597 = SURFACE_CURVE('',#6598,(#6602,#6608),.PCURVE_S1.);
#6598 = LINE('',#6599,#6600);
#6599 = CARTESIAN_POINT('',(-79.3,-53.24961536185,116.4));
#6600 = VECTOR('',#6601,1.);
#6601 = DIRECTION('',(0.,0.,1.));
#6602 = PCURVE('',#1457,#6603);
#6603 = DEFINITIONAL_REPRESENTATION('',(#6604),#6607);
#6604 = B_SPLINE_CURVE_WITH_KNOTS('',1,(#6605,#6606),.UNSPECIFIED.,.F.,
  .F.,(2,2),(-6.000000070117E-07,3.4000006),.PIECEWISE_BEZIER_KNOTS.);
#6605 = CARTESIAN_POINT('',(11.9999994,-5.250384638146));
#6606 = CARTESIAN_POINT('',(15.4000006,-5.250384638146));
#6607 = ( GEOMETRIC_REPRESENTATION_CONTEXT(2) 
PARAMETRIC_REPRESENTATION_CONTEXT() REPRESENTATION_CONTEXT('2D SPACE',''
  ) );
#6608 = PCURVE('',#6157,#6609);
#6609 = DEFINITIONAL_REPRESENTATION('',(#6610),#6613);
#6610 = B_SPLINE_CURVE_WITH_KNOTS('',1,(#6611,#6612),.UNSPECIFIED.,.F.,
  .F.,(2,2),(-6.000000070117E-07,3.4000006),.PIECEWISE_BEZIER_KNOTS.);
#6611 = CARTESIAN_POINT('',(4.056636154627,-6.000000070117E-07));
#6612 = CARTESIAN_POINT('',(4.056636154627,3.4000006));
#6613 = ( GEOMETRIC_REPRESENTATION_CONTEXT(2) 
PARAMETRIC_REPRESENTATION_CONTEXT() REPRESENTATION_CONTEXT('2D SPACE',''
  ) );
#6614 = ORIENTED_EDGE('',*,*,#6615,.F.);
#6615 = EDGE_CURVE('',#6480,#6595,#6616,.T.);
#6616 = SURFACE_CURVE('',#6617,(#6621,#6627),.PCURVE_S1.);
#6617 = LINE('',#6618,#6619);
#6618 = CARTESIAN_POINT('',(-79.3,-54.25,119.8));
#6619 = VECTOR('',#6620,1.);
#6620 = DIRECTION('',(0.,-1.,0.));
#6621 = PCURVE('',#1457,#6622);
#6622 = DEFINITIONAL_REPRESENTATION('',(#6623),#6626);
#6623 = B_SPLINE_CURVE_WITH_KNOTS('',1,(#6624,#6625),.UNSPECIFIED.,.F.,
  .F.,(2,2),(-8.35,-0.15),.PIECEWISE_BEZIER_KNOTS.);
#6624 = CARTESIAN_POINT('',(15.4,-12.6));
#6625 = CARTESIAN_POINT('',(15.4,-4.4));
#6626 = ( GEOMETRIC_REPRESENTATION_CONTEXT(2) 
PARAMETRIC_REPRESENTATION_CONTEXT() REPRESENTATION_CONTEXT('2D SPACE',''
  ) );
#6627 = PCURVE('',#6131,#6628);
#6628 = DEFINITIONAL_REPRESENTATION('',(#6629),#6632);
#6629 = B_SPLINE_CURVE_WITH_KNOTS('',1,(#6630,#6631),.UNSPECIFIED.,.F.,
  .F.,(2,2),(-8.35,-0.15),.PIECEWISE_BEZIER_KNOTS.);
#6630 = CARTESIAN_POINT('',(-2.5,4.1));
#6631 = CARTESIAN_POINT('',(-2.5,-4.1));
#6632 = ( GEOMETRIC_REPRESENTATION_CONTEXT(2) 
PARAMETRIC_REPRESENTATION_CONTEXT() REPRESENTATION_CONTEXT('2D SPACE',''
  ) );
#6633 = ORIENTED_EDGE('',*,*,#6503,.T.);
#6634 = ORIENTED_EDGE('',*,*,#1441,.F.);
#6635 = ADVANCED_FACE('',(#6636,#6851,#6953),#858,.F.);
#6636 = FACE_BOUND('',#6637,.F.);
#6637 = EDGE_LOOP('',(#6638,#6639,#6660,#6686,#6712,#6738,#6764,#6790,
    #6809,#6810,#6831,#6850));
#6638 = ORIENTED_EDGE('',*,*,#842,.F.);
#6639 = ORIENTED_EDGE('',*,*,#6640,.F.);
#6640 = EDGE_CURVE('',#6641,#843,#6643,.T.);
#6641 = VERTEX_POINT('',#6642);
#6642 = CARTESIAN_POINT('',(79.3,-48.85435607626,119.8));
#6643 = SURFACE_CURVE('',#6644,(#6648,#6654),.PCURVE_S1.);
#6644 = LINE('',#6645,#6646);
#6645 = CARTESIAN_POINT('',(79.3,-48.85435607626,119.6));
#6646 = VECTOR('',#6647,1.);
#6647 = DIRECTION('',(0.,0.,1.));
#6648 = PCURVE('',#858,#6649);
#6649 = DEFINITIONAL_REPRESENTATION('',(#6650),#6653);
#6650 = B_SPLINE_CURVE_WITH_KNOTS('',1,(#6651,#6652),.UNSPECIFIED.,.F.,
  .F.,(2,2),(-6.000000070117E-07,149.4000006),.PIECEWISE_BEZIER_KNOTS.);
#6651 = CARTESIAN_POINT('',(15.1999994,-9.645643923739));
#6652 = CARTESIAN_POINT('',(164.6000006,-9.645643923739));
#6653 = ( GEOMETRIC_REPRESENTATION_CONTEXT(2) 
PARAMETRIC_REPRESENTATION_CONTEXT() REPRESENTATION_CONTEXT('2D SPACE',''
  ) );
#6654 = PCURVE('',#890,#6655);
#6655 = DEFINITIONAL_REPRESENTATION('',(#6656),#6659);
#6656 = B_SPLINE_CURVE_WITH_KNOTS('',1,(#6657,#6658),.UNSPECIFIED.,.F.,
  .F.,(2,2),(0.2,148.4),.PIECEWISE_BEZIER_KNOTS.);
#6657 = CARTESIAN_POINT('',(6.712884973331,0.2));
#6658 = CARTESIAN_POINT('',(6.712884973331,148.4));
#6659 = ( GEOMETRIC_REPRESENTATION_CONTEXT(2) 
PARAMETRIC_REPRESENTATION_CONTEXT() REPRESENTATION_CONTEXT('2D SPACE',''
  ) );
#6660 = ORIENTED_EDGE('',*,*,#6661,.F.);
#6661 = EDGE_CURVE('',#6662,#6641,#6664,.T.);
#6662 = VERTEX_POINT('',#6663);
#6663 = CARTESIAN_POINT('',(79.3,-46.75038463814,119.8));
#6664 = SURFACE_CURVE('',#6665,(#6669,#6675),.PCURVE_S1.);
#6665 = LINE('',#6666,#6667);
#6666 = CARTESIAN_POINT('',(79.3,-54.25,119.8));
#6667 = VECTOR('',#6668,1.);
#6668 = DIRECTION('',(0.,-1.,0.));
#6669 = PCURVE('',#858,#6670);
#6670 = DEFINITIONAL_REPRESENTATION('',(#6671),#6674);
#6671 = B_SPLINE_CURVE_WITH_KNOTS('',1,(#6672,#6673),.UNSPECIFIED.,.F.,
  .F.,(2,2),(-8.35,-0.15),.PIECEWISE_BEZIER_KNOTS.);
#6672 = CARTESIAN_POINT('',(15.4,-12.6));
#6673 = CARTESIAN_POINT('',(15.4,-4.4));
#6674 = ( GEOMETRIC_REPRESENTATION_CONTEXT(2) 
PARAMETRIC_REPRESENTATION_CONTEXT() REPRESENTATION_CONTEXT('2D SPACE',''
  ) );
#6675 = PCURVE('',#6676,#6681);
#6676 = PLANE('',#6677);
#6677 = AXIS2_PLACEMENT_3D('',#6678,#6679,#6680);
#6678 = CARTESIAN_POINT('',(76.8,-50.,119.8));
#6679 = DIRECTION('',(0.,0.,1.));
#6680 = DIRECTION('',(1.,0.,-0.));
#6681 = DEFINITIONAL_REPRESENTATION('',(#6682),#6685);
#6682 = B_SPLINE_CURVE_WITH_KNOTS('',1,(#6683,#6684),.UNSPECIFIED.,.F.,
  .F.,(2,2),(-8.35,-0.15),.PIECEWISE_BEZIER_KNOTS.);
#6683 = CARTESIAN_POINT('',(2.5,4.1));
#6684 = CARTESIAN_POINT('',(2.5,-4.1));
#6685 = ( GEOMETRIC_REPRESENTATION_CONTEXT(2) 
PARAMETRIC_REPRESENTATION_CONTEXT() REPRESENTATION_CONTEXT('2D SPACE',''
  ) );
#6686 = ORIENTED_EDGE('',*,*,#6687,.F.);
#6687 = EDGE_CURVE('',#6688,#6662,#6690,.T.);
#6688 = VERTEX_POINT('',#6689);
#6689 = CARTESIAN_POINT('',(79.3,-46.75038463814,117.4));
#6690 = SURFACE_CURVE('',#6691,(#6695,#6701),.PCURVE_S1.);
#6691 = LINE('',#6692,#6693);
#6692 = CARTESIAN_POINT('',(79.3,-46.75038463814,116.4));
#6693 = VECTOR('',#6694,1.);
#6694 = DIRECTION('',(0.,0.,1.));
#6695 = PCURVE('',#858,#6696);
#6696 = DEFINITIONAL_REPRESENTATION('',(#6697),#6700);
#6697 = B_SPLINE_CURVE_WITH_KNOTS('',1,(#6698,#6699),.UNSPECIFIED.,.F.,
  .F.,(2,2),(-6.000000070117E-07,3.4000006),.PIECEWISE_BEZIER_KNOTS.);
#6698 = CARTESIAN_POINT('',(11.9999994,-11.74961536185));
#6699 = CARTESIAN_POINT('',(15.4000006,-11.74961536185));
#6700 = ( GEOMETRIC_REPRESENTATION_CONTEXT(2) 
PARAMETRIC_REPRESENTATION_CONTEXT() REPRESENTATION_CONTEXT('2D SPACE',''
  ) );
#6701 = PCURVE('',#6702,#6707);
#6702 = CYLINDRICAL_SURFACE('',#6703,4.1);
#6703 = AXIS2_PLACEMENT_3D('',#6704,#6705,#6706);
#6704 = CARTESIAN_POINT('',(76.8,-50.,116.4));
#6705 = DIRECTION('',(0.,0.,1.));
#6706 = DIRECTION('',(1.,0.,-0.));
#6707 = DEFINITIONAL_REPRESENTATION('',(#6708),#6711);
#6708 = B_SPLINE_CURVE_WITH_KNOTS('',1,(#6709,#6710),.UNSPECIFIED.,.F.,
  .F.,(2,2),(1.,3.4),.PIECEWISE_BEZIER_KNOTS.);
#6709 = CARTESIAN_POINT('',(7.198228808217,1.));
#6710 = CARTESIAN_POINT('',(7.198228808217,3.4));
#6711 = ( GEOMETRIC_REPRESENTATION_CONTEXT(2) 
PARAMETRIC_REPRESENTATION_CONTEXT() REPRESENTATION_CONTEXT('2D SPACE',''
  ) );
#6712 = ORIENTED_EDGE('',*,*,#6713,.F.);
#6713 = EDGE_CURVE('',#6714,#6688,#6716,.T.);
#6714 = VERTEX_POINT('',#6715);
#6715 = CARTESIAN_POINT('',(79.3,6.750384638145,117.4));
#6716 = SURFACE_CURVE('',#6717,(#6721,#6727),.PCURVE_S1.);
#6717 = LINE('',#6718,#6719);
#6718 = CARTESIAN_POINT('',(79.3,-62.25,117.4));
#6719 = VECTOR('',#6720,1.);
#6720 = DIRECTION('',(0.,-1.,0.));
#6721 = PCURVE('',#858,#6722);
#6722 = DEFINITIONAL_REPRESENTATION('',(#6723),#6726);
#6723 = B_SPLINE_CURVE_WITH_KNOTS('',1,(#6724,#6725),.UNSPECIFIED.,.F.,
  .F.,(2,2),(-120.75,-3.75),.PIECEWISE_BEZIER_KNOTS.);
#6724 = CARTESIAN_POINT('',(13.,-117.));
#6725 = CARTESIAN_POINT('',(13.,0.));
#6726 = ( GEOMETRIC_REPRESENTATION_CONTEXT(2) 
PARAMETRIC_REPRESENTATION_CONTEXT() REPRESENTATION_CONTEXT('2D SPACE',''
  ) );
#6727 = PCURVE('',#6728,#6733);
#6728 = PLANE('',#6729);
#6729 = AXIS2_PLACEMENT_3D('',#6730,#6731,#6732);
#6730 = CARTESIAN_POINT('',(77.5,-66.,117.4));
#6731 = DIRECTION('',(0.,0.,1.));
#6732 = DIRECTION('',(1.,0.,0.));
#6733 = DEFINITIONAL_REPRESENTATION('',(#6734),#6737);
#6734 = B_SPLINE_CURVE_WITH_KNOTS('',1,(#6735,#6736),.UNSPECIFIED.,.F.,
  .F.,(2,2),(-120.75,-3.75),.PIECEWISE_BEZIER_KNOTS.);
#6735 = CARTESIAN_POINT('',(1.8,124.5));
#6736 = CARTESIAN_POINT('',(1.8,7.5));
#6737 = ( GEOMETRIC_REPRESENTATION_CONTEXT(2) 
PARAMETRIC_REPRESENTATION_CONTEXT() REPRESENTATION_CONTEXT('2D SPACE',''
  ) );
#6738 = ORIENTED_EDGE('',*,*,#6739,.T.);
#6739 = EDGE_CURVE('',#6714,#6740,#6742,.T.);
#6740 = VERTEX_POINT('',#6741);
#6741 = CARTESIAN_POINT('',(79.3,6.750384638146,119.8));
#6742 = SURFACE_CURVE('',#6743,(#6747,#6753),.PCURVE_S1.);
#6743 = LINE('',#6744,#6745);
#6744 = CARTESIAN_POINT('',(79.3,6.750384638146,116.4));
#6745 = VECTOR('',#6746,1.);
#6746 = DIRECTION('',(0.,0.,1.));
#6747 = PCURVE('',#858,#6748);
#6748 = DEFINITIONAL_REPRESENTATION('',(#6749),#6752);
#6749 = B_SPLINE_CURVE_WITH_KNOTS('',1,(#6750,#6751),.UNSPECIFIED.,.F.,
  .F.,(2,2),(-6.000000070117E-07,3.4000006),.PIECEWISE_BEZIER_KNOTS.);
#6750 = CARTESIAN_POINT('',(11.9999994,-65.25038463814));
#6751 = CARTESIAN_POINT('',(15.4000006,-65.25038463814));
#6752 = ( GEOMETRIC_REPRESENTATION_CONTEXT(2) 
PARAMETRIC_REPRESENTATION_CONTEXT() REPRESENTATION_CONTEXT('2D SPACE',''
  ) );
#6753 = PCURVE('',#6754,#6759);
#6754 = CYLINDRICAL_SURFACE('',#6755,4.1);
#6755 = AXIS2_PLACEMENT_3D('',#6756,#6757,#6758);
#6756 = CARTESIAN_POINT('',(76.8,10.,116.4));
#6757 = DIRECTION('',(0.,0.,1.));
#6758 = DIRECTION('',(1.,0.,-0.));
#6759 = DEFINITIONAL_REPRESENTATION('',(#6760),#6763);
#6760 = B_SPLINE_CURVE_WITH_KNOTS('',1,(#6761,#6762),.UNSPECIFIED.,.F.,
  .F.,(2,2),(1.,3.4),.PIECEWISE_BEZIER_KNOTS.);
#6761 = CARTESIAN_POINT('',(5.368141806142,1.));
#6762 = CARTESIAN_POINT('',(5.368141806142,3.4));
#6763 = ( GEOMETRIC_REPRESENTATION_CONTEXT(2) 
PARAMETRIC_REPRESENTATION_CONTEXT() REPRESENTATION_CONTEXT('2D SPACE',''
  ) );
#6764 = ORIENTED_EDGE('',*,*,#6765,.F.);
#6765 = EDGE_CURVE('',#6766,#6740,#6768,.T.);
#6766 = VERTEX_POINT('',#6767);
#6767 = CARTESIAN_POINT('',(79.3,8.854356076261,119.8));
#6768 = SURFACE_CURVE('',#6769,(#6773,#6779),.PCURVE_S1.);
#6769 = LINE('',#6770,#6771);
#6770 = CARTESIAN_POINT('',(79.3,-24.25,119.8));
#6771 = VECTOR('',#6772,1.);
#6772 = DIRECTION('',(0.,-1.,0.));
#6773 = PCURVE('',#858,#6774);
#6774 = DEFINITIONAL_REPRESENTATION('',(#6775),#6778);
#6775 = B_SPLINE_CURVE_WITH_KNOTS('',1,(#6776,#6777),.UNSPECIFIED.,.F.,
  .F.,(2,2),(-38.35,-30.15),.PIECEWISE_BEZIER_KNOTS.);
#6776 = CARTESIAN_POINT('',(15.4,-72.6));
#6777 = CARTESIAN_POINT('',(15.4,-64.4));
#6778 = ( GEOMETRIC_REPRESENTATION_CONTEXT(2) 
PARAMETRIC_REPRESENTATION_CONTEXT() REPRESENTATION_CONTEXT('2D SPACE',''
  ) );
#6779 = PCURVE('',#6780,#6785);
#6780 = PLANE('',#6781);
#6781 = AXIS2_PLACEMENT_3D('',#6782,#6783,#6784);
#6782 = CARTESIAN_POINT('',(76.8,10.,119.8));
#6783 = DIRECTION('',(0.,0.,1.));
#6784 = DIRECTION('',(1.,0.,-0.));
#6785 = DEFINITIONAL_REPRESENTATION('',(#6786),#6789);
#6786 = B_SPLINE_CURVE_WITH_KNOTS('',1,(#6787,#6788),.UNSPECIFIED.,.F.,
  .F.,(2,2),(-38.35,-30.15),.PIECEWISE_BEZIER_KNOTS.);
#6787 = CARTESIAN_POINT('',(2.5,4.1));
#6788 = CARTESIAN_POINT('',(2.5,-4.1));
#6789 = ( GEOMETRIC_REPRESENTATION_CONTEXT(2) 
PARAMETRIC_REPRESENTATION_CONTEXT() REPRESENTATION_CONTEXT('2D SPACE',''
  ) );
#6790 = ORIENTED_EDGE('',*,*,#6791,.T.);
#6791 = EDGE_CURVE('',#6766,#1843,#6792,.T.);
#6792 = SURFACE_CURVE('',#6793,(#6797,#6803),.PCURVE_S1.);
#6793 = LINE('',#6794,#6795);
#6794 = CARTESIAN_POINT('',(79.3,8.854356076261,119.6));
#6795 = VECTOR('',#6796,1.);
#6796 = DIRECTION('',(0.,0.,1.));
#6797 = PCURVE('',#858,#6798);
#6798 = DEFINITIONAL_REPRESENTATION('',(#6799),#6802);
#6799 = B_SPLINE_CURVE_WITH_KNOTS('',1,(#6800,#6801),.UNSPECIFIED.,.F.,
  .F.,(2,2),(-6.000000070117E-07,149.4000006),.PIECEWISE_BEZIER_KNOTS.);
#6800 = CARTESIAN_POINT('',(15.1999994,-67.35435607626));
#6801 = CARTESIAN_POINT('',(164.6000006,-67.35435607626));
#6802 = ( GEOMETRIC_REPRESENTATION_CONTEXT(2) 
PARAMETRIC_REPRESENTATION_CONTEXT() REPRESENTATION_CONTEXT('2D SPACE',''
  ) );
#6803 = PCURVE('',#1863,#6804);
#6804 = DEFINITIONAL_REPRESENTATION('',(#6805),#6808);
#6805 = B_SPLINE_CURVE_WITH_KNOTS('',1,(#6806,#6807),.UNSPECIFIED.,.F.,
  .F.,(2,2),(0.2,148.4),.PIECEWISE_BEZIER_KNOTS.);
#6806 = CARTESIAN_POINT('',(5.853485641028,0.2));
#6807 = CARTESIAN_POINT('',(5.853485641028,148.4));
#6808 = ( GEOMETRIC_REPRESENTATION_CONTEXT(2) 
PARAMETRIC_REPRESENTATION_CONTEXT() REPRESENTATION_CONTEXT('2D SPACE',''
  ) );
#6809 = ORIENTED_EDGE('',*,*,#1875,.F.);
#6810 = ORIENTED_EDGE('',*,*,#6811,.F.);
#6811 = EDGE_CURVE('',#6812,#1876,#6814,.T.);
#6812 = VERTEX_POINT('',#6813);
#6813 = CARTESIAN_POINT('',(79.3,5.,264.));
#6814 = SURFACE_CURVE('',#6815,(#6819,#6825),.PCURVE_S1.);
#6815 = LINE('',#6816,#6817);
#6816 = CARTESIAN_POINT('',(79.3,5.,184.2));
#6817 = VECTOR('',#6818,1.);
#6818 = DIRECTION('',(0.,0.,1.));
#6819 = PCURVE('',#858,#6820);
#6820 = DEFINITIONAL_REPRESENTATION('',(#6821),#6824);
#6821 = B_SPLINE_CURVE_WITH_KNOTS('',1,(#6822,#6823),.UNSPECIFIED.,.F.,
  .F.,(2,2),(79.8,83.8),.PIECEWISE_BEZIER_KNOTS.);
#6822 = CARTESIAN_POINT('',(159.6,-63.5));
#6823 = CARTESIAN_POINT('',(163.6,-63.5));
#6824 = ( GEOMETRIC_REPRESENTATION_CONTEXT(2) 
PARAMETRIC_REPRESENTATION_CONTEXT() REPRESENTATION_CONTEXT('2D SPACE',''
  ) );
#6825 = PCURVE('',#1913,#6826);
#6826 = DEFINITIONAL_REPRESENTATION('',(#6827),#6830);
#6827 = B_SPLINE_CURVE_WITH_KNOTS('',1,(#6828,#6829),.UNSPECIFIED.,.F.,
  .F.,(2,2),(79.8,83.8),.PIECEWISE_BEZIER_KNOTS.);
#6828 = CARTESIAN_POINT('',(0.,159.8));
#6829 = CARTESIAN_POINT('',(4.,159.8));
#6830 = ( GEOMETRIC_REPRESENTATION_CONTEXT(2) 
PARAMETRIC_REPRESENTATION_CONTEXT() REPRESENTATION_CONTEXT('2D SPACE',''
  ) );
#6831 = ORIENTED_EDGE('',*,*,#6832,.T.);
#6832 = EDGE_CURVE('',#6812,#6526,#6833,.T.);
#6833 = SURFACE_CURVE('',#6834,(#6838,#6844),.PCURVE_S1.);
#6834 = LINE('',#6835,#6836);
#6835 = CARTESIAN_POINT('',(79.3,-31.75,264.));
#6836 = VECTOR('',#6837,1.);
#6837 = DIRECTION('',(0.,-1.,0.));
#6838 = PCURVE('',#858,#6839);
#6839 = DEFINITIONAL_REPRESENTATION('',(#6840),#6843);
#6840 = B_SPLINE_CURVE_WITH_KNOTS('',1,(#6841,#6842),.UNSPECIFIED.,.F.,
  .F.,(2,2),(-36.75,-26.75),.PIECEWISE_BEZIER_KNOTS.);
#6841 = CARTESIAN_POINT('',(159.6,-63.5));
#6842 = CARTESIAN_POINT('',(159.6,-53.5));
#6843 = ( GEOMETRIC_REPRESENTATION_CONTEXT(2) 
PARAMETRIC_REPRESENTATION_CONTEXT() REPRESENTATION_CONTEXT('2D SPACE',''
  ) );
#6844 = PCURVE('',#6302,#6845);
#6845 = DEFINITIONAL_REPRESENTATION('',(#6846),#6849);
#6846 = B_SPLINE_CURVE_WITH_KNOTS('',1,(#6847,#6848),.UNSPECIFIED.,.F.,
  .F.,(2,2),(-36.75,-26.75),.PIECEWISE_BEZIER_KNOTS.);
#6847 = CARTESIAN_POINT('',(159.8,10.));
#6848 = CARTESIAN_POINT('',(159.8,0.));
#6849 = ( GEOMETRIC_REPRESENTATION_CONTEXT(2) 
PARAMETRIC_REPRESENTATION_CONTEXT() REPRESENTATION_CONTEXT('2D SPACE',''
  ) );
#6850 = ORIENTED_EDGE('',*,*,#6550,.T.);
#6851 = FACE_BOUND('',#6852,.F.);
#6852 = EDGE_LOOP('',(#6853,#6881,#6907,#6929));
#6853 = ORIENTED_EDGE('',*,*,#6854,.T.);
#6854 = EDGE_CURVE('',#6855,#6857,#6859,.T.);
#6855 = VERTEX_POINT('',#6856);
#6856 = CARTESIAN_POINT('',(79.3,-10.85,147.));
#6857 = VERTEX_POINT('',#6858);
#6858 = CARTESIAN_POINT('',(79.3,-18.85,147.));
#6859 = SURFACE_CURVE('',#6860,(#6864,#6870),.PCURVE_S1.);
#6860 = LINE('',#6861,#6862);
#6861 = CARTESIAN_POINT('',(79.3,-38.675,147.));
#6862 = VECTOR('',#6863,1.);
#6863 = DIRECTION('',(0.,-1.,0.));
#6864 = PCURVE('',#858,#6865);
#6865 = DEFINITIONAL_REPRESENTATION('',(#6866),#6869);
#6866 = B_SPLINE_CURVE_WITH_KNOTS('',1,(#6867,#6868),.UNSPECIFIED.,.F.,
  .F.,(2,2),(-27.825,-19.825),.PIECEWISE_BEZIER_KNOTS.);
#6867 = CARTESIAN_POINT('',(42.6,-47.65));
#6868 = CARTESIAN_POINT('',(42.6,-39.65));
#6869 = ( GEOMETRIC_REPRESENTATION_CONTEXT(2) 
PARAMETRIC_REPRESENTATION_CONTEXT() REPRESENTATION_CONTEXT('2D SPACE',''
  ) );
#6870 = PCURVE('',#6871,#6876);
#6871 = PLANE('',#6872);
#6872 = AXIS2_PLACEMENT_3D('',#6873,#6874,#6875);
#6873 = CARTESIAN_POINT('',(-79.8,-18.85,147.));
#6874 = DIRECTION('',(0.,0.,1.));
#6875 = DIRECTION('',(1.,0.,0.));
#6876 = DEFINITIONAL_REPRESENTATION('',(#6877),#6880);
#6877 = B_SPLINE_CURVE_WITH_KNOTS('',1,(#6878,#6879),.UNSPECIFIED.,.F.,
  .F.,(2,2),(-27.825,-19.825),.PIECEWISE_BEZIER_KNOTS.);
#6878 = CARTESIAN_POINT('',(159.1,8.));
#6879 = CARTESIAN_POINT('',(159.1,0.));
#6880 = ( GEOMETRIC_REPRESENTATION_CONTEXT(2) 
PARAMETRIC_REPRESENTATION_CONTEXT() REPRESENTATION_CONTEXT('2D SPACE',''
  ) );
#6881 = ORIENTED_EDGE('',*,*,#6882,.T.);
#6882 = EDGE_CURVE('',#6857,#6883,#6885,.T.);
#6883 = VERTEX_POINT('',#6884);
#6884 = CARTESIAN_POINT('',(79.3,-18.85,151.));
#6885 = SURFACE_CURVE('',#6886,(#6890,#6896),.PCURVE_S1.);
#6886 = LINE('',#6887,#6888);
#6887 = CARTESIAN_POINT('',(79.3,-18.85,125.7));
#6888 = VECTOR('',#6889,1.);
#6889 = DIRECTION('',(0.,0.,1.));
#6890 = PCURVE('',#858,#6891);
#6891 = DEFINITIONAL_REPRESENTATION('',(#6892),#6895);
#6892 = B_SPLINE_CURVE_WITH_KNOTS('',1,(#6893,#6894),.UNSPECIFIED.,.F.,
  .F.,(2,2),(21.3,25.3),.PIECEWISE_BEZIER_KNOTS.);
#6893 = CARTESIAN_POINT('',(42.6,-39.65));
#6894 = CARTESIAN_POINT('',(46.6,-39.65));
#6895 = ( GEOMETRIC_REPRESENTATION_CONTEXT(2) 
PARAMETRIC_REPRESENTATION_CONTEXT() REPRESENTATION_CONTEXT('2D SPACE',''
  ) );
#6896 = PCURVE('',#6897,#6902);
#6897 = PLANE('',#6898);
#6898 = AXIS2_PLACEMENT_3D('',#6899,#6900,#6901);
#6899 = CARTESIAN_POINT('',(-79.8,-18.85,147.));
#6900 = DIRECTION('',(0.,1.,0.));
#6901 = DIRECTION('',(0.,0.,1.));
#6902 = DEFINITIONAL_REPRESENTATION('',(#6903),#6906);
#6903 = B_SPLINE_CURVE_WITH_KNOTS('',1,(#6904,#6905),.UNSPECIFIED.,.F.,
  .F.,(2,2),(21.3,25.3),.PIECEWISE_BEZIER_KNOTS.);
#6904 = CARTESIAN_POINT('',(0.,159.1));
#6905 = CARTESIAN_POINT('',(4.,159.1));
#6906 = ( GEOMETRIC_REPRESENTATION_CONTEXT(2) 
PARAMETRIC_REPRESENTATION_CONTEXT() REPRESENTATION_CONTEXT('2D SPACE',''
  ) );
#6907 = ORIENTED_EDGE('',*,*,#6908,.F.);
#6908 = EDGE_CURVE('',#6909,#6883,#6911,.T.);
#6909 = VERTEX_POINT('',#6910);
#6910 = CARTESIAN_POINT('',(79.3,-10.85,151.));
#6911 = SURFACE_CURVE('',#6912,(#6916,#6922),.PCURVE_S1.);
#6912 = LINE('',#6913,#6914);
#6913 = CARTESIAN_POINT('',(79.3,-38.675,151.));
#6914 = VECTOR('',#6915,1.);
#6915 = DIRECTION('',(0.,-1.,0.));
#6916 = PCURVE('',#858,#6917);
#6917 = DEFINITIONAL_REPRESENTATION('',(#6918),#6921);
#6918 = B_SPLINE_CURVE_WITH_KNOTS('',1,(#6919,#6920),.UNSPECIFIED.,.F.,
  .F.,(2,2),(-27.825,-19.825),.PIECEWISE_BEZIER_KNOTS.);
#6919 = CARTESIAN_POINT('',(46.6,-47.65));
#6920 = CARTESIAN_POINT('',(46.6,-39.65));
#6921 = ( GEOMETRIC_REPRESENTATION_CONTEXT(2) 
PARAMETRIC_REPRESENTATION_CONTEXT() REPRESENTATION_CONTEXT('2D SPACE',''
  ) );
#6922 = PCURVE('',#6403,#6923);
#6923 = DEFINITIONAL_REPRESENTATION('',(#6924),#6928);
#6924 = LINE('',#6925,#6926);
#6925 = CARTESIAN_POINT('',(159.1,-19.825));
#6926 = VECTOR('',#6927,1.);
#6927 = DIRECTION('',(0.,-1.));
#6928 = ( GEOMETRIC_REPRESENTATION_CONTEXT(2) 
PARAMETRIC_REPRESENTATION_CONTEXT() REPRESENTATION_CONTEXT('2D SPACE',''
  ) );
#6929 = ORIENTED_EDGE('',*,*,#6930,.F.);
#6930 = EDGE_CURVE('',#6855,#6909,#6931,.T.);
#6931 = SURFACE_CURVE('',#6932,(#6936,#6942),.PCURVE_S1.);
#6932 = LINE('',#6933,#6934);
#6933 = CARTESIAN_POINT('',(79.3,-10.85,125.7));
#6934 = VECTOR('',#6935,1.);
#6935 = DIRECTION('',(0.,0.,1.));
#6936 = PCURVE('',#858,#6937);
#6937 = DEFINITIONAL_REPRESENTATION('',(#6938),#6941);
#6938 = B_SPLINE_CURVE_WITH_KNOTS('',1,(#6939,#6940),.UNSPECIFIED.,.F.,
  .F.,(2,2),(21.3,25.3),.PIECEWISE_BEZIER_KNOTS.);
#6939 = CARTESIAN_POINT('',(42.6,-47.65));
#6940 = CARTESIAN_POINT('',(46.6,-47.65));
#6941 = ( GEOMETRIC_REPRESENTATION_CONTEXT(2) 
PARAMETRIC_REPRESENTATION_CONTEXT() REPRESENTATION_CONTEXT('2D SPACE',''
  ) );
#6942 = PCURVE('',#6943,#6948);
#6943 = PLANE('',#6944);
#6944 = AXIS2_PLACEMENT_3D('',#6945,#6946,#6947);
#6945 = CARTESIAN_POINT('',(-79.8,-10.85,147.));
#6946 = DIRECTION('',(0.,1.,0.));
#6947 = DIRECTION('',(0.,0.,1.));
#6948 = DEFINITIONAL_REPRESENTATION('',(#6949),#6952);
#6949 = B_SPLINE_CURVE_WITH_KNOTS('',1,(#6950,#6951),.UNSPECIFIED.,.F.,
  .F.,(2,2),(21.3,25.3),.PIECEWISE_BEZIER_KNOTS.);
#6950 = CARTESIAN_POINT('',(0.,159.1));
#6951 = CARTESIAN_POINT('',(4.,159.1));
#6952 = ( GEOMETRIC_REPRESENTATION_CONTEXT(2) 
PARAMETRIC_REPRESENTATION_CONTEXT() REPRESENTATION_CONTEXT('2D SPACE',''
  ) );
#6953 = FACE_BOUND('',#6954,.F.);
#6954 = EDGE_LOOP('',(#6955));
#6955 = ORIENTED_EDGE('',*,*,#6956,.F.);
#6956 = EDGE_CURVE('',#6957,#6957,#6959,.T.);
#6957 = VERTEX_POINT('',#6958);
#6958 = CARTESIAN_POINT('',(79.3,-25.,161.1));
#6959 = SURFACE_CURVE('',#6960,(#6965,#6972),.PCURVE_S1.);
#6960 = CIRCLE('',#6961,5.1);
#6961 = AXIS2_PLACEMENT_3D('',#6962,#6963,#6964);
#6962 = CARTESIAN_POINT('',(79.3,-25.,156.));
#6963 = DIRECTION('',(1.,0.,0.));
#6964 = DIRECTION('',(-0.,0.,1.));
#6965 = PCURVE('',#858,#6966);
#6966 = DEFINITIONAL_REPRESENTATION('',(#6967),#6971);
#6967 = CIRCLE('',#6968,5.1);
#6968 = AXIS2_PLACEMENT_2D('',#6969,#6970);
#6969 = CARTESIAN_POINT('',(51.6,-33.5));
#6970 = DIRECTION('',(1.,0.));
#6971 = ( GEOMETRIC_REPRESENTATION_CONTEXT(2) 
PARAMETRIC_REPRESENTATION_CONTEXT() REPRESENTATION_CONTEXT('2D SPACE',''
  ) );
#6972 = PCURVE('',#6973,#6978);
#6973 = CYLINDRICAL_SURFACE('',#6974,5.1);
#6974 = AXIS2_PLACEMENT_3D('',#6975,#6976,#6977);
#6975 = CARTESIAN_POINT('',(76.05,-25.,156.));
#6976 = DIRECTION('',(1.,0.,0.));
#6977 = DIRECTION('',(-0.,0.,1.));
#6978 = DEFINITIONAL_REPRESENTATION('',(#6979),#6983);
#6979 = LINE('',#6980,#6981);
#6980 = CARTESIAN_POINT('',(0.,3.25));
#6981 = VECTOR('',#6982,1.);
#6982 = DIRECTION('',(1.,0.));
#6983 = ( GEOMETRIC_REPRESENTATION_CONTEXT(2) 
PARAMETRIC_REPRESENTATION_CONTEXT() REPRESENTATION_CONTEXT('2D SPACE',''
  ) );
#6984 = ADVANCED_FACE('',(#6985),#890,.F.);
#6985 = FACE_BOUND('',#6986,.F.);
#6986 = EDGE_LOOP('',(#6987,#7015,#7016,#7017));
#6987 = ORIENTED_EDGE('',*,*,#6988,.F.);
#6988 = EDGE_CURVE('',#6641,#6989,#6991,.T.);
#6989 = VERTEX_POINT('',#6990);
#6990 = CARTESIAN_POINT('',(79.3,-51.14564392373,119.8));
#6991 = SURFACE_CURVE('',#6992,(#6997,#7004),.PCURVE_S1.);
#6992 = CIRCLE('',#6993,2.75);
#6993 = AXIS2_PLACEMENT_3D('',#6994,#6995,#6996);
#6994 = CARTESIAN_POINT('',(76.8,-50.,119.8));
#6995 = DIRECTION('',(0.,0.,-1.));
#6996 = DIRECTION('',(0.909090909091,0.416597790451,0.));
#6997 = PCURVE('',#890,#6998);
#6998 = DEFINITIONAL_REPRESENTATION('',(#6999),#7003);
#6999 = LINE('',#7000,#7001);
#7000 = CARTESIAN_POINT('',(6.712884973331,0.2));
#7001 = VECTOR('',#7002,1.);
#7002 = DIRECTION('',(-1.,-0.));
#7003 = ( GEOMETRIC_REPRESENTATION_CONTEXT(2) 
PARAMETRIC_REPRESENTATION_CONTEXT() REPRESENTATION_CONTEXT('2D SPACE',''
  ) );
#7004 = PCURVE('',#6676,#7005);
#7005 = DEFINITIONAL_REPRESENTATION('',(#7006),#7014);
#7006 = ( BOUNDED_CURVE() B_SPLINE_CURVE(2,(#7007,#7008,#7009,#7010,
#7011,#7012,#7013),.UNSPECIFIED.,.T.,.F.) B_SPLINE_CURVE_WITH_KNOTS((1,2
    ,2,2,2,1),(-2.094395102393,0.,2.094395102393,4.188790204786,
6.28318530718,8.377580409573),.UNSPECIFIED.) CURVE() 
GEOMETRIC_REPRESENTATION_ITEM() RATIONAL_B_SPLINE_CURVE((1.,0.5,1.,0.5,
1.,0.5,1.)) REPRESENTATION_ITEM('') );
#7007 = CARTESIAN_POINT('',(2.5,1.145643923739));
#7008 = CARTESIAN_POINT('',(4.484313483298,-3.184483095183));
#7009 = CARTESIAN_POINT('',(-0.257843258351,-2.737885471331));
#7010 = CARTESIAN_POINT('',(-5.,-2.291287847478));
#7011 = CARTESIAN_POINT('',(-2.242156741649,1.592241547592));
#7012 = CARTESIAN_POINT('',(0.515686516702,5.475770942661));
#7013 = CARTESIAN_POINT('',(2.5,1.145643923739));
#7014 = ( GEOMETRIC_REPRESENTATION_CONTEXT(2) 
PARAMETRIC_REPRESENTATION_CONTEXT() REPRESENTATION_CONTEXT('2D SPACE',''
  ) );
#7015 = ORIENTED_EDGE('',*,*,#6640,.T.);
#7016 = ORIENTED_EDGE('',*,*,#869,.T.);
#7017 = ORIENTED_EDGE('',*,*,#7018,.F.);
#7018 = EDGE_CURVE('',#6989,#870,#7019,.T.);
#7019 = SURFACE_CURVE('',#7020,(#7024,#7030),.PCURVE_S1.);
#7020 = LINE('',#7021,#7022);
#7021 = CARTESIAN_POINT('',(79.3,-51.14564392373,119.6));
#7022 = VECTOR('',#7023,1.);
#7023 = DIRECTION('',(0.,0.,1.));
#7024 = PCURVE('',#890,#7025);
#7025 = DEFINITIONAL_REPRESENTATION('',(#7026),#7029);
#7026 = B_SPLINE_CURVE_WITH_KNOTS('',1,(#7027,#7028),.UNSPECIFIED.,.F.,
  .F.,(2,2),(0.2,148.4),.PIECEWISE_BEZIER_KNOTS.);
#7027 = CARTESIAN_POINT('',(5.853485641028,0.2));
#7028 = CARTESIAN_POINT('',(5.853485641028,148.4));
#7029 = ( GEOMETRIC_REPRESENTATION_CONTEXT(2) 
PARAMETRIC_REPRESENTATION_CONTEXT() REPRESENTATION_CONTEXT('2D SPACE',''
  ) );
#7030 = PCURVE('',#918,#7031);
#7031 = DEFINITIONAL_REPRESENTATION('',(#7032),#7035);
#7032 = B_SPLINE_CURVE_WITH_KNOTS('',1,(#7033,#7034),.UNSPECIFIED.,.F.,
  .F.,(2,2),(-6.000000070117E-07,149.4000006),.PIECEWISE_BEZIER_KNOTS.);
#7033 = CARTESIAN_POINT('',(15.1999994,-7.354356076261));
#7034 = CARTESIAN_POINT('',(164.6000006,-7.354356076261));
#7035 = ( GEOMETRIC_REPRESENTATION_CONTEXT(2) 
PARAMETRIC_REPRESENTATION_CONTEXT() REPRESENTATION_CONTEXT('2D SPACE',''
  ) );
#7036 = ADVANCED_FACE('',(#7037),#1401,.T.);
#7037 = FACE_BOUND('',#7038,.T.);
#7038 = EDGE_LOOP('',(#7039,#7060,#7061,#7062));
#7039 = ORIENTED_EDGE('',*,*,#7040,.F.);
#7040 = EDGE_CURVE('',#4777,#4920,#7041,.T.);
#7041 = SURFACE_CURVE('',#7042,(#7046,#7053),.PCURVE_S1.);
#7042 = LINE('',#7043,#7044);
#7043 = CARTESIAN_POINT('',(-80.5,-60.,264.));
#7044 = VECTOR('',#7045,1.);
#7045 = DIRECTION('',(1.,0.,0.));
#7046 = PCURVE('',#1401,#7047);
#7047 = DEFINITIONAL_REPRESENTATION('',(#7048),#7052);
#7048 = LINE('',#7049,#7050);
#7049 = CARTESIAN_POINT('',(0.,0.));
#7050 = VECTOR('',#7051,1.);
#7051 = DIRECTION('',(0.,1.));
#7052 = ( GEOMETRIC_REPRESENTATION_CONTEXT(2) 
PARAMETRIC_REPRESENTATION_CONTEXT() REPRESENTATION_CONTEXT('2D SPACE',''
  ) );
#7053 = PCURVE('',#4814,#7054);
#7054 = DEFINITIONAL_REPRESENTATION('',(#7055),#7059);
#7055 = LINE('',#7056,#7057);
#7056 = CARTESIAN_POINT('',(0.,16.));
#7057 = VECTOR('',#7058,1.);
#7058 = DIRECTION('',(1.,0.));
#7059 = ( GEOMETRIC_REPRESENTATION_CONTEXT(2) 
PARAMETRIC_REPRESENTATION_CONTEXT() REPRESENTATION_CONTEXT('2D SPACE',''
  ) );
#7060 = ORIENTED_EDGE('',*,*,#4776,.F.);
#7061 = ORIENTED_EDGE('',*,*,#1385,.T.);
#7062 = ORIENTED_EDGE('',*,*,#4919,.F.);
#7063 = ADVANCED_FACE('',(#7064),#918,.F.);
#7064 = FACE_BOUND('',#7065,.F.);
#7065 = EDGE_LOOP('',(#7066,#7067,#7088,#7109,#7128,#7129));
#7066 = ORIENTED_EDGE('',*,*,#5772,.F.);
#7067 = ORIENTED_EDGE('',*,*,#7068,.F.);
#7068 = EDGE_CURVE('',#7069,#5773,#7071,.T.);
#7069 = VERTEX_POINT('',#7070);
#7070 = CARTESIAN_POINT('',(79.3,-53.24961536185,117.4));
#7071 = SURFACE_CURVE('',#7072,(#7076,#7082),.PCURVE_S1.);
#7072 = LINE('',#7073,#7074);
#7073 = CARTESIAN_POINT('',(79.3,-62.25,117.4));
#7074 = VECTOR('',#7075,1.);
#7075 = DIRECTION('',(0.,-1.,0.));
#7076 = PCURVE('',#918,#7077);
#7077 = DEFINITIONAL_REPRESENTATION('',(#7078),#7081);
#7078 = B_SPLINE_CURVE_WITH_KNOTS('',1,(#7079,#7080),.UNSPECIFIED.,.F.,
  .F.,(2,2),(-120.75,-3.75),.PIECEWISE_BEZIER_KNOTS.);
#7079 = CARTESIAN_POINT('',(13.,-117.));
#7080 = CARTESIAN_POINT('',(13.,0.));
#7081 = ( GEOMETRIC_REPRESENTATION_CONTEXT(2) 
PARAMETRIC_REPRESENTATION_CONTEXT() REPRESENTATION_CONTEXT('2D SPACE',''
  ) );
#7082 = PCURVE('',#5812,#7083);
#7083 = DEFINITIONAL_REPRESENTATION('',(#7084),#7087);
#7084 = B_SPLINE_CURVE_WITH_KNOTS('',1,(#7085,#7086),.UNSPECIFIED.,.F.,
  .F.,(2,2),(-120.75,-3.75),.PIECEWISE_BEZIER_KNOTS.);
#7085 = CARTESIAN_POINT('',(1.8,124.5));
#7086 = CARTESIAN_POINT('',(1.8,7.5));
#7087 = ( GEOMETRIC_REPRESENTATION_CONTEXT(2) 
PARAMETRIC_REPRESENTATION_CONTEXT() REPRESENTATION_CONTEXT('2D SPACE',''
  ) );
#7088 = ORIENTED_EDGE('',*,*,#7089,.T.);
#7089 = EDGE_CURVE('',#7069,#7090,#7092,.T.);
#7090 = VERTEX_POINT('',#7091);
#7091 = CARTESIAN_POINT('',(79.3,-53.24961536185,119.8));
#7092 = SURFACE_CURVE('',#7093,(#7097,#7103),.PCURVE_S1.);
#7093 = LINE('',#7094,#7095);
#7094 = CARTESIAN_POINT('',(79.3,-53.24961536185,116.4));
#7095 = VECTOR('',#7096,1.);
#7096 = DIRECTION('',(0.,0.,1.));
#7097 = PCURVE('',#918,#7098);
#7098 = DEFINITIONAL_REPRESENTATION('',(#7099),#7102);
#7099 = B_SPLINE_CURVE_WITH_KNOTS('',1,(#7100,#7101),.UNSPECIFIED.,.F.,
  .F.,(2,2),(-6.000000070117E-07,3.4000006),.PIECEWISE_BEZIER_KNOTS.);
#7100 = CARTESIAN_POINT('',(11.9999994,-5.250384638146));
#7101 = CARTESIAN_POINT('',(15.4000006,-5.250384638146));
#7102 = ( GEOMETRIC_REPRESENTATION_CONTEXT(2) 
PARAMETRIC_REPRESENTATION_CONTEXT() REPRESENTATION_CONTEXT('2D SPACE',''
  ) );
#7103 = PCURVE('',#6702,#7104);
#7104 = DEFINITIONAL_REPRESENTATION('',(#7105),#7108);
#7105 = B_SPLINE_CURVE_WITH_KNOTS('',1,(#7106,#7107),.UNSPECIFIED.,.F.,
  .F.,(2,2),(1.,3.4),.PIECEWISE_BEZIER_KNOTS.);
#7106 = CARTESIAN_POINT('',(5.368141806142,1.));
#7107 = CARTESIAN_POINT('',(5.368141806142,3.4));
#7108 = ( GEOMETRIC_REPRESENTATION_CONTEXT(2) 
PARAMETRIC_REPRESENTATION_CONTEXT() REPRESENTATION_CONTEXT('2D SPACE',''
  ) );
#7109 = ORIENTED_EDGE('',*,*,#7110,.F.);
#7110 = EDGE_CURVE('',#6989,#7090,#7111,.T.);
#7111 = SURFACE_CURVE('',#7112,(#7116,#7122),.PCURVE_S1.);
#7112 = LINE('',#7113,#7114);
#7113 = CARTESIAN_POINT('',(79.3,-54.25,119.8));
#7114 = VECTOR('',#7115,1.);
#7115 = DIRECTION('',(0.,-1.,0.));
#7116 = PCURVE('',#918,#7117);
#7117 = DEFINITIONAL_REPRESENTATION('',(#7118),#7121);
#7118 = B_SPLINE_CURVE_WITH_KNOTS('',1,(#7119,#7120),.UNSPECIFIED.,.F.,
  .F.,(2,2),(-8.35,-0.15),.PIECEWISE_BEZIER_KNOTS.);
#7119 = CARTESIAN_POINT('',(15.4,-12.6));
#7120 = CARTESIAN_POINT('',(15.4,-4.4));
#7121 = ( GEOMETRIC_REPRESENTATION_CONTEXT(2) 
PARAMETRIC_REPRESENTATION_CONTEXT() REPRESENTATION_CONTEXT('2D SPACE',''
  ) );
#7122 = PCURVE('',#6676,#7123);
#7123 = DEFINITIONAL_REPRESENTATION('',(#7124),#7127);
#7124 = B_SPLINE_CURVE_WITH_KNOTS('',1,(#7125,#7126),.UNSPECIFIED.,.F.,
  .F.,(2,2),(-8.35,-0.15),.PIECEWISE_BEZIER_KNOTS.);
#7125 = CARTESIAN_POINT('',(2.5,4.1));
#7126 = CARTESIAN_POINT('',(2.5,-4.1));
#7127 = ( GEOMETRIC_REPRESENTATION_CONTEXT(2) 
PARAMETRIC_REPRESENTATION_CONTEXT() REPRESENTATION_CONTEXT('2D SPACE',''
  ) );
#7128 = ORIENTED_EDGE('',*,*,#7018,.T.);
#7129 = ORIENTED_EDGE('',*,*,#902,.F.);
#7130 = ADVANCED_FACE('',(#7131),#1350,.T.);
#7131 = FACE_BOUND('',#7132,.T.);
#7132 = EDGE_LOOP('',(#7133,#7156,#7157,#7158));
#7133 = ORIENTED_EDGE('',*,*,#7134,.F.);
#7134 = EDGE_CURVE('',#4875,#7135,#7137,.T.);
#7135 = VERTEX_POINT('',#7136);
#7136 = CARTESIAN_POINT('',(-56.5,-56.,214.));
#7137 = SURFACE_CURVE('',#7138,(#7142,#7149),.PCURVE_S1.);
#7138 = LINE('',#7139,#7140);
#7139 = CARTESIAN_POINT('',(-66.,-56.,214.));
#7140 = VECTOR('',#7141,1.);
#7141 = DIRECTION('',(1.,0.,0.));
#7142 = PCURVE('',#1350,#7143);
#7143 = DEFINITIONAL_REPRESENTATION('',(#7144),#7148);
#7144 = LINE('',#7145,#7146);
#7145 = CARTESIAN_POINT('',(0.,0.));
#7146 = VECTOR('',#7147,1.);
#7147 = DIRECTION('',(0.,1.));
#7148 = ( GEOMETRIC_REPRESENTATION_CONTEXT(2) 
PARAMETRIC_REPRESENTATION_CONTEXT() REPRESENTATION_CONTEXT('2D SPACE',''
  ) );
#7149 = PCURVE('',#4566,#7150);
#7150 = DEFINITIONAL_REPRESENTATION('',(#7151),#7155);
#7151 = LINE('',#7152,#7153);
#7152 = CARTESIAN_POINT('',(0.,24.));
#7153 = VECTOR('',#7154,1.);
#7154 = DIRECTION('',(1.,0.));
#7155 = ( GEOMETRIC_REPRESENTATION_CONTEXT(2) 
PARAMETRIC_REPRESENTATION_CONTEXT() REPRESENTATION_CONTEXT('2D SPACE',''
  ) );
#7156 = ORIENTED_EDGE('',*,*,#4897,.T.);
#7157 = ORIENTED_EDGE('',*,*,#1334,.T.);
#7158 = ORIENTED_EDGE('',*,*,#7159,.F.);
#7159 = EDGE_CURVE('',#7135,#1307,#7160,.T.);
#7160 = SURFACE_CURVE('',#7161,(#7165,#7171),.PCURVE_S1.);
#7161 = LINE('',#7162,#7163);
#7162 = CARTESIAN_POINT('',(-56.5,-56.,214.));
#7163 = VECTOR('',#7164,1.);
#7164 = DIRECTION('',(0.,0.,1.));
#7165 = PCURVE('',#1350,#7166);
#7166 = DEFINITIONAL_REPRESENTATION('',(#7167),#7170);
#7167 = B_SPLINE_CURVE_WITH_KNOTS('',1,(#7168,#7169),.UNSPECIFIED.,.F.,
  .F.,(2,2),(0.,54.),.PIECEWISE_BEZIER_KNOTS.);
#7168 = CARTESIAN_POINT('',(0.,9.5));
#7169 = CARTESIAN_POINT('',(54.,9.5));
#7170 = ( GEOMETRIC_REPRESENTATION_CONTEXT(2) 
PARAMETRIC_REPRESENTATION_CONTEXT() REPRESENTATION_CONTEXT('2D SPACE',''
  ) );
#7171 = PCURVE('',#1322,#7172);
#7172 = DEFINITIONAL_REPRESENTATION('',(#7173),#7176);
#7173 = B_SPLINE_CURVE_WITH_KNOTS('',1,(#7174,#7175),.UNSPECIFIED.,.F.,
  .F.,(2,2),(0.,54.),.PIECEWISE_BEZIER_KNOTS.);
#7174 = CARTESIAN_POINT('',(0.,-3.));
#7175 = CARTESIAN_POINT('',(54.,-3.));
#7176 = ( GEOMETRIC_REPRESENTATION_CONTEXT(2) 
PARAMETRIC_REPRESENTATION_CONTEXT() REPRESENTATION_CONTEXT('2D SPACE',''
  ) );
#7177 = ADVANCED_FACE('',(#7178),#973,.T.);
#7178 = FACE_BOUND('',#7179,.T.);
#7179 = EDGE_LOOP('',(#7180,#7201,#7202,#7203));
#7180 = ORIENTED_EDGE('',*,*,#7181,.F.);
#7181 = EDGE_CURVE('',#5704,#6017,#7182,.T.);
#7182 = SURFACE_CURVE('',#7183,(#7187,#7194),.PCURVE_S1.);
#7183 = LINE('',#7184,#7185);
#7184 = CARTESIAN_POINT('',(-80.5,-60.,264.));
#7185 = VECTOR('',#7186,1.);
#7186 = DIRECTION('',(1.,0.,0.));
#7187 = PCURVE('',#973,#7188);
#7188 = DEFINITIONAL_REPRESENTATION('',(#7189),#7193);
#7189 = LINE('',#7190,#7191);
#7190 = CARTESIAN_POINT('',(0.,0.));
#7191 = VECTOR('',#7192,1.);
#7192 = DIRECTION('',(0.,1.));
#7193 = ( GEOMETRIC_REPRESENTATION_CONTEXT(2) 
PARAMETRIC_REPRESENTATION_CONTEXT() REPRESENTATION_CONTEXT('2D SPACE',''
  ) );
#7194 = PCURVE('',#5739,#7195);
#7195 = DEFINITIONAL_REPRESENTATION('',(#7196),#7200);
#7196 = LINE('',#7197,#7198);
#7197 = CARTESIAN_POINT('',(0.,16.));
#7198 = VECTOR('',#7199,1.);
#7199 = DIRECTION('',(1.,0.));
#7200 = ( GEOMETRIC_REPRESENTATION_CONTEXT(2) 
PARAMETRIC_REPRESENTATION_CONTEXT() REPRESENTATION_CONTEXT('2D SPACE',''
  ) );
#7201 = ORIENTED_EDGE('',*,*,#5703,.T.);
#7202 = ORIENTED_EDGE('',*,*,#957,.T.);
#7203 = ORIENTED_EDGE('',*,*,#6044,.T.);
#7204 = ADVANCED_FACE('',(#7205),#1322,.F.);
#7205 = FACE_BOUND('',#7206,.F.);
#7206 = EDGE_LOOP('',(#7207,#7208,#7209,#7232));
#7207 = ORIENTED_EDGE('',*,*,#1306,.F.);
#7208 = ORIENTED_EDGE('',*,*,#7159,.F.);
#7209 = ORIENTED_EDGE('',*,*,#7210,.T.);
#7210 = EDGE_CURVE('',#7135,#7211,#7213,.T.);
#7211 = VERTEX_POINT('',#7212);
#7212 = CARTESIAN_POINT('',(-56.5,-37.,214.));
#7213 = SURFACE_CURVE('',#7214,(#7218,#7225),.PCURVE_S1.);
#7214 = LINE('',#7215,#7216);
#7215 = CARTESIAN_POINT('',(-56.5,-59.,214.));
#7216 = VECTOR('',#7217,1.);
#7217 = DIRECTION('',(0.,1.,0.));
#7218 = PCURVE('',#1322,#7219);
#7219 = DEFINITIONAL_REPRESENTATION('',(#7220),#7224);
#7220 = LINE('',#7221,#7222);
#7221 = CARTESIAN_POINT('',(0.,0.));
#7222 = VECTOR('',#7223,1.);
#7223 = DIRECTION('',(0.,-1.));
#7224 = ( GEOMETRIC_REPRESENTATION_CONTEXT(2) 
PARAMETRIC_REPRESENTATION_CONTEXT() REPRESENTATION_CONTEXT('2D SPACE',''
  ) );
#7225 = PCURVE('',#4566,#7226);
#7226 = DEFINITIONAL_REPRESENTATION('',(#7227),#7231);
#7227 = LINE('',#7228,#7229);
#7228 = CARTESIAN_POINT('',(9.5,21.));
#7229 = VECTOR('',#7230,1.);
#7230 = DIRECTION('',(0.,1.));
#7231 = ( GEOMETRIC_REPRESENTATION_CONTEXT(2) 
PARAMETRIC_REPRESENTATION_CONTEXT() REPRESENTATION_CONTEXT('2D SPACE',''
  ) );
#7232 = ORIENTED_EDGE('',*,*,#7233,.T.);
#7233 = EDGE_CURVE('',#7211,#1279,#7234,.T.);
#7234 = SURFACE_CURVE('',#7235,(#7239,#7246),.PCURVE_S1.);
#7235 = LINE('',#7236,#7237);
#7236 = CARTESIAN_POINT('',(-56.5,-37.,214.));
#7237 = VECTOR('',#7238,1.);
#7238 = DIRECTION('',(0.,0.,1.));
#7239 = PCURVE('',#1322,#7240);
#7240 = DEFINITIONAL_REPRESENTATION('',(#7241),#7245);
#7241 = LINE('',#7242,#7243);
#7242 = CARTESIAN_POINT('',(0.,-22.));
#7243 = VECTOR('',#7244,1.);
#7244 = DIRECTION('',(1.,0.));
#7245 = ( GEOMETRIC_REPRESENTATION_CONTEXT(2) 
PARAMETRIC_REPRESENTATION_CONTEXT() REPRESENTATION_CONTEXT('2D SPACE',''
  ) );
#7246 = PCURVE('',#1294,#7247);
#7247 = DEFINITIONAL_REPRESENTATION('',(#7248),#7252);
#7248 = LINE('',#7249,#7250);
#7249 = CARTESIAN_POINT('',(0.,0.));
#7250 = VECTOR('',#7251,1.);
#7251 = DIRECTION('',(1.,0.));
#7252 = ( GEOMETRIC_REPRESENTATION_CONTEXT(2) 
PARAMETRIC_REPRESENTATION_CONTEXT() REPRESENTATION_CONTEXT('2D SPACE',''
  ) );
#7253 = ADVANCED_FACE('',(#7254),#1294,.T.);
#7254 = FACE_BOUND('',#7255,.T.);
#7255 = EDGE_LOOP('',(#7256,#7279,#7280,#7281));
#7256 = ORIENTED_EDGE('',*,*,#7257,.F.);
#7257 = EDGE_CURVE('',#7211,#7258,#7260,.T.);
#7258 = VERTEX_POINT('',#7259);
#7259 = CARTESIAN_POINT('',(-51.5,-37.,214.));
#7260 = SURFACE_CURVE('',#7261,(#7265,#7272),.PCURVE_S1.);
#7261 = LINE('',#7262,#7263);
#7262 = CARTESIAN_POINT('',(-56.5,-37.,214.));
#7263 = VECTOR('',#7264,1.);
#7264 = DIRECTION('',(1.,0.,0.));
#7265 = PCURVE('',#1294,#7266);
#7266 = DEFINITIONAL_REPRESENTATION('',(#7267),#7271);
#7267 = LINE('',#7268,#7269);
#7268 = CARTESIAN_POINT('',(0.,0.));
#7269 = VECTOR('',#7270,1.);
#7270 = DIRECTION('',(0.,1.));
#7271 = ( GEOMETRIC_REPRESENTATION_CONTEXT(2) 
PARAMETRIC_REPRESENTATION_CONTEXT() REPRESENTATION_CONTEXT('2D SPACE',''
  ) );
#7272 = PCURVE('',#4566,#7273);
#7273 = DEFINITIONAL_REPRESENTATION('',(#7274),#7278);
#7274 = LINE('',#7275,#7276);
#7275 = CARTESIAN_POINT('',(9.5,43.));
#7276 = VECTOR('',#7277,1.);
#7277 = DIRECTION('',(1.,0.));
#7278 = ( GEOMETRIC_REPRESENTATION_CONTEXT(2) 
PARAMETRIC_REPRESENTATION_CONTEXT() REPRESENTATION_CONTEXT('2D SPACE',''
  ) );
#7279 = ORIENTED_EDGE('',*,*,#7233,.T.);
#7280 = ORIENTED_EDGE('',*,*,#1278,.T.);
#7281 = ORIENTED_EDGE('',*,*,#7282,.F.);
#7282 = EDGE_CURVE('',#7258,#1251,#7283,.T.);
#7283 = SURFACE_CURVE('',#7284,(#7288,#7295),.PCURVE_S1.);
#7284 = LINE('',#7285,#7286);
#7285 = CARTESIAN_POINT('',(-51.5,-37.,214.));
#7286 = VECTOR('',#7287,1.);
#7287 = DIRECTION('',(0.,0.,1.));
#7288 = PCURVE('',#1294,#7289);
#7289 = DEFINITIONAL_REPRESENTATION('',(#7290),#7294);
#7290 = LINE('',#7291,#7292);
#7291 = CARTESIAN_POINT('',(0.,5.));
#7292 = VECTOR('',#7293,1.);
#7293 = DIRECTION('',(1.,0.));
#7294 = ( GEOMETRIC_REPRESENTATION_CONTEXT(2) 
PARAMETRIC_REPRESENTATION_CONTEXT() REPRESENTATION_CONTEXT('2D SPACE',''
  ) );
#7295 = PCURVE('',#1266,#7296);
#7296 = DEFINITIONAL_REPRESENTATION('',(#7297),#7301);
#7297 = LINE('',#7298,#7299);
#7298 = CARTESIAN_POINT('',(0.,-22.));
#7299 = VECTOR('',#7300,1.);
#7300 = DIRECTION('',(1.,0.));
#7301 = ( GEOMETRIC_REPRESENTATION_CONTEXT(2) 
PARAMETRIC_REPRESENTATION_CONTEXT() REPRESENTATION_CONTEXT('2D SPACE',''
  ) );
#7302 = ADVANCED_FACE('',(#7303),#1024,.T.);
#7303 = FACE_BOUND('',#7304,.T.);
#7304 = EDGE_LOOP('',(#7305,#7328,#7347,#7348));
#7305 = ORIENTED_EDGE('',*,*,#7306,.F.);
#7306 = EDGE_CURVE('',#7307,#5659,#7309,.T.);
#7307 = VERTEX_POINT('',#7308);
#7308 = CARTESIAN_POINT('',(56.5,-56.,214.));
#7309 = SURFACE_CURVE('',#7310,(#7314,#7321),.PCURVE_S1.);
#7310 = LINE('',#7311,#7312);
#7311 = CARTESIAN_POINT('',(42.,-56.,214.));
#7312 = VECTOR('',#7313,1.);
#7313 = DIRECTION('',(1.,0.,0.));
#7314 = PCURVE('',#1024,#7315);
#7315 = DEFINITIONAL_REPRESENTATION('',(#7316),#7320);
#7316 = LINE('',#7317,#7318);
#7317 = CARTESIAN_POINT('',(0.,0.));
#7318 = VECTOR('',#7319,1.);
#7319 = DIRECTION('',(0.,1.));
#7320 = ( GEOMETRIC_REPRESENTATION_CONTEXT(2) 
PARAMETRIC_REPRESENTATION_CONTEXT() REPRESENTATION_CONTEXT('2D SPACE',''
  ) );
#7321 = PCURVE('',#5183,#7322);
#7322 = DEFINITIONAL_REPRESENTATION('',(#7323),#7327);
#7323 = LINE('',#7324,#7325);
#7324 = CARTESIAN_POINT('',(0.,24.));
#7325 = VECTOR('',#7326,1.);
#7326 = DIRECTION('',(1.,0.));
#7327 = ( GEOMETRIC_REPRESENTATION_CONTEXT(2) 
PARAMETRIC_REPRESENTATION_CONTEXT() REPRESENTATION_CONTEXT('2D SPACE',''
  ) );
#7328 = ORIENTED_EDGE('',*,*,#7329,.T.);
#7329 = EDGE_CURVE('',#7307,#1009,#7330,.T.);
#7330 = SURFACE_CURVE('',#7331,(#7335,#7341),.PCURVE_S1.);
#7331 = LINE('',#7332,#7333);
#7332 = CARTESIAN_POINT('',(56.5,-56.,214.));
#7333 = VECTOR('',#7334,1.);
#7334 = DIRECTION('',(0.,0.,1.));
#7335 = PCURVE('',#1024,#7336);
#7336 = DEFINITIONAL_REPRESENTATION('',(#7337),#7340);
#7337 = B_SPLINE_CURVE_WITH_KNOTS('',1,(#7338,#7339),.UNSPECIFIED.,.F.,
  .F.,(2,2),(0.,54.),.PIECEWISE_BEZIER_KNOTS.);
#7338 = CARTESIAN_POINT('',(0.,14.5));
#7339 = CARTESIAN_POINT('',(54.,14.5));
#7340 = ( GEOMETRIC_REPRESENTATION_CONTEXT(2) 
PARAMETRIC_REPRESENTATION_CONTEXT() REPRESENTATION_CONTEXT('2D SPACE',''
  ) );
#7341 = PCURVE('',#1052,#7342);
#7342 = DEFINITIONAL_REPRESENTATION('',(#7343),#7346);
#7343 = B_SPLINE_CURVE_WITH_KNOTS('',1,(#7344,#7345),.UNSPECIFIED.,.F.,
  .F.,(2,2),(0.,54.),.PIECEWISE_BEZIER_KNOTS.);
#7344 = CARTESIAN_POINT('',(0.,-3.));
#7345 = CARTESIAN_POINT('',(54.,-3.));
#7346 = ( GEOMETRIC_REPRESENTATION_CONTEXT(2) 
PARAMETRIC_REPRESENTATION_CONTEXT() REPRESENTATION_CONTEXT('2D SPACE',''
  ) );
#7347 = ORIENTED_EDGE('',*,*,#1008,.T.);
#7348 = ORIENTED_EDGE('',*,*,#5681,.F.);
#7349 = ADVANCED_FACE('',(#7350),#1266,.T.);
#7350 = FACE_BOUND('',#7351,.T.);
#7351 = EDGE_LOOP('',(#7352,#7353,#7374,#7395));
#7352 = ORIENTED_EDGE('',*,*,#1250,.F.);
#7353 = ORIENTED_EDGE('',*,*,#7354,.F.);
#7354 = EDGE_CURVE('',#7355,#1223,#7357,.T.);
#7355 = VERTEX_POINT('',#7356);
#7356 = CARTESIAN_POINT('',(-51.5,-56.,214.));
#7357 = SURFACE_CURVE('',#7358,(#7362,#7368),.PCURVE_S1.);
#7358 = LINE('',#7359,#7360);
#7359 = CARTESIAN_POINT('',(-51.5,-56.,214.));
#7360 = VECTOR('',#7361,1.);
#7361 = DIRECTION('',(0.,0.,1.));
#7362 = PCURVE('',#1266,#7363);
#7363 = DEFINITIONAL_REPRESENTATION('',(#7364),#7367);
#7364 = B_SPLINE_CURVE_WITH_KNOTS('',1,(#7365,#7366),.UNSPECIFIED.,.F.,
  .F.,(2,2),(0.,54.),.PIECEWISE_BEZIER_KNOTS.);
#7365 = CARTESIAN_POINT('',(0.,-3.));
#7366 = CARTESIAN_POINT('',(54.,-3.));
#7367 = ( GEOMETRIC_REPRESENTATION_CONTEXT(2) 
PARAMETRIC_REPRESENTATION_CONTEXT() REPRESENTATION_CONTEXT('2D SPACE',''
  ) );
#7368 = PCURVE('',#1238,#7369);
#7369 = DEFINITIONAL_REPRESENTATION('',(#7370),#7373);
#7370 = B_SPLINE_CURVE_WITH_KNOTS('',1,(#7371,#7372),.UNSPECIFIED.,.F.,
  .F.,(2,2),(0.,54.),.PIECEWISE_BEZIER_KNOTS.);
#7371 = CARTESIAN_POINT('',(0.,14.5));
#7372 = CARTESIAN_POINT('',(54.,14.5));
#7373 = ( GEOMETRIC_REPRESENTATION_CONTEXT(2) 
PARAMETRIC_REPRESENTATION_CONTEXT() REPRESENTATION_CONTEXT('2D SPACE',''
  ) );
#7374 = ORIENTED_EDGE('',*,*,#7375,.T.);
#7375 = EDGE_CURVE('',#7355,#7258,#7376,.T.);
#7376 = SURFACE_CURVE('',#7377,(#7381,#7388),.PCURVE_S1.);
#7377 = LINE('',#7378,#7379);
#7378 = CARTESIAN_POINT('',(-51.5,-59.,214.));
#7379 = VECTOR('',#7380,1.);
#7380 = DIRECTION('',(0.,1.,0.));
#7381 = PCURVE('',#1266,#7382);
#7382 = DEFINITIONAL_REPRESENTATION('',(#7383),#7387);
#7383 = LINE('',#7384,#7385);
#7384 = CARTESIAN_POINT('',(0.,0.));
#7385 = VECTOR('',#7386,1.);
#7386 = DIRECTION('',(0.,-1.));
#7387 = ( GEOMETRIC_REPRESENTATION_CONTEXT(2) 
PARAMETRIC_REPRESENTATION_CONTEXT() REPRESENTATION_CONTEXT('2D SPACE',''
  ) );
#7388 = PCURVE('',#4566,#7389);
#7389 = DEFINITIONAL_REPRESENTATION('',(#7390),#7394);
#7390 = LINE('',#7391,#7392);
#7391 = CARTESIAN_POINT('',(14.5,21.));
#7392 = VECTOR('',#7393,1.);
#7393 = DIRECTION('',(0.,1.));
#7394 = ( GEOMETRIC_REPRESENTATION_CONTEXT(2) 
PARAMETRIC_REPRESENTATION_CONTEXT() REPRESENTATION_CONTEXT('2D SPACE',''
  ) );
#7395 = ORIENTED_EDGE('',*,*,#7282,.T.);
#7396 = ADVANCED_FACE('',(#7397),#1052,.T.);
#7397 = FACE_BOUND('',#7398,.T.);
#7398 = EDGE_LOOP('',(#7399,#7400,#7401,#7424));
#7399 = ORIENTED_EDGE('',*,*,#1036,.F.);
#7400 = ORIENTED_EDGE('',*,*,#7329,.F.);
#7401 = ORIENTED_EDGE('',*,*,#7402,.T.);
#7402 = EDGE_CURVE('',#7307,#7403,#7405,.T.);
#7403 = VERTEX_POINT('',#7404);
#7404 = CARTESIAN_POINT('',(56.5,-37.,214.));
#7405 = SURFACE_CURVE('',#7406,(#7410,#7417),.PCURVE_S1.);
#7406 = LINE('',#7407,#7408);
#7407 = CARTESIAN_POINT('',(56.5,-59.,214.));
#7408 = VECTOR('',#7409,1.);
#7409 = DIRECTION('',(0.,1.,0.));
#7410 = PCURVE('',#1052,#7411);
#7411 = DEFINITIONAL_REPRESENTATION('',(#7412),#7416);
#7412 = LINE('',#7413,#7414);
#7413 = CARTESIAN_POINT('',(0.,0.));
#7414 = VECTOR('',#7415,1.);
#7415 = DIRECTION('',(0.,-1.));
#7416 = ( GEOMETRIC_REPRESENTATION_CONTEXT(2) 
PARAMETRIC_REPRESENTATION_CONTEXT() REPRESENTATION_CONTEXT('2D SPACE',''
  ) );
#7417 = PCURVE('',#5183,#7418);
#7418 = DEFINITIONAL_REPRESENTATION('',(#7419),#7423);
#7419 = LINE('',#7420,#7421);
#7420 = CARTESIAN_POINT('',(14.5,21.));
#7421 = VECTOR('',#7422,1.);
#7422 = DIRECTION('',(0.,1.));
#7423 = ( GEOMETRIC_REPRESENTATION_CONTEXT(2) 
PARAMETRIC_REPRESENTATION_CONTEXT() REPRESENTATION_CONTEXT('2D SPACE',''
  ) );
#7424 = ORIENTED_EDGE('',*,*,#7425,.T.);
#7425 = EDGE_CURVE('',#7403,#1037,#7426,.T.);
#7426 = SURFACE_CURVE('',#7427,(#7431,#7438),.PCURVE_S1.);
#7427 = LINE('',#7428,#7429);
#7428 = CARTESIAN_POINT('',(56.5,-37.,214.));
#7429 = VECTOR('',#7430,1.);
#7430 = DIRECTION('',(0.,0.,1.));
#7431 = PCURVE('',#1052,#7432);
#7432 = DEFINITIONAL_REPRESENTATION('',(#7433),#7437);
#7433 = LINE('',#7434,#7435);
#7434 = CARTESIAN_POINT('',(0.,-22.));
#7435 = VECTOR('',#7436,1.);
#7436 = DIRECTION('',(1.,0.));
#7437 = ( GEOMETRIC_REPRESENTATION_CONTEXT(2) 
PARAMETRIC_REPRESENTATION_CONTEXT() REPRESENTATION_CONTEXT('2D SPACE',''
  ) );
#7438 = PCURVE('',#1080,#7439);
#7439 = DEFINITIONAL_REPRESENTATION('',(#7440),#7444);
#7440 = LINE('',#7441,#7442);
#7441 = CARTESIAN_POINT('',(0.,5.));
#7442 = VECTOR('',#7443,1.);
#7443 = DIRECTION('',(1.,0.));
#7444 = ( GEOMETRIC_REPRESENTATION_CONTEXT(2) 
PARAMETRIC_REPRESENTATION_CONTEXT() REPRESENTATION_CONTEXT('2D SPACE',''
  ) );
#7445 = ADVANCED_FACE('',(#7446),#1238,.T.);
#7446 = FACE_BOUND('',#7447,.T.);
#7447 = EDGE_LOOP('',(#7448,#7469,#7470,#7471));
#7448 = ORIENTED_EDGE('',*,*,#7449,.F.);
#7449 = EDGE_CURVE('',#7355,#5033,#7450,.T.);
#7450 = SURFACE_CURVE('',#7451,(#7455,#7462),.PCURVE_S1.);
#7451 = LINE('',#7452,#7453);
#7452 = CARTESIAN_POINT('',(-66.,-56.,214.));
#7453 = VECTOR('',#7454,1.);
#7454 = DIRECTION('',(1.,0.,0.));
#7455 = PCURVE('',#1238,#7456);
#7456 = DEFINITIONAL_REPRESENTATION('',(#7457),#7461);
#7457 = LINE('',#7458,#7459);
#7458 = CARTESIAN_POINT('',(0.,0.));
#7459 = VECTOR('',#7460,1.);
#7460 = DIRECTION('',(0.,1.));
#7461 = ( GEOMETRIC_REPRESENTATION_CONTEXT(2) 
PARAMETRIC_REPRESENTATION_CONTEXT() REPRESENTATION_CONTEXT('2D SPACE',''
  ) );
#7462 = PCURVE('',#4566,#7463);
#7463 = DEFINITIONAL_REPRESENTATION('',(#7464),#7468);
#7464 = LINE('',#7465,#7466);
#7465 = CARTESIAN_POINT('',(0.,24.));
#7466 = VECTOR('',#7467,1.);
#7467 = DIRECTION('',(1.,0.));
#7468 = ( GEOMETRIC_REPRESENTATION_CONTEXT(2) 
PARAMETRIC_REPRESENTATION_CONTEXT() REPRESENTATION_CONTEXT('2D SPACE',''
  ) );
#7469 = ORIENTED_EDGE('',*,*,#7354,.T.);
#7470 = ORIENTED_EDGE('',*,*,#1222,.T.);
#7471 = ORIENTED_EDGE('',*,*,#5055,.F.);
#7472 = ADVANCED_FACE('',(#7473),#1080,.T.);
#7473 = FACE_BOUND('',#7474,.T.);
#7474 = EDGE_LOOP('',(#7475,#7498,#7519,#7520));
#7475 = ORIENTED_EDGE('',*,*,#7476,.F.);
#7476 = EDGE_CURVE('',#7477,#7403,#7479,.T.);
#7477 = VERTEX_POINT('',#7478);
#7478 = CARTESIAN_POINT('',(51.5,-37.,214.));
#7479 = SURFACE_CURVE('',#7480,(#7484,#7491),.PCURVE_S1.);
#7480 = LINE('',#7481,#7482);
#7481 = CARTESIAN_POINT('',(51.5,-37.,214.));
#7482 = VECTOR('',#7483,1.);
#7483 = DIRECTION('',(1.,0.,0.));
#7484 = PCURVE('',#1080,#7485);
#7485 = DEFINITIONAL_REPRESENTATION('',(#7486),#7490);
#7486 = LINE('',#7487,#7488);
#7487 = CARTESIAN_POINT('',(0.,0.));
#7488 = VECTOR('',#7489,1.);
#7489 = DIRECTION('',(0.,1.));
#7490 = ( GEOMETRIC_REPRESENTATION_CONTEXT(2) 
PARAMETRIC_REPRESENTATION_CONTEXT() REPRESENTATION_CONTEXT('2D SPACE',''
  ) );
#7491 = PCURVE('',#5183,#7492);
#7492 = DEFINITIONAL_REPRESENTATION('',(#7493),#7497);
#7493 = LINE('',#7494,#7495);
#7494 = CARTESIAN_POINT('',(9.5,43.));
#7495 = VECTOR('',#7496,1.);
#7496 = DIRECTION('',(1.,0.));
#7497 = ( GEOMETRIC_REPRESENTATION_CONTEXT(2) 
PARAMETRIC_REPRESENTATION_CONTEXT() REPRESENTATION_CONTEXT('2D SPACE',''
  ) );
#7498 = ORIENTED_EDGE('',*,*,#7499,.T.);
#7499 = EDGE_CURVE('',#7477,#1065,#7500,.T.);
#7500 = SURFACE_CURVE('',#7501,(#7505,#7512),.PCURVE_S1.);
#7501 = LINE('',#7502,#7503);
#7502 = CARTESIAN_POINT('',(51.5,-37.,214.));
#7503 = VECTOR('',#7504,1.);
#7504 = DIRECTION('',(0.,0.,1.));
#7505 = PCURVE('',#1080,#7506);
#7506 = DEFINITIONAL_REPRESENTATION('',(#7507),#7511);
#7507 = LINE('',#7508,#7509);
#7508 = CARTESIAN_POINT('',(0.,0.));
#7509 = VECTOR('',#7510,1.);
#7510 = DIRECTION('',(1.,0.));
#7511 = ( GEOMETRIC_REPRESENTATION_CONTEXT(2) 
PARAMETRIC_REPRESENTATION_CONTEXT() REPRESENTATION_CONTEXT('2D SPACE',''
  ) );
#7512 = PCURVE('',#1108,#7513);
#7513 = DEFINITIONAL_REPRESENTATION('',(#7514),#7518);
#7514 = LINE('',#7515,#7516);
#7515 = CARTESIAN_POINT('',(0.,-22.));
#7516 = VECTOR('',#7517,1.);
#7517 = DIRECTION('',(1.,0.));
#7518 = ( GEOMETRIC_REPRESENTATION_CONTEXT(2) 
PARAMETRIC_REPRESENTATION_CONTEXT() REPRESENTATION_CONTEXT('2D SPACE',''
  ) );
#7519 = ORIENTED_EDGE('',*,*,#1064,.T.);
#7520 = ORIENTED_EDGE('',*,*,#7425,.F.);
#7521 = ADVANCED_FACE('',(#7522),#1108,.F.);
#7522 = FACE_BOUND('',#7523,.F.);
#7523 = EDGE_LOOP('',(#7524,#7525,#7546,#7567));
#7524 = ORIENTED_EDGE('',*,*,#1092,.F.);
#7525 = ORIENTED_EDGE('',*,*,#7526,.F.);
#7526 = EDGE_CURVE('',#7527,#1093,#7529,.T.);
#7527 = VERTEX_POINT('',#7528);
#7528 = CARTESIAN_POINT('',(51.5,-56.,214.));
#7529 = SURFACE_CURVE('',#7530,(#7534,#7540),.PCURVE_S1.);
#7530 = LINE('',#7531,#7532);
#7531 = CARTESIAN_POINT('',(51.5,-56.,214.));
#7532 = VECTOR('',#7533,1.);
#7533 = DIRECTION('',(0.,0.,1.));
#7534 = PCURVE('',#1108,#7535);
#7535 = DEFINITIONAL_REPRESENTATION('',(#7536),#7539);
#7536 = B_SPLINE_CURVE_WITH_KNOTS('',1,(#7537,#7538),.UNSPECIFIED.,.F.,
  .F.,(2,2),(0.,54.),.PIECEWISE_BEZIER_KNOTS.);
#7537 = CARTESIAN_POINT('',(0.,-3.));
#7538 = CARTESIAN_POINT('',(54.,-3.));
#7539 = ( GEOMETRIC_REPRESENTATION_CONTEXT(2) 
PARAMETRIC_REPRESENTATION_CONTEXT() REPRESENTATION_CONTEXT('2D SPACE',''
  ) );
#7540 = PCURVE('',#1136,#7541);
#7541 = DEFINITIONAL_REPRESENTATION('',(#7542),#7545);
#7542 = B_SPLINE_CURVE_WITH_KNOTS('',1,(#7543,#7544),.UNSPECIFIED.,.F.,
  .F.,(2,2),(0.,54.),.PIECEWISE_BEZIER_KNOTS.);
#7543 = CARTESIAN_POINT('',(0.,9.5));
#7544 = CARTESIAN_POINT('',(54.,9.5));
#7545 = ( GEOMETRIC_REPRESENTATION_CONTEXT(2) 
PARAMETRIC_REPRESENTATION_CONTEXT() REPRESENTATION_CONTEXT('2D SPACE',''
  ) );
#7546 = ORIENTED_EDGE('',*,*,#7547,.T.);
#7547 = EDGE_CURVE('',#7527,#7477,#7548,.T.);
#7548 = SURFACE_CURVE('',#7549,(#7553,#7560),.PCURVE_S1.);
#7549 = LINE('',#7550,#7551);
#7550 = CARTESIAN_POINT('',(51.5,-59.,214.));
#7551 = VECTOR('',#7552,1.);
#7552 = DIRECTION('',(0.,1.,0.));
#7553 = PCURVE('',#1108,#7554);
#7554 = DEFINITIONAL_REPRESENTATION('',(#7555),#7559);
#7555 = LINE('',#7556,#7557);
#7556 = CARTESIAN_POINT('',(0.,0.));
#7557 = VECTOR('',#7558,1.);
#7558 = DIRECTION('',(0.,-1.));
#7559 = ( GEOMETRIC_REPRESENTATION_CONTEXT(2) 
PARAMETRIC_REPRESENTATION_CONTEXT() REPRESENTATION_CONTEXT('2D SPACE',''
  ) );
#7560 = PCURVE('',#5183,#7561);
#7561 = DEFINITIONAL_REPRESENTATION('',(#7562),#7566);
#7562 = LINE('',#7563,#7564);
#7563 = CARTESIAN_POINT('',(9.5,21.));
#7564 = VECTOR('',#7565,1.);
#7565 = DIRECTION('',(0.,1.));
#7566 = ( GEOMETRIC_REPRESENTATION_CONTEXT(2) 
PARAMETRIC_REPRESENTATION_CONTEXT() REPRESENTATION_CONTEXT('2D SPACE',''
  ) );
#7567 = ORIENTED_EDGE('',*,*,#7499,.T.);
#7568 = ADVANCED_FACE('',(#7569),#1187,.T.);
#7569 = FACE_BOUND('',#7570,.T.);
#7570 = EDGE_LOOP('',(#7571,#7592,#7593,#7594));
#7571 = ORIENTED_EDGE('',*,*,#7572,.F.);
#7572 = EDGE_CURVE('',#5078,#5392,#7573,.T.);
#7573 = SURFACE_CURVE('',#7574,(#7578,#7585),.PCURVE_S1.);
#7574 = LINE('',#7575,#7576);
#7575 = CARTESIAN_POINT('',(-80.5,-60.,264.));
#7576 = VECTOR('',#7577,1.);
#7577 = DIRECTION('',(1.,0.,0.));
#7578 = PCURVE('',#1187,#7579);
#7579 = DEFINITIONAL_REPRESENTATION('',(#7580),#7584);
#7580 = LINE('',#7581,#7582);
#7581 = CARTESIAN_POINT('',(0.,0.));
#7582 = VECTOR('',#7583,1.);
#7583 = DIRECTION('',(0.,1.));
#7584 = ( GEOMETRIC_REPRESENTATION_CONTEXT(2) 
PARAMETRIC_REPRESENTATION_CONTEXT() REPRESENTATION_CONTEXT('2D SPACE',''
  ) );
#7585 = PCURVE('',#5113,#7586);
#7586 = DEFINITIONAL_REPRESENTATION('',(#7587),#7591);
#7587 = LINE('',#7588,#7589);
#7588 = CARTESIAN_POINT('',(0.,16.));
#7589 = VECTOR('',#7590,1.);
#7590 = DIRECTION('',(1.,0.));
#7591 = ( GEOMETRIC_REPRESENTATION_CONTEXT(2) 
PARAMETRIC_REPRESENTATION_CONTEXT() REPRESENTATION_CONTEXT('2D SPACE',''
  ) );
#7592 = ORIENTED_EDGE('',*,*,#5077,.T.);
#7593 = ORIENTED_EDGE('',*,*,#1171,.T.);
#7594 = ORIENTED_EDGE('',*,*,#5391,.F.);
#7595 = ADVANCED_FACE('',(#7596),#1136,.T.);
#7596 = FACE_BOUND('',#7597,.T.);
#7597 = EDGE_LOOP('',(#7598,#7619,#7620,#7621));
#7598 = ORIENTED_EDGE('',*,*,#7599,.F.);
#7599 = EDGE_CURVE('',#5347,#7527,#7600,.T.);
#7600 = SURFACE_CURVE('',#7601,(#7605,#7612),.PCURVE_S1.);
#7601 = LINE('',#7602,#7603);
#7602 = CARTESIAN_POINT('',(42.,-56.,214.));
#7603 = VECTOR('',#7604,1.);
#7604 = DIRECTION('',(1.,0.,0.));
#7605 = PCURVE('',#1136,#7606);
#7606 = DEFINITIONAL_REPRESENTATION('',(#7607),#7611);
#7607 = LINE('',#7608,#7609);
#7608 = CARTESIAN_POINT('',(0.,0.));
#7609 = VECTOR('',#7610,1.);
#7610 = DIRECTION('',(0.,1.));
#7611 = ( GEOMETRIC_REPRESENTATION_CONTEXT(2) 
PARAMETRIC_REPRESENTATION_CONTEXT() REPRESENTATION_CONTEXT('2D SPACE',''
  ) );
#7612 = PCURVE('',#5183,#7613);
#7613 = DEFINITIONAL_REPRESENTATION('',(#7614),#7618);
#7614 = LINE('',#7615,#7616);
#7615 = CARTESIAN_POINT('',(0.,24.));
#7616 = VECTOR('',#7617,1.);
#7617 = DIRECTION('',(1.,0.));
#7618 = ( GEOMETRIC_REPRESENTATION_CONTEXT(2) 
PARAMETRIC_REPRESENTATION_CONTEXT() REPRESENTATION_CONTEXT('2D SPACE',''
  ) );
#7619 = ORIENTED_EDGE('',*,*,#5369,.T.);
#7620 = ORIENTED_EDGE('',*,*,#1120,.T.);
#7621 = ORIENTED_EDGE('',*,*,#7526,.F.);
#7622 = ADVANCED_FACE('',(#7623),#1514,.F.);
#7623 = FACE_BOUND('',#7624,.F.);
#7624 = EDGE_LOOP('',(#7625,#7626,#7649,#7671));
#7625 = ORIENTED_EDGE('',*,*,#1497,.F.);
#7626 = ORIENTED_EDGE('',*,*,#7627,.F.);
#7627 = EDGE_CURVE('',#7628,#1498,#7630,.T.);
#7628 = VERTEX_POINT('',#7629);
#7629 = CARTESIAN_POINT('',(-52.75,-5.510910596163E-16,264.));
#7630 = SEAM_CURVE('',#7631,(#7635,#7642),.PCURVE_S1.);
#7631 = LINE('',#7632,#7633);
#7632 = CARTESIAN_POINT('',(-52.75,-5.510910596163E-16,263.));
#7633 = VECTOR('',#7634,1.);
#7634 = DIRECTION('',(0.,0.,1.));
#7635 = PCURVE('',#1514,#7636);
#7636 = DEFINITIONAL_REPRESENTATION('',(#7637),#7641);
#7637 = LINE('',#7638,#7639);
#7638 = CARTESIAN_POINT('',(6.28318530718,-0.));
#7639 = VECTOR('',#7640,1.);
#7640 = DIRECTION('',(0.,1.));
#7641 = ( GEOMETRIC_REPRESENTATION_CONTEXT(2) 
PARAMETRIC_REPRESENTATION_CONTEXT() REPRESENTATION_CONTEXT('2D SPACE',''
  ) );
#7642 = PCURVE('',#1514,#7643);
#7643 = DEFINITIONAL_REPRESENTATION('',(#7644),#7648);
#7644 = LINE('',#7645,#7646);
#7645 = CARTESIAN_POINT('',(0.,-0.));
#7646 = VECTOR('',#7647,1.);
#7647 = DIRECTION('',(0.,1.));
#7648 = ( GEOMETRIC_REPRESENTATION_CONTEXT(2) 
PARAMETRIC_REPRESENTATION_CONTEXT() REPRESENTATION_CONTEXT('2D SPACE',''
  ) );
#7649 = ORIENTED_EDGE('',*,*,#7650,.T.);
#7650 = EDGE_CURVE('',#7628,#7628,#7651,.T.);
#7651 = SURFACE_CURVE('',#7652,(#7657,#7664),.PCURVE_S1.);
#7652 = CIRCLE('',#7653,2.25);
#7653 = AXIS2_PLACEMENT_3D('',#7654,#7655,#7656);
#7654 = CARTESIAN_POINT('',(-55.,0.,264.));
#7655 = DIRECTION('',(0.,0.,1.));
#7656 = DIRECTION('',(1.,0.,-0.));
#7657 = PCURVE('',#1514,#7658);
#7658 = DEFINITIONAL_REPRESENTATION('',(#7659),#7663);
#7659 = LINE('',#7660,#7661);
#7660 = CARTESIAN_POINT('',(0.,1.));
#7661 = VECTOR('',#7662,1.);
#7662 = DIRECTION('',(1.,0.));
#7663 = ( GEOMETRIC_REPRESENTATION_CONTEXT(2) 
PARAMETRIC_REPRESENTATION_CONTEXT() REPRESENTATION_CONTEXT('2D SPACE',''
  ) );
#7664 = PCURVE('',#6302,#7665);
#7665 = DEFINITIONAL_REPRESENTATION('',(#7666),#7670);
#7666 = CIRCLE('',#7667,2.25);
#7667 = AXIS2_PLACEMENT_2D('',#7668,#7669);
#7668 = CARTESIAN_POINT('',(25.5,5.));
#7669 = DIRECTION('',(1.,0.));
#7670 = ( GEOMETRIC_REPRESENTATION_CONTEXT(2) 
PARAMETRIC_REPRESENTATION_CONTEXT() REPRESENTATION_CONTEXT('2D SPACE',''
  ) );
#7671 = ORIENTED_EDGE('',*,*,#7627,.T.);
#7672 = ADVANCED_FACE('',(#7673),#1546,.T.);
#7673 = FACE_BOUND('',#7674,.T.);
#7674 = EDGE_LOOP('',(#7675,#7676,#7699,#7727));
#7675 = ORIENTED_EDGE('',*,*,#1528,.T.);
#7676 = ORIENTED_EDGE('',*,*,#7677,.T.);
#7677 = EDGE_CURVE('',#1531,#7678,#7680,.T.);
#7678 = VERTEX_POINT('',#7679);
#7679 = CARTESIAN_POINT('',(75.,74.,272.));
#7680 = SURFACE_CURVE('',#7681,(#7685,#7692),.PCURVE_S1.);
#7681 = LINE('',#7682,#7683);
#7682 = CARTESIAN_POINT('',(75.,72.,268.));
#7683 = VECTOR('',#7684,1.);
#7684 = DIRECTION('',(0.,0.4472135955,0.894427191));
#7685 = PCURVE('',#1546,#7686);
#7686 = DEFINITIONAL_REPRESENTATION('',(#7687),#7691);
#7687 = LINE('',#7688,#7689);
#7688 = CARTESIAN_POINT('',(-2.27639320225,-4.));
#7689 = VECTOR('',#7690,1.);
#7690 = DIRECTION('',(0.894427191,-0.4472135955));
#7691 = ( GEOMETRIC_REPRESENTATION_CONTEXT(2) 
PARAMETRIC_REPRESENTATION_CONTEXT() REPRESENTATION_CONTEXT('2D SPACE',''
  ) );
#7692 = PCURVE('',#1628,#7693);
#7693 = DEFINITIONAL_REPRESENTATION('',(#7694),#7698);
#7694 = LINE('',#7695,#7696);
#7695 = CARTESIAN_POINT('',(0.,-75.));
#7696 = VECTOR('',#7697,1.);
#7697 = DIRECTION('',(1.,0.));
#7698 = ( GEOMETRIC_REPRESENTATION_CONTEXT(2) 
PARAMETRIC_REPRESENTATION_CONTEXT() REPRESENTATION_CONTEXT('2D SPACE',''
  ) );
#7699 = ORIENTED_EDGE('',*,*,#7700,.T.);
#7700 = EDGE_CURVE('',#7678,#7701,#7703,.T.);
#7701 = VERTEX_POINT('',#7702);
#7702 = CARTESIAN_POINT('',(75.,62.,272.));
#7703 = SURFACE_CURVE('',#7704,(#7708,#7715),.PCURVE_S1.);
#7704 = LINE('',#7705,#7706);
#7705 = CARTESIAN_POINT('',(75.,74.,272.));
#7706 = VECTOR('',#7707,1.);
#7707 = DIRECTION('',(0.,-1.,0.));
#7708 = PCURVE('',#1546,#7709);
#7709 = DEFINITIONAL_REPRESENTATION('',(#7710),#7714);
#7710 = LINE('',#7711,#7712);
#7711 = CARTESIAN_POINT('',(1.72360679775,-6.));
#7712 = VECTOR('',#7713,1.);
#7713 = DIRECTION('',(0.,1.));
#7714 = ( GEOMETRIC_REPRESENTATION_CONTEXT(2) 
PARAMETRIC_REPRESENTATION_CONTEXT() REPRESENTATION_CONTEXT('2D SPACE',''
  ) );
#7715 = PCURVE('',#7716,#7721);
#7716 = PLANE('',#7717);
#7717 = AXIS2_PLACEMENT_3D('',#7718,#7719,#7720);
#7718 = CARTESIAN_POINT('',(0.,74.,272.));
#7719 = DIRECTION('',(0.,0.,-1.));
#7720 = DIRECTION('',(0.,-1.,0.));
#7721 = DEFINITIONAL_REPRESENTATION('',(#7722),#7726);
#7722 = LINE('',#7723,#7724);
#7723 = CARTESIAN_POINT('',(0.,-75.));
#7724 = VECTOR('',#7725,1.);
#7725 = DIRECTION('',(1.,0.));
#7726 = ( GEOMETRIC_REPRESENTATION_CONTEXT(2) 
PARAMETRIC_REPRESENTATION_CONTEXT() REPRESENTATION_CONTEXT('2D SPACE',''
  ) );
#7727 = ORIENTED_EDGE('',*,*,#7728,.T.);
#7728 = EDGE_CURVE('',#7701,#1529,#7729,.T.);
#7729 = SURFACE_CURVE('',#7730,(#7734,#7741),.PCURVE_S1.);
#7730 = LINE('',#7731,#7732);
#7731 = CARTESIAN_POINT('',(75.,62.,272.));
#7732 = VECTOR('',#7733,1.);
#7733 = DIRECTION('',(0.,0.4472135955,-0.894427191));
#7734 = PCURVE('',#1546,#7735);
#7735 = DEFINITIONAL_REPRESENTATION('',(#7736),#7740);
#7736 = LINE('',#7737,#7738);
#7737 = CARTESIAN_POINT('',(1.72360679775,6.));
#7738 = VECTOR('',#7739,1.);
#7739 = DIRECTION('',(-0.894427191,-0.4472135955));
#7740 = ( GEOMETRIC_REPRESENTATION_CONTEXT(2) 
PARAMETRIC_REPRESENTATION_CONTEXT() REPRESENTATION_CONTEXT('2D SPACE',''
  ) );
#7741 = PCURVE('',#1574,#7742);
#7742 = DEFINITIONAL_REPRESENTATION('',(#7743),#7747);
#7743 = LINE('',#7744,#7745);
#7744 = CARTESIAN_POINT('',(0.,-75.));
#7745 = VECTOR('',#7746,1.);
#7746 = DIRECTION('',(1.,0.));
#7747 = ( GEOMETRIC_REPRESENTATION_CONTEXT(2) 
PARAMETRIC_REPRESENTATION_CONTEXT() REPRESENTATION_CONTEXT('2D SPACE',''
  ) );
#7748 = ADVANCED_FACE('',(#7749),#1574,.F.);
#7749 = FACE_BOUND('',#7750,.F.);
#7750 = EDGE_LOOP('',(#7751,#7774,#7775,#7776));
#7751 = ORIENTED_EDGE('',*,*,#7752,.F.);
#7752 = EDGE_CURVE('',#7701,#7753,#7755,.T.);
#7753 = VERTEX_POINT('',#7754);
#7754 = CARTESIAN_POINT('',(-75.,62.,272.));
#7755 = SURFACE_CURVE('',#7756,(#7760,#7767),.PCURVE_S1.);
#7756 = LINE('',#7757,#7758);
#7757 = CARTESIAN_POINT('',(75.,62.,272.));
#7758 = VECTOR('',#7759,1.);
#7759 = DIRECTION('',(-1.,0.,0.));
#7760 = PCURVE('',#1574,#7761);
#7761 = DEFINITIONAL_REPRESENTATION('',(#7762),#7766);
#7762 = LINE('',#7763,#7764);
#7763 = CARTESIAN_POINT('',(0.,-75.));
#7764 = VECTOR('',#7765,1.);
#7765 = DIRECTION('',(0.,1.));
#7766 = ( GEOMETRIC_REPRESENTATION_CONTEXT(2) 
PARAMETRIC_REPRESENTATION_CONTEXT() REPRESENTATION_CONTEXT('2D SPACE',''
  ) );
#7767 = PCURVE('',#7716,#7768);
#7768 = DEFINITIONAL_REPRESENTATION('',(#7769),#7773);
#7769 = LINE('',#7770,#7771);
#7770 = CARTESIAN_POINT('',(12.,-75.));
#7771 = VECTOR('',#7772,1.);
#7772 = DIRECTION('',(0.,1.));
#7773 = ( GEOMETRIC_REPRESENTATION_CONTEXT(2) 
PARAMETRIC_REPRESENTATION_CONTEXT() REPRESENTATION_CONTEXT('2D SPACE',''
  ) );
#7774 = ORIENTED_EDGE('',*,*,#7728,.T.);
#7775 = ORIENTED_EDGE('',*,*,#1558,.T.);
#7776 = ORIENTED_EDGE('',*,*,#7777,.F.);
#7777 = EDGE_CURVE('',#7753,#1559,#7778,.T.);
#7778 = SURFACE_CURVE('',#7779,(#7783,#7790),.PCURVE_S1.);
#7779 = LINE('',#7780,#7781);
#7780 = CARTESIAN_POINT('',(-75.,62.,272.));
#7781 = VECTOR('',#7782,1.);
#7782 = DIRECTION('',(0.,0.4472135955,-0.894427191));
#7783 = PCURVE('',#1574,#7784);
#7784 = DEFINITIONAL_REPRESENTATION('',(#7785),#7789);
#7785 = LINE('',#7786,#7787);
#7786 = CARTESIAN_POINT('',(0.,75.));
#7787 = VECTOR('',#7788,1.);
#7788 = DIRECTION('',(1.,0.));
#7789 = ( GEOMETRIC_REPRESENTATION_CONTEXT(2) 
PARAMETRIC_REPRESENTATION_CONTEXT() REPRESENTATION_CONTEXT('2D SPACE',''
  ) );
#7790 = PCURVE('',#1602,#7791);
#7791 = DEFINITIONAL_REPRESENTATION('',(#7792),#7796);
#7792 = LINE('',#7793,#7794);
#7793 = CARTESIAN_POINT('',(1.72360679775,6.));
#7794 = VECTOR('',#7795,1.);
#7795 = DIRECTION('',(-0.894427191,-0.4472135955));
#7796 = ( GEOMETRIC_REPRESENTATION_CONTEXT(2) 
PARAMETRIC_REPRESENTATION_CONTEXT() REPRESENTATION_CONTEXT('2D SPACE',''
  ) );
#7797 = ADVANCED_FACE('',(#7798),#1628,.F.);
#7798 = FACE_BOUND('',#7799,.F.);
#7799 = EDGE_LOOP('',(#7800,#7801,#7824,#7845));
#7800 = ORIENTED_EDGE('',*,*,#7677,.T.);
#7801 = ORIENTED_EDGE('',*,*,#7802,.F.);
#7802 = EDGE_CURVE('',#7803,#7678,#7805,.T.);
#7803 = VERTEX_POINT('',#7804);
#7804 = CARTESIAN_POINT('',(-75.,74.,272.));
#7805 = SURFACE_CURVE('',#7806,(#7810,#7817),.PCURVE_S1.);
#7806 = LINE('',#7807,#7808);
#7807 = CARTESIAN_POINT('',(-75.,74.,272.));
#7808 = VECTOR('',#7809,1.);
#7809 = DIRECTION('',(1.,0.,0.));
#7810 = PCURVE('',#1628,#7811);
#7811 = DEFINITIONAL_REPRESENTATION('',(#7812),#7816);
#7812 = LINE('',#7813,#7814);
#7813 = CARTESIAN_POINT('',(4.472135955,75.));
#7814 = VECTOR('',#7815,1.);
#7815 = DIRECTION('',(0.,-1.));
#7816 = ( GEOMETRIC_REPRESENTATION_CONTEXT(2) 
PARAMETRIC_REPRESENTATION_CONTEXT() REPRESENTATION_CONTEXT('2D SPACE',''
  ) );
#7817 = PCURVE('',#7716,#7818);
#7818 = DEFINITIONAL_REPRESENTATION('',(#7819),#7823);
#7819 = LINE('',#7820,#7821);
#7820 = CARTESIAN_POINT('',(0.,75.));
#7821 = VECTOR('',#7822,1.);
#7822 = DIRECTION('',(0.,-1.));
#7823 = ( GEOMETRIC_REPRESENTATION_CONTEXT(2) 
PARAMETRIC_REPRESENTATION_CONTEXT() REPRESENTATION_CONTEXT('2D SPACE',''
  ) );
#7824 = ORIENTED_EDGE('',*,*,#7825,.F.);
#7825 = EDGE_CURVE('',#1587,#7803,#7826,.T.);
#7826 = SURFACE_CURVE('',#7827,(#7831,#7838),.PCURVE_S1.);
#7827 = LINE('',#7828,#7829);
#7828 = CARTESIAN_POINT('',(-75.,72.,268.));
#7829 = VECTOR('',#7830,1.);
#7830 = DIRECTION('',(0.,0.4472135955,0.894427191));
#7831 = PCURVE('',#1628,#7832);
#7832 = DEFINITIONAL_REPRESENTATION('',(#7833),#7837);
#7833 = LINE('',#7834,#7835);
#7834 = CARTESIAN_POINT('',(0.,75.));
#7835 = VECTOR('',#7836,1.);
#7836 = DIRECTION('',(1.,0.));
#7837 = ( GEOMETRIC_REPRESENTATION_CONTEXT(2) 
PARAMETRIC_REPRESENTATION_CONTEXT() REPRESENTATION_CONTEXT('2D SPACE',''
  ) );
#7838 = PCURVE('',#1602,#7839);
#7839 = DEFINITIONAL_REPRESENTATION('',(#7840),#7844);
#7840 = LINE('',#7841,#7842);
#7841 = CARTESIAN_POINT('',(-2.27639320225,-4.));
#7842 = VECTOR('',#7843,1.);
#7843 = DIRECTION('',(0.894427191,-0.4472135955));
#7844 = ( GEOMETRIC_REPRESENTATION_CONTEXT(2) 
PARAMETRIC_REPRESENTATION_CONTEXT() REPRESENTATION_CONTEXT('2D SPACE',''
  ) );
#7845 = ORIENTED_EDGE('',*,*,#1614,.T.);
#7846 = ADVANCED_FACE('',(#7847),#1602,.F.);
#7847 = FACE_BOUND('',#7848,.F.);
#7848 = EDGE_LOOP('',(#7849,#7850,#7851,#7872));
#7849 = ORIENTED_EDGE('',*,*,#1586,.T.);
#7850 = ORIENTED_EDGE('',*,*,#7825,.T.);
#7851 = ORIENTED_EDGE('',*,*,#7852,.T.);
#7852 = EDGE_CURVE('',#7803,#7753,#7853,.T.);
#7853 = SURFACE_CURVE('',#7854,(#7858,#7865),.PCURVE_S1.);
#7854 = LINE('',#7855,#7856);
#7855 = CARTESIAN_POINT('',(-75.,74.,272.));
#7856 = VECTOR('',#7857,1.);
#7857 = DIRECTION('',(0.,-1.,0.));
#7858 = PCURVE('',#1602,#7859);
#7859 = DEFINITIONAL_REPRESENTATION('',(#7860),#7864);
#7860 = LINE('',#7861,#7862);
#7861 = CARTESIAN_POINT('',(1.72360679775,-6.));
#7862 = VECTOR('',#7863,1.);
#7863 = DIRECTION('',(0.,1.));
#7864 = ( GEOMETRIC_REPRESENTATION_CONTEXT(2) 
PARAMETRIC_REPRESENTATION_CONTEXT() REPRESENTATION_CONTEXT('2D SPACE',''
  ) );
#7865 = PCURVE('',#7716,#7866);
#7866 = DEFINITIONAL_REPRESENTATION('',(#7867),#7871);
#7867 = LINE('',#7868,#7869);
#7868 = CARTESIAN_POINT('',(0.,75.));
#7869 = VECTOR('',#7870,1.);
#7870 = DIRECTION('',(1.,0.));
#7871 = ( GEOMETRIC_REPRESENTATION_CONTEXT(2) 
PARAMETRIC_REPRESENTATION_CONTEXT() REPRESENTATION_CONTEXT('2D SPACE',''
  ) );
#7872 = ORIENTED_EDGE('',*,*,#7777,.T.);
#7873 = ADVANCED_FACE('',(#7874),#1660,.T.);
#7874 = FACE_BOUND('',#7875,.T.);
#7875 = EDGE_LOOP('',(#7876,#7877,#7898,#7924,#7950,#7969));
#7876 = ORIENTED_EDGE('',*,*,#1642,.F.);
#7877 = ORIENTED_EDGE('',*,*,#7878,.F.);
#7878 = EDGE_CURVE('',#7879,#1643,#7881,.T.);
#7879 = VERTEX_POINT('',#7880);
#7880 = CARTESIAN_POINT('',(-79.3,51.145643923739,119.8));
#7881 = SURFACE_CURVE('',#7882,(#7886,#7892),.PCURVE_S1.);
#7882 = LINE('',#7883,#7884);
#7883 = CARTESIAN_POINT('',(-79.3,51.145643923739,119.6));
#7884 = VECTOR('',#7885,1.);
#7885 = DIRECTION('',(0.,0.,1.));
#7886 = PCURVE('',#1660,#7887);
#7887 = DEFINITIONAL_REPRESENTATION('',(#7888),#7891);
#7888 = B_SPLINE_CURVE_WITH_KNOTS('',1,(#7889,#7890),.UNSPECIFIED.,.F.,
  .F.,(2,2),(-6.000000070117E-07,149.4000006),.PIECEWISE_BEZIER_KNOTS.);
#7889 = CARTESIAN_POINT('',(15.1999994,-109.6456439237));
#7890 = CARTESIAN_POINT('',(164.6000006,-109.6456439237));
#7891 = ( GEOMETRIC_REPRESENTATION_CONTEXT(2) 
PARAMETRIC_REPRESENTATION_CONTEXT() REPRESENTATION_CONTEXT('2D SPACE',''
  ) );
#7892 = PCURVE('',#2018,#7893);
#7893 = DEFINITIONAL_REPRESENTATION('',(#7894),#7897);
#7894 = B_SPLINE_CURVE_WITH_KNOTS('',1,(#7895,#7896),.UNSPECIFIED.,.F.,
  .F.,(2,2),(-6.000000070117E-07,149.4000006),.PIECEWISE_BEZIER_KNOTS.);
#7895 = CARTESIAN_POINT('',(2.711892987438,-6.000000070117E-07));
#7896 = CARTESIAN_POINT('',(2.711892987438,149.4000006));
#7897 = ( GEOMETRIC_REPRESENTATION_CONTEXT(2) 
PARAMETRIC_REPRESENTATION_CONTEXT() REPRESENTATION_CONTEXT('2D SPACE',''
  ) );
#7898 = ORIENTED_EDGE('',*,*,#7899,.F.);
#7899 = EDGE_CURVE('',#7900,#7879,#7902,.T.);
#7900 = VERTEX_POINT('',#7901);
#7901 = CARTESIAN_POINT('',(-79.3,53.249615361854,119.8));
#7902 = SURFACE_CURVE('',#7903,(#7907,#7913),.PCURVE_S1.);
#7903 = LINE('',#7904,#7905);
#7904 = CARTESIAN_POINT('',(-79.3,-4.25,119.8));
#7905 = VECTOR('',#7906,1.);
#7906 = DIRECTION('',(0.,-1.,0.));
#7907 = PCURVE('',#1660,#7908);
#7908 = DEFINITIONAL_REPRESENTATION('',(#7909),#7912);
#7909 = B_SPLINE_CURVE_WITH_KNOTS('',1,(#7910,#7911),.UNSPECIFIED.,.F.,
  .F.,(2,2),(-58.35,-50.15),.PIECEWISE_BEZIER_KNOTS.);
#7910 = CARTESIAN_POINT('',(15.4,-112.6));
#7911 = CARTESIAN_POINT('',(15.4,-104.4));
#7912 = ( GEOMETRIC_REPRESENTATION_CONTEXT(2) 
PARAMETRIC_REPRESENTATION_CONTEXT() REPRESENTATION_CONTEXT('2D SPACE',''
  ) );
#7913 = PCURVE('',#7914,#7919);
#7914 = PLANE('',#7915);
#7915 = AXIS2_PLACEMENT_3D('',#7916,#7917,#7918);
#7916 = CARTESIAN_POINT('',(-76.8,50.,119.8));
#7917 = DIRECTION('',(0.,0.,1.));
#7918 = DIRECTION('',(1.,0.,-0.));
#7919 = DEFINITIONAL_REPRESENTATION('',(#7920),#7923);
#7920 = B_SPLINE_CURVE_WITH_KNOTS('',1,(#7921,#7922),.UNSPECIFIED.,.F.,
  .F.,(2,2),(-58.35,-50.15),.PIECEWISE_BEZIER_KNOTS.);
#7921 = CARTESIAN_POINT('',(-2.5,4.1));
#7922 = CARTESIAN_POINT('',(-2.5,-4.1));
#7923 = ( GEOMETRIC_REPRESENTATION_CONTEXT(2) 
PARAMETRIC_REPRESENTATION_CONTEXT() REPRESENTATION_CONTEXT('2D SPACE',''
  ) );
#7924 = ORIENTED_EDGE('',*,*,#7925,.F.);
#7925 = EDGE_CURVE('',#7926,#7900,#7928,.T.);
#7926 = VERTEX_POINT('',#7927);
#7927 = CARTESIAN_POINT('',(-79.3,53.249615361855,117.4));
#7928 = SURFACE_CURVE('',#7929,(#7933,#7939),.PCURVE_S1.);
#7929 = LINE('',#7930,#7931);
#7930 = CARTESIAN_POINT('',(-79.3,53.249615361854,116.4));
#7931 = VECTOR('',#7932,1.);
#7932 = DIRECTION('',(0.,0.,1.));
#7933 = PCURVE('',#1660,#7934);
#7934 = DEFINITIONAL_REPRESENTATION('',(#7935),#7938);
#7935 = B_SPLINE_CURVE_WITH_KNOTS('',1,(#7936,#7937),.UNSPECIFIED.,.F.,
  .F.,(2,2),(-6.000000070117E-07,3.4000006),.PIECEWISE_BEZIER_KNOTS.);
#7936 = CARTESIAN_POINT('',(11.9999994,-111.7496153618));
#7937 = CARTESIAN_POINT('',(15.4000006,-111.7496153618));
#7938 = ( GEOMETRIC_REPRESENTATION_CONTEXT(2) 
PARAMETRIC_REPRESENTATION_CONTEXT() REPRESENTATION_CONTEXT('2D SPACE',''
  ) );
#7939 = PCURVE('',#7940,#7945);
#7940 = CYLINDRICAL_SURFACE('',#7941,4.1);
#7941 = AXIS2_PLACEMENT_3D('',#7942,#7943,#7944);
#7942 = CARTESIAN_POINT('',(-76.8,50.,116.4));
#7943 = DIRECTION('',(0.,0.,1.));
#7944 = DIRECTION('',(1.,0.,-0.));
#7945 = DEFINITIONAL_REPRESENTATION('',(#7946),#7949);
#7946 = B_SPLINE_CURVE_WITH_KNOTS('',1,(#7947,#7948),.UNSPECIFIED.,.F.,
  .F.,(2,2),(-6.000000070117E-07,3.4000006),.PIECEWISE_BEZIER_KNOTS.);
#7947 = CARTESIAN_POINT('',(2.226549152553,-6.000000070117E-07));
#7948 = CARTESIAN_POINT('',(2.226549152553,3.4000006));
#7949 = ( GEOMETRIC_REPRESENTATION_CONTEXT(2) 
PARAMETRIC_REPRESENTATION_CONTEXT() REPRESENTATION_CONTEXT('2D SPACE',''
  ) );
#7950 = ORIENTED_EDGE('',*,*,#7951,.F.);
#7951 = EDGE_CURVE('',#2566,#7926,#7952,.T.);
#7952 = SURFACE_CURVE('',#7953,(#7957,#7963),.PCURVE_S1.);
#7953 = LINE('',#7954,#7955);
#7954 = CARTESIAN_POINT('',(-79.3,-62.25,117.4));
#7955 = VECTOR('',#7956,1.);
#7956 = DIRECTION('',(0.,-1.,0.));
#7957 = PCURVE('',#1660,#7958);
#7958 = DEFINITIONAL_REPRESENTATION('',(#7959),#7962);
#7959 = B_SPLINE_CURVE_WITH_KNOTS('',1,(#7960,#7961),.UNSPECIFIED.,.F.,
  .F.,(2,2),(-120.75,-3.75),.PIECEWISE_BEZIER_KNOTS.);
#7960 = CARTESIAN_POINT('',(13.,-117.));
#7961 = CARTESIAN_POINT('',(13.,0.));
#7962 = ( GEOMETRIC_REPRESENTATION_CONTEXT(2) 
PARAMETRIC_REPRESENTATION_CONTEXT() REPRESENTATION_CONTEXT('2D SPACE',''
  ) );
#7963 = PCURVE('',#2605,#7964);
#7964 = DEFINITIONAL_REPRESENTATION('',(#7965),#7968);
#7965 = B_SPLINE_CURVE_WITH_KNOTS('',1,(#7966,#7967),.UNSPECIFIED.,.F.,
  .F.,(2,2),(-120.75,-3.75),.PIECEWISE_BEZIER_KNOTS.);
#7966 = CARTESIAN_POINT('',(3.2,124.5));
#7967 = CARTESIAN_POINT('',(3.2,7.5));
#7968 = ( GEOMETRIC_REPRESENTATION_CONTEXT(2) 
PARAMETRIC_REPRESENTATION_CONTEXT() REPRESENTATION_CONTEXT('2D SPACE',''
  ) );
#7969 = ORIENTED_EDGE('',*,*,#2565,.T.);
#7970 = ADVANCED_FACE('',(#7971),#2018,.F.);
#7971 = FACE_BOUND('',#7972,.F.);
#7972 = EDGE_LOOP('',(#7973,#7974,#7975,#7999));
#7973 = ORIENTED_EDGE('',*,*,#2003,.F.);
#7974 = ORIENTED_EDGE('',*,*,#7878,.F.);
#7975 = ORIENTED_EDGE('',*,*,#7976,.T.);
#7976 = EDGE_CURVE('',#7879,#7977,#7979,.T.);
#7977 = VERTEX_POINT('',#7978);
#7978 = CARTESIAN_POINT('',(-79.3,48.854356076261,119.8));
#7979 = SURFACE_CURVE('',#7980,(#7985,#7992),.PCURVE_S1.);
#7980 = CIRCLE('',#7981,2.75);
#7981 = AXIS2_PLACEMENT_3D('',#7982,#7983,#7984);
#7982 = CARTESIAN_POINT('',(-76.8,50.,119.8));
#7983 = DIRECTION('',(0.,0.,1.));
#7984 = DIRECTION('',(1.,0.,-0.));
#7985 = PCURVE('',#2018,#7986);
#7986 = DEFINITIONAL_REPRESENTATION('',(#7987),#7991);
#7987 = LINE('',#7988,#7989);
#7988 = CARTESIAN_POINT('',(0.,0.2));
#7989 = VECTOR('',#7990,1.);
#7990 = DIRECTION('',(1.,0.));
#7991 = ( GEOMETRIC_REPRESENTATION_CONTEXT(2) 
PARAMETRIC_REPRESENTATION_CONTEXT() REPRESENTATION_CONTEXT('2D SPACE',''
  ) );
#7992 = PCURVE('',#7914,#7993);
#7993 = DEFINITIONAL_REPRESENTATION('',(#7994),#7998);
#7994 = CIRCLE('',#7995,2.75);
#7995 = AXIS2_PLACEMENT_2D('',#7996,#7997);
#7996 = CARTESIAN_POINT('',(0.,0.));
#7997 = DIRECTION('',(1.,0.));
#7998 = ( GEOMETRIC_REPRESENTATION_CONTEXT(2) 
PARAMETRIC_REPRESENTATION_CONTEXT() REPRESENTATION_CONTEXT('2D SPACE',''
  ) );
#7999 = ORIENTED_EDGE('',*,*,#8000,.T.);
#8000 = EDGE_CURVE('',#7977,#1977,#8001,.T.);
#8001 = SURFACE_CURVE('',#8002,(#8006,#8012),.PCURVE_S1.);
#8002 = LINE('',#8003,#8004);
#8003 = CARTESIAN_POINT('',(-79.3,48.854356076261,119.6));
#8004 = VECTOR('',#8005,1.);
#8005 = DIRECTION('',(0.,0.,1.));
#8006 = PCURVE('',#2018,#8007);
#8007 = DEFINITIONAL_REPRESENTATION('',(#8008),#8011);
#8008 = B_SPLINE_CURVE_WITH_KNOTS('',1,(#8009,#8010),.UNSPECIFIED.,.F.,
  .F.,(2,2),(-6.000000070117E-07,149.4000006),.PIECEWISE_BEZIER_KNOTS.);
#8009 = CARTESIAN_POINT('',(3.571292319741,-6.000000070117E-07));
#8010 = CARTESIAN_POINT('',(3.571292319741,149.4000006));
#8011 = ( GEOMETRIC_REPRESENTATION_CONTEXT(2) 
PARAMETRIC_REPRESENTATION_CONTEXT() REPRESENTATION_CONTEXT('2D SPACE',''
  ) );
#8012 = PCURVE('',#1992,#8013);
#8013 = DEFINITIONAL_REPRESENTATION('',(#8014),#8017);
#8014 = B_SPLINE_CURVE_WITH_KNOTS('',1,(#8015,#8016),.UNSPECIFIED.,.F.,
  .F.,(2,2),(-6.000000070117E-07,149.4000006),.PIECEWISE_BEZIER_KNOTS.);
#8015 = CARTESIAN_POINT('',(15.1999994,-107.3543560762));
#8016 = CARTESIAN_POINT('',(164.6000006,-107.3543560762));
#8017 = ( GEOMETRIC_REPRESENTATION_CONTEXT(2) 
PARAMETRIC_REPRESENTATION_CONTEXT() REPRESENTATION_CONTEXT('2D SPACE',''
  ) );
#8018 = ADVANCED_FACE('',(#8019,#8152),#1992,.T.);
#8019 = FACE_BOUND('',#8020,.T.);
#8020 = EDGE_LOOP('',(#8021,#8022,#8043,#8064,#8085,#8111,#8132,#8151));
#8021 = ORIENTED_EDGE('',*,*,#1976,.F.);
#8022 = ORIENTED_EDGE('',*,*,#8023,.F.);
#8023 = EDGE_CURVE('',#8024,#1948,#8026,.T.);
#8024 = VERTEX_POINT('',#8025);
#8025 = CARTESIAN_POINT('',(-79.3,11.145643923739,119.8));
#8026 = SURFACE_CURVE('',#8027,(#8031,#8037),.PCURVE_S1.);
#8027 = LINE('',#8028,#8029);
#8028 = CARTESIAN_POINT('',(-79.3,11.145643923739,119.6));
#8029 = VECTOR('',#8030,1.);
#8030 = DIRECTION('',(0.,0.,1.));
#8031 = PCURVE('',#1992,#8032);
#8032 = DEFINITIONAL_REPRESENTATION('',(#8033),#8036);
#8033 = B_SPLINE_CURVE_WITH_KNOTS('',1,(#8034,#8035),.UNSPECIFIED.,.F.,
  .F.,(2,2),(-6.000000070117E-07,149.4000006),.PIECEWISE_BEZIER_KNOTS.);
#8034 = CARTESIAN_POINT('',(15.1999994,-69.64564392373));
#8035 = CARTESIAN_POINT('',(164.6000006,-69.64564392373));
#8036 = ( GEOMETRIC_REPRESENTATION_CONTEXT(2) 
PARAMETRIC_REPRESENTATION_CONTEXT() REPRESENTATION_CONTEXT('2D SPACE',''
  ) );
#8037 = PCURVE('',#1964,#8038);
#8038 = DEFINITIONAL_REPRESENTATION('',(#8039),#8042);
#8039 = B_SPLINE_CURVE_WITH_KNOTS('',1,(#8040,#8041),.UNSPECIFIED.,.F.,
  .F.,(2,2),(-6.000000070117E-07,149.4000006),.PIECEWISE_BEZIER_KNOTS.);
#8040 = CARTESIAN_POINT('',(2.711892987438,-6.000000070117E-07));
#8041 = CARTESIAN_POINT('',(2.711892987438,149.4000006));
#8042 = ( GEOMETRIC_REPRESENTATION_CONTEXT(2) 
PARAMETRIC_REPRESENTATION_CONTEXT() REPRESENTATION_CONTEXT('2D SPACE',''
  ) );
#8043 = ORIENTED_EDGE('',*,*,#8044,.F.);
#8044 = EDGE_CURVE('',#8045,#8024,#8047,.T.);
#8045 = VERTEX_POINT('',#8046);
#8046 = CARTESIAN_POINT('',(-79.3,13.249615361854,119.8));
#8047 = SURFACE_CURVE('',#8048,(#8052,#8058),.PCURVE_S1.);
#8048 = LINE('',#8049,#8050);
#8049 = CARTESIAN_POINT('',(-79.3,-24.25,119.8));
#8050 = VECTOR('',#8051,1.);
#8051 = DIRECTION('',(0.,-1.,0.));
#8052 = PCURVE('',#1992,#8053);
#8053 = DEFINITIONAL_REPRESENTATION('',(#8054),#8057);
#8054 = B_SPLINE_CURVE_WITH_KNOTS('',1,(#8055,#8056),.UNSPECIFIED.,.F.,
  .F.,(2,2),(-38.35,-30.15),.PIECEWISE_BEZIER_KNOTS.);
#8055 = CARTESIAN_POINT('',(15.4,-72.6));
#8056 = CARTESIAN_POINT('',(15.4,-64.4));
#8057 = ( GEOMETRIC_REPRESENTATION_CONTEXT(2) 
PARAMETRIC_REPRESENTATION_CONTEXT() REPRESENTATION_CONTEXT('2D SPACE',''
  ) );
#8058 = PCURVE('',#6235,#8059);
#8059 = DEFINITIONAL_REPRESENTATION('',(#8060),#8063);
#8060 = B_SPLINE_CURVE_WITH_KNOTS('',1,(#8061,#8062),.UNSPECIFIED.,.F.,
  .F.,(2,2),(-38.35,-30.15),.PIECEWISE_BEZIER_KNOTS.);
#8061 = CARTESIAN_POINT('',(-2.5,4.1));
#8062 = CARTESIAN_POINT('',(-2.5,-4.1));
#8063 = ( GEOMETRIC_REPRESENTATION_CONTEXT(2) 
PARAMETRIC_REPRESENTATION_CONTEXT() REPRESENTATION_CONTEXT('2D SPACE',''
  ) );
#8064 = ORIENTED_EDGE('',*,*,#8065,.F.);
#8065 = EDGE_CURVE('',#8066,#8045,#8068,.T.);
#8066 = VERTEX_POINT('',#8067);
#8067 = CARTESIAN_POINT('',(-79.3,13.249615361855,117.4));
#8068 = SURFACE_CURVE('',#8069,(#8073,#8079),.PCURVE_S1.);
#8069 = LINE('',#8070,#8071);
#8070 = CARTESIAN_POINT('',(-79.3,13.249615361854,116.4));
#8071 = VECTOR('',#8072,1.);
#8072 = DIRECTION('',(0.,0.,1.));
#8073 = PCURVE('',#1992,#8074);
#8074 = DEFINITIONAL_REPRESENTATION('',(#8075),#8078);
#8075 = B_SPLINE_CURVE_WITH_KNOTS('',1,(#8076,#8077),.UNSPECIFIED.,.F.,
  .F.,(2,2),(-6.000000070117E-07,3.4000006),.PIECEWISE_BEZIER_KNOTS.);
#8076 = CARTESIAN_POINT('',(11.9999994,-71.74961536185));
#8077 = CARTESIAN_POINT('',(15.4000006,-71.74961536185));
#8078 = ( GEOMETRIC_REPRESENTATION_CONTEXT(2) 
PARAMETRIC_REPRESENTATION_CONTEXT() REPRESENTATION_CONTEXT('2D SPACE',''
  ) );
#8079 = PCURVE('',#6209,#8080);
#8080 = DEFINITIONAL_REPRESENTATION('',(#8081),#8084);
#8081 = B_SPLINE_CURVE_WITH_KNOTS('',1,(#8082,#8083),.UNSPECIFIED.,.F.,
  .F.,(2,2),(-6.000000070117E-07,3.4000006),.PIECEWISE_BEZIER_KNOTS.);
#8082 = CARTESIAN_POINT('',(2.226549152553,-6.000000070117E-07));
#8083 = CARTESIAN_POINT('',(2.226549152553,3.4000006));
#8084 = ( GEOMETRIC_REPRESENTATION_CONTEXT(2) 
PARAMETRIC_REPRESENTATION_CONTEXT() REPRESENTATION_CONTEXT('2D SPACE',''
  ) );
#8085 = ORIENTED_EDGE('',*,*,#8086,.F.);
#8086 = EDGE_CURVE('',#8087,#8066,#8089,.T.);
#8087 = VERTEX_POINT('',#8088);
#8088 = CARTESIAN_POINT('',(-79.3,46.750384638145,117.4));
#8089 = SURFACE_CURVE('',#8090,(#8094,#8100),.PCURVE_S1.);
#8090 = LINE('',#8091,#8092);
#8091 = CARTESIAN_POINT('',(-79.3,-62.25,117.4));
#8092 = VECTOR('',#8093,1.);
#8093 = DIRECTION('',(0.,-1.,0.));
#8094 = PCURVE('',#1992,#8095);
#8095 = DEFINITIONAL_REPRESENTATION('',(#8096),#8099);
#8096 = B_SPLINE_CURVE_WITH_KNOTS('',1,(#8097,#8098),.UNSPECIFIED.,.F.,
  .F.,(2,2),(-120.75,-3.75),.PIECEWISE_BEZIER_KNOTS.);
#8097 = CARTESIAN_POINT('',(13.,-117.));
#8098 = CARTESIAN_POINT('',(13.,0.));
#8099 = ( GEOMETRIC_REPRESENTATION_CONTEXT(2) 
PARAMETRIC_REPRESENTATION_CONTEXT() REPRESENTATION_CONTEXT('2D SPACE',''
  ) );
#8100 = PCURVE('',#8101,#8106);
#8101 = PLANE('',#8102);
#8102 = AXIS2_PLACEMENT_3D('',#8103,#8104,#8105);
#8103 = CARTESIAN_POINT('',(-82.5,-66.,117.4));
#8104 = DIRECTION('',(0.,0.,1.));
#8105 = DIRECTION('',(1.,0.,0.));
#8106 = DEFINITIONAL_REPRESENTATION('',(#8107),#8110);
#8107 = B_SPLINE_CURVE_WITH_KNOTS('',1,(#8108,#8109),.UNSPECIFIED.,.F.,
  .F.,(2,2),(-120.75,-3.75),.PIECEWISE_BEZIER_KNOTS.);
#8108 = CARTESIAN_POINT('',(3.2,124.5));
#8109 = CARTESIAN_POINT('',(3.2,7.5));
#8110 = ( GEOMETRIC_REPRESENTATION_CONTEXT(2) 
PARAMETRIC_REPRESENTATION_CONTEXT() REPRESENTATION_CONTEXT('2D SPACE',''
  ) );
#8111 = ORIENTED_EDGE('',*,*,#8112,.T.);
#8112 = EDGE_CURVE('',#8087,#8113,#8115,.T.);
#8113 = VERTEX_POINT('',#8114);
#8114 = CARTESIAN_POINT('',(-79.3,46.750384638146,119.8));
#8115 = SURFACE_CURVE('',#8116,(#8120,#8126),.PCURVE_S1.);
#8116 = LINE('',#8117,#8118);
#8117 = CARTESIAN_POINT('',(-79.3,46.750384638146,116.4));
#8118 = VECTOR('',#8119,1.);
#8119 = DIRECTION('',(0.,0.,1.));
#8120 = PCURVE('',#1992,#8121);
#8121 = DEFINITIONAL_REPRESENTATION('',(#8122),#8125);
#8122 = B_SPLINE_CURVE_WITH_KNOTS('',1,(#8123,#8124),.UNSPECIFIED.,.F.,
  .F.,(2,2),(-6.000000070117E-07,3.4000006),.PIECEWISE_BEZIER_KNOTS.);
#8123 = CARTESIAN_POINT('',(11.9999994,-105.2503846381));
#8124 = CARTESIAN_POINT('',(15.4000006,-105.2503846381));
#8125 = ( GEOMETRIC_REPRESENTATION_CONTEXT(2) 
PARAMETRIC_REPRESENTATION_CONTEXT() REPRESENTATION_CONTEXT('2D SPACE',''
  ) );
#8126 = PCURVE('',#7940,#8127);
#8127 = DEFINITIONAL_REPRESENTATION('',(#8128),#8131);
#8128 = B_SPLINE_CURVE_WITH_KNOTS('',1,(#8129,#8130),.UNSPECIFIED.,.F.,
  .F.,(2,2),(-6.000000070117E-07,3.4000006),.PIECEWISE_BEZIER_KNOTS.);
#8129 = CARTESIAN_POINT('',(4.056636154627,-6.000000070117E-07));
#8130 = CARTESIAN_POINT('',(4.056636154627,3.4000006));
#8131 = ( GEOMETRIC_REPRESENTATION_CONTEXT(2) 
PARAMETRIC_REPRESENTATION_CONTEXT() REPRESENTATION_CONTEXT('2D SPACE',''
  ) );
#8132 = ORIENTED_EDGE('',*,*,#8133,.F.);
#8133 = EDGE_CURVE('',#7977,#8113,#8134,.T.);
#8134 = SURFACE_CURVE('',#8135,(#8139,#8145),.PCURVE_S1.);
#8135 = LINE('',#8136,#8137);
#8136 = CARTESIAN_POINT('',(-79.3,-4.25,119.8));
#8137 = VECTOR('',#8138,1.);
#8138 = DIRECTION('',(0.,-1.,0.));
#8139 = PCURVE('',#1992,#8140);
#8140 = DEFINITIONAL_REPRESENTATION('',(#8141),#8144);
#8141 = B_SPLINE_CURVE_WITH_KNOTS('',1,(#8142,#8143),.UNSPECIFIED.,.F.,
  .F.,(2,2),(-58.35,-50.15),.PIECEWISE_BEZIER_KNOTS.);
#8142 = CARTESIAN_POINT('',(15.4,-112.6));
#8143 = CARTESIAN_POINT('',(15.4,-104.4));
#8144 = ( GEOMETRIC_REPRESENTATION_CONTEXT(2) 
PARAMETRIC_REPRESENTATION_CONTEXT() REPRESENTATION_CONTEXT('2D SPACE',''
  ) );
#8145 = PCURVE('',#7914,#8146);
#8146 = DEFINITIONAL_REPRESENTATION('',(#8147),#8150);
#8147 = B_SPLINE_CURVE_WITH_KNOTS('',1,(#8148,#8149),.UNSPECIFIED.,.F.,
  .F.,(2,2),(-58.35,-50.15),.PIECEWISE_BEZIER_KNOTS.);
#8148 = CARTESIAN_POINT('',(-2.5,4.1));
#8149 = CARTESIAN_POINT('',(-2.5,-4.1));
#8150 = ( GEOMETRIC_REPRESENTATION_CONTEXT(2) 
PARAMETRIC_REPRESENTATION_CONTEXT() REPRESENTATION_CONTEXT('2D SPACE',''
  ) );
#8151 = ORIENTED_EDGE('',*,*,#8000,.T.);
#8152 = FACE_BOUND('',#8153,.T.);
#8153 = EDGE_LOOP('',(#8154));
#8154 = ORIENTED_EDGE('',*,*,#8155,.T.);
#8155 = EDGE_CURVE('',#8156,#8156,#8158,.T.);
#8156 = VERTEX_POINT('',#8157);
#8157 = CARTESIAN_POINT('',(-79.3,25.,150.9));
#8158 = SURFACE_CURVE('',#8159,(#8164,#8175),.PCURVE_S1.);
#8159 = CIRCLE('',#8160,5.1);
#8160 = AXIS2_PLACEMENT_3D('',#8161,#8162,#8163);
#8161 = CARTESIAN_POINT('',(-79.3,25.,156.));
#8162 = DIRECTION('',(-1.,0.,0.));
#8163 = DIRECTION('',(0.,0.,-1.));
#8164 = PCURVE('',#1992,#8165);
#8165 = DEFINITIONAL_REPRESENTATION('',(#8166),#8174);
#8166 = ( BOUNDED_CURVE() B_SPLINE_CURVE(2,(#8167,#8168,#8169,#8170,
#8171,#8172,#8173),.UNSPECIFIED.,.T.,.F.) B_SPLINE_CURVE_WITH_KNOTS((1,2
    ,2,2,2,1),(-2.094395102393,0.,2.094395102393,4.188790204786,
6.28318530718,8.377580409573),.UNSPECIFIED.) CURVE() 
GEOMETRIC_REPRESENTATION_ITEM() RATIONAL_B_SPLINE_CURVE((1.,0.5,1.,0.5,
1.,0.5,1.)) REPRESENTATION_ITEM('') );
#8167 = CARTESIAN_POINT('',(46.5,-83.5));
#8168 = CARTESIAN_POINT('',(46.5,-74.66654088139));
#8169 = CARTESIAN_POINT('',(54.15,-79.08327044069));
#8170 = CARTESIAN_POINT('',(61.8,-83.5));
#8171 = CARTESIAN_POINT('',(54.15,-87.9167295593));
#8172 = CARTESIAN_POINT('',(46.5,-92.3334591186));
#8173 = CARTESIAN_POINT('',(46.5,-83.5));
#8174 = ( GEOMETRIC_REPRESENTATION_CONTEXT(2) 
PARAMETRIC_REPRESENTATION_CONTEXT() REPRESENTATION_CONTEXT('2D SPACE',''
  ) );
#8175 = PCURVE('',#8176,#8181);
#8176 = CYLINDRICAL_SURFACE('',#8177,5.1);
#8177 = AXIS2_PLACEMENT_3D('',#8178,#8179,#8180);
#8178 = CARTESIAN_POINT('',(-76.05,25.,156.));
#8179 = DIRECTION('',(-1.,0.,0.));
#8180 = DIRECTION('',(0.,0.,-1.));
#8181 = DEFINITIONAL_REPRESENTATION('',(#8182),#8186);
#8182 = LINE('',#8183,#8184);
#8183 = CARTESIAN_POINT('',(0.,3.25));
#8184 = VECTOR('',#8185,1.);
#8185 = DIRECTION('',(1.,0.));
#8186 = ( GEOMETRIC_REPRESENTATION_CONTEXT(2) 
PARAMETRIC_REPRESENTATION_CONTEXT() REPRESENTATION_CONTEXT('2D SPACE',''
  ) );
#8187 = ADVANCED_FACE('',(#8188),#1715,.F.);
#8188 = FACE_BOUND('',#8189,.F.);
#8189 = EDGE_LOOP('',(#8190,#8211,#8212,#8213));
#8190 = ORIENTED_EDGE('',*,*,#8191,.F.);
#8191 = EDGE_CURVE('',#3169,#3982,#8192,.T.);
#8192 = SURFACE_CURVE('',#8193,(#8197,#8204),.PCURVE_S1.);
#8193 = LINE('',#8194,#8195);
#8194 = CARTESIAN_POINT('',(-80.5,60.,264.));
#8195 = VECTOR('',#8196,1.);
#8196 = DIRECTION('',(1.,0.,0.));
#8197 = PCURVE('',#1715,#8198);
#8198 = DEFINITIONAL_REPRESENTATION('',(#8199),#8203);
#8199 = LINE('',#8200,#8201);
#8200 = CARTESIAN_POINT('',(0.,0.));
#8201 = VECTOR('',#8202,1.);
#8202 = DIRECTION('',(0.,1.));
#8203 = ( GEOMETRIC_REPRESENTATION_CONTEXT(2) 
PARAMETRIC_REPRESENTATION_CONTEXT() REPRESENTATION_CONTEXT('2D SPACE',''
  ) );
#8204 = PCURVE('',#3185,#8205);
#8205 = DEFINITIONAL_REPRESENTATION('',(#8206),#8210);
#8206 = LINE('',#8207,#8208);
#8207 = CARTESIAN_POINT('',(0.,0.));
#8208 = VECTOR('',#8209,1.);
#8209 = DIRECTION('',(1.,0.));
#8210 = ( GEOMETRIC_REPRESENTATION_CONTEXT(2) 
PARAMETRIC_REPRESENTATION_CONTEXT() REPRESENTATION_CONTEXT('2D SPACE',''
  ) );
#8211 = ORIENTED_EDGE('',*,*,#3201,.F.);
#8212 = ORIENTED_EDGE('',*,*,#1699,.T.);
#8213 = ORIENTED_EDGE('',*,*,#3981,.T.);
#8214 = ADVANCED_FACE('',(#8215),#1964,.F.);
#8215 = FACE_BOUND('',#8216,.F.);
#8216 = EDGE_LOOP('',(#8217,#8218,#8219,#8241));
#8217 = ORIENTED_EDGE('',*,*,#1947,.F.);
#8218 = ORIENTED_EDGE('',*,*,#8023,.F.);
#8219 = ORIENTED_EDGE('',*,*,#8220,.T.);
#8220 = EDGE_CURVE('',#8024,#6221,#8221,.T.);
#8221 = SURFACE_CURVE('',#8222,(#8227,#8234),.PCURVE_S1.);
#8222 = CIRCLE('',#8223,2.75);
#8223 = AXIS2_PLACEMENT_3D('',#8224,#8225,#8226);
#8224 = CARTESIAN_POINT('',(-76.8,10.,119.8));
#8225 = DIRECTION('',(0.,0.,1.));
#8226 = DIRECTION('',(1.,0.,-0.));
#8227 = PCURVE('',#1964,#8228);
#8228 = DEFINITIONAL_REPRESENTATION('',(#8229),#8233);
#8229 = LINE('',#8230,#8231);
#8230 = CARTESIAN_POINT('',(0.,0.2));
#8231 = VECTOR('',#8232,1.);
#8232 = DIRECTION('',(1.,0.));
#8233 = ( GEOMETRIC_REPRESENTATION_CONTEXT(2) 
PARAMETRIC_REPRESENTATION_CONTEXT() REPRESENTATION_CONTEXT('2D SPACE',''
  ) );
#8234 = PCURVE('',#6235,#8235);
#8235 = DEFINITIONAL_REPRESENTATION('',(#8236),#8240);
#8236 = CIRCLE('',#8237,2.75);
#8237 = AXIS2_PLACEMENT_2D('',#8238,#8239);
#8238 = CARTESIAN_POINT('',(0.,0.));
#8239 = DIRECTION('',(1.,0.));
#8240 = ( GEOMETRIC_REPRESENTATION_CONTEXT(2) 
PARAMETRIC_REPRESENTATION_CONTEXT() REPRESENTATION_CONTEXT('2D SPACE',''
  ) );
#8241 = ORIENTED_EDGE('',*,*,#6246,.T.);
#8242 = ADVANCED_FACE('',(#8243),#1771,.F.);
#8243 = FACE_BOUND('',#8244,.F.);
#8244 = EDGE_LOOP('',(#8245,#8246,#8267,#8293,#8319,#8338));
#8245 = ORIENTED_EDGE('',*,*,#1755,.F.);
#8246 = ORIENTED_EDGE('',*,*,#8247,.F.);
#8247 = EDGE_CURVE('',#8248,#1756,#8250,.T.);
#8248 = VERTEX_POINT('',#8249);
#8249 = CARTESIAN_POINT('',(79.3,51.145643923739,119.8));
#8250 = SURFACE_CURVE('',#8251,(#8255,#8261),.PCURVE_S1.);
#8251 = LINE('',#8252,#8253);
#8252 = CARTESIAN_POINT('',(79.3,51.145643923739,119.6));
#8253 = VECTOR('',#8254,1.);
#8254 = DIRECTION('',(0.,0.,1.));
#8255 = PCURVE('',#1771,#8256);
#8256 = DEFINITIONAL_REPRESENTATION('',(#8257),#8260);
#8257 = B_SPLINE_CURVE_WITH_KNOTS('',1,(#8258,#8259),.UNSPECIFIED.,.F.,
  .F.,(2,2),(-6.000000070117E-07,149.4000006),.PIECEWISE_BEZIER_KNOTS.);
#8258 = CARTESIAN_POINT('',(15.1999994,-109.6456439237));
#8259 = CARTESIAN_POINT('',(164.6000006,-109.6456439237));
#8260 = ( GEOMETRIC_REPRESENTATION_CONTEXT(2) 
PARAMETRIC_REPRESENTATION_CONTEXT() REPRESENTATION_CONTEXT('2D SPACE',''
  ) );
#8261 = PCURVE('',#1803,#8262);
#8262 = DEFINITIONAL_REPRESENTATION('',(#8263),#8266);
#8263 = B_SPLINE_CURVE_WITH_KNOTS('',1,(#8264,#8265),.UNSPECIFIED.,.F.,
  .F.,(2,2),(0.2,148.4),.PIECEWISE_BEZIER_KNOTS.);
#8264 = CARTESIAN_POINT('',(6.712884973331,0.2));
#8265 = CARTESIAN_POINT('',(6.712884973331,148.4));
#8266 = ( GEOMETRIC_REPRESENTATION_CONTEXT(2) 
PARAMETRIC_REPRESENTATION_CONTEXT() REPRESENTATION_CONTEXT('2D SPACE',''
  ) );
#8267 = ORIENTED_EDGE('',*,*,#8268,.F.);
#8268 = EDGE_CURVE('',#8269,#8248,#8271,.T.);
#8269 = VERTEX_POINT('',#8270);
#8270 = CARTESIAN_POINT('',(79.3,53.249615361854,119.8));
#8271 = SURFACE_CURVE('',#8272,(#8276,#8282),.PCURVE_S1.);
#8272 = LINE('',#8273,#8274);
#8273 = CARTESIAN_POINT('',(79.3,-4.25,119.8));
#8274 = VECTOR('',#8275,1.);
#8275 = DIRECTION('',(0.,-1.,0.));
#8276 = PCURVE('',#1771,#8277);
#8277 = DEFINITIONAL_REPRESENTATION('',(#8278),#8281);
#8278 = B_SPLINE_CURVE_WITH_KNOTS('',1,(#8279,#8280),.UNSPECIFIED.,.F.,
  .F.,(2,2),(-58.35,-50.15),.PIECEWISE_BEZIER_KNOTS.);
#8279 = CARTESIAN_POINT('',(15.4,-112.6));
#8280 = CARTESIAN_POINT('',(15.4,-104.4));
#8281 = ( GEOMETRIC_REPRESENTATION_CONTEXT(2) 
PARAMETRIC_REPRESENTATION_CONTEXT() REPRESENTATION_CONTEXT('2D SPACE',''
  ) );
#8282 = PCURVE('',#8283,#8288);
#8283 = PLANE('',#8284);
#8284 = AXIS2_PLACEMENT_3D('',#8285,#8286,#8287);
#8285 = CARTESIAN_POINT('',(76.8,50.,119.8));
#8286 = DIRECTION('',(0.,0.,1.));
#8287 = DIRECTION('',(1.,0.,-0.));
#8288 = DEFINITIONAL_REPRESENTATION('',(#8289),#8292);
#8289 = B_SPLINE_CURVE_WITH_KNOTS('',1,(#8290,#8291),.UNSPECIFIED.,.F.,
  .F.,(2,2),(-58.35,-50.15),.PIECEWISE_BEZIER_KNOTS.);
#8290 = CARTESIAN_POINT('',(2.5,4.1));
#8291 = CARTESIAN_POINT('',(2.5,-4.1));
#8292 = ( GEOMETRIC_REPRESENTATION_CONTEXT(2) 
PARAMETRIC_REPRESENTATION_CONTEXT() REPRESENTATION_CONTEXT('2D SPACE',''
  ) );
#8293 = ORIENTED_EDGE('',*,*,#8294,.F.);
#8294 = EDGE_CURVE('',#8295,#8269,#8297,.T.);
#8295 = VERTEX_POINT('',#8296);
#8296 = CARTESIAN_POINT('',(79.3,53.249615361855,117.4));
#8297 = SURFACE_CURVE('',#8298,(#8302,#8308),.PCURVE_S1.);
#8298 = LINE('',#8299,#8300);
#8299 = CARTESIAN_POINT('',(79.3,53.249615361854,116.4));
#8300 = VECTOR('',#8301,1.);
#8301 = DIRECTION('',(0.,0.,1.));
#8302 = PCURVE('',#1771,#8303);
#8303 = DEFINITIONAL_REPRESENTATION('',(#8304),#8307);
#8304 = B_SPLINE_CURVE_WITH_KNOTS('',1,(#8305,#8306),.UNSPECIFIED.,.F.,
  .F.,(2,2),(-6.000000070117E-07,3.4000006),.PIECEWISE_BEZIER_KNOTS.);
#8305 = CARTESIAN_POINT('',(11.9999994,-111.7496153618));
#8306 = CARTESIAN_POINT('',(15.4000006,-111.7496153618));
#8307 = ( GEOMETRIC_REPRESENTATION_CONTEXT(2) 
PARAMETRIC_REPRESENTATION_CONTEXT() REPRESENTATION_CONTEXT('2D SPACE',''
  ) );
#8308 = PCURVE('',#8309,#8314);
#8309 = CYLINDRICAL_SURFACE('',#8310,4.1);
#8310 = AXIS2_PLACEMENT_3D('',#8311,#8312,#8313);
#8311 = CARTESIAN_POINT('',(76.8,50.,116.4));
#8312 = DIRECTION('',(0.,0.,1.));
#8313 = DIRECTION('',(1.,0.,-0.));
#8314 = DEFINITIONAL_REPRESENTATION('',(#8315),#8318);
#8315 = B_SPLINE_CURVE_WITH_KNOTS('',1,(#8316,#8317),.UNSPECIFIED.,.F.,
  .F.,(2,2),(1.,3.4),.PIECEWISE_BEZIER_KNOTS.);
#8316 = CARTESIAN_POINT('',(7.198228808217,1.));
#8317 = CARTESIAN_POINT('',(7.198228808217,3.4));
#8318 = ( GEOMETRIC_REPRESENTATION_CONTEXT(2) 
PARAMETRIC_REPRESENTATION_CONTEXT() REPRESENTATION_CONTEXT('2D SPACE',''
  ) );
#8319 = ORIENTED_EDGE('',*,*,#8320,.F.);
#8320 = EDGE_CURVE('',#3927,#8295,#8321,.T.);
#8321 = SURFACE_CURVE('',#8322,(#8326,#8332),.PCURVE_S1.);
#8322 = LINE('',#8323,#8324);
#8323 = CARTESIAN_POINT('',(79.3,-62.25,117.4));
#8324 = VECTOR('',#8325,1.);
#8325 = DIRECTION('',(0.,-1.,0.));
#8326 = PCURVE('',#1771,#8327);
#8327 = DEFINITIONAL_REPRESENTATION('',(#8328),#8331);
#8328 = B_SPLINE_CURVE_WITH_KNOTS('',1,(#8329,#8330),.UNSPECIFIED.,.F.,
  .F.,(2,2),(-120.75,-3.75),.PIECEWISE_BEZIER_KNOTS.);
#8329 = CARTESIAN_POINT('',(13.,-117.));
#8330 = CARTESIAN_POINT('',(13.,0.));
#8331 = ( GEOMETRIC_REPRESENTATION_CONTEXT(2) 
PARAMETRIC_REPRESENTATION_CONTEXT() REPRESENTATION_CONTEXT('2D SPACE',''
  ) );
#8332 = PCURVE('',#3943,#8333);
#8333 = DEFINITIONAL_REPRESENTATION('',(#8334),#8337);
#8334 = B_SPLINE_CURVE_WITH_KNOTS('',1,(#8335,#8336),.UNSPECIFIED.,.F.,
  .F.,(2,2),(-120.75,-3.75),.PIECEWISE_BEZIER_KNOTS.);
#8335 = CARTESIAN_POINT('',(1.8,124.5));
#8336 = CARTESIAN_POINT('',(1.8,7.5));
#8337 = ( GEOMETRIC_REPRESENTATION_CONTEXT(2) 
PARAMETRIC_REPRESENTATION_CONTEXT() REPRESENTATION_CONTEXT('2D SPACE',''
  ) );
#8338 = ORIENTED_EDGE('',*,*,#3959,.T.);
#8339 = ADVANCED_FACE('',(#8340),#1913,.T.);
#8340 = FACE_BOUND('',#8341,.T.);
#8341 = EDGE_LOOP('',(#8342,#8363,#8364,#8365));
#8342 = ORIENTED_EDGE('',*,*,#8343,.F.);
#8343 = EDGE_CURVE('',#6267,#6812,#8344,.T.);
#8344 = SURFACE_CURVE('',#8345,(#8349,#8356),.PCURVE_S1.);
#8345 = LINE('',#8346,#8347);
#8346 = CARTESIAN_POINT('',(-80.5,5.,264.));
#8347 = VECTOR('',#8348,1.);
#8348 = DIRECTION('',(1.,0.,0.));
#8349 = PCURVE('',#1913,#8350);
#8350 = DEFINITIONAL_REPRESENTATION('',(#8351),#8355);
#8351 = LINE('',#8352,#8353);
#8352 = CARTESIAN_POINT('',(0.,0.));
#8353 = VECTOR('',#8354,1.);
#8354 = DIRECTION('',(0.,1.));
#8355 = ( GEOMETRIC_REPRESENTATION_CONTEXT(2) 
PARAMETRIC_REPRESENTATION_CONTEXT() REPRESENTATION_CONTEXT('2D SPACE',''
  ) );
#8356 = PCURVE('',#6302,#8357);
#8357 = DEFINITIONAL_REPRESENTATION('',(#8358),#8362);
#8358 = LINE('',#8359,#8360);
#8359 = CARTESIAN_POINT('',(0.,10.));
#8360 = VECTOR('',#8361,1.);
#8361 = DIRECTION('',(1.,0.));
#8362 = ( GEOMETRIC_REPRESENTATION_CONTEXT(2) 
PARAMETRIC_REPRESENTATION_CONTEXT() REPRESENTATION_CONTEXT('2D SPACE',''
  ) );
#8363 = ORIENTED_EDGE('',*,*,#6266,.T.);
#8364 = ORIENTED_EDGE('',*,*,#1897,.T.);
#8365 = ORIENTED_EDGE('',*,*,#6811,.F.);
#8366 = ADVANCED_FACE('',(#8367),#1803,.F.);
#8367 = FACE_BOUND('',#8368,.F.);
#8368 = EDGE_LOOP('',(#8369,#8397,#8398,#8399));
#8369 = ORIENTED_EDGE('',*,*,#8370,.F.);
#8370 = EDGE_CURVE('',#8248,#8371,#8373,.T.);
#8371 = VERTEX_POINT('',#8372);
#8372 = CARTESIAN_POINT('',(79.3,48.854356076261,119.8));
#8373 = SURFACE_CURVE('',#8374,(#8379,#8386),.PCURVE_S1.);
#8374 = CIRCLE('',#8375,2.75);
#8375 = AXIS2_PLACEMENT_3D('',#8376,#8377,#8378);
#8376 = CARTESIAN_POINT('',(76.8,50.,119.8));
#8377 = DIRECTION('',(0.,0.,-1.));
#8378 = DIRECTION('',(0.909090909091,0.416597790451,0.));
#8379 = PCURVE('',#1803,#8380);
#8380 = DEFINITIONAL_REPRESENTATION('',(#8381),#8385);
#8381 = LINE('',#8382,#8383);
#8382 = CARTESIAN_POINT('',(6.712884973331,0.2));
#8383 = VECTOR('',#8384,1.);
#8384 = DIRECTION('',(-1.,-0.));
#8385 = ( GEOMETRIC_REPRESENTATION_CONTEXT(2) 
PARAMETRIC_REPRESENTATION_CONTEXT() REPRESENTATION_CONTEXT('2D SPACE',''
  ) );
#8386 = PCURVE('',#8283,#8387);
#8387 = DEFINITIONAL_REPRESENTATION('',(#8388),#8396);
#8388 = ( BOUNDED_CURVE() B_SPLINE_CURVE(2,(#8389,#8390,#8391,#8392,
#8393,#8394,#8395),.UNSPECIFIED.,.T.,.F.) B_SPLINE_CURVE_WITH_KNOTS((1,2
    ,2,2,2,1),(-2.094395102393,0.,2.094395102393,4.188790204786,
6.28318530718,8.377580409573),.UNSPECIFIED.) CURVE() 
GEOMETRIC_REPRESENTATION_ITEM() RATIONAL_B_SPLINE_CURVE((1.,0.5,1.,0.5,
1.,0.5,1.)) REPRESENTATION_ITEM('') );
#8389 = CARTESIAN_POINT('',(2.5,1.145643923739));
#8390 = CARTESIAN_POINT('',(4.484313483298,-3.184483095183));
#8391 = CARTESIAN_POINT('',(-0.257843258351,-2.737885471331));
#8392 = CARTESIAN_POINT('',(-5.,-2.291287847478));
#8393 = CARTESIAN_POINT('',(-2.242156741649,1.592241547592));
#8394 = CARTESIAN_POINT('',(0.515686516702,5.475770942661));
#8395 = CARTESIAN_POINT('',(2.5,1.145643923739));
#8396 = ( GEOMETRIC_REPRESENTATION_CONTEXT(2) 
PARAMETRIC_REPRESENTATION_CONTEXT() REPRESENTATION_CONTEXT('2D SPACE',''
  ) );
#8397 = ORIENTED_EDGE('',*,*,#8247,.T.);
#8398 = ORIENTED_EDGE('',*,*,#1782,.T.);
#8399 = ORIENTED_EDGE('',*,*,#8400,.F.);
#8400 = EDGE_CURVE('',#8371,#1783,#8401,.T.);
#8401 = SURFACE_CURVE('',#8402,(#8406,#8412),.PCURVE_S1.);
#8402 = LINE('',#8403,#8404);
#8403 = CARTESIAN_POINT('',(79.3,48.854356076261,119.6));
#8404 = VECTOR('',#8405,1.);
#8405 = DIRECTION('',(0.,0.,1.));
#8406 = PCURVE('',#1803,#8407);
#8407 = DEFINITIONAL_REPRESENTATION('',(#8408),#8411);
#8408 = B_SPLINE_CURVE_WITH_KNOTS('',1,(#8409,#8410),.UNSPECIFIED.,.F.,
  .F.,(2,2),(0.2,148.4),.PIECEWISE_BEZIER_KNOTS.);
#8409 = CARTESIAN_POINT('',(5.853485641028,0.2));
#8410 = CARTESIAN_POINT('',(5.853485641028,148.4));
#8411 = ( GEOMETRIC_REPRESENTATION_CONTEXT(2) 
PARAMETRIC_REPRESENTATION_CONTEXT() REPRESENTATION_CONTEXT('2D SPACE',''
  ) );
#8412 = PCURVE('',#1831,#8413);
#8413 = DEFINITIONAL_REPRESENTATION('',(#8414),#8417);
#8414 = B_SPLINE_CURVE_WITH_KNOTS('',1,(#8415,#8416),.UNSPECIFIED.,.F.,
  .F.,(2,2),(-6.000000070117E-07,149.4000006),.PIECEWISE_BEZIER_KNOTS.);
#8415 = CARTESIAN_POINT('',(15.1999994,-107.3543560762));
#8416 = CARTESIAN_POINT('',(164.6000006,-107.3543560762));
#8417 = ( GEOMETRIC_REPRESENTATION_CONTEXT(2) 
PARAMETRIC_REPRESENTATION_CONTEXT() REPRESENTATION_CONTEXT('2D SPACE',''
  ) );
#8418 = ADVANCED_FACE('',(#8419,#8552),#1831,.F.);
#8419 = FACE_BOUND('',#8420,.F.);
#8420 = EDGE_LOOP('',(#8421,#8422,#8443,#8464,#8485,#8511,#8532,#8551));
#8421 = ORIENTED_EDGE('',*,*,#1815,.F.);
#8422 = ORIENTED_EDGE('',*,*,#8423,.F.);
#8423 = EDGE_CURVE('',#8424,#1816,#8426,.T.);
#8424 = VERTEX_POINT('',#8425);
#8425 = CARTESIAN_POINT('',(79.3,11.145643923739,119.8));
#8426 = SURFACE_CURVE('',#8427,(#8431,#8437),.PCURVE_S1.);
#8427 = LINE('',#8428,#8429);
#8428 = CARTESIAN_POINT('',(79.3,11.145643923739,119.6));
#8429 = VECTOR('',#8430,1.);
#8430 = DIRECTION('',(0.,0.,1.));
#8431 = PCURVE('',#1831,#8432);
#8432 = DEFINITIONAL_REPRESENTATION('',(#8433),#8436);
#8433 = B_SPLINE_CURVE_WITH_KNOTS('',1,(#8434,#8435),.UNSPECIFIED.,.F.,
  .F.,(2,2),(-6.000000070117E-07,149.4000006),.PIECEWISE_BEZIER_KNOTS.);
#8434 = CARTESIAN_POINT('',(15.1999994,-69.64564392373));
#8435 = CARTESIAN_POINT('',(164.6000006,-69.64564392373));
#8436 = ( GEOMETRIC_REPRESENTATION_CONTEXT(2) 
PARAMETRIC_REPRESENTATION_CONTEXT() REPRESENTATION_CONTEXT('2D SPACE',''
  ) );
#8437 = PCURVE('',#1863,#8438);
#8438 = DEFINITIONAL_REPRESENTATION('',(#8439),#8442);
#8439 = B_SPLINE_CURVE_WITH_KNOTS('',1,(#8440,#8441),.UNSPECIFIED.,.F.,
  .F.,(2,2),(0.2,148.4),.PIECEWISE_BEZIER_KNOTS.);
#8440 = CARTESIAN_POINT('',(6.712884973331,0.2));
#8441 = CARTESIAN_POINT('',(6.712884973331,148.4));
#8442 = ( GEOMETRIC_REPRESENTATION_CONTEXT(2) 
PARAMETRIC_REPRESENTATION_CONTEXT() REPRESENTATION_CONTEXT('2D SPACE',''
  ) );
#8443 = ORIENTED_EDGE('',*,*,#8444,.F.);
#8444 = EDGE_CURVE('',#8445,#8424,#8447,.T.);
#8445 = VERTEX_POINT('',#8446);
#8446 = CARTESIAN_POINT('',(79.3,13.249615361854,119.8));
#8447 = SURFACE_CURVE('',#8448,(#8452,#8458),.PCURVE_S1.);
#8448 = LINE('',#8449,#8450);
#8449 = CARTESIAN_POINT('',(79.3,-24.25,119.8));
#8450 = VECTOR('',#8451,1.);
#8451 = DIRECTION('',(0.,-1.,0.));
#8452 = PCURVE('',#1831,#8453);
#8453 = DEFINITIONAL_REPRESENTATION('',(#8454),#8457);
#8454 = B_SPLINE_CURVE_WITH_KNOTS('',1,(#8455,#8456),.UNSPECIFIED.,.F.,
  .F.,(2,2),(-38.35,-30.15),.PIECEWISE_BEZIER_KNOTS.);
#8455 = CARTESIAN_POINT('',(15.4,-72.6));
#8456 = CARTESIAN_POINT('',(15.4,-64.4));
#8457 = ( GEOMETRIC_REPRESENTATION_CONTEXT(2) 
PARAMETRIC_REPRESENTATION_CONTEXT() REPRESENTATION_CONTEXT('2D SPACE',''
  ) );
#8458 = PCURVE('',#6780,#8459);
#8459 = DEFINITIONAL_REPRESENTATION('',(#8460),#8463);
#8460 = B_SPLINE_CURVE_WITH_KNOTS('',1,(#8461,#8462),.UNSPECIFIED.,.F.,
  .F.,(2,2),(-38.35,-30.15),.PIECEWISE_BEZIER_KNOTS.);
#8461 = CARTESIAN_POINT('',(2.5,4.1));
#8462 = CARTESIAN_POINT('',(2.5,-4.1));
#8463 = ( GEOMETRIC_REPRESENTATION_CONTEXT(2) 
PARAMETRIC_REPRESENTATION_CONTEXT() REPRESENTATION_CONTEXT('2D SPACE',''
  ) );
#8464 = ORIENTED_EDGE('',*,*,#8465,.F.);
#8465 = EDGE_CURVE('',#8466,#8445,#8468,.T.);
#8466 = VERTEX_POINT('',#8467);
#8467 = CARTESIAN_POINT('',(79.3,13.249615361855,117.4));
#8468 = SURFACE_CURVE('',#8469,(#8473,#8479),.PCURVE_S1.);
#8469 = LINE('',#8470,#8471);
#8470 = CARTESIAN_POINT('',(79.3,13.249615361854,116.4));
#8471 = VECTOR('',#8472,1.);
#8472 = DIRECTION('',(0.,0.,1.));
#8473 = PCURVE('',#1831,#8474);
#8474 = DEFINITIONAL_REPRESENTATION('',(#8475),#8478);
#8475 = B_SPLINE_CURVE_WITH_KNOTS('',1,(#8476,#8477),.UNSPECIFIED.,.F.,
  .F.,(2,2),(-6.000000070117E-07,3.4000006),.PIECEWISE_BEZIER_KNOTS.);
#8476 = CARTESIAN_POINT('',(11.9999994,-71.74961536185));
#8477 = CARTESIAN_POINT('',(15.4000006,-71.74961536185));
#8478 = ( GEOMETRIC_REPRESENTATION_CONTEXT(2) 
PARAMETRIC_REPRESENTATION_CONTEXT() REPRESENTATION_CONTEXT('2D SPACE',''
  ) );
#8479 = PCURVE('',#6754,#8480);
#8480 = DEFINITIONAL_REPRESENTATION('',(#8481),#8484);
#8481 = B_SPLINE_CURVE_WITH_KNOTS('',1,(#8482,#8483),.UNSPECIFIED.,.F.,
  .F.,(2,2),(1.,3.4),.PIECEWISE_BEZIER_KNOTS.);
#8482 = CARTESIAN_POINT('',(7.198228808217,1.));
#8483 = CARTESIAN_POINT('',(7.198228808217,3.4));
#8484 = ( GEOMETRIC_REPRESENTATION_CONTEXT(2) 
PARAMETRIC_REPRESENTATION_CONTEXT() REPRESENTATION_CONTEXT('2D SPACE',''
  ) );
#8485 = ORIENTED_EDGE('',*,*,#8486,.F.);
#8486 = EDGE_CURVE('',#8487,#8466,#8489,.T.);
#8487 = VERTEX_POINT('',#8488);
#8488 = CARTESIAN_POINT('',(79.3,46.750384638145,117.4));
#8489 = SURFACE_CURVE('',#8490,(#8494,#8500),.PCURVE_S1.);
#8490 = LINE('',#8491,#8492);
#8491 = CARTESIAN_POINT('',(79.3,-62.25,117.4));
#8492 = VECTOR('',#8493,1.);
#8493 = DIRECTION('',(0.,-1.,0.));
#8494 = PCURVE('',#1831,#8495);
#8495 = DEFINITIONAL_REPRESENTATION('',(#8496),#8499);
#8496 = B_SPLINE_CURVE_WITH_KNOTS('',1,(#8497,#8498),.UNSPECIFIED.,.F.,
  .F.,(2,2),(-120.75,-3.75),.PIECEWISE_BEZIER_KNOTS.);
#8497 = CARTESIAN_POINT('',(13.,-117.));
#8498 = CARTESIAN_POINT('',(13.,0.));
#8499 = ( GEOMETRIC_REPRESENTATION_CONTEXT(2) 
PARAMETRIC_REPRESENTATION_CONTEXT() REPRESENTATION_CONTEXT('2D SPACE',''
  ) );
#8500 = PCURVE('',#8501,#8506);
#8501 = PLANE('',#8502);
#8502 = AXIS2_PLACEMENT_3D('',#8503,#8504,#8505);
#8503 = CARTESIAN_POINT('',(77.5,-66.,117.4));
#8504 = DIRECTION('',(0.,0.,1.));
#8505 = DIRECTION('',(1.,0.,0.));
#8506 = DEFINITIONAL_REPRESENTATION('',(#8507),#8510);
#8507 = B_SPLINE_CURVE_WITH_KNOTS('',1,(#8508,#8509),.UNSPECIFIED.,.F.,
  .F.,(2,2),(-120.75,-3.75),.PIECEWISE_BEZIER_KNOTS.);
#8508 = CARTESIAN_POINT('',(1.8,124.5));
#8509 = CARTESIAN_POINT('',(1.8,7.5));
#8510 = ( GEOMETRIC_REPRESENTATION_CONTEXT(2) 
PARAMETRIC_REPRESENTATION_CONTEXT() REPRESENTATION_CONTEXT('2D SPACE',''
  ) );
#8511 = ORIENTED_EDGE('',*,*,#8512,.T.);
#8512 = EDGE_CURVE('',#8487,#8513,#8515,.T.);
#8513 = VERTEX_POINT('',#8514);
#8514 = CARTESIAN_POINT('',(79.3,46.750384638146,119.8));
#8515 = SURFACE_CURVE('',#8516,(#8520,#8526),.PCURVE_S1.);
#8516 = LINE('',#8517,#8518);
#8517 = CARTESIAN_POINT('',(79.3,46.750384638146,116.4));
#8518 = VECTOR('',#8519,1.);
#8519 = DIRECTION('',(0.,0.,1.));
#8520 = PCURVE('',#1831,#8521);
#8521 = DEFINITIONAL_REPRESENTATION('',(#8522),#8525);
#8522 = B_SPLINE_CURVE_WITH_KNOTS('',1,(#8523,#8524),.UNSPECIFIED.,.F.,
  .F.,(2,2),(-6.000000070117E-07,3.4000006),.PIECEWISE_BEZIER_KNOTS.);
#8523 = CARTESIAN_POINT('',(11.9999994,-105.2503846381));
#8524 = CARTESIAN_POINT('',(15.4000006,-105.2503846381));
#8525 = ( GEOMETRIC_REPRESENTATION_CONTEXT(2) 
PARAMETRIC_REPRESENTATION_CONTEXT() REPRESENTATION_CONTEXT('2D SPACE',''
  ) );
#8526 = PCURVE('',#8309,#8527);
#8527 = DEFINITIONAL_REPRESENTATION('',(#8528),#8531);
#8528 = B_SPLINE_CURVE_WITH_KNOTS('',1,(#8529,#8530),.UNSPECIFIED.,.F.,
  .F.,(2,2),(1.,3.4),.PIECEWISE_BEZIER_KNOTS.);
#8529 = CARTESIAN_POINT('',(5.368141806142,1.));
#8530 = CARTESIAN_POINT('',(5.368141806142,3.4));
#8531 = ( GEOMETRIC_REPRESENTATION_CONTEXT(2) 
PARAMETRIC_REPRESENTATION_CONTEXT() REPRESENTATION_CONTEXT('2D SPACE',''
  ) );
#8532 = ORIENTED_EDGE('',*,*,#8533,.F.);
#8533 = EDGE_CURVE('',#8371,#8513,#8534,.T.);
#8534 = SURFACE_CURVE('',#8535,(#8539,#8545),.PCURVE_S1.);
#8535 = LINE('',#8536,#8537);
#8536 = CARTESIAN_POINT('',(79.3,-4.25,119.8));
#8537 = VECTOR('',#8538,1.);
#8538 = DIRECTION('',(0.,-1.,0.));
#8539 = PCURVE('',#1831,#8540);
#8540 = DEFINITIONAL_REPRESENTATION('',(#8541),#8544);
#8541 = B_SPLINE_CURVE_WITH_KNOTS('',1,(#8542,#8543),.UNSPECIFIED.,.F.,
  .F.,(2,2),(-58.35,-50.15),.PIECEWISE_BEZIER_KNOTS.);
#8542 = CARTESIAN_POINT('',(15.4,-112.6));
#8543 = CARTESIAN_POINT('',(15.4,-104.4));
#8544 = ( GEOMETRIC_REPRESENTATION_CONTEXT(2) 
PARAMETRIC_REPRESENTATION_CONTEXT() REPRESENTATION_CONTEXT('2D SPACE',''
  ) );
#8545 = PCURVE('',#8283,#8546);
#8546 = DEFINITIONAL_REPRESENTATION('',(#8547),#8550);
#8547 = B_SPLINE_CURVE_WITH_KNOTS('',1,(#8548,#8549),.UNSPECIFIED.,.F.,
  .F.,(2,2),(-58.35,-50.15),.PIECEWISE_BEZIER_KNOTS.);
#8548 = CARTESIAN_POINT('',(2.5,4.1));
#8549 = CARTESIAN_POINT('',(2.5,-4.1));
#8550 = ( GEOMETRIC_REPRESENTATION_CONTEXT(2) 
PARAMETRIC_REPRESENTATION_CONTEXT() REPRESENTATION_CONTEXT('2D SPACE',''
  ) );
#8551 = ORIENTED_EDGE('',*,*,#8400,.T.);
#8552 = FACE_BOUND('',#8553,.F.);
#8553 = EDGE_LOOP('',(#8554));
#8554 = ORIENTED_EDGE('',*,*,#8555,.F.);
#8555 = EDGE_CURVE('',#8556,#8556,#8558,.T.);
#8556 = VERTEX_POINT('',#8557);
#8557 = CARTESIAN_POINT('',(79.3,25.,161.1));
#8558 = SURFACE_CURVE('',#8559,(#8564,#8571),.PCURVE_S1.);
#8559 = CIRCLE('',#8560,5.1);
#8560 = AXIS2_PLACEMENT_3D('',#8561,#8562,#8563);
#8561 = CARTESIAN_POINT('',(79.3,25.,156.));
#8562 = DIRECTION('',(1.,0.,0.));
#8563 = DIRECTION('',(-0.,0.,1.));
#8564 = PCURVE('',#1831,#8565);
#8565 = DEFINITIONAL_REPRESENTATION('',(#8566),#8570);
#8566 = CIRCLE('',#8567,5.1);
#8567 = AXIS2_PLACEMENT_2D('',#8568,#8569);
#8568 = CARTESIAN_POINT('',(51.6,-83.5));
#8569 = DIRECTION('',(1.,0.));
#8570 = ( GEOMETRIC_REPRESENTATION_CONTEXT(2) 
PARAMETRIC_REPRESENTATION_CONTEXT() REPRESENTATION_CONTEXT('2D SPACE',''
  ) );
#8571 = PCURVE('',#8572,#8577);
#8572 = CYLINDRICAL_SURFACE('',#8573,5.1);
#8573 = AXIS2_PLACEMENT_3D('',#8574,#8575,#8576);
#8574 = CARTESIAN_POINT('',(76.05,25.,156.));
#8575 = DIRECTION('',(1.,0.,0.));
#8576 = DIRECTION('',(-0.,0.,1.));
#8577 = DEFINITIONAL_REPRESENTATION('',(#8578),#8582);
#8578 = LINE('',#8579,#8580);
#8579 = CARTESIAN_POINT('',(0.,3.25));
#8580 = VECTOR('',#8581,1.);
#8581 = DIRECTION('',(1.,0.));
#8582 = ( GEOMETRIC_REPRESENTATION_CONTEXT(2) 
PARAMETRIC_REPRESENTATION_CONTEXT() REPRESENTATION_CONTEXT('2D SPACE',''
  ) );
#8583 = ADVANCED_FACE('',(#8584),#1863,.F.);
#8584 = FACE_BOUND('',#8585,.F.);
#8585 = EDGE_LOOP('',(#8586,#8612,#8613,#8614));
#8586 = ORIENTED_EDGE('',*,*,#8587,.F.);
#8587 = EDGE_CURVE('',#8424,#6766,#8588,.T.);
#8588 = SURFACE_CURVE('',#8589,(#8594,#8601),.PCURVE_S1.);
#8589 = CIRCLE('',#8590,2.75);
#8590 = AXIS2_PLACEMENT_3D('',#8591,#8592,#8593);
#8591 = CARTESIAN_POINT('',(76.8,10.,119.8));
#8592 = DIRECTION('',(0.,0.,-1.));
#8593 = DIRECTION('',(0.909090909091,0.416597790451,0.));
#8594 = PCURVE('',#1863,#8595);
#8595 = DEFINITIONAL_REPRESENTATION('',(#8596),#8600);
#8596 = LINE('',#8597,#8598);
#8597 = CARTESIAN_POINT('',(6.712884973331,0.2));
#8598 = VECTOR('',#8599,1.);
#8599 = DIRECTION('',(-1.,-0.));
#8600 = ( GEOMETRIC_REPRESENTATION_CONTEXT(2) 
PARAMETRIC_REPRESENTATION_CONTEXT() REPRESENTATION_CONTEXT('2D SPACE',''
  ) );
#8601 = PCURVE('',#6780,#8602);
#8602 = DEFINITIONAL_REPRESENTATION('',(#8603),#8611);
#8603 = ( BOUNDED_CURVE() B_SPLINE_CURVE(2,(#8604,#8605,#8606,#8607,
#8608,#8609,#8610),.UNSPECIFIED.,.T.,.F.) B_SPLINE_CURVE_WITH_KNOTS((1,2
    ,2,2,2,1),(-2.094395102393,0.,2.094395102393,4.188790204786,
6.28318530718,8.377580409573),.UNSPECIFIED.) CURVE() 
GEOMETRIC_REPRESENTATION_ITEM() RATIONAL_B_SPLINE_CURVE((1.,0.5,1.,0.5,
1.,0.5,1.)) REPRESENTATION_ITEM('') );
#8604 = CARTESIAN_POINT('',(2.5,1.145643923739));
#8605 = CARTESIAN_POINT('',(4.484313483298,-3.184483095183));
#8606 = CARTESIAN_POINT('',(-0.257843258351,-2.737885471331));
#8607 = CARTESIAN_POINT('',(-5.,-2.291287847478));
#8608 = CARTESIAN_POINT('',(-2.242156741649,1.592241547592));
#8609 = CARTESIAN_POINT('',(0.515686516702,5.475770942661));
#8610 = CARTESIAN_POINT('',(2.5,1.145643923739));
#8611 = ( GEOMETRIC_REPRESENTATION_CONTEXT(2) 
PARAMETRIC_REPRESENTATION_CONTEXT() REPRESENTATION_CONTEXT('2D SPACE',''
  ) );
#8612 = ORIENTED_EDGE('',*,*,#8423,.T.);
#8613 = ORIENTED_EDGE('',*,*,#1842,.T.);
#8614 = ORIENTED_EDGE('',*,*,#6791,.F.);
#8615 = ADVANCED_FACE('',(#8616),#2049,.F.);
#8616 = FACE_BOUND('',#8617,.F.);
#8617 = EDGE_LOOP('',(#8618,#8619,#8642,#8664));
#8618 = ORIENTED_EDGE('',*,*,#2032,.F.);
#8619 = ORIENTED_EDGE('',*,*,#8620,.F.);
#8620 = EDGE_CURVE('',#8621,#2033,#8623,.T.);
#8621 = VERTEX_POINT('',#8622);
#8622 = CARTESIAN_POINT('',(57.25,-5.510910596163E-16,264.));
#8623 = SEAM_CURVE('',#8624,(#8628,#8635),.PCURVE_S1.);
#8624 = LINE('',#8625,#8626);
#8625 = CARTESIAN_POINT('',(57.25,-5.510910596163E-16,263.));
#8626 = VECTOR('',#8627,1.);
#8627 = DIRECTION('',(0.,0.,1.));
#8628 = PCURVE('',#2049,#8629);
#8629 = DEFINITIONAL_REPRESENTATION('',(#8630),#8634);
#8630 = LINE('',#8631,#8632);
#8631 = CARTESIAN_POINT('',(6.28318530718,-0.));
#8632 = VECTOR('',#8633,1.);
#8633 = DIRECTION('',(0.,1.));
#8634 = ( GEOMETRIC_REPRESENTATION_CONTEXT(2) 
PARAMETRIC_REPRESENTATION_CONTEXT() REPRESENTATION_CONTEXT('2D SPACE',''
  ) );
#8635 = PCURVE('',#2049,#8636);
#8636 = DEFINITIONAL_REPRESENTATION('',(#8637),#8641);
#8637 = LINE('',#8638,#8639);
#8638 = CARTESIAN_POINT('',(0.,-0.));
#8639 = VECTOR('',#8640,1.);
#8640 = DIRECTION('',(0.,1.));
#8641 = ( GEOMETRIC_REPRESENTATION_CONTEXT(2) 
PARAMETRIC_REPRESENTATION_CONTEXT() REPRESENTATION_CONTEXT('2D SPACE',''
  ) );
#8642 = ORIENTED_EDGE('',*,*,#8643,.T.);
#8643 = EDGE_CURVE('',#8621,#8621,#8644,.T.);
#8644 = SURFACE_CURVE('',#8645,(#8650,#8657),.PCURVE_S1.);
#8645 = CIRCLE('',#8646,2.25);
#8646 = AXIS2_PLACEMENT_3D('',#8647,#8648,#8649);
#8647 = CARTESIAN_POINT('',(55.,0.,264.));
#8648 = DIRECTION('',(0.,0.,1.));
#8649 = DIRECTION('',(1.,0.,-0.));
#8650 = PCURVE('',#2049,#8651);
#8651 = DEFINITIONAL_REPRESENTATION('',(#8652),#8656);
#8652 = LINE('',#8653,#8654);
#8653 = CARTESIAN_POINT('',(0.,1.));
#8654 = VECTOR('',#8655,1.);
#8655 = DIRECTION('',(1.,0.));
#8656 = ( GEOMETRIC_REPRESENTATION_CONTEXT(2) 
PARAMETRIC_REPRESENTATION_CONTEXT() REPRESENTATION_CONTEXT('2D SPACE',''
  ) );
#8657 = PCURVE('',#6302,#8658);
#8658 = DEFINITIONAL_REPRESENTATION('',(#8659),#8663);
#8659 = CIRCLE('',#8660,2.25);
#8660 = AXIS2_PLACEMENT_2D('',#8661,#8662);
#8661 = CARTESIAN_POINT('',(135.5,5.));
#8662 = DIRECTION('',(1.,0.));
#8663 = ( GEOMETRIC_REPRESENTATION_CONTEXT(2) 
PARAMETRIC_REPRESENTATION_CONTEXT() REPRESENTATION_CONTEXT('2D SPACE',''
  ) );
#8664 = ORIENTED_EDGE('',*,*,#8620,.T.);
#8665 = ADVANCED_FACE('',(#8666,#9840,#9871,#9902,#9933,#9964,#9995),
  #2104,.F.);
#8666 = FACE_BOUND('',#8667,.F.);
#8667 = EDGE_LOOP('',(#8668,#8690,#8710,#8711,#8734,#8762,#8791,#8819,
    #8845,#8871,#8897,#8920,#8949,#8977,#9006,#9034,#9055,#9056,#9079,
    #9107,#9130,#9158,#9181,#9209,#9235,#9261,#9287,#9310,#9333,#9361,
    #9384,#9412,#9433,#9434,#9457,#9485,#9518,#9546,#9579,#9607,#9633,
    #9659,#9685,#9708,#9741,#9769,#9790,#9791,#9813,#9833,#9834,#9835,
    #9836,#9837,#9838,#9839));
#8668 = ORIENTED_EDGE('',*,*,#8669,.F.);
#8669 = EDGE_CURVE('',#8670,#4195,#8672,.T.);
#8670 = VERTEX_POINT('',#8671);
#8671 = CARTESIAN_POINT('',(66.15,78.3,105.4));
#8672 = SURFACE_CURVE('',#8673,(#8677,#8684),.PCURVE_S1.);
#8673 = LINE('',#8674,#8675);
#8674 = CARTESIAN_POINT('',(66.15,9.9,105.4));
#8675 = VECTOR('',#8676,1.);
#8676 = DIRECTION('',(0.,1.,0.));
#8677 = PCURVE('',#2104,#8678);
#8678 = DEFINITIONAL_REPRESENTATION('',(#8679),#8683);
#8679 = LINE('',#8680,#8681);
#8680 = CARTESIAN_POINT('',(124.65,68.4));
#8681 = VECTOR('',#8682,1.);
#8682 = DIRECTION('',(0.,1.));
#8683 = ( GEOMETRIC_REPRESENTATION_CONTEXT(2) 
PARAMETRIC_REPRESENTATION_CONTEXT() REPRESENTATION_CONTEXT('2D SPACE',''
  ) );
#8684 = PCURVE('',#4346,#8685);
#8685 = DEFINITIONAL_REPRESENTATION('',(#8686),#8689);
#8686 = B_SPLINE_CURVE_WITH_KNOTS('',1,(#8687,#8688),.UNSPECIFIED.,.F.,
  .F.,(2,2),(68.4,72.553079134007),.PIECEWISE_BEZIER_KNOTS.);
#8687 = CARTESIAN_POINT('',(79.3,0.));
#8688 = CARTESIAN_POINT('',(79.3,-4.153079134007));
#8689 = ( GEOMETRIC_REPRESENTATION_CONTEXT(2) 
PARAMETRIC_REPRESENTATION_CONTEXT() REPRESENTATION_CONTEXT('2D SPACE',''
  ) );
#8690 = ORIENTED_EDGE('',*,*,#8691,.T.);
#8691 = EDGE_CURVE('',#8670,#3847,#8692,.T.);
#8692 = SURFACE_CURVE('',#8693,(#8697,#8704),.PCURVE_S1.);
#8693 = LINE('',#8694,#8695);
#8694 = CARTESIAN_POINT('',(-58.25,78.3,105.4));
#8695 = VECTOR('',#8696,1.);
#8696 = DIRECTION('',(-1.,0.,0.));
#8697 = PCURVE('',#2104,#8698);
#8698 = DEFINITIONAL_REPRESENTATION('',(#8699),#8703);
#8699 = LINE('',#8700,#8701);
#8700 = CARTESIAN_POINT('',(0.25,136.8));
#8701 = VECTOR('',#8702,1.);
#8702 = DIRECTION('',(-1.,0.));
#8703 = ( GEOMETRIC_REPRESENTATION_CONTEXT(2) 
PARAMETRIC_REPRESENTATION_CONTEXT() REPRESENTATION_CONTEXT('2D SPACE',''
  ) );
#8704 = PCURVE('',#3861,#8705);
#8705 = DEFINITIONAL_REPRESENTATION('',(#8706),#8709);
#8706 = B_SPLINE_CURVE_WITH_KNOTS('',1,(#8707,#8708),.UNSPECIFIED.,.F.,
  .F.,(2,2),(-124.4,7.9),.PIECEWISE_BEZIER_KNOTS.);
#8707 = CARTESIAN_POINT('',(87.45,124.15));
#8708 = CARTESIAN_POINT('',(87.45,-8.15));
#8709 = ( GEOMETRIC_REPRESENTATION_CONTEXT(2) 
PARAMETRIC_REPRESENTATION_CONTEXT() REPRESENTATION_CONTEXT('2D SPACE',''
  ) );
#8710 = ORIENTED_EDGE('',*,*,#3872,.T.);
#8711 = ORIENTED_EDGE('',*,*,#8712,.F.);
#8712 = EDGE_CURVE('',#8713,#3873,#8715,.T.);
#8713 = VERTEX_POINT('',#8714);
#8714 = CARTESIAN_POINT('',(77.5,66.,105.4));
#8715 = SURFACE_CURVE('',#8716,(#8720,#8727),.PCURVE_S1.);
#8716 = LINE('',#8717,#8718);
#8717 = CARTESIAN_POINT('',(77.5,66.,105.4));
#8718 = VECTOR('',#8719,1.);
#8719 = DIRECTION('',(1.,0.,0.));
#8720 = PCURVE('',#2104,#8721);
#8721 = DEFINITIONAL_REPRESENTATION('',(#8722),#8726);
#8722 = LINE('',#8723,#8724);
#8723 = CARTESIAN_POINT('',(136.,124.5));
#8724 = VECTOR('',#8725,1.);
#8725 = DIRECTION('',(1.,0.));
#8726 = ( GEOMETRIC_REPRESENTATION_CONTEXT(2) 
PARAMETRIC_REPRESENTATION_CONTEXT() REPRESENTATION_CONTEXT('2D SPACE',''
  ) );
#8727 = PCURVE('',#3915,#8728);
#8728 = DEFINITIONAL_REPRESENTATION('',(#8729),#8733);
#8729 = LINE('',#8730,#8731);
#8730 = CARTESIAN_POINT('',(0.,0.));
#8731 = VECTOR('',#8732,1.);
#8732 = DIRECTION('',(0.,1.));
#8733 = ( GEOMETRIC_REPRESENTATION_CONTEXT(2) 
PARAMETRIC_REPRESENTATION_CONTEXT() REPRESENTATION_CONTEXT('2D SPACE',''
  ) );
#8734 = ORIENTED_EDGE('',*,*,#8735,.F.);
#8735 = EDGE_CURVE('',#8736,#8713,#8738,.T.);
#8736 = VERTEX_POINT('',#8737);
#8737 = CARTESIAN_POINT('',(77.5,55.152669211195,105.4));
#8738 = SURFACE_CURVE('',#8739,(#8743,#8750),.PCURVE_S1.);
#8739 = LINE('',#8740,#8741);
#8740 = CARTESIAN_POINT('',(77.5,-66.,105.4));
#8741 = VECTOR('',#8742,1.);
#8742 = DIRECTION('',(0.,1.,0.));
#8743 = PCURVE('',#2104,#8744);
#8744 = DEFINITIONAL_REPRESENTATION('',(#8745),#8749);
#8745 = LINE('',#8746,#8747);
#8746 = CARTESIAN_POINT('',(136.,-7.5));
#8747 = VECTOR('',#8748,1.);
#8748 = DIRECTION('',(0.,1.));
#8749 = ( GEOMETRIC_REPRESENTATION_CONTEXT(2) 
PARAMETRIC_REPRESENTATION_CONTEXT() REPRESENTATION_CONTEXT('2D SPACE',''
  ) );
#8750 = PCURVE('',#8751,#8756);
#8751 = PLANE('',#8752);
#8752 = AXIS2_PLACEMENT_3D('',#8753,#8754,#8755);
#8753 = CARTESIAN_POINT('',(77.5,-66.,105.4));
#8754 = DIRECTION('',(1.,0.,0.));
#8755 = DIRECTION('',(0.,0.,1.));
#8756 = DEFINITIONAL_REPRESENTATION('',(#8757),#8761);
#8757 = LINE('',#8758,#8759);
#8758 = CARTESIAN_POINT('',(0.,0.));
#8759 = VECTOR('',#8760,1.);
#8760 = DIRECTION('',(0.,-1.));
#8761 = ( GEOMETRIC_REPRESENTATION_CONTEXT(2) 
PARAMETRIC_REPRESENTATION_CONTEXT() REPRESENTATION_CONTEXT('2D SPACE',''
  ) );
#8762 = ORIENTED_EDGE('',*,*,#8763,.T.);
#8763 = EDGE_CURVE('',#8736,#8764,#8766,.T.);
#8764 = VERTEX_POINT('',#8765);
#8765 = CARTESIAN_POINT('',(77.5,44.847330788805,105.4));
#8766 = SURFACE_CURVE('',#8767,(#8772,#8779),.PCURVE_S1.);
#8767 = CIRCLE('',#8768,5.2);
#8768 = AXIS2_PLACEMENT_3D('',#8769,#8770,#8771);
#8769 = CARTESIAN_POINT('',(76.8,50.,105.4));
#8770 = DIRECTION('',(0.,0.,1.));
#8771 = DIRECTION('',(1.,0.,0.));
#8772 = PCURVE('',#2104,#8773);
#8773 = DEFINITIONAL_REPRESENTATION('',(#8774),#8778);
#8774 = CIRCLE('',#8775,5.2);
#8775 = AXIS2_PLACEMENT_2D('',#8776,#8777);
#8776 = CARTESIAN_POINT('',(135.3,108.5));
#8777 = DIRECTION('',(1.,0.));
#8778 = ( GEOMETRIC_REPRESENTATION_CONTEXT(2) 
PARAMETRIC_REPRESENTATION_CONTEXT() REPRESENTATION_CONTEXT('2D SPACE',''
  ) );
#8779 = PCURVE('',#8780,#8785);
#8780 = CYLINDRICAL_SURFACE('',#8781,5.2);
#8781 = AXIS2_PLACEMENT_3D('',#8782,#8783,#8784);
#8782 = CARTESIAN_POINT('',(76.8,50.,105.4));
#8783 = DIRECTION('',(-0.,-0.,-1.));
#8784 = DIRECTION('',(1.,0.,0.));
#8785 = DEFINITIONAL_REPRESENTATION('',(#8786),#8790);
#8786 = LINE('',#8787,#8788);
#8787 = CARTESIAN_POINT('',(-0.,0.));
#8788 = VECTOR('',#8789,1.);
#8789 = DIRECTION('',(-1.,0.));
#8790 = ( GEOMETRIC_REPRESENTATION_CONTEXT(2) 
PARAMETRIC_REPRESENTATION_CONTEXT() REPRESENTATION_CONTEXT('2D SPACE',''
  ) );
#8791 = ORIENTED_EDGE('',*,*,#8792,.F.);
#8792 = EDGE_CURVE('',#8793,#8764,#8795,.T.);
#8793 = VERTEX_POINT('',#8794);
#8794 = CARTESIAN_POINT('',(77.5,32.3,105.4));
#8795 = SURFACE_CURVE('',#8796,(#8800,#8807),.PCURVE_S1.);
#8796 = LINE('',#8797,#8798);
#8797 = CARTESIAN_POINT('',(77.5,-66.,105.4));
#8798 = VECTOR('',#8799,1.);
#8799 = DIRECTION('',(0.,1.,0.));
#8800 = PCURVE('',#2104,#8801);
#8801 = DEFINITIONAL_REPRESENTATION('',(#8802),#8806);
#8802 = LINE('',#8803,#8804);
#8803 = CARTESIAN_POINT('',(136.,-7.5));
#8804 = VECTOR('',#8805,1.);
#8805 = DIRECTION('',(0.,1.));
#8806 = ( GEOMETRIC_REPRESENTATION_CONTEXT(2) 
PARAMETRIC_REPRESENTATION_CONTEXT() REPRESENTATION_CONTEXT('2D SPACE',''
  ) );
#8807 = PCURVE('',#8808,#8813);
#8808 = PLANE('',#8809);
#8809 = AXIS2_PLACEMENT_3D('',#8810,#8811,#8812);
#8810 = CARTESIAN_POINT('',(77.5,-66.,105.4));
#8811 = DIRECTION('',(1.,0.,0.));
#8812 = DIRECTION('',(0.,0.,1.));
#8813 = DEFINITIONAL_REPRESENTATION('',(#8814),#8818);
#8814 = LINE('',#8815,#8816);
#8815 = CARTESIAN_POINT('',(0.,0.));
#8816 = VECTOR('',#8817,1.);
#8817 = DIRECTION('',(0.,-1.));
#8818 = ( GEOMETRIC_REPRESENTATION_CONTEXT(2) 
PARAMETRIC_REPRESENTATION_CONTEXT() REPRESENTATION_CONTEXT('2D SPACE',''
  ) );
#8819 = ORIENTED_EDGE('',*,*,#8820,.F.);
#8820 = EDGE_CURVE('',#8821,#8793,#8823,.T.);
#8821 = VERTEX_POINT('',#8822);
#8822 = CARTESIAN_POINT('',(80.6,32.3,105.4));
#8823 = SURFACE_CURVE('',#8824,(#8828,#8834),.PCURVE_S1.);
#8824 = LINE('',#8825,#8826);
#8825 = CARTESIAN_POINT('',(8.25,32.3,105.4));
#8826 = VECTOR('',#8827,1.);
#8827 = DIRECTION('',(-1.,0.,0.));
#8828 = PCURVE('',#2104,#8829);
#8829 = DEFINITIONAL_REPRESENTATION('',(#8830),#8833);
#8830 = B_SPLINE_CURVE_WITH_KNOTS('',1,(#8831,#8832),.UNSPECIFIED.,.F.,
  .F.,(2,2),(-72.35,-66.75),.PIECEWISE_BEZIER_KNOTS.);
#8831 = CARTESIAN_POINT('',(139.1,90.8));
#8832 = CARTESIAN_POINT('',(133.5,90.8));
#8833 = ( GEOMETRIC_REPRESENTATION_CONTEXT(2) 
PARAMETRIC_REPRESENTATION_CONTEXT() REPRESENTATION_CONTEXT('2D SPACE',''
  ) );
#8834 = PCURVE('',#8835,#8840);
#8835 = PLANE('',#8836);
#8836 = AXIS2_PLACEMENT_3D('',#8837,#8838,#8839);
#8837 = CARTESIAN_POINT('',(75.,32.3,102.5));
#8838 = DIRECTION('',(0.,1.,0.));
#8839 = DIRECTION('',(0.,0.,1.));
#8840 = DEFINITIONAL_REPRESENTATION('',(#8841),#8844);
#8841 = B_SPLINE_CURVE_WITH_KNOTS('',1,(#8842,#8843),.UNSPECIFIED.,.F.,
  .F.,(2,2),(-72.35,-66.75),.PIECEWISE_BEZIER_KNOTS.);
#8842 = CARTESIAN_POINT('',(2.9,5.6));
#8843 = CARTESIAN_POINT('',(2.9,0.));
#8844 = ( GEOMETRIC_REPRESENTATION_CONTEXT(2) 
PARAMETRIC_REPRESENTATION_CONTEXT() REPRESENTATION_CONTEXT('2D SPACE',''
  ) );
#8845 = ORIENTED_EDGE('',*,*,#8846,.F.);
#8846 = EDGE_CURVE('',#8847,#8821,#8849,.T.);
#8847 = VERTEX_POINT('',#8848);
#8848 = CARTESIAN_POINT('',(80.6,17.7,105.4));
#8849 = SURFACE_CURVE('',#8850,(#8854,#8860),.PCURVE_S1.);
#8850 = LINE('',#8851,#8852);
#8851 = CARTESIAN_POINT('',(80.6,-20.4,105.4));
#8852 = VECTOR('',#8853,1.);
#8853 = DIRECTION('',(0.,1.,0.));
#8854 = PCURVE('',#2104,#8855);
#8855 = DEFINITIONAL_REPRESENTATION('',(#8856),#8859);
#8856 = B_SPLINE_CURVE_WITH_KNOTS('',1,(#8857,#8858),.UNSPECIFIED.,.F.,
  .F.,(2,2),(38.1,52.7),.PIECEWISE_BEZIER_KNOTS.);
#8857 = CARTESIAN_POINT('',(139.1,76.2));
#8858 = CARTESIAN_POINT('',(139.1,90.8));
#8859 = ( GEOMETRIC_REPRESENTATION_CONTEXT(2) 
PARAMETRIC_REPRESENTATION_CONTEXT() REPRESENTATION_CONTEXT('2D SPACE',''
  ) );
#8860 = PCURVE('',#8861,#8866);
#8861 = PLANE('',#8862);
#8862 = AXIS2_PLACEMENT_3D('',#8863,#8864,#8865);
#8863 = CARTESIAN_POINT('',(80.6,17.7,102.5));
#8864 = DIRECTION('',(1.,0.,0.));
#8865 = DIRECTION('',(0.,0.,1.));
#8866 = DEFINITIONAL_REPRESENTATION('',(#8867),#8870);
#8867 = B_SPLINE_CURVE_WITH_KNOTS('',1,(#8868,#8869),.UNSPECIFIED.,.F.,
  .F.,(2,2),(38.1,52.7),.PIECEWISE_BEZIER_KNOTS.);
#8868 = CARTESIAN_POINT('',(2.9,0.));
#8869 = CARTESIAN_POINT('',(2.9,-14.6));
#8870 = ( GEOMETRIC_REPRESENTATION_CONTEXT(2) 
PARAMETRIC_REPRESENTATION_CONTEXT() REPRESENTATION_CONTEXT('2D SPACE',''
  ) );
#8871 = ORIENTED_EDGE('',*,*,#8872,.T.);
#8872 = EDGE_CURVE('',#8847,#8873,#8875,.T.);
#8873 = VERTEX_POINT('',#8874);
#8874 = CARTESIAN_POINT('',(77.5,17.7,105.4));
#8875 = SURFACE_CURVE('',#8876,(#8880,#8886),.PCURVE_S1.);
#8876 = LINE('',#8877,#8878);
#8877 = CARTESIAN_POINT('',(8.25,17.7,105.4));
#8878 = VECTOR('',#8879,1.);
#8879 = DIRECTION('',(-1.,0.,0.));
#8880 = PCURVE('',#2104,#8881);
#8881 = DEFINITIONAL_REPRESENTATION('',(#8882),#8885);
#8882 = B_SPLINE_CURVE_WITH_KNOTS('',1,(#8883,#8884),.UNSPECIFIED.,.F.,
  .F.,(2,2),(-72.35,-66.75),.PIECEWISE_BEZIER_KNOTS.);
#8883 = CARTESIAN_POINT('',(139.1,76.2));
#8884 = CARTESIAN_POINT('',(133.5,76.2));
#8885 = ( GEOMETRIC_REPRESENTATION_CONTEXT(2) 
PARAMETRIC_REPRESENTATION_CONTEXT() REPRESENTATION_CONTEXT('2D SPACE',''
  ) );
#8886 = PCURVE('',#8887,#8892);
#8887 = PLANE('',#8888);
#8888 = AXIS2_PLACEMENT_3D('',#8889,#8890,#8891);
#8889 = CARTESIAN_POINT('',(75.,17.7,102.5));
#8890 = DIRECTION('',(0.,1.,0.));
#8891 = DIRECTION('',(0.,0.,1.));
#8892 = DEFINITIONAL_REPRESENTATION('',(#8893),#8896);
#8893 = B_SPLINE_CURVE_WITH_KNOTS('',1,(#8894,#8895),.UNSPECIFIED.,.F.,
  .F.,(2,2),(-72.35,-66.75),.PIECEWISE_BEZIER_KNOTS.);
#8894 = CARTESIAN_POINT('',(2.9,5.6));
#8895 = CARTESIAN_POINT('',(2.9,0.));
#8896 = ( GEOMETRIC_REPRESENTATION_CONTEXT(2) 
PARAMETRIC_REPRESENTATION_CONTEXT() REPRESENTATION_CONTEXT('2D SPACE',''
  ) );
#8897 = ORIENTED_EDGE('',*,*,#8898,.F.);
#8898 = EDGE_CURVE('',#8899,#8873,#8901,.T.);
#8899 = VERTEX_POINT('',#8900);
#8900 = CARTESIAN_POINT('',(77.5,15.152669211195,105.4));
#8901 = SURFACE_CURVE('',#8902,(#8906,#8913),.PCURVE_S1.);
#8902 = LINE('',#8903,#8904);
#8903 = CARTESIAN_POINT('',(77.5,-66.,105.4));
#8904 = VECTOR('',#8905,1.);
#8905 = DIRECTION('',(0.,1.,0.));
#8906 = PCURVE('',#2104,#8907);
#8907 = DEFINITIONAL_REPRESENTATION('',(#8908),#8912);
#8908 = LINE('',#8909,#8910);
#8909 = CARTESIAN_POINT('',(136.,-7.5));
#8910 = VECTOR('',#8911,1.);
#8911 = DIRECTION('',(0.,1.));
#8912 = ( GEOMETRIC_REPRESENTATION_CONTEXT(2) 
PARAMETRIC_REPRESENTATION_CONTEXT() REPRESENTATION_CONTEXT('2D SPACE',''
  ) );
#8913 = PCURVE('',#8808,#8914);
#8914 = DEFINITIONAL_REPRESENTATION('',(#8915),#8919);
#8915 = LINE('',#8916,#8917);
#8916 = CARTESIAN_POINT('',(0.,0.));
#8917 = VECTOR('',#8918,1.);
#8918 = DIRECTION('',(0.,-1.));
#8919 = ( GEOMETRIC_REPRESENTATION_CONTEXT(2) 
PARAMETRIC_REPRESENTATION_CONTEXT() REPRESENTATION_CONTEXT('2D SPACE',''
  ) );
#8920 = ORIENTED_EDGE('',*,*,#8921,.T.);
#8921 = EDGE_CURVE('',#8899,#8922,#8924,.T.);
#8922 = VERTEX_POINT('',#8923);
#8923 = CARTESIAN_POINT('',(77.5,4.847330788805,105.4));
#8924 = SURFACE_CURVE('',#8925,(#8930,#8937),.PCURVE_S1.);
#8925 = CIRCLE('',#8926,5.2);
#8926 = AXIS2_PLACEMENT_3D('',#8927,#8928,#8929);
#8927 = CARTESIAN_POINT('',(76.8,10.,105.4));
#8928 = DIRECTION('',(0.,0.,1.));
#8929 = DIRECTION('',(1.,0.,0.));
#8930 = PCURVE('',#2104,#8931);
#8931 = DEFINITIONAL_REPRESENTATION('',(#8932),#8936);
#8932 = CIRCLE('',#8933,5.2);
#8933 = AXIS2_PLACEMENT_2D('',#8934,#8935);
#8934 = CARTESIAN_POINT('',(135.3,68.5));
#8935 = DIRECTION('',(1.,0.));
#8936 = ( GEOMETRIC_REPRESENTATION_CONTEXT(2) 
PARAMETRIC_REPRESENTATION_CONTEXT() REPRESENTATION_CONTEXT('2D SPACE',''
  ) );
#8937 = PCURVE('',#8938,#8943);
#8938 = CYLINDRICAL_SURFACE('',#8939,5.2);
#8939 = AXIS2_PLACEMENT_3D('',#8940,#8941,#8942);
#8940 = CARTESIAN_POINT('',(76.8,10.,105.4));
#8941 = DIRECTION('',(-0.,-0.,-1.));
#8942 = DIRECTION('',(1.,0.,0.));
#8943 = DEFINITIONAL_REPRESENTATION('',(#8944),#8948);
#8944 = LINE('',#8945,#8946);
#8945 = CARTESIAN_POINT('',(-0.,0.));
#8946 = VECTOR('',#8947,1.);
#8947 = DIRECTION('',(-1.,0.));
#8948 = ( GEOMETRIC_REPRESENTATION_CONTEXT(2) 
PARAMETRIC_REPRESENTATION_CONTEXT() REPRESENTATION_CONTEXT('2D SPACE',''
  ) );
#8949 = ORIENTED_EDGE('',*,*,#8950,.F.);
#8950 = EDGE_CURVE('',#8951,#8922,#8953,.T.);
#8951 = VERTEX_POINT('',#8952);
#8952 = CARTESIAN_POINT('',(77.5,-44.8473307888,105.4));
#8953 = SURFACE_CURVE('',#8954,(#8958,#8965),.PCURVE_S1.);
#8954 = LINE('',#8955,#8956);
#8955 = CARTESIAN_POINT('',(77.5,-66.,105.4));
#8956 = VECTOR('',#8957,1.);
#8957 = DIRECTION('',(0.,1.,0.));
#8958 = PCURVE('',#2104,#8959);
#8959 = DEFINITIONAL_REPRESENTATION('',(#8960),#8964);
#8960 = LINE('',#8961,#8962);
#8961 = CARTESIAN_POINT('',(136.,-7.5));
#8962 = VECTOR('',#8963,1.);
#8963 = DIRECTION('',(0.,1.));
#8964 = ( GEOMETRIC_REPRESENTATION_CONTEXT(2) 
PARAMETRIC_REPRESENTATION_CONTEXT() REPRESENTATION_CONTEXT('2D SPACE',''
  ) );
#8965 = PCURVE('',#8966,#8971);
#8966 = PLANE('',#8967);
#8967 = AXIS2_PLACEMENT_3D('',#8968,#8969,#8970);
#8968 = CARTESIAN_POINT('',(77.5,-66.,105.4));
#8969 = DIRECTION('',(1.,0.,0.));
#8970 = DIRECTION('',(0.,0.,1.));
#8971 = DEFINITIONAL_REPRESENTATION('',(#8972),#8976);
#8972 = LINE('',#8973,#8974);
#8973 = CARTESIAN_POINT('',(0.,0.));
#8974 = VECTOR('',#8975,1.);
#8975 = DIRECTION('',(0.,-1.));
#8976 = ( GEOMETRIC_REPRESENTATION_CONTEXT(2) 
PARAMETRIC_REPRESENTATION_CONTEXT() REPRESENTATION_CONTEXT('2D SPACE',''
  ) );
#8977 = ORIENTED_EDGE('',*,*,#8978,.T.);
#8978 = EDGE_CURVE('',#8951,#8979,#8981,.T.);
#8979 = VERTEX_POINT('',#8980);
#8980 = CARTESIAN_POINT('',(77.5,-55.15266921119,105.4));
#8981 = SURFACE_CURVE('',#8982,(#8987,#8994),.PCURVE_S1.);
#8982 = CIRCLE('',#8983,5.2);
#8983 = AXIS2_PLACEMENT_3D('',#8984,#8985,#8986);
#8984 = CARTESIAN_POINT('',(76.8,-50.,105.4));
#8985 = DIRECTION('',(0.,0.,1.));
#8986 = DIRECTION('',(1.,0.,0.));
#8987 = PCURVE('',#2104,#8988);
#8988 = DEFINITIONAL_REPRESENTATION('',(#8989),#8993);
#8989 = CIRCLE('',#8990,5.2);
#8990 = AXIS2_PLACEMENT_2D('',#8991,#8992);
#8991 = CARTESIAN_POINT('',(135.3,8.5));
#8992 = DIRECTION('',(1.,0.));
#8993 = ( GEOMETRIC_REPRESENTATION_CONTEXT(2) 
PARAMETRIC_REPRESENTATION_CONTEXT() REPRESENTATION_CONTEXT('2D SPACE',''
  ) );
#8994 = PCURVE('',#8995,#9000);
#8995 = CYLINDRICAL_SURFACE('',#8996,5.2);
#8996 = AXIS2_PLACEMENT_3D('',#8997,#8998,#8999);
#8997 = CARTESIAN_POINT('',(76.8,-50.,105.4));
#8998 = DIRECTION('',(-0.,-0.,-1.));
#8999 = DIRECTION('',(1.,0.,0.));
#9000 = DEFINITIONAL_REPRESENTATION('',(#9001),#9005);
#9001 = LINE('',#9002,#9003);
#9002 = CARTESIAN_POINT('',(-0.,0.));
#9003 = VECTOR('',#9004,1.);
#9004 = DIRECTION('',(-1.,0.));
#9005 = ( GEOMETRIC_REPRESENTATION_CONTEXT(2) 
PARAMETRIC_REPRESENTATION_CONTEXT() REPRESENTATION_CONTEXT('2D SPACE',''
  ) );
#9006 = ORIENTED_EDGE('',*,*,#9007,.F.);
#9007 = EDGE_CURVE('',#9008,#8979,#9010,.T.);
#9008 = VERTEX_POINT('',#9009);
#9009 = CARTESIAN_POINT('',(77.5,-66.,105.4));
#9010 = SURFACE_CURVE('',#9011,(#9015,#9022),.PCURVE_S1.);
#9011 = LINE('',#9012,#9013);
#9012 = CARTESIAN_POINT('',(77.5,-66.,105.4));
#9013 = VECTOR('',#9014,1.);
#9014 = DIRECTION('',(0.,1.,0.));
#9015 = PCURVE('',#2104,#9016);
#9016 = DEFINITIONAL_REPRESENTATION('',(#9017),#9021);
#9017 = LINE('',#9018,#9019);
#9018 = CARTESIAN_POINT('',(136.,-7.5));
#9019 = VECTOR('',#9020,1.);
#9020 = DIRECTION('',(0.,1.));
#9021 = ( GEOMETRIC_REPRESENTATION_CONTEXT(2) 
PARAMETRIC_REPRESENTATION_CONTEXT() REPRESENTATION_CONTEXT('2D SPACE',''
  ) );
#9022 = PCURVE('',#9023,#9028);
#9023 = PLANE('',#9024);
#9024 = AXIS2_PLACEMENT_3D('',#9025,#9026,#9027);
#9025 = CARTESIAN_POINT('',(77.5,-66.,105.4));
#9026 = DIRECTION('',(1.,0.,0.));
#9027 = DIRECTION('',(0.,0.,1.));
#9028 = DEFINITIONAL_REPRESENTATION('',(#9029),#9033);
#9029 = LINE('',#9030,#9031);
#9030 = CARTESIAN_POINT('',(0.,0.));
#9031 = VECTOR('',#9032,1.);
#9032 = DIRECTION('',(0.,-1.));
#9033 = ( GEOMETRIC_REPRESENTATION_CONTEXT(2) 
PARAMETRIC_REPRESENTATION_CONTEXT() REPRESENTATION_CONTEXT('2D SPACE',''
  ) );
#9034 = ORIENTED_EDGE('',*,*,#9035,.T.);
#9035 = EDGE_CURVE('',#9008,#5829,#9036,.T.);
#9036 = SURFACE_CURVE('',#9037,(#9041,#9048),.PCURVE_S1.);
#9037 = LINE('',#9038,#9039);
#9038 = CARTESIAN_POINT('',(77.5,-66.,105.4));
#9039 = VECTOR('',#9040,1.);
#9040 = DIRECTION('',(1.,0.,0.));
#9041 = PCURVE('',#2104,#9042);
#9042 = DEFINITIONAL_REPRESENTATION('',(#9043),#9047);
#9043 = LINE('',#9044,#9045);
#9044 = CARTESIAN_POINT('',(136.,-7.5));
#9045 = VECTOR('',#9046,1.);
#9046 = DIRECTION('',(1.,0.));
#9047 = ( GEOMETRIC_REPRESENTATION_CONTEXT(2) 
PARAMETRIC_REPRESENTATION_CONTEXT() REPRESENTATION_CONTEXT('2D SPACE',''
  ) );
#9048 = PCURVE('',#5843,#9049);
#9049 = DEFINITIONAL_REPRESENTATION('',(#9050),#9054);
#9050 = LINE('',#9051,#9052);
#9051 = CARTESIAN_POINT('',(0.,0.));
#9052 = VECTOR('',#9053,1.);
#9053 = DIRECTION('',(0.,1.));
#9054 = ( GEOMETRIC_REPRESENTATION_CONTEXT(2) 
PARAMETRIC_REPRESENTATION_CONTEXT() REPRESENTATION_CONTEXT('2D SPACE',''
  ) );
#9055 = ORIENTED_EDGE('',*,*,#5854,.T.);
#9056 = ORIENTED_EDGE('',*,*,#9057,.T.);
#9057 = EDGE_CURVE('',#5855,#9058,#9060,.T.);
#9058 = VERTEX_POINT('',#9059);
#9059 = CARTESIAN_POINT('',(66.,-77.5,105.4));
#9060 = SURFACE_CURVE('',#9061,(#9065,#9072),.PCURVE_S1.);
#9061 = LINE('',#9062,#9063);
#9062 = CARTESIAN_POINT('',(66.,-82.5,105.4));
#9063 = VECTOR('',#9064,1.);
#9064 = DIRECTION('',(0.,1.,0.));
#9065 = PCURVE('',#2104,#9066);
#9066 = DEFINITIONAL_REPRESENTATION('',(#9067),#9071);
#9067 = LINE('',#9068,#9069);
#9068 = CARTESIAN_POINT('',(124.5,-24.));
#9069 = VECTOR('',#9070,1.);
#9070 = DIRECTION('',(0.,1.));
#9071 = ( GEOMETRIC_REPRESENTATION_CONTEXT(2) 
PARAMETRIC_REPRESENTATION_CONTEXT() REPRESENTATION_CONTEXT('2D SPACE',''
  ) );
#9072 = PCURVE('',#5897,#9073);
#9073 = DEFINITIONAL_REPRESENTATION('',(#9074),#9078);
#9074 = LINE('',#9075,#9076);
#9075 = CARTESIAN_POINT('',(0.,0.));
#9076 = VECTOR('',#9077,1.);
#9077 = DIRECTION('',(0.,-1.));
#9078 = ( GEOMETRIC_REPRESENTATION_CONTEXT(2) 
PARAMETRIC_REPRESENTATION_CONTEXT() REPRESENTATION_CONTEXT('2D SPACE',''
  ) );
#9079 = ORIENTED_EDGE('',*,*,#9080,.F.);
#9080 = EDGE_CURVE('',#9081,#9058,#9083,.T.);
#9081 = VERTEX_POINT('',#9082);
#9082 = CARTESIAN_POINT('',(65.,-77.5,105.4));
#9083 = SURFACE_CURVE('',#9084,(#9088,#9095),.PCURVE_S1.);
#9084 = LINE('',#9085,#9086);
#9085 = CARTESIAN_POINT('',(-66.,-77.5,105.4));
#9086 = VECTOR('',#9087,1.);
#9087 = DIRECTION('',(1.,0.,0.));
#9088 = PCURVE('',#2104,#9089);
#9089 = DEFINITIONAL_REPRESENTATION('',(#9090),#9094);
#9090 = LINE('',#9091,#9092);
#9091 = CARTESIAN_POINT('',(-7.5,-19.));
#9092 = VECTOR('',#9093,1.);
#9093 = DIRECTION('',(1.,0.));
#9094 = ( GEOMETRIC_REPRESENTATION_CONTEXT(2) 
PARAMETRIC_REPRESENTATION_CONTEXT() REPRESENTATION_CONTEXT('2D SPACE',''
  ) );
#9095 = PCURVE('',#9096,#9101);
#9096 = PLANE('',#9097);
#9097 = AXIS2_PLACEMENT_3D('',#9098,#9099,#9100);
#9098 = CARTESIAN_POINT('',(-66.,-77.5,105.4));
#9099 = DIRECTION('',(0.,1.,0.));
#9100 = DIRECTION('',(0.,0.,1.));
#9101 = DEFINITIONAL_REPRESENTATION('',(#9102),#9106);
#9102 = LINE('',#9103,#9104);
#9103 = CARTESIAN_POINT('',(0.,0.));
#9104 = VECTOR('',#9105,1.);
#9105 = DIRECTION('',(0.,1.));
#9106 = ( GEOMETRIC_REPRESENTATION_CONTEXT(2) 
PARAMETRIC_REPRESENTATION_CONTEXT() REPRESENTATION_CONTEXT('2D SPACE',''
  ) );
#9107 = ORIENTED_EDGE('',*,*,#9108,.T.);
#9108 = EDGE_CURVE('',#9081,#9109,#9111,.T.);
#9109 = VERTEX_POINT('',#9110);
#9110 = CARTESIAN_POINT('',(65.,-72.,105.4));
#9111 = SURFACE_CURVE('',#9112,(#9116,#9123),.PCURVE_S1.);
#9112 = LINE('',#9113,#9114);
#9113 = CARTESIAN_POINT('',(65.,-80.,105.4));
#9114 = VECTOR('',#9115,1.);
#9115 = DIRECTION('',(0.,1.,0.));
#9116 = PCURVE('',#2104,#9117);
#9117 = DEFINITIONAL_REPRESENTATION('',(#9118),#9122);
#9118 = LINE('',#9119,#9120);
#9119 = CARTESIAN_POINT('',(123.5,-21.5));
#9120 = VECTOR('',#9121,1.);
#9121 = DIRECTION('',(0.,1.));
#9122 = ( GEOMETRIC_REPRESENTATION_CONTEXT(2) 
PARAMETRIC_REPRESENTATION_CONTEXT() REPRESENTATION_CONTEXT('2D SPACE',''
  ) );
#9123 = PCURVE('',#5956,#9124);
#9124 = DEFINITIONAL_REPRESENTATION('',(#9125),#9129);
#9125 = LINE('',#9126,#9127);
#9126 = CARTESIAN_POINT('',(0.,0.));
#9127 = VECTOR('',#9128,1.);
#9128 = DIRECTION('',(0.,-1.));
#9129 = ( GEOMETRIC_REPRESENTATION_CONTEXT(2) 
PARAMETRIC_REPRESENTATION_CONTEXT() REPRESENTATION_CONTEXT('2D SPACE',''
  ) );
#9130 = ORIENTED_EDGE('',*,*,#9131,.F.);
#9131 = EDGE_CURVE('',#9132,#9109,#9134,.T.);
#9132 = VERTEX_POINT('',#9133);
#9133 = CARTESIAN_POINT('',(57.,-72.,105.4));
#9134 = SURFACE_CURVE('',#9135,(#9139,#9146),.PCURVE_S1.);
#9135 = LINE('',#9136,#9137);
#9136 = CARTESIAN_POINT('',(57.,-72.,105.4));
#9137 = VECTOR('',#9138,1.);
#9138 = DIRECTION('',(1.,0.,0.));
#9139 = PCURVE('',#2104,#9140);
#9140 = DEFINITIONAL_REPRESENTATION('',(#9141),#9145);
#9141 = LINE('',#9142,#9143);
#9142 = CARTESIAN_POINT('',(115.5,-13.5));
#9143 = VECTOR('',#9144,1.);
#9144 = DIRECTION('',(1.,0.));
#9145 = ( GEOMETRIC_REPRESENTATION_CONTEXT(2) 
PARAMETRIC_REPRESENTATION_CONTEXT() REPRESENTATION_CONTEXT('2D SPACE',''
  ) );
#9146 = PCURVE('',#9147,#9152);
#9147 = PLANE('',#9148);
#9148 = AXIS2_PLACEMENT_3D('',#9149,#9150,#9151);
#9149 = CARTESIAN_POINT('',(57.,-72.,105.4));
#9150 = DIRECTION('',(0.,1.,0.));
#9151 = DIRECTION('',(0.,0.,1.));
#9152 = DEFINITIONAL_REPRESENTATION('',(#9153),#9157);
#9153 = LINE('',#9154,#9155);
#9154 = CARTESIAN_POINT('',(0.,0.));
#9155 = VECTOR('',#9156,1.);
#9156 = DIRECTION('',(0.,1.));
#9157 = ( GEOMETRIC_REPRESENTATION_CONTEXT(2) 
PARAMETRIC_REPRESENTATION_CONTEXT() REPRESENTATION_CONTEXT('2D SPACE',''
  ) );
#9158 = ORIENTED_EDGE('',*,*,#9159,.F.);
#9159 = EDGE_CURVE('',#9160,#9132,#9162,.T.);
#9160 = VERTEX_POINT('',#9161);
#9161 = CARTESIAN_POINT('',(57.,-77.5,105.4));
#9162 = SURFACE_CURVE('',#9163,(#9167,#9174),.PCURVE_S1.);
#9163 = LINE('',#9164,#9165);
#9164 = CARTESIAN_POINT('',(57.,-80.,105.4));
#9165 = VECTOR('',#9166,1.);
#9166 = DIRECTION('',(0.,1.,0.));
#9167 = PCURVE('',#2104,#9168);
#9168 = DEFINITIONAL_REPRESENTATION('',(#9169),#9173);
#9169 = LINE('',#9170,#9171);
#9170 = CARTESIAN_POINT('',(115.5,-21.5));
#9171 = VECTOR('',#9172,1.);
#9172 = DIRECTION('',(0.,1.));
#9173 = ( GEOMETRIC_REPRESENTATION_CONTEXT(2) 
PARAMETRIC_REPRESENTATION_CONTEXT() REPRESENTATION_CONTEXT('2D SPACE',''
  ) );
#9174 = PCURVE('',#5210,#9175);
#9175 = DEFINITIONAL_REPRESENTATION('',(#9176),#9180);
#9176 = LINE('',#9177,#9178);
#9177 = CARTESIAN_POINT('',(0.,0.));
#9178 = VECTOR('',#9179,1.);
#9179 = DIRECTION('',(0.,-1.));
#9180 = ( GEOMETRIC_REPRESENTATION_CONTEXT(2) 
PARAMETRIC_REPRESENTATION_CONTEXT() REPRESENTATION_CONTEXT('2D SPACE',''
  ) );
#9181 = ORIENTED_EDGE('',*,*,#9182,.F.);
#9182 = EDGE_CURVE('',#9183,#9160,#9185,.T.);
#9183 = VERTEX_POINT('',#9184);
#9184 = CARTESIAN_POINT('',(9.3,-77.5,105.4));
#9185 = SURFACE_CURVE('',#9186,(#9190,#9197),.PCURVE_S1.);
#9186 = LINE('',#9187,#9188);
#9187 = CARTESIAN_POINT('',(-66.,-77.5,105.4));
#9188 = VECTOR('',#9189,1.);
#9189 = DIRECTION('',(1.,0.,0.));
#9190 = PCURVE('',#2104,#9191);
#9191 = DEFINITIONAL_REPRESENTATION('',(#9192),#9196);
#9192 = LINE('',#9193,#9194);
#9193 = CARTESIAN_POINT('',(-7.5,-19.));
#9194 = VECTOR('',#9195,1.);
#9195 = DIRECTION('',(1.,0.));
#9196 = ( GEOMETRIC_REPRESENTATION_CONTEXT(2) 
PARAMETRIC_REPRESENTATION_CONTEXT() REPRESENTATION_CONTEXT('2D SPACE',''
  ) );
#9197 = PCURVE('',#9198,#9203);
#9198 = PLANE('',#9199);
#9199 = AXIS2_PLACEMENT_3D('',#9200,#9201,#9202);
#9200 = CARTESIAN_POINT('',(-66.,-77.5,105.4));
#9201 = DIRECTION('',(0.,1.,0.));
#9202 = DIRECTION('',(0.,0.,1.));
#9203 = DEFINITIONAL_REPRESENTATION('',(#9204),#9208);
#9204 = LINE('',#9205,#9206);
#9205 = CARTESIAN_POINT('',(0.,0.));
#9206 = VECTOR('',#9207,1.);
#9207 = DIRECTION('',(0.,1.));
#9208 = ( GEOMETRIC_REPRESENTATION_CONTEXT(2) 
PARAMETRIC_REPRESENTATION_CONTEXT() REPRESENTATION_CONTEXT('2D SPACE',''
  ) );
#9209 = ORIENTED_EDGE('',*,*,#9210,.F.);
#9210 = EDGE_CURVE('',#9211,#9183,#9213,.T.);
#9211 = VERTEX_POINT('',#9212);
#9212 = CARTESIAN_POINT('',(9.3,-80.6,105.4));
#9213 = SURFACE_CURVE('',#9214,(#9218,#9224),.PCURVE_S1.);
#9214 = LINE('',#9215,#9216);
#9215 = CARTESIAN_POINT('',(9.3,-69.55,105.4));
#9216 = VECTOR('',#9217,1.);
#9217 = DIRECTION('',(0.,1.,0.));
#9218 = PCURVE('',#2104,#9219);
#9219 = DEFINITIONAL_REPRESENTATION('',(#9220),#9223);
#9220 = B_SPLINE_CURVE_WITH_KNOTS('',1,(#9221,#9222),.UNSPECIFIED.,.F.,
  .F.,(2,2),(-11.05,-5.45),.PIECEWISE_BEZIER_KNOTS.);
#9221 = CARTESIAN_POINT('',(67.8,-22.1));
#9222 = CARTESIAN_POINT('',(67.8,-16.5));
#9223 = ( GEOMETRIC_REPRESENTATION_CONTEXT(2) 
PARAMETRIC_REPRESENTATION_CONTEXT() REPRESENTATION_CONTEXT('2D SPACE',''
  ) );
#9224 = PCURVE('',#9225,#9230);
#9225 = PLANE('',#9226);
#9226 = AXIS2_PLACEMENT_3D('',#9227,#9228,#9229);
#9227 = CARTESIAN_POINT('',(9.3,-80.6,102.5));
#9228 = DIRECTION('',(1.,0.,0.));
#9229 = DIRECTION('',(0.,0.,1.));
#9230 = DEFINITIONAL_REPRESENTATION('',(#9231),#9234);
#9231 = B_SPLINE_CURVE_WITH_KNOTS('',1,(#9232,#9233),.UNSPECIFIED.,.F.,
  .F.,(2,2),(-11.05,-5.45),.PIECEWISE_BEZIER_KNOTS.);
#9232 = CARTESIAN_POINT('',(2.9,0.));
#9233 = CARTESIAN_POINT('',(2.9,-5.6));
#9234 = ( GEOMETRIC_REPRESENTATION_CONTEXT(2) 
PARAMETRIC_REPRESENTATION_CONTEXT() REPRESENTATION_CONTEXT('2D SPACE',''
  ) );
#9235 = ORIENTED_EDGE('',*,*,#9236,.T.);
#9236 = EDGE_CURVE('',#9211,#9237,#9239,.T.);
#9237 = VERTEX_POINT('',#9238);
#9238 = CARTESIAN_POINT('',(-9.3,-80.6,105.4));
#9239 = SURFACE_CURVE('',#9240,(#9244,#9250),.PCURVE_S1.);
#9240 = LINE('',#9241,#9242);
#9241 = CARTESIAN_POINT('',(-33.9,-80.6,105.4));
#9242 = VECTOR('',#9243,1.);
#9243 = DIRECTION('',(-1.,0.,0.));
#9244 = PCURVE('',#2104,#9245);
#9245 = DEFINITIONAL_REPRESENTATION('',(#9246),#9249);
#9246 = B_SPLINE_CURVE_WITH_KNOTS('',1,(#9247,#9248),.UNSPECIFIED.,.F.,
  .F.,(2,2),(-43.2,-24.6),.PIECEWISE_BEZIER_KNOTS.);
#9247 = CARTESIAN_POINT('',(67.8,-22.1));
#9248 = CARTESIAN_POINT('',(49.2,-22.1));
#9249 = ( GEOMETRIC_REPRESENTATION_CONTEXT(2) 
PARAMETRIC_REPRESENTATION_CONTEXT() REPRESENTATION_CONTEXT('2D SPACE',''
  ) );
#9250 = PCURVE('',#9251,#9256);
#9251 = PLANE('',#9252);
#9252 = AXIS2_PLACEMENT_3D('',#9253,#9254,#9255);
#9253 = CARTESIAN_POINT('',(-9.3,-80.6,102.5));
#9254 = DIRECTION('',(0.,1.,0.));
#9255 = DIRECTION('',(0.,0.,1.));
#9256 = DEFINITIONAL_REPRESENTATION('',(#9257),#9260);
#9257 = B_SPLINE_CURVE_WITH_KNOTS('',1,(#9258,#9259),.UNSPECIFIED.,.F.,
  .F.,(2,2),(-43.2,-24.6),.PIECEWISE_BEZIER_KNOTS.);
#9258 = CARTESIAN_POINT('',(2.9,18.6));
#9259 = CARTESIAN_POINT('',(2.9,0.));
#9260 = ( GEOMETRIC_REPRESENTATION_CONTEXT(2) 
PARAMETRIC_REPRESENTATION_CONTEXT() REPRESENTATION_CONTEXT('2D SPACE',''
  ) );
#9261 = ORIENTED_EDGE('',*,*,#9262,.T.);
#9262 = EDGE_CURVE('',#9237,#9263,#9265,.T.);
#9263 = VERTEX_POINT('',#9264);
#9264 = CARTESIAN_POINT('',(-9.3,-77.5,105.4));
#9265 = SURFACE_CURVE('',#9266,(#9270,#9276),.PCURVE_S1.);
#9266 = LINE('',#9267,#9268);
#9267 = CARTESIAN_POINT('',(-9.3,-69.55,105.4));
#9268 = VECTOR('',#9269,1.);
#9269 = DIRECTION('',(0.,1.,0.));
#9270 = PCURVE('',#2104,#9271);
#9271 = DEFINITIONAL_REPRESENTATION('',(#9272),#9275);
#9272 = B_SPLINE_CURVE_WITH_KNOTS('',1,(#9273,#9274),.UNSPECIFIED.,.F.,
  .F.,(2,2),(-11.05,-5.45),.PIECEWISE_BEZIER_KNOTS.);
#9273 = CARTESIAN_POINT('',(49.2,-22.1));
#9274 = CARTESIAN_POINT('',(49.2,-16.5));
#9275 = ( GEOMETRIC_REPRESENTATION_CONTEXT(2) 
PARAMETRIC_REPRESENTATION_CONTEXT() REPRESENTATION_CONTEXT('2D SPACE',''
  ) );
#9276 = PCURVE('',#9277,#9282);
#9277 = PLANE('',#9278);
#9278 = AXIS2_PLACEMENT_3D('',#9279,#9280,#9281);
#9279 = CARTESIAN_POINT('',(-9.3,-80.6,102.5));
#9280 = DIRECTION('',(1.,0.,0.));
#9281 = DIRECTION('',(0.,0.,1.));
#9282 = DEFINITIONAL_REPRESENTATION('',(#9283),#9286);
#9283 = B_SPLINE_CURVE_WITH_KNOTS('',1,(#9284,#9285),.UNSPECIFIED.,.F.,
  .F.,(2,2),(-11.05,-5.45),.PIECEWISE_BEZIER_KNOTS.);
#9284 = CARTESIAN_POINT('',(2.9,0.));
#9285 = CARTESIAN_POINT('',(2.9,-5.6));
#9286 = ( GEOMETRIC_REPRESENTATION_CONTEXT(2) 
PARAMETRIC_REPRESENTATION_CONTEXT() REPRESENTATION_CONTEXT('2D SPACE',''
  ) );
#9287 = ORIENTED_EDGE('',*,*,#9288,.F.);
#9288 = EDGE_CURVE('',#9289,#9263,#9291,.T.);
#9289 = VERTEX_POINT('',#9290);
#9290 = CARTESIAN_POINT('',(-57.,-77.5,105.4));
#9291 = SURFACE_CURVE('',#9292,(#9296,#9303),.PCURVE_S1.);
#9292 = LINE('',#9293,#9294);
#9293 = CARTESIAN_POINT('',(-66.,-77.5,105.4));
#9294 = VECTOR('',#9295,1.);
#9295 = DIRECTION('',(1.,0.,0.));
#9296 = PCURVE('',#2104,#9297);
#9297 = DEFINITIONAL_REPRESENTATION('',(#9298),#9302);
#9298 = LINE('',#9299,#9300);
#9299 = CARTESIAN_POINT('',(-7.5,-19.));
#9300 = VECTOR('',#9301,1.);
#9301 = DIRECTION('',(1.,0.));
#9302 = ( GEOMETRIC_REPRESENTATION_CONTEXT(2) 
PARAMETRIC_REPRESENTATION_CONTEXT() REPRESENTATION_CONTEXT('2D SPACE',''
  ) );
#9303 = PCURVE('',#9198,#9304);
#9304 = DEFINITIONAL_REPRESENTATION('',(#9305),#9309);
#9305 = LINE('',#9306,#9307);
#9306 = CARTESIAN_POINT('',(0.,0.));
#9307 = VECTOR('',#9308,1.);
#9308 = DIRECTION('',(0.,1.));
#9309 = ( GEOMETRIC_REPRESENTATION_CONTEXT(2) 
PARAMETRIC_REPRESENTATION_CONTEXT() REPRESENTATION_CONTEXT('2D SPACE',''
  ) );
#9310 = ORIENTED_EDGE('',*,*,#9311,.T.);
#9311 = EDGE_CURVE('',#9289,#9312,#9314,.T.);
#9312 = VERTEX_POINT('',#9313);
#9313 = CARTESIAN_POINT('',(-57.,-72.,105.4));
#9314 = SURFACE_CURVE('',#9315,(#9319,#9326),.PCURVE_S1.);
#9315 = LINE('',#9316,#9317);
#9316 = CARTESIAN_POINT('',(-57.,-80.,105.4));
#9317 = VECTOR('',#9318,1.);
#9318 = DIRECTION('',(0.,1.,0.));
#9319 = PCURVE('',#2104,#9320);
#9320 = DEFINITIONAL_REPRESENTATION('',(#9321),#9325);
#9321 = LINE('',#9322,#9323);
#9322 = CARTESIAN_POINT('',(1.5,-21.5));
#9323 = VECTOR('',#9324,1.);
#9324 = DIRECTION('',(0.,1.));
#9325 = ( GEOMETRIC_REPRESENTATION_CONTEXT(2) 
PARAMETRIC_REPRESENTATION_CONTEXT() REPRESENTATION_CONTEXT('2D SPACE',''
  ) );
#9326 = PCURVE('',#5262,#9327);
#9327 = DEFINITIONAL_REPRESENTATION('',(#9328),#9332);
#9328 = LINE('',#9329,#9330);
#9329 = CARTESIAN_POINT('',(0.,0.));
#9330 = VECTOR('',#9331,1.);
#9331 = DIRECTION('',(0.,-1.));
#9332 = ( GEOMETRIC_REPRESENTATION_CONTEXT(2) 
PARAMETRIC_REPRESENTATION_CONTEXT() REPRESENTATION_CONTEXT('2D SPACE',''
  ) );
#9333 = ORIENTED_EDGE('',*,*,#9334,.F.);
#9334 = EDGE_CURVE('',#9335,#9312,#9337,.T.);
#9335 = VERTEX_POINT('',#9336);
#9336 = CARTESIAN_POINT('',(-65.,-72.,105.4));
#9337 = SURFACE_CURVE('',#9338,(#9342,#9349),.PCURVE_S1.);
#9338 = LINE('',#9339,#9340);
#9339 = CARTESIAN_POINT('',(-65.,-72.,105.4));
#9340 = VECTOR('',#9341,1.);
#9341 = DIRECTION('',(1.,0.,0.));
#9342 = PCURVE('',#2104,#9343);
#9343 = DEFINITIONAL_REPRESENTATION('',(#9344),#9348);
#9344 = LINE('',#9345,#9346);
#9345 = CARTESIAN_POINT('',(-6.5,-13.5));
#9346 = VECTOR('',#9347,1.);
#9347 = DIRECTION('',(1.,0.));
#9348 = ( GEOMETRIC_REPRESENTATION_CONTEXT(2) 
PARAMETRIC_REPRESENTATION_CONTEXT() REPRESENTATION_CONTEXT('2D SPACE',''
  ) );
#9349 = PCURVE('',#9350,#9355);
#9350 = PLANE('',#9351);
#9351 = AXIS2_PLACEMENT_3D('',#9352,#9353,#9354);
#9352 = CARTESIAN_POINT('',(-65.,-72.,105.4));
#9353 = DIRECTION('',(0.,1.,0.));
#9354 = DIRECTION('',(0.,0.,1.));
#9355 = DEFINITIONAL_REPRESENTATION('',(#9356),#9360);
#9356 = LINE('',#9357,#9358);
#9357 = CARTESIAN_POINT('',(0.,0.));
#9358 = VECTOR('',#9359,1.);
#9359 = DIRECTION('',(0.,1.));
#9360 = ( GEOMETRIC_REPRESENTATION_CONTEXT(2) 
PARAMETRIC_REPRESENTATION_CONTEXT() REPRESENTATION_CONTEXT('2D SPACE',''
  ) );
#9361 = ORIENTED_EDGE('',*,*,#9362,.F.);
#9362 = EDGE_CURVE('',#9363,#9335,#9365,.T.);
#9363 = VERTEX_POINT('',#9364);
#9364 = CARTESIAN_POINT('',(-65.,-77.5,105.4));
#9365 = SURFACE_CURVE('',#9366,(#9370,#9377),.PCURVE_S1.);
#9366 = LINE('',#9367,#9368);
#9367 = CARTESIAN_POINT('',(-65.,-80.,105.4));
#9368 = VECTOR('',#9369,1.);
#9369 = DIRECTION('',(0.,1.,0.));
#9370 = PCURVE('',#2104,#9371);
#9371 = DEFINITIONAL_REPRESENTATION('',(#9372),#9376);
#9372 = LINE('',#9373,#9374);
#9373 = CARTESIAN_POINT('',(-6.5,-21.5));
#9374 = VECTOR('',#9375,1.);
#9375 = DIRECTION('',(0.,1.));
#9376 = ( GEOMETRIC_REPRESENTATION_CONTEXT(2) 
PARAMETRIC_REPRESENTATION_CONTEXT() REPRESENTATION_CONTEXT('2D SPACE',''
  ) );
#9377 = PCURVE('',#4597,#9378);
#9378 = DEFINITIONAL_REPRESENTATION('',(#9379),#9383);
#9379 = LINE('',#9380,#9381);
#9380 = CARTESIAN_POINT('',(0.,0.));
#9381 = VECTOR('',#9382,1.);
#9382 = DIRECTION('',(0.,-1.));
#9383 = ( GEOMETRIC_REPRESENTATION_CONTEXT(2) 
PARAMETRIC_REPRESENTATION_CONTEXT() REPRESENTATION_CONTEXT('2D SPACE',''
  ) );
#9384 = ORIENTED_EDGE('',*,*,#9385,.F.);
#9385 = EDGE_CURVE('',#9386,#9363,#9388,.T.);
#9386 = VERTEX_POINT('',#9387);
#9387 = CARTESIAN_POINT('',(-66.,-77.5,105.4));
#9388 = SURFACE_CURVE('',#9389,(#9393,#9400),.PCURVE_S1.);
#9389 = LINE('',#9390,#9391);
#9390 = CARTESIAN_POINT('',(-66.,-77.5,105.4));
#9391 = VECTOR('',#9392,1.);
#9392 = DIRECTION('',(1.,0.,0.));
#9393 = PCURVE('',#2104,#9394);
#9394 = DEFINITIONAL_REPRESENTATION('',(#9395),#9399);
#9395 = LINE('',#9396,#9397);
#9396 = CARTESIAN_POINT('',(-7.5,-19.));
#9397 = VECTOR('',#9398,1.);
#9398 = DIRECTION('',(1.,0.));
#9399 = ( GEOMETRIC_REPRESENTATION_CONTEXT(2) 
PARAMETRIC_REPRESENTATION_CONTEXT() REPRESENTATION_CONTEXT('2D SPACE',''
  ) );
#9400 = PCURVE('',#9401,#9406);
#9401 = PLANE('',#9402);
#9402 = AXIS2_PLACEMENT_3D('',#9403,#9404,#9405);
#9403 = CARTESIAN_POINT('',(-66.,-77.5,105.4));
#9404 = DIRECTION('',(0.,1.,0.));
#9405 = DIRECTION('',(0.,0.,1.));
#9406 = DEFINITIONAL_REPRESENTATION('',(#9407),#9411);
#9407 = LINE('',#9408,#9409);
#9408 = CARTESIAN_POINT('',(0.,0.));
#9409 = VECTOR('',#9410,1.);
#9410 = DIRECTION('',(0.,1.));
#9411 = ( GEOMETRIC_REPRESENTATION_CONTEXT(2) 
PARAMETRIC_REPRESENTATION_CONTEXT() REPRESENTATION_CONTEXT('2D SPACE',''
  ) );
#9412 = ORIENTED_EDGE('',*,*,#9413,.F.);
#9413 = EDGE_CURVE('',#4642,#9386,#9414,.T.);
#9414 = SURFACE_CURVE('',#9415,(#9419,#9426),.PCURVE_S1.);
#9415 = LINE('',#9416,#9417);
#9416 = CARTESIAN_POINT('',(-66.,-82.5,105.4));
#9417 = VECTOR('',#9418,1.);
#9418 = DIRECTION('',(0.,1.,0.));
#9419 = PCURVE('',#2104,#9420);
#9420 = DEFINITIONAL_REPRESENTATION('',(#9421),#9425);
#9421 = LINE('',#9422,#9423);
#9422 = CARTESIAN_POINT('',(-7.5,-24.));
#9423 = VECTOR('',#9424,1.);
#9424 = DIRECTION('',(0.,1.));
#9425 = ( GEOMETRIC_REPRESENTATION_CONTEXT(2) 
PARAMETRIC_REPRESENTATION_CONTEXT() REPRESENTATION_CONTEXT('2D SPACE',''
  ) );
#9426 = PCURVE('',#4656,#9427);
#9427 = DEFINITIONAL_REPRESENTATION('',(#9428),#9432);
#9428 = LINE('',#9429,#9430);
#9429 = CARTESIAN_POINT('',(0.,0.));
#9430 = VECTOR('',#9431,1.);
#9431 = DIRECTION('',(0.,-1.));
#9432 = ( GEOMETRIC_REPRESENTATION_CONTEXT(2) 
PARAMETRIC_REPRESENTATION_CONTEXT() REPRESENTATION_CONTEXT('2D SPACE',''
  ) );
#9433 = ORIENTED_EDGE('',*,*,#4667,.T.);
#9434 = ORIENTED_EDGE('',*,*,#9435,.T.);
#9435 = EDGE_CURVE('',#4668,#9436,#9438,.T.);
#9436 = VERTEX_POINT('',#9437);
#9437 = CARTESIAN_POINT('',(-77.5,-66.,105.4));
#9438 = SURFACE_CURVE('',#9439,(#9443,#9450),.PCURVE_S1.);
#9439 = LINE('',#9440,#9441);
#9440 = CARTESIAN_POINT('',(-82.5,-66.,105.4));
#9441 = VECTOR('',#9442,1.);
#9442 = DIRECTION('',(1.,0.,0.));
#9443 = PCURVE('',#2104,#9444);
#9444 = DEFINITIONAL_REPRESENTATION('',(#9445),#9449);
#9445 = LINE('',#9446,#9447);
#9446 = CARTESIAN_POINT('',(-24.,-7.5));
#9447 = VECTOR('',#9448,1.);
#9448 = DIRECTION('',(1.,0.));
#9449 = ( GEOMETRIC_REPRESENTATION_CONTEXT(2) 
PARAMETRIC_REPRESENTATION_CONTEXT() REPRESENTATION_CONTEXT('2D SPACE',''
  ) );
#9450 = PCURVE('',#4710,#9451);
#9451 = DEFINITIONAL_REPRESENTATION('',(#9452),#9456);
#9452 = LINE('',#9453,#9454);
#9453 = CARTESIAN_POINT('',(0.,0.));
#9454 = VECTOR('',#9455,1.);
#9455 = DIRECTION('',(0.,1.));
#9456 = ( GEOMETRIC_REPRESENTATION_CONTEXT(2) 
PARAMETRIC_REPRESENTATION_CONTEXT() REPRESENTATION_CONTEXT('2D SPACE',''
  ) );
#9457 = ORIENTED_EDGE('',*,*,#9458,.T.);
#9458 = EDGE_CURVE('',#9436,#9459,#9461,.T.);
#9459 = VERTEX_POINT('',#9460);
#9460 = CARTESIAN_POINT('',(-77.5,-55.15266921119,105.4));
#9461 = SURFACE_CURVE('',#9462,(#9466,#9473),.PCURVE_S1.);
#9462 = LINE('',#9463,#9464);
#9463 = CARTESIAN_POINT('',(-77.5,-66.,105.4));
#9464 = VECTOR('',#9465,1.);
#9465 = DIRECTION('',(0.,1.,0.));
#9466 = PCURVE('',#2104,#9467);
#9467 = DEFINITIONAL_REPRESENTATION('',(#9468),#9472);
#9468 = LINE('',#9469,#9470);
#9469 = CARTESIAN_POINT('',(-19.,-7.5));
#9470 = VECTOR('',#9471,1.);
#9471 = DIRECTION('',(0.,1.));
#9472 = ( GEOMETRIC_REPRESENTATION_CONTEXT(2) 
PARAMETRIC_REPRESENTATION_CONTEXT() REPRESENTATION_CONTEXT('2D SPACE',''
  ) );
#9473 = PCURVE('',#9474,#9479);
#9474 = PLANE('',#9475);
#9475 = AXIS2_PLACEMENT_3D('',#9476,#9477,#9478);
#9476 = CARTESIAN_POINT('',(-77.5,-66.,105.4));
#9477 = DIRECTION('',(1.,0.,0.));
#9478 = DIRECTION('',(0.,0.,1.));
#9479 = DEFINITIONAL_REPRESENTATION('',(#9480),#9484);
#9480 = LINE('',#9481,#9482);
#9481 = CARTESIAN_POINT('',(0.,0.));
#9482 = VECTOR('',#9483,1.);
#9483 = DIRECTION('',(0.,-1.));
#9484 = ( GEOMETRIC_REPRESENTATION_CONTEXT(2) 
PARAMETRIC_REPRESENTATION_CONTEXT() REPRESENTATION_CONTEXT('2D SPACE',''
  ) );
#9485 = ORIENTED_EDGE('',*,*,#9486,.F.);
#9486 = EDGE_CURVE('',#9487,#9459,#9489,.T.);
#9487 = VERTEX_POINT('',#9488);
#9488 = CARTESIAN_POINT('',(-77.5,-44.8473307888,105.4));
#9489 = SURFACE_CURVE('',#9490,(#9495,#9506),.PCURVE_S1.);
#9490 = CIRCLE('',#9491,5.2);
#9491 = AXIS2_PLACEMENT_3D('',#9492,#9493,#9494);
#9492 = CARTESIAN_POINT('',(-76.8,-50.,105.4));
#9493 = DIRECTION('',(0.,0.,-1.));
#9494 = DIRECTION('',(-0.134615384615,0.99089792523,0.));
#9495 = PCURVE('',#2104,#9496);
#9496 = DEFINITIONAL_REPRESENTATION('',(#9497),#9505);
#9497 = ( BOUNDED_CURVE() B_SPLINE_CURVE(2,(#9498,#9499,#9500,#9501,
#9502,#9503,#9504),.UNSPECIFIED.,.T.,.F.) B_SPLINE_CURVE_WITH_KNOTS((1,2
    ,2,2,2,1),(-2.094395102393,0.,2.094395102393,4.188790204786,
6.28318530718,8.377580409573),.UNSPECIFIED.) CURVE() 
GEOMETRIC_REPRESENTATION_ITEM() RATIONAL_B_SPLINE_CURVE((1.,0.5,1.,0.5,
1.,0.5,1.)) REPRESENTATION_ITEM('') );
#9498 = CARTESIAN_POINT('',(-19.,13.652669211195));
#9499 = CARTESIAN_POINT('',(-10.07531513161,14.865104776494));
#9500 = CARTESIAN_POINT('',(-13.4876575658,6.529883177052));
#9501 = CARTESIAN_POINT('',(-16.9,-1.805338422391));
#9502 = CARTESIAN_POINT('',(-22.41234243419,5.317447611753));
#9503 = CARTESIAN_POINT('',(-27.92468486838,12.440233645897));
#9504 = CARTESIAN_POINT('',(-19.,13.652669211195));
#9505 = ( GEOMETRIC_REPRESENTATION_CONTEXT(2) 
PARAMETRIC_REPRESENTATION_CONTEXT() REPRESENTATION_CONTEXT('2D SPACE',''
  ) );
#9506 = PCURVE('',#9507,#9512);
#9507 = CYLINDRICAL_SURFACE('',#9508,5.2);
#9508 = AXIS2_PLACEMENT_3D('',#9509,#9510,#9511);
#9509 = CARTESIAN_POINT('',(-76.8,-50.,105.4));
#9510 = DIRECTION('',(-0.,-0.,-1.));
#9511 = DIRECTION('',(1.,0.,0.));
#9512 = DEFINITIONAL_REPRESENTATION('',(#9513),#9517);
#9513 = LINE('',#9514,#9515);
#9514 = CARTESIAN_POINT('',(-7.989006937857,0.));
#9515 = VECTOR('',#9516,1.);
#9516 = DIRECTION('',(1.,-0.));
#9517 = ( GEOMETRIC_REPRESENTATION_CONTEXT(2) 
PARAMETRIC_REPRESENTATION_CONTEXT() REPRESENTATION_CONTEXT('2D SPACE',''
  ) );
#9518 = ORIENTED_EDGE('',*,*,#9519,.T.);
#9519 = EDGE_CURVE('',#9487,#9520,#9522,.T.);
#9520 = VERTEX_POINT('',#9521);
#9521 = CARTESIAN_POINT('',(-77.5,4.847330788805,105.4));
#9522 = SURFACE_CURVE('',#9523,(#9527,#9534),.PCURVE_S1.);
#9523 = LINE('',#9524,#9525);
#9524 = CARTESIAN_POINT('',(-77.5,-66.,105.4));
#9525 = VECTOR('',#9526,1.);
#9526 = DIRECTION('',(0.,1.,0.));
#9527 = PCURVE('',#2104,#9528);
#9528 = DEFINITIONAL_REPRESENTATION('',(#9529),#9533);
#9529 = LINE('',#9530,#9531);
#9530 = CARTESIAN_POINT('',(-19.,-7.5));
#9531 = VECTOR('',#9532,1.);
#9532 = DIRECTION('',(0.,1.));
#9533 = ( GEOMETRIC_REPRESENTATION_CONTEXT(2) 
PARAMETRIC_REPRESENTATION_CONTEXT() REPRESENTATION_CONTEXT('2D SPACE',''
  ) );
#9534 = PCURVE('',#9535,#9540);
#9535 = PLANE('',#9536);
#9536 = AXIS2_PLACEMENT_3D('',#9537,#9538,#9539);
#9537 = CARTESIAN_POINT('',(-77.5,-66.,105.4));
#9538 = DIRECTION('',(1.,0.,0.));
#9539 = DIRECTION('',(0.,0.,1.));
#9540 = DEFINITIONAL_REPRESENTATION('',(#9541),#9545);
#9541 = LINE('',#9542,#9543);
#9542 = CARTESIAN_POINT('',(0.,0.));
#9543 = VECTOR('',#9544,1.);
#9544 = DIRECTION('',(0.,-1.));
#9545 = ( GEOMETRIC_REPRESENTATION_CONTEXT(2) 
PARAMETRIC_REPRESENTATION_CONTEXT() REPRESENTATION_CONTEXT('2D SPACE',''
  ) );
#9546 = ORIENTED_EDGE('',*,*,#9547,.F.);
#9547 = EDGE_CURVE('',#9548,#9520,#9550,.T.);
#9548 = VERTEX_POINT('',#9549);
#9549 = CARTESIAN_POINT('',(-77.5,15.152669211195,105.4));
#9550 = SURFACE_CURVE('',#9551,(#9556,#9567),.PCURVE_S1.);
#9551 = CIRCLE('',#9552,5.2);
#9552 = AXIS2_PLACEMENT_3D('',#9553,#9554,#9555);
#9553 = CARTESIAN_POINT('',(-76.8,10.,105.4));
#9554 = DIRECTION('',(0.,0.,-1.));
#9555 = DIRECTION('',(-0.134615384615,0.99089792523,0.));
#9556 = PCURVE('',#2104,#9557);
#9557 = DEFINITIONAL_REPRESENTATION('',(#9558),#9566);
#9558 = ( BOUNDED_CURVE() B_SPLINE_CURVE(2,(#9559,#9560,#9561,#9562,
#9563,#9564,#9565),.UNSPECIFIED.,.T.,.F.) B_SPLINE_CURVE_WITH_KNOTS((1,2
    ,2,2,2,1),(-2.094395102393,0.,2.094395102393,4.188790204786,
6.28318530718,8.377580409573),.UNSPECIFIED.) CURVE() 
GEOMETRIC_REPRESENTATION_ITEM() RATIONAL_B_SPLINE_CURVE((1.,0.5,1.,0.5,
1.,0.5,1.)) REPRESENTATION_ITEM('') );
#9559 = CARTESIAN_POINT('',(-19.,73.652669211195));
#9560 = CARTESIAN_POINT('',(-10.07531513161,74.865104776494));
#9561 = CARTESIAN_POINT('',(-13.4876575658,66.529883177052));
#9562 = CARTESIAN_POINT('',(-16.9,58.194661577609));
#9563 = CARTESIAN_POINT('',(-22.41234243419,65.317447611753));
#9564 = CARTESIAN_POINT('',(-27.92468486838,72.440233645897));
#9565 = CARTESIAN_POINT('',(-19.,73.652669211195));
#9566 = ( GEOMETRIC_REPRESENTATION_CONTEXT(2) 
PARAMETRIC_REPRESENTATION_CONTEXT() REPRESENTATION_CONTEXT('2D SPACE',''
  ) );
#9567 = PCURVE('',#9568,#9573);
#9568 = CYLINDRICAL_SURFACE('',#9569,5.2);
#9569 = AXIS2_PLACEMENT_3D('',#9570,#9571,#9572);
#9570 = CARTESIAN_POINT('',(-76.8,10.,105.4));
#9571 = DIRECTION('',(-0.,-0.,-1.));
#9572 = DIRECTION('',(1.,0.,0.));
#9573 = DEFINITIONAL_REPRESENTATION('',(#9574),#9578);
#9574 = LINE('',#9575,#9576);
#9575 = CARTESIAN_POINT('',(-7.989006937857,0.));
#9576 = VECTOR('',#9577,1.);
#9577 = DIRECTION('',(1.,-0.));
#9578 = ( GEOMETRIC_REPRESENTATION_CONTEXT(2) 
PARAMETRIC_REPRESENTATION_CONTEXT() REPRESENTATION_CONTEXT('2D SPACE',''
  ) );
#9579 = ORIENTED_EDGE('',*,*,#9580,.T.);
#9580 = EDGE_CURVE('',#9548,#9581,#9583,.T.);
#9581 = VERTEX_POINT('',#9582);
#9582 = CARTESIAN_POINT('',(-77.5,17.7,105.4));
#9583 = SURFACE_CURVE('',#9584,(#9588,#9595),.PCURVE_S1.);
#9584 = LINE('',#9585,#9586);
#9585 = CARTESIAN_POINT('',(-77.5,-66.,105.4));
#9586 = VECTOR('',#9587,1.);
#9587 = DIRECTION('',(0.,1.,0.));
#9588 = PCURVE('',#2104,#9589);
#9589 = DEFINITIONAL_REPRESENTATION('',(#9590),#9594);
#9590 = LINE('',#9591,#9592);
#9591 = CARTESIAN_POINT('',(-19.,-7.5));
#9592 = VECTOR('',#9593,1.);
#9593 = DIRECTION('',(0.,1.));
#9594 = ( GEOMETRIC_REPRESENTATION_CONTEXT(2) 
PARAMETRIC_REPRESENTATION_CONTEXT() REPRESENTATION_CONTEXT('2D SPACE',''
  ) );
#9595 = PCURVE('',#9596,#9601);
#9596 = PLANE('',#9597);
#9597 = AXIS2_PLACEMENT_3D('',#9598,#9599,#9600);
#9598 = CARTESIAN_POINT('',(-77.5,-66.,105.4));
#9599 = DIRECTION('',(1.,0.,0.));
#9600 = DIRECTION('',(0.,0.,1.));
#9601 = DEFINITIONAL_REPRESENTATION('',(#9602),#9606);
#9602 = LINE('',#9603,#9604);
#9603 = CARTESIAN_POINT('',(0.,0.));
#9604 = VECTOR('',#9605,1.);
#9605 = DIRECTION('',(0.,-1.));
#9606 = ( GEOMETRIC_REPRESENTATION_CONTEXT(2) 
PARAMETRIC_REPRESENTATION_CONTEXT() REPRESENTATION_CONTEXT('2D SPACE',''
  ) );
#9607 = ORIENTED_EDGE('',*,*,#9608,.T.);
#9608 = EDGE_CURVE('',#9581,#9609,#9611,.T.);
#9609 = VERTEX_POINT('',#9610);
#9610 = CARTESIAN_POINT('',(-80.6,17.7,105.4));
#9611 = SURFACE_CURVE('',#9612,(#9616,#9622),.PCURVE_S1.);
#9612 = LINE('',#9613,#9614);
#9613 = CARTESIAN_POINT('',(-69.55,17.7,105.4));
#9614 = VECTOR('',#9615,1.);
#9615 = DIRECTION('',(-1.,0.,0.));
#9616 = PCURVE('',#2104,#9617);
#9617 = DEFINITIONAL_REPRESENTATION('',(#9618),#9621);
#9618 = B_SPLINE_CURVE_WITH_KNOTS('',1,(#9619,#9620),.UNSPECIFIED.,.F.,
  .F.,(2,2),(5.45,11.05),.PIECEWISE_BEZIER_KNOTS.);
#9619 = CARTESIAN_POINT('',(-16.5,76.2));
#9620 = CARTESIAN_POINT('',(-22.1,76.2));
#9621 = ( GEOMETRIC_REPRESENTATION_CONTEXT(2) 
PARAMETRIC_REPRESENTATION_CONTEXT() REPRESENTATION_CONTEXT('2D SPACE',''
  ) );
#9622 = PCURVE('',#9623,#9628);
#9623 = PLANE('',#9624);
#9624 = AXIS2_PLACEMENT_3D('',#9625,#9626,#9627);
#9625 = CARTESIAN_POINT('',(-80.6,17.7,102.5));
#9626 = DIRECTION('',(0.,1.,0.));
#9627 = DIRECTION('',(0.,0.,1.));
#9628 = DEFINITIONAL_REPRESENTATION('',(#9629),#9632);
#9629 = B_SPLINE_CURVE_WITH_KNOTS('',1,(#9630,#9631),.UNSPECIFIED.,.F.,
  .F.,(2,2),(5.45,11.05),.PIECEWISE_BEZIER_KNOTS.);
#9630 = CARTESIAN_POINT('',(2.9,5.6));
#9631 = CARTESIAN_POINT('',(2.9,0.));
#9632 = ( GEOMETRIC_REPRESENTATION_CONTEXT(2) 
PARAMETRIC_REPRESENTATION_CONTEXT() REPRESENTATION_CONTEXT('2D SPACE',''
  ) );
#9633 = ORIENTED_EDGE('',*,*,#9634,.T.);
#9634 = EDGE_CURVE('',#9609,#9635,#9637,.T.);
#9635 = VERTEX_POINT('',#9636);
#9636 = CARTESIAN_POINT('',(-80.6,32.3,105.4));
#9637 = SURFACE_CURVE('',#9638,(#9642,#9648),.PCURVE_S1.);
#9638 = LINE('',#9639,#9640);
#9639 = CARTESIAN_POINT('',(-80.6,-20.4,105.4));
#9640 = VECTOR('',#9641,1.);
#9641 = DIRECTION('',(0.,1.,0.));
#9642 = PCURVE('',#2104,#9643);
#9643 = DEFINITIONAL_REPRESENTATION('',(#9644),#9647);
#9644 = B_SPLINE_CURVE_WITH_KNOTS('',1,(#9645,#9646),.UNSPECIFIED.,.F.,
  .F.,(2,2),(38.1,52.7),.PIECEWISE_BEZIER_KNOTS.);
#9645 = CARTESIAN_POINT('',(-22.1,76.2));
#9646 = CARTESIAN_POINT('',(-22.1,90.8));
#9647 = ( GEOMETRIC_REPRESENTATION_CONTEXT(2) 
PARAMETRIC_REPRESENTATION_CONTEXT() REPRESENTATION_CONTEXT('2D SPACE',''
  ) );
#9648 = PCURVE('',#9649,#9654);
#9649 = PLANE('',#9650);
#9650 = AXIS2_PLACEMENT_3D('',#9651,#9652,#9653);
#9651 = CARTESIAN_POINT('',(-80.6,17.7,102.5));
#9652 = DIRECTION('',(1.,0.,0.));
#9653 = DIRECTION('',(0.,0.,1.));
#9654 = DEFINITIONAL_REPRESENTATION('',(#9655),#9658);
#9655 = B_SPLINE_CURVE_WITH_KNOTS('',1,(#9656,#9657),.UNSPECIFIED.,.F.,
  .F.,(2,2),(38.1,52.7),.PIECEWISE_BEZIER_KNOTS.);
#9656 = CARTESIAN_POINT('',(2.9,0.));
#9657 = CARTESIAN_POINT('',(2.9,-14.6));
#9658 = ( GEOMETRIC_REPRESENTATION_CONTEXT(2) 
PARAMETRIC_REPRESENTATION_CONTEXT() REPRESENTATION_CONTEXT('2D SPACE',''
  ) );
#9659 = ORIENTED_EDGE('',*,*,#9660,.F.);
#9660 = EDGE_CURVE('',#9661,#9635,#9663,.T.);
#9661 = VERTEX_POINT('',#9662);
#9662 = CARTESIAN_POINT('',(-77.5,32.3,105.4));
#9663 = SURFACE_CURVE('',#9664,(#9668,#9674),.PCURVE_S1.);
#9664 = LINE('',#9665,#9666);
#9665 = CARTESIAN_POINT('',(-69.55,32.3,105.4));
#9666 = VECTOR('',#9667,1.);
#9667 = DIRECTION('',(-1.,0.,0.));
#9668 = PCURVE('',#2104,#9669);
#9669 = DEFINITIONAL_REPRESENTATION('',(#9670),#9673);
#9670 = B_SPLINE_CURVE_WITH_KNOTS('',1,(#9671,#9672),.UNSPECIFIED.,.F.,
  .F.,(2,2),(5.45,11.05),.PIECEWISE_BEZIER_KNOTS.);
#9671 = CARTESIAN_POINT('',(-16.5,90.8));
#9672 = CARTESIAN_POINT('',(-22.1,90.8));
#9673 = ( GEOMETRIC_REPRESENTATION_CONTEXT(2) 
PARAMETRIC_REPRESENTATION_CONTEXT() REPRESENTATION_CONTEXT('2D SPACE',''
  ) );
#9674 = PCURVE('',#9675,#9680);
#9675 = PLANE('',#9676);
#9676 = AXIS2_PLACEMENT_3D('',#9677,#9678,#9679);
#9677 = CARTESIAN_POINT('',(-80.6,32.3,102.5));
#9678 = DIRECTION('',(0.,1.,0.));
#9679 = DIRECTION('',(0.,0.,1.));
#9680 = DEFINITIONAL_REPRESENTATION('',(#9681),#9684);
#9681 = B_SPLINE_CURVE_WITH_KNOTS('',1,(#9682,#9683),.UNSPECIFIED.,.F.,
  .F.,(2,2),(5.45,11.05),.PIECEWISE_BEZIER_KNOTS.);
#9682 = CARTESIAN_POINT('',(2.9,5.6));
#9683 = CARTESIAN_POINT('',(2.9,0.));
#9684 = ( GEOMETRIC_REPRESENTATION_CONTEXT(2) 
PARAMETRIC_REPRESENTATION_CONTEXT() REPRESENTATION_CONTEXT('2D SPACE',''
  ) );
#9685 = ORIENTED_EDGE('',*,*,#9686,.T.);
#9686 = EDGE_CURVE('',#9661,#9687,#9689,.T.);
#9687 = VERTEX_POINT('',#9688);
#9688 = CARTESIAN_POINT('',(-77.5,44.847330788805,105.4));
#9689 = SURFACE_CURVE('',#9690,(#9694,#9701),.PCURVE_S1.);
#9690 = LINE('',#9691,#9692);
#9691 = CARTESIAN_POINT('',(-77.5,-66.,105.4));
#9692 = VECTOR('',#9693,1.);
#9693 = DIRECTION('',(0.,1.,0.));
#9694 = PCURVE('',#2104,#9695);
#9695 = DEFINITIONAL_REPRESENTATION('',(#9696),#9700);
#9696 = LINE('',#9697,#9698);
#9697 = CARTESIAN_POINT('',(-19.,-7.5));
#9698 = VECTOR('',#9699,1.);
#9699 = DIRECTION('',(0.,1.));
#9700 = ( GEOMETRIC_REPRESENTATION_CONTEXT(2) 
PARAMETRIC_REPRESENTATION_CONTEXT() REPRESENTATION_CONTEXT('2D SPACE',''
  ) );
#9701 = PCURVE('',#9596,#9702);
#9702 = DEFINITIONAL_REPRESENTATION('',(#9703),#9707);
#9703 = LINE('',#9704,#9705);
#9704 = CARTESIAN_POINT('',(0.,0.));
#9705 = VECTOR('',#9706,1.);
#9706 = DIRECTION('',(0.,-1.));
#9707 = ( GEOMETRIC_REPRESENTATION_CONTEXT(2) 
PARAMETRIC_REPRESENTATION_CONTEXT() REPRESENTATION_CONTEXT('2D SPACE',''
  ) );
#9708 = ORIENTED_EDGE('',*,*,#9709,.F.);
#9709 = EDGE_CURVE('',#9710,#9687,#9712,.T.);
#9710 = VERTEX_POINT('',#9711);
#9711 = CARTESIAN_POINT('',(-77.5,55.152669211195,105.4));
#9712 = SURFACE_CURVE('',#9713,(#9718,#9729),.PCURVE_S1.);
#9713 = CIRCLE('',#9714,5.2);
#9714 = AXIS2_PLACEMENT_3D('',#9715,#9716,#9717);
#9715 = CARTESIAN_POINT('',(-76.8,50.,105.4));
#9716 = DIRECTION('',(0.,0.,-1.));
#9717 = DIRECTION('',(-0.134615384615,0.99089792523,0.));
#9718 = PCURVE('',#2104,#9719);
#9719 = DEFINITIONAL_REPRESENTATION('',(#9720),#9728);
#9720 = ( BOUNDED_CURVE() B_SPLINE_CURVE(2,(#9721,#9722,#9723,#9724,
#9725,#9726,#9727),.UNSPECIFIED.,.T.,.F.) B_SPLINE_CURVE_WITH_KNOTS((1,2
    ,2,2,2,1),(-2.094395102393,0.,2.094395102393,4.188790204786,
6.28318530718,8.377580409573),.UNSPECIFIED.) CURVE() 
GEOMETRIC_REPRESENTATION_ITEM() RATIONAL_B_SPLINE_CURVE((1.,0.5,1.,0.5,
1.,0.5,1.)) REPRESENTATION_ITEM('') );
#9721 = CARTESIAN_POINT('',(-19.,113.65266921119));
#9722 = CARTESIAN_POINT('',(-10.07531513161,114.86510477649));
#9723 = CARTESIAN_POINT('',(-13.4876575658,106.52988317705));
#9724 = CARTESIAN_POINT('',(-16.9,98.194661577609));
#9725 = CARTESIAN_POINT('',(-22.41234243419,105.31744761175));
#9726 = CARTESIAN_POINT('',(-27.92468486838,112.44023364589));
#9727 = CARTESIAN_POINT('',(-19.,113.65266921119));
#9728 = ( GEOMETRIC_REPRESENTATION_CONTEXT(2) 
PARAMETRIC_REPRESENTATION_CONTEXT() REPRESENTATION_CONTEXT('2D SPACE',''
  ) );
#9729 = PCURVE('',#9730,#9735);
#9730 = CYLINDRICAL_SURFACE('',#9731,5.2);
#9731 = AXIS2_PLACEMENT_3D('',#9732,#9733,#9734);
#9732 = CARTESIAN_POINT('',(-76.8,50.,105.4));
#9733 = DIRECTION('',(-0.,-0.,-1.));
#9734 = DIRECTION('',(1.,0.,0.));
#9735 = DEFINITIONAL_REPRESENTATION('',(#9736),#9740);
#9736 = LINE('',#9737,#9738);
#9737 = CARTESIAN_POINT('',(-7.989006937857,0.));
#9738 = VECTOR('',#9739,1.);
#9739 = DIRECTION('',(1.,-0.));
#9740 = ( GEOMETRIC_REPRESENTATION_CONTEXT(2) 
PARAMETRIC_REPRESENTATION_CONTEXT() REPRESENTATION_CONTEXT('2D SPACE',''
  ) );
#9741 = ORIENTED_EDGE('',*,*,#9742,.T.);
#9742 = EDGE_CURVE('',#9710,#9743,#9745,.T.);
#9743 = VERTEX_POINT('',#9744);
#9744 = CARTESIAN_POINT('',(-77.5,66.,105.4));
#9745 = SURFACE_CURVE('',#9746,(#9750,#9757),.PCURVE_S1.);
#9746 = LINE('',#9747,#9748);
#9747 = CARTESIAN_POINT('',(-77.5,-66.,105.4));
#9748 = VECTOR('',#9749,1.);
#9749 = DIRECTION('',(0.,1.,0.));
#9750 = PCURVE('',#2104,#9751);
#9751 = DEFINITIONAL_REPRESENTATION('',(#9752),#9756);
#9752 = LINE('',#9753,#9754);
#9753 = CARTESIAN_POINT('',(-19.,-7.5));
#9754 = VECTOR('',#9755,1.);
#9755 = DIRECTION('',(0.,1.));
#9756 = ( GEOMETRIC_REPRESENTATION_CONTEXT(2) 
PARAMETRIC_REPRESENTATION_CONTEXT() REPRESENTATION_CONTEXT('2D SPACE',''
  ) );
#9757 = PCURVE('',#9758,#9763);
#9758 = PLANE('',#9759);
#9759 = AXIS2_PLACEMENT_3D('',#9760,#9761,#9762);
#9760 = CARTESIAN_POINT('',(-77.5,-66.,105.4));
#9761 = DIRECTION('',(1.,0.,0.));
#9762 = DIRECTION('',(0.,0.,1.));
#9763 = DEFINITIONAL_REPRESENTATION('',(#9764),#9768);
#9764 = LINE('',#9765,#9766);
#9765 = CARTESIAN_POINT('',(0.,0.));
#9766 = VECTOR('',#9767,1.);
#9767 = DIRECTION('',(0.,-1.));
#9768 = ( GEOMETRIC_REPRESENTATION_CONTEXT(2) 
PARAMETRIC_REPRESENTATION_CONTEXT() REPRESENTATION_CONTEXT('2D SPACE',''
  ) );
#9769 = ORIENTED_EDGE('',*,*,#9770,.F.);
#9770 = EDGE_CURVE('',#2622,#9743,#9771,.T.);
#9771 = SURFACE_CURVE('',#9772,(#9776,#9783),.PCURVE_S1.);
#9772 = LINE('',#9773,#9774);
#9773 = CARTESIAN_POINT('',(-82.5,66.,105.4));
#9774 = VECTOR('',#9775,1.);
#9775 = DIRECTION('',(1.,0.,0.));
#9776 = PCURVE('',#2104,#9777);
#9777 = DEFINITIONAL_REPRESENTATION('',(#9778),#9782);
#9778 = LINE('',#9779,#9780);
#9779 = CARTESIAN_POINT('',(-24.,124.5));
#9780 = VECTOR('',#9781,1.);
#9781 = DIRECTION('',(1.,0.));
#9782 = ( GEOMETRIC_REPRESENTATION_CONTEXT(2) 
PARAMETRIC_REPRESENTATION_CONTEXT() REPRESENTATION_CONTEXT('2D SPACE',''
  ) );
#9783 = PCURVE('',#2636,#9784);
#9784 = DEFINITIONAL_REPRESENTATION('',(#9785),#9789);
#9785 = LINE('',#9786,#9787);
#9786 = CARTESIAN_POINT('',(0.,0.));
#9787 = VECTOR('',#9788,1.);
#9788 = DIRECTION('',(0.,1.));
#9789 = ( GEOMETRIC_REPRESENTATION_CONTEXT(2) 
PARAMETRIC_REPRESENTATION_CONTEXT() REPRESENTATION_CONTEXT('2D SPACE',''
  ) );
#9790 = ORIENTED_EDGE('',*,*,#2647,.T.);
#9791 = ORIENTED_EDGE('',*,*,#9792,.T.);
#9792 = EDGE_CURVE('',#2648,#9793,#9795,.T.);
#9793 = VERTEX_POINT('',#9794);
#9794 = CARTESIAN_POINT('',(-66.15,78.3,105.4));
#9795 = SURFACE_CURVE('',#9796,(#9800,#9807),.PCURVE_S1.);
#9796 = LINE('',#9797,#9798);
#9797 = CARTESIAN_POINT('',(-58.25,78.3,105.4));
#9798 = VECTOR('',#9799,1.);
#9799 = DIRECTION('',(-1.,0.,0.));
#9800 = PCURVE('',#2104,#9801);
#9801 = DEFINITIONAL_REPRESENTATION('',(#9802),#9806);
#9802 = LINE('',#9803,#9804);
#9803 = CARTESIAN_POINT('',(0.25,136.8));
#9804 = VECTOR('',#9805,1.);
#9805 = DIRECTION('',(-1.,0.));
#9806 = ( GEOMETRIC_REPRESENTATION_CONTEXT(2) 
PARAMETRIC_REPRESENTATION_CONTEXT() REPRESENTATION_CONTEXT('2D SPACE',''
  ) );
#9807 = PCURVE('',#2690,#9808);
#9808 = DEFINITIONAL_REPRESENTATION('',(#9809),#9812);
#9809 = B_SPLINE_CURVE_WITH_KNOTS('',1,(#9810,#9811),.UNSPECIFIED.,.F.,
  .F.,(2,2),(-124.4,7.9),.PIECEWISE_BEZIER_KNOTS.);
#9810 = CARTESIAN_POINT('',(87.45,124.15));
#9811 = CARTESIAN_POINT('',(87.45,-8.15));
#9812 = ( GEOMETRIC_REPRESENTATION_CONTEXT(2) 
PARAMETRIC_REPRESENTATION_CONTEXT() REPRESENTATION_CONTEXT('2D SPACE',''
  ) );
#9813 = ORIENTED_EDGE('',*,*,#9814,.T.);
#9814 = EDGE_CURVE('',#9793,#2350,#9815,.T.);
#9815 = SURFACE_CURVE('',#9816,(#9820,#9827),.PCURVE_S1.);
#9816 = LINE('',#9817,#9818);
#9817 = CARTESIAN_POINT('',(-66.15,9.9,105.4));
#9818 = VECTOR('',#9819,1.);
#9819 = DIRECTION('',(0.,1.,0.));
#9820 = PCURVE('',#2104,#9821);
#9821 = DEFINITIONAL_REPRESENTATION('',(#9822),#9826);
#9822 = LINE('',#9823,#9824);
#9823 = CARTESIAN_POINT('',(-7.65,68.4));
#9824 = VECTOR('',#9825,1.);
#9825 = DIRECTION('',(0.,1.));
#9826 = ( GEOMETRIC_REPRESENTATION_CONTEXT(2) 
PARAMETRIC_REPRESENTATION_CONTEXT() REPRESENTATION_CONTEXT('2D SPACE',''
  ) );
#9827 = PCURVE('',#2388,#9828);
#9828 = DEFINITIONAL_REPRESENTATION('',(#9829),#9832);
#9829 = B_SPLINE_CURVE_WITH_KNOTS('',1,(#9830,#9831),.UNSPECIFIED.,.F.,
  .F.,(2,2),(68.4,72.553079134007),.PIECEWISE_BEZIER_KNOTS.);
#9830 = CARTESIAN_POINT('',(79.3,0.));
#9831 = CARTESIAN_POINT('',(79.3,-4.153079134007));
#9832 = ( GEOMETRIC_REPRESENTATION_CONTEXT(2) 
PARAMETRIC_REPRESENTATION_CONTEXT() REPRESENTATION_CONTEXT('2D SPACE',''
  ) );
#9833 = ORIENTED_EDGE('',*,*,#2349,.T.);
#9834 = ORIENTED_EDGE('',*,*,#2191,.T.);
#9835 = ORIENTED_EDGE('',*,*,#2140,.T.);
#9836 = ORIENTED_EDGE('',*,*,#2088,.T.);
#9837 = ORIENTED_EDGE('',*,*,#4520,.T.);
#9838 = ORIENTED_EDGE('',*,*,#4383,.T.);
#9839 = ORIENTED_EDGE('',*,*,#4192,.T.);
#9840 = FACE_BOUND('',#9841,.F.);
#9841 = EDGE_LOOP('',(#9842));
#9842 = ORIENTED_EDGE('',*,*,#9843,.F.);
#9843 = EDGE_CURVE('',#9844,#9844,#9846,.T.);
#9844 = VERTEX_POINT('',#9845);
#9845 = CARTESIAN_POINT('',(-74.55,-50.,105.4));
#9846 = SURFACE_CURVE('',#9847,(#9852,#9859),.PCURVE_S1.);
#9847 = CIRCLE('',#9848,2.25);
#9848 = AXIS2_PLACEMENT_3D('',#9849,#9850,#9851);
#9849 = CARTESIAN_POINT('',(-76.8,-50.,105.4));
#9850 = DIRECTION('',(0.,0.,1.));
#9851 = DIRECTION('',(1.,0.,-0.));
#9852 = PCURVE('',#2104,#9853);
#9853 = DEFINITIONAL_REPRESENTATION('',(#9854),#9858);
#9854 = CIRCLE('',#9855,2.25);
#9855 = AXIS2_PLACEMENT_2D('',#9856,#9857);
#9856 = CARTESIAN_POINT('',(-18.3,8.5));
#9857 = DIRECTION('',(1.,0.));
#9858 = ( GEOMETRIC_REPRESENTATION_CONTEXT(2) 
PARAMETRIC_REPRESENTATION_CONTEXT() REPRESENTATION_CONTEXT('2D SPACE',''
  ) );
#9859 = PCURVE('',#9860,#9865);
#9860 = CYLINDRICAL_SURFACE('',#9861,2.25);
#9861 = AXIS2_PLACEMENT_3D('',#9862,#9863,#9864);
#9862 = CARTESIAN_POINT('',(-76.8,-50.,104.4));
#9863 = DIRECTION('',(0.,0.,1.));
#9864 = DIRECTION('',(1.,0.,-0.));
#9865 = DEFINITIONAL_REPRESENTATION('',(#9866),#9870);
#9866 = LINE('',#9867,#9868);
#9867 = CARTESIAN_POINT('',(0.,1.));
#9868 = VECTOR('',#9869,1.);
#9869 = DIRECTION('',(1.,0.));
#9870 = ( GEOMETRIC_REPRESENTATION_CONTEXT(2) 
PARAMETRIC_REPRESENTATION_CONTEXT() REPRESENTATION_CONTEXT('2D SPACE',''
  ) );
#9871 = FACE_BOUND('',#9872,.F.);
#9872 = EDGE_LOOP('',(#9873));
#9873 = ORIENTED_EDGE('',*,*,#9874,.F.);
#9874 = EDGE_CURVE('',#9875,#9875,#9877,.T.);
#9875 = VERTEX_POINT('',#9876);
#9876 = CARTESIAN_POINT('',(79.05,-50.,105.4));
#9877 = SURFACE_CURVE('',#9878,(#9883,#9890),.PCURVE_S1.);
#9878 = CIRCLE('',#9879,2.25);
#9879 = AXIS2_PLACEMENT_3D('',#9880,#9881,#9882);
#9880 = CARTESIAN_POINT('',(76.8,-50.,105.4));
#9881 = DIRECTION('',(0.,0.,1.));
#9882 = DIRECTION('',(1.,0.,-0.));
#9883 = PCURVE('',#2104,#9884);
#9884 = DEFINITIONAL_REPRESENTATION('',(#9885),#9889);
#9885 = CIRCLE('',#9886,2.25);
#9886 = AXIS2_PLACEMENT_2D('',#9887,#9888);
#9887 = CARTESIAN_POINT('',(135.3,8.5));
#9888 = DIRECTION('',(1.,0.));
#9889 = ( GEOMETRIC_REPRESENTATION_CONTEXT(2) 
PARAMETRIC_REPRESENTATION_CONTEXT() REPRESENTATION_CONTEXT('2D SPACE',''
  ) );
#9890 = PCURVE('',#9891,#9896);
#9891 = CYLINDRICAL_SURFACE('',#9892,2.25);
#9892 = AXIS2_PLACEMENT_3D('',#9893,#9894,#9895);
#9893 = CARTESIAN_POINT('',(76.8,-50.,104.4));
#9894 = DIRECTION('',(0.,0.,1.));
#9895 = DIRECTION('',(1.,0.,-0.));
#9896 = DEFINITIONAL_REPRESENTATION('',(#9897),#9901);
#9897 = LINE('',#9898,#9899);
#9898 = CARTESIAN_POINT('',(0.,1.));
#9899 = VECTOR('',#9900,1.);
#9900 = DIRECTION('',(1.,0.));
#9901 = ( GEOMETRIC_REPRESENTATION_CONTEXT(2) 
PARAMETRIC_REPRESENTATION_CONTEXT() REPRESENTATION_CONTEXT('2D SPACE',''
  ) );
#9902 = FACE_BOUND('',#9903,.F.);
#9903 = EDGE_LOOP('',(#9904));
#9904 = ORIENTED_EDGE('',*,*,#9905,.F.);
#9905 = EDGE_CURVE('',#9906,#9906,#9908,.T.);
#9906 = VERTEX_POINT('',#9907);
#9907 = CARTESIAN_POINT('',(-74.55,10.,105.4));
#9908 = SURFACE_CURVE('',#9909,(#9914,#9921),.PCURVE_S1.);
#9909 = CIRCLE('',#9910,2.25);
#9910 = AXIS2_PLACEMENT_3D('',#9911,#9912,#9913);
#9911 = CARTESIAN_POINT('',(-76.8,10.,105.4));
#9912 = DIRECTION('',(0.,0.,1.));
#9913 = DIRECTION('',(1.,0.,-0.));
#9914 = PCURVE('',#2104,#9915);
#9915 = DEFINITIONAL_REPRESENTATION('',(#9916),#9920);
#9916 = CIRCLE('',#9917,2.25);
#9917 = AXIS2_PLACEMENT_2D('',#9918,#9919);
#9918 = CARTESIAN_POINT('',(-18.3,68.5));
#9919 = DIRECTION('',(1.,0.));
#9920 = ( GEOMETRIC_REPRESENTATION_CONTEXT(2) 
PARAMETRIC_REPRESENTATION_CONTEXT() REPRESENTATION_CONTEXT('2D SPACE',''
  ) );
#9921 = PCURVE('',#9922,#9927);
#9922 = CYLINDRICAL_SURFACE('',#9923,2.25);
#9923 = AXIS2_PLACEMENT_3D('',#9924,#9925,#9926);
#9924 = CARTESIAN_POINT('',(-76.8,10.,104.4));
#9925 = DIRECTION('',(0.,0.,1.));
#9926 = DIRECTION('',(1.,0.,-0.));
#9927 = DEFINITIONAL_REPRESENTATION('',(#9928),#9932);
#9928 = LINE('',#9929,#9930);
#9929 = CARTESIAN_POINT('',(0.,1.));
#9930 = VECTOR('',#9931,1.);
#9931 = DIRECTION('',(1.,0.));
#9932 = ( GEOMETRIC_REPRESENTATION_CONTEXT(2) 
PARAMETRIC_REPRESENTATION_CONTEXT() REPRESENTATION_CONTEXT('2D SPACE',''
  ) );
#9933 = FACE_BOUND('',#9934,.F.);
#9934 = EDGE_LOOP('',(#9935));
#9935 = ORIENTED_EDGE('',*,*,#9936,.F.);
#9936 = EDGE_CURVE('',#9937,#9937,#9939,.T.);
#9937 = VERTEX_POINT('',#9938);
#9938 = CARTESIAN_POINT('',(-74.55,50.,105.4));
#9939 = SURFACE_CURVE('',#9940,(#9945,#9952),.PCURVE_S1.);
#9940 = CIRCLE('',#9941,2.25);
#9941 = AXIS2_PLACEMENT_3D('',#9942,#9943,#9944);
#9942 = CARTESIAN_POINT('',(-76.8,50.,105.4));
#9943 = DIRECTION('',(0.,0.,1.));
#9944 = DIRECTION('',(1.,0.,-0.));
#9945 = PCURVE('',#2104,#9946);
#9946 = DEFINITIONAL_REPRESENTATION('',(#9947),#9951);
#9947 = CIRCLE('',#9948,2.25);
#9948 = AXIS2_PLACEMENT_2D('',#9949,#9950);
#9949 = CARTESIAN_POINT('',(-18.3,108.5));
#9950 = DIRECTION('',(1.,0.));
#9951 = ( GEOMETRIC_REPRESENTATION_CONTEXT(2) 
PARAMETRIC_REPRESENTATION_CONTEXT() REPRESENTATION_CONTEXT('2D SPACE',''
  ) );
#9952 = PCURVE('',#9953,#9958);
#9953 = CYLINDRICAL_SURFACE('',#9954,2.25);
#9954 = AXIS2_PLACEMENT_3D('',#9955,#9956,#9957);
#9955 = CARTESIAN_POINT('',(-76.8,50.,104.4));
#9956 = DIRECTION('',(0.,0.,1.));
#9957 = DIRECTION('',(1.,0.,-0.));
#9958 = DEFINITIONAL_REPRESENTATION('',(#9959),#9963);
#9959 = LINE('',#9960,#9961);
#9960 = CARTESIAN_POINT('',(0.,1.));
#9961 = VECTOR('',#9962,1.);
#9962 = DIRECTION('',(1.,0.));
#9963 = ( GEOMETRIC_REPRESENTATION_CONTEXT(2) 
PARAMETRIC_REPRESENTATION_CONTEXT() REPRESENTATION_CONTEXT('2D SPACE',''
  ) );
#9964 = FACE_BOUND('',#9965,.F.);
#9965 = EDGE_LOOP('',(#9966));
#9966 = ORIENTED_EDGE('',*,*,#9967,.F.);
#9967 = EDGE_CURVE('',#9968,#9968,#9970,.T.);
#9968 = VERTEX_POINT('',#9969);
#9969 = CARTESIAN_POINT('',(79.05,10.,105.4));
#9970 = SURFACE_CURVE('',#9971,(#9976,#9983),.PCURVE_S1.);
#9971 = CIRCLE('',#9972,2.25);
#9972 = AXIS2_PLACEMENT_3D('',#9973,#9974,#9975);
#9973 = CARTESIAN_POINT('',(76.8,10.,105.4));
#9974 = DIRECTION('',(0.,0.,1.));
#9975 = DIRECTION('',(1.,0.,-0.));
#9976 = PCURVE('',#2104,#9977);
#9977 = DEFINITIONAL_REPRESENTATION('',(#9978),#9982);
#9978 = CIRCLE('',#9979,2.25);
#9979 = AXIS2_PLACEMENT_2D('',#9980,#9981);
#9980 = CARTESIAN_POINT('',(135.3,68.5));
#9981 = DIRECTION('',(1.,0.));
#9982 = ( GEOMETRIC_REPRESENTATION_CONTEXT(2) 
PARAMETRIC_REPRESENTATION_CONTEXT() REPRESENTATION_CONTEXT('2D SPACE',''
  ) );
#9983 = PCURVE('',#9984,#9989);
#9984 = CYLINDRICAL_SURFACE('',#9985,2.25);
#9985 = AXIS2_PLACEMENT_3D('',#9986,#9987,#9988);
#9986 = CARTESIAN_POINT('',(76.8,10.,104.4));
#9987 = DIRECTION('',(0.,0.,1.));
#9988 = DIRECTION('',(1.,0.,-0.));
#9989 = DEFINITIONAL_REPRESENTATION('',(#9990),#9994);
#9990 = LINE('',#9991,#9992);
#9991 = CARTESIAN_POINT('',(0.,1.));
#9992 = VECTOR('',#9993,1.);
#9993 = DIRECTION('',(1.,0.));
#9994 = ( GEOMETRIC_REPRESENTATION_CONTEXT(2) 
PARAMETRIC_REPRESENTATION_CONTEXT() REPRESENTATION_CONTEXT('2D SPACE',''
  ) );
#9995 = FACE_BOUND('',#9996,.F.);
#9996 = EDGE_LOOP('',(#9997));
#9997 = ORIENTED_EDGE('',*,*,#9998,.F.);
#9998 = EDGE_CURVE('',#9999,#9999,#10001,.T.);
#9999 = VERTEX_POINT('',#10000);
#10000 = CARTESIAN_POINT('',(79.05,50.,105.4));
#10001 = SURFACE_CURVE('',#10002,(#10007,#10014),.PCURVE_S1.);
#10002 = CIRCLE('',#10003,2.25);
#10003 = AXIS2_PLACEMENT_3D('',#10004,#10005,#10006);
#10004 = CARTESIAN_POINT('',(76.8,50.,105.4));
#10005 = DIRECTION('',(0.,0.,1.));
#10006 = DIRECTION('',(1.,0.,-0.));
#10007 = PCURVE('',#2104,#10008);
#10008 = DEFINITIONAL_REPRESENTATION('',(#10009),#10013);
#10009 = CIRCLE('',#10010,2.25);
#10010 = AXIS2_PLACEMENT_2D('',#10011,#10012);
#10011 = CARTESIAN_POINT('',(135.3,108.5));
#10012 = DIRECTION('',(1.,0.));
#10013 = ( GEOMETRIC_REPRESENTATION_CONTEXT(2) 
PARAMETRIC_REPRESENTATION_CONTEXT() REPRESENTATION_CONTEXT('2D SPACE',''
  ) );
#10014 = PCURVE('',#10015,#10020);
#10015 = CYLINDRICAL_SURFACE('',#10016,2.25);
#10016 = AXIS2_PLACEMENT_3D('',#10017,#10018,#10019);
#10017 = CARTESIAN_POINT('',(76.8,50.,104.4));
#10018 = DIRECTION('',(0.,0.,1.));
#10019 = DIRECTION('',(1.,0.,-0.));
#10020 = DEFINITIONAL_REPRESENTATION('',(#10021),#10025);
#10021 = LINE('',#10022,#10023);
#10022 = CARTESIAN_POINT('',(0.,1.));
#10023 = VECTOR('',#10024,1.);
#10024 = DIRECTION('',(1.,0.));
#10025 = ( GEOMETRIC_REPRESENTATION_CONTEXT(2) 
PARAMETRIC_REPRESENTATION_CONTEXT() REPRESENTATION_CONTEXT('2D SPACE',''
  ) );
#10026 = ADVANCED_FACE('',(#10027),#2256,.T.);
#10027 = FACE_BOUND('',#10028,.T.);
#10028 = EDGE_LOOP('',(#10029,#10052,#10053,#10076));
#10029 = ORIENTED_EDGE('',*,*,#10030,.F.);
#10030 = EDGE_CURVE('',#2239,#10031,#10033,.T.);
#10031 = VERTEX_POINT('',#10032);
#10032 = CARTESIAN_POINT('',(-79.85,35.8,120.2));
#10033 = SURFACE_CURVE('',#10034,(#10038,#10045),.PCURVE_S1.);
#10034 = LINE('',#10035,#10036);
#10035 = CARTESIAN_POINT('',(-83.5,35.8,120.2));
#10036 = VECTOR('',#10037,1.);
#10037 = DIRECTION('',(1.,0.,0.));
#10038 = PCURVE('',#2256,#10039);
#10039 = DEFINITIONAL_REPRESENTATION('',(#10040),#10044);
#10040 = LINE('',#10041,#10042);
#10041 = CARTESIAN_POINT('',(0.,71.6));
#10042 = VECTOR('',#10043,1.);
#10043 = DIRECTION('',(1.,0.));
#10044 = ( GEOMETRIC_REPRESENTATION_CONTEXT(2) 
PARAMETRIC_REPRESENTATION_CONTEXT() REPRESENTATION_CONTEXT('2D SPACE',''
  ) );
#10045 = PCURVE('',#2335,#10046);
#10046 = DEFINITIONAL_REPRESENTATION('',(#10047),#10051);
#10047 = LINE('',#10048,#10049);
#10048 = CARTESIAN_POINT('',(0.,0.));
#10049 = VECTOR('',#10050,1.);
#10050 = DIRECTION('',(0.,1.));
#10051 = ( GEOMETRIC_REPRESENTATION_CONTEXT(2) 
PARAMETRIC_REPRESENTATION_CONTEXT() REPRESENTATION_CONTEXT('2D SPACE',''
  ) );
#10052 = ORIENTED_EDGE('',*,*,#2238,.T.);
#10053 = ORIENTED_EDGE('',*,*,#10054,.T.);
#10054 = EDGE_CURVE('',#2241,#10055,#10057,.T.);
#10055 = VERTEX_POINT('',#10056);
#10056 = CARTESIAN_POINT('',(-79.85,-35.8,120.2));
#10057 = SURFACE_CURVE('',#10058,(#10062,#10069),.PCURVE_S1.);
#10058 = LINE('',#10059,#10060);
#10059 = CARTESIAN_POINT('',(-83.5,-35.8,120.2));
#10060 = VECTOR('',#10061,1.);
#10061 = DIRECTION('',(1.,0.,0.));
#10062 = PCURVE('',#2256,#10063);
#10063 = DEFINITIONAL_REPRESENTATION('',(#10064),#10068);
#10064 = LINE('',#10065,#10066);
#10065 = CARTESIAN_POINT('',(0.,0.));
#10066 = VECTOR('',#10067,1.);
#10067 = DIRECTION('',(1.,0.));
#10068 = ( GEOMETRIC_REPRESENTATION_CONTEXT(2) 
PARAMETRIC_REPRESENTATION_CONTEXT() REPRESENTATION_CONTEXT('2D SPACE',''
  ) );
#10069 = PCURVE('',#2283,#10070);
#10070 = DEFINITIONAL_REPRESENTATION('',(#10071),#10075);
#10071 = LINE('',#10072,#10073);
#10072 = CARTESIAN_POINT('',(0.,0.));
#10073 = VECTOR('',#10074,1.);
#10074 = DIRECTION('',(0.,1.));
#10075 = ( GEOMETRIC_REPRESENTATION_CONTEXT(2) 
PARAMETRIC_REPRESENTATION_CONTEXT() REPRESENTATION_CONTEXT('2D SPACE',''
  ) );
#10076 = ORIENTED_EDGE('',*,*,#10077,.T.);
#10077 = EDGE_CURVE('',#10055,#10031,#10078,.T.);
#10078 = SURFACE_CURVE('',#10079,(#10083,#10090),.PCURVE_S1.);
#10079 = LINE('',#10080,#10081);
#10080 = CARTESIAN_POINT('',(-79.85,-35.8,120.2));
#10081 = VECTOR('',#10082,1.);
#10082 = DIRECTION('',(0.,1.,0.));
#10083 = PCURVE('',#2256,#10084);
#10084 = DEFINITIONAL_REPRESENTATION('',(#10085),#10089);
#10085 = LINE('',#10086,#10087);
#10086 = CARTESIAN_POINT('',(3.65,0.));
#10087 = VECTOR('',#10088,1.);
#10088 = DIRECTION('',(0.,1.));
#10089 = ( GEOMETRIC_REPRESENTATION_CONTEXT(2) 
PARAMETRIC_REPRESENTATION_CONTEXT() REPRESENTATION_CONTEXT('2D SPACE',''
  ) );
#10090 = PCURVE('',#10091,#10096);
#10091 = PLANE('',#10092);
#10092 = AXIS2_PLACEMENT_3D('',#10093,#10094,#10095);
#10093 = CARTESIAN_POINT('',(-79.85,-35.8,120.2));
#10094 = DIRECTION('',(1.,0.,0.));
#10095 = DIRECTION('',(0.,0.,1.));
#10096 = DEFINITIONAL_REPRESENTATION('',(#10097),#10101);
#10097 = LINE('',#10098,#10099);
#10098 = CARTESIAN_POINT('',(0.,0.));
#10099 = VECTOR('',#10100,1.);
#10100 = DIRECTION('',(0.,-1.));
#10101 = ( GEOMETRIC_REPRESENTATION_CONTEXT(2) 
PARAMETRIC_REPRESENTATION_CONTEXT() REPRESENTATION_CONTEXT('2D SPACE',''
  ) );
#10102 = ADVANCED_FACE('',(#10103),#2335,.F.);
#10103 = FACE_BOUND('',#10104,.F.);
#10104 = EDGE_LOOP('',(#10105,#10106,#10107,#10130));
#10105 = ORIENTED_EDGE('',*,*,#10030,.F.);
#10106 = ORIENTED_EDGE('',*,*,#2321,.T.);
#10107 = ORIENTED_EDGE('',*,*,#10108,.T.);
#10108 = EDGE_CURVE('',#2295,#10109,#10111,.T.);
#10109 = VERTEX_POINT('',#10110);
#10110 = CARTESIAN_POINT('',(-79.85,35.8,191.8));
#10111 = SURFACE_CURVE('',#10112,(#10116,#10123),.PCURVE_S1.);
#10112 = LINE('',#10113,#10114);
#10113 = CARTESIAN_POINT('',(-83.5,35.8,191.8));
#10114 = VECTOR('',#10115,1.);
#10115 = DIRECTION('',(1.,0.,0.));
#10116 = PCURVE('',#2335,#10117);
#10117 = DEFINITIONAL_REPRESENTATION('',(#10118),#10122);
#10118 = LINE('',#10119,#10120);
#10119 = CARTESIAN_POINT('',(71.6,0.));
#10120 = VECTOR('',#10121,1.);
#10121 = DIRECTION('',(0.,1.));
#10122 = ( GEOMETRIC_REPRESENTATION_CONTEXT(2) 
PARAMETRIC_REPRESENTATION_CONTEXT() REPRESENTATION_CONTEXT('2D SPACE',''
  ) );
#10123 = PCURVE('',#2310,#10124);
#10124 = DEFINITIONAL_REPRESENTATION('',(#10125),#10129);
#10125 = LINE('',#10126,#10127);
#10126 = CARTESIAN_POINT('',(0.,71.6));
#10127 = VECTOR('',#10128,1.);
#10128 = DIRECTION('',(1.,0.));
#10129 = ( GEOMETRIC_REPRESENTATION_CONTEXT(2) 
PARAMETRIC_REPRESENTATION_CONTEXT() REPRESENTATION_CONTEXT('2D SPACE',''
  ) );
#10130 = ORIENTED_EDGE('',*,*,#10131,.F.);
#10131 = EDGE_CURVE('',#10031,#10109,#10132,.T.);
#10132 = SURFACE_CURVE('',#10133,(#10137,#10144),.PCURVE_S1.);
#10133 = LINE('',#10134,#10135);
#10134 = CARTESIAN_POINT('',(-79.85,35.8,120.2));
#10135 = VECTOR('',#10136,1.);
#10136 = DIRECTION('',(0.,0.,1.));
#10137 = PCURVE('',#2335,#10138);
#10138 = DEFINITIONAL_REPRESENTATION('',(#10139),#10143);
#10139 = LINE('',#10140,#10141);
#10140 = CARTESIAN_POINT('',(0.,3.65));
#10141 = VECTOR('',#10142,1.);
#10142 = DIRECTION('',(1.,0.));
#10143 = ( GEOMETRIC_REPRESENTATION_CONTEXT(2) 
PARAMETRIC_REPRESENTATION_CONTEXT() REPRESENTATION_CONTEXT('2D SPACE',''
  ) );
#10144 = PCURVE('',#10091,#10145);
#10145 = DEFINITIONAL_REPRESENTATION('',(#10146),#10150);
#10146 = LINE('',#10147,#10148);
#10147 = CARTESIAN_POINT('',(0.,-71.6));
#10148 = VECTOR('',#10149,1.);
#10149 = DIRECTION('',(1.,0.));
#10150 = ( GEOMETRIC_REPRESENTATION_CONTEXT(2) 
PARAMETRIC_REPRESENTATION_CONTEXT() REPRESENTATION_CONTEXT('2D SPACE',''
  ) );
#10151 = ADVANCED_FACE('',(#10152),#2283,.T.);
#10152 = FACE_BOUND('',#10153,.T.);
#10153 = EDGE_LOOP('',(#10154,#10155,#10156,#10179));
#10154 = ORIENTED_EDGE('',*,*,#10054,.F.);
#10155 = ORIENTED_EDGE('',*,*,#2267,.T.);
#10156 = ORIENTED_EDGE('',*,*,#10157,.T.);
#10157 = EDGE_CURVE('',#2268,#10158,#10160,.T.);
#10158 = VERTEX_POINT('',#10159);
#10159 = CARTESIAN_POINT('',(-79.85,-35.8,191.8));
#10160 = SURFACE_CURVE('',#10161,(#10165,#10172),.PCURVE_S1.);
#10161 = LINE('',#10162,#10163);
#10162 = CARTESIAN_POINT('',(-83.5,-35.8,191.8));
#10163 = VECTOR('',#10164,1.);
#10164 = DIRECTION('',(1.,0.,0.));
#10165 = PCURVE('',#2283,#10166);
#10166 = DEFINITIONAL_REPRESENTATION('',(#10167),#10171);
#10167 = LINE('',#10168,#10169);
#10168 = CARTESIAN_POINT('',(71.6,0.));
#10169 = VECTOR('',#10170,1.);
#10170 = DIRECTION('',(0.,1.));
#10171 = ( GEOMETRIC_REPRESENTATION_CONTEXT(2) 
PARAMETRIC_REPRESENTATION_CONTEXT() REPRESENTATION_CONTEXT('2D SPACE',''
  ) );
#10172 = PCURVE('',#2310,#10173);
#10173 = DEFINITIONAL_REPRESENTATION('',(#10174),#10178);
#10174 = LINE('',#10175,#10176);
#10175 = CARTESIAN_POINT('',(0.,0.));
#10176 = VECTOR('',#10177,1.);
#10177 = DIRECTION('',(1.,0.));
#10178 = ( GEOMETRIC_REPRESENTATION_CONTEXT(2) 
PARAMETRIC_REPRESENTATION_CONTEXT() REPRESENTATION_CONTEXT('2D SPACE',''
  ) );
#10179 = ORIENTED_EDGE('',*,*,#10180,.F.);
#10180 = EDGE_CURVE('',#10055,#10158,#10181,.T.);
#10181 = SURFACE_CURVE('',#10182,(#10186,#10193),.PCURVE_S1.);
#10182 = LINE('',#10183,#10184);
#10183 = CARTESIAN_POINT('',(-79.85,-35.8,120.2));
#10184 = VECTOR('',#10185,1.);
#10185 = DIRECTION('',(0.,0.,1.));
#10186 = PCURVE('',#2283,#10187);
#10187 = DEFINITIONAL_REPRESENTATION('',(#10188),#10192);
#10188 = LINE('',#10189,#10190);
#10189 = CARTESIAN_POINT('',(0.,3.65));
#10190 = VECTOR('',#10191,1.);
#10191 = DIRECTION('',(1.,0.));
#10192 = ( GEOMETRIC_REPRESENTATION_CONTEXT(2) 
PARAMETRIC_REPRESENTATION_CONTEXT() REPRESENTATION_CONTEXT('2D SPACE',''
  ) );
#10193 = PCURVE('',#10091,#10194);
#10194 = DEFINITIONAL_REPRESENTATION('',(#10195),#10199);
#10195 = LINE('',#10196,#10197);
#10196 = CARTESIAN_POINT('',(0.,0.));
#10197 = VECTOR('',#10198,1.);
#10198 = DIRECTION('',(1.,0.));
#10199 = ( GEOMETRIC_REPRESENTATION_CONTEXT(2) 
PARAMETRIC_REPRESENTATION_CONTEXT() REPRESENTATION_CONTEXT('2D SPACE',''
  ) );
#10200 = ADVANCED_FACE('',(#10201),#2310,.F.);
#10201 = FACE_BOUND('',#10202,.F.);
#10202 = EDGE_LOOP('',(#10203,#10204,#10205,#10206));
#10203 = ORIENTED_EDGE('',*,*,#10108,.F.);
#10204 = ORIENTED_EDGE('',*,*,#2294,.T.);
#10205 = ORIENTED_EDGE('',*,*,#10157,.T.);
#10206 = ORIENTED_EDGE('',*,*,#10207,.T.);
#10207 = EDGE_CURVE('',#10158,#10109,#10208,.T.);
#10208 = SURFACE_CURVE('',#10209,(#10213,#10220),.PCURVE_S1.);
#10209 = LINE('',#10210,#10211);
#10210 = CARTESIAN_POINT('',(-79.85,-35.8,191.8));
#10211 = VECTOR('',#10212,1.);
#10212 = DIRECTION('',(0.,1.,0.));
#10213 = PCURVE('',#2310,#10214);
#10214 = DEFINITIONAL_REPRESENTATION('',(#10215),#10219);
#10215 = LINE('',#10216,#10217);
#10216 = CARTESIAN_POINT('',(3.65,0.));
#10217 = VECTOR('',#10218,1.);
#10218 = DIRECTION('',(0.,1.));
#10219 = ( GEOMETRIC_REPRESENTATION_CONTEXT(2) 
PARAMETRIC_REPRESENTATION_CONTEXT() REPRESENTATION_CONTEXT('2D SPACE',''
  ) );
#10220 = PCURVE('',#10091,#10221);
#10221 = DEFINITIONAL_REPRESENTATION('',(#10222),#10226);
#10222 = LINE('',#10223,#10224);
#10223 = CARTESIAN_POINT('',(71.6,0.));
#10224 = VECTOR('',#10225,1.);
#10225 = DIRECTION('',(0.,-1.));
#10226 = ( GEOMETRIC_REPRESENTATION_CONTEXT(2) 
PARAMETRIC_REPRESENTATION_CONTEXT() REPRESENTATION_CONTEXT('2D SPACE',''
  ) );
#10227 = ADVANCED_FACE('',(#10228),#2461,.F.);
#10228 = FACE_BOUND('',#10229,.F.);
#10229 = EDGE_LOOP('',(#10230,#10254,#10255,#10256,#10257));
#10230 = ORIENTED_EDGE('',*,*,#10231,.T.);
#10231 = EDGE_CURVE('',#10232,#3066,#10234,.T.);
#10232 = VERTEX_POINT('',#10233);
#10233 = CARTESIAN_POINT('',(-66.15,78.3,259.9));
#10234 = SURFACE_CURVE('',#10235,(#10240,#10247),.PCURVE_S1.);
#10235 = CIRCLE('',#10236,8.15);
#10236 = AXIS2_PLACEMENT_3D('',#10237,#10238,#10239);
#10237 = CARTESIAN_POINT('',(-58.,78.3,259.9));
#10238 = DIRECTION('',(0.,1.,0.));
#10239 = DIRECTION('',(0.,-0.,1.));
#10240 = PCURVE('',#2461,#10241);
#10241 = DEFINITIONAL_REPRESENTATION('',(#10242),#10246);
#10242 = LINE('',#10243,#10244);
#10243 = CARTESIAN_POINT('',(0.,0.));
#10244 = VECTOR('',#10245,1.);
#10245 = DIRECTION('',(1.,0.));
#10246 = ( GEOMETRIC_REPRESENTATION_CONTEXT(2) 
PARAMETRIC_REPRESENTATION_CONTEXT() REPRESENTATION_CONTEXT('2D SPACE',''
  ) );
#10247 = PCURVE('',#3080,#10248);
#10248 = DEFINITIONAL_REPRESENTATION('',(#10249),#10253);
#10249 = CIRCLE('',#10250,8.15);
#10250 = AXIS2_PLACEMENT_2D('',#10251,#10252);
#10251 = CARTESIAN_POINT('',(241.95,0.));
#10252 = DIRECTION('',(1.,0.));
#10253 = ( GEOMETRIC_REPRESENTATION_CONTEXT(2) 
PARAMETRIC_REPRESENTATION_CONTEXT() REPRESENTATION_CONTEXT('2D SPACE',''
  ) );
#10254 = ORIENTED_EDGE('',*,*,#3091,.T.);
#10255 = ORIENTED_EDGE('',*,*,#2542,.T.);
#10256 = ORIENTED_EDGE('',*,*,#2399,.F.);
#10257 = ORIENTED_EDGE('',*,*,#10258,.F.);
#10258 = EDGE_CURVE('',#10232,#2374,#10259,.T.);
#10259 = SURFACE_CURVE('',#10260,(#10264,#10271),.PCURVE_S1.);
#10260 = LINE('',#10261,#10262);
#10261 = CARTESIAN_POINT('',(-66.15,78.3,259.9));
#10262 = VECTOR('',#10263,1.);
#10263 = DIRECTION('',(0.,1.,0.));
#10264 = PCURVE('',#2461,#10265);
#10265 = DEFINITIONAL_REPRESENTATION('',(#10266),#10270);
#10266 = LINE('',#10267,#10268);
#10267 = CARTESIAN_POINT('',(4.712388980385,0.));
#10268 = VECTOR('',#10269,1.);
#10269 = DIRECTION('',(0.,1.));
#10270 = ( GEOMETRIC_REPRESENTATION_CONTEXT(2) 
PARAMETRIC_REPRESENTATION_CONTEXT() REPRESENTATION_CONTEXT('2D SPACE',''
  ) );
#10271 = PCURVE('',#2388,#10272);
#10272 = DEFINITIONAL_REPRESENTATION('',(#10273),#10277);
#10273 = LINE('',#10274,#10275);
#10274 = CARTESIAN_POINT('',(233.8,0.));
#10275 = VECTOR('',#10276,1.);
#10276 = DIRECTION('',(0.,-1.));
#10277 = ( GEOMETRIC_REPRESENTATION_CONTEXT(2) 
PARAMETRIC_REPRESENTATION_CONTEXT() REPRESENTATION_CONTEXT('2D SPACE',''
  ) );
#10278 = ADVANCED_FACE('',(#10279),#2388,.T.);
#10279 = FACE_BOUND('',#10280,.T.);
#10280 = EDGE_LOOP('',(#10281,#10304,#10305,#10306,#10307,#10330,#10351,
    #10377,#10398,#10421,#10442,#10468));
#10281 = ORIENTED_EDGE('',*,*,#10282,.F.);
#10282 = EDGE_CURVE('',#9793,#10283,#10285,.T.);
#10283 = VERTEX_POINT('',#10284);
#10284 = CARTESIAN_POINT('',(-66.15,78.3,214.78635720715));
#10285 = SURFACE_CURVE('',#10286,(#10290,#10297),.PCURVE_S1.);
#10286 = LINE('',#10287,#10288);
#10287 = CARTESIAN_POINT('',(-66.15,78.3,26.1));
#10288 = VECTOR('',#10289,1.);
#10289 = DIRECTION('',(0.,0.,1.));
#10290 = PCURVE('',#2388,#10291);
#10291 = DEFINITIONAL_REPRESENTATION('',(#10292),#10296);
#10292 = LINE('',#10293,#10294);
#10293 = CARTESIAN_POINT('',(0.,0.));
#10294 = VECTOR('',#10295,1.);
#10295 = DIRECTION('',(1.,0.));
#10296 = ( GEOMETRIC_REPRESENTATION_CONTEXT(2) 
PARAMETRIC_REPRESENTATION_CONTEXT() REPRESENTATION_CONTEXT('2D SPACE',''
  ) );
#10297 = PCURVE('',#2690,#10298);
#10298 = DEFINITIONAL_REPRESENTATION('',(#10299),#10303);
#10299 = LINE('',#10300,#10301);
#10300 = CARTESIAN_POINT('',(8.15,-8.15));
#10301 = VECTOR('',#10302,1.);
#10302 = DIRECTION('',(1.,0.));
#10303 = ( GEOMETRIC_REPRESENTATION_CONTEXT(2) 
PARAMETRIC_REPRESENTATION_CONTEXT() REPRESENTATION_CONTEXT('2D SPACE',''
  ) );
#10304 = ORIENTED_EDGE('',*,*,#9814,.T.);
#10305 = ORIENTED_EDGE('',*,*,#2373,.F.);
#10306 = ORIENTED_EDGE('',*,*,#10258,.F.);
#10307 = ORIENTED_EDGE('',*,*,#10308,.F.);
#10308 = EDGE_CURVE('',#10309,#10232,#10311,.T.);
#10309 = VERTEX_POINT('',#10310);
#10310 = CARTESIAN_POINT('',(-66.15,78.3,247.21364279284));
#10311 = SURFACE_CURVE('',#10312,(#10316,#10323),.PCURVE_S1.);
#10312 = LINE('',#10313,#10314);
#10313 = CARTESIAN_POINT('',(-66.15,78.3,26.1));
#10314 = VECTOR('',#10315,1.);
#10315 = DIRECTION('',(0.,0.,1.));
#10316 = PCURVE('',#2388,#10317);
#10317 = DEFINITIONAL_REPRESENTATION('',(#10318),#10322);
#10318 = LINE('',#10319,#10320);
#10319 = CARTESIAN_POINT('',(0.,0.));
#10320 = VECTOR('',#10321,1.);
#10321 = DIRECTION('',(1.,0.));
#10322 = ( GEOMETRIC_REPRESENTATION_CONTEXT(2) 
PARAMETRIC_REPRESENTATION_CONTEXT() REPRESENTATION_CONTEXT('2D SPACE',''
  ) );
#10323 = PCURVE('',#3080,#10324);
#10324 = DEFINITIONAL_REPRESENTATION('',(#10325),#10329);
#10325 = LINE('',#10326,#10327);
#10326 = CARTESIAN_POINT('',(8.15,-8.15));
#10327 = VECTOR('',#10328,1.);
#10328 = DIRECTION('',(1.,0.));
#10329 = ( GEOMETRIC_REPRESENTATION_CONTEXT(2) 
PARAMETRIC_REPRESENTATION_CONTEXT() REPRESENTATION_CONTEXT('2D SPACE',''
  ) );
#10330 = ORIENTED_EDGE('',*,*,#10331,.F.);
#10331 = EDGE_CURVE('',#10332,#10309,#10334,.T.);
#10332 = VERTEX_POINT('',#10333);
#10333 = CARTESIAN_POINT('',(-66.15,79.3,247.21364279284));
#10334 = SURFACE_CURVE('',#10335,(#10339,#10345),.PCURVE_S1.);
#10335 = LINE('',#10336,#10337);
#10336 = CARTESIAN_POINT('',(-66.15,79.3,247.21364279284));
#10337 = VECTOR('',#10338,1.);
#10338 = DIRECTION('',(0.,-1.,0.));
#10339 = PCURVE('',#2388,#10340);
#10340 = DEFINITIONAL_REPRESENTATION('',(#10341),#10344);
#10341 = B_SPLINE_CURVE_WITH_KNOTS('',1,(#10342,#10343),.UNSPECIFIED.,
  .F.,.F.,(2,2),(-6.000000070117E-07,1.294813179142),
  .PIECEWISE_BEZIER_KNOTS.);
#10342 = CARTESIAN_POINT('',(221.11364279284,-1.0000006));
#10343 = CARTESIAN_POINT('',(221.11364279284,0.294813179142));
#10344 = ( GEOMETRIC_REPRESENTATION_CONTEXT(2) 
PARAMETRIC_REPRESENTATION_CONTEXT() REPRESENTATION_CONTEXT('2D SPACE',''
  ) );
#10345 = PCURVE('',#3006,#10346);
#10346 = DEFINITIONAL_REPRESENTATION('',(#10347),#10350);
#10347 = B_SPLINE_CURVE_WITH_KNOTS('',1,(#10348,#10349),.UNSPECIFIED.,
  .F.,.F.,(2,2),(-6.000000070117E-07,1.294813179142),
  .PIECEWISE_BEZIER_KNOTS.);
#10348 = CARTESIAN_POINT('',(3.916990150201,-6.000000070117E-07));
#10349 = CARTESIAN_POINT('',(3.916990150201,1.294813179142));
#10350 = ( GEOMETRIC_REPRESENTATION_CONTEXT(2) 
PARAMETRIC_REPRESENTATION_CONTEXT() REPRESENTATION_CONTEXT('2D SPACE',''
  ) );
#10351 = ORIENTED_EDGE('',*,*,#10352,.T.);
#10352 = EDGE_CURVE('',#10332,#10353,#10355,.T.);
#10353 = VERTEX_POINT('',#10354);
#10354 = CARTESIAN_POINT('',(-66.15,79.3,240.78635720715));
#10355 = SURFACE_CURVE('',#10356,(#10360,#10366),.PCURVE_S1.);
#10356 = LINE('',#10357,#10358);
#10357 = CARTESIAN_POINT('',(-66.15,79.3,135.05));
#10358 = VECTOR('',#10359,1.);
#10359 = DIRECTION('',(0.,0.,-1.));
#10360 = PCURVE('',#2388,#10361);
#10361 = DEFINITIONAL_REPRESENTATION('',(#10362),#10365);
#10362 = B_SPLINE_CURVE_WITH_KNOTS('',1,(#10363,#10364),.UNSPECIFIED.,
  .F.,.F.,(2,2),(-113.45,-104.45),.PIECEWISE_BEZIER_KNOTS.);
#10363 = CARTESIAN_POINT('',(222.4,-1.));
#10364 = CARTESIAN_POINT('',(213.4,-1.));
#10365 = ( GEOMETRIC_REPRESENTATION_CONTEXT(2) 
PARAMETRIC_REPRESENTATION_CONTEXT() REPRESENTATION_CONTEXT('2D SPACE',''
  ) );
#10366 = PCURVE('',#10367,#10372);
#10367 = PLANE('',#10368);
#10368 = AXIS2_PLACEMENT_3D('',#10369,#10370,#10371);
#10369 = CARTESIAN_POINT('',(-63.,79.3,244.));
#10370 = DIRECTION('',(0.,-1.,0.));
#10371 = DIRECTION('',(0.,-0.,-1.));
#10372 = DEFINITIONAL_REPRESENTATION('',(#10373),#10376);
#10373 = B_SPLINE_CURVE_WITH_KNOTS('',1,(#10374,#10375),.UNSPECIFIED.,
  .F.,.F.,(2,2),(-113.45,-104.45),.PIECEWISE_BEZIER_KNOTS.);
#10374 = CARTESIAN_POINT('',(-4.5,-3.15));
#10375 = CARTESIAN_POINT('',(4.5,-3.15));
#10376 = ( GEOMETRIC_REPRESENTATION_CONTEXT(2) 
PARAMETRIC_REPRESENTATION_CONTEXT() REPRESENTATION_CONTEXT('2D SPACE',''
  ) );
#10377 = ORIENTED_EDGE('',*,*,#10378,.T.);
#10378 = EDGE_CURVE('',#10353,#10379,#10381,.T.);
#10379 = VERTEX_POINT('',#10380);
#10380 = CARTESIAN_POINT('',(-66.15,78.3,240.78635720715));
#10381 = SURFACE_CURVE('',#10382,(#10386,#10392),.PCURVE_S1.);
#10382 = LINE('',#10383,#10384);
#10383 = CARTESIAN_POINT('',(-66.15,79.3,240.78635720715));
#10384 = VECTOR('',#10385,1.);
#10385 = DIRECTION('',(0.,-1.,0.));
#10386 = PCURVE('',#2388,#10387);
#10387 = DEFINITIONAL_REPRESENTATION('',(#10388),#10391);
#10388 = B_SPLINE_CURVE_WITH_KNOTS('',1,(#10389,#10390),.UNSPECIFIED.,
  .F.,.F.,(2,2),(-6.000000070117E-07,1.294813179142),
  .PIECEWISE_BEZIER_KNOTS.);
#10389 = CARTESIAN_POINT('',(214.68635720715,-1.0000006));
#10390 = CARTESIAN_POINT('',(214.68635720715,0.294813179142));
#10391 = ( GEOMETRIC_REPRESENTATION_CONTEXT(2) 
PARAMETRIC_REPRESENTATION_CONTEXT() REPRESENTATION_CONTEXT('2D SPACE',''
  ) );
#10392 = PCURVE('',#3006,#10393);
#10393 = DEFINITIONAL_REPRESENTATION('',(#10394),#10397);
#10394 = B_SPLINE_CURVE_WITH_KNOTS('',1,(#10395,#10396),.UNSPECIFIED.,
  .F.,.F.,(2,2),(-6.000000070117E-07,1.294813179142),
  .PIECEWISE_BEZIER_KNOTS.);
#10395 = CARTESIAN_POINT('',(5.507787810569,-6.000000070117E-07));
#10396 = CARTESIAN_POINT('',(5.507787810569,1.294813179142));
#10397 = ( GEOMETRIC_REPRESENTATION_CONTEXT(2) 
PARAMETRIC_REPRESENTATION_CONTEXT() REPRESENTATION_CONTEXT('2D SPACE',''
  ) );
#10398 = ORIENTED_EDGE('',*,*,#10399,.F.);
#10399 = EDGE_CURVE('',#10400,#10379,#10402,.T.);
#10400 = VERTEX_POINT('',#10401);
#10401 = CARTESIAN_POINT('',(-66.15,78.3,221.21364279284));
#10402 = SURFACE_CURVE('',#10403,(#10407,#10414),.PCURVE_S1.);
#10403 = LINE('',#10404,#10405);
#10404 = CARTESIAN_POINT('',(-66.15,78.3,26.1));
#10405 = VECTOR('',#10406,1.);
#10406 = DIRECTION('',(0.,0.,1.));
#10407 = PCURVE('',#2388,#10408);
#10408 = DEFINITIONAL_REPRESENTATION('',(#10409),#10413);
#10409 = LINE('',#10410,#10411);
#10410 = CARTESIAN_POINT('',(0.,0.));
#10411 = VECTOR('',#10412,1.);
#10412 = DIRECTION('',(1.,0.));
#10413 = ( GEOMETRIC_REPRESENTATION_CONTEXT(2) 
PARAMETRIC_REPRESENTATION_CONTEXT() REPRESENTATION_CONTEXT('2D SPACE',''
  ) );
#10414 = PCURVE('',#2885,#10415);
#10415 = DEFINITIONAL_REPRESENTATION('',(#10416),#10420);
#10416 = LINE('',#10417,#10418);
#10417 = CARTESIAN_POINT('',(8.15,-8.15));
#10418 = VECTOR('',#10419,1.);
#10419 = DIRECTION('',(1.,0.));
#10420 = ( GEOMETRIC_REPRESENTATION_CONTEXT(2) 
PARAMETRIC_REPRESENTATION_CONTEXT() REPRESENTATION_CONTEXT('2D SPACE',''
  ) );
#10421 = ORIENTED_EDGE('',*,*,#10422,.F.);
#10422 = EDGE_CURVE('',#10423,#10400,#10425,.T.);
#10423 = VERTEX_POINT('',#10424);
#10424 = CARTESIAN_POINT('',(-66.15,79.3,221.21364279284));
#10425 = SURFACE_CURVE('',#10426,(#10430,#10436),.PCURVE_S1.);
#10426 = LINE('',#10427,#10428);
#10427 = CARTESIAN_POINT('',(-66.15,79.3,221.21364279284));
#10428 = VECTOR('',#10429,1.);
#10429 = DIRECTION('',(0.,-1.,0.));
#10430 = PCURVE('',#2388,#10431);
#10431 = DEFINITIONAL_REPRESENTATION('',(#10432),#10435);
#10432 = B_SPLINE_CURVE_WITH_KNOTS('',1,(#10433,#10434),.UNSPECIFIED.,
  .F.,.F.,(2,2),(-6.000000070117E-07,1.294813179142),
  .PIECEWISE_BEZIER_KNOTS.);
#10433 = CARTESIAN_POINT('',(195.11364279284,-1.0000006));
#10434 = CARTESIAN_POINT('',(195.11364279284,0.294813179142));
#10435 = ( GEOMETRIC_REPRESENTATION_CONTEXT(2) 
PARAMETRIC_REPRESENTATION_CONTEXT() REPRESENTATION_CONTEXT('2D SPACE',''
  ) );
#10436 = PCURVE('',#2811,#10437);
#10437 = DEFINITIONAL_REPRESENTATION('',(#10438),#10441);
#10438 = B_SPLINE_CURVE_WITH_KNOTS('',1,(#10439,#10440),.UNSPECIFIED.,
  .F.,.F.,(2,2),(-6.000000070117E-07,1.294813179142),
  .PIECEWISE_BEZIER_KNOTS.);
#10439 = CARTESIAN_POINT('',(3.916990150201,-6.000000070117E-07));
#10440 = CARTESIAN_POINT('',(3.916990150201,1.294813179142));
#10441 = ( GEOMETRIC_REPRESENTATION_CONTEXT(2) 
PARAMETRIC_REPRESENTATION_CONTEXT() REPRESENTATION_CONTEXT('2D SPACE',''
  ) );
#10442 = ORIENTED_EDGE('',*,*,#10443,.T.);
#10443 = EDGE_CURVE('',#10423,#10444,#10446,.T.);
#10444 = VERTEX_POINT('',#10445);
#10445 = CARTESIAN_POINT('',(-66.15,79.3,214.78635720715));
#10446 = SURFACE_CURVE('',#10447,(#10451,#10457),.PCURVE_S1.);
#10447 = LINE('',#10448,#10449);
#10448 = CARTESIAN_POINT('',(-66.15,79.3,122.05));
#10449 = VECTOR('',#10450,1.);
#10450 = DIRECTION('',(0.,0.,-1.));
#10451 = PCURVE('',#2388,#10452);
#10452 = DEFINITIONAL_REPRESENTATION('',(#10453),#10456);
#10453 = B_SPLINE_CURVE_WITH_KNOTS('',1,(#10454,#10455),.UNSPECIFIED.,
  .F.,.F.,(2,2),(-100.45,-91.45),.PIECEWISE_BEZIER_KNOTS.);
#10454 = CARTESIAN_POINT('',(196.4,-1.));
#10455 = CARTESIAN_POINT('',(187.4,-1.));
#10456 = ( GEOMETRIC_REPRESENTATION_CONTEXT(2) 
PARAMETRIC_REPRESENTATION_CONTEXT() REPRESENTATION_CONTEXT('2D SPACE',''
  ) );
#10457 = PCURVE('',#10458,#10463);
#10458 = PLANE('',#10459);
#10459 = AXIS2_PLACEMENT_3D('',#10460,#10461,#10462);
#10460 = CARTESIAN_POINT('',(-63.,79.3,218.));
#10461 = DIRECTION('',(0.,-1.,0.));
#10462 = DIRECTION('',(0.,-0.,-1.));
#10463 = DEFINITIONAL_REPRESENTATION('',(#10464),#10467);
#10464 = B_SPLINE_CURVE_WITH_KNOTS('',1,(#10465,#10466),.UNSPECIFIED.,
  .F.,.F.,(2,2),(-100.45,-91.45),.PIECEWISE_BEZIER_KNOTS.);
#10465 = CARTESIAN_POINT('',(-4.5,-3.15));
#10466 = CARTESIAN_POINT('',(4.5,-3.15));
#10467 = ( GEOMETRIC_REPRESENTATION_CONTEXT(2) 
PARAMETRIC_REPRESENTATION_CONTEXT() REPRESENTATION_CONTEXT('2D SPACE',''
  ) );
#10468 = ORIENTED_EDGE('',*,*,#10469,.T.);
#10469 = EDGE_CURVE('',#10444,#10283,#10470,.T.);
#10470 = SURFACE_CURVE('',#10471,(#10475,#10481),.PCURVE_S1.);
#10471 = LINE('',#10472,#10473);
#10472 = CARTESIAN_POINT('',(-66.15,79.3,214.78635720715));
#10473 = VECTOR('',#10474,1.);
#10474 = DIRECTION('',(0.,-1.,0.));
#10475 = PCURVE('',#2388,#10476);
#10476 = DEFINITIONAL_REPRESENTATION('',(#10477),#10480);
#10477 = B_SPLINE_CURVE_WITH_KNOTS('',1,(#10478,#10479),.UNSPECIFIED.,
  .F.,.F.,(2,2),(-6.000000070117E-07,1.294813179142),
  .PIECEWISE_BEZIER_KNOTS.);
#10478 = CARTESIAN_POINT('',(188.68635720715,-1.0000006));
#10479 = CARTESIAN_POINT('',(188.68635720715,0.294813179142));
#10480 = ( GEOMETRIC_REPRESENTATION_CONTEXT(2) 
PARAMETRIC_REPRESENTATION_CONTEXT() REPRESENTATION_CONTEXT('2D SPACE',''
  ) );
#10481 = PCURVE('',#2811,#10482);
#10482 = DEFINITIONAL_REPRESENTATION('',(#10483),#10486);
#10483 = B_SPLINE_CURVE_WITH_KNOTS('',1,(#10484,#10485),.UNSPECIFIED.,
  .F.,.F.,(2,2),(-6.000000070117E-07,1.294813179142),
  .PIECEWISE_BEZIER_KNOTS.);
#10484 = CARTESIAN_POINT('',(5.507787810569,-6.000000070117E-07));
#10485 = CARTESIAN_POINT('',(5.507787810569,1.294813179142));
#10486 = ( GEOMETRIC_REPRESENTATION_CONTEXT(2) 
PARAMETRIC_REPRESENTATION_CONTEXT() REPRESENTATION_CONTEXT('2D SPACE',''
  ) );
#10487 = ADVANCED_FACE('',(#10488),#3185,.F.);
#10488 = FACE_BOUND('',#10489,.F.);
#10489 = EDGE_LOOP('',(#10490,#10491,#10492,#10493));
#10490 = ORIENTED_EDGE('',*,*,#3168,.F.);
#10491 = ORIENTED_EDGE('',*,*,#8191,.T.);
#10492 = ORIENTED_EDGE('',*,*,#4002,.F.);
#10493 = ORIENTED_EDGE('',*,*,#3344,.F.);
#10494 = ADVANCED_FACE('',(#10495),#3080,.T.);
#10495 = FACE_BOUND('',#10496,.T.);
#10496 = EDGE_LOOP('',(#10497,#10523,#10524,#10525));
#10497 = ORIENTED_EDGE('',*,*,#10498,.T.);
#10498 = EDGE_CURVE('',#2897,#10309,#10499,.T.);
#10499 = SURFACE_CURVE('',#10500,(#10505,#10516),.PCURVE_S1.);
#10500 = CIRCLE('',#10501,4.5);
#10501 = AXIS2_PLACEMENT_3D('',#10502,#10503,#10504);
#10502 = CARTESIAN_POINT('',(-63.,78.3,244.));
#10503 = DIRECTION('',(0.,-1.,0.));
#10504 = DIRECTION('',(0.,-0.,-1.));
#10505 = PCURVE('',#3080,#10506);
#10506 = DEFINITIONAL_REPRESENTATION('',(#10507),#10515);
#10507 = ( BOUNDED_CURVE() B_SPLINE_CURVE(2,(#10508,#10509,#10510,#10511
    ,#10512,#10513,#10514),.UNSPECIFIED.,.T.,.F.) 
B_SPLINE_CURVE_WITH_KNOTS((1,2,2,2,2,1),(-2.094395102393,0.,
    2.094395102393,4.188790204786,6.28318530718,8.377580409573),
.UNSPECIFIED.) CURVE() GEOMETRIC_REPRESENTATION_ITEM() 
RATIONAL_B_SPLINE_CURVE((1.,0.5,1.,0.5,1.,0.5,1.)) REPRESENTATION_ITEM(
  '') );
#10508 = CARTESIAN_POINT('',(221.55,-5.));
#10509 = CARTESIAN_POINT('',(221.55,2.79422863406));
#10510 = CARTESIAN_POINT('',(228.3,-1.10288568297));
#10511 = CARTESIAN_POINT('',(235.05,-5.));
#10512 = CARTESIAN_POINT('',(228.3,-8.89711431703));
#10513 = CARTESIAN_POINT('',(221.55,-12.79422863406));
#10514 = CARTESIAN_POINT('',(221.55,-5.));
#10515 = ( GEOMETRIC_REPRESENTATION_CONTEXT(2) 
PARAMETRIC_REPRESENTATION_CONTEXT() REPRESENTATION_CONTEXT('2D SPACE',''
  ) );
#10516 = PCURVE('',#3006,#10517);
#10517 = DEFINITIONAL_REPRESENTATION('',(#10518),#10522);
#10518 = LINE('',#10519,#10520);
#10519 = CARTESIAN_POINT('',(0.,1.));
#10520 = VECTOR('',#10521,1.);
#10521 = DIRECTION('',(1.,0.));
#10522 = ( GEOMETRIC_REPRESENTATION_CONTEXT(2) 
PARAMETRIC_REPRESENTATION_CONTEXT() REPRESENTATION_CONTEXT('2D SPACE',''
  ) );
#10523 = ORIENTED_EDGE('',*,*,#10308,.T.);
#10524 = ORIENTED_EDGE('',*,*,#10231,.T.);
#10525 = ORIENTED_EDGE('',*,*,#3065,.T.);
#10526 = ADVANCED_FACE('',(#10527),#3006,.T.);
#10527 = FACE_BOUND('',#10528,.T.);
#10528 = EDGE_LOOP('',(#10529,#10554,#10581,#10582,#10604,#10605,#10606,
    #10607,#10633,#10634));
#10529 = ORIENTED_EDGE('',*,*,#10530,.T.);
#10530 = EDGE_CURVE('',#10531,#10533,#10535,.T.);
#10531 = VERTEX_POINT('',#10532);
#10532 = CARTESIAN_POINT('',(-63.,79.3,239.5));
#10533 = VERTEX_POINT('',#10534);
#10534 = CARTESIAN_POINT('',(-63.,70.3,239.5));
#10535 = SEAM_CURVE('',#10536,(#10540,#10547),.PCURVE_S1.);
#10536 = LINE('',#10537,#10538);
#10537 = CARTESIAN_POINT('',(-63.,79.3,239.5));
#10538 = VECTOR('',#10539,1.);
#10539 = DIRECTION('',(0.,-1.,0.));
#10540 = PCURVE('',#3006,#10541);
#10541 = DEFINITIONAL_REPRESENTATION('',(#10542),#10546);
#10542 = LINE('',#10543,#10544);
#10543 = CARTESIAN_POINT('',(6.28318530718,-0.));
#10544 = VECTOR('',#10545,1.);
#10545 = DIRECTION('',(0.,1.));
#10546 = ( GEOMETRIC_REPRESENTATION_CONTEXT(2) 
PARAMETRIC_REPRESENTATION_CONTEXT() REPRESENTATION_CONTEXT('2D SPACE',''
  ) );
#10547 = PCURVE('',#3006,#10548);
#10548 = DEFINITIONAL_REPRESENTATION('',(#10549),#10553);
#10549 = LINE('',#10550,#10551);
#10550 = CARTESIAN_POINT('',(0.,-0.));
#10551 = VECTOR('',#10552,1.);
#10552 = DIRECTION('',(0.,1.));
#10553 = ( GEOMETRIC_REPRESENTATION_CONTEXT(2) 
PARAMETRIC_REPRESENTATION_CONTEXT() REPRESENTATION_CONTEXT('2D SPACE',''
  ) );
#10554 = ORIENTED_EDGE('',*,*,#10555,.F.);
#10555 = EDGE_CURVE('',#10533,#10533,#10556,.T.);
#10556 = SURFACE_CURVE('',#10557,(#10562,#10569),.PCURVE_S1.);
#10557 = CIRCLE('',#10558,4.5);
#10558 = AXIS2_PLACEMENT_3D('',#10559,#10560,#10561);
#10559 = CARTESIAN_POINT('',(-63.,70.3,244.));
#10560 = DIRECTION('',(0.,-1.,0.));
#10561 = DIRECTION('',(0.,-0.,-1.));
#10562 = PCURVE('',#3006,#10563);
#10563 = DEFINITIONAL_REPRESENTATION('',(#10564),#10568);
#10564 = LINE('',#10565,#10566);
#10565 = CARTESIAN_POINT('',(0.,9.));
#10566 = VECTOR('',#10567,1.);
#10567 = DIRECTION('',(1.,0.));
#10568 = ( GEOMETRIC_REPRESENTATION_CONTEXT(2) 
PARAMETRIC_REPRESENTATION_CONTEXT() REPRESENTATION_CONTEXT('2D SPACE',''
  ) );
#10569 = PCURVE('',#10570,#10575);
#10570 = PLANE('',#10571);
#10571 = AXIS2_PLACEMENT_3D('',#10572,#10573,#10574);
#10572 = CARTESIAN_POINT('',(-63.,70.3,244.));
#10573 = DIRECTION('',(0.,-1.,0.));
#10574 = DIRECTION('',(0.,-0.,-1.));
#10575 = DEFINITIONAL_REPRESENTATION('',(#10576),#10580);
#10576 = CIRCLE('',#10577,4.5);
#10577 = AXIS2_PLACEMENT_2D('',#10578,#10579);
#10578 = CARTESIAN_POINT('',(0.,0.));
#10579 = DIRECTION('',(1.,0.));
#10580 = ( GEOMETRIC_REPRESENTATION_CONTEXT(2) 
PARAMETRIC_REPRESENTATION_CONTEXT() REPRESENTATION_CONTEXT('2D SPACE',''
  ) );
#10581 = ORIENTED_EDGE('',*,*,#10530,.F.);
#10582 = ORIENTED_EDGE('',*,*,#10583,.T.);
#10583 = EDGE_CURVE('',#10531,#10332,#10584,.T.);
#10584 = SURFACE_CURVE('',#10585,(#10590,#10597),.PCURVE_S1.);
#10585 = CIRCLE('',#10586,4.5);
#10586 = AXIS2_PLACEMENT_3D('',#10587,#10588,#10589);
#10587 = CARTESIAN_POINT('',(-63.,79.3,244.));
#10588 = DIRECTION('',(0.,-1.,0.));
#10589 = DIRECTION('',(0.,-0.,-1.));
#10590 = PCURVE('',#3006,#10591);
#10591 = DEFINITIONAL_REPRESENTATION('',(#10592),#10596);
#10592 = LINE('',#10593,#10594);
#10593 = CARTESIAN_POINT('',(0.,0.));
#10594 = VECTOR('',#10595,1.);
#10595 = DIRECTION('',(1.,0.));
#10596 = ( GEOMETRIC_REPRESENTATION_CONTEXT(2) 
PARAMETRIC_REPRESENTATION_CONTEXT() REPRESENTATION_CONTEXT('2D SPACE',''
  ) );
#10597 = PCURVE('',#10367,#10598);
#10598 = DEFINITIONAL_REPRESENTATION('',(#10599),#10603);
#10599 = CIRCLE('',#10600,4.5);
#10600 = AXIS2_PLACEMENT_2D('',#10601,#10602);
#10601 = CARTESIAN_POINT('',(0.,0.));
#10602 = DIRECTION('',(1.,0.));
#10603 = ( GEOMETRIC_REPRESENTATION_CONTEXT(2) 
PARAMETRIC_REPRESENTATION_CONTEXT() REPRESENTATION_CONTEXT('2D SPACE',''
  ) );
#10604 = ORIENTED_EDGE('',*,*,#10331,.T.);
#10605 = ORIENTED_EDGE('',*,*,#10498,.F.);
#10606 = ORIENTED_EDGE('',*,*,#2896,.T.);
#10607 = ORIENTED_EDGE('',*,*,#10608,.F.);
#10608 = EDGE_CURVE('',#10379,#2871,#10609,.T.);
#10609 = SURFACE_CURVE('',#10610,(#10615,#10622),.PCURVE_S1.);
#10610 = CIRCLE('',#10611,4.5);
#10611 = AXIS2_PLACEMENT_3D('',#10612,#10613,#10614);
#10612 = CARTESIAN_POINT('',(-63.,78.3,244.));
#10613 = DIRECTION('',(0.,-1.,0.));
#10614 = DIRECTION('',(0.,-0.,-1.));
#10615 = PCURVE('',#3006,#10616);
#10616 = DEFINITIONAL_REPRESENTATION('',(#10617),#10621);
#10617 = LINE('',#10618,#10619);
#10618 = CARTESIAN_POINT('',(0.,1.));
#10619 = VECTOR('',#10620,1.);
#10620 = DIRECTION('',(1.,0.));
#10621 = ( GEOMETRIC_REPRESENTATION_CONTEXT(2) 
PARAMETRIC_REPRESENTATION_CONTEXT() REPRESENTATION_CONTEXT('2D SPACE',''
  ) );
#10622 = PCURVE('',#2885,#10623);
#10623 = DEFINITIONAL_REPRESENTATION('',(#10624),#10632);
#10624 = ( BOUNDED_CURVE() B_SPLINE_CURVE(2,(#10625,#10626,#10627,#10628
    ,#10629,#10630,#10631),.UNSPECIFIED.,.T.,.F.) 
B_SPLINE_CURVE_WITH_KNOTS((1,2,2,2,2,1),(-2.094395102393,0.,
    2.094395102393,4.188790204786,6.28318530718,8.377580409573),
.UNSPECIFIED.) CURVE() GEOMETRIC_REPRESENTATION_ITEM() 
RATIONAL_B_SPLINE_CURVE((1.,0.5,1.,0.5,1.,0.5,1.)) REPRESENTATION_ITEM(
  '') );
#10625 = CARTESIAN_POINT('',(221.55,-5.));
#10626 = CARTESIAN_POINT('',(221.55,2.79422863406));
#10627 = CARTESIAN_POINT('',(228.3,-1.10288568297));
#10628 = CARTESIAN_POINT('',(235.05,-5.));
#10629 = CARTESIAN_POINT('',(228.3,-8.89711431703));
#10630 = CARTESIAN_POINT('',(221.55,-12.79422863406));
#10631 = CARTESIAN_POINT('',(221.55,-5.));
#10632 = ( GEOMETRIC_REPRESENTATION_CONTEXT(2) 
PARAMETRIC_REPRESENTATION_CONTEXT() REPRESENTATION_CONTEXT('2D SPACE',''
  ) );
#10633 = ORIENTED_EDGE('',*,*,#10378,.F.);
#10634 = ORIENTED_EDGE('',*,*,#10635,.T.);
#10635 = EDGE_CURVE('',#10353,#10531,#10636,.T.);
#10636 = SURFACE_CURVE('',#10637,(#10642,#10649),.PCURVE_S1.);
#10637 = CIRCLE('',#10638,4.5);
#10638 = AXIS2_PLACEMENT_3D('',#10639,#10640,#10641);
#10639 = CARTESIAN_POINT('',(-63.,79.3,244.));
#10640 = DIRECTION('',(0.,-1.,0.));
#10641 = DIRECTION('',(0.,-0.,-1.));
#10642 = PCURVE('',#3006,#10643);
#10643 = DEFINITIONAL_REPRESENTATION('',(#10644),#10648);
#10644 = LINE('',#10645,#10646);
#10645 = CARTESIAN_POINT('',(0.,0.));
#10646 = VECTOR('',#10647,1.);
#10647 = DIRECTION('',(1.,0.));
#10648 = ( GEOMETRIC_REPRESENTATION_CONTEXT(2) 
PARAMETRIC_REPRESENTATION_CONTEXT() REPRESENTATION_CONTEXT('2D SPACE',''
  ) );
#10649 = PCURVE('',#10367,#10650);
#10650 = DEFINITIONAL_REPRESENTATION('',(#10651),#10655);
#10651 = CIRCLE('',#10652,4.5);
#10652 = AXIS2_PLACEMENT_2D('',#10653,#10654);
#10653 = CARTESIAN_POINT('',(0.,0.));
#10654 = DIRECTION('',(1.,0.));
#10655 = ( GEOMETRIC_REPRESENTATION_CONTEXT(2) 
PARAMETRIC_REPRESENTATION_CONTEXT() REPRESENTATION_CONTEXT('2D SPACE',''
  ) );
#10656 = ADVANCED_FACE('',(#10657),#2885,.T.);
#10657 = FACE_BOUND('',#10658,.T.);
#10658 = EDGE_LOOP('',(#10659,#10685,#10686,#10687));
#10659 = ORIENTED_EDGE('',*,*,#10660,.T.);
#10660 = EDGE_CURVE('',#2702,#10400,#10661,.T.);
#10661 = SURFACE_CURVE('',#10662,(#10667,#10678),.PCURVE_S1.);
#10662 = CIRCLE('',#10663,4.5);
#10663 = AXIS2_PLACEMENT_3D('',#10664,#10665,#10666);
#10664 = CARTESIAN_POINT('',(-63.,78.3,218.));
#10665 = DIRECTION('',(0.,-1.,0.));
#10666 = DIRECTION('',(0.,-0.,-1.));
#10667 = PCURVE('',#2885,#10668);
#10668 = DEFINITIONAL_REPRESENTATION('',(#10669),#10677);
#10669 = ( BOUNDED_CURVE() B_SPLINE_CURVE(2,(#10670,#10671,#10672,#10673
    ,#10674,#10675,#10676),.UNSPECIFIED.,.T.,.F.) 
B_SPLINE_CURVE_WITH_KNOTS((1,2,2,2,2,1),(-2.094395102393,0.,
    2.094395102393,4.188790204786,6.28318530718,8.377580409573),
.UNSPECIFIED.) CURVE() GEOMETRIC_REPRESENTATION_ITEM() 
RATIONAL_B_SPLINE_CURVE((1.,0.5,1.,0.5,1.,0.5,1.)) REPRESENTATION_ITEM(
  '') );
#10670 = CARTESIAN_POINT('',(195.55,-5.));
#10671 = CARTESIAN_POINT('',(195.55,2.79422863406));
#10672 = CARTESIAN_POINT('',(202.3,-1.10288568297));
#10673 = CARTESIAN_POINT('',(209.05,-5.));
#10674 = CARTESIAN_POINT('',(202.3,-8.89711431703));
#10675 = CARTESIAN_POINT('',(195.55,-12.79422863406));
#10676 = CARTESIAN_POINT('',(195.55,-5.));
#10677 = ( GEOMETRIC_REPRESENTATION_CONTEXT(2) 
PARAMETRIC_REPRESENTATION_CONTEXT() REPRESENTATION_CONTEXT('2D SPACE',''
  ) );
#10678 = PCURVE('',#2811,#10679);
#10679 = DEFINITIONAL_REPRESENTATION('',(#10680),#10684);
#10680 = LINE('',#10681,#10682);
#10681 = CARTESIAN_POINT('',(0.,1.));
#10682 = VECTOR('',#10683,1.);
#10683 = DIRECTION('',(1.,0.));
#10684 = ( GEOMETRIC_REPRESENTATION_CONTEXT(2) 
PARAMETRIC_REPRESENTATION_CONTEXT() REPRESENTATION_CONTEXT('2D SPACE',''
  ) );
#10685 = ORIENTED_EDGE('',*,*,#10399,.T.);
#10686 = ORIENTED_EDGE('',*,*,#10608,.T.);
#10687 = ORIENTED_EDGE('',*,*,#2870,.T.);
#10688 = ADVANCED_FACE('',(#10689),#2811,.T.);
#10689 = FACE_BOUND('',#10690,.T.);
#10690 = EDGE_LOOP('',(#10691,#10716,#10743,#10744,#10766,#10767,#10768,
    #10769,#10795,#10796));
#10691 = ORIENTED_EDGE('',*,*,#10692,.T.);
#10692 = EDGE_CURVE('',#10693,#10695,#10697,.T.);
#10693 = VERTEX_POINT('',#10694);
#10694 = CARTESIAN_POINT('',(-63.,79.3,213.5));
#10695 = VERTEX_POINT('',#10696);
#10696 = CARTESIAN_POINT('',(-63.,70.3,213.5));
#10697 = SEAM_CURVE('',#10698,(#10702,#10709),.PCURVE_S1.);
#10698 = LINE('',#10699,#10700);
#10699 = CARTESIAN_POINT('',(-63.,79.3,213.5));
#10700 = VECTOR('',#10701,1.);
#10701 = DIRECTION('',(0.,-1.,0.));
#10702 = PCURVE('',#2811,#10703);
#10703 = DEFINITIONAL_REPRESENTATION('',(#10704),#10708);
#10704 = LINE('',#10705,#10706);
#10705 = CARTESIAN_POINT('',(6.28318530718,-0.));
#10706 = VECTOR('',#10707,1.);
#10707 = DIRECTION('',(0.,1.));
#10708 = ( GEOMETRIC_REPRESENTATION_CONTEXT(2) 
PARAMETRIC_REPRESENTATION_CONTEXT() REPRESENTATION_CONTEXT('2D SPACE',''
  ) );
#10709 = PCURVE('',#2811,#10710);
#10710 = DEFINITIONAL_REPRESENTATION('',(#10711),#10715);
#10711 = LINE('',#10712,#10713);
#10712 = CARTESIAN_POINT('',(0.,-0.));
#10713 = VECTOR('',#10714,1.);
#10714 = DIRECTION('',(0.,1.));
#10715 = ( GEOMETRIC_REPRESENTATION_CONTEXT(2) 
PARAMETRIC_REPRESENTATION_CONTEXT() REPRESENTATION_CONTEXT('2D SPACE',''
  ) );
#10716 = ORIENTED_EDGE('',*,*,#10717,.F.);
#10717 = EDGE_CURVE('',#10695,#10695,#10718,.T.);
#10718 = SURFACE_CURVE('',#10719,(#10724,#10731),.PCURVE_S1.);
#10719 = CIRCLE('',#10720,4.5);
#10720 = AXIS2_PLACEMENT_3D('',#10721,#10722,#10723);
#10721 = CARTESIAN_POINT('',(-63.,70.3,218.));
#10722 = DIRECTION('',(0.,-1.,0.));
#10723 = DIRECTION('',(0.,-0.,-1.));
#10724 = PCURVE('',#2811,#10725);
#10725 = DEFINITIONAL_REPRESENTATION('',(#10726),#10730);
#10726 = LINE('',#10727,#10728);
#10727 = CARTESIAN_POINT('',(0.,9.));
#10728 = VECTOR('',#10729,1.);
#10729 = DIRECTION('',(1.,0.));
#10730 = ( GEOMETRIC_REPRESENTATION_CONTEXT(2) 
PARAMETRIC_REPRESENTATION_CONTEXT() REPRESENTATION_CONTEXT('2D SPACE',''
  ) );
#10731 = PCURVE('',#10732,#10737);
#10732 = PLANE('',#10733);
#10733 = AXIS2_PLACEMENT_3D('',#10734,#10735,#10736);
#10734 = CARTESIAN_POINT('',(-63.,70.3,218.));
#10735 = DIRECTION('',(0.,-1.,0.));
#10736 = DIRECTION('',(0.,-0.,-1.));
#10737 = DEFINITIONAL_REPRESENTATION('',(#10738),#10742);
#10738 = CIRCLE('',#10739,4.5);
#10739 = AXIS2_PLACEMENT_2D('',#10740,#10741);
#10740 = CARTESIAN_POINT('',(0.,0.));
#10741 = DIRECTION('',(1.,0.));
#10742 = ( GEOMETRIC_REPRESENTATION_CONTEXT(2) 
PARAMETRIC_REPRESENTATION_CONTEXT() REPRESENTATION_CONTEXT('2D SPACE',''
  ) );
#10743 = ORIENTED_EDGE('',*,*,#10692,.F.);
#10744 = ORIENTED_EDGE('',*,*,#10745,.T.);
#10745 = EDGE_CURVE('',#10693,#10423,#10746,.T.);
#10746 = SURFACE_CURVE('',#10747,(#10752,#10759),.PCURVE_S1.);
#10747 = CIRCLE('',#10748,4.5);
#10748 = AXIS2_PLACEMENT_3D('',#10749,#10750,#10751);
#10749 = CARTESIAN_POINT('',(-63.,79.3,218.));
#10750 = DIRECTION('',(0.,-1.,0.));
#10751 = DIRECTION('',(0.,-0.,-1.));
#10752 = PCURVE('',#2811,#10753);
#10753 = DEFINITIONAL_REPRESENTATION('',(#10754),#10758);
#10754 = LINE('',#10755,#10756);
#10755 = CARTESIAN_POINT('',(0.,0.));
#10756 = VECTOR('',#10757,1.);
#10757 = DIRECTION('',(1.,0.));
#10758 = ( GEOMETRIC_REPRESENTATION_CONTEXT(2) 
PARAMETRIC_REPRESENTATION_CONTEXT() REPRESENTATION_CONTEXT('2D SPACE',''
  ) );
#10759 = PCURVE('',#10458,#10760);
#10760 = DEFINITIONAL_REPRESENTATION('',(#10761),#10765);
#10761 = CIRCLE('',#10762,4.5);
#10762 = AXIS2_PLACEMENT_2D('',#10763,#10764);
#10763 = CARTESIAN_POINT('',(0.,0.));
#10764 = DIRECTION('',(1.,0.));
#10765 = ( GEOMETRIC_REPRESENTATION_CONTEXT(2) 
PARAMETRIC_REPRESENTATION_CONTEXT() REPRESENTATION_CONTEXT('2D SPACE',''
  ) );
#10766 = ORIENTED_EDGE('',*,*,#10422,.T.);
#10767 = ORIENTED_EDGE('',*,*,#10660,.F.);
#10768 = ORIENTED_EDGE('',*,*,#2701,.T.);
#10769 = ORIENTED_EDGE('',*,*,#10770,.F.);
#10770 = EDGE_CURVE('',#10283,#2676,#10771,.T.);
#10771 = SURFACE_CURVE('',#10772,(#10777,#10784),.PCURVE_S1.);
#10772 = CIRCLE('',#10773,4.5);
#10773 = AXIS2_PLACEMENT_3D('',#10774,#10775,#10776);
#10774 = CARTESIAN_POINT('',(-63.,78.3,218.));
#10775 = DIRECTION('',(0.,-1.,0.));
#10776 = DIRECTION('',(0.,-0.,-1.));
#10777 = PCURVE('',#2811,#10778);
#10778 = DEFINITIONAL_REPRESENTATION('',(#10779),#10783);
#10779 = LINE('',#10780,#10781);
#10780 = CARTESIAN_POINT('',(0.,1.));
#10781 = VECTOR('',#10782,1.);
#10782 = DIRECTION('',(1.,0.));
#10783 = ( GEOMETRIC_REPRESENTATION_CONTEXT(2) 
PARAMETRIC_REPRESENTATION_CONTEXT() REPRESENTATION_CONTEXT('2D SPACE',''
  ) );
#10784 = PCURVE('',#2690,#10785);
#10785 = DEFINITIONAL_REPRESENTATION('',(#10786),#10794);
#10786 = ( BOUNDED_CURVE() B_SPLINE_CURVE(2,(#10787,#10788,#10789,#10790
    ,#10791,#10792,#10793),.UNSPECIFIED.,.T.,.F.) 
B_SPLINE_CURVE_WITH_KNOTS((1,2,2,2,2,1),(-2.094395102393,0.,
    2.094395102393,4.188790204786,6.28318530718,8.377580409573),
.UNSPECIFIED.) CURVE() GEOMETRIC_REPRESENTATION_ITEM() 
RATIONAL_B_SPLINE_CURVE((1.,0.5,1.,0.5,1.,0.5,1.)) REPRESENTATION_ITEM(
  '') );
#10787 = CARTESIAN_POINT('',(195.55,-5.));
#10788 = CARTESIAN_POINT('',(195.55,2.79422863406));
#10789 = CARTESIAN_POINT('',(202.3,-1.10288568297));
#10790 = CARTESIAN_POINT('',(209.05,-5.));
#10791 = CARTESIAN_POINT('',(202.3,-8.89711431703));
#10792 = CARTESIAN_POINT('',(195.55,-12.79422863406));
#10793 = CARTESIAN_POINT('',(195.55,-5.));
#10794 = ( GEOMETRIC_REPRESENTATION_CONTEXT(2) 
PARAMETRIC_REPRESENTATION_CONTEXT() REPRESENTATION_CONTEXT('2D SPACE',''
  ) );
#10795 = ORIENTED_EDGE('',*,*,#10469,.F.);
#10796 = ORIENTED_EDGE('',*,*,#10797,.T.);
#10797 = EDGE_CURVE('',#10444,#10693,#10798,.T.);
#10798 = SURFACE_CURVE('',#10799,(#10804,#10811),.PCURVE_S1.);
#10799 = CIRCLE('',#10800,4.5);
#10800 = AXIS2_PLACEMENT_3D('',#10801,#10802,#10803);
#10801 = CARTESIAN_POINT('',(-63.,79.3,218.));
#10802 = DIRECTION('',(0.,-1.,0.));
#10803 = DIRECTION('',(0.,-0.,-1.));
#10804 = PCURVE('',#2811,#10805);
#10805 = DEFINITIONAL_REPRESENTATION('',(#10806),#10810);
#10806 = LINE('',#10807,#10808);
#10807 = CARTESIAN_POINT('',(0.,0.));
#10808 = VECTOR('',#10809,1.);
#10809 = DIRECTION('',(1.,0.));
#10810 = ( GEOMETRIC_REPRESENTATION_CONTEXT(2) 
PARAMETRIC_REPRESENTATION_CONTEXT() REPRESENTATION_CONTEXT('2D SPACE',''
  ) );
#10811 = PCURVE('',#10458,#10812);
#10812 = DEFINITIONAL_REPRESENTATION('',(#10813),#10817);
#10813 = CIRCLE('',#10814,4.5);
#10814 = AXIS2_PLACEMENT_2D('',#10815,#10816);
#10815 = CARTESIAN_POINT('',(0.,0.));
#10816 = DIRECTION('',(1.,0.));
#10817 = ( GEOMETRIC_REPRESENTATION_CONTEXT(2) 
PARAMETRIC_REPRESENTATION_CONTEXT() REPRESENTATION_CONTEXT('2D SPACE',''
  ) );
#10818 = ADVANCED_FACE('',(#10819),#2690,.T.);
#10819 = FACE_BOUND('',#10820,.T.);
#10820 = EDGE_LOOP('',(#10821,#10822,#10823,#10824));
#10821 = ORIENTED_EDGE('',*,*,#10282,.T.);
#10822 = ORIENTED_EDGE('',*,*,#10770,.T.);
#10823 = ORIENTED_EDGE('',*,*,#2675,.T.);
#10824 = ORIENTED_EDGE('',*,*,#9792,.T.);
#10825 = ADVANCED_FACE('',(#10826),#2636,.T.);
#10826 = FACE_BOUND('',#10827,.T.);
#10827 = EDGE_LOOP('',(#10828,#10829,#10830,#10853));
#10828 = ORIENTED_EDGE('',*,*,#9770,.F.);
#10829 = ORIENTED_EDGE('',*,*,#2621,.F.);
#10830 = ORIENTED_EDGE('',*,*,#10831,.T.);
#10831 = EDGE_CURVE('',#2589,#10832,#10834,.T.);
#10832 = VERTEX_POINT('',#10833);
#10833 = CARTESIAN_POINT('',(-77.5,66.,117.4));
#10834 = SURFACE_CURVE('',#10835,(#10839,#10846),.PCURVE_S1.);
#10835 = LINE('',#10836,#10837);
#10836 = CARTESIAN_POINT('',(-82.5,66.,117.4));
#10837 = VECTOR('',#10838,1.);
#10838 = DIRECTION('',(1.,0.,0.));
#10839 = PCURVE('',#2636,#10840);
#10840 = DEFINITIONAL_REPRESENTATION('',(#10841),#10845);
#10841 = LINE('',#10842,#10843);
#10842 = CARTESIAN_POINT('',(12.,0.));
#10843 = VECTOR('',#10844,1.);
#10844 = DIRECTION('',(0.,1.));
#10845 = ( GEOMETRIC_REPRESENTATION_CONTEXT(2) 
PARAMETRIC_REPRESENTATION_CONTEXT() REPRESENTATION_CONTEXT('2D SPACE',''
  ) );
#10846 = PCURVE('',#2605,#10847);
#10847 = DEFINITIONAL_REPRESENTATION('',(#10848),#10852);
#10848 = LINE('',#10849,#10850);
#10849 = CARTESIAN_POINT('',(0.,132.));
#10850 = VECTOR('',#10851,1.);
#10851 = DIRECTION('',(1.,0.));
#10852 = ( GEOMETRIC_REPRESENTATION_CONTEXT(2) 
PARAMETRIC_REPRESENTATION_CONTEXT() REPRESENTATION_CONTEXT('2D SPACE',''
  ) );
#10853 = ORIENTED_EDGE('',*,*,#10854,.F.);
#10854 = EDGE_CURVE('',#9743,#10832,#10855,.T.);
#10855 = SURFACE_CURVE('',#10856,(#10860,#10867),.PCURVE_S1.);
#10856 = LINE('',#10857,#10858);
#10857 = CARTESIAN_POINT('',(-77.5,66.,105.4));
#10858 = VECTOR('',#10859,1.);
#10859 = DIRECTION('',(0.,0.,1.));
#10860 = PCURVE('',#2636,#10861);
#10861 = DEFINITIONAL_REPRESENTATION('',(#10862),#10866);
#10862 = LINE('',#10863,#10864);
#10863 = CARTESIAN_POINT('',(0.,5.));
#10864 = VECTOR('',#10865,1.);
#10865 = DIRECTION('',(1.,0.));
#10866 = ( GEOMETRIC_REPRESENTATION_CONTEXT(2) 
PARAMETRIC_REPRESENTATION_CONTEXT() REPRESENTATION_CONTEXT('2D SPACE',''
  ) );
#10867 = PCURVE('',#9758,#10868);
#10868 = DEFINITIONAL_REPRESENTATION('',(#10869),#10873);
#10869 = LINE('',#10870,#10871);
#10870 = CARTESIAN_POINT('',(0.,-132.));
#10871 = VECTOR('',#10872,1.);
#10872 = DIRECTION('',(1.,0.));
#10873 = ( GEOMETRIC_REPRESENTATION_CONTEXT(2) 
PARAMETRIC_REPRESENTATION_CONTEXT() REPRESENTATION_CONTEXT('2D SPACE',''
  ) );
#10874 = ADVANCED_FACE('',(#10875),#2605,.T.);
#10875 = FACE_BOUND('',#10876,.T.);
#10876 = EDGE_LOOP('',(#10877,#10878,#10879,#10903,#10924));
#10877 = ORIENTED_EDGE('',*,*,#2588,.F.);
#10878 = ORIENTED_EDGE('',*,*,#7951,.T.);
#10879 = ORIENTED_EDGE('',*,*,#10880,.F.);
#10880 = EDGE_CURVE('',#10881,#7926,#10883,.T.);
#10881 = VERTEX_POINT('',#10882);
#10882 = CARTESIAN_POINT('',(-77.5,54.039801975345,117.4));
#10883 = SURFACE_CURVE('',#10884,(#10889,#10896),.PCURVE_S1.);
#10884 = CIRCLE('',#10885,4.1);
#10885 = AXIS2_PLACEMENT_3D('',#10886,#10887,#10888);
#10886 = CARTESIAN_POINT('',(-76.8,50.,117.4));
#10887 = DIRECTION('',(0.,0.,1.));
#10888 = DIRECTION('',(1.,0.,-0.));
#10889 = PCURVE('',#2605,#10890);
#10890 = DEFINITIONAL_REPRESENTATION('',(#10891),#10895);
#10891 = CIRCLE('',#10892,4.1);
#10892 = AXIS2_PLACEMENT_2D('',#10893,#10894);
#10893 = CARTESIAN_POINT('',(5.7,116.));
#10894 = DIRECTION('',(1.,0.));
#10895 = ( GEOMETRIC_REPRESENTATION_CONTEXT(2) 
PARAMETRIC_REPRESENTATION_CONTEXT() REPRESENTATION_CONTEXT('2D SPACE',''
  ) );
#10896 = PCURVE('',#7940,#10897);
#10897 = DEFINITIONAL_REPRESENTATION('',(#10898),#10902);
#10898 = LINE('',#10899,#10900);
#10899 = CARTESIAN_POINT('',(0.,1.));
#10900 = VECTOR('',#10901,1.);
#10901 = DIRECTION('',(1.,0.));
#10902 = ( GEOMETRIC_REPRESENTATION_CONTEXT(2) 
PARAMETRIC_REPRESENTATION_CONTEXT() REPRESENTATION_CONTEXT('2D SPACE',''
  ) );
#10903 = ORIENTED_EDGE('',*,*,#10904,.T.);
#10904 = EDGE_CURVE('',#10881,#10832,#10905,.T.);
#10905 = SURFACE_CURVE('',#10906,(#10910,#10917),.PCURVE_S1.);
#10906 = LINE('',#10907,#10908);
#10907 = CARTESIAN_POINT('',(-77.5,-66.,117.4));
#10908 = VECTOR('',#10909,1.);
#10909 = DIRECTION('',(0.,1.,0.));
#10910 = PCURVE('',#2605,#10911);
#10911 = DEFINITIONAL_REPRESENTATION('',(#10912),#10916);
#10912 = LINE('',#10913,#10914);
#10913 = CARTESIAN_POINT('',(5.,0.));
#10914 = VECTOR('',#10915,1.);
#10915 = DIRECTION('',(0.,1.));
#10916 = ( GEOMETRIC_REPRESENTATION_CONTEXT(2) 
PARAMETRIC_REPRESENTATION_CONTEXT() REPRESENTATION_CONTEXT('2D SPACE',''
  ) );
#10917 = PCURVE('',#9758,#10918);
#10918 = DEFINITIONAL_REPRESENTATION('',(#10919),#10923);
#10919 = LINE('',#10920,#10921);
#10920 = CARTESIAN_POINT('',(12.,0.));
#10921 = VECTOR('',#10922,1.);
#10922 = DIRECTION('',(0.,-1.));
#10923 = ( GEOMETRIC_REPRESENTATION_CONTEXT(2) 
PARAMETRIC_REPRESENTATION_CONTEXT() REPRESENTATION_CONTEXT('2D SPACE',''
  ) );
#10924 = ORIENTED_EDGE('',*,*,#10831,.F.);
#10925 = ADVANCED_FACE('',(#10926),#3240,.F.);
#10926 = FACE_BOUND('',#10927,.F.);
#10927 = EDGE_LOOP('',(#10928,#10951,#10979,#11000));
#10928 = ORIENTED_EDGE('',*,*,#10929,.F.);
#10929 = EDGE_CURVE('',#10930,#3224,#10932,.T.);
#10930 = VERTEX_POINT('',#10931);
#10931 = CARTESIAN_POINT('',(-75.55,66.85,151.));
#10932 = SURFACE_CURVE('',#10933,(#10937,#10944),.PCURVE_S1.);
#10933 = LINE('',#10934,#10935);
#10934 = CARTESIAN_POINT('',(-75.55,66.85,151.));
#10935 = VECTOR('',#10936,1.);
#10936 = DIRECTION('',(0.,1.,0.));
#10937 = PCURVE('',#3240,#10938);
#10938 = DEFINITIONAL_REPRESENTATION('',(#10939),#10943);
#10939 = LINE('',#10940,#10941);
#10940 = CARTESIAN_POINT('',(4.,0.));
#10941 = VECTOR('',#10942,1.);
#10942 = DIRECTION('',(0.,-1.));
#10943 = ( GEOMETRIC_REPRESENTATION_CONTEXT(2) 
PARAMETRIC_REPRESENTATION_CONTEXT() REPRESENTATION_CONTEXT('2D SPACE',''
  ) );
#10944 = PCURVE('',#3268,#10945);
#10945 = DEFINITIONAL_REPRESENTATION('',(#10946),#10950);
#10946 = LINE('',#10947,#10948);
#10947 = CARTESIAN_POINT('',(0.,0.));
#10948 = VECTOR('',#10949,1.);
#10949 = DIRECTION('',(0.,1.));
#10950 = ( GEOMETRIC_REPRESENTATION_CONTEXT(2) 
PARAMETRIC_REPRESENTATION_CONTEXT() REPRESENTATION_CONTEXT('2D SPACE',''
  ) );
#10951 = ORIENTED_EDGE('',*,*,#10952,.F.);
#10952 = EDGE_CURVE('',#10953,#10930,#10955,.T.);
#10953 = VERTEX_POINT('',#10954);
#10954 = CARTESIAN_POINT('',(-75.55,66.85,147.));
#10955 = SURFACE_CURVE('',#10956,(#10960,#10967),.PCURVE_S1.);
#10956 = LINE('',#10957,#10958);
#10957 = CARTESIAN_POINT('',(-75.55,66.85,147.));
#10958 = VECTOR('',#10959,1.);
#10959 = DIRECTION('',(0.,0.,1.));
#10960 = PCURVE('',#3240,#10961);
#10961 = DEFINITIONAL_REPRESENTATION('',(#10962),#10966);
#10962 = LINE('',#10963,#10964);
#10963 = CARTESIAN_POINT('',(0.,0.));
#10964 = VECTOR('',#10965,1.);
#10965 = DIRECTION('',(1.,0.));
#10966 = ( GEOMETRIC_REPRESENTATION_CONTEXT(2) 
PARAMETRIC_REPRESENTATION_CONTEXT() REPRESENTATION_CONTEXT('2D SPACE',''
  ) );
#10967 = PCURVE('',#10968,#10973);
#10968 = PLANE('',#10969);
#10969 = AXIS2_PLACEMENT_3D('',#10970,#10971,#10972);
#10970 = CARTESIAN_POINT('',(-75.55,66.85,147.));
#10971 = DIRECTION('',(0.,1.,0.));
#10972 = DIRECTION('',(0.,0.,1.));
#10973 = DEFINITIONAL_REPRESENTATION('',(#10974),#10978);
#10974 = LINE('',#10975,#10976);
#10975 = CARTESIAN_POINT('',(0.,0.));
#10976 = VECTOR('',#10977,1.);
#10977 = DIRECTION('',(1.,0.));
#10978 = ( GEOMETRIC_REPRESENTATION_CONTEXT(2) 
PARAMETRIC_REPRESENTATION_CONTEXT() REPRESENTATION_CONTEXT('2D SPACE',''
  ) );
#10979 = ORIENTED_EDGE('',*,*,#10980,.T.);
#10980 = EDGE_CURVE('',#10953,#3226,#10981,.T.);
#10981 = SURFACE_CURVE('',#10982,(#10986,#10993),.PCURVE_S1.);
#10982 = LINE('',#10983,#10984);
#10983 = CARTESIAN_POINT('',(-75.55,66.85,147.));
#10984 = VECTOR('',#10985,1.);
#10985 = DIRECTION('',(0.,1.,0.));
#10986 = PCURVE('',#3240,#10987);
#10987 = DEFINITIONAL_REPRESENTATION('',(#10988),#10992);
#10988 = LINE('',#10989,#10990);
#10989 = CARTESIAN_POINT('',(0.,0.));
#10990 = VECTOR('',#10991,1.);
#10991 = DIRECTION('',(0.,-1.));
#10992 = ( GEOMETRIC_REPRESENTATION_CONTEXT(2) 
PARAMETRIC_REPRESENTATION_CONTEXT() REPRESENTATION_CONTEXT('2D SPACE',''
  ) );
#10993 = PCURVE('',#3325,#10994);
#10994 = DEFINITIONAL_REPRESENTATION('',(#10995),#10999);
#10995 = LINE('',#10996,#10997);
#10996 = CARTESIAN_POINT('',(0.,0.));
#10997 = VECTOR('',#10998,1.);
#10998 = DIRECTION('',(0.,1.));
#10999 = ( GEOMETRIC_REPRESENTATION_CONTEXT(2) 
PARAMETRIC_REPRESENTATION_CONTEXT() REPRESENTATION_CONTEXT('2D SPACE',''
  ) );
#11000 = ORIENTED_EDGE('',*,*,#3223,.F.);
#11001 = ADVANCED_FACE('',(#11002,#11285,#11320),#3268,.T.);
#11002 = FACE_BOUND('',#11003,.T.);
#11003 = EDGE_LOOP('',(#11004,#11027,#11056,#11084,#11113,#11134,#11135,
    #11136,#11159,#11183,#11211,#11235,#11263,#11284));
#11004 = ORIENTED_EDGE('',*,*,#11005,.F.);
#11005 = EDGE_CURVE('',#11006,#4032,#11008,.T.);
#11006 = VERTEX_POINT('',#11007);
#11007 = CARTESIAN_POINT('',(44.061552812809,74.85,151.));
#11008 = SURFACE_CURVE('',#11009,(#11013,#11020),.PCURVE_S1.);
#11009 = LINE('',#11010,#11011);
#11010 = CARTESIAN_POINT('',(-75.55,74.85,151.));
#11011 = VECTOR('',#11012,1.);
#11012 = DIRECTION('',(1.,0.,0.));
#11013 = PCURVE('',#3268,#11014);
#11014 = DEFINITIONAL_REPRESENTATION('',(#11015),#11019);
#11015 = LINE('',#11016,#11017);
#11016 = CARTESIAN_POINT('',(0.,8.));
#11017 = VECTOR('',#11018,1.);
#11018 = DIRECTION('',(1.,0.));
#11019 = ( GEOMETRIC_REPRESENTATION_CONTEXT(2) 
PARAMETRIC_REPRESENTATION_CONTEXT() REPRESENTATION_CONTEXT('2D SPACE',''
  ) );
#11020 = PCURVE('',#4133,#11021);
#11021 = DEFINITIONAL_REPRESENTATION('',(#11022),#11026);
#11022 = LINE('',#11023,#11024);
#11023 = CARTESIAN_POINT('',(4.,0.));
#11024 = VECTOR('',#11025,1.);
#11025 = DIRECTION('',(0.,1.));
#11026 = ( GEOMETRIC_REPRESENTATION_CONTEXT(2) 
PARAMETRIC_REPRESENTATION_CONTEXT() REPRESENTATION_CONTEXT('2D SPACE',''
  ) );
#11027 = ORIENTED_EDGE('',*,*,#11028,.T.);
#11028 = EDGE_CURVE('',#11006,#11029,#11031,.T.);
#11029 = VERTEX_POINT('',#11030);
#11030 = CARTESIAN_POINT('',(39.938447187191,74.85,151.));
#11031 = SURFACE_CURVE('',#11032,(#11037,#11044),.PCURVE_S1.);
#11032 = CIRCLE('',#11033,4.5);
#11033 = AXIS2_PLACEMENT_3D('',#11034,#11035,#11036);
#11034 = CARTESIAN_POINT('',(42.,70.85,151.));
#11035 = DIRECTION('',(0.,0.,1.));
#11036 = DIRECTION('',(1.,0.,0.));
#11037 = PCURVE('',#3268,#11038);
#11038 = DEFINITIONAL_REPRESENTATION('',(#11039),#11043);
#11039 = CIRCLE('',#11040,4.5);
#11040 = AXIS2_PLACEMENT_2D('',#11041,#11042);
#11041 = CARTESIAN_POINT('',(117.55,4.));
#11042 = DIRECTION('',(1.,0.));
#11043 = ( GEOMETRIC_REPRESENTATION_CONTEXT(2) 
PARAMETRIC_REPRESENTATION_CONTEXT() REPRESENTATION_CONTEXT('2D SPACE',''
  ) );
#11044 = PCURVE('',#11045,#11050);
#11045 = CYLINDRICAL_SURFACE('',#11046,4.5);
#11046 = AXIS2_PLACEMENT_3D('',#11047,#11048,#11049);
#11047 = CARTESIAN_POINT('',(42.,70.85,143.));
#11048 = DIRECTION('',(-0.,-0.,-1.));
#11049 = DIRECTION('',(1.,0.,0.));
#11050 = DEFINITIONAL_REPRESENTATION('',(#11051),#11055);
#11051 = LINE('',#11052,#11053);
#11052 = CARTESIAN_POINT('',(-0.,-8.));
#11053 = VECTOR('',#11054,1.);
#11054 = DIRECTION('',(-1.,0.));
#11055 = ( GEOMETRIC_REPRESENTATION_CONTEXT(2) 
PARAMETRIC_REPRESENTATION_CONTEXT() REPRESENTATION_CONTEXT('2D SPACE',''
  ) );
#11056 = ORIENTED_EDGE('',*,*,#11057,.F.);
#11057 = EDGE_CURVE('',#11058,#11029,#11060,.T.);
#11058 = VERTEX_POINT('',#11059);
#11059 = CARTESIAN_POINT('',(-39.93844718719,74.85,151.));
#11060 = SURFACE_CURVE('',#11061,(#11065,#11072),.PCURVE_S1.);
#11061 = LINE('',#11062,#11063);
#11062 = CARTESIAN_POINT('',(-75.55,74.85,151.));
#11063 = VECTOR('',#11064,1.);
#11064 = DIRECTION('',(1.,0.,0.));
#11065 = PCURVE('',#3268,#11066);
#11066 = DEFINITIONAL_REPRESENTATION('',(#11067),#11071);
#11067 = LINE('',#11068,#11069);
#11068 = CARTESIAN_POINT('',(0.,8.));
#11069 = VECTOR('',#11070,1.);
#11070 = DIRECTION('',(1.,0.));
#11071 = ( GEOMETRIC_REPRESENTATION_CONTEXT(2) 
PARAMETRIC_REPRESENTATION_CONTEXT() REPRESENTATION_CONTEXT('2D SPACE',''
  ) );
#11072 = PCURVE('',#11073,#11078);
#11073 = PLANE('',#11074);
#11074 = AXIS2_PLACEMENT_3D('',#11075,#11076,#11077);
#11075 = CARTESIAN_POINT('',(-75.55,74.85,147.));
#11076 = DIRECTION('',(0.,1.,0.));
#11077 = DIRECTION('',(0.,0.,1.));
#11078 = DEFINITIONAL_REPRESENTATION('',(#11079),#11083);
#11079 = LINE('',#11080,#11081);
#11080 = CARTESIAN_POINT('',(4.,0.));
#11081 = VECTOR('',#11082,1.);
#11082 = DIRECTION('',(0.,1.));
#11083 = ( GEOMETRIC_REPRESENTATION_CONTEXT(2) 
PARAMETRIC_REPRESENTATION_CONTEXT() REPRESENTATION_CONTEXT('2D SPACE',''
  ) );
#11084 = ORIENTED_EDGE('',*,*,#11085,.T.);
#11085 = EDGE_CURVE('',#11058,#11086,#11088,.T.);
#11086 = VERTEX_POINT('',#11087);
#11087 = CARTESIAN_POINT('',(-44.0615528128,74.85,151.));
#11088 = SURFACE_CURVE('',#11089,(#11094,#11101),.PCURVE_S1.);
#11089 = CIRCLE('',#11090,4.5);
#11090 = AXIS2_PLACEMENT_3D('',#11091,#11092,#11093);
#11091 = CARTESIAN_POINT('',(-42.,70.85,151.));
#11092 = DIRECTION('',(0.,0.,1.));
#11093 = DIRECTION('',(1.,0.,0.));
#11094 = PCURVE('',#3268,#11095);
#11095 = DEFINITIONAL_REPRESENTATION('',(#11096),#11100);
#11096 = CIRCLE('',#11097,4.5);
#11097 = AXIS2_PLACEMENT_2D('',#11098,#11099);
#11098 = CARTESIAN_POINT('',(33.55,4.));
#11099 = DIRECTION('',(1.,0.));
#11100 = ( GEOMETRIC_REPRESENTATION_CONTEXT(2) 
PARAMETRIC_REPRESENTATION_CONTEXT() REPRESENTATION_CONTEXT('2D SPACE',''
  ) );
#11101 = PCURVE('',#11102,#11107);
#11102 = CYLINDRICAL_SURFACE('',#11103,4.5);
#11103 = AXIS2_PLACEMENT_3D('',#11104,#11105,#11106);
#11104 = CARTESIAN_POINT('',(-42.,70.85,143.));
#11105 = DIRECTION('',(-0.,-0.,-1.));
#11106 = DIRECTION('',(1.,0.,0.));
#11107 = DEFINITIONAL_REPRESENTATION('',(#11108),#11112);
#11108 = LINE('',#11109,#11110);
#11109 = CARTESIAN_POINT('',(-0.,-8.));
#11110 = VECTOR('',#11111,1.);
#11111 = DIRECTION('',(-1.,0.));
#11112 = ( GEOMETRIC_REPRESENTATION_CONTEXT(2) 
PARAMETRIC_REPRESENTATION_CONTEXT() REPRESENTATION_CONTEXT('2D SPACE',''
  ) );
#11113 = ORIENTED_EDGE('',*,*,#11114,.F.);
#11114 = EDGE_CURVE('',#3252,#11086,#11115,.T.);
#11115 = SURFACE_CURVE('',#11116,(#11120,#11127),.PCURVE_S1.);
#11116 = LINE('',#11117,#11118);
#11117 = CARTESIAN_POINT('',(-75.55,74.85,151.));
#11118 = VECTOR('',#11119,1.);
#11119 = DIRECTION('',(1.,0.,0.));
#11120 = PCURVE('',#3268,#11121);
#11121 = DEFINITIONAL_REPRESENTATION('',(#11122),#11126);
#11122 = LINE('',#11123,#11124);
#11123 = CARTESIAN_POINT('',(0.,8.));
#11124 = VECTOR('',#11125,1.);
#11125 = DIRECTION('',(1.,0.));
#11126 = ( GEOMETRIC_REPRESENTATION_CONTEXT(2) 
PARAMETRIC_REPRESENTATION_CONTEXT() REPRESENTATION_CONTEXT('2D SPACE',''
  ) );
#11127 = PCURVE('',#3299,#11128);
#11128 = DEFINITIONAL_REPRESENTATION('',(#11129),#11133);
#11129 = LINE('',#11130,#11131);
#11130 = CARTESIAN_POINT('',(4.,0.));
#11131 = VECTOR('',#11132,1.);
#11132 = DIRECTION('',(0.,1.));
#11133 = ( GEOMETRIC_REPRESENTATION_CONTEXT(2) 
PARAMETRIC_REPRESENTATION_CONTEXT() REPRESENTATION_CONTEXT('2D SPACE',''
  ) );
#11134 = ORIENTED_EDGE('',*,*,#3251,.F.);
#11135 = ORIENTED_EDGE('',*,*,#10929,.F.);
#11136 = ORIENTED_EDGE('',*,*,#11137,.T.);
#11137 = EDGE_CURVE('',#10930,#11138,#11140,.T.);
#11138 = VERTEX_POINT('',#11139);
#11139 = CARTESIAN_POINT('',(-44.0615528128,66.85,151.));
#11140 = SURFACE_CURVE('',#11141,(#11145,#11152),.PCURVE_S1.);
#11141 = LINE('',#11142,#11143);
#11142 = CARTESIAN_POINT('',(-75.55,66.85,151.));
#11143 = VECTOR('',#11144,1.);
#11144 = DIRECTION('',(1.,0.,0.));
#11145 = PCURVE('',#3268,#11146);
#11146 = DEFINITIONAL_REPRESENTATION('',(#11147),#11151);
#11147 = LINE('',#11148,#11149);
#11148 = CARTESIAN_POINT('',(0.,0.));
#11149 = VECTOR('',#11150,1.);
#11150 = DIRECTION('',(1.,0.));
#11151 = ( GEOMETRIC_REPRESENTATION_CONTEXT(2) 
PARAMETRIC_REPRESENTATION_CONTEXT() REPRESENTATION_CONTEXT('2D SPACE',''
  ) );
#11152 = PCURVE('',#10968,#11153);
#11153 = DEFINITIONAL_REPRESENTATION('',(#11154),#11158);
#11154 = LINE('',#11155,#11156);
#11155 = CARTESIAN_POINT('',(4.,0.));
#11156 = VECTOR('',#11157,1.);
#11157 = DIRECTION('',(0.,1.));
#11158 = ( GEOMETRIC_REPRESENTATION_CONTEXT(2) 
PARAMETRIC_REPRESENTATION_CONTEXT() REPRESENTATION_CONTEXT('2D SPACE',''
  ) );
#11159 = ORIENTED_EDGE('',*,*,#11160,.T.);
#11160 = EDGE_CURVE('',#11138,#11161,#11163,.T.);
#11161 = VERTEX_POINT('',#11162);
#11162 = CARTESIAN_POINT('',(-39.93844718719,66.85,151.));
#11163 = SURFACE_CURVE('',#11164,(#11169,#11176),.PCURVE_S1.);
#11164 = CIRCLE('',#11165,4.5);
#11165 = AXIS2_PLACEMENT_3D('',#11166,#11167,#11168);
#11166 = CARTESIAN_POINT('',(-42.,70.85,151.));
#11167 = DIRECTION('',(0.,0.,1.));
#11168 = DIRECTION('',(1.,0.,0.));
#11169 = PCURVE('',#3268,#11170);
#11170 = DEFINITIONAL_REPRESENTATION('',(#11171),#11175);
#11171 = CIRCLE('',#11172,4.5);
#11172 = AXIS2_PLACEMENT_2D('',#11173,#11174);
#11173 = CARTESIAN_POINT('',(33.55,4.));
#11174 = DIRECTION('',(1.,0.));
#11175 = ( GEOMETRIC_REPRESENTATION_CONTEXT(2) 
PARAMETRIC_REPRESENTATION_CONTEXT() REPRESENTATION_CONTEXT('2D SPACE',''
  ) );
#11176 = PCURVE('',#11102,#11177);
#11177 = DEFINITIONAL_REPRESENTATION('',(#11178),#11182);
#11178 = LINE('',#11179,#11180);
#11179 = CARTESIAN_POINT('',(-0.,-8.));
#11180 = VECTOR('',#11181,1.);
#11181 = DIRECTION('',(-1.,0.));
#11182 = ( GEOMETRIC_REPRESENTATION_CONTEXT(2) 
PARAMETRIC_REPRESENTATION_CONTEXT() REPRESENTATION_CONTEXT('2D SPACE',''
  ) );
#11183 = ORIENTED_EDGE('',*,*,#11184,.T.);
#11184 = EDGE_CURVE('',#11161,#11185,#11187,.T.);
#11185 = VERTEX_POINT('',#11186);
#11186 = CARTESIAN_POINT('',(39.938447187191,66.85,151.));
#11187 = SURFACE_CURVE('',#11188,(#11192,#11199),.PCURVE_S1.);
#11188 = LINE('',#11189,#11190);
#11189 = CARTESIAN_POINT('',(-75.55,66.85,151.));
#11190 = VECTOR('',#11191,1.);
#11191 = DIRECTION('',(1.,0.,0.));
#11192 = PCURVE('',#3268,#11193);
#11193 = DEFINITIONAL_REPRESENTATION('',(#11194),#11198);
#11194 = LINE('',#11195,#11196);
#11195 = CARTESIAN_POINT('',(0.,0.));
#11196 = VECTOR('',#11197,1.);
#11197 = DIRECTION('',(1.,0.));
#11198 = ( GEOMETRIC_REPRESENTATION_CONTEXT(2) 
PARAMETRIC_REPRESENTATION_CONTEXT() REPRESENTATION_CONTEXT('2D SPACE',''
  ) );
#11199 = PCURVE('',#11200,#11205);
#11200 = PLANE('',#11201);
#11201 = AXIS2_PLACEMENT_3D('',#11202,#11203,#11204);
#11202 = CARTESIAN_POINT('',(-75.55,66.85,147.));
#11203 = DIRECTION('',(0.,1.,0.));
#11204 = DIRECTION('',(0.,0.,1.));
#11205 = DEFINITIONAL_REPRESENTATION('',(#11206),#11210);
#11206 = LINE('',#11207,#11208);
#11207 = CARTESIAN_POINT('',(4.,0.));
#11208 = VECTOR('',#11209,1.);
#11209 = DIRECTION('',(0.,1.));
#11210 = ( GEOMETRIC_REPRESENTATION_CONTEXT(2) 
PARAMETRIC_REPRESENTATION_CONTEXT() REPRESENTATION_CONTEXT('2D SPACE',''
  ) );
#11211 = ORIENTED_EDGE('',*,*,#11212,.T.);
#11212 = EDGE_CURVE('',#11185,#11213,#11215,.T.);
#11213 = VERTEX_POINT('',#11214);
#11214 = CARTESIAN_POINT('',(44.061552812809,66.85,151.));
#11215 = SURFACE_CURVE('',#11216,(#11221,#11228),.PCURVE_S1.);
#11216 = CIRCLE('',#11217,4.5);
#11217 = AXIS2_PLACEMENT_3D('',#11218,#11219,#11220);
#11218 = CARTESIAN_POINT('',(42.,70.85,151.));
#11219 = DIRECTION('',(0.,0.,1.));
#11220 = DIRECTION('',(1.,0.,0.));
#11221 = PCURVE('',#3268,#11222);
#11222 = DEFINITIONAL_REPRESENTATION('',(#11223),#11227);
#11223 = CIRCLE('',#11224,4.5);
#11224 = AXIS2_PLACEMENT_2D('',#11225,#11226);
#11225 = CARTESIAN_POINT('',(117.55,4.));
#11226 = DIRECTION('',(1.,0.));
#11227 = ( GEOMETRIC_REPRESENTATION_CONTEXT(2) 
PARAMETRIC_REPRESENTATION_CONTEXT() REPRESENTATION_CONTEXT('2D SPACE',''
  ) );
#11228 = PCURVE('',#11045,#11229);
#11229 = DEFINITIONAL_REPRESENTATION('',(#11230),#11234);
#11230 = LINE('',#11231,#11232);
#11231 = CARTESIAN_POINT('',(-0.,-8.));
#11232 = VECTOR('',#11233,1.);
#11233 = DIRECTION('',(-1.,0.));
#11234 = ( GEOMETRIC_REPRESENTATION_CONTEXT(2) 
PARAMETRIC_REPRESENTATION_CONTEXT() REPRESENTATION_CONTEXT('2D SPACE',''
  ) );
#11235 = ORIENTED_EDGE('',*,*,#11236,.T.);
#11236 = EDGE_CURVE('',#11213,#11237,#11239,.T.);
#11237 = VERTEX_POINT('',#11238);
#11238 = CARTESIAN_POINT('',(75.55,66.85,151.));
#11239 = SURFACE_CURVE('',#11240,(#11244,#11251),.PCURVE_S1.);
#11240 = LINE('',#11241,#11242);
#11241 = CARTESIAN_POINT('',(-75.55,66.85,151.));
#11242 = VECTOR('',#11243,1.);
#11243 = DIRECTION('',(1.,0.,0.));
#11244 = PCURVE('',#3268,#11245);
#11245 = DEFINITIONAL_REPRESENTATION('',(#11246),#11250);
#11246 = LINE('',#11247,#11248);
#11247 = CARTESIAN_POINT('',(0.,0.));
#11248 = VECTOR('',#11249,1.);
#11249 = DIRECTION('',(1.,0.));
#11250 = ( GEOMETRIC_REPRESENTATION_CONTEXT(2) 
PARAMETRIC_REPRESENTATION_CONTEXT() REPRESENTATION_CONTEXT('2D SPACE',''
  ) );
#11251 = PCURVE('',#11252,#11257);
#11252 = PLANE('',#11253);
#11253 = AXIS2_PLACEMENT_3D('',#11254,#11255,#11256);
#11254 = CARTESIAN_POINT('',(-75.55,66.85,147.));
#11255 = DIRECTION('',(0.,1.,0.));
#11256 = DIRECTION('',(0.,0.,1.));
#11257 = DEFINITIONAL_REPRESENTATION('',(#11258),#11262);
#11258 = LINE('',#11259,#11260);
#11259 = CARTESIAN_POINT('',(4.,0.));
#11260 = VECTOR('',#11261,1.);
#11261 = DIRECTION('',(0.,1.));
#11262 = ( GEOMETRIC_REPRESENTATION_CONTEXT(2) 
PARAMETRIC_REPRESENTATION_CONTEXT() REPRESENTATION_CONTEXT('2D SPACE',''
  ) );
#11263 = ORIENTED_EDGE('',*,*,#11264,.T.);
#11264 = EDGE_CURVE('',#11237,#4034,#11265,.T.);
#11265 = SURFACE_CURVE('',#11266,(#11270,#11277),.PCURVE_S1.);
#11266 = LINE('',#11267,#11268);
#11267 = CARTESIAN_POINT('',(75.55,66.85,151.));
#11268 = VECTOR('',#11269,1.);
#11269 = DIRECTION('',(0.,1.,0.));
#11270 = PCURVE('',#3268,#11271);
#11271 = DEFINITIONAL_REPRESENTATION('',(#11272),#11276);
#11272 = LINE('',#11273,#11274);
#11273 = CARTESIAN_POINT('',(151.1,0.));
#11274 = VECTOR('',#11275,1.);
#11275 = DIRECTION('',(0.,1.));
#11276 = ( GEOMETRIC_REPRESENTATION_CONTEXT(2) 
PARAMETRIC_REPRESENTATION_CONTEXT() REPRESENTATION_CONTEXT('2D SPACE',''
  ) );
#11277 = PCURVE('',#4076,#11278);
#11278 = DEFINITIONAL_REPRESENTATION('',(#11279),#11283);
#11279 = LINE('',#11280,#11281);
#11280 = CARTESIAN_POINT('',(4.,0.));
#11281 = VECTOR('',#11282,1.);
#11282 = DIRECTION('',(0.,-1.));
#11283 = ( GEOMETRIC_REPRESENTATION_CONTEXT(2) 
PARAMETRIC_REPRESENTATION_CONTEXT() REPRESENTATION_CONTEXT('2D SPACE',''
  ) );
#11284 = ORIENTED_EDGE('',*,*,#4031,.F.);
#11285 = FACE_BOUND('',#11286,.T.);
#11286 = EDGE_LOOP('',(#11287));
#11287 = ORIENTED_EDGE('',*,*,#11288,.T.);
#11288 = EDGE_CURVE('',#11289,#11289,#11291,.T.);
#11289 = VERTEX_POINT('',#11290);
#11290 = CARTESIAN_POINT('',(-39.9,70.85,151.));
#11291 = SURFACE_CURVE('',#11292,(#11297,#11308),.PCURVE_S1.);
#11292 = CIRCLE('',#11293,2.1);
#11293 = AXIS2_PLACEMENT_3D('',#11294,#11295,#11296);
#11294 = CARTESIAN_POINT('',(-42.,70.85,151.));
#11295 = DIRECTION('',(0.,0.,-1.));
#11296 = DIRECTION('',(1.,0.,0.));
#11297 = PCURVE('',#3268,#11298);
#11298 = DEFINITIONAL_REPRESENTATION('',(#11299),#11307);
#11299 = ( BOUNDED_CURVE() B_SPLINE_CURVE(2,(#11300,#11301,#11302,#11303
    ,#11304,#11305,#11306),.UNSPECIFIED.,.T.,.F.) 
B_SPLINE_CURVE_WITH_KNOTS((1,2,2,2,2,1),(-2.094395102393,0.,
    2.094395102393,4.188790204786,6.28318530718,8.377580409573),
.UNSPECIFIED.) CURVE() GEOMETRIC_REPRESENTATION_ITEM() 
RATIONAL_B_SPLINE_CURVE((1.,0.5,1.,0.5,1.,0.5,1.)) REPRESENTATION_ITEM(
  '') );
#11300 = CARTESIAN_POINT('',(35.65,4.));
#11301 = CARTESIAN_POINT('',(35.65,0.362693304105));
#11302 = CARTESIAN_POINT('',(32.5,2.181346652053));
#11303 = CARTESIAN_POINT('',(29.35,4.));
#11304 = CARTESIAN_POINT('',(32.5,5.818653347947));
#11305 = CARTESIAN_POINT('',(35.65,7.637306695895));
#11306 = CARTESIAN_POINT('',(35.65,4.));
#11307 = ( GEOMETRIC_REPRESENTATION_CONTEXT(2) 
PARAMETRIC_REPRESENTATION_CONTEXT() REPRESENTATION_CONTEXT('2D SPACE',''
  ) );
#11308 = PCURVE('',#11309,#11314);
#11309 = CYLINDRICAL_SURFACE('',#11310,2.1);
#11310 = AXIS2_PLACEMENT_3D('',#11311,#11312,#11313);
#11311 = CARTESIAN_POINT('',(-42.,70.85,145.2));
#11312 = DIRECTION('',(-0.,-0.,-1.));
#11313 = DIRECTION('',(1.,0.,0.));
#11314 = DEFINITIONAL_REPRESENTATION('',(#11315),#11319);
#11315 = LINE('',#11316,#11317);
#11316 = CARTESIAN_POINT('',(-6.28318530718,-5.8));
#11317 = VECTOR('',#11318,1.);
#11318 = DIRECTION('',(1.,-0.));
#11319 = ( GEOMETRIC_REPRESENTATION_CONTEXT(2) 
PARAMETRIC_REPRESENTATION_CONTEXT() REPRESENTATION_CONTEXT('2D SPACE',''
  ) );
#11320 = FACE_BOUND('',#11321,.T.);
#11321 = EDGE_LOOP('',(#11322));
#11322 = ORIENTED_EDGE('',*,*,#11323,.T.);
#11323 = EDGE_CURVE('',#11324,#11324,#11326,.T.);
#11324 = VERTEX_POINT('',#11325);
#11325 = CARTESIAN_POINT('',(44.1,70.85,151.));
#11326 = SURFACE_CURVE('',#11327,(#11332,#11343),.PCURVE_S1.);
#11327 = CIRCLE('',#11328,2.1);
#11328 = AXIS2_PLACEMENT_3D('',#11329,#11330,#11331);
#11329 = CARTESIAN_POINT('',(42.,70.85,151.));
#11330 = DIRECTION('',(0.,0.,-1.));
#11331 = DIRECTION('',(1.,0.,0.));
#11332 = PCURVE('',#3268,#11333);
#11333 = DEFINITIONAL_REPRESENTATION('',(#11334),#11342);
#11334 = ( BOUNDED_CURVE() B_SPLINE_CURVE(2,(#11335,#11336,#11337,#11338
    ,#11339,#11340,#11341),.UNSPECIFIED.,.T.,.F.) 
B_SPLINE_CURVE_WITH_KNOTS((1,2,2,2,2,1),(-2.094395102393,0.,
    2.094395102393,4.188790204786,6.28318530718,8.377580409573),
.UNSPECIFIED.) CURVE() GEOMETRIC_REPRESENTATION_ITEM() 
RATIONAL_B_SPLINE_CURVE((1.,0.5,1.,0.5,1.,0.5,1.)) REPRESENTATION_ITEM(
  '') );
#11335 = CARTESIAN_POINT('',(119.65,4.));
#11336 = CARTESIAN_POINT('',(119.65,0.362693304105));
#11337 = CARTESIAN_POINT('',(116.5,2.181346652053));
#11338 = CARTESIAN_POINT('',(113.35,4.));
#11339 = CARTESIAN_POINT('',(116.5,5.818653347947));
#11340 = CARTESIAN_POINT('',(119.65,7.637306695895));
#11341 = CARTESIAN_POINT('',(119.65,4.));
#11342 = ( GEOMETRIC_REPRESENTATION_CONTEXT(2) 
PARAMETRIC_REPRESENTATION_CONTEXT() REPRESENTATION_CONTEXT('2D SPACE',''
  ) );
#11343 = PCURVE('',#11344,#11349);
#11344 = CYLINDRICAL_SURFACE('',#11345,2.1);
#11345 = AXIS2_PLACEMENT_3D('',#11346,#11347,#11348);
#11346 = CARTESIAN_POINT('',(42.,70.85,145.2));
#11347 = DIRECTION('',(-0.,-0.,-1.));
#11348 = DIRECTION('',(1.,0.,0.));
#11349 = DEFINITIONAL_REPRESENTATION('',(#11350),#11354);
#11350 = LINE('',#11351,#11352);
#11351 = CARTESIAN_POINT('',(-6.28318530718,-5.8));
#11352 = VECTOR('',#11353,1.);
#11353 = DIRECTION('',(1.,-0.));
#11354 = ( GEOMETRIC_REPRESENTATION_CONTEXT(2) 
PARAMETRIC_REPRESENTATION_CONTEXT() REPRESENTATION_CONTEXT('2D SPACE',''
  ) );
#11355 = ADVANCED_FACE('',(#11356),#3325,.F.);
#11356 = FACE_BOUND('',#11357,.F.);
#11357 = EDGE_LOOP('',(#11358,#11359,#11382,#11410,#11431));
#11358 = ORIENTED_EDGE('',*,*,#10980,.F.);
#11359 = ORIENTED_EDGE('',*,*,#11360,.T.);
#11360 = EDGE_CURVE('',#10953,#11361,#11363,.T.);
#11361 = VERTEX_POINT('',#11362);
#11362 = CARTESIAN_POINT('',(-44.0615528128,66.85,147.));
#11363 = SURFACE_CURVE('',#11364,(#11368,#11375),.PCURVE_S1.);
#11364 = LINE('',#11365,#11366);
#11365 = CARTESIAN_POINT('',(-75.55,66.85,147.));
#11366 = VECTOR('',#11367,1.);
#11367 = DIRECTION('',(1.,0.,0.));
#11368 = PCURVE('',#3325,#11369);
#11369 = DEFINITIONAL_REPRESENTATION('',(#11370),#11374);
#11370 = LINE('',#11371,#11372);
#11371 = CARTESIAN_POINT('',(0.,0.));
#11372 = VECTOR('',#11373,1.);
#11373 = DIRECTION('',(1.,0.));
#11374 = ( GEOMETRIC_REPRESENTATION_CONTEXT(2) 
PARAMETRIC_REPRESENTATION_CONTEXT() REPRESENTATION_CONTEXT('2D SPACE',''
  ) );
#11375 = PCURVE('',#10968,#11376);
#11376 = DEFINITIONAL_REPRESENTATION('',(#11377),#11381);
#11377 = LINE('',#11378,#11379);
#11378 = CARTESIAN_POINT('',(0.,0.));
#11379 = VECTOR('',#11380,1.);
#11380 = DIRECTION('',(0.,1.));
#11381 = ( GEOMETRIC_REPRESENTATION_CONTEXT(2) 
PARAMETRIC_REPRESENTATION_CONTEXT() REPRESENTATION_CONTEXT('2D SPACE',''
  ) );
#11382 = ORIENTED_EDGE('',*,*,#11383,.T.);
#11383 = EDGE_CURVE('',#11361,#11384,#11386,.T.);
#11384 = VERTEX_POINT('',#11385);
#11385 = CARTESIAN_POINT('',(-44.0615528128,74.85,147.));
#11386 = SURFACE_CURVE('',#11387,(#11392,#11403),.PCURVE_S1.);
#11387 = CIRCLE('',#11388,4.5);
#11388 = AXIS2_PLACEMENT_3D('',#11389,#11390,#11391);
#11389 = CARTESIAN_POINT('',(-42.,70.85,147.));
#11390 = DIRECTION('',(0.,0.,-1.));
#11391 = DIRECTION('',(1.,0.,0.));
#11392 = PCURVE('',#3325,#11393);
#11393 = DEFINITIONAL_REPRESENTATION('',(#11394),#11402);
#11394 = ( BOUNDED_CURVE() B_SPLINE_CURVE(2,(#11395,#11396,#11397,#11398
    ,#11399,#11400,#11401),.UNSPECIFIED.,.T.,.F.) 
B_SPLINE_CURVE_WITH_KNOTS((1,2,2,2,2,1),(-2.094395102393,0.,
    2.094395102393,4.188790204786,6.28318530718,8.377580409573),
.UNSPECIFIED.) CURVE() GEOMETRIC_REPRESENTATION_ITEM() 
RATIONAL_B_SPLINE_CURVE((1.,0.5,1.,0.5,1.,0.5,1.)) REPRESENTATION_ITEM(
  '') );
#11395 = CARTESIAN_POINT('',(38.05,4.));
#11396 = CARTESIAN_POINT('',(38.05,-3.79422863406));
#11397 = CARTESIAN_POINT('',(31.3,0.10288568297));
#11398 = CARTESIAN_POINT('',(24.55,4.));
#11399 = CARTESIAN_POINT('',(31.3,7.89711431703));
#11400 = CARTESIAN_POINT('',(38.05,11.79422863406));
#11401 = CARTESIAN_POINT('',(38.05,4.));
#11402 = ( GEOMETRIC_REPRESENTATION_CONTEXT(2) 
PARAMETRIC_REPRESENTATION_CONTEXT() REPRESENTATION_CONTEXT('2D SPACE',''
  ) );
#11403 = PCURVE('',#11102,#11404);
#11404 = DEFINITIONAL_REPRESENTATION('',(#11405),#11409);
#11405 = LINE('',#11406,#11407);
#11406 = CARTESIAN_POINT('',(-6.28318530718,-4.));
#11407 = VECTOR('',#11408,1.);
#11408 = DIRECTION('',(1.,-0.));
#11409 = ( GEOMETRIC_REPRESENTATION_CONTEXT(2) 
PARAMETRIC_REPRESENTATION_CONTEXT() REPRESENTATION_CONTEXT('2D SPACE',''
  ) );
#11410 = ORIENTED_EDGE('',*,*,#11411,.F.);
#11411 = EDGE_CURVE('',#3285,#11384,#11412,.T.);
#11412 = SURFACE_CURVE('',#11413,(#11417,#11424),.PCURVE_S1.);
#11413 = LINE('',#11414,#11415);
#11414 = CARTESIAN_POINT('',(-75.55,74.85,147.));
#11415 = VECTOR('',#11416,1.);
#11416 = DIRECTION('',(1.,0.,0.));
#11417 = PCURVE('',#3325,#11418);
#11418 = DEFINITIONAL_REPRESENTATION('',(#11419),#11423);
#11419 = LINE('',#11420,#11421);
#11420 = CARTESIAN_POINT('',(0.,8.));
#11421 = VECTOR('',#11422,1.);
#11422 = DIRECTION('',(1.,0.));
#11423 = ( GEOMETRIC_REPRESENTATION_CONTEXT(2) 
PARAMETRIC_REPRESENTATION_CONTEXT() REPRESENTATION_CONTEXT('2D SPACE',''
  ) );
#11424 = PCURVE('',#3299,#11425);
#11425 = DEFINITIONAL_REPRESENTATION('',(#11426),#11430);
#11426 = LINE('',#11427,#11428);
#11427 = CARTESIAN_POINT('',(0.,0.));
#11428 = VECTOR('',#11429,1.);
#11429 = DIRECTION('',(0.,1.));
#11430 = ( GEOMETRIC_REPRESENTATION_CONTEXT(2) 
PARAMETRIC_REPRESENTATION_CONTEXT() REPRESENTATION_CONTEXT('2D SPACE',''
  ) );
#11431 = ORIENTED_EDGE('',*,*,#3310,.F.);
#11432 = ADVANCED_FACE('',(#11433),#3299,.T.);
#11433 = FACE_BOUND('',#11434,.T.);
#11434 = EDGE_LOOP('',(#11435,#11436,#11437,#11438));
#11435 = ORIENTED_EDGE('',*,*,#11411,.F.);
#11436 = ORIENTED_EDGE('',*,*,#3284,.F.);
#11437 = ORIENTED_EDGE('',*,*,#11114,.T.);
#11438 = ORIENTED_EDGE('',*,*,#11439,.T.);
#11439 = EDGE_CURVE('',#11086,#11384,#11440,.T.);
#11440 = SURFACE_CURVE('',#11441,(#11445,#11451),.PCURVE_S1.);
#11441 = LINE('',#11442,#11443);
#11442 = CARTESIAN_POINT('',(-44.0615528128,74.85,143.));
#11443 = VECTOR('',#11444,1.);
#11444 = DIRECTION('',(-0.,-0.,-1.));
#11445 = PCURVE('',#3299,#11446);
#11446 = DEFINITIONAL_REPRESENTATION('',(#11447),#11450);
#11447 = B_SPLINE_CURVE_WITH_KNOTS('',1,(#11448,#11449),.UNSPECIFIED.,
  .F.,.F.,(2,2),(-8.0000006,-3.6),.PIECEWISE_BEZIER_KNOTS.);
#11448 = CARTESIAN_POINT('',(4.0000006,31.488447187191));
#11449 = CARTESIAN_POINT('',(-0.4,31.488447187191));
#11450 = ( GEOMETRIC_REPRESENTATION_CONTEXT(2) 
PARAMETRIC_REPRESENTATION_CONTEXT() REPRESENTATION_CONTEXT('2D SPACE',''
  ) );
#11451 = PCURVE('',#11102,#11452);
#11452 = DEFINITIONAL_REPRESENTATION('',(#11453),#11456);
#11453 = B_SPLINE_CURVE_WITH_KNOTS('',1,(#11454,#11455),.UNSPECIFIED.,
  .F.,.F.,(2,2),(-8.0000006,-3.6),.PIECEWISE_BEZIER_KNOTS.);
#11454 = CARTESIAN_POINT('',(-2.046678576455,-8.0000006));
#11455 = CARTESIAN_POINT('',(-2.046678576455,-3.6));
#11456 = ( GEOMETRIC_REPRESENTATION_CONTEXT(2) 
PARAMETRIC_REPRESENTATION_CONTEXT() REPRESENTATION_CONTEXT('2D SPACE',''
  ) );
#11457 = ADVANCED_FACE('',(#11458),#3943,.T.);
#11458 = FACE_BOUND('',#11459,.T.);
#11459 = EDGE_LOOP('',(#11460,#11483,#11506,#11527,#11528));
#11460 = ORIENTED_EDGE('',*,*,#11461,.F.);
#11461 = EDGE_CURVE('',#11462,#3901,#11464,.T.);
#11462 = VERTEX_POINT('',#11463);
#11463 = CARTESIAN_POINT('',(77.5,66.,117.4));
#11464 = SURFACE_CURVE('',#11465,(#11469,#11476),.PCURVE_S1.);
#11465 = LINE('',#11466,#11467);
#11466 = CARTESIAN_POINT('',(77.5,66.,117.4));
#11467 = VECTOR('',#11468,1.);
#11468 = DIRECTION('',(1.,0.,0.));
#11469 = PCURVE('',#3943,#11470);
#11470 = DEFINITIONAL_REPRESENTATION('',(#11471),#11475);
#11471 = LINE('',#11472,#11473);
#11472 = CARTESIAN_POINT('',(0.,132.));
#11473 = VECTOR('',#11474,1.);
#11474 = DIRECTION('',(1.,0.));
#11475 = ( GEOMETRIC_REPRESENTATION_CONTEXT(2) 
PARAMETRIC_REPRESENTATION_CONTEXT() REPRESENTATION_CONTEXT('2D SPACE',''
  ) );
#11476 = PCURVE('',#3915,#11477);
#11477 = DEFINITIONAL_REPRESENTATION('',(#11478),#11482);
#11478 = LINE('',#11479,#11480);
#11479 = CARTESIAN_POINT('',(12.,0.));
#11480 = VECTOR('',#11481,1.);
#11481 = DIRECTION('',(0.,1.));
#11482 = ( GEOMETRIC_REPRESENTATION_CONTEXT(2) 
PARAMETRIC_REPRESENTATION_CONTEXT() REPRESENTATION_CONTEXT('2D SPACE',''
  ) );
#11483 = ORIENTED_EDGE('',*,*,#11484,.F.);
#11484 = EDGE_CURVE('',#11485,#11462,#11487,.T.);
#11485 = VERTEX_POINT('',#11486);
#11486 = CARTESIAN_POINT('',(77.5,54.039801975345,117.4));
#11487 = SURFACE_CURVE('',#11488,(#11492,#11499),.PCURVE_S1.);
#11488 = LINE('',#11489,#11490);
#11489 = CARTESIAN_POINT('',(77.5,-66.,117.4));
#11490 = VECTOR('',#11491,1.);
#11491 = DIRECTION('',(0.,1.,0.));
#11492 = PCURVE('',#3943,#11493);
#11493 = DEFINITIONAL_REPRESENTATION('',(#11494),#11498);
#11494 = LINE('',#11495,#11496);
#11495 = CARTESIAN_POINT('',(0.,0.));
#11496 = VECTOR('',#11497,1.);
#11497 = DIRECTION('',(0.,1.));
#11498 = ( GEOMETRIC_REPRESENTATION_CONTEXT(2) 
PARAMETRIC_REPRESENTATION_CONTEXT() REPRESENTATION_CONTEXT('2D SPACE',''
  ) );
#11499 = PCURVE('',#8751,#11500);
#11500 = DEFINITIONAL_REPRESENTATION('',(#11501),#11505);
#11501 = LINE('',#11502,#11503);
#11502 = CARTESIAN_POINT('',(12.,0.));
#11503 = VECTOR('',#11504,1.);
#11504 = DIRECTION('',(0.,-1.));
#11505 = ( GEOMETRIC_REPRESENTATION_CONTEXT(2) 
PARAMETRIC_REPRESENTATION_CONTEXT() REPRESENTATION_CONTEXT('2D SPACE',''
  ) );
#11506 = ORIENTED_EDGE('',*,*,#11507,.F.);
#11507 = EDGE_CURVE('',#8295,#11485,#11508,.T.);
#11508 = SURFACE_CURVE('',#11509,(#11514,#11521),.PCURVE_S1.);
#11509 = CIRCLE('',#11510,4.1);
#11510 = AXIS2_PLACEMENT_3D('',#11511,#11512,#11513);
#11511 = CARTESIAN_POINT('',(76.8,50.,117.4));
#11512 = DIRECTION('',(0.,0.,1.));
#11513 = DIRECTION('',(1.,0.,-0.));
#11514 = PCURVE('',#3943,#11515);
#11515 = DEFINITIONAL_REPRESENTATION('',(#11516),#11520);
#11516 = CIRCLE('',#11517,4.1);
#11517 = AXIS2_PLACEMENT_2D('',#11518,#11519);
#11518 = CARTESIAN_POINT('',(-0.7,116.));
#11519 = DIRECTION('',(1.,0.));
#11520 = ( GEOMETRIC_REPRESENTATION_CONTEXT(2) 
PARAMETRIC_REPRESENTATION_CONTEXT() REPRESENTATION_CONTEXT('2D SPACE',''
  ) );
#11521 = PCURVE('',#8309,#11522);
#11522 = DEFINITIONAL_REPRESENTATION('',(#11523),#11526);
#11523 = B_SPLINE_CURVE_WITH_KNOTS('',1,(#11524,#11525),.UNSPECIFIED.,
  .F.,.F.,(2,2),(0.915043501037,1.399224094712),
  .PIECEWISE_BEZIER_KNOTS.);
#11524 = CARTESIAN_POINT('',(7.198228808217,1.));
#11525 = CARTESIAN_POINT('',(7.682409401892,1.));
#11526 = ( GEOMETRIC_REPRESENTATION_CONTEXT(2) 
PARAMETRIC_REPRESENTATION_CONTEXT() REPRESENTATION_CONTEXT('2D SPACE',''
  ) );
#11527 = ORIENTED_EDGE('',*,*,#8320,.F.);
#11528 = ORIENTED_EDGE('',*,*,#3926,.F.);
#11529 = ADVANCED_FACE('',(#11530),#3915,.T.);
#11530 = FACE_BOUND('',#11531,.T.);
#11531 = EDGE_LOOP('',(#11532,#11533,#11554,#11555));
#11532 = ORIENTED_EDGE('',*,*,#8712,.F.);
#11533 = ORIENTED_EDGE('',*,*,#11534,.T.);
#11534 = EDGE_CURVE('',#8713,#11462,#11535,.T.);
#11535 = SURFACE_CURVE('',#11536,(#11540,#11547),.PCURVE_S1.);
#11536 = LINE('',#11537,#11538);
#11537 = CARTESIAN_POINT('',(77.5,66.,105.4));
#11538 = VECTOR('',#11539,1.);
#11539 = DIRECTION('',(0.,0.,1.));
#11540 = PCURVE('',#3915,#11541);
#11541 = DEFINITIONAL_REPRESENTATION('',(#11542),#11546);
#11542 = LINE('',#11543,#11544);
#11543 = CARTESIAN_POINT('',(0.,0.));
#11544 = VECTOR('',#11545,1.);
#11545 = DIRECTION('',(1.,0.));
#11546 = ( GEOMETRIC_REPRESENTATION_CONTEXT(2) 
PARAMETRIC_REPRESENTATION_CONTEXT() REPRESENTATION_CONTEXT('2D SPACE',''
  ) );
#11547 = PCURVE('',#8751,#11548);
#11548 = DEFINITIONAL_REPRESENTATION('',(#11549),#11553);
#11549 = LINE('',#11550,#11551);
#11550 = CARTESIAN_POINT('',(0.,-132.));
#11551 = VECTOR('',#11552,1.);
#11552 = DIRECTION('',(1.,0.));
#11553 = ( GEOMETRIC_REPRESENTATION_CONTEXT(2) 
PARAMETRIC_REPRESENTATION_CONTEXT() REPRESENTATION_CONTEXT('2D SPACE',''
  ) );
#11554 = ORIENTED_EDGE('',*,*,#11461,.T.);
#11555 = ORIENTED_EDGE('',*,*,#3900,.T.);
#11556 = ADVANCED_FACE('',(#11557),#3861,.T.);
#11557 = FACE_BOUND('',#11558,.T.);
#11558 = EDGE_LOOP('',(#11559,#11560,#11588,#11609));
#11559 = ORIENTED_EDGE('',*,*,#3846,.F.);
#11560 = ORIENTED_EDGE('',*,*,#11561,.T.);
#11561 = EDGE_CURVE('',#3687,#11562,#11564,.T.);
#11562 = VERTEX_POINT('',#11563);
#11563 = CARTESIAN_POINT('',(66.15,78.3,214.78635720715));
#11564 = SURFACE_CURVE('',#11565,(#11570,#11581),.PCURVE_S1.);
#11565 = CIRCLE('',#11566,4.5);
#11566 = AXIS2_PLACEMENT_3D('',#11567,#11568,#11569);
#11567 = CARTESIAN_POINT('',(63.,78.3,218.));
#11568 = DIRECTION('',(0.,-1.,0.));
#11569 = DIRECTION('',(0.,-0.,-1.));
#11570 = PCURVE('',#3861,#11571);
#11571 = DEFINITIONAL_REPRESENTATION('',(#11572),#11580);
#11572 = ( BOUNDED_CURVE() B_SPLINE_CURVE(2,(#11573,#11574,#11575,#11576
    ,#11577,#11578,#11579),.UNSPECIFIED.,.T.,.F.) 
B_SPLINE_CURVE_WITH_KNOTS((1,2,2,2,2,1),(-2.094395102393,0.,
    2.094395102393,4.188790204786,6.28318530718,8.377580409573),
.UNSPECIFIED.) CURVE() GEOMETRIC_REPRESENTATION_ITEM() 
RATIONAL_B_SPLINE_CURVE((1.,0.5,1.,0.5,1.,0.5,1.)) REPRESENTATION_ITEM(
  '') );
#11573 = CARTESIAN_POINT('',(195.55,121.));
#11574 = CARTESIAN_POINT('',(195.55,128.79422863406));
#11575 = CARTESIAN_POINT('',(202.3,124.89711431703));
#11576 = CARTESIAN_POINT('',(209.05,121.));
#11577 = CARTESIAN_POINT('',(202.3,117.10288568297));
#11578 = CARTESIAN_POINT('',(195.55,113.20577136594));
#11579 = CARTESIAN_POINT('',(195.55,121.));
#11580 = ( GEOMETRIC_REPRESENTATION_CONTEXT(2) 
PARAMETRIC_REPRESENTATION_CONTEXT() REPRESENTATION_CONTEXT('2D SPACE',''
  ) );
#11581 = PCURVE('',#3790,#11582);
#11582 = DEFINITIONAL_REPRESENTATION('',(#11583),#11587);
#11583 = LINE('',#11584,#11585);
#11584 = CARTESIAN_POINT('',(0.,1.));
#11585 = VECTOR('',#11586,1.);
#11586 = DIRECTION('',(1.,0.));
#11587 = ( GEOMETRIC_REPRESENTATION_CONTEXT(2) 
PARAMETRIC_REPRESENTATION_CONTEXT() REPRESENTATION_CONTEXT('2D SPACE',''
  ) );
#11588 = ORIENTED_EDGE('',*,*,#11589,.F.);
#11589 = EDGE_CURVE('',#8670,#11562,#11590,.T.);
#11590 = SURFACE_CURVE('',#11591,(#11595,#11602),.PCURVE_S1.);
#11591 = LINE('',#11592,#11593);
#11592 = CARTESIAN_POINT('',(66.15,78.3,26.1));
#11593 = VECTOR('',#11594,1.);
#11594 = DIRECTION('',(0.,0.,1.));
#11595 = PCURVE('',#3861,#11596);
#11596 = DEFINITIONAL_REPRESENTATION('',(#11597),#11601);
#11597 = LINE('',#11598,#11599);
#11598 = CARTESIAN_POINT('',(8.15,124.15));
#11599 = VECTOR('',#11600,1.);
#11600 = DIRECTION('',(1.,0.));
#11601 = ( GEOMETRIC_REPRESENTATION_CONTEXT(2) 
PARAMETRIC_REPRESENTATION_CONTEXT() REPRESENTATION_CONTEXT('2D SPACE',''
  ) );
#11602 = PCURVE('',#4346,#11603);
#11603 = DEFINITIONAL_REPRESENTATION('',(#11604),#11608);
#11604 = LINE('',#11605,#11606);
#11605 = CARTESIAN_POINT('',(0.,0.));
#11606 = VECTOR('',#11607,1.);
#11607 = DIRECTION('',(1.,0.));
#11608 = ( GEOMETRIC_REPRESENTATION_CONTEXT(2) 
PARAMETRIC_REPRESENTATION_CONTEXT() REPRESENTATION_CONTEXT('2D SPACE',''
  ) );
#11609 = ORIENTED_EDGE('',*,*,#8691,.T.);
#11610 = ADVANCED_FACE('',(#11611),#3790,.T.);
#11611 = FACE_BOUND('',#11612,.T.);
#11612 = EDGE_LOOP('',(#11613,#11638,#11665,#11666,#11695,#11714,#11715,
    #11716,#11744,#11765));
#11613 = ORIENTED_EDGE('',*,*,#11614,.T.);
#11614 = EDGE_CURVE('',#11615,#11617,#11619,.T.);
#11615 = VERTEX_POINT('',#11616);
#11616 = CARTESIAN_POINT('',(63.,79.3,213.5));
#11617 = VERTEX_POINT('',#11618);
#11618 = CARTESIAN_POINT('',(63.,70.3,213.5));
#11619 = SEAM_CURVE('',#11620,(#11624,#11631),.PCURVE_S1.);
#11620 = LINE('',#11621,#11622);
#11621 = CARTESIAN_POINT('',(63.,79.3,213.5));
#11622 = VECTOR('',#11623,1.);
#11623 = DIRECTION('',(0.,-1.,0.));
#11624 = PCURVE('',#3790,#11625);
#11625 = DEFINITIONAL_REPRESENTATION('',(#11626),#11630);
#11626 = LINE('',#11627,#11628);
#11627 = CARTESIAN_POINT('',(6.28318530718,-0.));
#11628 = VECTOR('',#11629,1.);
#11629 = DIRECTION('',(0.,1.));
#11630 = ( GEOMETRIC_REPRESENTATION_CONTEXT(2) 
PARAMETRIC_REPRESENTATION_CONTEXT() REPRESENTATION_CONTEXT('2D SPACE',''
  ) );
#11631 = PCURVE('',#3790,#11632);
#11632 = DEFINITIONAL_REPRESENTATION('',(#11633),#11637);
#11633 = LINE('',#11634,#11635);
#11634 = CARTESIAN_POINT('',(0.,-0.));
#11635 = VECTOR('',#11636,1.);
#11636 = DIRECTION('',(0.,1.));
#11637 = ( GEOMETRIC_REPRESENTATION_CONTEXT(2) 
PARAMETRIC_REPRESENTATION_CONTEXT() REPRESENTATION_CONTEXT('2D SPACE',''
  ) );
#11638 = ORIENTED_EDGE('',*,*,#11639,.F.);
#11639 = EDGE_CURVE('',#11617,#11617,#11640,.T.);
#11640 = SURFACE_CURVE('',#11641,(#11646,#11653),.PCURVE_S1.);
#11641 = CIRCLE('',#11642,4.5);
#11642 = AXIS2_PLACEMENT_3D('',#11643,#11644,#11645);
#11643 = CARTESIAN_POINT('',(63.,70.3,218.));
#11644 = DIRECTION('',(0.,-1.,0.));
#11645 = DIRECTION('',(0.,-0.,-1.));
#11646 = PCURVE('',#3790,#11647);
#11647 = DEFINITIONAL_REPRESENTATION('',(#11648),#11652);
#11648 = LINE('',#11649,#11650);
#11649 = CARTESIAN_POINT('',(0.,9.));
#11650 = VECTOR('',#11651,1.);
#11651 = DIRECTION('',(1.,0.));
#11652 = ( GEOMETRIC_REPRESENTATION_CONTEXT(2) 
PARAMETRIC_REPRESENTATION_CONTEXT() REPRESENTATION_CONTEXT('2D SPACE',''
  ) );
#11653 = PCURVE('',#11654,#11659);
#11654 = PLANE('',#11655);
#11655 = AXIS2_PLACEMENT_3D('',#11656,#11657,#11658);
#11656 = CARTESIAN_POINT('',(63.,70.3,218.));
#11657 = DIRECTION('',(0.,-1.,0.));
#11658 = DIRECTION('',(0.,-0.,-1.));
#11659 = DEFINITIONAL_REPRESENTATION('',(#11660),#11664);
#11660 = CIRCLE('',#11661,4.5);
#11661 = AXIS2_PLACEMENT_2D('',#11662,#11663);
#11662 = CARTESIAN_POINT('',(0.,0.));
#11663 = DIRECTION('',(1.,0.));
#11664 = ( GEOMETRIC_REPRESENTATION_CONTEXT(2) 
PARAMETRIC_REPRESENTATION_CONTEXT() REPRESENTATION_CONTEXT('2D SPACE',''
  ) );
#11665 = ORIENTED_EDGE('',*,*,#11614,.F.);
#11666 = ORIENTED_EDGE('',*,*,#11667,.T.);
#11667 = EDGE_CURVE('',#11615,#11668,#11670,.T.);
#11668 = VERTEX_POINT('',#11669);
#11669 = CARTESIAN_POINT('',(66.15,79.3,214.78635720715));
#11670 = SURFACE_CURVE('',#11671,(#11676,#11683),.PCURVE_S1.);
#11671 = CIRCLE('',#11672,4.5);
#11672 = AXIS2_PLACEMENT_3D('',#11673,#11674,#11675);
#11673 = CARTESIAN_POINT('',(63.,79.3,218.));
#11674 = DIRECTION('',(0.,-1.,0.));
#11675 = DIRECTION('',(0.,-0.,-1.));
#11676 = PCURVE('',#3790,#11677);
#11677 = DEFINITIONAL_REPRESENTATION('',(#11678),#11682);
#11678 = LINE('',#11679,#11680);
#11679 = CARTESIAN_POINT('',(0.,0.));
#11680 = VECTOR('',#11681,1.);
#11681 = DIRECTION('',(1.,0.));
#11682 = ( GEOMETRIC_REPRESENTATION_CONTEXT(2) 
PARAMETRIC_REPRESENTATION_CONTEXT() REPRESENTATION_CONTEXT('2D SPACE',''
  ) );
#11683 = PCURVE('',#11684,#11689);
#11684 = PLANE('',#11685);
#11685 = AXIS2_PLACEMENT_3D('',#11686,#11687,#11688);
#11686 = CARTESIAN_POINT('',(63.,79.3,218.));
#11687 = DIRECTION('',(0.,-1.,0.));
#11688 = DIRECTION('',(0.,-0.,-1.));
#11689 = DEFINITIONAL_REPRESENTATION('',(#11690),#11694);
#11690 = CIRCLE('',#11691,4.5);
#11691 = AXIS2_PLACEMENT_2D('',#11692,#11693);
#11692 = CARTESIAN_POINT('',(0.,0.));
#11693 = DIRECTION('',(1.,0.));
#11694 = ( GEOMETRIC_REPRESENTATION_CONTEXT(2) 
PARAMETRIC_REPRESENTATION_CONTEXT() REPRESENTATION_CONTEXT('2D SPACE',''
  ) );
#11695 = ORIENTED_EDGE('',*,*,#11696,.T.);
#11696 = EDGE_CURVE('',#11668,#11562,#11697,.T.);
#11697 = SURFACE_CURVE('',#11698,(#11702,#11708),.PCURVE_S1.);
#11698 = LINE('',#11699,#11700);
#11699 = CARTESIAN_POINT('',(66.15,79.3,214.78635720715));
#11700 = VECTOR('',#11701,1.);
#11701 = DIRECTION('',(0.,-1.,0.));
#11702 = PCURVE('',#3790,#11703);
#11703 = DEFINITIONAL_REPRESENTATION('',(#11704),#11707);
#11704 = B_SPLINE_CURVE_WITH_KNOTS('',1,(#11705,#11706),.UNSPECIFIED.,
  .F.,.F.,(2,2),(-6.000000070117E-07,1.294813179142),
  .PIECEWISE_BEZIER_KNOTS.);
#11705 = CARTESIAN_POINT('',(0.775397496611,-6.000000070117E-07));
#11706 = CARTESIAN_POINT('',(0.775397496611,1.294813179142));
#11707 = ( GEOMETRIC_REPRESENTATION_CONTEXT(2) 
PARAMETRIC_REPRESENTATION_CONTEXT() REPRESENTATION_CONTEXT('2D SPACE',''
  ) );
#11708 = PCURVE('',#4346,#11709);
#11709 = DEFINITIONAL_REPRESENTATION('',(#11710),#11713);
#11710 = B_SPLINE_CURVE_WITH_KNOTS('',1,(#11711,#11712),.UNSPECIFIED.,
  .F.,.F.,(2,2),(-6.000000070117E-07,1.294813179142),
  .PIECEWISE_BEZIER_KNOTS.);
#11711 = CARTESIAN_POINT('',(188.68635720715,-1.0000006));
#11712 = CARTESIAN_POINT('',(188.68635720715,0.294813179142));
#11713 = ( GEOMETRIC_REPRESENTATION_CONTEXT(2) 
PARAMETRIC_REPRESENTATION_CONTEXT() REPRESENTATION_CONTEXT('2D SPACE',''
  ) );
#11714 = ORIENTED_EDGE('',*,*,#11561,.F.);
#11715 = ORIENTED_EDGE('',*,*,#3686,.T.);
#11716 = ORIENTED_EDGE('',*,*,#11717,.F.);
#11717 = EDGE_CURVE('',#11718,#3661,#11720,.T.);
#11718 = VERTEX_POINT('',#11719);
#11719 = CARTESIAN_POINT('',(66.15,78.3,221.21364279284));
#11720 = SURFACE_CURVE('',#11721,(#11726,#11733),.PCURVE_S1.);
#11721 = CIRCLE('',#11722,4.5);
#11722 = AXIS2_PLACEMENT_3D('',#11723,#11724,#11725);
#11723 = CARTESIAN_POINT('',(63.,78.3,218.));
#11724 = DIRECTION('',(0.,-1.,0.));
#11725 = DIRECTION('',(0.,-0.,-1.));
#11726 = PCURVE('',#3790,#11727);
#11727 = DEFINITIONAL_REPRESENTATION('',(#11728),#11732);
#11728 = LINE('',#11729,#11730);
#11729 = CARTESIAN_POINT('',(0.,1.));
#11730 = VECTOR('',#11731,1.);
#11731 = DIRECTION('',(1.,0.));
#11732 = ( GEOMETRIC_REPRESENTATION_CONTEXT(2) 
PARAMETRIC_REPRESENTATION_CONTEXT() REPRESENTATION_CONTEXT('2D SPACE',''
  ) );
#11733 = PCURVE('',#3675,#11734);
#11734 = DEFINITIONAL_REPRESENTATION('',(#11735),#11743);
#11735 = ( BOUNDED_CURVE() B_SPLINE_CURVE(2,(#11736,#11737,#11738,#11739
    ,#11740,#11741,#11742),.UNSPECIFIED.,.T.,.F.) 
B_SPLINE_CURVE_WITH_KNOTS((1,2,2,2,2,1),(-2.094395102393,0.,
    2.094395102393,4.188790204786,6.28318530718,8.377580409573),
.UNSPECIFIED.) CURVE() GEOMETRIC_REPRESENTATION_ITEM() 
RATIONAL_B_SPLINE_CURVE((1.,0.5,1.,0.5,1.,0.5,1.)) REPRESENTATION_ITEM(
  '') );
#11736 = CARTESIAN_POINT('',(195.55,121.));
#11737 = CARTESIAN_POINT('',(195.55,128.79422863406));
#11738 = CARTESIAN_POINT('',(202.3,124.89711431703));
#11739 = CARTESIAN_POINT('',(209.05,121.));
#11740 = CARTESIAN_POINT('',(202.3,117.10288568297));
#11741 = CARTESIAN_POINT('',(195.55,113.20577136594));
#11742 = CARTESIAN_POINT('',(195.55,121.));
#11743 = ( GEOMETRIC_REPRESENTATION_CONTEXT(2) 
PARAMETRIC_REPRESENTATION_CONTEXT() REPRESENTATION_CONTEXT('2D SPACE',''
  ) );
#11744 = ORIENTED_EDGE('',*,*,#11745,.F.);
#11745 = EDGE_CURVE('',#11746,#11718,#11748,.T.);
#11746 = VERTEX_POINT('',#11747);
#11747 = CARTESIAN_POINT('',(66.15,79.3,221.21364279284));
#11748 = SURFACE_CURVE('',#11749,(#11753,#11759),.PCURVE_S1.);
#11749 = LINE('',#11750,#11751);
#11750 = CARTESIAN_POINT('',(66.15,79.3,221.21364279284));
#11751 = VECTOR('',#11752,1.);
#11752 = DIRECTION('',(0.,-1.,0.));
#11753 = PCURVE('',#3790,#11754);
#11754 = DEFINITIONAL_REPRESENTATION('',(#11755),#11758);
#11755 = B_SPLINE_CURVE_WITH_KNOTS('',1,(#11756,#11757),.UNSPECIFIED.,
  .F.,.F.,(2,2),(-6.000000070117E-07,1.294813179142),
  .PIECEWISE_BEZIER_KNOTS.);
#11756 = CARTESIAN_POINT('',(2.366195156979,-6.000000070117E-07));
#11757 = CARTESIAN_POINT('',(2.366195156979,1.294813179142));
#11758 = ( GEOMETRIC_REPRESENTATION_CONTEXT(2) 
PARAMETRIC_REPRESENTATION_CONTEXT() REPRESENTATION_CONTEXT('2D SPACE',''
  ) );
#11759 = PCURVE('',#4346,#11760);
#11760 = DEFINITIONAL_REPRESENTATION('',(#11761),#11764);
#11761 = B_SPLINE_CURVE_WITH_KNOTS('',1,(#11762,#11763),.UNSPECIFIED.,
  .F.,.F.,(2,2),(-6.000000070117E-07,1.294813179142),
  .PIECEWISE_BEZIER_KNOTS.);
#11762 = CARTESIAN_POINT('',(195.11364279284,-1.0000006));
#11763 = CARTESIAN_POINT('',(195.11364279284,0.294813179142));
#11764 = ( GEOMETRIC_REPRESENTATION_CONTEXT(2) 
PARAMETRIC_REPRESENTATION_CONTEXT() REPRESENTATION_CONTEXT('2D SPACE',''
  ) );
#11765 = ORIENTED_EDGE('',*,*,#11766,.T.);
#11766 = EDGE_CURVE('',#11746,#11615,#11767,.T.);
#11767 = SURFACE_CURVE('',#11768,(#11773,#11780),.PCURVE_S1.);
#11768 = CIRCLE('',#11769,4.5);
#11769 = AXIS2_PLACEMENT_3D('',#11770,#11771,#11772);
#11770 = CARTESIAN_POINT('',(63.,79.3,218.));
#11771 = DIRECTION('',(0.,-1.,0.));
#11772 = DIRECTION('',(0.,-0.,-1.));
#11773 = PCURVE('',#3790,#11774);
#11774 = DEFINITIONAL_REPRESENTATION('',(#11775),#11779);
#11775 = LINE('',#11776,#11777);
#11776 = CARTESIAN_POINT('',(0.,0.));
#11777 = VECTOR('',#11778,1.);
#11778 = DIRECTION('',(1.,0.));
#11779 = ( GEOMETRIC_REPRESENTATION_CONTEXT(2) 
PARAMETRIC_REPRESENTATION_CONTEXT() REPRESENTATION_CONTEXT('2D SPACE',''
  ) );
#11780 = PCURVE('',#11684,#11781);
#11781 = DEFINITIONAL_REPRESENTATION('',(#11782),#11786);
#11782 = CIRCLE('',#11783,4.5);
#11783 = AXIS2_PLACEMENT_2D('',#11784,#11785);
#11784 = CARTESIAN_POINT('',(0.,0.));
#11785 = DIRECTION('',(1.,0.));
#11786 = ( GEOMETRIC_REPRESENTATION_CONTEXT(2) 
PARAMETRIC_REPRESENTATION_CONTEXT() REPRESENTATION_CONTEXT('2D SPACE',''
  ) );
#11787 = ADVANCED_FACE('',(#11788),#3675,.T.);
#11788 = FACE_BOUND('',#11789,.T.);
#11789 = EDGE_LOOP('',(#11790,#11791,#11819,#11840));
#11790 = ORIENTED_EDGE('',*,*,#3660,.F.);
#11791 = ORIENTED_EDGE('',*,*,#11792,.T.);
#11792 = EDGE_CURVE('',#3501,#11793,#11795,.T.);
#11793 = VERTEX_POINT('',#11794);
#11794 = CARTESIAN_POINT('',(66.15,78.3,240.78635720715));
#11795 = SURFACE_CURVE('',#11796,(#11801,#11812),.PCURVE_S1.);
#11796 = CIRCLE('',#11797,4.5);
#11797 = AXIS2_PLACEMENT_3D('',#11798,#11799,#11800);
#11798 = CARTESIAN_POINT('',(63.,78.3,244.));
#11799 = DIRECTION('',(0.,-1.,0.));
#11800 = DIRECTION('',(0.,-0.,-1.));
#11801 = PCURVE('',#3675,#11802);
#11802 = DEFINITIONAL_REPRESENTATION('',(#11803),#11811);
#11803 = ( BOUNDED_CURVE() B_SPLINE_CURVE(2,(#11804,#11805,#11806,#11807
    ,#11808,#11809,#11810),.UNSPECIFIED.,.T.,.F.) 
B_SPLINE_CURVE_WITH_KNOTS((1,2,2,2,2,1),(-2.094395102393,0.,
    2.094395102393,4.188790204786,6.28318530718,8.377580409573),
.UNSPECIFIED.) CURVE() GEOMETRIC_REPRESENTATION_ITEM() 
RATIONAL_B_SPLINE_CURVE((1.,0.5,1.,0.5,1.,0.5,1.)) REPRESENTATION_ITEM(
  '') );
#11804 = CARTESIAN_POINT('',(221.55,121.));
#11805 = CARTESIAN_POINT('',(221.55,128.79422863406));
#11806 = CARTESIAN_POINT('',(228.3,124.89711431703));
#11807 = CARTESIAN_POINT('',(235.05,121.));
#11808 = CARTESIAN_POINT('',(228.3,117.10288568297));
#11809 = CARTESIAN_POINT('',(221.55,113.20577136594));
#11810 = CARTESIAN_POINT('',(221.55,121.));
#11811 = ( GEOMETRIC_REPRESENTATION_CONTEXT(2) 
PARAMETRIC_REPRESENTATION_CONTEXT() REPRESENTATION_CONTEXT('2D SPACE',''
  ) );
#11812 = PCURVE('',#3604,#11813);
#11813 = DEFINITIONAL_REPRESENTATION('',(#11814),#11818);
#11814 = LINE('',#11815,#11816);
#11815 = CARTESIAN_POINT('',(0.,1.));
#11816 = VECTOR('',#11817,1.);
#11817 = DIRECTION('',(1.,0.));
#11818 = ( GEOMETRIC_REPRESENTATION_CONTEXT(2) 
PARAMETRIC_REPRESENTATION_CONTEXT() REPRESENTATION_CONTEXT('2D SPACE',''
  ) );
#11819 = ORIENTED_EDGE('',*,*,#11820,.F.);
#11820 = EDGE_CURVE('',#11718,#11793,#11821,.T.);
#11821 = SURFACE_CURVE('',#11822,(#11826,#11833),.PCURVE_S1.);
#11822 = LINE('',#11823,#11824);
#11823 = CARTESIAN_POINT('',(66.15,78.3,26.1));
#11824 = VECTOR('',#11825,1.);
#11825 = DIRECTION('',(0.,0.,1.));
#11826 = PCURVE('',#3675,#11827);
#11827 = DEFINITIONAL_REPRESENTATION('',(#11828),#11832);
#11828 = LINE('',#11829,#11830);
#11829 = CARTESIAN_POINT('',(8.15,124.15));
#11830 = VECTOR('',#11831,1.);
#11831 = DIRECTION('',(1.,0.));
#11832 = ( GEOMETRIC_REPRESENTATION_CONTEXT(2) 
PARAMETRIC_REPRESENTATION_CONTEXT() REPRESENTATION_CONTEXT('2D SPACE',''
  ) );
#11833 = PCURVE('',#4346,#11834);
#11834 = DEFINITIONAL_REPRESENTATION('',(#11835),#11839);
#11835 = LINE('',#11836,#11837);
#11836 = CARTESIAN_POINT('',(0.,0.));
#11837 = VECTOR('',#11838,1.);
#11838 = DIRECTION('',(1.,0.));
#11839 = ( GEOMETRIC_REPRESENTATION_CONTEXT(2) 
PARAMETRIC_REPRESENTATION_CONTEXT() REPRESENTATION_CONTEXT('2D SPACE',''
  ) );
#11840 = ORIENTED_EDGE('',*,*,#11717,.T.);
#11841 = ADVANCED_FACE('',(#11842),#3604,.T.);
#11842 = FACE_BOUND('',#11843,.T.);
#11843 = EDGE_LOOP('',(#11844,#11869,#11896,#11897,#11926,#11945,#11946,
    #11947,#11975,#11996));
#11844 = ORIENTED_EDGE('',*,*,#11845,.T.);
#11845 = EDGE_CURVE('',#11846,#11848,#11850,.T.);
#11846 = VERTEX_POINT('',#11847);
#11847 = CARTESIAN_POINT('',(63.,79.3,239.5));
#11848 = VERTEX_POINT('',#11849);
#11849 = CARTESIAN_POINT('',(63.,70.3,239.5));
#11850 = SEAM_CURVE('',#11851,(#11855,#11862),.PCURVE_S1.);
#11851 = LINE('',#11852,#11853);
#11852 = CARTESIAN_POINT('',(63.,79.3,239.5));
#11853 = VECTOR('',#11854,1.);
#11854 = DIRECTION('',(0.,-1.,0.));
#11855 = PCURVE('',#3604,#11856);
#11856 = DEFINITIONAL_REPRESENTATION('',(#11857),#11861);
#11857 = LINE('',#11858,#11859);
#11858 = CARTESIAN_POINT('',(6.28318530718,-0.));
#11859 = VECTOR('',#11860,1.);
#11860 = DIRECTION('',(0.,1.));
#11861 = ( GEOMETRIC_REPRESENTATION_CONTEXT(2) 
PARAMETRIC_REPRESENTATION_CONTEXT() REPRESENTATION_CONTEXT('2D SPACE',''
  ) );
#11862 = PCURVE('',#3604,#11863);
#11863 = DEFINITIONAL_REPRESENTATION('',(#11864),#11868);
#11864 = LINE('',#11865,#11866);
#11865 = CARTESIAN_POINT('',(0.,-0.));
#11866 = VECTOR('',#11867,1.);
#11867 = DIRECTION('',(0.,1.));
#11868 = ( GEOMETRIC_REPRESENTATION_CONTEXT(2) 
PARAMETRIC_REPRESENTATION_CONTEXT() REPRESENTATION_CONTEXT('2D SPACE',''
  ) );
#11869 = ORIENTED_EDGE('',*,*,#11870,.F.);
#11870 = EDGE_CURVE('',#11848,#11848,#11871,.T.);
#11871 = SURFACE_CURVE('',#11872,(#11877,#11884),.PCURVE_S1.);
#11872 = CIRCLE('',#11873,4.5);
#11873 = AXIS2_PLACEMENT_3D('',#11874,#11875,#11876);
#11874 = CARTESIAN_POINT('',(63.,70.3,244.));
#11875 = DIRECTION('',(0.,-1.,0.));
#11876 = DIRECTION('',(0.,-0.,-1.));
#11877 = PCURVE('',#3604,#11878);
#11878 = DEFINITIONAL_REPRESENTATION('',(#11879),#11883);
#11879 = LINE('',#11880,#11881);
#11880 = CARTESIAN_POINT('',(0.,9.));
#11881 = VECTOR('',#11882,1.);
#11882 = DIRECTION('',(1.,0.));
#11883 = ( GEOMETRIC_REPRESENTATION_CONTEXT(2) 
PARAMETRIC_REPRESENTATION_CONTEXT() REPRESENTATION_CONTEXT('2D SPACE',''
  ) );
#11884 = PCURVE('',#11885,#11890);
#11885 = PLANE('',#11886);
#11886 = AXIS2_PLACEMENT_3D('',#11887,#11888,#11889);
#11887 = CARTESIAN_POINT('',(63.,70.3,244.));
#11888 = DIRECTION('',(0.,-1.,0.));
#11889 = DIRECTION('',(0.,-0.,-1.));
#11890 = DEFINITIONAL_REPRESENTATION('',(#11891),#11895);
#11891 = CIRCLE('',#11892,4.5);
#11892 = AXIS2_PLACEMENT_2D('',#11893,#11894);
#11893 = CARTESIAN_POINT('',(0.,0.));
#11894 = DIRECTION('',(1.,0.));
#11895 = ( GEOMETRIC_REPRESENTATION_CONTEXT(2) 
PARAMETRIC_REPRESENTATION_CONTEXT() REPRESENTATION_CONTEXT('2D SPACE',''
  ) );
#11896 = ORIENTED_EDGE('',*,*,#11845,.F.);
#11897 = ORIENTED_EDGE('',*,*,#11898,.T.);
#11898 = EDGE_CURVE('',#11846,#11899,#11901,.T.);
#11899 = VERTEX_POINT('',#11900);
#11900 = CARTESIAN_POINT('',(66.15,79.3,240.78635720715));
#11901 = SURFACE_CURVE('',#11902,(#11907,#11914),.PCURVE_S1.);
#11902 = CIRCLE('',#11903,4.5);
#11903 = AXIS2_PLACEMENT_3D('',#11904,#11905,#11906);
#11904 = CARTESIAN_POINT('',(63.,79.3,244.));
#11905 = DIRECTION('',(0.,-1.,0.));
#11906 = DIRECTION('',(0.,-0.,-1.));
#11907 = PCURVE('',#3604,#11908);
#11908 = DEFINITIONAL_REPRESENTATION('',(#11909),#11913);
#11909 = LINE('',#11910,#11911);
#11910 = CARTESIAN_POINT('',(0.,0.));
#11911 = VECTOR('',#11912,1.);
#11912 = DIRECTION('',(1.,0.));
#11913 = ( GEOMETRIC_REPRESENTATION_CONTEXT(2) 
PARAMETRIC_REPRESENTATION_CONTEXT() REPRESENTATION_CONTEXT('2D SPACE',''
  ) );
#11914 = PCURVE('',#11915,#11920);
#11915 = PLANE('',#11916);
#11916 = AXIS2_PLACEMENT_3D('',#11917,#11918,#11919);
#11917 = CARTESIAN_POINT('',(63.,79.3,244.));
#11918 = DIRECTION('',(0.,-1.,0.));
#11919 = DIRECTION('',(0.,-0.,-1.));
#11920 = DEFINITIONAL_REPRESENTATION('',(#11921),#11925);
#11921 = CIRCLE('',#11922,4.5);
#11922 = AXIS2_PLACEMENT_2D('',#11923,#11924);
#11923 = CARTESIAN_POINT('',(0.,0.));
#11924 = DIRECTION('',(1.,0.));
#11925 = ( GEOMETRIC_REPRESENTATION_CONTEXT(2) 
PARAMETRIC_REPRESENTATION_CONTEXT() REPRESENTATION_CONTEXT('2D SPACE',''
  ) );
#11926 = ORIENTED_EDGE('',*,*,#11927,.T.);
#11927 = EDGE_CURVE('',#11899,#11793,#11928,.T.);
#11928 = SURFACE_CURVE('',#11929,(#11933,#11939),.PCURVE_S1.);
#11929 = LINE('',#11930,#11931);
#11930 = CARTESIAN_POINT('',(66.15,79.3,240.78635720715));
#11931 = VECTOR('',#11932,1.);
#11932 = DIRECTION('',(0.,-1.,0.));
#11933 = PCURVE('',#3604,#11934);
#11934 = DEFINITIONAL_REPRESENTATION('',(#11935),#11938);
#11935 = B_SPLINE_CURVE_WITH_KNOTS('',1,(#11936,#11937),.UNSPECIFIED.,
  .F.,.F.,(2,2),(-6.000000070117E-07,1.294813179142),
  .PIECEWISE_BEZIER_KNOTS.);
#11936 = CARTESIAN_POINT('',(0.775397496611,-6.000000070117E-07));
#11937 = CARTESIAN_POINT('',(0.775397496611,1.294813179142));
#11938 = ( GEOMETRIC_REPRESENTATION_CONTEXT(2) 
PARAMETRIC_REPRESENTATION_CONTEXT() REPRESENTATION_CONTEXT('2D SPACE',''
  ) );
#11939 = PCURVE('',#4346,#11940);
#11940 = DEFINITIONAL_REPRESENTATION('',(#11941),#11944);
#11941 = B_SPLINE_CURVE_WITH_KNOTS('',1,(#11942,#11943),.UNSPECIFIED.,
  .F.,.F.,(2,2),(-6.000000070117E-07,1.294813179142),
  .PIECEWISE_BEZIER_KNOTS.);
#11942 = CARTESIAN_POINT('',(214.68635720715,-1.0000006));
#11943 = CARTESIAN_POINT('',(214.68635720715,0.294813179142));
#11944 = ( GEOMETRIC_REPRESENTATION_CONTEXT(2) 
PARAMETRIC_REPRESENTATION_CONTEXT() REPRESENTATION_CONTEXT('2D SPACE',''
  ) );
#11945 = ORIENTED_EDGE('',*,*,#11792,.F.);
#11946 = ORIENTED_EDGE('',*,*,#3500,.T.);
#11947 = ORIENTED_EDGE('',*,*,#11948,.F.);
#11948 = EDGE_CURVE('',#11949,#3475,#11951,.T.);
#11949 = VERTEX_POINT('',#11950);
#11950 = CARTESIAN_POINT('',(66.15,78.3,247.21364279284));
#11951 = SURFACE_CURVE('',#11952,(#11957,#11964),.PCURVE_S1.);
#11952 = CIRCLE('',#11953,4.5);
#11953 = AXIS2_PLACEMENT_3D('',#11954,#11955,#11956);
#11954 = CARTESIAN_POINT('',(63.,78.3,244.));
#11955 = DIRECTION('',(0.,-1.,0.));
#11956 = DIRECTION('',(0.,-0.,-1.));
#11957 = PCURVE('',#3604,#11958);
#11958 = DEFINITIONAL_REPRESENTATION('',(#11959),#11963);
#11959 = LINE('',#11960,#11961);
#11960 = CARTESIAN_POINT('',(0.,1.));
#11961 = VECTOR('',#11962,1.);
#11962 = DIRECTION('',(1.,0.));
#11963 = ( GEOMETRIC_REPRESENTATION_CONTEXT(2) 
PARAMETRIC_REPRESENTATION_CONTEXT() REPRESENTATION_CONTEXT('2D SPACE',''
  ) );
#11964 = PCURVE('',#3489,#11965);
#11965 = DEFINITIONAL_REPRESENTATION('',(#11966),#11974);
#11966 = ( BOUNDED_CURVE() B_SPLINE_CURVE(2,(#11967,#11968,#11969,#11970
    ,#11971,#11972,#11973),.UNSPECIFIED.,.T.,.F.) 
B_SPLINE_CURVE_WITH_KNOTS((1,2,2,2,2,1),(-2.094395102393,0.,
    2.094395102393,4.188790204786,6.28318530718,8.377580409573),
.UNSPECIFIED.) CURVE() GEOMETRIC_REPRESENTATION_ITEM() 
RATIONAL_B_SPLINE_CURVE((1.,0.5,1.,0.5,1.,0.5,1.)) REPRESENTATION_ITEM(
  '') );
#11967 = CARTESIAN_POINT('',(221.55,121.));
#11968 = CARTESIAN_POINT('',(221.55,128.79422863406));
#11969 = CARTESIAN_POINT('',(228.3,124.89711431703));
#11970 = CARTESIAN_POINT('',(235.05,121.));
#11971 = CARTESIAN_POINT('',(228.3,117.10288568297));
#11972 = CARTESIAN_POINT('',(221.55,113.20577136594));
#11973 = CARTESIAN_POINT('',(221.55,121.));
#11974 = ( GEOMETRIC_REPRESENTATION_CONTEXT(2) 
PARAMETRIC_REPRESENTATION_CONTEXT() REPRESENTATION_CONTEXT('2D SPACE',''
  ) );
#11975 = ORIENTED_EDGE('',*,*,#11976,.F.);
#11976 = EDGE_CURVE('',#11977,#11949,#11979,.T.);
#11977 = VERTEX_POINT('',#11978);
#11978 = CARTESIAN_POINT('',(66.15,79.3,247.21364279284));
#11979 = SURFACE_CURVE('',#11980,(#11984,#11990),.PCURVE_S1.);
#11980 = LINE('',#11981,#11982);
#11981 = CARTESIAN_POINT('',(66.15,79.3,247.21364279284));
#11982 = VECTOR('',#11983,1.);
#11983 = DIRECTION('',(0.,-1.,0.));
#11984 = PCURVE('',#3604,#11985);
#11985 = DEFINITIONAL_REPRESENTATION('',(#11986),#11989);
#11986 = B_SPLINE_CURVE_WITH_KNOTS('',1,(#11987,#11988),.UNSPECIFIED.,
  .F.,.F.,(2,2),(-6.000000070117E-07,1.294813179142),
  .PIECEWISE_BEZIER_KNOTS.);
#11987 = CARTESIAN_POINT('',(2.366195156979,-6.000000070117E-07));
#11988 = CARTESIAN_POINT('',(2.366195156979,1.294813179142));
#11989 = ( GEOMETRIC_REPRESENTATION_CONTEXT(2) 
PARAMETRIC_REPRESENTATION_CONTEXT() REPRESENTATION_CONTEXT('2D SPACE',''
  ) );
#11990 = PCURVE('',#4346,#11991);
#11991 = DEFINITIONAL_REPRESENTATION('',(#11992),#11995);
#11992 = B_SPLINE_CURVE_WITH_KNOTS('',1,(#11993,#11994),.UNSPECIFIED.,
  .F.,.F.,(2,2),(-6.000000070117E-07,1.294813179142),
  .PIECEWISE_BEZIER_KNOTS.);
#11993 = CARTESIAN_POINT('',(221.11364279284,-1.0000006));
#11994 = CARTESIAN_POINT('',(221.11364279284,0.294813179142));
#11995 = ( GEOMETRIC_REPRESENTATION_CONTEXT(2) 
PARAMETRIC_REPRESENTATION_CONTEXT() REPRESENTATION_CONTEXT('2D SPACE',''
  ) );
#11996 = ORIENTED_EDGE('',*,*,#11997,.T.);
#11997 = EDGE_CURVE('',#11977,#11846,#11998,.T.);
#11998 = SURFACE_CURVE('',#11999,(#12004,#12011),.PCURVE_S1.);
#11999 = CIRCLE('',#12000,4.5);
#12000 = AXIS2_PLACEMENT_3D('',#12001,#12002,#12003);
#12001 = CARTESIAN_POINT('',(63.,79.3,244.));
#12002 = DIRECTION('',(0.,-1.,0.));
#12003 = DIRECTION('',(0.,-0.,-1.));
#12004 = PCURVE('',#3604,#12005);
#12005 = DEFINITIONAL_REPRESENTATION('',(#12006),#12010);
#12006 = LINE('',#12007,#12008);
#12007 = CARTESIAN_POINT('',(0.,0.));
#12008 = VECTOR('',#12009,1.);
#12009 = DIRECTION('',(1.,0.));
#12010 = ( GEOMETRIC_REPRESENTATION_CONTEXT(2) 
PARAMETRIC_REPRESENTATION_CONTEXT() REPRESENTATION_CONTEXT('2D SPACE',''
  ) );
#12011 = PCURVE('',#11915,#12012);
#12012 = DEFINITIONAL_REPRESENTATION('',(#12013),#12017);
#12013 = CIRCLE('',#12014,4.5);
#12014 = AXIS2_PLACEMENT_2D('',#12015,#12016);
#12015 = CARTESIAN_POINT('',(0.,0.));
#12016 = DIRECTION('',(1.,0.));
#12017 = ( GEOMETRIC_REPRESENTATION_CONTEXT(2) 
PARAMETRIC_REPRESENTATION_CONTEXT() REPRESENTATION_CONTEXT('2D SPACE',''
  ) );
#12018 = ADVANCED_FACE('',(#12019),#3489,.T.);
#12019 = FACE_BOUND('',#12020,.T.);
#12020 = EDGE_LOOP('',(#12021,#12022,#12046,#12067));
#12021 = ORIENTED_EDGE('',*,*,#3474,.F.);
#12022 = ORIENTED_EDGE('',*,*,#12023,.T.);
#12023 = EDGE_CURVE('',#3414,#12024,#12026,.T.);
#12024 = VERTEX_POINT('',#12025);
#12025 = CARTESIAN_POINT('',(66.15,78.3,259.9));
#12026 = SURFACE_CURVE('',#12027,(#12032,#12039),.PCURVE_S1.);
#12027 = CIRCLE('',#12028,8.15);
#12028 = AXIS2_PLACEMENT_3D('',#12029,#12030,#12031);
#12029 = CARTESIAN_POINT('',(58.,78.3,259.9));
#12030 = DIRECTION('',(0.,1.,0.));
#12031 = DIRECTION('',(0.,-0.,1.));
#12032 = PCURVE('',#3489,#12033);
#12033 = DEFINITIONAL_REPRESENTATION('',(#12034),#12038);
#12034 = CIRCLE('',#12035,8.15);
#12035 = AXIS2_PLACEMENT_2D('',#12036,#12037);
#12036 = CARTESIAN_POINT('',(241.95,116.));
#12037 = DIRECTION('',(1.,0.));
#12038 = ( GEOMETRIC_REPRESENTATION_CONTEXT(2) 
PARAMETRIC_REPRESENTATION_CONTEXT() REPRESENTATION_CONTEXT('2D SPACE',''
  ) );
#12039 = PCURVE('',#3451,#12040);
#12040 = DEFINITIONAL_REPRESENTATION('',(#12041),#12045);
#12041 = LINE('',#12042,#12043);
#12042 = CARTESIAN_POINT('',(0.,0.));
#12043 = VECTOR('',#12044,1.);
#12044 = DIRECTION('',(1.,0.));
#12045 = ( GEOMETRIC_REPRESENTATION_CONTEXT(2) 
PARAMETRIC_REPRESENTATION_CONTEXT() REPRESENTATION_CONTEXT('2D SPACE',''
  ) );
#12046 = ORIENTED_EDGE('',*,*,#12047,.F.);
#12047 = EDGE_CURVE('',#11949,#12024,#12048,.T.);
#12048 = SURFACE_CURVE('',#12049,(#12053,#12060),.PCURVE_S1.);
#12049 = LINE('',#12050,#12051);
#12050 = CARTESIAN_POINT('',(66.15,78.3,26.1));
#12051 = VECTOR('',#12052,1.);
#12052 = DIRECTION('',(0.,0.,1.));
#12053 = PCURVE('',#3489,#12054);
#12054 = DEFINITIONAL_REPRESENTATION('',(#12055),#12059);
#12055 = LINE('',#12056,#12057);
#12056 = CARTESIAN_POINT('',(8.15,124.15));
#12057 = VECTOR('',#12058,1.);
#12058 = DIRECTION('',(1.,0.));
#12059 = ( GEOMETRIC_REPRESENTATION_CONTEXT(2) 
PARAMETRIC_REPRESENTATION_CONTEXT() REPRESENTATION_CONTEXT('2D SPACE',''
  ) );
#12060 = PCURVE('',#4346,#12061);
#12061 = DEFINITIONAL_REPRESENTATION('',(#12062),#12066);
#12062 = LINE('',#12063,#12064);
#12063 = CARTESIAN_POINT('',(0.,0.));
#12064 = VECTOR('',#12065,1.);
#12065 = DIRECTION('',(1.,0.));
#12066 = ( GEOMETRIC_REPRESENTATION_CONTEXT(2) 
PARAMETRIC_REPRESENTATION_CONTEXT() REPRESENTATION_CONTEXT('2D SPACE',''
  ) );
#12067 = ORIENTED_EDGE('',*,*,#11948,.T.);
#12068 = ADVANCED_FACE('',(#12069),#3451,.F.);
#12069 = FACE_BOUND('',#12070,.F.);
#12070 = EDGE_LOOP('',(#12071,#12092,#12093,#12094,#12095));
#12071 = ORIENTED_EDGE('',*,*,#12072,.T.);
#12072 = EDGE_CURVE('',#12024,#4242,#12073,.T.);
#12073 = SURFACE_CURVE('',#12074,(#12078,#12085),.PCURVE_S1.);
#12074 = LINE('',#12075,#12076);
#12075 = CARTESIAN_POINT('',(66.15,78.3,259.9));
#12076 = VECTOR('',#12077,1.);
#12077 = DIRECTION('',(0.,1.,0.));
#12078 = PCURVE('',#3451,#12079);
#12079 = DEFINITIONAL_REPRESENTATION('',(#12080),#12084);
#12080 = LINE('',#12081,#12082);
#12081 = CARTESIAN_POINT('',(1.570796326795,0.));
#12082 = VECTOR('',#12083,1.);
#12083 = DIRECTION('',(0.,1.));
#12084 = ( GEOMETRIC_REPRESENTATION_CONTEXT(2) 
PARAMETRIC_REPRESENTATION_CONTEXT() REPRESENTATION_CONTEXT('2D SPACE',''
  ) );
#12085 = PCURVE('',#4346,#12086);
#12086 = DEFINITIONAL_REPRESENTATION('',(#12087),#12091);
#12087 = LINE('',#12088,#12089);
#12088 = CARTESIAN_POINT('',(233.8,0.));
#12089 = VECTOR('',#12090,1.);
#12090 = DIRECTION('',(0.,-1.));
#12091 = ( GEOMETRIC_REPRESENTATION_CONTEXT(2) 
PARAMETRIC_REPRESENTATION_CONTEXT() REPRESENTATION_CONTEXT('2D SPACE',''
  ) );
#12092 = ORIENTED_EDGE('',*,*,#4241,.F.);
#12093 = ORIENTED_EDGE('',*,*,#4149,.F.);
#12094 = ORIENTED_EDGE('',*,*,#3413,.T.);
#12095 = ORIENTED_EDGE('',*,*,#12023,.T.);
#12096 = ADVANCED_FACE('',(#12097),#4133,.T.);
#12097 = FACE_BOUND('',#12098,.T.);
#12098 = EDGE_LOOP('',(#12099,#12122,#12141,#12142));
#12099 = ORIENTED_EDGE('',*,*,#12100,.F.);
#12100 = EDGE_CURVE('',#12101,#4088,#12103,.T.);
#12101 = VERTEX_POINT('',#12102);
#12102 = CARTESIAN_POINT('',(44.061552812809,74.85,147.));
#12103 = SURFACE_CURVE('',#12104,(#12108,#12115),.PCURVE_S1.);
#12104 = LINE('',#12105,#12106);
#12105 = CARTESIAN_POINT('',(-75.55,74.85,147.));
#12106 = VECTOR('',#12107,1.);
#12107 = DIRECTION('',(1.,0.,0.));
#12108 = PCURVE('',#4133,#12109);
#12109 = DEFINITIONAL_REPRESENTATION('',(#12110),#12114);
#12110 = LINE('',#12111,#12112);
#12111 = CARTESIAN_POINT('',(0.,0.));
#12112 = VECTOR('',#12113,1.);
#12113 = DIRECTION('',(0.,1.));
#12114 = ( GEOMETRIC_REPRESENTATION_CONTEXT(2) 
PARAMETRIC_REPRESENTATION_CONTEXT() REPRESENTATION_CONTEXT('2D SPACE',''
  ) );
#12115 = PCURVE('',#4104,#12116);
#12116 = DEFINITIONAL_REPRESENTATION('',(#12117),#12121);
#12117 = LINE('',#12118,#12119);
#12118 = CARTESIAN_POINT('',(0.,8.));
#12119 = VECTOR('',#12120,1.);
#12120 = DIRECTION('',(1.,0.));
#12121 = ( GEOMETRIC_REPRESENTATION_CONTEXT(2) 
PARAMETRIC_REPRESENTATION_CONTEXT() REPRESENTATION_CONTEXT('2D SPACE',''
  ) );
#12122 = ORIENTED_EDGE('',*,*,#12123,.F.);
#12123 = EDGE_CURVE('',#11006,#12101,#12124,.T.);
#12124 = SURFACE_CURVE('',#12125,(#12129,#12135),.PCURVE_S1.);
#12125 = LINE('',#12126,#12127);
#12126 = CARTESIAN_POINT('',(44.061552812809,74.85,143.));
#12127 = VECTOR('',#12128,1.);
#12128 = DIRECTION('',(-0.,-0.,-1.));
#12129 = PCURVE('',#4133,#12130);
#12130 = DEFINITIONAL_REPRESENTATION('',(#12131),#12134);
#12131 = B_SPLINE_CURVE_WITH_KNOTS('',1,(#12132,#12133),.UNSPECIFIED.,
  .F.,.F.,(2,2),(-8.0000006,-3.6),.PIECEWISE_BEZIER_KNOTS.);
#12132 = CARTESIAN_POINT('',(4.0000006,119.6115528128));
#12133 = CARTESIAN_POINT('',(-0.4,119.6115528128));
#12134 = ( GEOMETRIC_REPRESENTATION_CONTEXT(2) 
PARAMETRIC_REPRESENTATION_CONTEXT() REPRESENTATION_CONTEXT('2D SPACE',''
  ) );
#12135 = PCURVE('',#11045,#12136);
#12136 = DEFINITIONAL_REPRESENTATION('',(#12137),#12140);
#12137 = B_SPLINE_CURVE_WITH_KNOTS('',1,(#12138,#12139),.UNSPECIFIED.,
  .F.,.F.,(2,2),(-8.0000006,-3.6),.PIECEWISE_BEZIER_KNOTS.);
#12138 = CARTESIAN_POINT('',(-1.094914077134,-8.0000006));
#12139 = CARTESIAN_POINT('',(-1.094914077134,-3.6));
#12140 = ( GEOMETRIC_REPRESENTATION_CONTEXT(2) 
PARAMETRIC_REPRESENTATION_CONTEXT() REPRESENTATION_CONTEXT('2D SPACE',''
  ) );
#12141 = ORIENTED_EDGE('',*,*,#11005,.T.);
#12142 = ORIENTED_EDGE('',*,*,#4120,.T.);
#12143 = ADVANCED_FACE('',(#12144),#4076,.T.);
#12144 = FACE_BOUND('',#12145,.T.);
#12145 = EDGE_LOOP('',(#12146,#12147,#12170,#12191));
#12146 = ORIENTED_EDGE('',*,*,#11264,.F.);
#12147 = ORIENTED_EDGE('',*,*,#12148,.F.);
#12148 = EDGE_CURVE('',#12149,#11237,#12151,.T.);
#12149 = VERTEX_POINT('',#12150);
#12150 = CARTESIAN_POINT('',(75.55,66.85,147.));
#12151 = SURFACE_CURVE('',#12152,(#12156,#12163),.PCURVE_S1.);
#12152 = LINE('',#12153,#12154);
#12153 = CARTESIAN_POINT('',(75.55,66.85,147.));
#12154 = VECTOR('',#12155,1.);
#12155 = DIRECTION('',(0.,0.,1.));
#12156 = PCURVE('',#4076,#12157);
#12157 = DEFINITIONAL_REPRESENTATION('',(#12158),#12162);
#12158 = LINE('',#12159,#12160);
#12159 = CARTESIAN_POINT('',(0.,0.));
#12160 = VECTOR('',#12161,1.);
#12161 = DIRECTION('',(1.,0.));
#12162 = ( GEOMETRIC_REPRESENTATION_CONTEXT(2) 
PARAMETRIC_REPRESENTATION_CONTEXT() REPRESENTATION_CONTEXT('2D SPACE',''
  ) );
#12163 = PCURVE('',#11252,#12164);
#12164 = DEFINITIONAL_REPRESENTATION('',(#12165),#12169);
#12165 = LINE('',#12166,#12167);
#12166 = CARTESIAN_POINT('',(0.,151.1));
#12167 = VECTOR('',#12168,1.);
#12168 = DIRECTION('',(1.,0.));
#12169 = ( GEOMETRIC_REPRESENTATION_CONTEXT(2) 
PARAMETRIC_REPRESENTATION_CONTEXT() REPRESENTATION_CONTEXT('2D SPACE',''
  ) );
#12170 = ORIENTED_EDGE('',*,*,#12171,.T.);
#12171 = EDGE_CURVE('',#12149,#4062,#12172,.T.);
#12172 = SURFACE_CURVE('',#12173,(#12177,#12184),.PCURVE_S1.);
#12173 = LINE('',#12174,#12175);
#12174 = CARTESIAN_POINT('',(75.55,66.85,147.));
#12175 = VECTOR('',#12176,1.);
#12176 = DIRECTION('',(0.,1.,0.));
#12177 = PCURVE('',#4076,#12178);
#12178 = DEFINITIONAL_REPRESENTATION('',(#12179),#12183);
#12179 = LINE('',#12180,#12181);
#12180 = CARTESIAN_POINT('',(0.,0.));
#12181 = VECTOR('',#12182,1.);
#12182 = DIRECTION('',(0.,-1.));
#12183 = ( GEOMETRIC_REPRESENTATION_CONTEXT(2) 
PARAMETRIC_REPRESENTATION_CONTEXT() REPRESENTATION_CONTEXT('2D SPACE',''
  ) );
#12184 = PCURVE('',#4104,#12185);
#12185 = DEFINITIONAL_REPRESENTATION('',(#12186),#12190);
#12186 = LINE('',#12187,#12188);
#12187 = CARTESIAN_POINT('',(151.1,0.));
#12188 = VECTOR('',#12189,1.);
#12189 = DIRECTION('',(0.,1.));
#12190 = ( GEOMETRIC_REPRESENTATION_CONTEXT(2) 
PARAMETRIC_REPRESENTATION_CONTEXT() REPRESENTATION_CONTEXT('2D SPACE',''
  ) );
#12191 = ORIENTED_EDGE('',*,*,#4061,.F.);
#12192 = ADVANCED_FACE('',(#12193),#4104,.F.);
#12193 = FACE_BOUND('',#12194,.F.);
#12194 = EDGE_LOOP('',(#12195,#12225,#12246,#12247,#12248,#12249));
#12195 = ORIENTED_EDGE('',*,*,#12196,.T.);
#12196 = EDGE_CURVE('',#12197,#12199,#12201,.T.);
#12197 = VERTEX_POINT('',#12198);
#12198 = CARTESIAN_POINT('',(46.5,70.85,147.));
#12199 = VERTEX_POINT('',#12200);
#12200 = CARTESIAN_POINT('',(44.061552812809,66.85,147.));
#12201 = SURFACE_CURVE('',#12202,(#12207,#12218),.PCURVE_S1.);
#12202 = CIRCLE('',#12203,4.5);
#12203 = AXIS2_PLACEMENT_3D('',#12204,#12205,#12206);
#12204 = CARTESIAN_POINT('',(42.,70.85,147.));
#12205 = DIRECTION('',(0.,0.,-1.));
#12206 = DIRECTION('',(1.,0.,0.));
#12207 = PCURVE('',#4104,#12208);
#12208 = DEFINITIONAL_REPRESENTATION('',(#12209),#12217);
#12209 = ( BOUNDED_CURVE() B_SPLINE_CURVE(2,(#12210,#12211,#12212,#12213
    ,#12214,#12215,#12216),.UNSPECIFIED.,.T.,.F.) 
B_SPLINE_CURVE_WITH_KNOTS((1,2,2,2,2,1),(-2.094395102393,0.,
    2.094395102393,4.188790204786,6.28318530718,8.377580409573),
.UNSPECIFIED.) CURVE() GEOMETRIC_REPRESENTATION_ITEM() 
RATIONAL_B_SPLINE_CURVE((1.,0.5,1.,0.5,1.,0.5,1.)) REPRESENTATION_ITEM(
  '') );
#12210 = CARTESIAN_POINT('',(122.05,4.));
#12211 = CARTESIAN_POINT('',(122.05,-3.79422863406));
#12212 = CARTESIAN_POINT('',(115.3,0.10288568297));
#12213 = CARTESIAN_POINT('',(108.55,4.));
#12214 = CARTESIAN_POINT('',(115.3,7.89711431703));
#12215 = CARTESIAN_POINT('',(122.05,11.79422863406));
#12216 = CARTESIAN_POINT('',(122.05,4.));
#12217 = ( GEOMETRIC_REPRESENTATION_CONTEXT(2) 
PARAMETRIC_REPRESENTATION_CONTEXT() REPRESENTATION_CONTEXT('2D SPACE',''
  ) );
#12218 = PCURVE('',#11045,#12219);
#12219 = DEFINITIONAL_REPRESENTATION('',(#12220),#12224);
#12220 = LINE('',#12221,#12222);
#12221 = CARTESIAN_POINT('',(-6.28318530718,-4.));
#12222 = VECTOR('',#12223,1.);
#12223 = DIRECTION('',(1.,-0.));
#12224 = ( GEOMETRIC_REPRESENTATION_CONTEXT(2) 
PARAMETRIC_REPRESENTATION_CONTEXT() REPRESENTATION_CONTEXT('2D SPACE',''
  ) );
#12225 = ORIENTED_EDGE('',*,*,#12226,.T.);
#12226 = EDGE_CURVE('',#12199,#12149,#12227,.T.);
#12227 = SURFACE_CURVE('',#12228,(#12232,#12239),.PCURVE_S1.);
#12228 = LINE('',#12229,#12230);
#12229 = CARTESIAN_POINT('',(-75.55,66.85,147.));
#12230 = VECTOR('',#12231,1.);
#12231 = DIRECTION('',(1.,0.,0.));
#12232 = PCURVE('',#4104,#12233);
#12233 = DEFINITIONAL_REPRESENTATION('',(#12234),#12238);
#12234 = LINE('',#12235,#12236);
#12235 = CARTESIAN_POINT('',(0.,0.));
#12236 = VECTOR('',#12237,1.);
#12237 = DIRECTION('',(1.,0.));
#12238 = ( GEOMETRIC_REPRESENTATION_CONTEXT(2) 
PARAMETRIC_REPRESENTATION_CONTEXT() REPRESENTATION_CONTEXT('2D SPACE',''
  ) );
#12239 = PCURVE('',#11252,#12240);
#12240 = DEFINITIONAL_REPRESENTATION('',(#12241),#12245);
#12241 = LINE('',#12242,#12243);
#12242 = CARTESIAN_POINT('',(0.,0.));
#12243 = VECTOR('',#12244,1.);
#12244 = DIRECTION('',(0.,1.));
#12245 = ( GEOMETRIC_REPRESENTATION_CONTEXT(2) 
PARAMETRIC_REPRESENTATION_CONTEXT() REPRESENTATION_CONTEXT('2D SPACE',''
  ) );
#12246 = ORIENTED_EDGE('',*,*,#12171,.T.);
#12247 = ORIENTED_EDGE('',*,*,#4087,.F.);
#12248 = ORIENTED_EDGE('',*,*,#12100,.F.);
#12249 = ORIENTED_EDGE('',*,*,#12250,.T.);
#12250 = EDGE_CURVE('',#12101,#12197,#12251,.T.);
#12251 = SURFACE_CURVE('',#12252,(#12257,#12268),.PCURVE_S1.);
#12252 = CIRCLE('',#12253,4.5);
#12253 = AXIS2_PLACEMENT_3D('',#12254,#12255,#12256);
#12254 = CARTESIAN_POINT('',(42.,70.85,147.));
#12255 = DIRECTION('',(0.,0.,-1.));
#12256 = DIRECTION('',(1.,0.,0.));
#12257 = PCURVE('',#4104,#12258);
#12258 = DEFINITIONAL_REPRESENTATION('',(#12259),#12267);
#12259 = ( BOUNDED_CURVE() B_SPLINE_CURVE(2,(#12260,#12261,#12262,#12263
    ,#12264,#12265,#12266),.UNSPECIFIED.,.T.,.F.) 
B_SPLINE_CURVE_WITH_KNOTS((1,2,2,2,2,1),(-2.094395102393,0.,
    2.094395102393,4.188790204786,6.28318530718,8.377580409573),
.UNSPECIFIED.) CURVE() GEOMETRIC_REPRESENTATION_ITEM() 
RATIONAL_B_SPLINE_CURVE((1.,0.5,1.,0.5,1.,0.5,1.)) REPRESENTATION_ITEM(
  '') );
#12260 = CARTESIAN_POINT('',(122.05,4.));
#12261 = CARTESIAN_POINT('',(122.05,-3.79422863406));
#12262 = CARTESIAN_POINT('',(115.3,0.10288568297));
#12263 = CARTESIAN_POINT('',(108.55,4.));
#12264 = CARTESIAN_POINT('',(115.3,7.89711431703));
#12265 = CARTESIAN_POINT('',(122.05,11.79422863406));
#12266 = CARTESIAN_POINT('',(122.05,4.));
#12267 = ( GEOMETRIC_REPRESENTATION_CONTEXT(2) 
PARAMETRIC_REPRESENTATION_CONTEXT() REPRESENTATION_CONTEXT('2D SPACE',''
  ) );
#12268 = PCURVE('',#11045,#12269);
#12269 = DEFINITIONAL_REPRESENTATION('',(#12270),#12274);
#12270 = LINE('',#12271,#12272);
#12271 = CARTESIAN_POINT('',(-6.28318530718,-4.));
#12272 = VECTOR('',#12273,1.);
#12273 = DIRECTION('',(1.,-0.));
#12274 = ( GEOMETRIC_REPRESENTATION_CONTEXT(2) 
PARAMETRIC_REPRESENTATION_CONTEXT() REPRESENTATION_CONTEXT('2D SPACE',''
  ) );
#12275 = ADVANCED_FACE('',(#12276),#4346,.F.);
#12276 = FACE_BOUND('',#12277,.F.);
#12277 = EDGE_LOOP('',(#12278,#12279,#12280,#12281,#12282,#12283,#12284,
    #12303,#12304,#12305,#12306,#12325));
#12278 = ORIENTED_EDGE('',*,*,#11589,.F.);
#12279 = ORIENTED_EDGE('',*,*,#8669,.T.);
#12280 = ORIENTED_EDGE('',*,*,#4333,.F.);
#12281 = ORIENTED_EDGE('',*,*,#12072,.F.);
#12282 = ORIENTED_EDGE('',*,*,#12047,.F.);
#12283 = ORIENTED_EDGE('',*,*,#11976,.F.);
#12284 = ORIENTED_EDGE('',*,*,#12285,.T.);
#12285 = EDGE_CURVE('',#11977,#11899,#12286,.T.);
#12286 = SURFACE_CURVE('',#12287,(#12291,#12297),.PCURVE_S1.);
#12287 = LINE('',#12288,#12289);
#12288 = CARTESIAN_POINT('',(66.15,79.3,135.05));
#12289 = VECTOR('',#12290,1.);
#12290 = DIRECTION('',(0.,0.,-1.));
#12291 = PCURVE('',#4346,#12292);
#12292 = DEFINITIONAL_REPRESENTATION('',(#12293),#12296);
#12293 = B_SPLINE_CURVE_WITH_KNOTS('',1,(#12294,#12295),.UNSPECIFIED.,
  .F.,.F.,(2,2),(-113.45,-104.45),.PIECEWISE_BEZIER_KNOTS.);
#12294 = CARTESIAN_POINT('',(222.4,-1.));
#12295 = CARTESIAN_POINT('',(213.4,-1.));
#12296 = ( GEOMETRIC_REPRESENTATION_CONTEXT(2) 
PARAMETRIC_REPRESENTATION_CONTEXT() REPRESENTATION_CONTEXT('2D SPACE',''
  ) );
#12297 = PCURVE('',#11915,#12298);
#12298 = DEFINITIONAL_REPRESENTATION('',(#12299),#12302);
#12299 = B_SPLINE_CURVE_WITH_KNOTS('',1,(#12300,#12301),.UNSPECIFIED.,
  .F.,.F.,(2,2),(-113.45,-104.45),.PIECEWISE_BEZIER_KNOTS.);
#12300 = CARTESIAN_POINT('',(-4.5,3.15));
#12301 = CARTESIAN_POINT('',(4.5,3.15));
#12302 = ( GEOMETRIC_REPRESENTATION_CONTEXT(2) 
PARAMETRIC_REPRESENTATION_CONTEXT() REPRESENTATION_CONTEXT('2D SPACE',''
  ) );
#12303 = ORIENTED_EDGE('',*,*,#11927,.T.);
#12304 = ORIENTED_EDGE('',*,*,#11820,.F.);
#12305 = ORIENTED_EDGE('',*,*,#11745,.F.);
#12306 = ORIENTED_EDGE('',*,*,#12307,.T.);
#12307 = EDGE_CURVE('',#11746,#11668,#12308,.T.);
#12308 = SURFACE_CURVE('',#12309,(#12313,#12319),.PCURVE_S1.);
#12309 = LINE('',#12310,#12311);
#12310 = CARTESIAN_POINT('',(66.15,79.3,122.05));
#12311 = VECTOR('',#12312,1.);
#12312 = DIRECTION('',(0.,0.,-1.));
#12313 = PCURVE('',#4346,#12314);
#12314 = DEFINITIONAL_REPRESENTATION('',(#12315),#12318);
#12315 = B_SPLINE_CURVE_WITH_KNOTS('',1,(#12316,#12317),.UNSPECIFIED.,
  .F.,.F.,(2,2),(-100.45,-91.45),.PIECEWISE_BEZIER_KNOTS.);
#12316 = CARTESIAN_POINT('',(196.4,-1.));
#12317 = CARTESIAN_POINT('',(187.4,-1.));
#12318 = ( GEOMETRIC_REPRESENTATION_CONTEXT(2) 
PARAMETRIC_REPRESENTATION_CONTEXT() REPRESENTATION_CONTEXT('2D SPACE',''
  ) );
#12319 = PCURVE('',#11684,#12320);
#12320 = DEFINITIONAL_REPRESENTATION('',(#12321),#12324);
#12321 = B_SPLINE_CURVE_WITH_KNOTS('',1,(#12322,#12323),.UNSPECIFIED.,
  .F.,.F.,(2,2),(-100.45,-91.45),.PIECEWISE_BEZIER_KNOTS.);
#12322 = CARTESIAN_POINT('',(-4.5,3.15));
#12323 = CARTESIAN_POINT('',(4.5,3.15));
#12324 = ( GEOMETRIC_REPRESENTATION_CONTEXT(2) 
PARAMETRIC_REPRESENTATION_CONTEXT() REPRESENTATION_CONTEXT('2D SPACE',''
  ) );
#12325 = ORIENTED_EDGE('',*,*,#11696,.T.);
#12326 = ADVANCED_FACE('',(#12327),#4426,.T.);
#12327 = FACE_BOUND('',#12328,.T.);
#12328 = EDGE_LOOP('',(#12329,#12352,#12380,#12401));
#12329 = ORIENTED_EDGE('',*,*,#12330,.F.);
#12330 = EDGE_CURVE('',#12331,#4409,#12333,.T.);
#12331 = VERTEX_POINT('',#12332);
#12332 = CARTESIAN_POINT('',(79.85,35.8,120.2));
#12333 = SURFACE_CURVE('',#12334,(#12338,#12345),.PCURVE_S1.);
#12334 = LINE('',#12335,#12336);
#12335 = CARTESIAN_POINT('',(79.85,35.8,120.2));
#12336 = VECTOR('',#12337,1.);
#12337 = DIRECTION('',(1.,0.,0.));
#12338 = PCURVE('',#4426,#12339);
#12339 = DEFINITIONAL_REPRESENTATION('',(#12340),#12344);
#12340 = LINE('',#12341,#12342);
#12341 = CARTESIAN_POINT('',(0.,71.6));
#12342 = VECTOR('',#12343,1.);
#12343 = DIRECTION('',(1.,0.));
#12344 = ( GEOMETRIC_REPRESENTATION_CONTEXT(2) 
PARAMETRIC_REPRESENTATION_CONTEXT() REPRESENTATION_CONTEXT('2D SPACE',''
  ) );
#12345 = PCURVE('',#4505,#12346);
#12346 = DEFINITIONAL_REPRESENTATION('',(#12347),#12351);
#12347 = LINE('',#12348,#12349);
#12348 = CARTESIAN_POINT('',(0.,0.));
#12349 = VECTOR('',#12350,1.);
#12350 = DIRECTION('',(0.,1.));
#12351 = ( GEOMETRIC_REPRESENTATION_CONTEXT(2) 
PARAMETRIC_REPRESENTATION_CONTEXT() REPRESENTATION_CONTEXT('2D SPACE',''
  ) );
#12352 = ORIENTED_EDGE('',*,*,#12353,.F.);
#12353 = EDGE_CURVE('',#12354,#12331,#12356,.T.);
#12354 = VERTEX_POINT('',#12355);
#12355 = CARTESIAN_POINT('',(79.85,-35.8,120.2));
#12356 = SURFACE_CURVE('',#12357,(#12361,#12368),.PCURVE_S1.);
#12357 = LINE('',#12358,#12359);
#12358 = CARTESIAN_POINT('',(79.85,-35.8,120.2));
#12359 = VECTOR('',#12360,1.);
#12360 = DIRECTION('',(0.,1.,0.));
#12361 = PCURVE('',#4426,#12362);
#12362 = DEFINITIONAL_REPRESENTATION('',(#12363),#12367);
#12363 = LINE('',#12364,#12365);
#12364 = CARTESIAN_POINT('',(0.,0.));
#12365 = VECTOR('',#12366,1.);
#12366 = DIRECTION('',(0.,1.));
#12367 = ( GEOMETRIC_REPRESENTATION_CONTEXT(2) 
PARAMETRIC_REPRESENTATION_CONTEXT() REPRESENTATION_CONTEXT('2D SPACE',''
  ) );
#12368 = PCURVE('',#12369,#12374);
#12369 = PLANE('',#12370);
#12370 = AXIS2_PLACEMENT_3D('',#12371,#12372,#12373);
#12371 = CARTESIAN_POINT('',(79.85,-35.8,120.2));
#12372 = DIRECTION('',(1.,0.,0.));
#12373 = DIRECTION('',(0.,0.,1.));
#12374 = DEFINITIONAL_REPRESENTATION('',(#12375),#12379);
#12375 = LINE('',#12376,#12377);
#12376 = CARTESIAN_POINT('',(0.,0.));
#12377 = VECTOR('',#12378,1.);
#12378 = DIRECTION('',(0.,-1.));
#12379 = ( GEOMETRIC_REPRESENTATION_CONTEXT(2) 
PARAMETRIC_REPRESENTATION_CONTEXT() REPRESENTATION_CONTEXT('2D SPACE',''
  ) );
#12380 = ORIENTED_EDGE('',*,*,#12381,.T.);
#12381 = EDGE_CURVE('',#12354,#4411,#12382,.T.);
#12382 = SURFACE_CURVE('',#12383,(#12387,#12394),.PCURVE_S1.);
#12383 = LINE('',#12384,#12385);
#12384 = CARTESIAN_POINT('',(79.85,-35.8,120.2));
#12385 = VECTOR('',#12386,1.);
#12386 = DIRECTION('',(1.,0.,0.));
#12387 = PCURVE('',#4426,#12388);
#12388 = DEFINITIONAL_REPRESENTATION('',(#12389),#12393);
#12389 = LINE('',#12390,#12391);
#12390 = CARTESIAN_POINT('',(0.,0.));
#12391 = VECTOR('',#12392,1.);
#12392 = DIRECTION('',(1.,0.));
#12393 = ( GEOMETRIC_REPRESENTATION_CONTEXT(2) 
PARAMETRIC_REPRESENTATION_CONTEXT() REPRESENTATION_CONTEXT('2D SPACE',''
  ) );
#12394 = PCURVE('',#4453,#12395);
#12395 = DEFINITIONAL_REPRESENTATION('',(#12396),#12400);
#12396 = LINE('',#12397,#12398);
#12397 = CARTESIAN_POINT('',(0.,0.));
#12398 = VECTOR('',#12399,1.);
#12399 = DIRECTION('',(0.,1.));
#12400 = ( GEOMETRIC_REPRESENTATION_CONTEXT(2) 
PARAMETRIC_REPRESENTATION_CONTEXT() REPRESENTATION_CONTEXT('2D SPACE',''
  ) );
#12401 = ORIENTED_EDGE('',*,*,#4408,.F.);
#12402 = ADVANCED_FACE('',(#12403),#4505,.F.);
#12403 = FACE_BOUND('',#12404,.F.);
#12404 = EDGE_LOOP('',(#12405,#12406,#12429,#12450));
#12405 = ORIENTED_EDGE('',*,*,#12330,.F.);
#12406 = ORIENTED_EDGE('',*,*,#12407,.T.);
#12407 = EDGE_CURVE('',#12331,#12408,#12410,.T.);
#12408 = VERTEX_POINT('',#12409);
#12409 = CARTESIAN_POINT('',(79.85,35.8,191.8));
#12410 = SURFACE_CURVE('',#12411,(#12415,#12422),.PCURVE_S1.);
#12411 = LINE('',#12412,#12413);
#12412 = CARTESIAN_POINT('',(79.85,35.8,120.2));
#12413 = VECTOR('',#12414,1.);
#12414 = DIRECTION('',(0.,0.,1.));
#12415 = PCURVE('',#4505,#12416);
#12416 = DEFINITIONAL_REPRESENTATION('',(#12417),#12421);
#12417 = LINE('',#12418,#12419);
#12418 = CARTESIAN_POINT('',(0.,0.));
#12419 = VECTOR('',#12420,1.);
#12420 = DIRECTION('',(1.,0.));
#12421 = ( GEOMETRIC_REPRESENTATION_CONTEXT(2) 
PARAMETRIC_REPRESENTATION_CONTEXT() REPRESENTATION_CONTEXT('2D SPACE',''
  ) );
#12422 = PCURVE('',#12369,#12423);
#12423 = DEFINITIONAL_REPRESENTATION('',(#12424),#12428);
#12424 = LINE('',#12425,#12426);
#12425 = CARTESIAN_POINT('',(0.,-71.6));
#12426 = VECTOR('',#12427,1.);
#12427 = DIRECTION('',(1.,0.));
#12428 = ( GEOMETRIC_REPRESENTATION_CONTEXT(2) 
PARAMETRIC_REPRESENTATION_CONTEXT() REPRESENTATION_CONTEXT('2D SPACE',''
  ) );
#12429 = ORIENTED_EDGE('',*,*,#12430,.T.);
#12430 = EDGE_CURVE('',#12408,#4465,#12431,.T.);
#12431 = SURFACE_CURVE('',#12432,(#12436,#12443),.PCURVE_S1.);
#12432 = LINE('',#12433,#12434);
#12433 = CARTESIAN_POINT('',(79.85,35.8,191.8));
#12434 = VECTOR('',#12435,1.);
#12435 = DIRECTION('',(1.,0.,0.));
#12436 = PCURVE('',#4505,#12437);
#12437 = DEFINITIONAL_REPRESENTATION('',(#12438),#12442);
#12438 = LINE('',#12439,#12440);
#12439 = CARTESIAN_POINT('',(71.6,0.));
#12440 = VECTOR('',#12441,1.);
#12441 = DIRECTION('',(0.,1.));
#12442 = ( GEOMETRIC_REPRESENTATION_CONTEXT(2) 
PARAMETRIC_REPRESENTATION_CONTEXT() REPRESENTATION_CONTEXT('2D SPACE',''
  ) );
#12443 = PCURVE('',#4480,#12444);
#12444 = DEFINITIONAL_REPRESENTATION('',(#12445),#12449);
#12445 = LINE('',#12446,#12447);
#12446 = CARTESIAN_POINT('',(0.,71.6));
#12447 = VECTOR('',#12448,1.);
#12448 = DIRECTION('',(1.,0.));
#12449 = ( GEOMETRIC_REPRESENTATION_CONTEXT(2) 
PARAMETRIC_REPRESENTATION_CONTEXT() REPRESENTATION_CONTEXT('2D SPACE',''
  ) );
#12450 = ORIENTED_EDGE('',*,*,#4491,.F.);
#12451 = ADVANCED_FACE('',(#12452),#4453,.T.);
#12452 = FACE_BOUND('',#12453,.T.);
#12453 = EDGE_LOOP('',(#12454,#12455,#12478,#12499));
#12454 = ORIENTED_EDGE('',*,*,#12381,.F.);
#12455 = ORIENTED_EDGE('',*,*,#12456,.T.);
#12456 = EDGE_CURVE('',#12354,#12457,#12459,.T.);
#12457 = VERTEX_POINT('',#12458);
#12458 = CARTESIAN_POINT('',(79.85,-35.8,191.8));
#12459 = SURFACE_CURVE('',#12460,(#12464,#12471),.PCURVE_S1.);
#12460 = LINE('',#12461,#12462);
#12461 = CARTESIAN_POINT('',(79.85,-35.8,120.2));
#12462 = VECTOR('',#12463,1.);
#12463 = DIRECTION('',(0.,0.,1.));
#12464 = PCURVE('',#4453,#12465);
#12465 = DEFINITIONAL_REPRESENTATION('',(#12466),#12470);
#12466 = LINE('',#12467,#12468);
#12467 = CARTESIAN_POINT('',(0.,0.));
#12468 = VECTOR('',#12469,1.);
#12469 = DIRECTION('',(1.,0.));
#12470 = ( GEOMETRIC_REPRESENTATION_CONTEXT(2) 
PARAMETRIC_REPRESENTATION_CONTEXT() REPRESENTATION_CONTEXT('2D SPACE',''
  ) );
#12471 = PCURVE('',#12369,#12472);
#12472 = DEFINITIONAL_REPRESENTATION('',(#12473),#12477);
#12473 = LINE('',#12474,#12475);
#12474 = CARTESIAN_POINT('',(0.,0.));
#12475 = VECTOR('',#12476,1.);
#12476 = DIRECTION('',(1.,0.));
#12477 = ( GEOMETRIC_REPRESENTATION_CONTEXT(2) 
PARAMETRIC_REPRESENTATION_CONTEXT() REPRESENTATION_CONTEXT('2D SPACE',''
  ) );
#12478 = ORIENTED_EDGE('',*,*,#12479,.T.);
#12479 = EDGE_CURVE('',#12457,#4438,#12480,.T.);
#12480 = SURFACE_CURVE('',#12481,(#12485,#12492),.PCURVE_S1.);
#12481 = LINE('',#12482,#12483);
#12482 = CARTESIAN_POINT('',(79.85,-35.8,191.8));
#12483 = VECTOR('',#12484,1.);
#12484 = DIRECTION('',(1.,0.,0.));
#12485 = PCURVE('',#4453,#12486);
#12486 = DEFINITIONAL_REPRESENTATION('',(#12487),#12491);
#12487 = LINE('',#12488,#12489);
#12488 = CARTESIAN_POINT('',(71.6,0.));
#12489 = VECTOR('',#12490,1.);
#12490 = DIRECTION('',(0.,1.));
#12491 = ( GEOMETRIC_REPRESENTATION_CONTEXT(2) 
PARAMETRIC_REPRESENTATION_CONTEXT() REPRESENTATION_CONTEXT('2D SPACE',''
  ) );
#12492 = PCURVE('',#4480,#12493);
#12493 = DEFINITIONAL_REPRESENTATION('',(#12494),#12498);
#12494 = LINE('',#12495,#12496);
#12495 = CARTESIAN_POINT('',(0.,0.));
#12496 = VECTOR('',#12497,1.);
#12497 = DIRECTION('',(1.,0.));
#12498 = ( GEOMETRIC_REPRESENTATION_CONTEXT(2) 
PARAMETRIC_REPRESENTATION_CONTEXT() REPRESENTATION_CONTEXT('2D SPACE',''
  ) );
#12499 = ORIENTED_EDGE('',*,*,#4437,.F.);
#12500 = ADVANCED_FACE('',(#12501),#4480,.F.);
#12501 = FACE_BOUND('',#12502,.F.);
#12502 = EDGE_LOOP('',(#12503,#12504,#12525,#12526));
#12503 = ORIENTED_EDGE('',*,*,#12430,.F.);
#12504 = ORIENTED_EDGE('',*,*,#12505,.F.);
#12505 = EDGE_CURVE('',#12457,#12408,#12506,.T.);
#12506 = SURFACE_CURVE('',#12507,(#12511,#12518),.PCURVE_S1.);
#12507 = LINE('',#12508,#12509);
#12508 = CARTESIAN_POINT('',(79.85,-35.8,191.8));
#12509 = VECTOR('',#12510,1.);
#12510 = DIRECTION('',(0.,1.,0.));
#12511 = PCURVE('',#4480,#12512);
#12512 = DEFINITIONAL_REPRESENTATION('',(#12513),#12517);
#12513 = LINE('',#12514,#12515);
#12514 = CARTESIAN_POINT('',(0.,0.));
#12515 = VECTOR('',#12516,1.);
#12516 = DIRECTION('',(0.,1.));
#12517 = ( GEOMETRIC_REPRESENTATION_CONTEXT(2) 
PARAMETRIC_REPRESENTATION_CONTEXT() REPRESENTATION_CONTEXT('2D SPACE',''
  ) );
#12518 = PCURVE('',#12369,#12519);
#12519 = DEFINITIONAL_REPRESENTATION('',(#12520),#12524);
#12520 = LINE('',#12521,#12522);
#12521 = CARTESIAN_POINT('',(71.6,0.));
#12522 = VECTOR('',#12523,1.);
#12523 = DIRECTION('',(0.,-1.));
#12524 = ( GEOMETRIC_REPRESENTATION_CONTEXT(2) 
PARAMETRIC_REPRESENTATION_CONTEXT() REPRESENTATION_CONTEXT('2D SPACE',''
  ) );
#12525 = ORIENTED_EDGE('',*,*,#12479,.T.);
#12526 = ORIENTED_EDGE('',*,*,#4464,.F.);
#12527 = ADVANCED_FACE('',(#12528),#4566,.F.);
#12528 = FACE_BOUND('',#12529,.F.);
#12529 = EDGE_LOOP('',(#12530,#12531,#12532,#12554,#12576,#12596,#12597,
    #12598,#12599,#12600,#12601,#12602));
#12530 = ORIENTED_EDGE('',*,*,#4874,.F.);
#12531 = ORIENTED_EDGE('',*,*,#4547,.F.);
#12532 = ORIENTED_EDGE('',*,*,#12533,.F.);
#12533 = EDGE_CURVE('',#12534,#4548,#12536,.T.);
#12534 = VERTEX_POINT('',#12535);
#12535 = CARTESIAN_POINT('',(-65.,-72.,214.));
#12536 = SURFACE_CURVE('',#12537,(#12541,#12548),.PCURVE_S1.);
#12537 = LINE('',#12538,#12539);
#12538 = CARTESIAN_POINT('',(-65.,-80.,214.));
#12539 = VECTOR('',#12540,1.);
#12540 = DIRECTION('',(0.,-1.,0.));
#12541 = PCURVE('',#4566,#12542);
#12542 = DEFINITIONAL_REPRESENTATION('',(#12543),#12547);
#12543 = LINE('',#12544,#12545);
#12544 = CARTESIAN_POINT('',(1.,0.));
#12545 = VECTOR('',#12546,1.);
#12546 = DIRECTION('',(0.,-1.));
#12547 = ( GEOMETRIC_REPRESENTATION_CONTEXT(2) 
PARAMETRIC_REPRESENTATION_CONTEXT() REPRESENTATION_CONTEXT('2D SPACE',''
  ) );
#12548 = PCURVE('',#4597,#12549);
#12549 = DEFINITIONAL_REPRESENTATION('',(#12550),#12553);
#12550 = B_SPLINE_CURVE_WITH_KNOTS('',1,(#12551,#12552),.UNSPECIFIED.,
  .F.,.F.,(2,2),(-8.,-1.741710600358),.PIECEWISE_BEZIER_KNOTS.);
#12551 = CARTESIAN_POINT('',(108.6,-8.));
#12552 = CARTESIAN_POINT('',(108.6,-1.741710600358));
#12553 = ( GEOMETRIC_REPRESENTATION_CONTEXT(2) 
PARAMETRIC_REPRESENTATION_CONTEXT() REPRESENTATION_CONTEXT('2D SPACE',''
  ) );
#12554 = ORIENTED_EDGE('',*,*,#12555,.T.);
#12555 = EDGE_CURVE('',#12534,#12556,#12558,.T.);
#12556 = VERTEX_POINT('',#12557);
#12557 = CARTESIAN_POINT('',(-57.,-72.,214.));
#12558 = SURFACE_CURVE('',#12559,(#12563,#12570),.PCURVE_S1.);
#12559 = LINE('',#12560,#12561);
#12560 = CARTESIAN_POINT('',(-65.5,-72.,214.));
#12561 = VECTOR('',#12562,1.);
#12562 = DIRECTION('',(1.,0.,0.));
#12563 = PCURVE('',#4566,#12564);
#12564 = DEFINITIONAL_REPRESENTATION('',(#12565),#12569);
#12565 = LINE('',#12566,#12567);
#12566 = CARTESIAN_POINT('',(0.5,8.));
#12567 = VECTOR('',#12568,1.);
#12568 = DIRECTION('',(1.,0.));
#12569 = ( GEOMETRIC_REPRESENTATION_CONTEXT(2) 
PARAMETRIC_REPRESENTATION_CONTEXT() REPRESENTATION_CONTEXT('2D SPACE',''
  ) );
#12570 = PCURVE('',#9350,#12571);
#12571 = DEFINITIONAL_REPRESENTATION('',(#12572),#12575);
#12572 = B_SPLINE_CURVE_WITH_KNOTS('',1,(#12573,#12574),.UNSPECIFIED.,
  .F.,.F.,(2,2),(0.5,8.5),.PIECEWISE_BEZIER_KNOTS.);
#12573 = CARTESIAN_POINT('',(108.6,0.));
#12574 = CARTESIAN_POINT('',(108.6,8.));
#12575 = ( GEOMETRIC_REPRESENTATION_CONTEXT(2) 
PARAMETRIC_REPRESENTATION_CONTEXT() REPRESENTATION_CONTEXT('2D SPACE',''
  ) );
#12576 = ORIENTED_EDGE('',*,*,#12577,.T.);
#12577 = EDGE_CURVE('',#12556,#5248,#12578,.T.);
#12578 = SURFACE_CURVE('',#12579,(#12583,#12590),.PCURVE_S1.);
#12579 = LINE('',#12580,#12581);
#12580 = CARTESIAN_POINT('',(-57.,-80.,214.));
#12581 = VECTOR('',#12582,1.);
#12582 = DIRECTION('',(0.,-1.,0.));
#12583 = PCURVE('',#4566,#12584);
#12584 = DEFINITIONAL_REPRESENTATION('',(#12585),#12589);
#12585 = LINE('',#12586,#12587);
#12586 = CARTESIAN_POINT('',(9.,0.));
#12587 = VECTOR('',#12588,1.);
#12588 = DIRECTION('',(0.,-1.));
#12589 = ( GEOMETRIC_REPRESENTATION_CONTEXT(2) 
PARAMETRIC_REPRESENTATION_CONTEXT() REPRESENTATION_CONTEXT('2D SPACE',''
  ) );
#12590 = PCURVE('',#5262,#12591);
#12591 = DEFINITIONAL_REPRESENTATION('',(#12592),#12595);
#12592 = B_SPLINE_CURVE_WITH_KNOTS('',1,(#12593,#12594),.UNSPECIFIED.,
  .F.,.F.,(2,2),(-8.,-0.7),.PIECEWISE_BEZIER_KNOTS.);
#12593 = CARTESIAN_POINT('',(108.6,-8.));
#12594 = CARTESIAN_POINT('',(108.6,-0.7));
#12595 = ( GEOMETRIC_REPRESENTATION_CONTEXT(2) 
PARAMETRIC_REPRESENTATION_CONTEXT() REPRESENTATION_CONTEXT('2D SPACE',''
  ) );
#12596 = ORIENTED_EDGE('',*,*,#5273,.T.);
#12597 = ORIENTED_EDGE('',*,*,#5032,.T.);
#12598 = ORIENTED_EDGE('',*,*,#7449,.F.);
#12599 = ORIENTED_EDGE('',*,*,#7375,.T.);
#12600 = ORIENTED_EDGE('',*,*,#7257,.F.);
#12601 = ORIENTED_EDGE('',*,*,#7210,.F.);
#12602 = ORIENTED_EDGE('',*,*,#7134,.F.);
#12603 = ADVANCED_FACE('',(#12604),#4814,.F.);
#12604 = FACE_BOUND('',#12605,.F.);
#12605 = EDGE_LOOP('',(#12606,#12607,#12608,#12609));
#12606 = ORIENTED_EDGE('',*,*,#4797,.F.);
#12607 = ORIENTED_EDGE('',*,*,#4983,.T.);
#12608 = ORIENTED_EDGE('',*,*,#4940,.F.);
#12609 = ORIENTED_EDGE('',*,*,#7040,.F.);
#12610 = ADVANCED_FACE('',(#12611),#4738,.T.);
#12611 = FACE_BOUND('',#12612,.T.);
#12612 = EDGE_LOOP('',(#12613,#12614,#12637,#12660,#12682));
#12613 = ORIENTED_EDGE('',*,*,#4721,.F.);
#12614 = ORIENTED_EDGE('',*,*,#12615,.T.);
#12615 = EDGE_CURVE('',#4696,#12616,#12618,.T.);
#12616 = VERTEX_POINT('',#12617);
#12617 = CARTESIAN_POINT('',(-77.5,-66.,117.4));
#12618 = SURFACE_CURVE('',#12619,(#12623,#12630),.PCURVE_S1.);
#12619 = LINE('',#12620,#12621);
#12620 = CARTESIAN_POINT('',(-82.5,-66.,117.4));
#12621 = VECTOR('',#12622,1.);
#12622 = DIRECTION('',(1.,0.,0.));
#12623 = PCURVE('',#4738,#12624);
#12624 = DEFINITIONAL_REPRESENTATION('',(#12625),#12629);
#12625 = LINE('',#12626,#12627);
#12626 = CARTESIAN_POINT('',(0.,0.));
#12627 = VECTOR('',#12628,1.);
#12628 = DIRECTION('',(1.,0.));
#12629 = ( GEOMETRIC_REPRESENTATION_CONTEXT(2) 
PARAMETRIC_REPRESENTATION_CONTEXT() REPRESENTATION_CONTEXT('2D SPACE',''
  ) );
#12630 = PCURVE('',#4710,#12631);
#12631 = DEFINITIONAL_REPRESENTATION('',(#12632),#12636);
#12632 = LINE('',#12633,#12634);
#12633 = CARTESIAN_POINT('',(12.,0.));
#12634 = VECTOR('',#12635,1.);
#12635 = DIRECTION('',(0.,1.));
#12636 = ( GEOMETRIC_REPRESENTATION_CONTEXT(2) 
PARAMETRIC_REPRESENTATION_CONTEXT() REPRESENTATION_CONTEXT('2D SPACE',''
  ) );
#12637 = ORIENTED_EDGE('',*,*,#12638,.T.);
#12638 = EDGE_CURVE('',#12616,#12639,#12641,.T.);
#12639 = VERTEX_POINT('',#12640);
#12640 = CARTESIAN_POINT('',(-77.5,-54.03980197534,117.4));
#12641 = SURFACE_CURVE('',#12642,(#12646,#12653),.PCURVE_S1.);
#12642 = LINE('',#12643,#12644);
#12643 = CARTESIAN_POINT('',(-77.5,-66.,117.4));
#12644 = VECTOR('',#12645,1.);
#12645 = DIRECTION('',(0.,1.,0.));
#12646 = PCURVE('',#4738,#12647);
#12647 = DEFINITIONAL_REPRESENTATION('',(#12648),#12652);
#12648 = LINE('',#12649,#12650);
#12649 = CARTESIAN_POINT('',(5.,0.));
#12650 = VECTOR('',#12651,1.);
#12651 = DIRECTION('',(0.,1.));
#12652 = ( GEOMETRIC_REPRESENTATION_CONTEXT(2) 
PARAMETRIC_REPRESENTATION_CONTEXT() REPRESENTATION_CONTEXT('2D SPACE',''
  ) );
#12653 = PCURVE('',#9474,#12654);
#12654 = DEFINITIONAL_REPRESENTATION('',(#12655),#12659);
#12655 = LINE('',#12656,#12657);
#12656 = CARTESIAN_POINT('',(12.,0.));
#12657 = VECTOR('',#12658,1.);
#12658 = DIRECTION('',(0.,-1.));
#12659 = ( GEOMETRIC_REPRESENTATION_CONTEXT(2) 
PARAMETRIC_REPRESENTATION_CONTEXT() REPRESENTATION_CONTEXT('2D SPACE',''
  ) );
#12660 = ORIENTED_EDGE('',*,*,#12661,.F.);
#12661 = EDGE_CURVE('',#6574,#12639,#12662,.T.);
#12662 = SURFACE_CURVE('',#12663,(#12668,#12675),.PCURVE_S1.);
#12663 = CIRCLE('',#12664,4.1);
#12664 = AXIS2_PLACEMENT_3D('',#12665,#12666,#12667);
#12665 = CARTESIAN_POINT('',(-76.8,-50.,117.4));
#12666 = DIRECTION('',(0.,0.,1.));
#12667 = DIRECTION('',(1.,0.,-0.));
#12668 = PCURVE('',#4738,#12669);
#12669 = DEFINITIONAL_REPRESENTATION('',(#12670),#12674);
#12670 = CIRCLE('',#12671,4.1);
#12671 = AXIS2_PLACEMENT_2D('',#12672,#12673);
#12672 = CARTESIAN_POINT('',(5.7,16.));
#12673 = DIRECTION('',(1.,0.));
#12674 = ( GEOMETRIC_REPRESENTATION_CONTEXT(2) 
PARAMETRIC_REPRESENTATION_CONTEXT() REPRESENTATION_CONTEXT('2D SPACE',''
  ) );
#12675 = PCURVE('',#6157,#12676);
#12676 = DEFINITIONAL_REPRESENTATION('',(#12677),#12681);
#12677 = LINE('',#12678,#12679);
#12678 = CARTESIAN_POINT('',(0.,1.));
#12679 = VECTOR('',#12680,1.);
#12680 = DIRECTION('',(1.,0.));
#12681 = ( GEOMETRIC_REPRESENTATION_CONTEXT(2) 
PARAMETRIC_REPRESENTATION_CONTEXT() REPRESENTATION_CONTEXT('2D SPACE',''
  ) );
#12682 = ORIENTED_EDGE('',*,*,#6573,.T.);
#12683 = ADVANCED_FACE('',(#12684),#4710,.F.);
#12684 = FACE_BOUND('',#12685,.F.);
#12685 = EDGE_LOOP('',(#12686,#12687,#12688,#12689));
#12686 = ORIENTED_EDGE('',*,*,#9435,.F.);
#12687 = ORIENTED_EDGE('',*,*,#4695,.F.);
#12688 = ORIENTED_EDGE('',*,*,#12615,.T.);
#12689 = ORIENTED_EDGE('',*,*,#12690,.F.);
#12690 = EDGE_CURVE('',#9436,#12616,#12691,.T.);
#12691 = SURFACE_CURVE('',#12692,(#12696,#12703),.PCURVE_S1.);
#12692 = LINE('',#12693,#12694);
#12693 = CARTESIAN_POINT('',(-77.5,-66.,105.4));
#12694 = VECTOR('',#12695,1.);
#12695 = DIRECTION('',(0.,0.,1.));
#12696 = PCURVE('',#4710,#12697);
#12697 = DEFINITIONAL_REPRESENTATION('',(#12698),#12702);
#12698 = LINE('',#12699,#12700);
#12699 = CARTESIAN_POINT('',(0.,5.));
#12700 = VECTOR('',#12701,1.);
#12701 = DIRECTION('',(1.,0.));
#12702 = ( GEOMETRIC_REPRESENTATION_CONTEXT(2) 
PARAMETRIC_REPRESENTATION_CONTEXT() REPRESENTATION_CONTEXT('2D SPACE',''
  ) );
#12703 = PCURVE('',#9474,#12704);
#12704 = DEFINITIONAL_REPRESENTATION('',(#12705),#12709);
#12705 = LINE('',#12706,#12707);
#12706 = CARTESIAN_POINT('',(0.,0.));
#12707 = VECTOR('',#12708,1.);
#12708 = DIRECTION('',(1.,0.));
#12709 = ( GEOMETRIC_REPRESENTATION_CONTEXT(2) 
PARAMETRIC_REPRESENTATION_CONTEXT() REPRESENTATION_CONTEXT('2D SPACE',''
  ) );
#12710 = ADVANCED_FACE('',(#12711),#4656,.F.);
#12711 = FACE_BOUND('',#12712,.F.);
#12712 = EDGE_LOOP('',(#12713,#12736,#12737,#12738));
#12713 = ORIENTED_EDGE('',*,*,#12714,.F.);
#12714 = EDGE_CURVE('',#4609,#12715,#12717,.T.);
#12715 = VERTEX_POINT('',#12716);
#12716 = CARTESIAN_POINT('',(-66.,-77.5,117.4));
#12717 = SURFACE_CURVE('',#12718,(#12722,#12729),.PCURVE_S1.);
#12718 = LINE('',#12719,#12720);
#12719 = CARTESIAN_POINT('',(-66.,-82.5,117.4));
#12720 = VECTOR('',#12721,1.);
#12721 = DIRECTION('',(0.,1.,0.));
#12722 = PCURVE('',#4656,#12723);
#12723 = DEFINITIONAL_REPRESENTATION('',(#12724),#12728);
#12724 = LINE('',#12725,#12726);
#12725 = CARTESIAN_POINT('',(12.,0.));
#12726 = VECTOR('',#12727,1.);
#12727 = DIRECTION('',(0.,-1.));
#12728 = ( GEOMETRIC_REPRESENTATION_CONTEXT(2) 
PARAMETRIC_REPRESENTATION_CONTEXT() REPRESENTATION_CONTEXT('2D SPACE',''
  ) );
#12729 = PCURVE('',#4625,#12730);
#12730 = DEFINITIONAL_REPRESENTATION('',(#12731),#12735);
#12731 = LINE('',#12732,#12733);
#12732 = CARTESIAN_POINT('',(0.,0.));
#12733 = VECTOR('',#12734,1.);
#12734 = DIRECTION('',(0.,1.));
#12735 = ( GEOMETRIC_REPRESENTATION_CONTEXT(2) 
PARAMETRIC_REPRESENTATION_CONTEXT() REPRESENTATION_CONTEXT('2D SPACE',''
  ) );
#12736 = ORIENTED_EDGE('',*,*,#4641,.T.);
#12737 = ORIENTED_EDGE('',*,*,#9413,.T.);
#12738 = ORIENTED_EDGE('',*,*,#12739,.T.);
#12739 = EDGE_CURVE('',#9386,#12715,#12740,.T.);
#12740 = SURFACE_CURVE('',#12741,(#12745,#12752),.PCURVE_S1.);
#12741 = LINE('',#12742,#12743);
#12742 = CARTESIAN_POINT('',(-66.,-77.5,105.4));
#12743 = VECTOR('',#12744,1.);
#12744 = DIRECTION('',(0.,0.,1.));
#12745 = PCURVE('',#4656,#12746);
#12746 = DEFINITIONAL_REPRESENTATION('',(#12747),#12751);
#12747 = LINE('',#12748,#12749);
#12748 = CARTESIAN_POINT('',(0.,-5.));
#12749 = VECTOR('',#12750,1.);
#12750 = DIRECTION('',(1.,0.));
#12751 = ( GEOMETRIC_REPRESENTATION_CONTEXT(2) 
PARAMETRIC_REPRESENTATION_CONTEXT() REPRESENTATION_CONTEXT('2D SPACE',''
  ) );
#12752 = PCURVE('',#9401,#12753);
#12753 = DEFINITIONAL_REPRESENTATION('',(#12754),#12758);
#12754 = LINE('',#12755,#12756);
#12755 = CARTESIAN_POINT('',(0.,0.));
#12756 = VECTOR('',#12757,1.);
#12757 = DIRECTION('',(1.,0.));
#12758 = ( GEOMETRIC_REPRESENTATION_CONTEXT(2) 
PARAMETRIC_REPRESENTATION_CONTEXT() REPRESENTATION_CONTEXT('2D SPACE',''
  ) );
#12759 = ADVANCED_FACE('',(#12760),#4625,.T.);
#12760 = FACE_BOUND('',#12761,.T.);
#12761 = EDGE_LOOP('',(#12762,#12763,#12764,#12785));
#12762 = ORIENTED_EDGE('',*,*,#12714,.F.);
#12763 = ORIENTED_EDGE('',*,*,#4608,.F.);
#12764 = ORIENTED_EDGE('',*,*,#12765,.T.);
#12765 = EDGE_CURVE('',#4583,#12766,#12768,.T.);
#12766 = VERTEX_POINT('',#12767);
#12767 = CARTESIAN_POINT('',(-65.,-77.5,117.4));
#12768 = SURFACE_CURVE('',#12769,(#12773,#12779),.PCURVE_S1.);
#12769 = LINE('',#12770,#12771);
#12770 = CARTESIAN_POINT('',(-65.,-81.25,117.4));
#12771 = VECTOR('',#12772,1.);
#12772 = DIRECTION('',(0.,1.,0.));
#12773 = PCURVE('',#4625,#12774);
#12774 = DEFINITIONAL_REPRESENTATION('',(#12775),#12778);
#12775 = B_SPLINE_CURVE_WITH_KNOTS('',1,(#12776,#12777),.UNSPECIFIED.,
  .F.,.F.,(2,2),(1.95,3.75),.PIECEWISE_BEZIER_KNOTS.);
#12776 = CARTESIAN_POINT('',(1.,3.2));
#12777 = CARTESIAN_POINT('',(1.,5.));
#12778 = ( GEOMETRIC_REPRESENTATION_CONTEXT(2) 
PARAMETRIC_REPRESENTATION_CONTEXT() REPRESENTATION_CONTEXT('2D SPACE',''
  ) );
#12779 = PCURVE('',#4597,#12780);
#12780 = DEFINITIONAL_REPRESENTATION('',(#12781),#12784);
#12781 = B_SPLINE_CURVE_WITH_KNOTS('',1,(#12782,#12783),.UNSPECIFIED.,
  .F.,.F.,(2,2),(1.95,3.75),.PIECEWISE_BEZIER_KNOTS.);
#12782 = CARTESIAN_POINT('',(12.,-0.7));
#12783 = CARTESIAN_POINT('',(12.,-2.5));
#12784 = ( GEOMETRIC_REPRESENTATION_CONTEXT(2) 
PARAMETRIC_REPRESENTATION_CONTEXT() REPRESENTATION_CONTEXT('2D SPACE',''
  ) );
#12785 = ORIENTED_EDGE('',*,*,#12786,.F.);
#12786 = EDGE_CURVE('',#12715,#12766,#12787,.T.);
#12787 = SURFACE_CURVE('',#12788,(#12792,#12799),.PCURVE_S1.);
#12788 = LINE('',#12789,#12790);
#12789 = CARTESIAN_POINT('',(-66.,-77.5,117.4));
#12790 = VECTOR('',#12791,1.);
#12791 = DIRECTION('',(1.,0.,0.));
#12792 = PCURVE('',#4625,#12793);
#12793 = DEFINITIONAL_REPRESENTATION('',(#12794),#12798);
#12794 = LINE('',#12795,#12796);
#12795 = CARTESIAN_POINT('',(0.,5.));
#12796 = VECTOR('',#12797,1.);
#12797 = DIRECTION('',(1.,0.));
#12798 = ( GEOMETRIC_REPRESENTATION_CONTEXT(2) 
PARAMETRIC_REPRESENTATION_CONTEXT() REPRESENTATION_CONTEXT('2D SPACE',''
  ) );
#12799 = PCURVE('',#9401,#12800);
#12800 = DEFINITIONAL_REPRESENTATION('',(#12801),#12805);
#12801 = LINE('',#12802,#12803);
#12802 = CARTESIAN_POINT('',(12.,0.));
#12803 = VECTOR('',#12804,1.);
#12804 = DIRECTION('',(0.,1.));
#12805 = ( GEOMETRIC_REPRESENTATION_CONTEXT(2) 
PARAMETRIC_REPRESENTATION_CONTEXT() REPRESENTATION_CONTEXT('2D SPACE',''
  ) );
#12806 = ADVANCED_FACE('',(#12807),#4597,.F.);
#12807 = FACE_BOUND('',#12808,.F.);
#12808 = EDGE_LOOP('',(#12809,#12810,#12811,#12812,#12831,#12832));
#12809 = ORIENTED_EDGE('',*,*,#12533,.T.);
#12810 = ORIENTED_EDGE('',*,*,#4582,.T.);
#12811 = ORIENTED_EDGE('',*,*,#12765,.T.);
#12812 = ORIENTED_EDGE('',*,*,#12813,.T.);
#12813 = EDGE_CURVE('',#12766,#9363,#12814,.T.);
#12814 = SURFACE_CURVE('',#12815,(#12819,#12825),.PCURVE_S1.);
#12815 = LINE('',#12816,#12817);
#12816 = CARTESIAN_POINT('',(-65.,-77.5,105.4));
#12817 = VECTOR('',#12818,1.);
#12818 = DIRECTION('',(0.,0.,-1.));
#12819 = PCURVE('',#4597,#12820);
#12820 = DEFINITIONAL_REPRESENTATION('',(#12821),#12824);
#12821 = B_SPLINE_CURVE_WITH_KNOTS('',1,(#12822,#12823),.UNSPECIFIED.,
  .F.,.F.,(2,2),(-12.,0.),.PIECEWISE_BEZIER_KNOTS.);
#12822 = CARTESIAN_POINT('',(12.,-2.5));
#12823 = CARTESIAN_POINT('',(1.42108547152E-14,-2.5));
#12824 = ( GEOMETRIC_REPRESENTATION_CONTEXT(2) 
PARAMETRIC_REPRESENTATION_CONTEXT() REPRESENTATION_CONTEXT('2D SPACE',''
  ) );
#12825 = PCURVE('',#9401,#12826);
#12826 = DEFINITIONAL_REPRESENTATION('',(#12827),#12830);
#12827 = B_SPLINE_CURVE_WITH_KNOTS('',1,(#12828,#12829),.UNSPECIFIED.,
  .F.,.F.,(2,2),(-12.,0.),.PIECEWISE_BEZIER_KNOTS.);
#12828 = CARTESIAN_POINT('',(12.,1.));
#12829 = CARTESIAN_POINT('',(0.,1.));
#12830 = ( GEOMETRIC_REPRESENTATION_CONTEXT(2) 
PARAMETRIC_REPRESENTATION_CONTEXT() REPRESENTATION_CONTEXT('2D SPACE',''
  ) );
#12831 = ORIENTED_EDGE('',*,*,#9362,.T.);
#12832 = ORIENTED_EDGE('',*,*,#12833,.T.);
#12833 = EDGE_CURVE('',#9335,#12534,#12834,.T.);
#12834 = SURFACE_CURVE('',#12835,(#12839,#12846),.PCURVE_S1.);
#12835 = LINE('',#12836,#12837);
#12836 = CARTESIAN_POINT('',(-65.,-72.,105.4));
#12837 = VECTOR('',#12838,1.);
#12838 = DIRECTION('',(0.,0.,1.));
#12839 = PCURVE('',#4597,#12840);
#12840 = DEFINITIONAL_REPRESENTATION('',(#12841),#12845);
#12841 = LINE('',#12842,#12843);
#12842 = CARTESIAN_POINT('',(0.,-8.));
#12843 = VECTOR('',#12844,1.);
#12844 = DIRECTION('',(1.,0.));
#12845 = ( GEOMETRIC_REPRESENTATION_CONTEXT(2) 
PARAMETRIC_REPRESENTATION_CONTEXT() REPRESENTATION_CONTEXT('2D SPACE',''
  ) );
#12846 = PCURVE('',#9350,#12847);
#12847 = DEFINITIONAL_REPRESENTATION('',(#12848),#12852);
#12848 = LINE('',#12849,#12850);
#12849 = CARTESIAN_POINT('',(0.,0.));
#12850 = VECTOR('',#12851,1.);
#12851 = DIRECTION('',(1.,0.));
#12852 = ( GEOMETRIC_REPRESENTATION_CONTEXT(2) 
PARAMETRIC_REPRESENTATION_CONTEXT() REPRESENTATION_CONTEXT('2D SPACE',''
  ) );
#12853 = ADVANCED_FACE('',(#12854),#5113,.F.);
#12854 = FACE_BOUND('',#12855,.F.);
#12855 = EDGE_LOOP('',(#12856,#12857,#12858,#12859));
#12856 = ORIENTED_EDGE('',*,*,#5098,.T.);
#12857 = ORIENTED_EDGE('',*,*,#5297,.T.);
#12858 = ORIENTED_EDGE('',*,*,#5412,.F.);
#12859 = ORIENTED_EDGE('',*,*,#7572,.F.);
#12860 = ADVANCED_FACE('',(#12861),#5262,.T.);
#12861 = FACE_BOUND('',#12862,.T.);
#12862 = EDGE_LOOP('',(#12863,#12864,#12865,#12886,#12905,#12906));
#12863 = ORIENTED_EDGE('',*,*,#12577,.T.);
#12864 = ORIENTED_EDGE('',*,*,#5247,.T.);
#12865 = ORIENTED_EDGE('',*,*,#12866,.T.);
#12866 = EDGE_CURVE('',#5222,#12867,#12869,.T.);
#12867 = VERTEX_POINT('',#12868);
#12868 = CARTESIAN_POINT('',(-57.,-77.5,117.4));
#12869 = SURFACE_CURVE('',#12870,(#12874,#12880),.PCURVE_S1.);
#12870 = LINE('',#12871,#12872);
#12871 = CARTESIAN_POINT('',(-57.,-81.25,117.4));
#12872 = VECTOR('',#12873,1.);
#12873 = DIRECTION('',(0.,1.,0.));
#12874 = PCURVE('',#5262,#12875);
#12875 = DEFINITIONAL_REPRESENTATION('',(#12876),#12879);
#12876 = B_SPLINE_CURVE_WITH_KNOTS('',1,(#12877,#12878),.UNSPECIFIED.,
  .F.,.F.,(2,2),(1.95,3.75),.PIECEWISE_BEZIER_KNOTS.);
#12877 = CARTESIAN_POINT('',(12.,-0.7));
#12878 = CARTESIAN_POINT('',(12.,-2.5));
#12879 = ( GEOMETRIC_REPRESENTATION_CONTEXT(2) 
PARAMETRIC_REPRESENTATION_CONTEXT() REPRESENTATION_CONTEXT('2D SPACE',''
  ) );
#12880 = PCURVE('',#5236,#12881);
#12881 = DEFINITIONAL_REPRESENTATION('',(#12882),#12885);
#12882 = B_SPLINE_CURVE_WITH_KNOTS('',1,(#12883,#12884),.UNSPECIFIED.,
  .F.,.F.,(2,2),(1.95,3.75),.PIECEWISE_BEZIER_KNOTS.);
#12883 = CARTESIAN_POINT('',(9.,3.2));
#12884 = CARTESIAN_POINT('',(9.,5.));
#12885 = ( GEOMETRIC_REPRESENTATION_CONTEXT(2) 
PARAMETRIC_REPRESENTATION_CONTEXT() REPRESENTATION_CONTEXT('2D SPACE',''
  ) );
#12886 = ORIENTED_EDGE('',*,*,#12887,.T.);
#12887 = EDGE_CURVE('',#12867,#9289,#12888,.T.);
#12888 = SURFACE_CURVE('',#12889,(#12893,#12899),.PCURVE_S1.);
#12889 = LINE('',#12890,#12891);
#12890 = CARTESIAN_POINT('',(-57.,-77.5,105.4));
#12891 = VECTOR('',#12892,1.);
#12892 = DIRECTION('',(0.,0.,-1.));
#12893 = PCURVE('',#5262,#12894);
#12894 = DEFINITIONAL_REPRESENTATION('',(#12895),#12898);
#12895 = B_SPLINE_CURVE_WITH_KNOTS('',1,(#12896,#12897),.UNSPECIFIED.,
  .F.,.F.,(2,2),(-12.,0.),.PIECEWISE_BEZIER_KNOTS.);
#12896 = CARTESIAN_POINT('',(12.,-2.5));
#12897 = CARTESIAN_POINT('',(1.42108547152E-14,-2.5));
#12898 = ( GEOMETRIC_REPRESENTATION_CONTEXT(2) 
PARAMETRIC_REPRESENTATION_CONTEXT() REPRESENTATION_CONTEXT('2D SPACE',''
  ) );
#12899 = PCURVE('',#9198,#12900);
#12900 = DEFINITIONAL_REPRESENTATION('',(#12901),#12904);
#12901 = B_SPLINE_CURVE_WITH_KNOTS('',1,(#12902,#12903),.UNSPECIFIED.,
  .F.,.F.,(2,2),(-12.,0.),.PIECEWISE_BEZIER_KNOTS.);
#12902 = CARTESIAN_POINT('',(12.,9.));
#12903 = CARTESIAN_POINT('',(0.,9.));
#12904 = ( GEOMETRIC_REPRESENTATION_CONTEXT(2) 
PARAMETRIC_REPRESENTATION_CONTEXT() REPRESENTATION_CONTEXT('2D SPACE',''
  ) );
#12905 = ORIENTED_EDGE('',*,*,#9311,.T.);
#12906 = ORIENTED_EDGE('',*,*,#12907,.T.);
#12907 = EDGE_CURVE('',#9312,#12556,#12908,.T.);
#12908 = SURFACE_CURVE('',#12909,(#12913,#12920),.PCURVE_S1.);
#12909 = LINE('',#12910,#12911);
#12910 = CARTESIAN_POINT('',(-57.,-72.,105.4));
#12911 = VECTOR('',#12912,1.);
#12912 = DIRECTION('',(0.,0.,1.));
#12913 = PCURVE('',#5262,#12914);
#12914 = DEFINITIONAL_REPRESENTATION('',(#12915),#12919);
#12915 = LINE('',#12916,#12917);
#12916 = CARTESIAN_POINT('',(0.,-8.));
#12917 = VECTOR('',#12918,1.);
#12918 = DIRECTION('',(1.,0.));
#12919 = ( GEOMETRIC_REPRESENTATION_CONTEXT(2) 
PARAMETRIC_REPRESENTATION_CONTEXT() REPRESENTATION_CONTEXT('2D SPACE',''
  ) );
#12920 = PCURVE('',#9350,#12921);
#12921 = DEFINITIONAL_REPRESENTATION('',(#12922),#12926);
#12922 = LINE('',#12923,#12924);
#12923 = CARTESIAN_POINT('',(0.,8.));
#12924 = VECTOR('',#12925,1.);
#12925 = DIRECTION('',(1.,0.));
#12926 = ( GEOMETRIC_REPRESENTATION_CONTEXT(2) 
PARAMETRIC_REPRESENTATION_CONTEXT() REPRESENTATION_CONTEXT('2D SPACE',''
  ) );
#12927 = ADVANCED_FACE('',(#12928),#5236,.T.);
#12928 = FACE_BOUND('',#12929,.T.);
#12929 = EDGE_LOOP('',(#12930,#12953,#12954,#12955));
#12930 = ORIENTED_EDGE('',*,*,#12931,.F.);
#12931 = EDGE_CURVE('',#12867,#12932,#12934,.T.);
#12932 = VERTEX_POINT('',#12933);
#12933 = CARTESIAN_POINT('',(57.,-77.5,117.4));
#12934 = SURFACE_CURVE('',#12935,(#12939,#12946),.PCURVE_S1.);
#12935 = LINE('',#12936,#12937);
#12936 = CARTESIAN_POINT('',(-66.,-77.5,117.4));
#12937 = VECTOR('',#12938,1.);
#12938 = DIRECTION('',(1.,0.,0.));
#12939 = PCURVE('',#5236,#12940);
#12940 = DEFINITIONAL_REPRESENTATION('',(#12941),#12945);
#12941 = LINE('',#12942,#12943);
#12942 = CARTESIAN_POINT('',(0.,5.));
#12943 = VECTOR('',#12944,1.);
#12944 = DIRECTION('',(1.,0.));
#12945 = ( GEOMETRIC_REPRESENTATION_CONTEXT(2) 
PARAMETRIC_REPRESENTATION_CONTEXT() REPRESENTATION_CONTEXT('2D SPACE',''
  ) );
#12946 = PCURVE('',#9198,#12947);
#12947 = DEFINITIONAL_REPRESENTATION('',(#12948),#12952);
#12948 = LINE('',#12949,#12950);
#12949 = CARTESIAN_POINT('',(12.,0.));
#12950 = VECTOR('',#12951,1.);
#12951 = DIRECTION('',(0.,1.));
#12952 = ( GEOMETRIC_REPRESENTATION_CONTEXT(2) 
PARAMETRIC_REPRESENTATION_CONTEXT() REPRESENTATION_CONTEXT('2D SPACE',''
  ) );
#12953 = ORIENTED_EDGE('',*,*,#12866,.F.);
#12954 = ORIENTED_EDGE('',*,*,#5221,.T.);
#12955 = ORIENTED_EDGE('',*,*,#12956,.T.);
#12956 = EDGE_CURVE('',#5196,#12932,#12957,.T.);
#12957 = SURFACE_CURVE('',#12958,(#12962,#12968),.PCURVE_S1.);
#12958 = LINE('',#12959,#12960);
#12959 = CARTESIAN_POINT('',(57.,-81.25,117.4));
#12960 = VECTOR('',#12961,1.);
#12961 = DIRECTION('',(0.,1.,0.));
#12962 = PCURVE('',#5236,#12963);
#12963 = DEFINITIONAL_REPRESENTATION('',(#12964),#12967);
#12964 = B_SPLINE_CURVE_WITH_KNOTS('',1,(#12965,#12966),.UNSPECIFIED.,
  .F.,.F.,(2,2),(1.95,3.75),.PIECEWISE_BEZIER_KNOTS.);
#12965 = CARTESIAN_POINT('',(123.,3.2));
#12966 = CARTESIAN_POINT('',(123.,5.));
#12967 = ( GEOMETRIC_REPRESENTATION_CONTEXT(2) 
PARAMETRIC_REPRESENTATION_CONTEXT() REPRESENTATION_CONTEXT('2D SPACE',''
  ) );
#12968 = PCURVE('',#5210,#12969);
#12969 = DEFINITIONAL_REPRESENTATION('',(#12970),#12973);
#12970 = B_SPLINE_CURVE_WITH_KNOTS('',1,(#12971,#12972),.UNSPECIFIED.,
  .F.,.F.,(2,2),(1.95,3.75),.PIECEWISE_BEZIER_KNOTS.);
#12971 = CARTESIAN_POINT('',(12.,-0.7));
#12972 = CARTESIAN_POINT('',(12.,-2.5));
#12973 = ( GEOMETRIC_REPRESENTATION_CONTEXT(2) 
PARAMETRIC_REPRESENTATION_CONTEXT() REPRESENTATION_CONTEXT('2D SPACE',''
  ) );
#12974 = ADVANCED_FACE('',(#12975),#5210,.F.);
#12975 = FACE_BOUND('',#12976,.F.);
#12976 = EDGE_LOOP('',(#12977,#12999,#13000,#13001,#13020,#13021));
#12977 = ORIENTED_EDGE('',*,*,#12978,.T.);
#12978 = EDGE_CURVE('',#12979,#5169,#12981,.T.);
#12979 = VERTEX_POINT('',#12980);
#12980 = CARTESIAN_POINT('',(57.,-72.,214.));
#12981 = SURFACE_CURVE('',#12982,(#12986,#12992),.PCURVE_S1.);
#12982 = LINE('',#12983,#12984);
#12983 = CARTESIAN_POINT('',(57.,-80.,214.));
#12984 = VECTOR('',#12985,1.);
#12985 = DIRECTION('',(0.,-1.,0.));
#12986 = PCURVE('',#5210,#12987);
#12987 = DEFINITIONAL_REPRESENTATION('',(#12988),#12991);
#12988 = B_SPLINE_CURVE_WITH_KNOTS('',1,(#12989,#12990),.UNSPECIFIED.,
  .F.,.F.,(2,2),(-8.,-0.7),.PIECEWISE_BEZIER_KNOTS.);
#12989 = CARTESIAN_POINT('',(108.6,-8.));
#12990 = CARTESIAN_POINT('',(108.6,-0.7));
#12991 = ( GEOMETRIC_REPRESENTATION_CONTEXT(2) 
PARAMETRIC_REPRESENTATION_CONTEXT() REPRESENTATION_CONTEXT('2D SPACE',''
  ) );
#12992 = PCURVE('',#5183,#12993);
#12993 = DEFINITIONAL_REPRESENTATION('',(#12994),#12998);
#12994 = LINE('',#12995,#12996);
#12995 = CARTESIAN_POINT('',(15.,0.));
#12996 = VECTOR('',#12997,1.);
#12997 = DIRECTION('',(0.,-1.));
#12998 = ( GEOMETRIC_REPRESENTATION_CONTEXT(2) 
PARAMETRIC_REPRESENTATION_CONTEXT() REPRESENTATION_CONTEXT('2D SPACE',''
  ) );
#12999 = ORIENTED_EDGE('',*,*,#5195,.T.);
#13000 = ORIENTED_EDGE('',*,*,#12956,.T.);
#13001 = ORIENTED_EDGE('',*,*,#13002,.T.);
#13002 = EDGE_CURVE('',#12932,#9160,#13003,.T.);
#13003 = SURFACE_CURVE('',#13004,(#13008,#13014),.PCURVE_S1.);
#13004 = LINE('',#13005,#13006);
#13005 = CARTESIAN_POINT('',(57.,-77.5,105.4));
#13006 = VECTOR('',#13007,1.);
#13007 = DIRECTION('',(0.,0.,-1.));
#13008 = PCURVE('',#5210,#13009);
#13009 = DEFINITIONAL_REPRESENTATION('',(#13010),#13013);
#13010 = B_SPLINE_CURVE_WITH_KNOTS('',1,(#13011,#13012),.UNSPECIFIED.,
  .F.,.F.,(2,2),(-12.,0.),.PIECEWISE_BEZIER_KNOTS.);
#13011 = CARTESIAN_POINT('',(12.,-2.5));
#13012 = CARTESIAN_POINT('',(1.42108547152E-14,-2.5));
#13013 = ( GEOMETRIC_REPRESENTATION_CONTEXT(2) 
PARAMETRIC_REPRESENTATION_CONTEXT() REPRESENTATION_CONTEXT('2D SPACE',''
  ) );
#13014 = PCURVE('',#9198,#13015);
#13015 = DEFINITIONAL_REPRESENTATION('',(#13016),#13019);
#13016 = B_SPLINE_CURVE_WITH_KNOTS('',1,(#13017,#13018),.UNSPECIFIED.,
  .F.,.F.,(2,2),(-12.,0.),.PIECEWISE_BEZIER_KNOTS.);
#13017 = CARTESIAN_POINT('',(12.,123.));
#13018 = CARTESIAN_POINT('',(0.,123.));
#13019 = ( GEOMETRIC_REPRESENTATION_CONTEXT(2) 
PARAMETRIC_REPRESENTATION_CONTEXT() REPRESENTATION_CONTEXT('2D SPACE',''
  ) );
#13020 = ORIENTED_EDGE('',*,*,#9159,.T.);
#13021 = ORIENTED_EDGE('',*,*,#13022,.T.);
#13022 = EDGE_CURVE('',#9132,#12979,#13023,.T.);
#13023 = SURFACE_CURVE('',#13024,(#13028,#13035),.PCURVE_S1.);
#13024 = LINE('',#13025,#13026);
#13025 = CARTESIAN_POINT('',(57.,-72.,105.4));
#13026 = VECTOR('',#13027,1.);
#13027 = DIRECTION('',(0.,0.,1.));
#13028 = PCURVE('',#5210,#13029);
#13029 = DEFINITIONAL_REPRESENTATION('',(#13030),#13034);
#13030 = LINE('',#13031,#13032);
#13031 = CARTESIAN_POINT('',(0.,-8.));
#13032 = VECTOR('',#13033,1.);
#13033 = DIRECTION('',(1.,0.));
#13034 = ( GEOMETRIC_REPRESENTATION_CONTEXT(2) 
PARAMETRIC_REPRESENTATION_CONTEXT() REPRESENTATION_CONTEXT('2D SPACE',''
  ) );
#13035 = PCURVE('',#9147,#13036);
#13036 = DEFINITIONAL_REPRESENTATION('',(#13037),#13041);
#13037 = LINE('',#13038,#13039);
#13038 = CARTESIAN_POINT('',(0.,0.));
#13039 = VECTOR('',#13040,1.);
#13040 = DIRECTION('',(1.,0.));
#13041 = ( GEOMETRIC_REPRESENTATION_CONTEXT(2) 
PARAMETRIC_REPRESENTATION_CONTEXT() REPRESENTATION_CONTEXT('2D SPACE',''
  ) );
#13042 = ADVANCED_FACE('',(#13043),#5183,.F.);
#13043 = FACE_BOUND('',#13044,.F.);
#13044 = EDGE_LOOP('',(#13045,#13046,#13047,#13048,#13070,#13090,#13091,
    #13092,#13093,#13094,#13095,#13096));
#13045 = ORIENTED_EDGE('',*,*,#5346,.F.);
#13046 = ORIENTED_EDGE('',*,*,#5168,.T.);
#13047 = ORIENTED_EDGE('',*,*,#12978,.F.);
#13048 = ORIENTED_EDGE('',*,*,#13049,.T.);
#13049 = EDGE_CURVE('',#12979,#13050,#13052,.T.);
#13050 = VERTEX_POINT('',#13051);
#13051 = CARTESIAN_POINT('',(65.,-72.,214.));
#13052 = SURFACE_CURVE('',#13053,(#13057,#13064),.PCURVE_S1.);
#13053 = LINE('',#13054,#13055);
#13054 = CARTESIAN_POINT('',(49.5,-72.,214.));
#13055 = VECTOR('',#13056,1.);
#13056 = DIRECTION('',(1.,0.,0.));
#13057 = PCURVE('',#5183,#13058);
#13058 = DEFINITIONAL_REPRESENTATION('',(#13059),#13063);
#13059 = LINE('',#13060,#13061);
#13060 = CARTESIAN_POINT('',(7.5,8.));
#13061 = VECTOR('',#13062,1.);
#13062 = DIRECTION('',(1.,0.));
#13063 = ( GEOMETRIC_REPRESENTATION_CONTEXT(2) 
PARAMETRIC_REPRESENTATION_CONTEXT() REPRESENTATION_CONTEXT('2D SPACE',''
  ) );
#13064 = PCURVE('',#9147,#13065);
#13065 = DEFINITIONAL_REPRESENTATION('',(#13066),#13069);
#13066 = B_SPLINE_CURVE_WITH_KNOTS('',1,(#13067,#13068),.UNSPECIFIED.,
  .F.,.F.,(2,2),(7.5,15.5),.PIECEWISE_BEZIER_KNOTS.);
#13067 = CARTESIAN_POINT('',(108.6,0.));
#13068 = CARTESIAN_POINT('',(108.6,8.));
#13069 = ( GEOMETRIC_REPRESENTATION_CONTEXT(2) 
PARAMETRIC_REPRESENTATION_CONTEXT() REPRESENTATION_CONTEXT('2D SPACE',''
  ) );
#13070 = ORIENTED_EDGE('',*,*,#13071,.T.);
#13071 = EDGE_CURVE('',#13050,#5942,#13072,.T.);
#13072 = SURFACE_CURVE('',#13073,(#13077,#13084),.PCURVE_S1.);
#13073 = LINE('',#13074,#13075);
#13074 = CARTESIAN_POINT('',(65.,-80.,214.));
#13075 = VECTOR('',#13076,1.);
#13076 = DIRECTION('',(0.,-1.,0.));
#13077 = PCURVE('',#5183,#13078);
#13078 = DEFINITIONAL_REPRESENTATION('',(#13079),#13083);
#13079 = LINE('',#13080,#13081);
#13080 = CARTESIAN_POINT('',(23.,0.));
#13081 = VECTOR('',#13082,1.);
#13082 = DIRECTION('',(0.,-1.));
#13083 = ( GEOMETRIC_REPRESENTATION_CONTEXT(2) 
PARAMETRIC_REPRESENTATION_CONTEXT() REPRESENTATION_CONTEXT('2D SPACE',''
  ) );
#13084 = PCURVE('',#5956,#13085);
#13085 = DEFINITIONAL_REPRESENTATION('',(#13086),#13089);
#13086 = B_SPLINE_CURVE_WITH_KNOTS('',1,(#13087,#13088),.UNSPECIFIED.,
  .F.,.F.,(2,2),(-8.,-1.741710600358),.PIECEWISE_BEZIER_KNOTS.);
#13087 = CARTESIAN_POINT('',(108.6,-8.));
#13088 = CARTESIAN_POINT('',(108.6,-1.741710600358));
#13089 = ( GEOMETRIC_REPRESENTATION_CONTEXT(2) 
PARAMETRIC_REPRESENTATION_CONTEXT() REPRESENTATION_CONTEXT('2D SPACE',''
  ) );
#13090 = ORIENTED_EDGE('',*,*,#5967,.F.);
#13091 = ORIENTED_EDGE('',*,*,#5658,.T.);
#13092 = ORIENTED_EDGE('',*,*,#7306,.F.);
#13093 = ORIENTED_EDGE('',*,*,#7402,.T.);
#13094 = ORIENTED_EDGE('',*,*,#7476,.F.);
#13095 = ORIENTED_EDGE('',*,*,#7547,.F.);
#13096 = ORIENTED_EDGE('',*,*,#7599,.F.);
#13097 = ADVANCED_FACE('',(#13098),#5475,.F.);
#13098 = FACE_BOUND('',#13099,.F.);
#13099 = EDGE_LOOP('',(#13100,#13101,#13102,#13103));
#13100 = ORIENTED_EDGE('',*,*,#5459,.T.);
#13101 = ORIENTED_EDGE('',*,*,#5511,.T.);
#13102 = ORIENTED_EDGE('',*,*,#5611,.F.);
#13103 = ORIENTED_EDGE('',*,*,#5561,.T.);
#13104 = ADVANCED_FACE('',(#13105),#5739,.F.);
#13105 = FACE_BOUND('',#13106,.F.);
#13106 = EDGE_LOOP('',(#13107,#13108,#13109,#13110));
#13107 = ORIENTED_EDGE('',*,*,#5724,.T.);
#13108 = ORIENTED_EDGE('',*,*,#6067,.T.);
#13109 = ORIENTED_EDGE('',*,*,#6016,.F.);
#13110 = ORIENTED_EDGE('',*,*,#7181,.F.);
#13111 = ADVANCED_FACE('',(#13112),#5956,.T.);
#13112 = FACE_BOUND('',#13113,.T.);
#13113 = EDGE_LOOP('',(#13114,#13115,#13116,#13137,#13156,#13157));
#13114 = ORIENTED_EDGE('',*,*,#13071,.T.);
#13115 = ORIENTED_EDGE('',*,*,#5941,.T.);
#13116 = ORIENTED_EDGE('',*,*,#13117,.T.);
#13117 = EDGE_CURVE('',#5909,#13118,#13120,.T.);
#13118 = VERTEX_POINT('',#13119);
#13119 = CARTESIAN_POINT('',(65.,-77.5,117.4));
#13120 = SURFACE_CURVE('',#13121,(#13125,#13131),.PCURVE_S1.);
#13121 = LINE('',#13122,#13123);
#13122 = CARTESIAN_POINT('',(65.,-81.25,117.4));
#13123 = VECTOR('',#13124,1.);
#13124 = DIRECTION('',(0.,1.,0.));
#13125 = PCURVE('',#5956,#13126);
#13126 = DEFINITIONAL_REPRESENTATION('',(#13127),#13130);
#13127 = B_SPLINE_CURVE_WITH_KNOTS('',1,(#13128,#13129),.UNSPECIFIED.,
  .F.,.F.,(2,2),(1.95,3.75),.PIECEWISE_BEZIER_KNOTS.);
#13128 = CARTESIAN_POINT('',(12.,-0.7));
#13129 = CARTESIAN_POINT('',(12.,-2.5));
#13130 = ( GEOMETRIC_REPRESENTATION_CONTEXT(2) 
PARAMETRIC_REPRESENTATION_CONTEXT() REPRESENTATION_CONTEXT('2D SPACE',''
  ) );
#13131 = PCURVE('',#5925,#13132);
#13132 = DEFINITIONAL_REPRESENTATION('',(#13133),#13136);
#13133 = B_SPLINE_CURVE_WITH_KNOTS('',1,(#13134,#13135),.UNSPECIFIED.,
  .F.,.F.,(2,2),(1.95,3.75),.PIECEWISE_BEZIER_KNOTS.);
#13134 = CARTESIAN_POINT('',(131.,3.2));
#13135 = CARTESIAN_POINT('',(131.,5.));
#13136 = ( GEOMETRIC_REPRESENTATION_CONTEXT(2) 
PARAMETRIC_REPRESENTATION_CONTEXT() REPRESENTATION_CONTEXT('2D SPACE',''
  ) );
#13137 = ORIENTED_EDGE('',*,*,#13138,.T.);
#13138 = EDGE_CURVE('',#13118,#9081,#13139,.T.);
#13139 = SURFACE_CURVE('',#13140,(#13144,#13150),.PCURVE_S1.);
#13140 = LINE('',#13141,#13142);
#13141 = CARTESIAN_POINT('',(65.,-77.5,105.4));
#13142 = VECTOR('',#13143,1.);
#13143 = DIRECTION('',(0.,0.,-1.));
#13144 = PCURVE('',#5956,#13145);
#13145 = DEFINITIONAL_REPRESENTATION('',(#13146),#13149);
#13146 = B_SPLINE_CURVE_WITH_KNOTS('',1,(#13147,#13148),.UNSPECIFIED.,
  .F.,.F.,(2,2),(-12.,0.),.PIECEWISE_BEZIER_KNOTS.);
#13147 = CARTESIAN_POINT('',(12.,-2.5));
#13148 = CARTESIAN_POINT('',(1.42108547152E-14,-2.5));
#13149 = ( GEOMETRIC_REPRESENTATION_CONTEXT(2) 
PARAMETRIC_REPRESENTATION_CONTEXT() REPRESENTATION_CONTEXT('2D SPACE',''
  ) );
#13150 = PCURVE('',#9096,#13151);
#13151 = DEFINITIONAL_REPRESENTATION('',(#13152),#13155);
#13152 = B_SPLINE_CURVE_WITH_KNOTS('',1,(#13153,#13154),.UNSPECIFIED.,
  .F.,.F.,(2,2),(-12.,0.),.PIECEWISE_BEZIER_KNOTS.);
#13153 = CARTESIAN_POINT('',(12.,131.));
#13154 = CARTESIAN_POINT('',(0.,131.));
#13155 = ( GEOMETRIC_REPRESENTATION_CONTEXT(2) 
PARAMETRIC_REPRESENTATION_CONTEXT() REPRESENTATION_CONTEXT('2D SPACE',''
  ) );
#13156 = ORIENTED_EDGE('',*,*,#9108,.T.);
#13157 = ORIENTED_EDGE('',*,*,#13158,.T.);
#13158 = EDGE_CURVE('',#9109,#13050,#13159,.T.);
#13159 = SURFACE_CURVE('',#13160,(#13164,#13171),.PCURVE_S1.);
#13160 = LINE('',#13161,#13162);
#13161 = CARTESIAN_POINT('',(65.,-72.,105.4));
#13162 = VECTOR('',#13163,1.);
#13163 = DIRECTION('',(0.,0.,1.));
#13164 = PCURVE('',#5956,#13165);
#13165 = DEFINITIONAL_REPRESENTATION('',(#13166),#13170);
#13166 = LINE('',#13167,#13168);
#13167 = CARTESIAN_POINT('',(0.,-8.));
#13168 = VECTOR('',#13169,1.);
#13169 = DIRECTION('',(1.,0.));
#13170 = ( GEOMETRIC_REPRESENTATION_CONTEXT(2) 
PARAMETRIC_REPRESENTATION_CONTEXT() REPRESENTATION_CONTEXT('2D SPACE',''
  ) );
#13171 = PCURVE('',#9147,#13172);
#13172 = DEFINITIONAL_REPRESENTATION('',(#13173),#13177);
#13173 = LINE('',#13174,#13175);
#13174 = CARTESIAN_POINT('',(0.,8.));
#13175 = VECTOR('',#13176,1.);
#13176 = DIRECTION('',(1.,0.));
#13177 = ( GEOMETRIC_REPRESENTATION_CONTEXT(2) 
PARAMETRIC_REPRESENTATION_CONTEXT() REPRESENTATION_CONTEXT('2D SPACE',''
  ) );
#13178 = ADVANCED_FACE('',(#13179),#5925,.T.);
#13179 = FACE_BOUND('',#13180,.T.);
#13180 = EDGE_LOOP('',(#13181,#13204,#13205,#13206));
#13181 = ORIENTED_EDGE('',*,*,#13182,.F.);
#13182 = EDGE_CURVE('',#13118,#13183,#13185,.T.);
#13183 = VERTEX_POINT('',#13184);
#13184 = CARTESIAN_POINT('',(66.,-77.5,117.4));
#13185 = SURFACE_CURVE('',#13186,(#13190,#13197),.PCURVE_S1.);
#13186 = LINE('',#13187,#13188);
#13187 = CARTESIAN_POINT('',(-66.,-77.5,117.4));
#13188 = VECTOR('',#13189,1.);
#13189 = DIRECTION('',(1.,0.,0.));
#13190 = PCURVE('',#5925,#13191);
#13191 = DEFINITIONAL_REPRESENTATION('',(#13192),#13196);
#13192 = LINE('',#13193,#13194);
#13193 = CARTESIAN_POINT('',(0.,5.));
#13194 = VECTOR('',#13195,1.);
#13195 = DIRECTION('',(1.,0.));
#13196 = ( GEOMETRIC_REPRESENTATION_CONTEXT(2) 
PARAMETRIC_REPRESENTATION_CONTEXT() REPRESENTATION_CONTEXT('2D SPACE',''
  ) );
#13197 = PCURVE('',#9096,#13198);
#13198 = DEFINITIONAL_REPRESENTATION('',(#13199),#13203);
#13199 = LINE('',#13200,#13201);
#13200 = CARTESIAN_POINT('',(12.,0.));
#13201 = VECTOR('',#13202,1.);
#13202 = DIRECTION('',(0.,1.));
#13203 = ( GEOMETRIC_REPRESENTATION_CONTEXT(2) 
PARAMETRIC_REPRESENTATION_CONTEXT() REPRESENTATION_CONTEXT('2D SPACE',''
  ) );
#13204 = ORIENTED_EDGE('',*,*,#13117,.F.);
#13205 = ORIENTED_EDGE('',*,*,#5908,.F.);
#13206 = ORIENTED_EDGE('',*,*,#13207,.T.);
#13207 = EDGE_CURVE('',#5883,#13183,#13208,.T.);
#13208 = SURFACE_CURVE('',#13209,(#13213,#13220),.PCURVE_S1.);
#13209 = LINE('',#13210,#13211);
#13210 = CARTESIAN_POINT('',(66.,-82.5,117.4));
#13211 = VECTOR('',#13212,1.);
#13212 = DIRECTION('',(0.,1.,0.));
#13213 = PCURVE('',#5925,#13214);
#13214 = DEFINITIONAL_REPRESENTATION('',(#13215),#13219);
#13215 = LINE('',#13216,#13217);
#13216 = CARTESIAN_POINT('',(132.,0.));
#13217 = VECTOR('',#13218,1.);
#13218 = DIRECTION('',(0.,1.));
#13219 = ( GEOMETRIC_REPRESENTATION_CONTEXT(2) 
PARAMETRIC_REPRESENTATION_CONTEXT() REPRESENTATION_CONTEXT('2D SPACE',''
  ) );
#13220 = PCURVE('',#5897,#13221);
#13221 = DEFINITIONAL_REPRESENTATION('',(#13222),#13226);
#13222 = LINE('',#13223,#13224);
#13223 = CARTESIAN_POINT('',(12.,0.));
#13224 = VECTOR('',#13225,1.);
#13225 = DIRECTION('',(0.,-1.));
#13226 = ( GEOMETRIC_REPRESENTATION_CONTEXT(2) 
PARAMETRIC_REPRESENTATION_CONTEXT() REPRESENTATION_CONTEXT('2D SPACE',''
  ) );
#13227 = ADVANCED_FACE('',(#13228),#5897,.T.);
#13228 = FACE_BOUND('',#13229,.T.);
#13229 = EDGE_LOOP('',(#13230,#13231,#13232,#13233));
#13230 = ORIENTED_EDGE('',*,*,#13207,.F.);
#13231 = ORIENTED_EDGE('',*,*,#5882,.T.);
#13232 = ORIENTED_EDGE('',*,*,#9057,.T.);
#13233 = ORIENTED_EDGE('',*,*,#13234,.T.);
#13234 = EDGE_CURVE('',#9058,#13183,#13235,.T.);
#13235 = SURFACE_CURVE('',#13236,(#13240,#13247),.PCURVE_S1.);
#13236 = LINE('',#13237,#13238);
#13237 = CARTESIAN_POINT('',(66.,-77.5,105.4));
#13238 = VECTOR('',#13239,1.);
#13239 = DIRECTION('',(0.,0.,1.));
#13240 = PCURVE('',#5897,#13241);
#13241 = DEFINITIONAL_REPRESENTATION('',(#13242),#13246);
#13242 = LINE('',#13243,#13244);
#13243 = CARTESIAN_POINT('',(0.,-5.));
#13244 = VECTOR('',#13245,1.);
#13245 = DIRECTION('',(1.,0.));
#13246 = ( GEOMETRIC_REPRESENTATION_CONTEXT(2) 
PARAMETRIC_REPRESENTATION_CONTEXT() REPRESENTATION_CONTEXT('2D SPACE',''
  ) );
#13247 = PCURVE('',#9096,#13248);
#13248 = DEFINITIONAL_REPRESENTATION('',(#13249),#13253);
#13249 = LINE('',#13250,#13251);
#13250 = CARTESIAN_POINT('',(0.,132.));
#13251 = VECTOR('',#13252,1.);
#13252 = DIRECTION('',(1.,0.));
#13253 = ( GEOMETRIC_REPRESENTATION_CONTEXT(2) 
PARAMETRIC_REPRESENTATION_CONTEXT() REPRESENTATION_CONTEXT('2D SPACE',''
  ) );
#13254 = ADVANCED_FACE('',(#13255),#5843,.F.);
#13255 = FACE_BOUND('',#13256,.F.);
#13256 = EDGE_LOOP('',(#13257,#13258,#13281,#13302));
#13257 = ORIENTED_EDGE('',*,*,#9035,.F.);
#13258 = ORIENTED_EDGE('',*,*,#13259,.T.);
#13259 = EDGE_CURVE('',#9008,#13260,#13262,.T.);
#13260 = VERTEX_POINT('',#13261);
#13261 = CARTESIAN_POINT('',(77.5,-66.,117.4));
#13262 = SURFACE_CURVE('',#13263,(#13267,#13274),.PCURVE_S1.);
#13263 = LINE('',#13264,#13265);
#13264 = CARTESIAN_POINT('',(77.5,-66.,105.4));
#13265 = VECTOR('',#13266,1.);
#13266 = DIRECTION('',(0.,0.,1.));
#13267 = PCURVE('',#5843,#13268);
#13268 = DEFINITIONAL_REPRESENTATION('',(#13269),#13273);
#13269 = LINE('',#13270,#13271);
#13270 = CARTESIAN_POINT('',(0.,0.));
#13271 = VECTOR('',#13272,1.);
#13272 = DIRECTION('',(1.,0.));
#13273 = ( GEOMETRIC_REPRESENTATION_CONTEXT(2) 
PARAMETRIC_REPRESENTATION_CONTEXT() REPRESENTATION_CONTEXT('2D SPACE',''
  ) );
#13274 = PCURVE('',#9023,#13275);
#13275 = DEFINITIONAL_REPRESENTATION('',(#13276),#13280);
#13276 = LINE('',#13277,#13278);
#13277 = CARTESIAN_POINT('',(0.,0.));
#13278 = VECTOR('',#13279,1.);
#13279 = DIRECTION('',(1.,0.));
#13280 = ( GEOMETRIC_REPRESENTATION_CONTEXT(2) 
PARAMETRIC_REPRESENTATION_CONTEXT() REPRESENTATION_CONTEXT('2D SPACE',''
  ) );
#13281 = ORIENTED_EDGE('',*,*,#13282,.T.);
#13282 = EDGE_CURVE('',#13260,#5796,#13283,.T.);
#13283 = SURFACE_CURVE('',#13284,(#13288,#13295),.PCURVE_S1.);
#13284 = LINE('',#13285,#13286);
#13285 = CARTESIAN_POINT('',(77.5,-66.,117.4));
#13286 = VECTOR('',#13287,1.);
#13287 = DIRECTION('',(1.,0.,0.));
#13288 = PCURVE('',#5843,#13289);
#13289 = DEFINITIONAL_REPRESENTATION('',(#13290),#13294);
#13290 = LINE('',#13291,#13292);
#13291 = CARTESIAN_POINT('',(12.,0.));
#13292 = VECTOR('',#13293,1.);
#13293 = DIRECTION('',(0.,1.));
#13294 = ( GEOMETRIC_REPRESENTATION_CONTEXT(2) 
PARAMETRIC_REPRESENTATION_CONTEXT() REPRESENTATION_CONTEXT('2D SPACE',''
  ) );
#13295 = PCURVE('',#5812,#13296);
#13296 = DEFINITIONAL_REPRESENTATION('',(#13297),#13301);
#13297 = LINE('',#13298,#13299);
#13298 = CARTESIAN_POINT('',(0.,0.));
#13299 = VECTOR('',#13300,1.);
#13300 = DIRECTION('',(1.,0.));
#13301 = ( GEOMETRIC_REPRESENTATION_CONTEXT(2) 
PARAMETRIC_REPRESENTATION_CONTEXT() REPRESENTATION_CONTEXT('2D SPACE',''
  ) );
#13302 = ORIENTED_EDGE('',*,*,#5828,.T.);
#13303 = ADVANCED_FACE('',(#13304),#5812,.T.);
#13304 = FACE_BOUND('',#13305,.T.);
#13305 = EDGE_LOOP('',(#13306,#13307,#13330,#13351,#13352));
#13306 = ORIENTED_EDGE('',*,*,#7068,.F.);
#13307 = ORIENTED_EDGE('',*,*,#13308,.F.);
#13308 = EDGE_CURVE('',#13309,#7069,#13311,.T.);
#13309 = VERTEX_POINT('',#13310);
#13310 = CARTESIAN_POINT('',(77.5,-54.03980197534,117.4));
#13311 = SURFACE_CURVE('',#13312,(#13317,#13324),.PCURVE_S1.);
#13312 = CIRCLE('',#13313,4.1);
#13313 = AXIS2_PLACEMENT_3D('',#13314,#13315,#13316);
#13314 = CARTESIAN_POINT('',(76.8,-50.,117.4));
#13315 = DIRECTION('',(0.,0.,1.));
#13316 = DIRECTION('',(1.,0.,-0.));
#13317 = PCURVE('',#5812,#13318);
#13318 = DEFINITIONAL_REPRESENTATION('',(#13319),#13323);
#13319 = CIRCLE('',#13320,4.1);
#13320 = AXIS2_PLACEMENT_2D('',#13321,#13322);
#13321 = CARTESIAN_POINT('',(-0.7,16.));
#13322 = DIRECTION('',(1.,0.));
#13323 = ( GEOMETRIC_REPRESENTATION_CONTEXT(2) 
PARAMETRIC_REPRESENTATION_CONTEXT() REPRESENTATION_CONTEXT('2D SPACE',''
  ) );
#13324 = PCURVE('',#6702,#13325);
#13325 = DEFINITIONAL_REPRESENTATION('',(#13326),#13329);
#13326 = B_SPLINE_CURVE_WITH_KNOTS('',1,(#13327,#13328),.UNSPECIFIED.,
  .F.,.F.,(2,2),(4.883961212467,5.368141806142),
  .PIECEWISE_BEZIER_KNOTS.);
#13327 = CARTESIAN_POINT('',(4.883961212467,1.));
#13328 = CARTESIAN_POINT('',(5.368141806142,1.));
#13329 = ( GEOMETRIC_REPRESENTATION_CONTEXT(2) 
PARAMETRIC_REPRESENTATION_CONTEXT() REPRESENTATION_CONTEXT('2D SPACE',''
  ) );
#13330 = ORIENTED_EDGE('',*,*,#13331,.F.);
#13331 = EDGE_CURVE('',#13260,#13309,#13332,.T.);
#13332 = SURFACE_CURVE('',#13333,(#13337,#13344),.PCURVE_S1.);
#13333 = LINE('',#13334,#13335);
#13334 = CARTESIAN_POINT('',(77.5,-66.,117.4));
#13335 = VECTOR('',#13336,1.);
#13336 = DIRECTION('',(0.,1.,0.));
#13337 = PCURVE('',#5812,#13338);
#13338 = DEFINITIONAL_REPRESENTATION('',(#13339),#13343);
#13339 = LINE('',#13340,#13341);
#13340 = CARTESIAN_POINT('',(0.,0.));
#13341 = VECTOR('',#13342,1.);
#13342 = DIRECTION('',(0.,1.));
#13343 = ( GEOMETRIC_REPRESENTATION_CONTEXT(2) 
PARAMETRIC_REPRESENTATION_CONTEXT() REPRESENTATION_CONTEXT('2D SPACE',''
  ) );
#13344 = PCURVE('',#9023,#13345);
#13345 = DEFINITIONAL_REPRESENTATION('',(#13346),#13350);
#13346 = LINE('',#13347,#13348);
#13347 = CARTESIAN_POINT('',(12.,0.));
#13348 = VECTOR('',#13349,1.);
#13349 = DIRECTION('',(0.,-1.));
#13350 = ( GEOMETRIC_REPRESENTATION_CONTEXT(2) 
PARAMETRIC_REPRESENTATION_CONTEXT() REPRESENTATION_CONTEXT('2D SPACE',''
  ) );
#13351 = ORIENTED_EDGE('',*,*,#13282,.T.);
#13352 = ORIENTED_EDGE('',*,*,#5795,.F.);
#13353 = ADVANCED_FACE('',(#13354,#13360,#13363),#6302,.F.);
#13354 = FACE_BOUND('',#13355,.F.);
#13355 = EDGE_LOOP('',(#13356,#13357,#13358,#13359));
#13356 = ORIENTED_EDGE('',*,*,#8343,.F.);
#13357 = ORIENTED_EDGE('',*,*,#6287,.T.);
#13358 = ORIENTED_EDGE('',*,*,#6525,.T.);
#13359 = ORIENTED_EDGE('',*,*,#6832,.F.);
#13360 = FACE_BOUND('',#13361,.F.);
#13361 = EDGE_LOOP('',(#13362));
#13362 = ORIENTED_EDGE('',*,*,#7650,.F.);
#13363 = FACE_BOUND('',#13364,.F.);
#13364 = EDGE_LOOP('',(#13365));
#13365 = ORIENTED_EDGE('',*,*,#8643,.F.);
#13366 = ADVANCED_FACE('',(#13367),#6235,.F.);
#13367 = FACE_BOUND('',#13368,.F.);
#13368 = EDGE_LOOP('',(#13369,#13370,#13392,#13393));
#13369 = ORIENTED_EDGE('',*,*,#8044,.F.);
#13370 = ORIENTED_EDGE('',*,*,#13371,.T.);
#13371 = EDGE_CURVE('',#8045,#6195,#13372,.T.);
#13372 = SURFACE_CURVE('',#13373,(#13378,#13385),.PCURVE_S1.);
#13373 = CIRCLE('',#13374,4.1);
#13374 = AXIS2_PLACEMENT_3D('',#13375,#13376,#13377);
#13375 = CARTESIAN_POINT('',(-76.8,10.,119.8));
#13376 = DIRECTION('',(0.,0.,1.));
#13377 = DIRECTION('',(1.,0.,-0.));
#13378 = PCURVE('',#6235,#13379);
#13379 = DEFINITIONAL_REPRESENTATION('',(#13380),#13384);
#13380 = CIRCLE('',#13381,4.1);
#13381 = AXIS2_PLACEMENT_2D('',#13382,#13383);
#13382 = CARTESIAN_POINT('',(0.,0.));
#13383 = DIRECTION('',(1.,0.));
#13384 = ( GEOMETRIC_REPRESENTATION_CONTEXT(2) 
PARAMETRIC_REPRESENTATION_CONTEXT() REPRESENTATION_CONTEXT('2D SPACE',''
  ) );
#13385 = PCURVE('',#6209,#13386);
#13386 = DEFINITIONAL_REPRESENTATION('',(#13387),#13391);
#13387 = LINE('',#13388,#13389);
#13388 = CARTESIAN_POINT('',(0.,3.4));
#13389 = VECTOR('',#13390,1.);
#13390 = DIRECTION('',(1.,0.));
#13391 = ( GEOMETRIC_REPRESENTATION_CONTEXT(2) 
PARAMETRIC_REPRESENTATION_CONTEXT() REPRESENTATION_CONTEXT('2D SPACE',''
  ) );
#13392 = ORIENTED_EDGE('',*,*,#6220,.F.);
#13393 = ORIENTED_EDGE('',*,*,#8220,.F.);
#13394 = ADVANCED_FACE('',(#13395),#6209,.F.);
#13395 = FACE_BOUND('',#13396,.F.);
#13396 = EDGE_LOOP('',(#13397,#13398,#13399,#13423,#13444,#13473,#13494,
    #13516));
#13397 = ORIENTED_EDGE('',*,*,#13371,.F.);
#13398 = ORIENTED_EDGE('',*,*,#8065,.F.);
#13399 = ORIENTED_EDGE('',*,*,#13400,.F.);
#13400 = EDGE_CURVE('',#13401,#8066,#13403,.T.);
#13401 = VERTEX_POINT('',#13402);
#13402 = CARTESIAN_POINT('',(-77.5,14.039801975345,117.4));
#13403 = SURFACE_CURVE('',#13404,(#13409,#13416),.PCURVE_S1.);
#13404 = CIRCLE('',#13405,4.1);
#13405 = AXIS2_PLACEMENT_3D('',#13406,#13407,#13408);
#13406 = CARTESIAN_POINT('',(-76.8,10.,117.4));
#13407 = DIRECTION('',(0.,0.,1.));
#13408 = DIRECTION('',(1.,0.,-0.));
#13409 = PCURVE('',#6209,#13410);
#13410 = DEFINITIONAL_REPRESENTATION('',(#13411),#13415);
#13411 = LINE('',#13412,#13413);
#13412 = CARTESIAN_POINT('',(0.,1.));
#13413 = VECTOR('',#13414,1.);
#13414 = DIRECTION('',(1.,0.));
#13415 = ( GEOMETRIC_REPRESENTATION_CONTEXT(2) 
PARAMETRIC_REPRESENTATION_CONTEXT() REPRESENTATION_CONTEXT('2D SPACE',''
  ) );
#13416 = PCURVE('',#8101,#13417);
#13417 = DEFINITIONAL_REPRESENTATION('',(#13418),#13422);
#13418 = CIRCLE('',#13419,4.1);
#13419 = AXIS2_PLACEMENT_2D('',#13420,#13421);
#13420 = CARTESIAN_POINT('',(5.7,76.));
#13421 = DIRECTION('',(1.,0.));
#13422 = ( GEOMETRIC_REPRESENTATION_CONTEXT(2) 
PARAMETRIC_REPRESENTATION_CONTEXT() REPRESENTATION_CONTEXT('2D SPACE',''
  ) );
#13423 = ORIENTED_EDGE('',*,*,#13424,.F.);
#13424 = EDGE_CURVE('',#13425,#13401,#13427,.T.);
#13425 = VERTEX_POINT('',#13426);
#13426 = CARTESIAN_POINT('',(-77.5,14.039801975345,116.4));
#13427 = SURFACE_CURVE('',#13428,(#13432,#13438),.PCURVE_S1.);
#13428 = LINE('',#13429,#13430);
#13429 = CARTESIAN_POINT('',(-77.5,14.039801975345,116.4));
#13430 = VECTOR('',#13431,1.);
#13431 = DIRECTION('',(0.,0.,1.));
#13432 = PCURVE('',#6209,#13433);
#13433 = DEFINITIONAL_REPRESENTATION('',(#13434),#13437);
#13434 = B_SPLINE_CURVE_WITH_KNOTS('',1,(#13435,#13436),.UNSPECIFIED.,
  .F.,.F.,(2,2),(-6.000000070117E-07,2.2),.PIECEWISE_BEZIER_KNOTS.);
#13435 = CARTESIAN_POINT('',(1.742368558877,-6.000000070117E-07));
#13436 = CARTESIAN_POINT('',(1.742368558877,2.2));
#13437 = ( GEOMETRIC_REPRESENTATION_CONTEXT(2) 
PARAMETRIC_REPRESENTATION_CONTEXT() REPRESENTATION_CONTEXT('2D SPACE',''
  ) );
#13438 = PCURVE('',#9596,#13439);
#13439 = DEFINITIONAL_REPRESENTATION('',(#13440),#13443);
#13440 = B_SPLINE_CURVE_WITH_KNOTS('',1,(#13441,#13442),.UNSPECIFIED.,
  .F.,.F.,(2,2),(-6.000000070117E-07,2.2),.PIECEWISE_BEZIER_KNOTS.);
#13441 = CARTESIAN_POINT('',(10.9999994,-80.03980197534));
#13442 = CARTESIAN_POINT('',(13.2,-80.03980197534));
#13443 = ( GEOMETRIC_REPRESENTATION_CONTEXT(2) 
PARAMETRIC_REPRESENTATION_CONTEXT() REPRESENTATION_CONTEXT('2D SPACE',''
  ) );
#13444 = ORIENTED_EDGE('',*,*,#13445,.T.);
#13445 = EDGE_CURVE('',#13425,#13446,#13448,.T.);
#13446 = VERTEX_POINT('',#13447);
#13447 = CARTESIAN_POINT('',(-77.5,5.960198024655,116.4));
#13448 = SURFACE_CURVE('',#13449,(#13454,#13461),.PCURVE_S1.);
#13449 = CIRCLE('',#13450,4.1);
#13450 = AXIS2_PLACEMENT_3D('',#13451,#13452,#13453);
#13451 = CARTESIAN_POINT('',(-76.8,10.,116.4));
#13452 = DIRECTION('',(0.,0.,1.));
#13453 = DIRECTION('',(1.,0.,-0.));
#13454 = PCURVE('',#6209,#13455);
#13455 = DEFINITIONAL_REPRESENTATION('',(#13456),#13460);
#13456 = LINE('',#13457,#13458);
#13457 = CARTESIAN_POINT('',(0.,0.));
#13458 = VECTOR('',#13459,1.);
#13459 = DIRECTION('',(1.,0.));
#13460 = ( GEOMETRIC_REPRESENTATION_CONTEXT(2) 
PARAMETRIC_REPRESENTATION_CONTEXT() REPRESENTATION_CONTEXT('2D SPACE',''
  ) );
#13461 = PCURVE('',#13462,#13467);
#13462 = PLANE('',#13463);
#13463 = AXIS2_PLACEMENT_3D('',#13464,#13465,#13466);
#13464 = CARTESIAN_POINT('',(-76.8,10.,116.4));
#13465 = DIRECTION('',(0.,0.,1.));
#13466 = DIRECTION('',(1.,0.,-0.));
#13467 = DEFINITIONAL_REPRESENTATION('',(#13468),#13472);
#13468 = CIRCLE('',#13469,4.1);
#13469 = AXIS2_PLACEMENT_2D('',#13470,#13471);
#13470 = CARTESIAN_POINT('',(0.,0.));
#13471 = DIRECTION('',(1.,0.));
#13472 = ( GEOMETRIC_REPRESENTATION_CONTEXT(2) 
PARAMETRIC_REPRESENTATION_CONTEXT() REPRESENTATION_CONTEXT('2D SPACE',''
  ) );
#13473 = ORIENTED_EDGE('',*,*,#13474,.T.);
#13474 = EDGE_CURVE('',#13446,#13475,#13477,.T.);
#13475 = VERTEX_POINT('',#13476);
#13476 = CARTESIAN_POINT('',(-77.5,5.960198024655,117.4));
#13477 = SURFACE_CURVE('',#13478,(#13482,#13488),.PCURVE_S1.);
#13478 = LINE('',#13479,#13480);
#13479 = CARTESIAN_POINT('',(-77.5,5.960198024655,116.4));
#13480 = VECTOR('',#13481,1.);
#13481 = DIRECTION('',(0.,0.,1.));
#13482 = PCURVE('',#6209,#13483);
#13483 = DEFINITIONAL_REPRESENTATION('',(#13484),#13487);
#13484 = B_SPLINE_CURVE_WITH_KNOTS('',1,(#13485,#13486),.UNSPECIFIED.,
  .F.,.F.,(2,2),(-6.000000070117E-07,2.2),.PIECEWISE_BEZIER_KNOTS.);
#13485 = CARTESIAN_POINT('',(4.540816748302,-6.000000070117E-07));
#13486 = CARTESIAN_POINT('',(4.540816748302,2.2));
#13487 = ( GEOMETRIC_REPRESENTATION_CONTEXT(2) 
PARAMETRIC_REPRESENTATION_CONTEXT() REPRESENTATION_CONTEXT('2D SPACE',''
  ) );
#13488 = PCURVE('',#9535,#13489);
#13489 = DEFINITIONAL_REPRESENTATION('',(#13490),#13493);
#13490 = B_SPLINE_CURVE_WITH_KNOTS('',1,(#13491,#13492),.UNSPECIFIED.,
  .F.,.F.,(2,2),(-6.000000070117E-07,2.2),.PIECEWISE_BEZIER_KNOTS.);
#13491 = CARTESIAN_POINT('',(10.9999994,-71.96019802465));
#13492 = CARTESIAN_POINT('',(13.2,-71.96019802465));
#13493 = ( GEOMETRIC_REPRESENTATION_CONTEXT(2) 
PARAMETRIC_REPRESENTATION_CONTEXT() REPRESENTATION_CONTEXT('2D SPACE',''
  ) );
#13494 = ORIENTED_EDGE('',*,*,#13495,.F.);
#13495 = EDGE_CURVE('',#6169,#13475,#13496,.T.);
#13496 = SURFACE_CURVE('',#13497,(#13502,#13509),.PCURVE_S1.);
#13497 = CIRCLE('',#13498,4.1);
#13498 = AXIS2_PLACEMENT_3D('',#13499,#13500,#13501);
#13499 = CARTESIAN_POINT('',(-76.8,10.,117.4));
#13500 = DIRECTION('',(0.,0.,1.));
#13501 = DIRECTION('',(1.,0.,-0.));
#13502 = PCURVE('',#6209,#13503);
#13503 = DEFINITIONAL_REPRESENTATION('',(#13504),#13508);
#13504 = LINE('',#13505,#13506);
#13505 = CARTESIAN_POINT('',(0.,1.));
#13506 = VECTOR('',#13507,1.);
#13507 = DIRECTION('',(1.,0.));
#13508 = ( GEOMETRIC_REPRESENTATION_CONTEXT(2) 
PARAMETRIC_REPRESENTATION_CONTEXT() REPRESENTATION_CONTEXT('2D SPACE',''
  ) );
#13509 = PCURVE('',#6183,#13510);
#13510 = DEFINITIONAL_REPRESENTATION('',(#13511),#13515);
#13511 = CIRCLE('',#13512,4.1);
#13512 = AXIS2_PLACEMENT_2D('',#13513,#13514);
#13513 = CARTESIAN_POINT('',(5.7,76.));
#13514 = DIRECTION('',(1.,0.));
#13515 = ( GEOMETRIC_REPRESENTATION_CONTEXT(2) 
PARAMETRIC_REPRESENTATION_CONTEXT() REPRESENTATION_CONTEXT('2D SPACE',''
  ) );
#13516 = ORIENTED_EDGE('',*,*,#6194,.T.);
#13517 = ADVANCED_FACE('',(#13518),#6183,.T.);
#13518 = FACE_BOUND('',#13519,.T.);
#13519 = EDGE_LOOP('',(#13520,#13521,#13522,#13546));
#13520 = ORIENTED_EDGE('',*,*,#13495,.F.);
#13521 = ORIENTED_EDGE('',*,*,#6168,.T.);
#13522 = ORIENTED_EDGE('',*,*,#13523,.F.);
#13523 = EDGE_CURVE('',#13524,#6143,#13526,.T.);
#13524 = VERTEX_POINT('',#13525);
#13525 = CARTESIAN_POINT('',(-77.5,-45.96019802465,117.4));
#13526 = SURFACE_CURVE('',#13527,(#13532,#13539),.PCURVE_S1.);
#13527 = CIRCLE('',#13528,4.1);
#13528 = AXIS2_PLACEMENT_3D('',#13529,#13530,#13531);
#13529 = CARTESIAN_POINT('',(-76.8,-50.,117.4));
#13530 = DIRECTION('',(0.,0.,1.));
#13531 = DIRECTION('',(1.,0.,-0.));
#13532 = PCURVE('',#6183,#13533);
#13533 = DEFINITIONAL_REPRESENTATION('',(#13534),#13538);
#13534 = CIRCLE('',#13535,4.1);
#13535 = AXIS2_PLACEMENT_2D('',#13536,#13537);
#13536 = CARTESIAN_POINT('',(5.7,16.));
#13537 = DIRECTION('',(1.,0.));
#13538 = ( GEOMETRIC_REPRESENTATION_CONTEXT(2) 
PARAMETRIC_REPRESENTATION_CONTEXT() REPRESENTATION_CONTEXT('2D SPACE',''
  ) );
#13539 = PCURVE('',#6157,#13540);
#13540 = DEFINITIONAL_REPRESENTATION('',(#13541),#13545);
#13541 = LINE('',#13542,#13543);
#13542 = CARTESIAN_POINT('',(0.,1.));
#13543 = VECTOR('',#13544,1.);
#13544 = DIRECTION('',(1.,0.));
#13545 = ( GEOMETRIC_REPRESENTATION_CONTEXT(2) 
PARAMETRIC_REPRESENTATION_CONTEXT() REPRESENTATION_CONTEXT('2D SPACE',''
  ) );
#13546 = ORIENTED_EDGE('',*,*,#13547,.T.);
#13547 = EDGE_CURVE('',#13524,#13475,#13548,.T.);
#13548 = SURFACE_CURVE('',#13549,(#13553,#13560),.PCURVE_S1.);
#13549 = LINE('',#13550,#13551);
#13550 = CARTESIAN_POINT('',(-77.5,-66.,117.4));
#13551 = VECTOR('',#13552,1.);
#13552 = DIRECTION('',(0.,1.,0.));
#13553 = PCURVE('',#6183,#13554);
#13554 = DEFINITIONAL_REPRESENTATION('',(#13555),#13559);
#13555 = LINE('',#13556,#13557);
#13556 = CARTESIAN_POINT('',(5.,0.));
#13557 = VECTOR('',#13558,1.);
#13558 = DIRECTION('',(0.,1.));
#13559 = ( GEOMETRIC_REPRESENTATION_CONTEXT(2) 
PARAMETRIC_REPRESENTATION_CONTEXT() REPRESENTATION_CONTEXT('2D SPACE',''
  ) );
#13560 = PCURVE('',#9535,#13561);
#13561 = DEFINITIONAL_REPRESENTATION('',(#13562),#13566);
#13562 = LINE('',#13563,#13564);
#13563 = CARTESIAN_POINT('',(12.,0.));
#13564 = VECTOR('',#13565,1.);
#13565 = DIRECTION('',(0.,-1.));
#13566 = ( GEOMETRIC_REPRESENTATION_CONTEXT(2) 
PARAMETRIC_REPRESENTATION_CONTEXT() REPRESENTATION_CONTEXT('2D SPACE',''
  ) );
#13567 = ADVANCED_FACE('',(#13568),#6157,.F.);
#13568 = FACE_BOUND('',#13569,.F.);
#13569 = EDGE_LOOP('',(#13570,#13592,#13593,#13594,#13615,#13644,#13663,
    #13664));
#13570 = ORIENTED_EDGE('',*,*,#13571,.F.);
#13571 = EDGE_CURVE('',#6117,#6595,#13572,.T.);
#13572 = SURFACE_CURVE('',#13573,(#13578,#13585),.PCURVE_S1.);
#13573 = CIRCLE('',#13574,4.1);
#13574 = AXIS2_PLACEMENT_3D('',#13575,#13576,#13577);
#13575 = CARTESIAN_POINT('',(-76.8,-50.,119.8));
#13576 = DIRECTION('',(0.,0.,1.));
#13577 = DIRECTION('',(1.,0.,-0.));
#13578 = PCURVE('',#6157,#13579);
#13579 = DEFINITIONAL_REPRESENTATION('',(#13580),#13584);
#13580 = LINE('',#13581,#13582);
#13581 = CARTESIAN_POINT('',(0.,3.4));
#13582 = VECTOR('',#13583,1.);
#13583 = DIRECTION('',(1.,0.));
#13584 = ( GEOMETRIC_REPRESENTATION_CONTEXT(2) 
PARAMETRIC_REPRESENTATION_CONTEXT() REPRESENTATION_CONTEXT('2D SPACE',''
  ) );
#13585 = PCURVE('',#6131,#13586);
#13586 = DEFINITIONAL_REPRESENTATION('',(#13587),#13591);
#13587 = CIRCLE('',#13588,4.1);
#13588 = AXIS2_PLACEMENT_2D('',#13589,#13590);
#13589 = CARTESIAN_POINT('',(0.,0.));
#13590 = DIRECTION('',(1.,0.));
#13591 = ( GEOMETRIC_REPRESENTATION_CONTEXT(2) 
PARAMETRIC_REPRESENTATION_CONTEXT() REPRESENTATION_CONTEXT('2D SPACE',''
  ) );
#13592 = ORIENTED_EDGE('',*,*,#6142,.F.);
#13593 = ORIENTED_EDGE('',*,*,#13523,.F.);
#13594 = ORIENTED_EDGE('',*,*,#13595,.F.);
#13595 = EDGE_CURVE('',#13596,#13524,#13598,.T.);
#13596 = VERTEX_POINT('',#13597);
#13597 = CARTESIAN_POINT('',(-77.5,-45.96019802465,116.4));
#13598 = SURFACE_CURVE('',#13599,(#13603,#13609),.PCURVE_S1.);
#13599 = LINE('',#13600,#13601);
#13600 = CARTESIAN_POINT('',(-77.5,-45.96019802465,116.4));
#13601 = VECTOR('',#13602,1.);
#13602 = DIRECTION('',(0.,0.,1.));
#13603 = PCURVE('',#6157,#13604);
#13604 = DEFINITIONAL_REPRESENTATION('',(#13605),#13608);
#13605 = B_SPLINE_CURVE_WITH_KNOTS('',1,(#13606,#13607),.UNSPECIFIED.,
  .F.,.F.,(2,2),(-6.000000070117E-07,2.2),.PIECEWISE_BEZIER_KNOTS.);
#13606 = CARTESIAN_POINT('',(1.742368558877,-6.000000070117E-07));
#13607 = CARTESIAN_POINT('',(1.742368558877,2.2));
#13608 = ( GEOMETRIC_REPRESENTATION_CONTEXT(2) 
PARAMETRIC_REPRESENTATION_CONTEXT() REPRESENTATION_CONTEXT('2D SPACE',''
  ) );
#13609 = PCURVE('',#9535,#13610);
#13610 = DEFINITIONAL_REPRESENTATION('',(#13611),#13614);
#13611 = B_SPLINE_CURVE_WITH_KNOTS('',1,(#13612,#13613),.UNSPECIFIED.,
  .F.,.F.,(2,2),(-6.000000070117E-07,2.2),.PIECEWISE_BEZIER_KNOTS.);
#13612 = CARTESIAN_POINT('',(10.9999994,-20.03980197534));
#13613 = CARTESIAN_POINT('',(13.2,-20.03980197534));
#13614 = ( GEOMETRIC_REPRESENTATION_CONTEXT(2) 
PARAMETRIC_REPRESENTATION_CONTEXT() REPRESENTATION_CONTEXT('2D SPACE',''
  ) );
#13615 = ORIENTED_EDGE('',*,*,#13616,.T.);
#13616 = EDGE_CURVE('',#13596,#13617,#13619,.T.);
#13617 = VERTEX_POINT('',#13618);
#13618 = CARTESIAN_POINT('',(-77.5,-54.03980197534,116.4));
#13619 = SURFACE_CURVE('',#13620,(#13625,#13632),.PCURVE_S1.);
#13620 = CIRCLE('',#13621,4.1);
#13621 = AXIS2_PLACEMENT_3D('',#13622,#13623,#13624);
#13622 = CARTESIAN_POINT('',(-76.8,-50.,116.4));
#13623 = DIRECTION('',(0.,0.,1.));
#13624 = DIRECTION('',(1.,0.,-0.));
#13625 = PCURVE('',#6157,#13626);
#13626 = DEFINITIONAL_REPRESENTATION('',(#13627),#13631);
#13627 = LINE('',#13628,#13629);
#13628 = CARTESIAN_POINT('',(0.,0.));
#13629 = VECTOR('',#13630,1.);
#13630 = DIRECTION('',(1.,0.));
#13631 = ( GEOMETRIC_REPRESENTATION_CONTEXT(2) 
PARAMETRIC_REPRESENTATION_CONTEXT() REPRESENTATION_CONTEXT('2D SPACE',''
  ) );
#13632 = PCURVE('',#13633,#13638);
#13633 = PLANE('',#13634);
#13634 = AXIS2_PLACEMENT_3D('',#13635,#13636,#13637);
#13635 = CARTESIAN_POINT('',(-76.8,-50.,116.4));
#13636 = DIRECTION('',(0.,0.,1.));
#13637 = DIRECTION('',(1.,0.,-0.));
#13638 = DEFINITIONAL_REPRESENTATION('',(#13639),#13643);
#13639 = CIRCLE('',#13640,4.1);
#13640 = AXIS2_PLACEMENT_2D('',#13641,#13642);
#13641 = CARTESIAN_POINT('',(0.,0.));
#13642 = DIRECTION('',(1.,0.));
#13643 = ( GEOMETRIC_REPRESENTATION_CONTEXT(2) 
PARAMETRIC_REPRESENTATION_CONTEXT() REPRESENTATION_CONTEXT('2D SPACE',''
  ) );
#13644 = ORIENTED_EDGE('',*,*,#13645,.T.);
#13645 = EDGE_CURVE('',#13617,#12639,#13646,.T.);
#13646 = SURFACE_CURVE('',#13647,(#13651,#13657),.PCURVE_S1.);
#13647 = LINE('',#13648,#13649);
#13648 = CARTESIAN_POINT('',(-77.5,-54.03980197534,116.4));
#13649 = VECTOR('',#13650,1.);
#13650 = DIRECTION('',(0.,0.,1.));
#13651 = PCURVE('',#6157,#13652);
#13652 = DEFINITIONAL_REPRESENTATION('',(#13653),#13656);
#13653 = B_SPLINE_CURVE_WITH_KNOTS('',1,(#13654,#13655),.UNSPECIFIED.,
  .F.,.F.,(2,2),(-6.000000070117E-07,2.2),.PIECEWISE_BEZIER_KNOTS.);
#13654 = CARTESIAN_POINT('',(4.540816748302,-6.000000070117E-07));
#13655 = CARTESIAN_POINT('',(4.540816748302,2.2));
#13656 = ( GEOMETRIC_REPRESENTATION_CONTEXT(2) 
PARAMETRIC_REPRESENTATION_CONTEXT() REPRESENTATION_CONTEXT('2D SPACE',''
  ) );
#13657 = PCURVE('',#9474,#13658);
#13658 = DEFINITIONAL_REPRESENTATION('',(#13659),#13662);
#13659 = B_SPLINE_CURVE_WITH_KNOTS('',1,(#13660,#13661),.UNSPECIFIED.,
  .F.,.F.,(2,2),(-6.000000070117E-07,2.2),.PIECEWISE_BEZIER_KNOTS.);
#13660 = CARTESIAN_POINT('',(10.9999994,-11.96019802465));
#13661 = CARTESIAN_POINT('',(13.2,-11.96019802465));
#13662 = ( GEOMETRIC_REPRESENTATION_CONTEXT(2) 
PARAMETRIC_REPRESENTATION_CONTEXT() REPRESENTATION_CONTEXT('2D SPACE',''
  ) );
#13663 = ORIENTED_EDGE('',*,*,#12661,.F.);
#13664 = ORIENTED_EDGE('',*,*,#6594,.T.);
#13665 = ADVANCED_FACE('',(#13666),#6131,.F.);
#13666 = FACE_BOUND('',#13667,.F.);
#13667 = EDGE_LOOP('',(#13668,#13669,#13670,#13671));
#13668 = ORIENTED_EDGE('',*,*,#6116,.F.);
#13669 = ORIENTED_EDGE('',*,*,#13571,.T.);
#13670 = ORIENTED_EDGE('',*,*,#6615,.F.);
#13671 = ORIENTED_EDGE('',*,*,#6479,.F.);
#13672 = ADVANCED_FACE('',(#13673),#6351,.F.);
#13673 = FACE_BOUND('',#13674,.F.);
#13674 = EDGE_LOOP('',(#13675,#13698,#13699,#13722));
#13675 = ORIENTED_EDGE('',*,*,#13676,.F.);
#13676 = EDGE_CURVE('',#6335,#13677,#13679,.T.);
#13677 = VERTEX_POINT('',#13678);
#13678 = CARTESIAN_POINT('',(-44.0615528128,-10.85,147.));
#13679 = SURFACE_CURVE('',#13680,(#13684,#13691),.PCURVE_S1.);
#13680 = LINE('',#13681,#13682);
#13681 = CARTESIAN_POINT('',(-79.8,-10.85,147.));
#13682 = VECTOR('',#13683,1.);
#13683 = DIRECTION('',(1.,0.,0.));
#13684 = PCURVE('',#6351,#13685);
#13685 = DEFINITIONAL_REPRESENTATION('',(#13686),#13690);
#13686 = LINE('',#13687,#13688);
#13687 = CARTESIAN_POINT('',(0.,8.));
#13688 = VECTOR('',#13689,1.);
#13689 = DIRECTION('',(1.,0.));
#13690 = ( GEOMETRIC_REPRESENTATION_CONTEXT(2) 
PARAMETRIC_REPRESENTATION_CONTEXT() REPRESENTATION_CONTEXT('2D SPACE',''
  ) );
#13691 = PCURVE('',#6428,#13692);
#13692 = DEFINITIONAL_REPRESENTATION('',(#13693),#13697);
#13693 = LINE('',#13694,#13695);
#13694 = CARTESIAN_POINT('',(0.,0.));
#13695 = VECTOR('',#13696,1.);
#13696 = DIRECTION('',(0.,1.));
#13697 = ( GEOMETRIC_REPRESENTATION_CONTEXT(2) 
PARAMETRIC_REPRESENTATION_CONTEXT() REPRESENTATION_CONTEXT('2D SPACE',''
  ) );
#13698 = ORIENTED_EDGE('',*,*,#6334,.T.);
#13699 = ORIENTED_EDGE('',*,*,#13700,.T.);
#13700 = EDGE_CURVE('',#6337,#13701,#13703,.T.);
#13701 = VERTEX_POINT('',#13702);
#13702 = CARTESIAN_POINT('',(-44.0615528128,-18.85,147.));
#13703 = SURFACE_CURVE('',#13704,(#13708,#13715),.PCURVE_S1.);
#13704 = LINE('',#13705,#13706);
#13705 = CARTESIAN_POINT('',(-79.8,-18.85,147.));
#13706 = VECTOR('',#13707,1.);
#13707 = DIRECTION('',(1.,0.,0.));
#13708 = PCURVE('',#6351,#13709);
#13709 = DEFINITIONAL_REPRESENTATION('',(#13710),#13714);
#13710 = LINE('',#13711,#13712);
#13711 = CARTESIAN_POINT('',(0.,0.));
#13712 = VECTOR('',#13713,1.);
#13713 = DIRECTION('',(1.,0.));
#13714 = ( GEOMETRIC_REPRESENTATION_CONTEXT(2) 
PARAMETRIC_REPRESENTATION_CONTEXT() REPRESENTATION_CONTEXT('2D SPACE',''
  ) );
#13715 = PCURVE('',#6377,#13716);
#13716 = DEFINITIONAL_REPRESENTATION('',(#13717),#13721);
#13717 = LINE('',#13718,#13719);
#13718 = CARTESIAN_POINT('',(0.,0.));
#13719 = VECTOR('',#13720,1.);
#13720 = DIRECTION('',(0.,1.));
#13721 = ( GEOMETRIC_REPRESENTATION_CONTEXT(2) 
PARAMETRIC_REPRESENTATION_CONTEXT() REPRESENTATION_CONTEXT('2D SPACE',''
  ) );
#13722 = ORIENTED_EDGE('',*,*,#13723,.T.);
#13723 = EDGE_CURVE('',#13701,#13677,#13724,.T.);
#13724 = SURFACE_CURVE('',#13725,(#13730,#13741),.PCURVE_S1.);
#13725 = CIRCLE('',#13726,4.5);
#13726 = AXIS2_PLACEMENT_3D('',#13727,#13728,#13729);
#13727 = CARTESIAN_POINT('',(-42.,-14.85,147.));
#13728 = DIRECTION('',(0.,0.,-1.));
#13729 = DIRECTION('',(1.,0.,0.));
#13730 = PCURVE('',#6351,#13731);
#13731 = DEFINITIONAL_REPRESENTATION('',(#13732),#13740);
#13732 = ( BOUNDED_CURVE() B_SPLINE_CURVE(2,(#13733,#13734,#13735,#13736
    ,#13737,#13738,#13739),.UNSPECIFIED.,.T.,.F.) 
B_SPLINE_CURVE_WITH_KNOTS((1,2,2,2,2,1),(-2.094395102393,0.,
    2.094395102393,4.188790204786,6.28318530718,8.377580409573),
.UNSPECIFIED.) CURVE() GEOMETRIC_REPRESENTATION_ITEM() 
RATIONAL_B_SPLINE_CURVE((1.,0.5,1.,0.5,1.,0.5,1.)) REPRESENTATION_ITEM(
  '') );
#13733 = CARTESIAN_POINT('',(42.3,4.));
#13734 = CARTESIAN_POINT('',(42.3,-3.79422863406));
#13735 = CARTESIAN_POINT('',(35.55,0.10288568297));
#13736 = CARTESIAN_POINT('',(28.8,4.));
#13737 = CARTESIAN_POINT('',(35.55,7.89711431703));
#13738 = CARTESIAN_POINT('',(42.3,11.79422863406));
#13739 = CARTESIAN_POINT('',(42.3,4.));
#13740 = ( GEOMETRIC_REPRESENTATION_CONTEXT(2) 
PARAMETRIC_REPRESENTATION_CONTEXT() REPRESENTATION_CONTEXT('2D SPACE',''
  ) );
#13741 = PCURVE('',#13742,#13747);
#13742 = CYLINDRICAL_SURFACE('',#13743,4.5);
#13743 = AXIS2_PLACEMENT_3D('',#13744,#13745,#13746);
#13744 = CARTESIAN_POINT('',(-42.,-14.85,143.));
#13745 = DIRECTION('',(-0.,-0.,-1.));
#13746 = DIRECTION('',(1.,0.,0.));
#13747 = DEFINITIONAL_REPRESENTATION('',(#13748),#13752);
#13748 = LINE('',#13749,#13750);
#13749 = CARTESIAN_POINT('',(-6.28318530718,-4.));
#13750 = VECTOR('',#13751,1.);
#13751 = DIRECTION('',(1.,-0.));
#13752 = ( GEOMETRIC_REPRESENTATION_CONTEXT(2) 
PARAMETRIC_REPRESENTATION_CONTEXT() REPRESENTATION_CONTEXT('2D SPACE',''
  ) );
#13753 = ADVANCED_FACE('',(#13754),#6428,.T.);
#13754 = FACE_BOUND('',#13755,.T.);
#13755 = EDGE_LOOP('',(#13756,#13757,#13758,#13781));
#13756 = ORIENTED_EDGE('',*,*,#13676,.F.);
#13757 = ORIENTED_EDGE('',*,*,#6415,.T.);
#13758 = ORIENTED_EDGE('',*,*,#13759,.T.);
#13759 = EDGE_CURVE('',#6389,#13760,#13762,.T.);
#13760 = VERTEX_POINT('',#13761);
#13761 = CARTESIAN_POINT('',(-44.0615528128,-10.85,151.));
#13762 = SURFACE_CURVE('',#13763,(#13767,#13774),.PCURVE_S1.);
#13763 = LINE('',#13764,#13765);
#13764 = CARTESIAN_POINT('',(-79.8,-10.85,151.));
#13765 = VECTOR('',#13766,1.);
#13766 = DIRECTION('',(1.,0.,0.));
#13767 = PCURVE('',#6428,#13768);
#13768 = DEFINITIONAL_REPRESENTATION('',(#13769),#13773);
#13769 = LINE('',#13770,#13771);
#13770 = CARTESIAN_POINT('',(4.,0.));
#13771 = VECTOR('',#13772,1.);
#13772 = DIRECTION('',(0.,1.));
#13773 = ( GEOMETRIC_REPRESENTATION_CONTEXT(2) 
PARAMETRIC_REPRESENTATION_CONTEXT() REPRESENTATION_CONTEXT('2D SPACE',''
  ) );
#13774 = PCURVE('',#6403,#13775);
#13775 = DEFINITIONAL_REPRESENTATION('',(#13776),#13780);
#13776 = LINE('',#13777,#13778);
#13777 = CARTESIAN_POINT('',(0.,8.));
#13778 = VECTOR('',#13779,1.);
#13779 = DIRECTION('',(1.,0.));
#13780 = ( GEOMETRIC_REPRESENTATION_CONTEXT(2) 
PARAMETRIC_REPRESENTATION_CONTEXT() REPRESENTATION_CONTEXT('2D SPACE',''
  ) );
#13781 = ORIENTED_EDGE('',*,*,#13782,.T.);
#13782 = EDGE_CURVE('',#13760,#13677,#13783,.T.);
#13783 = SURFACE_CURVE('',#13784,(#13788,#13794),.PCURVE_S1.);
#13784 = LINE('',#13785,#13786);
#13785 = CARTESIAN_POINT('',(-44.0615528128,-10.85,143.));
#13786 = VECTOR('',#13787,1.);
#13787 = DIRECTION('',(-0.,-0.,-1.));
#13788 = PCURVE('',#6428,#13789);
#13789 = DEFINITIONAL_REPRESENTATION('',(#13790),#13793);
#13790 = B_SPLINE_CURVE_WITH_KNOTS('',1,(#13791,#13792),.UNSPECIFIED.,
  .F.,.F.,(2,2),(-8.0000006,-3.6),.PIECEWISE_BEZIER_KNOTS.);
#13791 = CARTESIAN_POINT('',(4.0000006,35.738447187191));
#13792 = CARTESIAN_POINT('',(-0.4,35.738447187191));
#13793 = ( GEOMETRIC_REPRESENTATION_CONTEXT(2) 
PARAMETRIC_REPRESENTATION_CONTEXT() REPRESENTATION_CONTEXT('2D SPACE',''
  ) );
#13794 = PCURVE('',#13742,#13795);
#13795 = DEFINITIONAL_REPRESENTATION('',(#13796),#13799);
#13796 = B_SPLINE_CURVE_WITH_KNOTS('',1,(#13797,#13798),.UNSPECIFIED.,
  .F.,.F.,(2,2),(-8.0000006,-3.6),.PIECEWISE_BEZIER_KNOTS.);
#13797 = CARTESIAN_POINT('',(-2.046678576455,-8.0000006));
#13798 = CARTESIAN_POINT('',(-2.046678576455,-3.6));
#13799 = ( GEOMETRIC_REPRESENTATION_CONTEXT(2) 
PARAMETRIC_REPRESENTATION_CONTEXT() REPRESENTATION_CONTEXT('2D SPACE',''
  ) );
#13800 = ADVANCED_FACE('',(#13801),#6377,.F.);
#13801 = FACE_BOUND('',#13802,.F.);
#13802 = EDGE_LOOP('',(#13803,#13804,#13805,#13828));
#13803 = ORIENTED_EDGE('',*,*,#13700,.F.);
#13804 = ORIENTED_EDGE('',*,*,#6362,.T.);
#13805 = ORIENTED_EDGE('',*,*,#13806,.T.);
#13806 = EDGE_CURVE('',#6363,#13807,#13809,.T.);
#13807 = VERTEX_POINT('',#13808);
#13808 = CARTESIAN_POINT('',(-44.0615528128,-18.85,151.));
#13809 = SURFACE_CURVE('',#13810,(#13814,#13821),.PCURVE_S1.);
#13810 = LINE('',#13811,#13812);
#13811 = CARTESIAN_POINT('',(-79.8,-18.85,151.));
#13812 = VECTOR('',#13813,1.);
#13813 = DIRECTION('',(1.,0.,0.));
#13814 = PCURVE('',#6377,#13815);
#13815 = DEFINITIONAL_REPRESENTATION('',(#13816),#13820);
#13816 = LINE('',#13817,#13818);
#13817 = CARTESIAN_POINT('',(4.,0.));
#13818 = VECTOR('',#13819,1.);
#13819 = DIRECTION('',(0.,1.));
#13820 = ( GEOMETRIC_REPRESENTATION_CONTEXT(2) 
PARAMETRIC_REPRESENTATION_CONTEXT() REPRESENTATION_CONTEXT('2D SPACE',''
  ) );
#13821 = PCURVE('',#6403,#13822);
#13822 = DEFINITIONAL_REPRESENTATION('',(#13823),#13827);
#13823 = LINE('',#13824,#13825);
#13824 = CARTESIAN_POINT('',(0.,0.));
#13825 = VECTOR('',#13826,1.);
#13826 = DIRECTION('',(1.,0.));
#13827 = ( GEOMETRIC_REPRESENTATION_CONTEXT(2) 
PARAMETRIC_REPRESENTATION_CONTEXT() REPRESENTATION_CONTEXT('2D SPACE',''
  ) );
#13828 = ORIENTED_EDGE('',*,*,#13829,.T.);
#13829 = EDGE_CURVE('',#13807,#13701,#13830,.T.);
#13830 = SURFACE_CURVE('',#13831,(#13835,#13841),.PCURVE_S1.);
#13831 = LINE('',#13832,#13833);
#13832 = CARTESIAN_POINT('',(-44.0615528128,-18.85,143.));
#13833 = VECTOR('',#13834,1.);
#13834 = DIRECTION('',(-0.,-0.,-1.));
#13835 = PCURVE('',#6377,#13836);
#13836 = DEFINITIONAL_REPRESENTATION('',(#13837),#13840);
#13837 = B_SPLINE_CURVE_WITH_KNOTS('',1,(#13838,#13839),.UNSPECIFIED.,
  .F.,.F.,(2,2),(-8.0000006,-3.6),.PIECEWISE_BEZIER_KNOTS.);
#13838 = CARTESIAN_POINT('',(4.0000006,35.738447187191));
#13839 = CARTESIAN_POINT('',(-0.4,35.738447187191));
#13840 = ( GEOMETRIC_REPRESENTATION_CONTEXT(2) 
PARAMETRIC_REPRESENTATION_CONTEXT() REPRESENTATION_CONTEXT('2D SPACE',''
  ) );
#13841 = PCURVE('',#13742,#13842);
#13842 = DEFINITIONAL_REPRESENTATION('',(#13843),#13846);
#13843 = B_SPLINE_CURVE_WITH_KNOTS('',1,(#13844,#13845),.UNSPECIFIED.,
  .F.,.F.,(2,2),(-8.0000006,-3.6),.PIECEWISE_BEZIER_KNOTS.);
#13844 = CARTESIAN_POINT('',(-4.236506730724,-8.0000006));
#13845 = CARTESIAN_POINT('',(-4.236506730724,-3.6));
#13846 = ( GEOMETRIC_REPRESENTATION_CONTEXT(2) 
PARAMETRIC_REPRESENTATION_CONTEXT() REPRESENTATION_CONTEXT('2D SPACE',''
  ) );
#13847 = ADVANCED_FACE('',(#13848,#14053,#14088),#6403,.T.);
#13848 = FACE_BOUND('',#13849,.T.);
#13849 = EDGE_LOOP('',(#13850,#13873,#13902,#13930,#13952,#13953,#13954,
    #13955,#13979,#14007,#14031,#14052));
#13850 = ORIENTED_EDGE('',*,*,#13851,.F.);
#13851 = EDGE_CURVE('',#13852,#6909,#13854,.T.);
#13852 = VERTEX_POINT('',#13853);
#13853 = CARTESIAN_POINT('',(44.061552812809,-10.85,151.));
#13854 = SURFACE_CURVE('',#13855,(#13859,#13866),.PCURVE_S1.);
#13855 = LINE('',#13856,#13857);
#13856 = CARTESIAN_POINT('',(-79.8,-10.85,151.));
#13857 = VECTOR('',#13858,1.);
#13858 = DIRECTION('',(1.,0.,0.));
#13859 = PCURVE('',#6403,#13860);
#13860 = DEFINITIONAL_REPRESENTATION('',(#13861),#13865);
#13861 = LINE('',#13862,#13863);
#13862 = CARTESIAN_POINT('',(0.,8.));
#13863 = VECTOR('',#13864,1.);
#13864 = DIRECTION('',(1.,0.));
#13865 = ( GEOMETRIC_REPRESENTATION_CONTEXT(2) 
PARAMETRIC_REPRESENTATION_CONTEXT() REPRESENTATION_CONTEXT('2D SPACE',''
  ) );
#13866 = PCURVE('',#6943,#13867);
#13867 = DEFINITIONAL_REPRESENTATION('',(#13868),#13872);
#13868 = LINE('',#13869,#13870);
#13869 = CARTESIAN_POINT('',(4.,0.));
#13870 = VECTOR('',#13871,1.);
#13871 = DIRECTION('',(0.,1.));
#13872 = ( GEOMETRIC_REPRESENTATION_CONTEXT(2) 
PARAMETRIC_REPRESENTATION_CONTEXT() REPRESENTATION_CONTEXT('2D SPACE',''
  ) );
#13873 = ORIENTED_EDGE('',*,*,#13874,.T.);
#13874 = EDGE_CURVE('',#13852,#13875,#13877,.T.);
#13875 = VERTEX_POINT('',#13876);
#13876 = CARTESIAN_POINT('',(39.938447187191,-10.85,151.));
#13877 = SURFACE_CURVE('',#13878,(#13883,#13890),.PCURVE_S1.);
#13878 = CIRCLE('',#13879,4.5);
#13879 = AXIS2_PLACEMENT_3D('',#13880,#13881,#13882);
#13880 = CARTESIAN_POINT('',(42.,-14.85,151.));
#13881 = DIRECTION('',(0.,0.,1.));
#13882 = DIRECTION('',(1.,0.,0.));
#13883 = PCURVE('',#6403,#13884);
#13884 = DEFINITIONAL_REPRESENTATION('',(#13885),#13889);
#13885 = CIRCLE('',#13886,4.5);
#13886 = AXIS2_PLACEMENT_2D('',#13887,#13888);
#13887 = CARTESIAN_POINT('',(121.8,4.));
#13888 = DIRECTION('',(1.,0.));
#13889 = ( GEOMETRIC_REPRESENTATION_CONTEXT(2) 
PARAMETRIC_REPRESENTATION_CONTEXT() REPRESENTATION_CONTEXT('2D SPACE',''
  ) );
#13890 = PCURVE('',#13891,#13896);
#13891 = CYLINDRICAL_SURFACE('',#13892,4.5);
#13892 = AXIS2_PLACEMENT_3D('',#13893,#13894,#13895);
#13893 = CARTESIAN_POINT('',(42.,-14.85,143.));
#13894 = DIRECTION('',(-0.,-0.,-1.));
#13895 = DIRECTION('',(1.,0.,0.));
#13896 = DEFINITIONAL_REPRESENTATION('',(#13897),#13901);
#13897 = LINE('',#13898,#13899);
#13898 = CARTESIAN_POINT('',(-0.,-8.));
#13899 = VECTOR('',#13900,1.);
#13900 = DIRECTION('',(-1.,0.));
#13901 = ( GEOMETRIC_REPRESENTATION_CONTEXT(2) 
PARAMETRIC_REPRESENTATION_CONTEXT() REPRESENTATION_CONTEXT('2D SPACE',''
  ) );
#13902 = ORIENTED_EDGE('',*,*,#13903,.F.);
#13903 = EDGE_CURVE('',#13904,#13875,#13906,.T.);
#13904 = VERTEX_POINT('',#13905);
#13905 = CARTESIAN_POINT('',(-39.93844718719,-10.85,151.));
#13906 = SURFACE_CURVE('',#13907,(#13911,#13918),.PCURVE_S1.);
#13907 = LINE('',#13908,#13909);
#13908 = CARTESIAN_POINT('',(-79.8,-10.85,151.));
#13909 = VECTOR('',#13910,1.);
#13910 = DIRECTION('',(1.,0.,0.));
#13911 = PCURVE('',#6403,#13912);
#13912 = DEFINITIONAL_REPRESENTATION('',(#13913),#13917);
#13913 = LINE('',#13914,#13915);
#13914 = CARTESIAN_POINT('',(0.,8.));
#13915 = VECTOR('',#13916,1.);
#13916 = DIRECTION('',(1.,0.));
#13917 = ( GEOMETRIC_REPRESENTATION_CONTEXT(2) 
PARAMETRIC_REPRESENTATION_CONTEXT() REPRESENTATION_CONTEXT('2D SPACE',''
  ) );
#13918 = PCURVE('',#13919,#13924);
#13919 = PLANE('',#13920);
#13920 = AXIS2_PLACEMENT_3D('',#13921,#13922,#13923);
#13921 = CARTESIAN_POINT('',(-79.8,-10.85,147.));
#13922 = DIRECTION('',(0.,1.,0.));
#13923 = DIRECTION('',(0.,0.,1.));
#13924 = DEFINITIONAL_REPRESENTATION('',(#13925),#13929);
#13925 = LINE('',#13926,#13927);
#13926 = CARTESIAN_POINT('',(4.,0.));
#13927 = VECTOR('',#13928,1.);
#13928 = DIRECTION('',(0.,1.));
#13929 = ( GEOMETRIC_REPRESENTATION_CONTEXT(2) 
PARAMETRIC_REPRESENTATION_CONTEXT() REPRESENTATION_CONTEXT('2D SPACE',''
  ) );
#13930 = ORIENTED_EDGE('',*,*,#13931,.T.);
#13931 = EDGE_CURVE('',#13904,#13760,#13932,.T.);
#13932 = SURFACE_CURVE('',#13933,(#13938,#13945),.PCURVE_S1.);
#13933 = CIRCLE('',#13934,4.5);
#13934 = AXIS2_PLACEMENT_3D('',#13935,#13936,#13937);
#13935 = CARTESIAN_POINT('',(-42.,-14.85,151.));
#13936 = DIRECTION('',(0.,0.,1.));
#13937 = DIRECTION('',(1.,0.,0.));
#13938 = PCURVE('',#6403,#13939);
#13939 = DEFINITIONAL_REPRESENTATION('',(#13940),#13944);
#13940 = CIRCLE('',#13941,4.5);
#13941 = AXIS2_PLACEMENT_2D('',#13942,#13943);
#13942 = CARTESIAN_POINT('',(37.8,4.));
#13943 = DIRECTION('',(1.,0.));
#13944 = ( GEOMETRIC_REPRESENTATION_CONTEXT(2) 
PARAMETRIC_REPRESENTATION_CONTEXT() REPRESENTATION_CONTEXT('2D SPACE',''
  ) );
#13945 = PCURVE('',#13742,#13946);
#13946 = DEFINITIONAL_REPRESENTATION('',(#13947),#13951);
#13947 = LINE('',#13948,#13949);
#13948 = CARTESIAN_POINT('',(-0.,-8.));
#13949 = VECTOR('',#13950,1.);
#13950 = DIRECTION('',(-1.,0.));
#13951 = ( GEOMETRIC_REPRESENTATION_CONTEXT(2) 
PARAMETRIC_REPRESENTATION_CONTEXT() REPRESENTATION_CONTEXT('2D SPACE',''
  ) );
#13952 = ORIENTED_EDGE('',*,*,#13759,.F.);
#13953 = ORIENTED_EDGE('',*,*,#6388,.T.);
#13954 = ORIENTED_EDGE('',*,*,#13806,.T.);
#13955 = ORIENTED_EDGE('',*,*,#13956,.T.);
#13956 = EDGE_CURVE('',#13807,#13957,#13959,.T.);
#13957 = VERTEX_POINT('',#13958);
#13958 = CARTESIAN_POINT('',(-39.93844718719,-18.85,151.));
#13959 = SURFACE_CURVE('',#13960,(#13965,#13972),.PCURVE_S1.);
#13960 = CIRCLE('',#13961,4.5);
#13961 = AXIS2_PLACEMENT_3D('',#13962,#13963,#13964);
#13962 = CARTESIAN_POINT('',(-42.,-14.85,151.));
#13963 = DIRECTION('',(0.,0.,1.));
#13964 = DIRECTION('',(1.,0.,0.));
#13965 = PCURVE('',#6403,#13966);
#13966 = DEFINITIONAL_REPRESENTATION('',(#13967),#13971);
#13967 = CIRCLE('',#13968,4.5);
#13968 = AXIS2_PLACEMENT_2D('',#13969,#13970);
#13969 = CARTESIAN_POINT('',(37.8,4.));
#13970 = DIRECTION('',(1.,0.));
#13971 = ( GEOMETRIC_REPRESENTATION_CONTEXT(2) 
PARAMETRIC_REPRESENTATION_CONTEXT() REPRESENTATION_CONTEXT('2D SPACE',''
  ) );
#13972 = PCURVE('',#13742,#13973);
#13973 = DEFINITIONAL_REPRESENTATION('',(#13974),#13978);
#13974 = LINE('',#13975,#13976);
#13975 = CARTESIAN_POINT('',(-0.,-8.));
#13976 = VECTOR('',#13977,1.);
#13977 = DIRECTION('',(-1.,0.));
#13978 = ( GEOMETRIC_REPRESENTATION_CONTEXT(2) 
PARAMETRIC_REPRESENTATION_CONTEXT() REPRESENTATION_CONTEXT('2D SPACE',''
  ) );
#13979 = ORIENTED_EDGE('',*,*,#13980,.T.);
#13980 = EDGE_CURVE('',#13957,#13981,#13983,.T.);
#13981 = VERTEX_POINT('',#13982);
#13982 = CARTESIAN_POINT('',(39.938447187191,-18.85,151.));
#13983 = SURFACE_CURVE('',#13984,(#13988,#13995),.PCURVE_S1.);
#13984 = LINE('',#13985,#13986);
#13985 = CARTESIAN_POINT('',(-79.8,-18.85,151.));
#13986 = VECTOR('',#13987,1.);
#13987 = DIRECTION('',(1.,0.,0.));
#13988 = PCURVE('',#6403,#13989);
#13989 = DEFINITIONAL_REPRESENTATION('',(#13990),#13994);
#13990 = LINE('',#13991,#13992);
#13991 = CARTESIAN_POINT('',(0.,0.));
#13992 = VECTOR('',#13993,1.);
#13993 = DIRECTION('',(1.,0.));
#13994 = ( GEOMETRIC_REPRESENTATION_CONTEXT(2) 
PARAMETRIC_REPRESENTATION_CONTEXT() REPRESENTATION_CONTEXT('2D SPACE',''
  ) );
#13995 = PCURVE('',#13996,#14001);
#13996 = PLANE('',#13997);
#13997 = AXIS2_PLACEMENT_3D('',#13998,#13999,#14000);
#13998 = CARTESIAN_POINT('',(-79.8,-18.85,147.));
#13999 = DIRECTION('',(0.,1.,0.));
#14000 = DIRECTION('',(0.,0.,1.));
#14001 = DEFINITIONAL_REPRESENTATION('',(#14002),#14006);
#14002 = LINE('',#14003,#14004);
#14003 = CARTESIAN_POINT('',(4.,0.));
#14004 = VECTOR('',#14005,1.);
#14005 = DIRECTION('',(0.,1.));
#14006 = ( GEOMETRIC_REPRESENTATION_CONTEXT(2) 
PARAMETRIC_REPRESENTATION_CONTEXT() REPRESENTATION_CONTEXT('2D SPACE',''
  ) );
#14007 = ORIENTED_EDGE('',*,*,#14008,.T.);
#14008 = EDGE_CURVE('',#13981,#14009,#14011,.T.);
#14009 = VERTEX_POINT('',#14010);
#14010 = CARTESIAN_POINT('',(44.061552812809,-18.85,151.));
#14011 = SURFACE_CURVE('',#14012,(#14017,#14024),.PCURVE_S1.);
#14012 = CIRCLE('',#14013,4.5);
#14013 = AXIS2_PLACEMENT_3D('',#14014,#14015,#14016);
#14014 = CARTESIAN_POINT('',(42.,-14.85,151.));
#14015 = DIRECTION('',(0.,0.,1.));
#14016 = DIRECTION('',(1.,0.,0.));
#14017 = PCURVE('',#6403,#14018);
#14018 = DEFINITIONAL_REPRESENTATION('',(#14019),#14023);
#14019 = CIRCLE('',#14020,4.5);
#14020 = AXIS2_PLACEMENT_2D('',#14021,#14022);
#14021 = CARTESIAN_POINT('',(121.8,4.));
#14022 = DIRECTION('',(1.,0.));
#14023 = ( GEOMETRIC_REPRESENTATION_CONTEXT(2) 
PARAMETRIC_REPRESENTATION_CONTEXT() REPRESENTATION_CONTEXT('2D SPACE',''
  ) );
#14024 = PCURVE('',#13891,#14025);
#14025 = DEFINITIONAL_REPRESENTATION('',(#14026),#14030);
#14026 = LINE('',#14027,#14028);
#14027 = CARTESIAN_POINT('',(-0.,-8.));
#14028 = VECTOR('',#14029,1.);
#14029 = DIRECTION('',(-1.,0.));
#14030 = ( GEOMETRIC_REPRESENTATION_CONTEXT(2) 
PARAMETRIC_REPRESENTATION_CONTEXT() REPRESENTATION_CONTEXT('2D SPACE',''
  ) );
#14031 = ORIENTED_EDGE('',*,*,#14032,.T.);
#14032 = EDGE_CURVE('',#14009,#6883,#14033,.T.);
#14033 = SURFACE_CURVE('',#14034,(#14038,#14045),.PCURVE_S1.);
#14034 = LINE('',#14035,#14036);
#14035 = CARTESIAN_POINT('',(-79.8,-18.85,151.));
#14036 = VECTOR('',#14037,1.);
#14037 = DIRECTION('',(1.,0.,0.));
#14038 = PCURVE('',#6403,#14039);
#14039 = DEFINITIONAL_REPRESENTATION('',(#14040),#14044);
#14040 = LINE('',#14041,#14042);
#14041 = CARTESIAN_POINT('',(0.,0.));
#14042 = VECTOR('',#14043,1.);
#14043 = DIRECTION('',(1.,0.));
#14044 = ( GEOMETRIC_REPRESENTATION_CONTEXT(2) 
PARAMETRIC_REPRESENTATION_CONTEXT() REPRESENTATION_CONTEXT('2D SPACE',''
  ) );
#14045 = PCURVE('',#6897,#14046);
#14046 = DEFINITIONAL_REPRESENTATION('',(#14047),#14051);
#14047 = LINE('',#14048,#14049);
#14048 = CARTESIAN_POINT('',(4.,0.));
#14049 = VECTOR('',#14050,1.);
#14050 = DIRECTION('',(0.,1.));
#14051 = ( GEOMETRIC_REPRESENTATION_CONTEXT(2) 
PARAMETRIC_REPRESENTATION_CONTEXT() REPRESENTATION_CONTEXT('2D SPACE',''
  ) );
#14052 = ORIENTED_EDGE('',*,*,#6908,.F.);
#14053 = FACE_BOUND('',#14054,.T.);
#14054 = EDGE_LOOP('',(#14055));
#14055 = ORIENTED_EDGE('',*,*,#14056,.T.);
#14056 = EDGE_CURVE('',#14057,#14057,#14059,.T.);
#14057 = VERTEX_POINT('',#14058);
#14058 = CARTESIAN_POINT('',(-39.9,-14.85,151.));
#14059 = SURFACE_CURVE('',#14060,(#14065,#14076),.PCURVE_S1.);
#14060 = CIRCLE('',#14061,2.1);
#14061 = AXIS2_PLACEMENT_3D('',#14062,#14063,#14064);
#14062 = CARTESIAN_POINT('',(-42.,-14.85,151.));
#14063 = DIRECTION('',(0.,0.,-1.));
#14064 = DIRECTION('',(1.,0.,0.));
#14065 = PCURVE('',#6403,#14066);
#14066 = DEFINITIONAL_REPRESENTATION('',(#14067),#14075);
#14067 = ( BOUNDED_CURVE() B_SPLINE_CURVE(2,(#14068,#14069,#14070,#14071
    ,#14072,#14073,#14074),.UNSPECIFIED.,.T.,.F.) 
B_SPLINE_CURVE_WITH_KNOTS((1,2,2,2,2,1),(-2.094395102393,0.,
    2.094395102393,4.188790204786,6.28318530718,8.377580409573),
.UNSPECIFIED.) CURVE() GEOMETRIC_REPRESENTATION_ITEM() 
RATIONAL_B_SPLINE_CURVE((1.,0.5,1.,0.5,1.,0.5,1.)) REPRESENTATION_ITEM(
  '') );
#14068 = CARTESIAN_POINT('',(39.9,4.));
#14069 = CARTESIAN_POINT('',(39.9,0.362693304105));
#14070 = CARTESIAN_POINT('',(36.75,2.181346652053));
#14071 = CARTESIAN_POINT('',(33.6,4.));
#14072 = CARTESIAN_POINT('',(36.75,5.818653347947));
#14073 = CARTESIAN_POINT('',(39.9,7.637306695895));
#14074 = CARTESIAN_POINT('',(39.9,4.));
#14075 = ( GEOMETRIC_REPRESENTATION_CONTEXT(2) 
PARAMETRIC_REPRESENTATION_CONTEXT() REPRESENTATION_CONTEXT('2D SPACE',''
  ) );
#14076 = PCURVE('',#14077,#14082);
#14077 = CYLINDRICAL_SURFACE('',#14078,2.1);
#14078 = AXIS2_PLACEMENT_3D('',#14079,#14080,#14081);
#14079 = CARTESIAN_POINT('',(-42.,-14.85,145.2));
#14080 = DIRECTION('',(-0.,-0.,-1.));
#14081 = DIRECTION('',(1.,0.,0.));
#14082 = DEFINITIONAL_REPRESENTATION('',(#14083),#14087);
#14083 = LINE('',#14084,#14085);
#14084 = CARTESIAN_POINT('',(-6.28318530718,-5.8));
#14085 = VECTOR('',#14086,1.);
#14086 = DIRECTION('',(1.,-0.));
#14087 = ( GEOMETRIC_REPRESENTATION_CONTEXT(2) 
PARAMETRIC_REPRESENTATION_CONTEXT() REPRESENTATION_CONTEXT('2D SPACE',''
  ) );
#14088 = FACE_BOUND('',#14089,.T.);
#14089 = EDGE_LOOP('',(#14090));
#14090 = ORIENTED_EDGE('',*,*,#14091,.T.);
#14091 = EDGE_CURVE('',#14092,#14092,#14094,.T.);
#14092 = VERTEX_POINT('',#14093);
#14093 = CARTESIAN_POINT('',(44.1,-14.85,151.));
#14094 = SURFACE_CURVE('',#14095,(#14100,#14111),.PCURVE_S1.);
#14095 = CIRCLE('',#14096,2.1);
#14096 = AXIS2_PLACEMENT_3D('',#14097,#14098,#14099);
#14097 = CARTESIAN_POINT('',(42.,-14.85,151.));
#14098 = DIRECTION('',(0.,0.,-1.));
#14099 = DIRECTION('',(1.,0.,0.));
#14100 = PCURVE('',#6403,#14101);
#14101 = DEFINITIONAL_REPRESENTATION('',(#14102),#14110);
#14102 = ( BOUNDED_CURVE() B_SPLINE_CURVE(2,(#14103,#14104,#14105,#14106
    ,#14107,#14108,#14109),.UNSPECIFIED.,.T.,.F.) 
B_SPLINE_CURVE_WITH_KNOTS((1,2,2,2,2,1),(-2.094395102393,0.,
    2.094395102393,4.188790204786,6.28318530718,8.377580409573),
.UNSPECIFIED.) CURVE() GEOMETRIC_REPRESENTATION_ITEM() 
RATIONAL_B_SPLINE_CURVE((1.,0.5,1.,0.5,1.,0.5,1.)) REPRESENTATION_ITEM(
  '') );
#14103 = CARTESIAN_POINT('',(123.9,4.));
#14104 = CARTESIAN_POINT('',(123.9,0.362693304105));
#14105 = CARTESIAN_POINT('',(120.75,2.181346652053));
#14106 = CARTESIAN_POINT('',(117.6,4.));
#14107 = CARTESIAN_POINT('',(120.75,5.818653347947));
#14108 = CARTESIAN_POINT('',(123.9,7.637306695895));
#14109 = CARTESIAN_POINT('',(123.9,4.));
#14110 = ( GEOMETRIC_REPRESENTATION_CONTEXT(2) 
PARAMETRIC_REPRESENTATION_CONTEXT() REPRESENTATION_CONTEXT('2D SPACE',''
  ) );
#14111 = PCURVE('',#14112,#14117);
#14112 = CYLINDRICAL_SURFACE('',#14113,2.1);
#14113 = AXIS2_PLACEMENT_3D('',#14114,#14115,#14116);
#14114 = CARTESIAN_POINT('',(42.,-14.85,145.2));
#14115 = DIRECTION('',(-0.,-0.,-1.));
#14116 = DIRECTION('',(1.,0.,0.));
#14117 = DEFINITIONAL_REPRESENTATION('',(#14118),#14122);
#14118 = LINE('',#14119,#14120);
#14119 = CARTESIAN_POINT('',(-6.28318530718,-5.8));
#14120 = VECTOR('',#14121,1.);
#14121 = DIRECTION('',(1.,-0.));
#14122 = ( GEOMETRIC_REPRESENTATION_CONTEXT(2) 
PARAMETRIC_REPRESENTATION_CONTEXT() REPRESENTATION_CONTEXT('2D SPACE',''
  ) );
#14123 = ADVANCED_FACE('',(#14124),#6462,.T.);
#14124 = FACE_BOUND('',#14125,.T.);
#14125 = EDGE_LOOP('',(#14126,#14127,#14150,#14177));
#14126 = ORIENTED_EDGE('',*,*,#6441,.F.);
#14127 = ORIENTED_EDGE('',*,*,#14128,.F.);
#14128 = EDGE_CURVE('',#14129,#6442,#14131,.T.);
#14129 = VERTEX_POINT('',#14130);
#14130 = CARTESIAN_POINT('',(-76.05,-25.,150.9));
#14131 = SEAM_CURVE('',#14132,(#14136,#14143),.PCURVE_S1.);
#14132 = LINE('',#14133,#14134);
#14133 = CARTESIAN_POINT('',(-76.05,-25.,150.9));
#14134 = VECTOR('',#14135,1.);
#14135 = DIRECTION('',(-1.,0.,0.));
#14136 = PCURVE('',#6462,#14137);
#14137 = DEFINITIONAL_REPRESENTATION('',(#14138),#14142);
#14138 = LINE('',#14139,#14140);
#14139 = CARTESIAN_POINT('',(6.28318530718,-0.));
#14140 = VECTOR('',#14141,1.);
#14141 = DIRECTION('',(0.,1.));
#14142 = ( GEOMETRIC_REPRESENTATION_CONTEXT(2) 
PARAMETRIC_REPRESENTATION_CONTEXT() REPRESENTATION_CONTEXT('2D SPACE',''
  ) );
#14143 = PCURVE('',#6462,#14144);
#14144 = DEFINITIONAL_REPRESENTATION('',(#14145),#14149);
#14145 = LINE('',#14146,#14147);
#14146 = CARTESIAN_POINT('',(0.,-0.));
#14147 = VECTOR('',#14148,1.);
#14148 = DIRECTION('',(0.,1.));
#14149 = ( GEOMETRIC_REPRESENTATION_CONTEXT(2) 
PARAMETRIC_REPRESENTATION_CONTEXT() REPRESENTATION_CONTEXT('2D SPACE',''
  ) );
#14150 = ORIENTED_EDGE('',*,*,#14151,.T.);
#14151 = EDGE_CURVE('',#14129,#14129,#14152,.T.);
#14152 = SURFACE_CURVE('',#14153,(#14158,#14165),.PCURVE_S1.);
#14153 = CIRCLE('',#14154,5.1);
#14154 = AXIS2_PLACEMENT_3D('',#14155,#14156,#14157);
#14155 = CARTESIAN_POINT('',(-76.05,-25.,156.));
#14156 = DIRECTION('',(-1.,0.,0.));
#14157 = DIRECTION('',(0.,0.,-1.));
#14158 = PCURVE('',#6462,#14159);
#14159 = DEFINITIONAL_REPRESENTATION('',(#14160),#14164);
#14160 = LINE('',#14161,#14162);
#14161 = CARTESIAN_POINT('',(0.,0.));
#14162 = VECTOR('',#14163,1.);
#14163 = DIRECTION('',(1.,0.));
#14164 = ( GEOMETRIC_REPRESENTATION_CONTEXT(2) 
PARAMETRIC_REPRESENTATION_CONTEXT() REPRESENTATION_CONTEXT('2D SPACE',''
  ) );
#14165 = PCURVE('',#14166,#14171);
#14166 = PLANE('',#14167);
#14167 = AXIS2_PLACEMENT_3D('',#14168,#14169,#14170);
#14168 = CARTESIAN_POINT('',(-76.05,-25.,156.));
#14169 = DIRECTION('',(-1.,0.,0.));
#14170 = DIRECTION('',(0.,0.,-1.));
#14171 = DEFINITIONAL_REPRESENTATION('',(#14172),#14176);
#14172 = CIRCLE('',#14173,5.1);
#14173 = AXIS2_PLACEMENT_2D('',#14174,#14175);
#14174 = CARTESIAN_POINT('',(0.,0.));
#14175 = DIRECTION('',(1.,0.));
#14176 = ( GEOMETRIC_REPRESENTATION_CONTEXT(2) 
PARAMETRIC_REPRESENTATION_CONTEXT() REPRESENTATION_CONTEXT('2D SPACE',''
  ) );
#14177 = ORIENTED_EDGE('',*,*,#14128,.T.);
#14178 = ADVANCED_FACE('',(#14179),#6780,.F.);
#14179 = FACE_BOUND('',#14180,.F.);
#14180 = EDGE_LOOP('',(#14181,#14182,#14208,#14209));
#14181 = ORIENTED_EDGE('',*,*,#6765,.T.);
#14182 = ORIENTED_EDGE('',*,*,#14183,.F.);
#14183 = EDGE_CURVE('',#8445,#6740,#14184,.T.);
#14184 = SURFACE_CURVE('',#14185,(#14190,#14201),.PCURVE_S1.);
#14185 = CIRCLE('',#14186,4.1);
#14186 = AXIS2_PLACEMENT_3D('',#14187,#14188,#14189);
#14187 = CARTESIAN_POINT('',(76.8,10.,119.8));
#14188 = DIRECTION('',(0.,0.,-1.));
#14189 = DIRECTION('',(0.609756097561,0.792589112647,0.));
#14190 = PCURVE('',#6780,#14191);
#14191 = DEFINITIONAL_REPRESENTATION('',(#14192),#14200);
#14192 = ( BOUNDED_CURVE() B_SPLINE_CURVE(2,(#14193,#14194,#14195,#14196
    ,#14197,#14198,#14199),.UNSPECIFIED.,.T.,.F.) 
B_SPLINE_CURVE_WITH_KNOTS((1,2,2,2,2,1),(-2.094395102393,0.,
    2.094395102393,4.188790204786,6.28318530718,8.377580409573),
.UNSPECIFIED.) CURVE() GEOMETRIC_REPRESENTATION_ITEM() 
RATIONAL_B_SPLINE_CURVE((1.,0.5,1.,0.5,1.,0.5,1.)) REPRESENTATION_ITEM(
  '') );
#14193 = CARTESIAN_POINT('',(2.5,3.249615361854));
#14194 = CARTESIAN_POINT('',(8.128498911788,-1.080511657068));
#14195 = CARTESIAN_POINT('',(1.564249455894,-3.789871190388));
#14196 = CARTESIAN_POINT('',(-5.,-6.499230723709));
#14197 = CARTESIAN_POINT('',(-4.064249455894,0.540255828534));
#14198 = CARTESIAN_POINT('',(-3.128498911788,7.579742380777));
#14199 = CARTESIAN_POINT('',(2.5,3.249615361854));
#14200 = ( GEOMETRIC_REPRESENTATION_CONTEXT(2) 
PARAMETRIC_REPRESENTATION_CONTEXT() REPRESENTATION_CONTEXT('2D SPACE',''
  ) );
#14201 = PCURVE('',#6754,#14202);
#14202 = DEFINITIONAL_REPRESENTATION('',(#14203),#14207);
#14203 = LINE('',#14204,#14205);
#14204 = CARTESIAN_POINT('',(7.198228808217,3.4));
#14205 = VECTOR('',#14206,1.);
#14206 = DIRECTION('',(-1.,-0.));
#14207 = ( GEOMETRIC_REPRESENTATION_CONTEXT(2) 
PARAMETRIC_REPRESENTATION_CONTEXT() REPRESENTATION_CONTEXT('2D SPACE',''
  ) );
#14208 = ORIENTED_EDGE('',*,*,#8444,.T.);
#14209 = ORIENTED_EDGE('',*,*,#8587,.T.);
#14210 = ADVANCED_FACE('',(#14211),#6754,.F.);
#14211 = FACE_BOUND('',#14212,.F.);
#14212 = EDGE_LOOP('',(#14213,#14214,#14237,#14258,#14291,#14312,#14333,
    #14334));
#14213 = ORIENTED_EDGE('',*,*,#6739,.F.);
#14214 = ORIENTED_EDGE('',*,*,#14215,.F.);
#14215 = EDGE_CURVE('',#14216,#6714,#14218,.T.);
#14216 = VERTEX_POINT('',#14217);
#14217 = CARTESIAN_POINT('',(77.5,5.960198024655,117.4));
#14218 = SURFACE_CURVE('',#14219,(#14224,#14230),.PCURVE_S1.);
#14219 = CIRCLE('',#14220,4.1);
#14220 = AXIS2_PLACEMENT_3D('',#14221,#14222,#14223);
#14221 = CARTESIAN_POINT('',(76.8,10.,117.4));
#14222 = DIRECTION('',(0.,0.,1.));
#14223 = DIRECTION('',(1.,0.,-0.));
#14224 = PCURVE('',#6754,#14225);
#14225 = DEFINITIONAL_REPRESENTATION('',(#14226),#14229);
#14226 = B_SPLINE_CURVE_WITH_KNOTS('',1,(#14227,#14228),.UNSPECIFIED.,
  .F.,.F.,(2,2),(4.883961212467,5.368141806142),
  .PIECEWISE_BEZIER_KNOTS.);
#14227 = CARTESIAN_POINT('',(4.883961212467,1.));
#14228 = CARTESIAN_POINT('',(5.368141806142,1.));
#14229 = ( GEOMETRIC_REPRESENTATION_CONTEXT(2) 
PARAMETRIC_REPRESENTATION_CONTEXT() REPRESENTATION_CONTEXT('2D SPACE',''
  ) );
#14230 = PCURVE('',#6728,#14231);
#14231 = DEFINITIONAL_REPRESENTATION('',(#14232),#14236);
#14232 = CIRCLE('',#14233,4.1);
#14233 = AXIS2_PLACEMENT_2D('',#14234,#14235);
#14234 = CARTESIAN_POINT('',(-0.7,76.));
#14235 = DIRECTION('',(1.,0.));
#14236 = ( GEOMETRIC_REPRESENTATION_CONTEXT(2) 
PARAMETRIC_REPRESENTATION_CONTEXT() REPRESENTATION_CONTEXT('2D SPACE',''
  ) );
#14237 = ORIENTED_EDGE('',*,*,#14238,.F.);
#14238 = EDGE_CURVE('',#14239,#14216,#14241,.T.);
#14239 = VERTEX_POINT('',#14240);
#14240 = CARTESIAN_POINT('',(77.5,5.960198024655,116.4));
#14241 = SURFACE_CURVE('',#14242,(#14246,#14252),.PCURVE_S1.);
#14242 = LINE('',#14243,#14244);
#14243 = CARTESIAN_POINT('',(77.5,5.960198024655,116.4));
#14244 = VECTOR('',#14245,1.);
#14245 = DIRECTION('',(0.,0.,1.));
#14246 = PCURVE('',#6754,#14247);
#14247 = DEFINITIONAL_REPRESENTATION('',(#14248),#14251);
#14248 = B_SPLINE_CURVE_WITH_KNOTS('',1,(#14249,#14250),.UNSPECIFIED.,
  .F.,.F.,(2,2),(0.,1.),.PIECEWISE_BEZIER_KNOTS.);
#14249 = CARTESIAN_POINT('',(4.883961212467,0.));
#14250 = CARTESIAN_POINT('',(4.883961212467,1.));
#14251 = ( GEOMETRIC_REPRESENTATION_CONTEXT(2) 
PARAMETRIC_REPRESENTATION_CONTEXT() REPRESENTATION_CONTEXT('2D SPACE',''
  ) );
#14252 = PCURVE('',#8966,#14253);
#14253 = DEFINITIONAL_REPRESENTATION('',(#14254),#14257);
#14254 = B_SPLINE_CURVE_WITH_KNOTS('',1,(#14255,#14256),.UNSPECIFIED.,
  .F.,.F.,(2,2),(-6.000000070117E-07,2.2),.PIECEWISE_BEZIER_KNOTS.);
#14255 = CARTESIAN_POINT('',(10.9999994,-71.96019802465));
#14256 = CARTESIAN_POINT('',(13.2,-71.96019802465));
#14257 = ( GEOMETRIC_REPRESENTATION_CONTEXT(2) 
PARAMETRIC_REPRESENTATION_CONTEXT() REPRESENTATION_CONTEXT('2D SPACE',''
  ) );
#14258 = ORIENTED_EDGE('',*,*,#14259,.F.);
#14259 = EDGE_CURVE('',#14260,#14239,#14262,.T.);
#14260 = VERTEX_POINT('',#14261);
#14261 = CARTESIAN_POINT('',(77.5,14.039801975345,116.4));
#14262 = SURFACE_CURVE('',#14263,(#14268,#14275),.PCURVE_S1.);
#14263 = CIRCLE('',#14264,4.1);
#14264 = AXIS2_PLACEMENT_3D('',#14265,#14266,#14267);
#14265 = CARTESIAN_POINT('',(76.8,10.,116.4));
#14266 = DIRECTION('',(0.,0.,-1.));
#14267 = DIRECTION('',(0.170731707317,0.985317554962,0.));
#14268 = PCURVE('',#6754,#14269);
#14269 = DEFINITIONAL_REPRESENTATION('',(#14270),#14274);
#14270 = LINE('',#14271,#14272);
#14271 = CARTESIAN_POINT('',(7.682409401892,0.));
#14272 = VECTOR('',#14273,1.);
#14273 = DIRECTION('',(-1.,-0.));
#14274 = ( GEOMETRIC_REPRESENTATION_CONTEXT(2) 
PARAMETRIC_REPRESENTATION_CONTEXT() REPRESENTATION_CONTEXT('2D SPACE',''
  ) );
#14275 = PCURVE('',#14276,#14281);
#14276 = PLANE('',#14277);
#14277 = AXIS2_PLACEMENT_3D('',#14278,#14279,#14280);
#14278 = CARTESIAN_POINT('',(76.8,10.,116.4));
#14279 = DIRECTION('',(0.,0.,1.));
#14280 = DIRECTION('',(1.,0.,-0.));
#14281 = DEFINITIONAL_REPRESENTATION('',(#14282),#14290);
#14282 = ( BOUNDED_CURVE() B_SPLINE_CURVE(2,(#14283,#14284,#14285,#14286
    ,#14287,#14288,#14289),.UNSPECIFIED.,.T.,.F.) 
B_SPLINE_CURVE_WITH_KNOTS((1,2,2,2,2,1),(-2.094395102393,0.,
    2.094395102393,4.188790204786,6.28318530718,8.377580409573),
.UNSPECIFIED.) CURVE() GEOMETRIC_REPRESENTATION_ITEM() 
RATIONAL_B_SPLINE_CURVE((1.,0.5,1.,0.5,1.,0.5,1.)) REPRESENTATION_ITEM(
  '') );
#14283 = CARTESIAN_POINT('',(0.7,4.039801975345));
#14284 = CARTESIAN_POINT('',(7.697142273814,2.827366410047));
#14285 = CARTESIAN_POINT('',(3.148571136907,-2.626118770321));
#14286 = CARTESIAN_POINT('',(-1.4,-8.07960395069));
#14287 = CARTESIAN_POINT('',(-3.848571136907,-1.413683205023));
#14288 = CARTESIAN_POINT('',(-6.297142273815,5.252237540643));
#14289 = CARTESIAN_POINT('',(0.7,4.039801975345));
#14290 = ( GEOMETRIC_REPRESENTATION_CONTEXT(2) 
PARAMETRIC_REPRESENTATION_CONTEXT() REPRESENTATION_CONTEXT('2D SPACE',''
  ) );
#14291 = ORIENTED_EDGE('',*,*,#14292,.T.);
#14292 = EDGE_CURVE('',#14260,#14293,#14295,.T.);
#14293 = VERTEX_POINT('',#14294);
#14294 = CARTESIAN_POINT('',(77.5,14.039801975345,117.4));
#14295 = SURFACE_CURVE('',#14296,(#14300,#14306),.PCURVE_S1.);
#14296 = LINE('',#14297,#14298);
#14297 = CARTESIAN_POINT('',(77.5,14.039801975345,116.4));
#14298 = VECTOR('',#14299,1.);
#14299 = DIRECTION('',(0.,0.,1.));
#14300 = PCURVE('',#6754,#14301);
#14301 = DEFINITIONAL_REPRESENTATION('',(#14302),#14305);
#14302 = B_SPLINE_CURVE_WITH_KNOTS('',1,(#14303,#14304),.UNSPECIFIED.,
  .F.,.F.,(2,2),(0.,1.),.PIECEWISE_BEZIER_KNOTS.);
#14303 = CARTESIAN_POINT('',(7.682409401892,0.));
#14304 = CARTESIAN_POINT('',(7.682409401892,1.));
#14305 = ( GEOMETRIC_REPRESENTATION_CONTEXT(2) 
PARAMETRIC_REPRESENTATION_CONTEXT() REPRESENTATION_CONTEXT('2D SPACE',''
  ) );
#14306 = PCURVE('',#8808,#14307);
#14307 = DEFINITIONAL_REPRESENTATION('',(#14308),#14311);
#14308 = B_SPLINE_CURVE_WITH_KNOTS('',1,(#14309,#14310),.UNSPECIFIED.,
  .F.,.F.,(2,2),(-6.000000070117E-07,2.2),.PIECEWISE_BEZIER_KNOTS.);
#14309 = CARTESIAN_POINT('',(10.9999994,-80.03980197534));
#14310 = CARTESIAN_POINT('',(13.2,-80.03980197534));
#14311 = ( GEOMETRIC_REPRESENTATION_CONTEXT(2) 
PARAMETRIC_REPRESENTATION_CONTEXT() REPRESENTATION_CONTEXT('2D SPACE',''
  ) );
#14312 = ORIENTED_EDGE('',*,*,#14313,.F.);
#14313 = EDGE_CURVE('',#8466,#14293,#14314,.T.);
#14314 = SURFACE_CURVE('',#14315,(#14320,#14326),.PCURVE_S1.);
#14315 = CIRCLE('',#14316,4.1);
#14316 = AXIS2_PLACEMENT_3D('',#14317,#14318,#14319);
#14317 = CARTESIAN_POINT('',(76.8,10.,117.4));
#14318 = DIRECTION('',(0.,0.,1.));
#14319 = DIRECTION('',(1.,0.,-0.));
#14320 = PCURVE('',#6754,#14321);
#14321 = DEFINITIONAL_REPRESENTATION('',(#14322),#14325);
#14322 = B_SPLINE_CURVE_WITH_KNOTS('',1,(#14323,#14324),.UNSPECIFIED.,
  .F.,.F.,(2,2),(0.915043501037,1.399224094712),
  .PIECEWISE_BEZIER_KNOTS.);
#14323 = CARTESIAN_POINT('',(7.198228808217,1.));
#14324 = CARTESIAN_POINT('',(7.682409401892,1.));
#14325 = ( GEOMETRIC_REPRESENTATION_CONTEXT(2) 
PARAMETRIC_REPRESENTATION_CONTEXT() REPRESENTATION_CONTEXT('2D SPACE',''
  ) );
#14326 = PCURVE('',#8501,#14327);
#14327 = DEFINITIONAL_REPRESENTATION('',(#14328),#14332);
#14328 = CIRCLE('',#14329,4.1);
#14329 = AXIS2_PLACEMENT_2D('',#14330,#14331);
#14330 = CARTESIAN_POINT('',(-0.7,76.));
#14331 = DIRECTION('',(1.,0.));
#14332 = ( GEOMETRIC_REPRESENTATION_CONTEXT(2) 
PARAMETRIC_REPRESENTATION_CONTEXT() REPRESENTATION_CONTEXT('2D SPACE',''
  ) );
#14333 = ORIENTED_EDGE('',*,*,#8465,.T.);
#14334 = ORIENTED_EDGE('',*,*,#14183,.T.);
#14335 = ADVANCED_FACE('',(#14336),#6728,.T.);
#14336 = FACE_BOUND('',#14337,.T.);
#14337 = EDGE_LOOP('',(#14338,#14339,#14340,#14363));
#14338 = ORIENTED_EDGE('',*,*,#6713,.F.);
#14339 = ORIENTED_EDGE('',*,*,#14215,.F.);
#14340 = ORIENTED_EDGE('',*,*,#14341,.F.);
#14341 = EDGE_CURVE('',#14342,#14216,#14344,.T.);
#14342 = VERTEX_POINT('',#14343);
#14343 = CARTESIAN_POINT('',(77.5,-45.96019802465,117.4));
#14344 = SURFACE_CURVE('',#14345,(#14349,#14356),.PCURVE_S1.);
#14345 = LINE('',#14346,#14347);
#14346 = CARTESIAN_POINT('',(77.5,-66.,117.4));
#14347 = VECTOR('',#14348,1.);
#14348 = DIRECTION('',(0.,1.,0.));
#14349 = PCURVE('',#6728,#14350);
#14350 = DEFINITIONAL_REPRESENTATION('',(#14351),#14355);
#14351 = LINE('',#14352,#14353);
#14352 = CARTESIAN_POINT('',(0.,0.));
#14353 = VECTOR('',#14354,1.);
#14354 = DIRECTION('',(0.,1.));
#14355 = ( GEOMETRIC_REPRESENTATION_CONTEXT(2) 
PARAMETRIC_REPRESENTATION_CONTEXT() REPRESENTATION_CONTEXT('2D SPACE',''
  ) );
#14356 = PCURVE('',#8966,#14357);
#14357 = DEFINITIONAL_REPRESENTATION('',(#14358),#14362);
#14358 = LINE('',#14359,#14360);
#14359 = CARTESIAN_POINT('',(12.,0.));
#14360 = VECTOR('',#14361,1.);
#14361 = DIRECTION('',(0.,-1.));
#14362 = ( GEOMETRIC_REPRESENTATION_CONTEXT(2) 
PARAMETRIC_REPRESENTATION_CONTEXT() REPRESENTATION_CONTEXT('2D SPACE',''
  ) );
#14363 = ORIENTED_EDGE('',*,*,#14364,.F.);
#14364 = EDGE_CURVE('',#6688,#14342,#14365,.T.);
#14365 = SURFACE_CURVE('',#14366,(#14371,#14378),.PCURVE_S1.);
#14366 = CIRCLE('',#14367,4.1);
#14367 = AXIS2_PLACEMENT_3D('',#14368,#14369,#14370);
#14368 = CARTESIAN_POINT('',(76.8,-50.,117.4));
#14369 = DIRECTION('',(0.,0.,1.));
#14370 = DIRECTION('',(1.,0.,-0.));
#14371 = PCURVE('',#6728,#14372);
#14372 = DEFINITIONAL_REPRESENTATION('',(#14373),#14377);
#14373 = CIRCLE('',#14374,4.1);
#14374 = AXIS2_PLACEMENT_2D('',#14375,#14376);
#14375 = CARTESIAN_POINT('',(-0.7,16.));
#14376 = DIRECTION('',(1.,0.));
#14377 = ( GEOMETRIC_REPRESENTATION_CONTEXT(2) 
PARAMETRIC_REPRESENTATION_CONTEXT() REPRESENTATION_CONTEXT('2D SPACE',''
  ) );
#14378 = PCURVE('',#6702,#14379);
#14379 = DEFINITIONAL_REPRESENTATION('',(#14380),#14383);
#14380 = B_SPLINE_CURVE_WITH_KNOTS('',1,(#14381,#14382),.UNSPECIFIED.,
  .F.,.F.,(2,2),(0.915043501037,1.399224094712),
  .PIECEWISE_BEZIER_KNOTS.);
#14381 = CARTESIAN_POINT('',(7.198228808217,1.));
#14382 = CARTESIAN_POINT('',(7.682409401892,1.));
#14383 = ( GEOMETRIC_REPRESENTATION_CONTEXT(2) 
PARAMETRIC_REPRESENTATION_CONTEXT() REPRESENTATION_CONTEXT('2D SPACE',''
  ) );
#14384 = ADVANCED_FACE('',(#14385),#6702,.F.);
#14385 = FACE_BOUND('',#14386,.F.);
#14386 = EDGE_LOOP('',(#14387,#14409,#14410,#14411,#14432,#14465,#14484,
    #14485));
#14387 = ORIENTED_EDGE('',*,*,#14388,.F.);
#14388 = EDGE_CURVE('',#7090,#6662,#14389,.T.);
#14389 = SURFACE_CURVE('',#14390,(#14395,#14402),.PCURVE_S1.);
#14390 = CIRCLE('',#14391,4.1);
#14391 = AXIS2_PLACEMENT_3D('',#14392,#14393,#14394);
#14392 = CARTESIAN_POINT('',(76.8,-50.,119.8));
#14393 = DIRECTION('',(-0.,0.,1.));
#14394 = DIRECTION('',(0.609756097561,-0.792589112647,0.));
#14395 = PCURVE('',#6702,#14396);
#14396 = DEFINITIONAL_REPRESENTATION('',(#14397),#14401);
#14397 = LINE('',#14398,#14399);
#14398 = CARTESIAN_POINT('',(5.368141806142,3.4));
#14399 = VECTOR('',#14400,1.);
#14400 = DIRECTION('',(1.,0.));
#14401 = ( GEOMETRIC_REPRESENTATION_CONTEXT(2) 
PARAMETRIC_REPRESENTATION_CONTEXT() REPRESENTATION_CONTEXT('2D SPACE',''
  ) );
#14402 = PCURVE('',#6676,#14403);
#14403 = DEFINITIONAL_REPRESENTATION('',(#14404),#14408);
#14404 = CIRCLE('',#14405,4.1);
#14405 = AXIS2_PLACEMENT_2D('',#14406,#14407);
#14406 = CARTESIAN_POINT('',(0.,0.));
#14407 = DIRECTION('',(0.609756097561,-0.792589112647));
#14408 = ( GEOMETRIC_REPRESENTATION_CONTEXT(2) 
PARAMETRIC_REPRESENTATION_CONTEXT() REPRESENTATION_CONTEXT('2D SPACE',''
  ) );
#14409 = ORIENTED_EDGE('',*,*,#7089,.F.);
#14410 = ORIENTED_EDGE('',*,*,#13308,.F.);
#14411 = ORIENTED_EDGE('',*,*,#14412,.F.);
#14412 = EDGE_CURVE('',#14413,#13309,#14415,.T.);
#14413 = VERTEX_POINT('',#14414);
#14414 = CARTESIAN_POINT('',(77.5,-54.03980197534,116.4));
#14415 = SURFACE_CURVE('',#14416,(#14420,#14426),.PCURVE_S1.);
#14416 = LINE('',#14417,#14418);
#14417 = CARTESIAN_POINT('',(77.5,-54.03980197534,116.4));
#14418 = VECTOR('',#14419,1.);
#14419 = DIRECTION('',(0.,0.,1.));
#14420 = PCURVE('',#6702,#14421);
#14421 = DEFINITIONAL_REPRESENTATION('',(#14422),#14425);
#14422 = B_SPLINE_CURVE_WITH_KNOTS('',1,(#14423,#14424),.UNSPECIFIED.,
  .F.,.F.,(2,2),(0.,1.),.PIECEWISE_BEZIER_KNOTS.);
#14423 = CARTESIAN_POINT('',(4.883961212467,0.));
#14424 = CARTESIAN_POINT('',(4.883961212467,1.));
#14425 = ( GEOMETRIC_REPRESENTATION_CONTEXT(2) 
PARAMETRIC_REPRESENTATION_CONTEXT() REPRESENTATION_CONTEXT('2D SPACE',''
  ) );
#14426 = PCURVE('',#9023,#14427);
#14427 = DEFINITIONAL_REPRESENTATION('',(#14428),#14431);
#14428 = B_SPLINE_CURVE_WITH_KNOTS('',1,(#14429,#14430),.UNSPECIFIED.,
  .F.,.F.,(2,2),(-6.000000070117E-07,2.2),.PIECEWISE_BEZIER_KNOTS.);
#14429 = CARTESIAN_POINT('',(10.9999994,-11.96019802465));
#14430 = CARTESIAN_POINT('',(13.2,-11.96019802465));
#14431 = ( GEOMETRIC_REPRESENTATION_CONTEXT(2) 
PARAMETRIC_REPRESENTATION_CONTEXT() REPRESENTATION_CONTEXT('2D SPACE',''
  ) );
#14432 = ORIENTED_EDGE('',*,*,#14433,.F.);
#14433 = EDGE_CURVE('',#14434,#14413,#14436,.T.);
#14434 = VERTEX_POINT('',#14435);
#14435 = CARTESIAN_POINT('',(77.5,-45.96019802465,116.4));
#14436 = SURFACE_CURVE('',#14437,(#14442,#14449),.PCURVE_S1.);
#14437 = CIRCLE('',#14438,4.1);
#14438 = AXIS2_PLACEMENT_3D('',#14439,#14440,#14441);
#14439 = CARTESIAN_POINT('',(76.8,-50.,116.4));
#14440 = DIRECTION('',(0.,0.,-1.));
#14441 = DIRECTION('',(0.170731707317,0.985317554962,0.));
#14442 = PCURVE('',#6702,#14443);
#14443 = DEFINITIONAL_REPRESENTATION('',(#14444),#14448);
#14444 = LINE('',#14445,#14446);
#14445 = CARTESIAN_POINT('',(7.682409401892,0.));
#14446 = VECTOR('',#14447,1.);
#14447 = DIRECTION('',(-1.,-0.));
#14448 = ( GEOMETRIC_REPRESENTATION_CONTEXT(2) 
PARAMETRIC_REPRESENTATION_CONTEXT() REPRESENTATION_CONTEXT('2D SPACE',''
  ) );
#14449 = PCURVE('',#14450,#14455);
#14450 = PLANE('',#14451);
#14451 = AXIS2_PLACEMENT_3D('',#14452,#14453,#14454);
#14452 = CARTESIAN_POINT('',(76.8,-50.,116.4));
#14453 = DIRECTION('',(0.,0.,1.));
#14454 = DIRECTION('',(1.,0.,-0.));
#14455 = DEFINITIONAL_REPRESENTATION('',(#14456),#14464);
#14456 = ( BOUNDED_CURVE() B_SPLINE_CURVE(2,(#14457,#14458,#14459,#14460
    ,#14461,#14462,#14463),.UNSPECIFIED.,.T.,.F.) 
B_SPLINE_CURVE_WITH_KNOTS((1,2,2,2,2,1),(-2.094395102393,0.,
    2.094395102393,4.188790204786,6.28318530718,8.377580409573),
.UNSPECIFIED.) CURVE() GEOMETRIC_REPRESENTATION_ITEM() 
RATIONAL_B_SPLINE_CURVE((1.,0.5,1.,0.5,1.,0.5,1.)) REPRESENTATION_ITEM(
  '') );
#14457 = CARTESIAN_POINT('',(0.7,4.039801975345));
#14458 = CARTESIAN_POINT('',(7.697142273814,2.827366410047));
#14459 = CARTESIAN_POINT('',(3.148571136907,-2.626118770322));
#14460 = CARTESIAN_POINT('',(-1.4,-8.07960395069));
#14461 = CARTESIAN_POINT('',(-3.848571136907,-1.413683205023));
#14462 = CARTESIAN_POINT('',(-6.297142273814,5.252237540643));
#14463 = CARTESIAN_POINT('',(0.7,4.039801975345));
#14464 = ( GEOMETRIC_REPRESENTATION_CONTEXT(2) 
PARAMETRIC_REPRESENTATION_CONTEXT() REPRESENTATION_CONTEXT('2D SPACE',''
  ) );
#14465 = ORIENTED_EDGE('',*,*,#14466,.T.);
#14466 = EDGE_CURVE('',#14434,#14342,#14467,.T.);
#14467 = SURFACE_CURVE('',#14468,(#14472,#14478),.PCURVE_S1.);
#14468 = LINE('',#14469,#14470);
#14469 = CARTESIAN_POINT('',(77.5,-45.96019802465,116.4));
#14470 = VECTOR('',#14471,1.);
#14471 = DIRECTION('',(0.,0.,1.));
#14472 = PCURVE('',#6702,#14473);
#14473 = DEFINITIONAL_REPRESENTATION('',(#14474),#14477);
#14474 = B_SPLINE_CURVE_WITH_KNOTS('',1,(#14475,#14476),.UNSPECIFIED.,
  .F.,.F.,(2,2),(0.,1.),.PIECEWISE_BEZIER_KNOTS.);
#14475 = CARTESIAN_POINT('',(7.682409401892,0.));
#14476 = CARTESIAN_POINT('',(7.682409401892,1.));
#14477 = ( GEOMETRIC_REPRESENTATION_CONTEXT(2) 
PARAMETRIC_REPRESENTATION_CONTEXT() REPRESENTATION_CONTEXT('2D SPACE',''
  ) );
#14478 = PCURVE('',#8966,#14479);
#14479 = DEFINITIONAL_REPRESENTATION('',(#14480),#14483);
#14480 = B_SPLINE_CURVE_WITH_KNOTS('',1,(#14481,#14482),.UNSPECIFIED.,
  .F.,.F.,(2,2),(-6.000000070117E-07,2.2),.PIECEWISE_BEZIER_KNOTS.);
#14481 = CARTESIAN_POINT('',(10.9999994,-20.03980197534));
#14482 = CARTESIAN_POINT('',(13.2,-20.03980197534));
#14483 = ( GEOMETRIC_REPRESENTATION_CONTEXT(2) 
PARAMETRIC_REPRESENTATION_CONTEXT() REPRESENTATION_CONTEXT('2D SPACE',''
  ) );
#14484 = ORIENTED_EDGE('',*,*,#14364,.F.);
#14485 = ORIENTED_EDGE('',*,*,#6687,.T.);
#14486 = ADVANCED_FACE('',(#14487),#6676,.F.);
#14487 = FACE_BOUND('',#14488,.F.);
#14488 = EDGE_LOOP('',(#14489,#14490,#14491,#14492));
#14489 = ORIENTED_EDGE('',*,*,#7110,.T.);
#14490 = ORIENTED_EDGE('',*,*,#14388,.T.);
#14491 = ORIENTED_EDGE('',*,*,#6661,.T.);
#14492 = ORIENTED_EDGE('',*,*,#6988,.T.);
#14493 = ADVANCED_FACE('',(#14494),#6871,.F.);
#14494 = FACE_BOUND('',#14495,.F.);
#14495 = EDGE_LOOP('',(#14496,#14519,#14547,#14575,#14596));
#14496 = ORIENTED_EDGE('',*,*,#14497,.F.);
#14497 = EDGE_CURVE('',#14498,#6855,#14500,.T.);
#14498 = VERTEX_POINT('',#14499);
#14499 = CARTESIAN_POINT('',(44.061552812809,-10.85,147.));
#14500 = SURFACE_CURVE('',#14501,(#14505,#14512),.PCURVE_S1.);
#14501 = LINE('',#14502,#14503);
#14502 = CARTESIAN_POINT('',(-79.8,-10.85,147.));
#14503 = VECTOR('',#14504,1.);
#14504 = DIRECTION('',(1.,0.,0.));
#14505 = PCURVE('',#6871,#14506);
#14506 = DEFINITIONAL_REPRESENTATION('',(#14507),#14511);
#14507 = LINE('',#14508,#14509);
#14508 = CARTESIAN_POINT('',(0.,8.));
#14509 = VECTOR('',#14510,1.);
#14510 = DIRECTION('',(1.,0.));
#14511 = ( GEOMETRIC_REPRESENTATION_CONTEXT(2) 
PARAMETRIC_REPRESENTATION_CONTEXT() REPRESENTATION_CONTEXT('2D SPACE',''
  ) );
#14512 = PCURVE('',#6943,#14513);
#14513 = DEFINITIONAL_REPRESENTATION('',(#14514),#14518);
#14514 = LINE('',#14515,#14516);
#14515 = CARTESIAN_POINT('',(0.,0.));
#14516 = VECTOR('',#14517,1.);
#14517 = DIRECTION('',(0.,1.));
#14518 = ( GEOMETRIC_REPRESENTATION_CONTEXT(2) 
PARAMETRIC_REPRESENTATION_CONTEXT() REPRESENTATION_CONTEXT('2D SPACE',''
  ) );
#14519 = ORIENTED_EDGE('',*,*,#14520,.T.);
#14520 = EDGE_CURVE('',#14498,#14521,#14523,.T.);
#14521 = VERTEX_POINT('',#14522);
#14522 = CARTESIAN_POINT('',(46.5,-14.85,147.));
#14523 = SURFACE_CURVE('',#14524,(#14529,#14540),.PCURVE_S1.);
#14524 = CIRCLE('',#14525,4.5);
#14525 = AXIS2_PLACEMENT_3D('',#14526,#14527,#14528);
#14526 = CARTESIAN_POINT('',(42.,-14.85,147.));
#14527 = DIRECTION('',(0.,0.,-1.));
#14528 = DIRECTION('',(1.,0.,0.));
#14529 = PCURVE('',#6871,#14530);
#14530 = DEFINITIONAL_REPRESENTATION('',(#14531),#14539);
#14531 = ( BOUNDED_CURVE() B_SPLINE_CURVE(2,(#14532,#14533,#14534,#14535
    ,#14536,#14537,#14538),.UNSPECIFIED.,.T.,.F.) 
B_SPLINE_CURVE_WITH_KNOTS((1,2,2,2,2,1),(-2.094395102393,0.,
    2.094395102393,4.188790204786,6.28318530718,8.377580409573),
.UNSPECIFIED.) CURVE() GEOMETRIC_REPRESENTATION_ITEM() 
RATIONAL_B_SPLINE_CURVE((1.,0.5,1.,0.5,1.,0.5,1.)) REPRESENTATION_ITEM(
  '') );
#14532 = CARTESIAN_POINT('',(126.3,4.));
#14533 = CARTESIAN_POINT('',(126.3,-3.79422863406));
#14534 = CARTESIAN_POINT('',(119.55,0.10288568297));
#14535 = CARTESIAN_POINT('',(112.8,4.));
#14536 = CARTESIAN_POINT('',(119.55,7.89711431703));
#14537 = CARTESIAN_POINT('',(126.3,11.79422863406));
#14538 = CARTESIAN_POINT('',(126.3,4.));
#14539 = ( GEOMETRIC_REPRESENTATION_CONTEXT(2) 
PARAMETRIC_REPRESENTATION_CONTEXT() REPRESENTATION_CONTEXT('2D SPACE',''
  ) );
#14540 = PCURVE('',#13891,#14541);
#14541 = DEFINITIONAL_REPRESENTATION('',(#14542),#14546);
#14542 = LINE('',#14543,#14544);
#14543 = CARTESIAN_POINT('',(-6.28318530718,-4.));
#14544 = VECTOR('',#14545,1.);
#14545 = DIRECTION('',(1.,-0.));
#14546 = ( GEOMETRIC_REPRESENTATION_CONTEXT(2) 
PARAMETRIC_REPRESENTATION_CONTEXT() REPRESENTATION_CONTEXT('2D SPACE',''
  ) );
#14547 = ORIENTED_EDGE('',*,*,#14548,.T.);
#14548 = EDGE_CURVE('',#14521,#14549,#14551,.T.);
#14549 = VERTEX_POINT('',#14550);
#14550 = CARTESIAN_POINT('',(44.061552812809,-18.85,147.));
#14551 = SURFACE_CURVE('',#14552,(#14557,#14568),.PCURVE_S1.);
#14552 = CIRCLE('',#14553,4.5);
#14553 = AXIS2_PLACEMENT_3D('',#14554,#14555,#14556);
#14554 = CARTESIAN_POINT('',(42.,-14.85,147.));
#14555 = DIRECTION('',(0.,0.,-1.));
#14556 = DIRECTION('',(1.,0.,0.));
#14557 = PCURVE('',#6871,#14558);
#14558 = DEFINITIONAL_REPRESENTATION('',(#14559),#14567);
#14559 = ( BOUNDED_CURVE() B_SPLINE_CURVE(2,(#14560,#14561,#14562,#14563
    ,#14564,#14565,#14566),.UNSPECIFIED.,.T.,.F.) 
B_SPLINE_CURVE_WITH_KNOTS((1,2,2,2,2,1),(-2.094395102393,0.,
    2.094395102393,4.188790204786,6.28318530718,8.377580409573),
.UNSPECIFIED.) CURVE() GEOMETRIC_REPRESENTATION_ITEM() 
RATIONAL_B_SPLINE_CURVE((1.,0.5,1.,0.5,1.,0.5,1.)) REPRESENTATION_ITEM(
  '') );
#14560 = CARTESIAN_POINT('',(126.3,4.));
#14561 = CARTESIAN_POINT('',(126.3,-3.79422863406));
#14562 = CARTESIAN_POINT('',(119.55,0.10288568297));
#14563 = CARTESIAN_POINT('',(112.8,4.));
#14564 = CARTESIAN_POINT('',(119.55,7.89711431703));
#14565 = CARTESIAN_POINT('',(126.3,11.79422863406));
#14566 = CARTESIAN_POINT('',(126.3,4.));
#14567 = ( GEOMETRIC_REPRESENTATION_CONTEXT(2) 
PARAMETRIC_REPRESENTATION_CONTEXT() REPRESENTATION_CONTEXT('2D SPACE',''
  ) );
#14568 = PCURVE('',#13891,#14569);
#14569 = DEFINITIONAL_REPRESENTATION('',(#14570),#14574);
#14570 = LINE('',#14571,#14572);
#14571 = CARTESIAN_POINT('',(-6.28318530718,-4.));
#14572 = VECTOR('',#14573,1.);
#14573 = DIRECTION('',(1.,-0.));
#14574 = ( GEOMETRIC_REPRESENTATION_CONTEXT(2) 
PARAMETRIC_REPRESENTATION_CONTEXT() REPRESENTATION_CONTEXT('2D SPACE',''
  ) );
#14575 = ORIENTED_EDGE('',*,*,#14576,.T.);
#14576 = EDGE_CURVE('',#14549,#6857,#14577,.T.);
#14577 = SURFACE_CURVE('',#14578,(#14582,#14589),.PCURVE_S1.);
#14578 = LINE('',#14579,#14580);
#14579 = CARTESIAN_POINT('',(-79.8,-18.85,147.));
#14580 = VECTOR('',#14581,1.);
#14581 = DIRECTION('',(1.,0.,0.));
#14582 = PCURVE('',#6871,#14583);
#14583 = DEFINITIONAL_REPRESENTATION('',(#14584),#14588);
#14584 = LINE('',#14585,#14586);
#14585 = CARTESIAN_POINT('',(0.,0.));
#14586 = VECTOR('',#14587,1.);
#14587 = DIRECTION('',(1.,0.));
#14588 = ( GEOMETRIC_REPRESENTATION_CONTEXT(2) 
PARAMETRIC_REPRESENTATION_CONTEXT() REPRESENTATION_CONTEXT('2D SPACE',''
  ) );
#14589 = PCURVE('',#6897,#14590);
#14590 = DEFINITIONAL_REPRESENTATION('',(#14591),#14595);
#14591 = LINE('',#14592,#14593);
#14592 = CARTESIAN_POINT('',(0.,0.));
#14593 = VECTOR('',#14594,1.);
#14594 = DIRECTION('',(0.,1.));
#14595 = ( GEOMETRIC_REPRESENTATION_CONTEXT(2) 
PARAMETRIC_REPRESENTATION_CONTEXT() REPRESENTATION_CONTEXT('2D SPACE',''
  ) );
#14596 = ORIENTED_EDGE('',*,*,#6854,.F.);
#14597 = ADVANCED_FACE('',(#14598),#6943,.T.);
#14598 = FACE_BOUND('',#14599,.T.);
#14599 = EDGE_LOOP('',(#14600,#14601,#14620,#14621));
#14600 = ORIENTED_EDGE('',*,*,#14497,.F.);
#14601 = ORIENTED_EDGE('',*,*,#14602,.F.);
#14602 = EDGE_CURVE('',#13852,#14498,#14603,.T.);
#14603 = SURFACE_CURVE('',#14604,(#14608,#14614),.PCURVE_S1.);
#14604 = LINE('',#14605,#14606);
#14605 = CARTESIAN_POINT('',(44.061552812809,-10.85,143.));
#14606 = VECTOR('',#14607,1.);
#14607 = DIRECTION('',(-0.,-0.,-1.));
#14608 = PCURVE('',#6943,#14609);
#14609 = DEFINITIONAL_REPRESENTATION('',(#14610),#14613);
#14610 = B_SPLINE_CURVE_WITH_KNOTS('',1,(#14611,#14612),.UNSPECIFIED.,
  .F.,.F.,(2,2),(-8.0000006,-3.6),.PIECEWISE_BEZIER_KNOTS.);
#14611 = CARTESIAN_POINT('',(4.0000006,123.8615528128));
#14612 = CARTESIAN_POINT('',(-0.4,123.8615528128));
#14613 = ( GEOMETRIC_REPRESENTATION_CONTEXT(2) 
PARAMETRIC_REPRESENTATION_CONTEXT() REPRESENTATION_CONTEXT('2D SPACE',''
  ) );
#14614 = PCURVE('',#13891,#14615);
#14615 = DEFINITIONAL_REPRESENTATION('',(#14616),#14619);
#14616 = B_SPLINE_CURVE_WITH_KNOTS('',1,(#14617,#14618),.UNSPECIFIED.,
  .F.,.F.,(2,2),(-8.0000006,-3.6),.PIECEWISE_BEZIER_KNOTS.);
#14617 = CARTESIAN_POINT('',(-1.094914077134,-8.0000006));
#14618 = CARTESIAN_POINT('',(-1.094914077134,-3.6));
#14619 = ( GEOMETRIC_REPRESENTATION_CONTEXT(2) 
PARAMETRIC_REPRESENTATION_CONTEXT() REPRESENTATION_CONTEXT('2D SPACE',''
  ) );
#14620 = ORIENTED_EDGE('',*,*,#13851,.T.);
#14621 = ORIENTED_EDGE('',*,*,#6930,.F.);
#14622 = ADVANCED_FACE('',(#14623),#6897,.F.);
#14623 = FACE_BOUND('',#14624,.F.);
#14624 = EDGE_LOOP('',(#14625,#14626,#14645,#14646));
#14625 = ORIENTED_EDGE('',*,*,#14576,.F.);
#14626 = ORIENTED_EDGE('',*,*,#14627,.F.);
#14627 = EDGE_CURVE('',#14009,#14549,#14628,.T.);
#14628 = SURFACE_CURVE('',#14629,(#14633,#14639),.PCURVE_S1.);
#14629 = LINE('',#14630,#14631);
#14630 = CARTESIAN_POINT('',(44.061552812809,-18.85,143.));
#14631 = VECTOR('',#14632,1.);
#14632 = DIRECTION('',(-0.,-0.,-1.));
#14633 = PCURVE('',#6897,#14634);
#14634 = DEFINITIONAL_REPRESENTATION('',(#14635),#14638);
#14635 = B_SPLINE_CURVE_WITH_KNOTS('',1,(#14636,#14637),.UNSPECIFIED.,
  .F.,.F.,(2,2),(-8.0000006,-3.6),.PIECEWISE_BEZIER_KNOTS.);
#14636 = CARTESIAN_POINT('',(4.0000006,123.8615528128));
#14637 = CARTESIAN_POINT('',(-0.4,123.8615528128));
#14638 = ( GEOMETRIC_REPRESENTATION_CONTEXT(2) 
PARAMETRIC_REPRESENTATION_CONTEXT() REPRESENTATION_CONTEXT('2D SPACE',''
  ) );
#14639 = PCURVE('',#13891,#14640);
#14640 = DEFINITIONAL_REPRESENTATION('',(#14641),#14644);
#14641 = B_SPLINE_CURVE_WITH_KNOTS('',1,(#14642,#14643),.UNSPECIFIED.,
  .F.,.F.,(2,2),(-8.0000006,-3.6),.PIECEWISE_BEZIER_KNOTS.);
#14642 = CARTESIAN_POINT('',(-5.188271230045,-8.0000006));
#14643 = CARTESIAN_POINT('',(-5.188271230045,-3.6));
#14644 = ( GEOMETRIC_REPRESENTATION_CONTEXT(2) 
PARAMETRIC_REPRESENTATION_CONTEXT() REPRESENTATION_CONTEXT('2D SPACE',''
  ) );
#14645 = ORIENTED_EDGE('',*,*,#14032,.T.);
#14646 = ORIENTED_EDGE('',*,*,#6882,.F.);
#14647 = ADVANCED_FACE('',(#14648),#6973,.T.);
#14648 = FACE_BOUND('',#14649,.T.);
#14649 = EDGE_LOOP('',(#14650,#14651,#14674,#14701));
#14650 = ORIENTED_EDGE('',*,*,#6956,.F.);
#14651 = ORIENTED_EDGE('',*,*,#14652,.F.);
#14652 = EDGE_CURVE('',#14653,#6957,#14655,.T.);
#14653 = VERTEX_POINT('',#14654);
#14654 = CARTESIAN_POINT('',(76.05,-25.,161.1));
#14655 = SEAM_CURVE('',#14656,(#14660,#14667),.PCURVE_S1.);
#14656 = LINE('',#14657,#14658);
#14657 = CARTESIAN_POINT('',(76.05,-25.,161.1));
#14658 = VECTOR('',#14659,1.);
#14659 = DIRECTION('',(1.,0.,0.));
#14660 = PCURVE('',#6973,#14661);
#14661 = DEFINITIONAL_REPRESENTATION('',(#14662),#14666);
#14662 = LINE('',#14663,#14664);
#14663 = CARTESIAN_POINT('',(6.28318530718,-0.));
#14664 = VECTOR('',#14665,1.);
#14665 = DIRECTION('',(0.,1.));
#14666 = ( GEOMETRIC_REPRESENTATION_CONTEXT(2) 
PARAMETRIC_REPRESENTATION_CONTEXT() REPRESENTATION_CONTEXT('2D SPACE',''
  ) );
#14667 = PCURVE('',#6973,#14668);
#14668 = DEFINITIONAL_REPRESENTATION('',(#14669),#14673);
#14669 = LINE('',#14670,#14671);
#14670 = CARTESIAN_POINT('',(0.,-0.));
#14671 = VECTOR('',#14672,1.);
#14672 = DIRECTION('',(0.,1.));
#14673 = ( GEOMETRIC_REPRESENTATION_CONTEXT(2) 
PARAMETRIC_REPRESENTATION_CONTEXT() REPRESENTATION_CONTEXT('2D SPACE',''
  ) );
#14674 = ORIENTED_EDGE('',*,*,#14675,.T.);
#14675 = EDGE_CURVE('',#14653,#14653,#14676,.T.);
#14676 = SURFACE_CURVE('',#14677,(#14682,#14689),.PCURVE_S1.);
#14677 = CIRCLE('',#14678,5.1);
#14678 = AXIS2_PLACEMENT_3D('',#14679,#14680,#14681);
#14679 = CARTESIAN_POINT('',(76.05,-25.,156.));
#14680 = DIRECTION('',(1.,0.,0.));
#14681 = DIRECTION('',(-0.,0.,1.));
#14682 = PCURVE('',#6973,#14683);
#14683 = DEFINITIONAL_REPRESENTATION('',(#14684),#14688);
#14684 = LINE('',#14685,#14686);
#14685 = CARTESIAN_POINT('',(0.,0.));
#14686 = VECTOR('',#14687,1.);
#14687 = DIRECTION('',(1.,0.));
#14688 = ( GEOMETRIC_REPRESENTATION_CONTEXT(2) 
PARAMETRIC_REPRESENTATION_CONTEXT() REPRESENTATION_CONTEXT('2D SPACE',''
  ) );
#14689 = PCURVE('',#14690,#14695);
#14690 = PLANE('',#14691);
#14691 = AXIS2_PLACEMENT_3D('',#14692,#14693,#14694);
#14692 = CARTESIAN_POINT('',(76.05,-25.,156.));
#14693 = DIRECTION('',(1.,0.,0.));
#14694 = DIRECTION('',(-0.,0.,1.));
#14695 = DEFINITIONAL_REPRESENTATION('',(#14696),#14700);
#14696 = CIRCLE('',#14697,5.1);
#14697 = AXIS2_PLACEMENT_2D('',#14698,#14699);
#14698 = CARTESIAN_POINT('',(0.,0.));
#14699 = DIRECTION('',(1.,0.));
#14700 = ( GEOMETRIC_REPRESENTATION_CONTEXT(2) 
PARAMETRIC_REPRESENTATION_CONTEXT() REPRESENTATION_CONTEXT('2D SPACE',''
  ) );
#14701 = ORIENTED_EDGE('',*,*,#14652,.T.);
#14702 = ADVANCED_FACE('',(#14703),#7716,.F.);
#14703 = FACE_BOUND('',#14704,.F.);
#14704 = EDGE_LOOP('',(#14705,#14706,#14707,#14708));
#14705 = ORIENTED_EDGE('',*,*,#7700,.T.);
#14706 = ORIENTED_EDGE('',*,*,#7752,.T.);
#14707 = ORIENTED_EDGE('',*,*,#7852,.F.);
#14708 = ORIENTED_EDGE('',*,*,#7802,.T.);
#14709 = ADVANCED_FACE('',(#14710),#7940,.F.);
#14710 = FACE_BOUND('',#14711,.F.);
#14711 = EDGE_LOOP('',(#14712,#14734,#14735,#14736,#14757,#14786,#14807,
    #14829));
#14712 = ORIENTED_EDGE('',*,*,#14713,.F.);
#14713 = EDGE_CURVE('',#7900,#8113,#14714,.T.);
#14714 = SURFACE_CURVE('',#14715,(#14720,#14727),.PCURVE_S1.);
#14715 = CIRCLE('',#14716,4.1);
#14716 = AXIS2_PLACEMENT_3D('',#14717,#14718,#14719);
#14717 = CARTESIAN_POINT('',(-76.8,50.,119.8));
#14718 = DIRECTION('',(0.,0.,1.));
#14719 = DIRECTION('',(1.,0.,-0.));
#14720 = PCURVE('',#7940,#14721);
#14721 = DEFINITIONAL_REPRESENTATION('',(#14722),#14726);
#14722 = LINE('',#14723,#14724);
#14723 = CARTESIAN_POINT('',(0.,3.4));
#14724 = VECTOR('',#14725,1.);
#14725 = DIRECTION('',(1.,0.));
#14726 = ( GEOMETRIC_REPRESENTATION_CONTEXT(2) 
PARAMETRIC_REPRESENTATION_CONTEXT() REPRESENTATION_CONTEXT('2D SPACE',''
  ) );
#14727 = PCURVE('',#7914,#14728);
#14728 = DEFINITIONAL_REPRESENTATION('',(#14729),#14733);
#14729 = CIRCLE('',#14730,4.1);
#14730 = AXIS2_PLACEMENT_2D('',#14731,#14732);
#14731 = CARTESIAN_POINT('',(0.,0.));
#14732 = DIRECTION('',(1.,0.));
#14733 = ( GEOMETRIC_REPRESENTATION_CONTEXT(2) 
PARAMETRIC_REPRESENTATION_CONTEXT() REPRESENTATION_CONTEXT('2D SPACE',''
  ) );
#14734 = ORIENTED_EDGE('',*,*,#7925,.F.);
#14735 = ORIENTED_EDGE('',*,*,#10880,.F.);
#14736 = ORIENTED_EDGE('',*,*,#14737,.F.);
#14737 = EDGE_CURVE('',#14738,#10881,#14740,.T.);
#14738 = VERTEX_POINT('',#14739);
#14739 = CARTESIAN_POINT('',(-77.5,54.039801975345,116.4));
#14740 = SURFACE_CURVE('',#14741,(#14745,#14751),.PCURVE_S1.);
#14741 = LINE('',#14742,#14743);
#14742 = CARTESIAN_POINT('',(-77.5,54.039801975345,116.4));
#14743 = VECTOR('',#14744,1.);
#14744 = DIRECTION('',(0.,0.,1.));
#14745 = PCURVE('',#7940,#14746);
#14746 = DEFINITIONAL_REPRESENTATION('',(#14747),#14750);
#14747 = B_SPLINE_CURVE_WITH_KNOTS('',1,(#14748,#14749),.UNSPECIFIED.,
  .F.,.F.,(2,2),(-6.000000070117E-07,2.2),.PIECEWISE_BEZIER_KNOTS.);
#14748 = CARTESIAN_POINT('',(1.742368558877,-6.000000070117E-07));
#14749 = CARTESIAN_POINT('',(1.742368558877,2.2));
#14750 = ( GEOMETRIC_REPRESENTATION_CONTEXT(2) 
PARAMETRIC_REPRESENTATION_CONTEXT() REPRESENTATION_CONTEXT('2D SPACE',''
  ) );
#14751 = PCURVE('',#9758,#14752);
#14752 = DEFINITIONAL_REPRESENTATION('',(#14753),#14756);
#14753 = B_SPLINE_CURVE_WITH_KNOTS('',1,(#14754,#14755),.UNSPECIFIED.,
  .F.,.F.,(2,2),(-6.000000070117E-07,2.2),.PIECEWISE_BEZIER_KNOTS.);
#14754 = CARTESIAN_POINT('',(10.9999994,-120.0398019753));
#14755 = CARTESIAN_POINT('',(13.2,-120.0398019753));
#14756 = ( GEOMETRIC_REPRESENTATION_CONTEXT(2) 
PARAMETRIC_REPRESENTATION_CONTEXT() REPRESENTATION_CONTEXT('2D SPACE',''
  ) );
#14757 = ORIENTED_EDGE('',*,*,#14758,.T.);
#14758 = EDGE_CURVE('',#14738,#14759,#14761,.T.);
#14759 = VERTEX_POINT('',#14760);
#14760 = CARTESIAN_POINT('',(-77.5,45.960198024655,116.4));
#14761 = SURFACE_CURVE('',#14762,(#14767,#14774),.PCURVE_S1.);
#14762 = CIRCLE('',#14763,4.1);
#14763 = AXIS2_PLACEMENT_3D('',#14764,#14765,#14766);
#14764 = CARTESIAN_POINT('',(-76.8,50.,116.4));
#14765 = DIRECTION('',(0.,0.,1.));
#14766 = DIRECTION('',(1.,0.,-0.));
#14767 = PCURVE('',#7940,#14768);
#14768 = DEFINITIONAL_REPRESENTATION('',(#14769),#14773);
#14769 = LINE('',#14770,#14771);
#14770 = CARTESIAN_POINT('',(0.,0.));
#14771 = VECTOR('',#14772,1.);
#14772 = DIRECTION('',(1.,0.));
#14773 = ( GEOMETRIC_REPRESENTATION_CONTEXT(2) 
PARAMETRIC_REPRESENTATION_CONTEXT() REPRESENTATION_CONTEXT('2D SPACE',''
  ) );
#14774 = PCURVE('',#14775,#14780);
#14775 = PLANE('',#14776);
#14776 = AXIS2_PLACEMENT_3D('',#14777,#14778,#14779);
#14777 = CARTESIAN_POINT('',(-76.8,50.,116.4));
#14778 = DIRECTION('',(0.,0.,1.));
#14779 = DIRECTION('',(1.,0.,-0.));
#14780 = DEFINITIONAL_REPRESENTATION('',(#14781),#14785);
#14781 = CIRCLE('',#14782,4.1);
#14782 = AXIS2_PLACEMENT_2D('',#14783,#14784);
#14783 = CARTESIAN_POINT('',(0.,0.));
#14784 = DIRECTION('',(1.,0.));
#14785 = ( GEOMETRIC_REPRESENTATION_CONTEXT(2) 
PARAMETRIC_REPRESENTATION_CONTEXT() REPRESENTATION_CONTEXT('2D SPACE',''
  ) );
#14786 = ORIENTED_EDGE('',*,*,#14787,.T.);
#14787 = EDGE_CURVE('',#14759,#14788,#14790,.T.);
#14788 = VERTEX_POINT('',#14789);
#14789 = CARTESIAN_POINT('',(-77.5,45.960198024655,117.4));
#14790 = SURFACE_CURVE('',#14791,(#14795,#14801),.PCURVE_S1.);
#14791 = LINE('',#14792,#14793);
#14792 = CARTESIAN_POINT('',(-77.5,45.960198024655,116.4));
#14793 = VECTOR('',#14794,1.);
#14794 = DIRECTION('',(0.,0.,1.));
#14795 = PCURVE('',#7940,#14796);
#14796 = DEFINITIONAL_REPRESENTATION('',(#14797),#14800);
#14797 = B_SPLINE_CURVE_WITH_KNOTS('',1,(#14798,#14799),.UNSPECIFIED.,
  .F.,.F.,(2,2),(-6.000000070117E-07,2.2),.PIECEWISE_BEZIER_KNOTS.);
#14798 = CARTESIAN_POINT('',(4.540816748302,-6.000000070117E-07));
#14799 = CARTESIAN_POINT('',(4.540816748302,2.2));
#14800 = ( GEOMETRIC_REPRESENTATION_CONTEXT(2) 
PARAMETRIC_REPRESENTATION_CONTEXT() REPRESENTATION_CONTEXT('2D SPACE',''
  ) );
#14801 = PCURVE('',#9596,#14802);
#14802 = DEFINITIONAL_REPRESENTATION('',(#14803),#14806);
#14803 = B_SPLINE_CURVE_WITH_KNOTS('',1,(#14804,#14805),.UNSPECIFIED.,
  .F.,.F.,(2,2),(-6.000000070117E-07,2.2),.PIECEWISE_BEZIER_KNOTS.);
#14804 = CARTESIAN_POINT('',(10.9999994,-111.9601980246));
#14805 = CARTESIAN_POINT('',(13.2,-111.9601980246));
#14806 = ( GEOMETRIC_REPRESENTATION_CONTEXT(2) 
PARAMETRIC_REPRESENTATION_CONTEXT() REPRESENTATION_CONTEXT('2D SPACE',''
  ) );
#14807 = ORIENTED_EDGE('',*,*,#14808,.F.);
#14808 = EDGE_CURVE('',#8087,#14788,#14809,.T.);
#14809 = SURFACE_CURVE('',#14810,(#14815,#14822),.PCURVE_S1.);
#14810 = CIRCLE('',#14811,4.1);
#14811 = AXIS2_PLACEMENT_3D('',#14812,#14813,#14814);
#14812 = CARTESIAN_POINT('',(-76.8,50.,117.4));
#14813 = DIRECTION('',(0.,0.,1.));
#14814 = DIRECTION('',(1.,0.,-0.));
#14815 = PCURVE('',#7940,#14816);
#14816 = DEFINITIONAL_REPRESENTATION('',(#14817),#14821);
#14817 = LINE('',#14818,#14819);
#14818 = CARTESIAN_POINT('',(0.,1.));
#14819 = VECTOR('',#14820,1.);
#14820 = DIRECTION('',(1.,0.));
#14821 = ( GEOMETRIC_REPRESENTATION_CONTEXT(2) 
PARAMETRIC_REPRESENTATION_CONTEXT() REPRESENTATION_CONTEXT('2D SPACE',''
  ) );
#14822 = PCURVE('',#8101,#14823);
#14823 = DEFINITIONAL_REPRESENTATION('',(#14824),#14828);
#14824 = CIRCLE('',#14825,4.1);
#14825 = AXIS2_PLACEMENT_2D('',#14826,#14827);
#14826 = CARTESIAN_POINT('',(5.7,116.));
#14827 = DIRECTION('',(1.,0.));
#14828 = ( GEOMETRIC_REPRESENTATION_CONTEXT(2) 
PARAMETRIC_REPRESENTATION_CONTEXT() REPRESENTATION_CONTEXT('2D SPACE',''
  ) );
#14829 = ORIENTED_EDGE('',*,*,#8112,.T.);
#14830 = ADVANCED_FACE('',(#14831),#7914,.F.);
#14831 = FACE_BOUND('',#14832,.F.);
#14832 = EDGE_LOOP('',(#14833,#14834,#14835,#14836));
#14833 = ORIENTED_EDGE('',*,*,#7899,.F.);
#14834 = ORIENTED_EDGE('',*,*,#14713,.T.);
#14835 = ORIENTED_EDGE('',*,*,#8133,.F.);
#14836 = ORIENTED_EDGE('',*,*,#7976,.F.);
#14837 = ADVANCED_FACE('',(#14838),#8101,.T.);
#14838 = FACE_BOUND('',#14839,.T.);
#14839 = EDGE_LOOP('',(#14840,#14841,#14842,#14843));
#14840 = ORIENTED_EDGE('',*,*,#14808,.F.);
#14841 = ORIENTED_EDGE('',*,*,#8086,.T.);
#14842 = ORIENTED_EDGE('',*,*,#13400,.F.);
#14843 = ORIENTED_EDGE('',*,*,#14844,.T.);
#14844 = EDGE_CURVE('',#13401,#14788,#14845,.T.);
#14845 = SURFACE_CURVE('',#14846,(#14850,#14857),.PCURVE_S1.);
#14846 = LINE('',#14847,#14848);
#14847 = CARTESIAN_POINT('',(-77.5,-66.,117.4));
#14848 = VECTOR('',#14849,1.);
#14849 = DIRECTION('',(0.,1.,0.));
#14850 = PCURVE('',#8101,#14851);
#14851 = DEFINITIONAL_REPRESENTATION('',(#14852),#14856);
#14852 = LINE('',#14853,#14854);
#14853 = CARTESIAN_POINT('',(5.,0.));
#14854 = VECTOR('',#14855,1.);
#14855 = DIRECTION('',(0.,1.));
#14856 = ( GEOMETRIC_REPRESENTATION_CONTEXT(2) 
PARAMETRIC_REPRESENTATION_CONTEXT() REPRESENTATION_CONTEXT('2D SPACE',''
  ) );
#14857 = PCURVE('',#9596,#14858);
#14858 = DEFINITIONAL_REPRESENTATION('',(#14859),#14863);
#14859 = LINE('',#14860,#14861);
#14860 = CARTESIAN_POINT('',(12.,0.));
#14861 = VECTOR('',#14862,1.);
#14862 = DIRECTION('',(0.,-1.));
#14863 = ( GEOMETRIC_REPRESENTATION_CONTEXT(2) 
PARAMETRIC_REPRESENTATION_CONTEXT() REPRESENTATION_CONTEXT('2D SPACE',''
  ) );
#14864 = ADVANCED_FACE('',(#14865),#8176,.T.);
#14865 = FACE_BOUND('',#14866,.T.);
#14866 = EDGE_LOOP('',(#14867,#14868,#14891,#14918));
#14867 = ORIENTED_EDGE('',*,*,#8155,.F.);
#14868 = ORIENTED_EDGE('',*,*,#14869,.F.);
#14869 = EDGE_CURVE('',#14870,#8156,#14872,.T.);
#14870 = VERTEX_POINT('',#14871);
#14871 = CARTESIAN_POINT('',(-76.05,25.,150.9));
#14872 = SEAM_CURVE('',#14873,(#14877,#14884),.PCURVE_S1.);
#14873 = LINE('',#14874,#14875);
#14874 = CARTESIAN_POINT('',(-76.05,25.,150.9));
#14875 = VECTOR('',#14876,1.);
#14876 = DIRECTION('',(-1.,0.,0.));
#14877 = PCURVE('',#8176,#14878);
#14878 = DEFINITIONAL_REPRESENTATION('',(#14879),#14883);
#14879 = LINE('',#14880,#14881);
#14880 = CARTESIAN_POINT('',(6.28318530718,-0.));
#14881 = VECTOR('',#14882,1.);
#14882 = DIRECTION('',(0.,1.));
#14883 = ( GEOMETRIC_REPRESENTATION_CONTEXT(2) 
PARAMETRIC_REPRESENTATION_CONTEXT() REPRESENTATION_CONTEXT('2D SPACE',''
  ) );
#14884 = PCURVE('',#8176,#14885);
#14885 = DEFINITIONAL_REPRESENTATION('',(#14886),#14890);
#14886 = LINE('',#14887,#14888);
#14887 = CARTESIAN_POINT('',(0.,-0.));
#14888 = VECTOR('',#14889,1.);
#14889 = DIRECTION('',(0.,1.));
#14890 = ( GEOMETRIC_REPRESENTATION_CONTEXT(2) 
PARAMETRIC_REPRESENTATION_CONTEXT() REPRESENTATION_CONTEXT('2D SPACE',''
  ) );
#14891 = ORIENTED_EDGE('',*,*,#14892,.T.);
#14892 = EDGE_CURVE('',#14870,#14870,#14893,.T.);
#14893 = SURFACE_CURVE('',#14894,(#14899,#14906),.PCURVE_S1.);
#14894 = CIRCLE('',#14895,5.1);
#14895 = AXIS2_PLACEMENT_3D('',#14896,#14897,#14898);
#14896 = CARTESIAN_POINT('',(-76.05,25.,156.));
#14897 = DIRECTION('',(-1.,0.,0.));
#14898 = DIRECTION('',(0.,0.,-1.));
#14899 = PCURVE('',#8176,#14900);
#14900 = DEFINITIONAL_REPRESENTATION('',(#14901),#14905);
#14901 = LINE('',#14902,#14903);
#14902 = CARTESIAN_POINT('',(0.,0.));
#14903 = VECTOR('',#14904,1.);
#14904 = DIRECTION('',(1.,0.));
#14905 = ( GEOMETRIC_REPRESENTATION_CONTEXT(2) 
PARAMETRIC_REPRESENTATION_CONTEXT() REPRESENTATION_CONTEXT('2D SPACE',''
  ) );
#14906 = PCURVE('',#14907,#14912);
#14907 = PLANE('',#14908);
#14908 = AXIS2_PLACEMENT_3D('',#14909,#14910,#14911);
#14909 = CARTESIAN_POINT('',(-76.05,25.,156.));
#14910 = DIRECTION('',(-1.,0.,0.));
#14911 = DIRECTION('',(0.,0.,-1.));
#14912 = DEFINITIONAL_REPRESENTATION('',(#14913),#14917);
#14913 = CIRCLE('',#14914,5.1);
#14914 = AXIS2_PLACEMENT_2D('',#14915,#14916);
#14915 = CARTESIAN_POINT('',(0.,0.));
#14916 = DIRECTION('',(1.,0.));
#14917 = ( GEOMETRIC_REPRESENTATION_CONTEXT(2) 
PARAMETRIC_REPRESENTATION_CONTEXT() REPRESENTATION_CONTEXT('2D SPACE',''
  ) );
#14918 = ORIENTED_EDGE('',*,*,#14869,.T.);
#14919 = ADVANCED_FACE('',(#14920),#8309,.F.);
#14920 = FACE_BOUND('',#14921,.F.);
#14921 = EDGE_LOOP('',(#14922,#14944,#14945,#14968,#14989,#15022,#15041,
    #15042));
#14922 = ORIENTED_EDGE('',*,*,#14923,.F.);
#14923 = EDGE_CURVE('',#8513,#8269,#14924,.T.);
#14924 = SURFACE_CURVE('',#14925,(#14930,#14937),.PCURVE_S1.);
#14925 = CIRCLE('',#14926,4.1);
#14926 = AXIS2_PLACEMENT_3D('',#14927,#14928,#14929);
#14927 = CARTESIAN_POINT('',(76.8,50.,119.8));
#14928 = DIRECTION('',(-0.,0.,1.));
#14929 = DIRECTION('',(0.609756097561,-0.792589112647,0.));
#14930 = PCURVE('',#8309,#14931);
#14931 = DEFINITIONAL_REPRESENTATION('',(#14932),#14936);
#14932 = LINE('',#14933,#14934);
#14933 = CARTESIAN_POINT('',(5.368141806142,3.4));
#14934 = VECTOR('',#14935,1.);
#14935 = DIRECTION('',(1.,0.));
#14936 = ( GEOMETRIC_REPRESENTATION_CONTEXT(2) 
PARAMETRIC_REPRESENTATION_CONTEXT() REPRESENTATION_CONTEXT('2D SPACE',''
  ) );
#14937 = PCURVE('',#8283,#14938);
#14938 = DEFINITIONAL_REPRESENTATION('',(#14939),#14943);
#14939 = CIRCLE('',#14940,4.1);
#14940 = AXIS2_PLACEMENT_2D('',#14941,#14942);
#14941 = CARTESIAN_POINT('',(0.,0.));
#14942 = DIRECTION('',(0.609756097561,-0.792589112647));
#14943 = ( GEOMETRIC_REPRESENTATION_CONTEXT(2) 
PARAMETRIC_REPRESENTATION_CONTEXT() REPRESENTATION_CONTEXT('2D SPACE',''
  ) );
#14944 = ORIENTED_EDGE('',*,*,#8512,.F.);
#14945 = ORIENTED_EDGE('',*,*,#14946,.F.);
#14946 = EDGE_CURVE('',#14947,#8487,#14949,.T.);
#14947 = VERTEX_POINT('',#14948);
#14948 = CARTESIAN_POINT('',(77.5,45.960198024655,117.4));
#14949 = SURFACE_CURVE('',#14950,(#14955,#14961),.PCURVE_S1.);
#14950 = CIRCLE('',#14951,4.1);
#14951 = AXIS2_PLACEMENT_3D('',#14952,#14953,#14954);
#14952 = CARTESIAN_POINT('',(76.8,50.,117.4));
#14953 = DIRECTION('',(0.,0.,1.));
#14954 = DIRECTION('',(1.,0.,-0.));
#14955 = PCURVE('',#8309,#14956);
#14956 = DEFINITIONAL_REPRESENTATION('',(#14957),#14960);
#14957 = B_SPLINE_CURVE_WITH_KNOTS('',1,(#14958,#14959),.UNSPECIFIED.,
  .F.,.F.,(2,2),(4.883961212467,5.368141806142),
  .PIECEWISE_BEZIER_KNOTS.);
#14958 = CARTESIAN_POINT('',(4.883961212467,1.));
#14959 = CARTESIAN_POINT('',(5.368141806142,1.));
#14960 = ( GEOMETRIC_REPRESENTATION_CONTEXT(2) 
PARAMETRIC_REPRESENTATION_CONTEXT() REPRESENTATION_CONTEXT('2D SPACE',''
  ) );
#14961 = PCURVE('',#8501,#14962);
#14962 = DEFINITIONAL_REPRESENTATION('',(#14963),#14967);
#14963 = CIRCLE('',#14964,4.1);
#14964 = AXIS2_PLACEMENT_2D('',#14965,#14966);
#14965 = CARTESIAN_POINT('',(-0.7,116.));
#14966 = DIRECTION('',(1.,0.));
#14967 = ( GEOMETRIC_REPRESENTATION_CONTEXT(2) 
PARAMETRIC_REPRESENTATION_CONTEXT() REPRESENTATION_CONTEXT('2D SPACE',''
  ) );
#14968 = ORIENTED_EDGE('',*,*,#14969,.F.);
#14969 = EDGE_CURVE('',#14970,#14947,#14972,.T.);
#14970 = VERTEX_POINT('',#14971);
#14971 = CARTESIAN_POINT('',(77.5,45.960198024655,116.4));
#14972 = SURFACE_CURVE('',#14973,(#14977,#14983),.PCURVE_S1.);
#14973 = LINE('',#14974,#14975);
#14974 = CARTESIAN_POINT('',(77.5,45.960198024655,116.4));
#14975 = VECTOR('',#14976,1.);
#14976 = DIRECTION('',(0.,0.,1.));
#14977 = PCURVE('',#8309,#14978);
#14978 = DEFINITIONAL_REPRESENTATION('',(#14979),#14982);
#14979 = B_SPLINE_CURVE_WITH_KNOTS('',1,(#14980,#14981),.UNSPECIFIED.,
  .F.,.F.,(2,2),(0.,1.),.PIECEWISE_BEZIER_KNOTS.);
#14980 = CARTESIAN_POINT('',(4.883961212467,0.));
#14981 = CARTESIAN_POINT('',(4.883961212467,1.));
#14982 = ( GEOMETRIC_REPRESENTATION_CONTEXT(2) 
PARAMETRIC_REPRESENTATION_CONTEXT() REPRESENTATION_CONTEXT('2D SPACE',''
  ) );
#14983 = PCURVE('',#8808,#14984);
#14984 = DEFINITIONAL_REPRESENTATION('',(#14985),#14988);
#14985 = B_SPLINE_CURVE_WITH_KNOTS('',1,(#14986,#14987),.UNSPECIFIED.,
  .F.,.F.,(2,2),(-6.000000070117E-07,2.2),.PIECEWISE_BEZIER_KNOTS.);
#14986 = CARTESIAN_POINT('',(10.9999994,-111.9601980246));
#14987 = CARTESIAN_POINT('',(13.2,-111.9601980246));
#14988 = ( GEOMETRIC_REPRESENTATION_CONTEXT(2) 
PARAMETRIC_REPRESENTATION_CONTEXT() REPRESENTATION_CONTEXT('2D SPACE',''
  ) );
#14989 = ORIENTED_EDGE('',*,*,#14990,.F.);
#14990 = EDGE_CURVE('',#14991,#14970,#14993,.T.);
#14991 = VERTEX_POINT('',#14992);
#14992 = CARTESIAN_POINT('',(77.5,54.039801975345,116.4));
#14993 = SURFACE_CURVE('',#14994,(#14999,#15006),.PCURVE_S1.);
#14994 = CIRCLE('',#14995,4.1);
#14995 = AXIS2_PLACEMENT_3D('',#14996,#14997,#14998);
#14996 = CARTESIAN_POINT('',(76.8,50.,116.4));
#14997 = DIRECTION('',(0.,0.,-1.));
#14998 = DIRECTION('',(0.170731707317,0.985317554962,0.));
#14999 = PCURVE('',#8309,#15000);
#15000 = DEFINITIONAL_REPRESENTATION('',(#15001),#15005);
#15001 = LINE('',#15002,#15003);
#15002 = CARTESIAN_POINT('',(7.682409401892,0.));
#15003 = VECTOR('',#15004,1.);
#15004 = DIRECTION('',(-1.,-0.));
#15005 = ( GEOMETRIC_REPRESENTATION_CONTEXT(2) 
PARAMETRIC_REPRESENTATION_CONTEXT() REPRESENTATION_CONTEXT('2D SPACE',''
  ) );
#15006 = PCURVE('',#15007,#15012);
#15007 = PLANE('',#15008);
#15008 = AXIS2_PLACEMENT_3D('',#15009,#15010,#15011);
#15009 = CARTESIAN_POINT('',(76.8,50.,116.4));
#15010 = DIRECTION('',(0.,0.,1.));
#15011 = DIRECTION('',(1.,0.,-0.));
#15012 = DEFINITIONAL_REPRESENTATION('',(#15013),#15021);
#15013 = ( BOUNDED_CURVE() B_SPLINE_CURVE(2,(#15014,#15015,#15016,#15017
    ,#15018,#15019,#15020),.UNSPECIFIED.,.T.,.F.) 
B_SPLINE_CURVE_WITH_KNOTS((1,2,2,2,2,1),(-2.094395102393,0.,
    2.094395102393,4.188790204786,6.28318530718,8.377580409573),
.UNSPECIFIED.) CURVE() GEOMETRIC_REPRESENTATION_ITEM() 
RATIONAL_B_SPLINE_CURVE((1.,0.5,1.,0.5,1.,0.5,1.)) REPRESENTATION_ITEM(
  '') );
#15014 = CARTESIAN_POINT('',(0.7,4.039801975345));
#15015 = CARTESIAN_POINT('',(7.697142273814,2.827366410047));
#15016 = CARTESIAN_POINT('',(3.148571136907,-2.626118770322));
#15017 = CARTESIAN_POINT('',(-1.4,-8.07960395069));
#15018 = CARTESIAN_POINT('',(-3.848571136907,-1.413683205023));
#15019 = CARTESIAN_POINT('',(-6.297142273814,5.252237540643));
#15020 = CARTESIAN_POINT('',(0.7,4.039801975345));
#15021 = ( GEOMETRIC_REPRESENTATION_CONTEXT(2) 
PARAMETRIC_REPRESENTATION_CONTEXT() REPRESENTATION_CONTEXT('2D SPACE',''
  ) );
#15022 = ORIENTED_EDGE('',*,*,#15023,.T.);
#15023 = EDGE_CURVE('',#14991,#11485,#15024,.T.);
#15024 = SURFACE_CURVE('',#15025,(#15029,#15035),.PCURVE_S1.);
#15025 = LINE('',#15026,#15027);
#15026 = CARTESIAN_POINT('',(77.5,54.039801975345,116.4));
#15027 = VECTOR('',#15028,1.);
#15028 = DIRECTION('',(0.,0.,1.));
#15029 = PCURVE('',#8309,#15030);
#15030 = DEFINITIONAL_REPRESENTATION('',(#15031),#15034);
#15031 = B_SPLINE_CURVE_WITH_KNOTS('',1,(#15032,#15033),.UNSPECIFIED.,
  .F.,.F.,(2,2),(0.,1.),.PIECEWISE_BEZIER_KNOTS.);
#15032 = CARTESIAN_POINT('',(7.682409401892,0.));
#15033 = CARTESIAN_POINT('',(7.682409401892,1.));
#15034 = ( GEOMETRIC_REPRESENTATION_CONTEXT(2) 
PARAMETRIC_REPRESENTATION_CONTEXT() REPRESENTATION_CONTEXT('2D SPACE',''
  ) );
#15035 = PCURVE('',#8751,#15036);
#15036 = DEFINITIONAL_REPRESENTATION('',(#15037),#15040);
#15037 = B_SPLINE_CURVE_WITH_KNOTS('',1,(#15038,#15039),.UNSPECIFIED.,
  .F.,.F.,(2,2),(-6.000000070117E-07,2.2),.PIECEWISE_BEZIER_KNOTS.);
#15038 = CARTESIAN_POINT('',(10.9999994,-120.0398019753));
#15039 = CARTESIAN_POINT('',(13.2,-120.0398019753));
#15040 = ( GEOMETRIC_REPRESENTATION_CONTEXT(2) 
PARAMETRIC_REPRESENTATION_CONTEXT() REPRESENTATION_CONTEXT('2D SPACE',''
  ) );
#15041 = ORIENTED_EDGE('',*,*,#11507,.F.);
#15042 = ORIENTED_EDGE('',*,*,#8294,.T.);
#15043 = ADVANCED_FACE('',(#15044),#8283,.F.);
#15044 = FACE_BOUND('',#15045,.F.);
#15045 = EDGE_LOOP('',(#15046,#15047,#15048,#15049));
#15046 = ORIENTED_EDGE('',*,*,#8533,.T.);
#15047 = ORIENTED_EDGE('',*,*,#14923,.T.);
#15048 = ORIENTED_EDGE('',*,*,#8268,.T.);
#15049 = ORIENTED_EDGE('',*,*,#8370,.T.);
#15050 = ADVANCED_FACE('',(#15051),#8501,.T.);
#15051 = FACE_BOUND('',#15052,.T.);
#15052 = EDGE_LOOP('',(#15053,#15054,#15055,#15076));
#15053 = ORIENTED_EDGE('',*,*,#8486,.F.);
#15054 = ORIENTED_EDGE('',*,*,#14946,.F.);
#15055 = ORIENTED_EDGE('',*,*,#15056,.F.);
#15056 = EDGE_CURVE('',#14293,#14947,#15057,.T.);
#15057 = SURFACE_CURVE('',#15058,(#15062,#15069),.PCURVE_S1.);
#15058 = LINE('',#15059,#15060);
#15059 = CARTESIAN_POINT('',(77.5,-66.,117.4));
#15060 = VECTOR('',#15061,1.);
#15061 = DIRECTION('',(0.,1.,0.));
#15062 = PCURVE('',#8501,#15063);
#15063 = DEFINITIONAL_REPRESENTATION('',(#15064),#15068);
#15064 = LINE('',#15065,#15066);
#15065 = CARTESIAN_POINT('',(0.,0.));
#15066 = VECTOR('',#15067,1.);
#15067 = DIRECTION('',(0.,1.));
#15068 = ( GEOMETRIC_REPRESENTATION_CONTEXT(2) 
PARAMETRIC_REPRESENTATION_CONTEXT() REPRESENTATION_CONTEXT('2D SPACE',''
  ) );
#15069 = PCURVE('',#8808,#15070);
#15070 = DEFINITIONAL_REPRESENTATION('',(#15071),#15075);
#15071 = LINE('',#15072,#15073);
#15072 = CARTESIAN_POINT('',(12.,0.));
#15073 = VECTOR('',#15074,1.);
#15074 = DIRECTION('',(0.,-1.));
#15075 = ( GEOMETRIC_REPRESENTATION_CONTEXT(2) 
PARAMETRIC_REPRESENTATION_CONTEXT() REPRESENTATION_CONTEXT('2D SPACE',''
  ) );
#15076 = ORIENTED_EDGE('',*,*,#14313,.F.);
#15077 = ADVANCED_FACE('',(#15078),#8572,.T.);
#15078 = FACE_BOUND('',#15079,.T.);
#15079 = EDGE_LOOP('',(#15080,#15081,#15104,#15131));
#15080 = ORIENTED_EDGE('',*,*,#8555,.F.);
#15081 = ORIENTED_EDGE('',*,*,#15082,.F.);
#15082 = EDGE_CURVE('',#15083,#8556,#15085,.T.);
#15083 = VERTEX_POINT('',#15084);
#15084 = CARTESIAN_POINT('',(76.05,25.,161.1));
#15085 = SEAM_CURVE('',#15086,(#15090,#15097),.PCURVE_S1.);
#15086 = LINE('',#15087,#15088);
#15087 = CARTESIAN_POINT('',(76.05,25.,161.1));
#15088 = VECTOR('',#15089,1.);
#15089 = DIRECTION('',(1.,0.,0.));
#15090 = PCURVE('',#8572,#15091);
#15091 = DEFINITIONAL_REPRESENTATION('',(#15092),#15096);
#15092 = LINE('',#15093,#15094);
#15093 = CARTESIAN_POINT('',(6.28318530718,-0.));
#15094 = VECTOR('',#15095,1.);
#15095 = DIRECTION('',(0.,1.));
#15096 = ( GEOMETRIC_REPRESENTATION_CONTEXT(2) 
PARAMETRIC_REPRESENTATION_CONTEXT() REPRESENTATION_CONTEXT('2D SPACE',''
  ) );
#15097 = PCURVE('',#8572,#15098);
#15098 = DEFINITIONAL_REPRESENTATION('',(#15099),#15103);
#15099 = LINE('',#15100,#15101);
#15100 = CARTESIAN_POINT('',(0.,-0.));
#15101 = VECTOR('',#15102,1.);
#15102 = DIRECTION('',(0.,1.));
#15103 = ( GEOMETRIC_REPRESENTATION_CONTEXT(2) 
PARAMETRIC_REPRESENTATION_CONTEXT() REPRESENTATION_CONTEXT('2D SPACE',''
  ) );
#15104 = ORIENTED_EDGE('',*,*,#15105,.T.);
#15105 = EDGE_CURVE('',#15083,#15083,#15106,.T.);
#15106 = SURFACE_CURVE('',#15107,(#15112,#15119),.PCURVE_S1.);
#15107 = CIRCLE('',#15108,5.1);
#15108 = AXIS2_PLACEMENT_3D('',#15109,#15110,#15111);
#15109 = CARTESIAN_POINT('',(76.05,25.,156.));
#15110 = DIRECTION('',(1.,0.,0.));
#15111 = DIRECTION('',(-0.,0.,1.));
#15112 = PCURVE('',#8572,#15113);
#15113 = DEFINITIONAL_REPRESENTATION('',(#15114),#15118);
#15114 = LINE('',#15115,#15116);
#15115 = CARTESIAN_POINT('',(0.,0.));
#15116 = VECTOR('',#15117,1.);
#15117 = DIRECTION('',(1.,0.));
#15118 = ( GEOMETRIC_REPRESENTATION_CONTEXT(2) 
PARAMETRIC_REPRESENTATION_CONTEXT() REPRESENTATION_CONTEXT('2D SPACE',''
  ) );
#15119 = PCURVE('',#15120,#15125);
#15120 = PLANE('',#15121);
#15121 = AXIS2_PLACEMENT_3D('',#15122,#15123,#15124);
#15122 = CARTESIAN_POINT('',(76.05,25.,156.));
#15123 = DIRECTION('',(1.,0.,0.));
#15124 = DIRECTION('',(-0.,0.,1.));
#15125 = DEFINITIONAL_REPRESENTATION('',(#15126),#15130);
#15126 = CIRCLE('',#15127,5.1);
#15127 = AXIS2_PLACEMENT_2D('',#15128,#15129);
#15128 = CARTESIAN_POINT('',(0.,0.));
#15129 = DIRECTION('',(1.,0.));
#15130 = ( GEOMETRIC_REPRESENTATION_CONTEXT(2) 
PARAMETRIC_REPRESENTATION_CONTEXT() REPRESENTATION_CONTEXT('2D SPACE',''
  ) );
#15131 = ORIENTED_EDGE('',*,*,#15082,.T.);
#15132 = ADVANCED_FACE('',(#15133),#9758,.T.);
#15133 = FACE_BOUND('',#15134,.T.);
#15134 = EDGE_LOOP('',(#15135,#15136,#15137,#15159,#15178,#15179));
#15135 = ORIENTED_EDGE('',*,*,#10904,.F.);
#15136 = ORIENTED_EDGE('',*,*,#14737,.F.);
#15137 = ORIENTED_EDGE('',*,*,#15138,.F.);
#15138 = EDGE_CURVE('',#15139,#14738,#15141,.T.);
#15139 = VERTEX_POINT('',#15140);
#15140 = CARTESIAN_POINT('',(-77.5,55.152669211195,116.4));
#15141 = SURFACE_CURVE('',#15142,(#15146,#15152),.PCURVE_S1.);
#15142 = LINE('',#15143,#15144);
#15143 = CARTESIAN_POINT('',(-77.5,-8.,116.4));
#15144 = VECTOR('',#15145,1.);
#15145 = DIRECTION('',(0.,-1.,0.));
#15146 = PCURVE('',#9758,#15147);
#15147 = DEFINITIONAL_REPRESENTATION('',(#15148),#15151);
#15148 = B_SPLINE_CURVE_WITH_KNOTS('',1,(#15149,#15150),.UNSPECIFIED.,
  .F.,.F.,(2,2),(-63.2,-52.8),.PIECEWISE_BEZIER_KNOTS.);
#15149 = CARTESIAN_POINT('',(11.,-121.2));
#15150 = CARTESIAN_POINT('',(11.,-110.8));
#15151 = ( GEOMETRIC_REPRESENTATION_CONTEXT(2) 
PARAMETRIC_REPRESENTATION_CONTEXT() REPRESENTATION_CONTEXT('2D SPACE',''
  ) );
#15152 = PCURVE('',#14775,#15153);
#15153 = DEFINITIONAL_REPRESENTATION('',(#15154),#15158);
#15154 = LINE('',#15155,#15156);
#15155 = CARTESIAN_POINT('',(-0.7,-58.));
#15156 = VECTOR('',#15157,1.);
#15157 = DIRECTION('',(0.,-1.));
#15158 = ( GEOMETRIC_REPRESENTATION_CONTEXT(2) 
PARAMETRIC_REPRESENTATION_CONTEXT() REPRESENTATION_CONTEXT('2D SPACE',''
  ) );
#15159 = ORIENTED_EDGE('',*,*,#15160,.T.);
#15160 = EDGE_CURVE('',#15139,#9710,#15161,.T.);
#15161 = SURFACE_CURVE('',#15162,(#15166,#15172),.PCURVE_S1.);
#15162 = LINE('',#15163,#15164);
#15163 = CARTESIAN_POINT('',(-77.5,55.152669211195,105.4));
#15164 = VECTOR('',#15165,1.);
#15165 = DIRECTION('',(-0.,-0.,-1.));
#15166 = PCURVE('',#9758,#15167);
#15167 = DEFINITIONAL_REPRESENTATION('',(#15168),#15171);
#15168 = B_SPLINE_CURVE_WITH_KNOTS('',1,(#15169,#15170),.UNSPECIFIED.,
  .F.,.F.,(2,2),(-11.0000006,6.000000070117E-07),
  .PIECEWISE_BEZIER_KNOTS.);
#15169 = CARTESIAN_POINT('',(11.0000006,-121.1526692111));
#15170 = CARTESIAN_POINT('',(-6.000000070117E-07,-121.1526692111));
#15171 = ( GEOMETRIC_REPRESENTATION_CONTEXT(2) 
PARAMETRIC_REPRESENTATION_CONTEXT() REPRESENTATION_CONTEXT('2D SPACE',''
  ) );
#15172 = PCURVE('',#9730,#15173);
#15173 = DEFINITIONAL_REPRESENTATION('',(#15174),#15177);
#15174 = B_SPLINE_CURVE_WITH_KNOTS('',1,(#15175,#15176),.UNSPECIFIED.,
  .F.,.F.,(2,2),(-11.,0.),.PIECEWISE_BEZIER_KNOTS.);
#15175 = CARTESIAN_POINT('',(-7.989006937857,-11.));
#15176 = CARTESIAN_POINT('',(-7.989006937857,0.));
#15177 = ( GEOMETRIC_REPRESENTATION_CONTEXT(2) 
PARAMETRIC_REPRESENTATION_CONTEXT() REPRESENTATION_CONTEXT('2D SPACE',''
  ) );
#15178 = ORIENTED_EDGE('',*,*,#9742,.T.);
#15179 = ORIENTED_EDGE('',*,*,#10854,.T.);
#15180 = ADVANCED_FACE('',(#15181),#9730,.T.);
#15181 = FACE_BOUND('',#15182,.F.);
#15182 = EDGE_LOOP('',(#15183,#15184,#15205,#15231));
#15183 = ORIENTED_EDGE('',*,*,#9709,.T.);
#15184 = ORIENTED_EDGE('',*,*,#15185,.F.);
#15185 = EDGE_CURVE('',#15186,#9687,#15188,.T.);
#15186 = VERTEX_POINT('',#15187);
#15187 = CARTESIAN_POINT('',(-77.5,44.847330788805,116.4));
#15188 = SURFACE_CURVE('',#15189,(#15193,#15199),.PCURVE_S1.);
#15189 = LINE('',#15190,#15191);
#15190 = CARTESIAN_POINT('',(-77.5,44.847330788805,105.4));
#15191 = VECTOR('',#15192,1.);
#15192 = DIRECTION('',(-0.,-0.,-1.));
#15193 = PCURVE('',#9730,#15194);
#15194 = DEFINITIONAL_REPRESENTATION('',(#15195),#15198);
#15195 = B_SPLINE_CURVE_WITH_KNOTS('',1,(#15196,#15197),.UNSPECIFIED.,
  .F.,.F.,(2,2),(-11.,0.),.PIECEWISE_BEZIER_KNOTS.);
#15196 = CARTESIAN_POINT('',(-4.577363676502,-11.));
#15197 = CARTESIAN_POINT('',(-4.577363676502,0.));
#15198 = ( GEOMETRIC_REPRESENTATION_CONTEXT(2) 
PARAMETRIC_REPRESENTATION_CONTEXT() REPRESENTATION_CONTEXT('2D SPACE',''
  ) );
#15199 = PCURVE('',#9596,#15200);
#15200 = DEFINITIONAL_REPRESENTATION('',(#15201),#15204);
#15201 = B_SPLINE_CURVE_WITH_KNOTS('',1,(#15202,#15203),.UNSPECIFIED.,
  .F.,.F.,(2,2),(-11.0000006,6.000000070117E-07),
  .PIECEWISE_BEZIER_KNOTS.);
#15202 = CARTESIAN_POINT('',(11.0000006,-110.8473307888));
#15203 = CARTESIAN_POINT('',(-6.000000070117E-07,-110.8473307888));
#15204 = ( GEOMETRIC_REPRESENTATION_CONTEXT(2) 
PARAMETRIC_REPRESENTATION_CONTEXT() REPRESENTATION_CONTEXT('2D SPACE',''
  ) );
#15205 = ORIENTED_EDGE('',*,*,#15206,.F.);
#15206 = EDGE_CURVE('',#15139,#15186,#15207,.T.);
#15207 = SURFACE_CURVE('',#15208,(#15213,#15220),.PCURVE_S1.);
#15208 = CIRCLE('',#15209,5.2);
#15209 = AXIS2_PLACEMENT_3D('',#15210,#15211,#15212);
#15210 = CARTESIAN_POINT('',(-76.8,50.,116.4));
#15211 = DIRECTION('',(0.,0.,-1.));
#15212 = DIRECTION('',(-0.134615384615,0.99089792523,0.));
#15213 = PCURVE('',#9730,#15214);
#15214 = DEFINITIONAL_REPRESENTATION('',(#15215),#15219);
#15215 = LINE('',#15216,#15217);
#15216 = CARTESIAN_POINT('',(-7.989006937857,-11.));
#15217 = VECTOR('',#15218,1.);
#15218 = DIRECTION('',(1.,-0.));
#15219 = ( GEOMETRIC_REPRESENTATION_CONTEXT(2) 
PARAMETRIC_REPRESENTATION_CONTEXT() REPRESENTATION_CONTEXT('2D SPACE',''
  ) );
#15220 = PCURVE('',#14775,#15221);
#15221 = DEFINITIONAL_REPRESENTATION('',(#15222),#15230);
#15222 = ( BOUNDED_CURVE() B_SPLINE_CURVE(2,(#15223,#15224,#15225,#15226
    ,#15227,#15228,#15229),.UNSPECIFIED.,.T.,.F.) 
B_SPLINE_CURVE_WITH_KNOTS((1,2,2,2,2,1),(-2.094395102393,0.,
    2.094395102393,4.188790204786,6.28318530718,8.377580409573),
.UNSPECIFIED.) CURVE() GEOMETRIC_REPRESENTATION_ITEM() 
RATIONAL_B_SPLINE_CURVE((1.,0.5,1.,0.5,1.,0.5,1.)) REPRESENTATION_ITEM(
  '') );
#15223 = CARTESIAN_POINT('',(-0.7,5.152669211195));
#15224 = CARTESIAN_POINT('',(8.224684868386,6.365104776494));
#15225 = CARTESIAN_POINT('',(4.812342434193,-1.970116822949));
#15226 = CARTESIAN_POINT('',(1.4,-10.30533842239));
#15227 = CARTESIAN_POINT('',(-4.112342434193,-3.182552388247));
#15228 = CARTESIAN_POINT('',(-9.624684868386,3.940233645897));
#15229 = CARTESIAN_POINT('',(-0.7,5.152669211195));
#15230 = ( GEOMETRIC_REPRESENTATION_CONTEXT(2) 
PARAMETRIC_REPRESENTATION_CONTEXT() REPRESENTATION_CONTEXT('2D SPACE',''
  ) );
#15231 = ORIENTED_EDGE('',*,*,#15160,.T.);
#15232 = ADVANCED_FACE('',(#15233),#9596,.T.);
#15233 = FACE_BOUND('',#15234,.T.);
#15234 = EDGE_LOOP('',(#15235,#15236,#15237,#15259,#15278,#15279,#15300,
    #15326,#15345,#15346,#15347,#15367));
#15235 = ORIENTED_EDGE('',*,*,#14844,.F.);
#15236 = ORIENTED_EDGE('',*,*,#13424,.F.);
#15237 = ORIENTED_EDGE('',*,*,#15238,.F.);
#15238 = EDGE_CURVE('',#15239,#13425,#15241,.T.);
#15239 = VERTEX_POINT('',#15240);
#15240 = CARTESIAN_POINT('',(-77.5,15.152669211195,116.4));
#15241 = SURFACE_CURVE('',#15242,(#15246,#15252),.PCURVE_S1.);
#15242 = LINE('',#15243,#15244);
#15243 = CARTESIAN_POINT('',(-77.5,-28.,116.4));
#15244 = VECTOR('',#15245,1.);
#15245 = DIRECTION('',(0.,-1.,0.));
#15246 = PCURVE('',#9596,#15247);
#15247 = DEFINITIONAL_REPRESENTATION('',(#15248),#15251);
#15248 = B_SPLINE_CURVE_WITH_KNOTS('',1,(#15249,#15250),.UNSPECIFIED.,
  .F.,.F.,(2,2),(-43.2,-32.8),.PIECEWISE_BEZIER_KNOTS.);
#15249 = CARTESIAN_POINT('',(11.,-81.2));
#15250 = CARTESIAN_POINT('',(11.,-70.8));
#15251 = ( GEOMETRIC_REPRESENTATION_CONTEXT(2) 
PARAMETRIC_REPRESENTATION_CONTEXT() REPRESENTATION_CONTEXT('2D SPACE',''
  ) );
#15252 = PCURVE('',#13462,#15253);
#15253 = DEFINITIONAL_REPRESENTATION('',(#15254),#15258);
#15254 = LINE('',#15255,#15256);
#15255 = CARTESIAN_POINT('',(-0.7,-38.));
#15256 = VECTOR('',#15257,1.);
#15257 = DIRECTION('',(0.,-1.));
#15258 = ( GEOMETRIC_REPRESENTATION_CONTEXT(2) 
PARAMETRIC_REPRESENTATION_CONTEXT() REPRESENTATION_CONTEXT('2D SPACE',''
  ) );
#15259 = ORIENTED_EDGE('',*,*,#15260,.T.);
#15260 = EDGE_CURVE('',#15239,#9548,#15261,.T.);
#15261 = SURFACE_CURVE('',#15262,(#15266,#15272),.PCURVE_S1.);
#15262 = LINE('',#15263,#15264);
#15263 = CARTESIAN_POINT('',(-77.5,15.152669211195,105.4));
#15264 = VECTOR('',#15265,1.);
#15265 = DIRECTION('',(-0.,-0.,-1.));
#15266 = PCURVE('',#9596,#15267);
#15267 = DEFINITIONAL_REPRESENTATION('',(#15268),#15271);
#15268 = B_SPLINE_CURVE_WITH_KNOTS('',1,(#15269,#15270),.UNSPECIFIED.,
  .F.,.F.,(2,2),(-11.0000006,6.000000070117E-07),
  .PIECEWISE_BEZIER_KNOTS.);
#15269 = CARTESIAN_POINT('',(11.0000006,-81.15266921119));
#15270 = CARTESIAN_POINT('',(-6.000000070117E-07,-81.15266921119));
#15271 = ( GEOMETRIC_REPRESENTATION_CONTEXT(2) 
PARAMETRIC_REPRESENTATION_CONTEXT() REPRESENTATION_CONTEXT('2D SPACE',''
  ) );
#15272 = PCURVE('',#9568,#15273);
#15273 = DEFINITIONAL_REPRESENTATION('',(#15274),#15277);
#15274 = B_SPLINE_CURVE_WITH_KNOTS('',1,(#15275,#15276),.UNSPECIFIED.,
  .F.,.F.,(2,2),(-11.,0.),.PIECEWISE_BEZIER_KNOTS.);
#15275 = CARTESIAN_POINT('',(-7.989006937857,-11.));
#15276 = CARTESIAN_POINT('',(-7.989006937857,0.));
#15277 = ( GEOMETRIC_REPRESENTATION_CONTEXT(2) 
PARAMETRIC_REPRESENTATION_CONTEXT() REPRESENTATION_CONTEXT('2D SPACE',''
  ) );
#15278 = ORIENTED_EDGE('',*,*,#9580,.T.);
#15279 = ORIENTED_EDGE('',*,*,#15280,.T.);
#15280 = EDGE_CURVE('',#9581,#15281,#15283,.T.);
#15281 = VERTEX_POINT('',#15282);
#15282 = CARTESIAN_POINT('',(-77.5,17.7,111.5));
#15283 = SURFACE_CURVE('',#15284,(#15288,#15294),.PCURVE_S1.);
#15284 = LINE('',#15285,#15286);
#15285 = CARTESIAN_POINT('',(-77.5,17.7,103.95));
#15286 = VECTOR('',#15287,1.);
#15287 = DIRECTION('',(0.,0.,1.));
#15288 = PCURVE('',#9596,#15289);
#15289 = DEFINITIONAL_REPRESENTATION('',(#15290),#15293);
#15290 = B_SPLINE_CURVE_WITH_KNOTS('',1,(#15291,#15292),.UNSPECIFIED.,
  .F.,.F.,(2,2),(1.45,7.55),.PIECEWISE_BEZIER_KNOTS.);
#15291 = CARTESIAN_POINT('',(0.,-83.7));
#15292 = CARTESIAN_POINT('',(6.1,-83.7));
#15293 = ( GEOMETRIC_REPRESENTATION_CONTEXT(2) 
PARAMETRIC_REPRESENTATION_CONTEXT() REPRESENTATION_CONTEXT('2D SPACE',''
  ) );
#15294 = PCURVE('',#9623,#15295);
#15295 = DEFINITIONAL_REPRESENTATION('',(#15296),#15299);
#15296 = B_SPLINE_CURVE_WITH_KNOTS('',1,(#15297,#15298),.UNSPECIFIED.,
  .F.,.F.,(2,2),(1.45,7.55),.PIECEWISE_BEZIER_KNOTS.);
#15297 = CARTESIAN_POINT('',(2.9,3.1));
#15298 = CARTESIAN_POINT('',(9.,3.1));
#15299 = ( GEOMETRIC_REPRESENTATION_CONTEXT(2) 
PARAMETRIC_REPRESENTATION_CONTEXT() REPRESENTATION_CONTEXT('2D SPACE',''
  ) );
#15300 = ORIENTED_EDGE('',*,*,#15301,.F.);
#15301 = EDGE_CURVE('',#15302,#15281,#15304,.T.);
#15302 = VERTEX_POINT('',#15303);
#15303 = CARTESIAN_POINT('',(-77.5,32.3,111.5));
#15304 = SURFACE_CURVE('',#15305,(#15309,#15315),.PCURVE_S1.);
#15305 = LINE('',#15306,#15307);
#15306 = CARTESIAN_POINT('',(-77.5,-24.15,111.5));
#15307 = VECTOR('',#15308,1.);
#15308 = DIRECTION('',(0.,-1.,0.));
#15309 = PCURVE('',#9596,#15310);
#15310 = DEFINITIONAL_REPRESENTATION('',(#15311),#15314);
#15311 = B_SPLINE_CURVE_WITH_KNOTS('',1,(#15312,#15313),.UNSPECIFIED.,
  .F.,.F.,(2,2),(-56.45,-41.85),.PIECEWISE_BEZIER_KNOTS.);
#15312 = CARTESIAN_POINT('',(6.1,-98.3));
#15313 = CARTESIAN_POINT('',(6.1,-83.7));
#15314 = ( GEOMETRIC_REPRESENTATION_CONTEXT(2) 
PARAMETRIC_REPRESENTATION_CONTEXT() REPRESENTATION_CONTEXT('2D SPACE',''
  ) );
#15315 = PCURVE('',#15316,#15321);
#15316 = PLANE('',#15317);
#15317 = AXIS2_PLACEMENT_3D('',#15318,#15319,#15320);
#15318 = CARTESIAN_POINT('',(-80.6,17.7,111.5));
#15319 = DIRECTION('',(0.,0.,1.));
#15320 = DIRECTION('',(1.,0.,0.));
#15321 = DEFINITIONAL_REPRESENTATION('',(#15322),#15325);
#15322 = B_SPLINE_CURVE_WITH_KNOTS('',1,(#15323,#15324),.UNSPECIFIED.,
  .F.,.F.,(2,2),(-56.45,-41.85),.PIECEWISE_BEZIER_KNOTS.);
#15323 = CARTESIAN_POINT('',(3.1,14.6));
#15324 = CARTESIAN_POINT('',(3.1,0.));
#15325 = ( GEOMETRIC_REPRESENTATION_CONTEXT(2) 
PARAMETRIC_REPRESENTATION_CONTEXT() REPRESENTATION_CONTEXT('2D SPACE',''
  ) );
#15326 = ORIENTED_EDGE('',*,*,#15327,.F.);
#15327 = EDGE_CURVE('',#9661,#15302,#15328,.T.);
#15328 = SURFACE_CURVE('',#15329,(#15333,#15339),.PCURVE_S1.);
#15329 = LINE('',#15330,#15331);
#15330 = CARTESIAN_POINT('',(-77.5,32.3,103.95));
#15331 = VECTOR('',#15332,1.);
#15332 = DIRECTION('',(0.,0.,1.));
#15333 = PCURVE('',#9596,#15334);
#15334 = DEFINITIONAL_REPRESENTATION('',(#15335),#15338);
#15335 = B_SPLINE_CURVE_WITH_KNOTS('',1,(#15336,#15337),.UNSPECIFIED.,
  .F.,.F.,(2,2),(1.45,7.55),.PIECEWISE_BEZIER_KNOTS.);
#15336 = CARTESIAN_POINT('',(0.,-98.3));
#15337 = CARTESIAN_POINT('',(6.1,-98.3));
#15338 = ( GEOMETRIC_REPRESENTATION_CONTEXT(2) 
PARAMETRIC_REPRESENTATION_CONTEXT() REPRESENTATION_CONTEXT('2D SPACE',''
  ) );
#15339 = PCURVE('',#9675,#15340);
#15340 = DEFINITIONAL_REPRESENTATION('',(#15341),#15344);
#15341 = B_SPLINE_CURVE_WITH_KNOTS('',1,(#15342,#15343),.UNSPECIFIED.,
  .F.,.F.,(2,2),(1.45,7.55),.PIECEWISE_BEZIER_KNOTS.);
#15342 = CARTESIAN_POINT('',(2.9,3.1));
#15343 = CARTESIAN_POINT('',(9.,3.1));
#15344 = ( GEOMETRIC_REPRESENTATION_CONTEXT(2) 
PARAMETRIC_REPRESENTATION_CONTEXT() REPRESENTATION_CONTEXT('2D SPACE',''
  ) );
#15345 = ORIENTED_EDGE('',*,*,#9686,.T.);
#15346 = ORIENTED_EDGE('',*,*,#15185,.F.);
#15347 = ORIENTED_EDGE('',*,*,#15348,.F.);
#15348 = EDGE_CURVE('',#14759,#15186,#15349,.T.);
#15349 = SURFACE_CURVE('',#15350,(#15354,#15360),.PCURVE_S1.);
#15350 = LINE('',#15351,#15352);
#15351 = CARTESIAN_POINT('',(-77.5,-8.,116.4));
#15352 = VECTOR('',#15353,1.);
#15353 = DIRECTION('',(0.,-1.,0.));
#15354 = PCURVE('',#9596,#15355);
#15355 = DEFINITIONAL_REPRESENTATION('',(#15356),#15359);
#15356 = B_SPLINE_CURVE_WITH_KNOTS('',1,(#15357,#15358),.UNSPECIFIED.,
  .F.,.F.,(2,2),(-63.2,-52.8),.PIECEWISE_BEZIER_KNOTS.);
#15357 = CARTESIAN_POINT('',(11.,-121.2));
#15358 = CARTESIAN_POINT('',(11.,-110.8));
#15359 = ( GEOMETRIC_REPRESENTATION_CONTEXT(2) 
PARAMETRIC_REPRESENTATION_CONTEXT() REPRESENTATION_CONTEXT('2D SPACE',''
  ) );
#15360 = PCURVE('',#14775,#15361);
#15361 = DEFINITIONAL_REPRESENTATION('',(#15362),#15366);
#15362 = LINE('',#15363,#15364);
#15363 = CARTESIAN_POINT('',(-0.7,-58.));
#15364 = VECTOR('',#15365,1.);
#15365 = DIRECTION('',(0.,-1.));
#15366 = ( GEOMETRIC_REPRESENTATION_CONTEXT(2) 
PARAMETRIC_REPRESENTATION_CONTEXT() REPRESENTATION_CONTEXT('2D SPACE',''
  ) );
#15367 = ORIENTED_EDGE('',*,*,#14787,.T.);
#15368 = ADVANCED_FACE('',(#15369),#9675,.F.);
#15369 = FACE_BOUND('',#15370,.F.);
#15370 = EDGE_LOOP('',(#15371,#15372,#15395,#15416));
#15371 = ORIENTED_EDGE('',*,*,#9660,.T.);
#15372 = ORIENTED_EDGE('',*,*,#15373,.T.);
#15373 = EDGE_CURVE('',#9635,#15374,#15376,.T.);
#15374 = VERTEX_POINT('',#15375);
#15375 = CARTESIAN_POINT('',(-80.6,32.3,111.5));
#15376 = SURFACE_CURVE('',#15377,(#15381,#15388),.PCURVE_S1.);
#15377 = LINE('',#15378,#15379);
#15378 = CARTESIAN_POINT('',(-80.6,32.3,102.5));
#15379 = VECTOR('',#15380,1.);
#15380 = DIRECTION('',(0.,0.,1.));
#15381 = PCURVE('',#9675,#15382);
#15382 = DEFINITIONAL_REPRESENTATION('',(#15383),#15387);
#15383 = LINE('',#15384,#15385);
#15384 = CARTESIAN_POINT('',(0.,0.));
#15385 = VECTOR('',#15386,1.);
#15386 = DIRECTION('',(1.,0.));
#15387 = ( GEOMETRIC_REPRESENTATION_CONTEXT(2) 
PARAMETRIC_REPRESENTATION_CONTEXT() REPRESENTATION_CONTEXT('2D SPACE',''
  ) );
#15388 = PCURVE('',#9649,#15389);
#15389 = DEFINITIONAL_REPRESENTATION('',(#15390),#15394);
#15390 = LINE('',#15391,#15392);
#15391 = CARTESIAN_POINT('',(0.,-14.6));
#15392 = VECTOR('',#15393,1.);
#15393 = DIRECTION('',(1.,0.));
#15394 = ( GEOMETRIC_REPRESENTATION_CONTEXT(2) 
PARAMETRIC_REPRESENTATION_CONTEXT() REPRESENTATION_CONTEXT('2D SPACE',''
  ) );
#15395 = ORIENTED_EDGE('',*,*,#15396,.T.);
#15396 = EDGE_CURVE('',#15374,#15302,#15397,.T.);
#15397 = SURFACE_CURVE('',#15398,(#15402,#15409),.PCURVE_S1.);
#15398 = LINE('',#15399,#15400);
#15399 = CARTESIAN_POINT('',(-80.6,32.3,111.5));
#15400 = VECTOR('',#15401,1.);
#15401 = DIRECTION('',(1.,0.,0.));
#15402 = PCURVE('',#9675,#15403);
#15403 = DEFINITIONAL_REPRESENTATION('',(#15404),#15408);
#15404 = LINE('',#15405,#15406);
#15405 = CARTESIAN_POINT('',(9.,0.));
#15406 = VECTOR('',#15407,1.);
#15407 = DIRECTION('',(0.,1.));
#15408 = ( GEOMETRIC_REPRESENTATION_CONTEXT(2) 
PARAMETRIC_REPRESENTATION_CONTEXT() REPRESENTATION_CONTEXT('2D SPACE',''
  ) );
#15409 = PCURVE('',#15316,#15410);
#15410 = DEFINITIONAL_REPRESENTATION('',(#15411),#15415);
#15411 = LINE('',#15412,#15413);
#15412 = CARTESIAN_POINT('',(0.,14.6));
#15413 = VECTOR('',#15414,1.);
#15414 = DIRECTION('',(1.,0.));
#15415 = ( GEOMETRIC_REPRESENTATION_CONTEXT(2) 
PARAMETRIC_REPRESENTATION_CONTEXT() REPRESENTATION_CONTEXT('2D SPACE',''
  ) );
#15416 = ORIENTED_EDGE('',*,*,#15327,.F.);
#15417 = ADVANCED_FACE('',(#15418),#9649,.T.);
#15418 = FACE_BOUND('',#15419,.T.);
#15419 = EDGE_LOOP('',(#15420,#15443,#15444,#15445));
#15420 = ORIENTED_EDGE('',*,*,#15421,.F.);
#15421 = EDGE_CURVE('',#9609,#15422,#15424,.T.);
#15422 = VERTEX_POINT('',#15423);
#15423 = CARTESIAN_POINT('',(-80.6,17.7,111.5));
#15424 = SURFACE_CURVE('',#15425,(#15429,#15436),.PCURVE_S1.);
#15425 = LINE('',#15426,#15427);
#15426 = CARTESIAN_POINT('',(-80.6,17.7,102.5));
#15427 = VECTOR('',#15428,1.);
#15428 = DIRECTION('',(0.,0.,1.));
#15429 = PCURVE('',#9649,#15430);
#15430 = DEFINITIONAL_REPRESENTATION('',(#15431),#15435);
#15431 = LINE('',#15432,#15433);
#15432 = CARTESIAN_POINT('',(0.,0.));
#15433 = VECTOR('',#15434,1.);
#15434 = DIRECTION('',(1.,0.));
#15435 = ( GEOMETRIC_REPRESENTATION_CONTEXT(2) 
PARAMETRIC_REPRESENTATION_CONTEXT() REPRESENTATION_CONTEXT('2D SPACE',''
  ) );
#15436 = PCURVE('',#9623,#15437);
#15437 = DEFINITIONAL_REPRESENTATION('',(#15438),#15442);
#15438 = LINE('',#15439,#15440);
#15439 = CARTESIAN_POINT('',(0.,0.));
#15440 = VECTOR('',#15441,1.);
#15441 = DIRECTION('',(1.,0.));
#15442 = ( GEOMETRIC_REPRESENTATION_CONTEXT(2) 
PARAMETRIC_REPRESENTATION_CONTEXT() REPRESENTATION_CONTEXT('2D SPACE',''
  ) );
#15443 = ORIENTED_EDGE('',*,*,#9634,.T.);
#15444 = ORIENTED_EDGE('',*,*,#15373,.T.);
#15445 = ORIENTED_EDGE('',*,*,#15446,.F.);
#15446 = EDGE_CURVE('',#15422,#15374,#15447,.T.);
#15447 = SURFACE_CURVE('',#15448,(#15452,#15459),.PCURVE_S1.);
#15448 = LINE('',#15449,#15450);
#15449 = CARTESIAN_POINT('',(-80.6,17.7,111.5));
#15450 = VECTOR('',#15451,1.);
#15451 = DIRECTION('',(0.,1.,0.));
#15452 = PCURVE('',#9649,#15453);
#15453 = DEFINITIONAL_REPRESENTATION('',(#15454),#15458);
#15454 = LINE('',#15455,#15456);
#15455 = CARTESIAN_POINT('',(9.,0.));
#15456 = VECTOR('',#15457,1.);
#15457 = DIRECTION('',(0.,-1.));
#15458 = ( GEOMETRIC_REPRESENTATION_CONTEXT(2) 
PARAMETRIC_REPRESENTATION_CONTEXT() REPRESENTATION_CONTEXT('2D SPACE',''
  ) );
#15459 = PCURVE('',#15316,#15460);
#15460 = DEFINITIONAL_REPRESENTATION('',(#15461),#15465);
#15461 = LINE('',#15462,#15463);
#15462 = CARTESIAN_POINT('',(0.,0.));
#15463 = VECTOR('',#15464,1.);
#15464 = DIRECTION('',(0.,1.));
#15465 = ( GEOMETRIC_REPRESENTATION_CONTEXT(2) 
PARAMETRIC_REPRESENTATION_CONTEXT() REPRESENTATION_CONTEXT('2D SPACE',''
  ) );
#15466 = ADVANCED_FACE('',(#15467),#9623,.T.);
#15467 = FACE_BOUND('',#15468,.T.);
#15468 = EDGE_LOOP('',(#15469,#15470,#15471,#15492));
#15469 = ORIENTED_EDGE('',*,*,#9608,.T.);
#15470 = ORIENTED_EDGE('',*,*,#15421,.T.);
#15471 = ORIENTED_EDGE('',*,*,#15472,.T.);
#15472 = EDGE_CURVE('',#15422,#15281,#15473,.T.);
#15473 = SURFACE_CURVE('',#15474,(#15478,#15485),.PCURVE_S1.);
#15474 = LINE('',#15475,#15476);
#15475 = CARTESIAN_POINT('',(-80.6,17.7,111.5));
#15476 = VECTOR('',#15477,1.);
#15477 = DIRECTION('',(1.,0.,0.));
#15478 = PCURVE('',#9623,#15479);
#15479 = DEFINITIONAL_REPRESENTATION('',(#15480),#15484);
#15480 = LINE('',#15481,#15482);
#15481 = CARTESIAN_POINT('',(9.,0.));
#15482 = VECTOR('',#15483,1.);
#15483 = DIRECTION('',(0.,1.));
#15484 = ( GEOMETRIC_REPRESENTATION_CONTEXT(2) 
PARAMETRIC_REPRESENTATION_CONTEXT() REPRESENTATION_CONTEXT('2D SPACE',''
  ) );
#15485 = PCURVE('',#15316,#15486);
#15486 = DEFINITIONAL_REPRESENTATION('',(#15487),#15491);
#15487 = LINE('',#15488,#15489);
#15488 = CARTESIAN_POINT('',(0.,0.));
#15489 = VECTOR('',#15490,1.);
#15490 = DIRECTION('',(1.,0.));
#15491 = ( GEOMETRIC_REPRESENTATION_CONTEXT(2) 
PARAMETRIC_REPRESENTATION_CONTEXT() REPRESENTATION_CONTEXT('2D SPACE',''
  ) );
#15492 = ORIENTED_EDGE('',*,*,#15280,.F.);
#15493 = ADVANCED_FACE('',(#15494),#9568,.T.);
#15494 = FACE_BOUND('',#15495,.F.);
#15495 = EDGE_LOOP('',(#15496,#15497,#15518,#15544));
#15496 = ORIENTED_EDGE('',*,*,#9547,.T.);
#15497 = ORIENTED_EDGE('',*,*,#15498,.F.);
#15498 = EDGE_CURVE('',#15499,#9520,#15501,.T.);
#15499 = VERTEX_POINT('',#15500);
#15500 = CARTESIAN_POINT('',(-77.5,4.847330788805,116.4));
#15501 = SURFACE_CURVE('',#15502,(#15506,#15512),.PCURVE_S1.);
#15502 = LINE('',#15503,#15504);
#15503 = CARTESIAN_POINT('',(-77.5,4.847330788805,105.4));
#15504 = VECTOR('',#15505,1.);
#15505 = DIRECTION('',(-0.,-0.,-1.));
#15506 = PCURVE('',#9568,#15507);
#15507 = DEFINITIONAL_REPRESENTATION('',(#15508),#15511);
#15508 = B_SPLINE_CURVE_WITH_KNOTS('',1,(#15509,#15510),.UNSPECIFIED.,
  .F.,.F.,(2,2),(-11.,0.),.PIECEWISE_BEZIER_KNOTS.);
#15509 = CARTESIAN_POINT('',(-4.577363676502,-11.));
#15510 = CARTESIAN_POINT('',(-4.577363676502,0.));
#15511 = ( GEOMETRIC_REPRESENTATION_CONTEXT(2) 
PARAMETRIC_REPRESENTATION_CONTEXT() REPRESENTATION_CONTEXT('2D SPACE',''
  ) );
#15512 = PCURVE('',#9535,#15513);
#15513 = DEFINITIONAL_REPRESENTATION('',(#15514),#15517);
#15514 = B_SPLINE_CURVE_WITH_KNOTS('',1,(#15515,#15516),.UNSPECIFIED.,
  .F.,.F.,(2,2),(-11.0000006,6.000000070117E-07),
  .PIECEWISE_BEZIER_KNOTS.);
#15515 = CARTESIAN_POINT('',(11.0000006,-70.8473307888));
#15516 = CARTESIAN_POINT('',(-6.000000070117E-07,-70.8473307888));
#15517 = ( GEOMETRIC_REPRESENTATION_CONTEXT(2) 
PARAMETRIC_REPRESENTATION_CONTEXT() REPRESENTATION_CONTEXT('2D SPACE',''
  ) );
#15518 = ORIENTED_EDGE('',*,*,#15519,.F.);
#15519 = EDGE_CURVE('',#15239,#15499,#15520,.T.);
#15520 = SURFACE_CURVE('',#15521,(#15526,#15533),.PCURVE_S1.);
#15521 = CIRCLE('',#15522,5.2);
#15522 = AXIS2_PLACEMENT_3D('',#15523,#15524,#15525);
#15523 = CARTESIAN_POINT('',(-76.8,10.,116.4));
#15524 = DIRECTION('',(0.,0.,-1.));
#15525 = DIRECTION('',(-0.134615384615,0.99089792523,0.));
#15526 = PCURVE('',#9568,#15527);
#15527 = DEFINITIONAL_REPRESENTATION('',(#15528),#15532);
#15528 = LINE('',#15529,#15530);
#15529 = CARTESIAN_POINT('',(-7.989006937857,-11.));
#15530 = VECTOR('',#15531,1.);
#15531 = DIRECTION('',(1.,-0.));
#15532 = ( GEOMETRIC_REPRESENTATION_CONTEXT(2) 
PARAMETRIC_REPRESENTATION_CONTEXT() REPRESENTATION_CONTEXT('2D SPACE',''
  ) );
#15533 = PCURVE('',#13462,#15534);
#15534 = DEFINITIONAL_REPRESENTATION('',(#15535),#15543);
#15535 = ( BOUNDED_CURVE() B_SPLINE_CURVE(2,(#15536,#15537,#15538,#15539
    ,#15540,#15541,#15542),.UNSPECIFIED.,.T.,.F.) 
B_SPLINE_CURVE_WITH_KNOTS((1,2,2,2,2,1),(-2.094395102393,0.,
    2.094395102393,4.188790204786,6.28318530718,8.377580409573),
.UNSPECIFIED.) CURVE() GEOMETRIC_REPRESENTATION_ITEM() 
RATIONAL_B_SPLINE_CURVE((1.,0.5,1.,0.5,1.,0.5,1.)) REPRESENTATION_ITEM(
  '') );
#15536 = CARTESIAN_POINT('',(-0.7,5.152669211195));
#15537 = CARTESIAN_POINT('',(8.224684868386,6.365104776494));
#15538 = CARTESIAN_POINT('',(4.812342434193,-1.970116822949));
#15539 = CARTESIAN_POINT('',(1.4,-10.30533842239));
#15540 = CARTESIAN_POINT('',(-4.112342434193,-3.182552388247));
#15541 = CARTESIAN_POINT('',(-9.624684868386,3.940233645897));
#15542 = CARTESIAN_POINT('',(-0.7,5.152669211195));
#15543 = ( GEOMETRIC_REPRESENTATION_CONTEXT(2) 
PARAMETRIC_REPRESENTATION_CONTEXT() REPRESENTATION_CONTEXT('2D SPACE',''
  ) );
#15544 = ORIENTED_EDGE('',*,*,#15260,.T.);
#15545 = ADVANCED_FACE('',(#15546),#9535,.T.);
#15546 = FACE_BOUND('',#15547,.T.);
#15547 = EDGE_LOOP('',(#15548,#15549,#15550,#15572,#15591,#15592,#15593,
    #15613));
#15548 = ORIENTED_EDGE('',*,*,#13547,.F.);
#15549 = ORIENTED_EDGE('',*,*,#13595,.F.);
#15550 = ORIENTED_EDGE('',*,*,#15551,.F.);
#15551 = EDGE_CURVE('',#15552,#13596,#15554,.T.);
#15552 = VERTEX_POINT('',#15553);
#15553 = CARTESIAN_POINT('',(-77.5,-44.8473307888,116.4));
#15554 = SURFACE_CURVE('',#15555,(#15559,#15565),.PCURVE_S1.);
#15555 = LINE('',#15556,#15557);
#15556 = CARTESIAN_POINT('',(-77.5,-58.,116.4));
#15557 = VECTOR('',#15558,1.);
#15558 = DIRECTION('',(0.,-1.,0.));
#15559 = PCURVE('',#9535,#15560);
#15560 = DEFINITIONAL_REPRESENTATION('',(#15561),#15564);
#15561 = B_SPLINE_CURVE_WITH_KNOTS('',1,(#15562,#15563),.UNSPECIFIED.,
  .F.,.F.,(2,2),(-13.2,-2.8),.PIECEWISE_BEZIER_KNOTS.);
#15562 = CARTESIAN_POINT('',(11.,-21.2));
#15563 = CARTESIAN_POINT('',(11.,-10.8));
#15564 = ( GEOMETRIC_REPRESENTATION_CONTEXT(2) 
PARAMETRIC_REPRESENTATION_CONTEXT() REPRESENTATION_CONTEXT('2D SPACE',''
  ) );
#15565 = PCURVE('',#13633,#15566);
#15566 = DEFINITIONAL_REPRESENTATION('',(#15567),#15571);
#15567 = LINE('',#15568,#15569);
#15568 = CARTESIAN_POINT('',(-0.7,-8.));
#15569 = VECTOR('',#15570,1.);
#15570 = DIRECTION('',(0.,-1.));
#15571 = ( GEOMETRIC_REPRESENTATION_CONTEXT(2) 
PARAMETRIC_REPRESENTATION_CONTEXT() REPRESENTATION_CONTEXT('2D SPACE',''
  ) );
#15572 = ORIENTED_EDGE('',*,*,#15573,.T.);
#15573 = EDGE_CURVE('',#15552,#9487,#15574,.T.);
#15574 = SURFACE_CURVE('',#15575,(#15579,#15585),.PCURVE_S1.);
#15575 = LINE('',#15576,#15577);
#15576 = CARTESIAN_POINT('',(-77.5,-44.8473307888,105.4));
#15577 = VECTOR('',#15578,1.);
#15578 = DIRECTION('',(-0.,-0.,-1.));
#15579 = PCURVE('',#9535,#15580);
#15580 = DEFINITIONAL_REPRESENTATION('',(#15581),#15584);
#15581 = B_SPLINE_CURVE_WITH_KNOTS('',1,(#15582,#15583),.UNSPECIFIED.,
  .F.,.F.,(2,2),(-11.0000006,6.000000070117E-07),
  .PIECEWISE_BEZIER_KNOTS.);
#15582 = CARTESIAN_POINT('',(11.0000006,-21.15266921119));
#15583 = CARTESIAN_POINT('',(-6.000000070117E-07,-21.15266921119));
#15584 = ( GEOMETRIC_REPRESENTATION_CONTEXT(2) 
PARAMETRIC_REPRESENTATION_CONTEXT() REPRESENTATION_CONTEXT('2D SPACE',''
  ) );
#15585 = PCURVE('',#9507,#15586);
#15586 = DEFINITIONAL_REPRESENTATION('',(#15587),#15590);
#15587 = B_SPLINE_CURVE_WITH_KNOTS('',1,(#15588,#15589),.UNSPECIFIED.,
  .F.,.F.,(2,2),(-11.,0.),.PIECEWISE_BEZIER_KNOTS.);
#15588 = CARTESIAN_POINT('',(-7.989006937857,-11.));
#15589 = CARTESIAN_POINT('',(-7.989006937857,0.));
#15590 = ( GEOMETRIC_REPRESENTATION_CONTEXT(2) 
PARAMETRIC_REPRESENTATION_CONTEXT() REPRESENTATION_CONTEXT('2D SPACE',''
  ) );
#15591 = ORIENTED_EDGE('',*,*,#9519,.T.);
#15592 = ORIENTED_EDGE('',*,*,#15498,.F.);
#15593 = ORIENTED_EDGE('',*,*,#15594,.F.);
#15594 = EDGE_CURVE('',#13446,#15499,#15595,.T.);
#15595 = SURFACE_CURVE('',#15596,(#15600,#15606),.PCURVE_S1.);
#15596 = LINE('',#15597,#15598);
#15597 = CARTESIAN_POINT('',(-77.5,-28.,116.4));
#15598 = VECTOR('',#15599,1.);
#15599 = DIRECTION('',(0.,-1.,0.));
#15600 = PCURVE('',#9535,#15601);
#15601 = DEFINITIONAL_REPRESENTATION('',(#15602),#15605);
#15602 = B_SPLINE_CURVE_WITH_KNOTS('',1,(#15603,#15604),.UNSPECIFIED.,
  .F.,.F.,(2,2),(-43.2,-32.8),.PIECEWISE_BEZIER_KNOTS.);
#15603 = CARTESIAN_POINT('',(11.,-81.2));
#15604 = CARTESIAN_POINT('',(11.,-70.8));
#15605 = ( GEOMETRIC_REPRESENTATION_CONTEXT(2) 
PARAMETRIC_REPRESENTATION_CONTEXT() REPRESENTATION_CONTEXT('2D SPACE',''
  ) );
#15606 = PCURVE('',#13462,#15607);
#15607 = DEFINITIONAL_REPRESENTATION('',(#15608),#15612);
#15608 = LINE('',#15609,#15610);
#15609 = CARTESIAN_POINT('',(-0.7,-38.));
#15610 = VECTOR('',#15611,1.);
#15611 = DIRECTION('',(0.,-1.));
#15612 = ( GEOMETRIC_REPRESENTATION_CONTEXT(2) 
PARAMETRIC_REPRESENTATION_CONTEXT() REPRESENTATION_CONTEXT('2D SPACE',''
  ) );
#15613 = ORIENTED_EDGE('',*,*,#13474,.T.);
#15614 = ADVANCED_FACE('',(#15615),#9507,.T.);
#15615 = FACE_BOUND('',#15616,.F.);
#15616 = EDGE_LOOP('',(#15617,#15618,#15639,#15665));
#15617 = ORIENTED_EDGE('',*,*,#9486,.T.);
#15618 = ORIENTED_EDGE('',*,*,#15619,.F.);
#15619 = EDGE_CURVE('',#15620,#9459,#15622,.T.);
#15620 = VERTEX_POINT('',#15621);
#15621 = CARTESIAN_POINT('',(-77.5,-55.15266921119,116.4));
#15622 = SURFACE_CURVE('',#15623,(#15627,#15633),.PCURVE_S1.);
#15623 = LINE('',#15624,#15625);
#15624 = CARTESIAN_POINT('',(-77.5,-55.15266921119,105.4));
#15625 = VECTOR('',#15626,1.);
#15626 = DIRECTION('',(-0.,-0.,-1.));
#15627 = PCURVE('',#9507,#15628);
#15628 = DEFINITIONAL_REPRESENTATION('',(#15629),#15632);
#15629 = B_SPLINE_CURVE_WITH_KNOTS('',1,(#15630,#15631),.UNSPECIFIED.,
  .F.,.F.,(2,2),(-11.,0.),.PIECEWISE_BEZIER_KNOTS.);
#15630 = CARTESIAN_POINT('',(-4.577363676502,-11.));
#15631 = CARTESIAN_POINT('',(-4.577363676502,0.));
#15632 = ( GEOMETRIC_REPRESENTATION_CONTEXT(2) 
PARAMETRIC_REPRESENTATION_CONTEXT() REPRESENTATION_CONTEXT('2D SPACE',''
  ) );
#15633 = PCURVE('',#9474,#15634);
#15634 = DEFINITIONAL_REPRESENTATION('',(#15635),#15638);
#15635 = B_SPLINE_CURVE_WITH_KNOTS('',1,(#15636,#15637),.UNSPECIFIED.,
  .F.,.F.,(2,2),(-11.0000006,6.000000070117E-07),
  .PIECEWISE_BEZIER_KNOTS.);
#15636 = CARTESIAN_POINT('',(11.0000006,-10.8473307888));
#15637 = CARTESIAN_POINT('',(-6.000000070117E-07,-10.8473307888));
#15638 = ( GEOMETRIC_REPRESENTATION_CONTEXT(2) 
PARAMETRIC_REPRESENTATION_CONTEXT() REPRESENTATION_CONTEXT('2D SPACE',''
  ) );
#15639 = ORIENTED_EDGE('',*,*,#15640,.F.);
#15640 = EDGE_CURVE('',#15552,#15620,#15641,.T.);
#15641 = SURFACE_CURVE('',#15642,(#15647,#15654),.PCURVE_S1.);
#15642 = CIRCLE('',#15643,5.2);
#15643 = AXIS2_PLACEMENT_3D('',#15644,#15645,#15646);
#15644 = CARTESIAN_POINT('',(-76.8,-50.,116.4));
#15645 = DIRECTION('',(0.,0.,-1.));
#15646 = DIRECTION('',(-0.134615384615,0.99089792523,0.));
#15647 = PCURVE('',#9507,#15648);
#15648 = DEFINITIONAL_REPRESENTATION('',(#15649),#15653);
#15649 = LINE('',#15650,#15651);
#15650 = CARTESIAN_POINT('',(-7.989006937857,-11.));
#15651 = VECTOR('',#15652,1.);
#15652 = DIRECTION('',(1.,-0.));
#15653 = ( GEOMETRIC_REPRESENTATION_CONTEXT(2) 
PARAMETRIC_REPRESENTATION_CONTEXT() REPRESENTATION_CONTEXT('2D SPACE',''
  ) );
#15654 = PCURVE('',#13633,#15655);
#15655 = DEFINITIONAL_REPRESENTATION('',(#15656),#15664);
#15656 = ( BOUNDED_CURVE() B_SPLINE_CURVE(2,(#15657,#15658,#15659,#15660
    ,#15661,#15662,#15663),.UNSPECIFIED.,.T.,.F.) 
B_SPLINE_CURVE_WITH_KNOTS((1,2,2,2,2,1),(-2.094395102393,0.,
    2.094395102393,4.188790204786,6.28318530718,8.377580409573),
.UNSPECIFIED.) CURVE() GEOMETRIC_REPRESENTATION_ITEM() 
RATIONAL_B_SPLINE_CURVE((1.,0.5,1.,0.5,1.,0.5,1.)) REPRESENTATION_ITEM(
  '') );
#15657 = CARTESIAN_POINT('',(-0.7,5.152669211195));
#15658 = CARTESIAN_POINT('',(8.224684868386,6.365104776494));
#15659 = CARTESIAN_POINT('',(4.812342434193,-1.970116822949));
#15660 = CARTESIAN_POINT('',(1.4,-10.30533842239));
#15661 = CARTESIAN_POINT('',(-4.112342434193,-3.182552388247));
#15662 = CARTESIAN_POINT('',(-9.624684868386,3.940233645897));
#15663 = CARTESIAN_POINT('',(-0.7,5.152669211195));
#15664 = ( GEOMETRIC_REPRESENTATION_CONTEXT(2) 
PARAMETRIC_REPRESENTATION_CONTEXT() REPRESENTATION_CONTEXT('2D SPACE',''
  ) );
#15665 = ORIENTED_EDGE('',*,*,#15573,.T.);
#15666 = ADVANCED_FACE('',(#15667),#9474,.T.);
#15667 = FACE_BOUND('',#15668,.T.);
#15668 = EDGE_LOOP('',(#15669,#15670,#15671,#15672,#15673,#15693));
#15669 = ORIENTED_EDGE('',*,*,#12638,.F.);
#15670 = ORIENTED_EDGE('',*,*,#12690,.F.);
#15671 = ORIENTED_EDGE('',*,*,#9458,.T.);
#15672 = ORIENTED_EDGE('',*,*,#15619,.F.);
#15673 = ORIENTED_EDGE('',*,*,#15674,.F.);
#15674 = EDGE_CURVE('',#13617,#15620,#15675,.T.);
#15675 = SURFACE_CURVE('',#15676,(#15680,#15686),.PCURVE_S1.);
#15676 = LINE('',#15677,#15678);
#15677 = CARTESIAN_POINT('',(-77.5,-58.,116.4));
#15678 = VECTOR('',#15679,1.);
#15679 = DIRECTION('',(0.,-1.,0.));
#15680 = PCURVE('',#9474,#15681);
#15681 = DEFINITIONAL_REPRESENTATION('',(#15682),#15685);
#15682 = B_SPLINE_CURVE_WITH_KNOTS('',1,(#15683,#15684),.UNSPECIFIED.,
  .F.,.F.,(2,2),(-13.2,-2.8),.PIECEWISE_BEZIER_KNOTS.);
#15683 = CARTESIAN_POINT('',(11.,-21.2));
#15684 = CARTESIAN_POINT('',(11.,-10.8));
#15685 = ( GEOMETRIC_REPRESENTATION_CONTEXT(2) 
PARAMETRIC_REPRESENTATION_CONTEXT() REPRESENTATION_CONTEXT('2D SPACE',''
  ) );
#15686 = PCURVE('',#13633,#15687);
#15687 = DEFINITIONAL_REPRESENTATION('',(#15688),#15692);
#15688 = LINE('',#15689,#15690);
#15689 = CARTESIAN_POINT('',(-0.7,-8.));
#15690 = VECTOR('',#15691,1.);
#15691 = DIRECTION('',(0.,-1.));
#15692 = ( GEOMETRIC_REPRESENTATION_CONTEXT(2) 
PARAMETRIC_REPRESENTATION_CONTEXT() REPRESENTATION_CONTEXT('2D SPACE',''
  ) );
#15693 = ORIENTED_EDGE('',*,*,#13645,.T.);
#15694 = ADVANCED_FACE('',(#15695),#9401,.T.);
#15695 = FACE_BOUND('',#15696,.T.);
#15696 = EDGE_LOOP('',(#15697,#15698,#15699,#15700));
#15697 = ORIENTED_EDGE('',*,*,#9385,.F.);
#15698 = ORIENTED_EDGE('',*,*,#12739,.T.);
#15699 = ORIENTED_EDGE('',*,*,#12786,.T.);
#15700 = ORIENTED_EDGE('',*,*,#12813,.T.);
#15701 = ADVANCED_FACE('',(#15702),#9350,.T.);
#15702 = FACE_BOUND('',#15703,.T.);
#15703 = EDGE_LOOP('',(#15704,#15705,#15706,#15707));
#15704 = ORIENTED_EDGE('',*,*,#12907,.F.);
#15705 = ORIENTED_EDGE('',*,*,#9334,.F.);
#15706 = ORIENTED_EDGE('',*,*,#12833,.T.);
#15707 = ORIENTED_EDGE('',*,*,#12555,.T.);
#15708 = ADVANCED_FACE('',(#15709),#9198,.T.);
#15709 = FACE_BOUND('',#15710,.T.);
#15710 = EDGE_LOOP('',(#15711,#15712,#15713,#15714,#15715,#15716,#15737,
    #15763));
#15711 = ORIENTED_EDGE('',*,*,#9288,.F.);
#15712 = ORIENTED_EDGE('',*,*,#12887,.F.);
#15713 = ORIENTED_EDGE('',*,*,#12931,.T.);
#15714 = ORIENTED_EDGE('',*,*,#13002,.T.);
#15715 = ORIENTED_EDGE('',*,*,#9182,.F.);
#15716 = ORIENTED_EDGE('',*,*,#15717,.F.);
#15717 = EDGE_CURVE('',#15718,#9183,#15720,.T.);
#15718 = VERTEX_POINT('',#15719);
#15719 = CARTESIAN_POINT('',(9.3,-77.5,111.5));
#15720 = SURFACE_CURVE('',#15721,(#15725,#15731),.PCURVE_S1.);
#15721 = LINE('',#15722,#15723);
#15722 = CARTESIAN_POINT('',(9.3,-77.5,103.95));
#15723 = VECTOR('',#15724,1.);
#15724 = DIRECTION('',(0.,0.,-1.));
#15725 = PCURVE('',#9198,#15726);
#15726 = DEFINITIONAL_REPRESENTATION('',(#15727),#15730);
#15727 = B_SPLINE_CURVE_WITH_KNOTS('',1,(#15728,#15729),.UNSPECIFIED.,
  .F.,.F.,(2,2),(-7.55,-1.45),.PIECEWISE_BEZIER_KNOTS.);
#15728 = CARTESIAN_POINT('',(6.1,75.3));
#15729 = CARTESIAN_POINT('',(0.,75.3));
#15730 = ( GEOMETRIC_REPRESENTATION_CONTEXT(2) 
PARAMETRIC_REPRESENTATION_CONTEXT() REPRESENTATION_CONTEXT('2D SPACE',''
  ) );
#15731 = PCURVE('',#9225,#15732);
#15732 = DEFINITIONAL_REPRESENTATION('',(#15733),#15736);
#15733 = B_SPLINE_CURVE_WITH_KNOTS('',1,(#15734,#15735),.UNSPECIFIED.,
  .F.,.F.,(2,2),(-7.55,-1.45),.PIECEWISE_BEZIER_KNOTS.);
#15734 = CARTESIAN_POINT('',(9.,-3.1));
#15735 = CARTESIAN_POINT('',(2.9,-3.1));
#15736 = ( GEOMETRIC_REPRESENTATION_CONTEXT(2) 
PARAMETRIC_REPRESENTATION_CONTEXT() REPRESENTATION_CONTEXT('2D SPACE',''
  ) );
#15737 = ORIENTED_EDGE('',*,*,#15738,.F.);
#15738 = EDGE_CURVE('',#15739,#15718,#15741,.T.);
#15739 = VERTEX_POINT('',#15740);
#15740 = CARTESIAN_POINT('',(-9.3,-77.5,111.5));
#15741 = SURFACE_CURVE('',#15742,(#15746,#15752),.PCURVE_S1.);
#15742 = LINE('',#15743,#15744);
#15743 = CARTESIAN_POINT('',(-37.65,-77.5,111.5));
#15744 = VECTOR('',#15745,1.);
#15745 = DIRECTION('',(1.,0.,0.));
#15746 = PCURVE('',#9198,#15747);
#15747 = DEFINITIONAL_REPRESENTATION('',(#15748),#15751);
#15748 = B_SPLINE_CURVE_WITH_KNOTS('',1,(#15749,#15750),.UNSPECIFIED.,
  .F.,.F.,(2,2),(28.35,46.95),.PIECEWISE_BEZIER_KNOTS.);
#15749 = CARTESIAN_POINT('',(6.1,56.7));
#15750 = CARTESIAN_POINT('',(6.1,75.3));
#15751 = ( GEOMETRIC_REPRESENTATION_CONTEXT(2) 
PARAMETRIC_REPRESENTATION_CONTEXT() REPRESENTATION_CONTEXT('2D SPACE',''
  ) );
#15752 = PCURVE('',#15753,#15758);
#15753 = PLANE('',#15754);
#15754 = AXIS2_PLACEMENT_3D('',#15755,#15756,#15757);
#15755 = CARTESIAN_POINT('',(-9.3,-80.6,111.5));
#15756 = DIRECTION('',(0.,0.,1.));
#15757 = DIRECTION('',(1.,0.,0.));
#15758 = DEFINITIONAL_REPRESENTATION('',(#15759),#15762);
#15759 = B_SPLINE_CURVE_WITH_KNOTS('',1,(#15760,#15761),.UNSPECIFIED.,
  .F.,.F.,(2,2),(28.35,46.95),.PIECEWISE_BEZIER_KNOTS.);
#15760 = CARTESIAN_POINT('',(0.,3.1));
#15761 = CARTESIAN_POINT('',(18.6,3.1));
#15762 = ( GEOMETRIC_REPRESENTATION_CONTEXT(2) 
PARAMETRIC_REPRESENTATION_CONTEXT() REPRESENTATION_CONTEXT('2D SPACE',''
  ) );
#15763 = ORIENTED_EDGE('',*,*,#15764,.T.);
#15764 = EDGE_CURVE('',#15739,#9263,#15765,.T.);
#15765 = SURFACE_CURVE('',#15766,(#15770,#15776),.PCURVE_S1.);
#15766 = LINE('',#15767,#15768);
#15767 = CARTESIAN_POINT('',(-9.3,-77.5,103.95));
#15768 = VECTOR('',#15769,1.);
#15769 = DIRECTION('',(0.,0.,-1.));
#15770 = PCURVE('',#9198,#15771);
#15771 = DEFINITIONAL_REPRESENTATION('',(#15772),#15775);
#15772 = B_SPLINE_CURVE_WITH_KNOTS('',1,(#15773,#15774),.UNSPECIFIED.,
  .F.,.F.,(2,2),(-7.55,-1.45),.PIECEWISE_BEZIER_KNOTS.);
#15773 = CARTESIAN_POINT('',(6.1,56.7));
#15774 = CARTESIAN_POINT('',(0.,56.7));
#15775 = ( GEOMETRIC_REPRESENTATION_CONTEXT(2) 
PARAMETRIC_REPRESENTATION_CONTEXT() REPRESENTATION_CONTEXT('2D SPACE',''
  ) );
#15776 = PCURVE('',#9277,#15777);
#15777 = DEFINITIONAL_REPRESENTATION('',(#15778),#15781);
#15778 = B_SPLINE_CURVE_WITH_KNOTS('',1,(#15779,#15780),.UNSPECIFIED.,
  .F.,.F.,(2,2),(-7.55,-1.45),.PIECEWISE_BEZIER_KNOTS.);
#15779 = CARTESIAN_POINT('',(9.,-3.1));
#15780 = CARTESIAN_POINT('',(2.9,-3.1));
#15781 = ( GEOMETRIC_REPRESENTATION_CONTEXT(2) 
PARAMETRIC_REPRESENTATION_CONTEXT() REPRESENTATION_CONTEXT('2D SPACE',''
  ) );
#15782 = ADVANCED_FACE('',(#15783),#9277,.T.);
#15783 = FACE_BOUND('',#15784,.T.);
#15784 = EDGE_LOOP('',(#15785,#15808,#15809,#15810));
#15785 = ORIENTED_EDGE('',*,*,#15786,.F.);
#15786 = EDGE_CURVE('',#9237,#15787,#15789,.T.);
#15787 = VERTEX_POINT('',#15788);
#15788 = CARTESIAN_POINT('',(-9.3,-80.6,111.5));
#15789 = SURFACE_CURVE('',#15790,(#15794,#15801),.PCURVE_S1.);
#15790 = LINE('',#15791,#15792);
#15791 = CARTESIAN_POINT('',(-9.3,-80.6,102.5));
#15792 = VECTOR('',#15793,1.);
#15793 = DIRECTION('',(0.,0.,1.));
#15794 = PCURVE('',#9277,#15795);
#15795 = DEFINITIONAL_REPRESENTATION('',(#15796),#15800);
#15796 = LINE('',#15797,#15798);
#15797 = CARTESIAN_POINT('',(0.,0.));
#15798 = VECTOR('',#15799,1.);
#15799 = DIRECTION('',(1.,0.));
#15800 = ( GEOMETRIC_REPRESENTATION_CONTEXT(2) 
PARAMETRIC_REPRESENTATION_CONTEXT() REPRESENTATION_CONTEXT('2D SPACE',''
  ) );
#15801 = PCURVE('',#9251,#15802);
#15802 = DEFINITIONAL_REPRESENTATION('',(#15803),#15807);
#15803 = LINE('',#15804,#15805);
#15804 = CARTESIAN_POINT('',(0.,0.));
#15805 = VECTOR('',#15806,1.);
#15806 = DIRECTION('',(1.,0.));
#15807 = ( GEOMETRIC_REPRESENTATION_CONTEXT(2) 
PARAMETRIC_REPRESENTATION_CONTEXT() REPRESENTATION_CONTEXT('2D SPACE',''
  ) );
#15808 = ORIENTED_EDGE('',*,*,#9262,.T.);
#15809 = ORIENTED_EDGE('',*,*,#15764,.F.);
#15810 = ORIENTED_EDGE('',*,*,#15811,.F.);
#15811 = EDGE_CURVE('',#15787,#15739,#15812,.T.);
#15812 = SURFACE_CURVE('',#15813,(#15817,#15824),.PCURVE_S1.);
#15813 = LINE('',#15814,#15815);
#15814 = CARTESIAN_POINT('',(-9.3,-80.6,111.5));
#15815 = VECTOR('',#15816,1.);
#15816 = DIRECTION('',(0.,1.,0.));
#15817 = PCURVE('',#9277,#15818);
#15818 = DEFINITIONAL_REPRESENTATION('',(#15819),#15823);
#15819 = LINE('',#15820,#15821);
#15820 = CARTESIAN_POINT('',(9.,0.));
#15821 = VECTOR('',#15822,1.);
#15822 = DIRECTION('',(0.,-1.));
#15823 = ( GEOMETRIC_REPRESENTATION_CONTEXT(2) 
PARAMETRIC_REPRESENTATION_CONTEXT() REPRESENTATION_CONTEXT('2D SPACE',''
  ) );
#15824 = PCURVE('',#15753,#15825);
#15825 = DEFINITIONAL_REPRESENTATION('',(#15826),#15830);
#15826 = LINE('',#15827,#15828);
#15827 = CARTESIAN_POINT('',(0.,0.));
#15828 = VECTOR('',#15829,1.);
#15829 = DIRECTION('',(0.,1.));
#15830 = ( GEOMETRIC_REPRESENTATION_CONTEXT(2) 
PARAMETRIC_REPRESENTATION_CONTEXT() REPRESENTATION_CONTEXT('2D SPACE',''
  ) );
#15831 = ADVANCED_FACE('',(#15832),#9251,.T.);
#15832 = FACE_BOUND('',#15833,.T.);
#15833 = EDGE_LOOP('',(#15834,#15857,#15858,#15859));
#15834 = ORIENTED_EDGE('',*,*,#15835,.F.);
#15835 = EDGE_CURVE('',#9211,#15836,#15838,.T.);
#15836 = VERTEX_POINT('',#15837);
#15837 = CARTESIAN_POINT('',(9.3,-80.6,111.5));
#15838 = SURFACE_CURVE('',#15839,(#15843,#15850),.PCURVE_S1.);
#15839 = LINE('',#15840,#15841);
#15840 = CARTESIAN_POINT('',(9.3,-80.6,102.5));
#15841 = VECTOR('',#15842,1.);
#15842 = DIRECTION('',(0.,0.,1.));
#15843 = PCURVE('',#9251,#15844);
#15844 = DEFINITIONAL_REPRESENTATION('',(#15845),#15849);
#15845 = LINE('',#15846,#15847);
#15846 = CARTESIAN_POINT('',(0.,18.6));
#15847 = VECTOR('',#15848,1.);
#15848 = DIRECTION('',(1.,0.));
#15849 = ( GEOMETRIC_REPRESENTATION_CONTEXT(2) 
PARAMETRIC_REPRESENTATION_CONTEXT() REPRESENTATION_CONTEXT('2D SPACE',''
  ) );
#15850 = PCURVE('',#9225,#15851);
#15851 = DEFINITIONAL_REPRESENTATION('',(#15852),#15856);
#15852 = LINE('',#15853,#15854);
#15853 = CARTESIAN_POINT('',(0.,0.));
#15854 = VECTOR('',#15855,1.);
#15855 = DIRECTION('',(1.,0.));
#15856 = ( GEOMETRIC_REPRESENTATION_CONTEXT(2) 
PARAMETRIC_REPRESENTATION_CONTEXT() REPRESENTATION_CONTEXT('2D SPACE',''
  ) );
#15857 = ORIENTED_EDGE('',*,*,#9236,.T.);
#15858 = ORIENTED_EDGE('',*,*,#15786,.T.);
#15859 = ORIENTED_EDGE('',*,*,#15860,.T.);
#15860 = EDGE_CURVE('',#15787,#15836,#15861,.T.);
#15861 = SURFACE_CURVE('',#15862,(#15866,#15873),.PCURVE_S1.);
#15862 = LINE('',#15863,#15864);
#15863 = CARTESIAN_POINT('',(-9.3,-80.6,111.5));
#15864 = VECTOR('',#15865,1.);
#15865 = DIRECTION('',(1.,0.,0.));
#15866 = PCURVE('',#9251,#15867);
#15867 = DEFINITIONAL_REPRESENTATION('',(#15868),#15872);
#15868 = LINE('',#15869,#15870);
#15869 = CARTESIAN_POINT('',(9.,0.));
#15870 = VECTOR('',#15871,1.);
#15871 = DIRECTION('',(0.,1.));
#15872 = ( GEOMETRIC_REPRESENTATION_CONTEXT(2) 
PARAMETRIC_REPRESENTATION_CONTEXT() REPRESENTATION_CONTEXT('2D SPACE',''
  ) );
#15873 = PCURVE('',#15753,#15874);
#15874 = DEFINITIONAL_REPRESENTATION('',(#15875),#15879);
#15875 = LINE('',#15876,#15877);
#15876 = CARTESIAN_POINT('',(0.,0.));
#15877 = VECTOR('',#15878,1.);
#15878 = DIRECTION('',(1.,0.));
#15879 = ( GEOMETRIC_REPRESENTATION_CONTEXT(2) 
PARAMETRIC_REPRESENTATION_CONTEXT() REPRESENTATION_CONTEXT('2D SPACE',''
  ) );
#15880 = ADVANCED_FACE('',(#15881),#9225,.F.);
#15881 = FACE_BOUND('',#15882,.F.);
#15882 = EDGE_LOOP('',(#15883,#15884,#15885,#15886));
#15883 = ORIENTED_EDGE('',*,*,#15835,.F.);
#15884 = ORIENTED_EDGE('',*,*,#9210,.T.);
#15885 = ORIENTED_EDGE('',*,*,#15717,.F.);
#15886 = ORIENTED_EDGE('',*,*,#15887,.F.);
#15887 = EDGE_CURVE('',#15836,#15718,#15888,.T.);
#15888 = SURFACE_CURVE('',#15889,(#15893,#15900),.PCURVE_S1.);
#15889 = LINE('',#15890,#15891);
#15890 = CARTESIAN_POINT('',(9.3,-80.6,111.5));
#15891 = VECTOR('',#15892,1.);
#15892 = DIRECTION('',(0.,1.,0.));
#15893 = PCURVE('',#9225,#15894);
#15894 = DEFINITIONAL_REPRESENTATION('',(#15895),#15899);
#15895 = LINE('',#15896,#15897);
#15896 = CARTESIAN_POINT('',(9.,0.));
#15897 = VECTOR('',#15898,1.);
#15898 = DIRECTION('',(0.,-1.));
#15899 = ( GEOMETRIC_REPRESENTATION_CONTEXT(2) 
PARAMETRIC_REPRESENTATION_CONTEXT() REPRESENTATION_CONTEXT('2D SPACE',''
  ) );
#15900 = PCURVE('',#15753,#15901);
#15901 = DEFINITIONAL_REPRESENTATION('',(#15902),#15906);
#15902 = LINE('',#15903,#15904);
#15903 = CARTESIAN_POINT('',(18.6,0.));
#15904 = VECTOR('',#15905,1.);
#15905 = DIRECTION('',(0.,1.));
#15906 = ( GEOMETRIC_REPRESENTATION_CONTEXT(2) 
PARAMETRIC_REPRESENTATION_CONTEXT() REPRESENTATION_CONTEXT('2D SPACE',''
  ) );
#15907 = ADVANCED_FACE('',(#15908),#9147,.T.);
#15908 = FACE_BOUND('',#15909,.T.);
#15909 = EDGE_LOOP('',(#15910,#15911,#15912,#15913));
#15910 = ORIENTED_EDGE('',*,*,#13158,.F.);
#15911 = ORIENTED_EDGE('',*,*,#9131,.F.);
#15912 = ORIENTED_EDGE('',*,*,#13022,.T.);
#15913 = ORIENTED_EDGE('',*,*,#13049,.T.);
#15914 = ADVANCED_FACE('',(#15915),#9096,.T.);
#15915 = FACE_BOUND('',#15916,.T.);
#15916 = EDGE_LOOP('',(#15917,#15918,#15919,#15920));
#15917 = ORIENTED_EDGE('',*,*,#9080,.F.);
#15918 = ORIENTED_EDGE('',*,*,#13138,.F.);
#15919 = ORIENTED_EDGE('',*,*,#13182,.T.);
#15920 = ORIENTED_EDGE('',*,*,#13234,.F.);
#15921 = ADVANCED_FACE('',(#15922),#9023,.F.);
#15922 = FACE_BOUND('',#15923,.F.);
#15923 = EDGE_LOOP('',(#15924,#15925,#15926,#15927,#15948,#15968));
#15924 = ORIENTED_EDGE('',*,*,#13331,.F.);
#15925 = ORIENTED_EDGE('',*,*,#13259,.F.);
#15926 = ORIENTED_EDGE('',*,*,#9007,.T.);
#15927 = ORIENTED_EDGE('',*,*,#15928,.F.);
#15928 = EDGE_CURVE('',#15929,#8979,#15931,.T.);
#15929 = VERTEX_POINT('',#15930);
#15930 = CARTESIAN_POINT('',(77.5,-55.15266921119,116.4));
#15931 = SURFACE_CURVE('',#15932,(#15936,#15942),.PCURVE_S1.);
#15932 = LINE('',#15933,#15934);
#15933 = CARTESIAN_POINT('',(77.5,-55.15266921119,105.4));
#15934 = VECTOR('',#15935,1.);
#15935 = DIRECTION('',(-0.,-0.,-1.));
#15936 = PCURVE('',#9023,#15937);
#15937 = DEFINITIONAL_REPRESENTATION('',(#15938),#15941);
#15938 = B_SPLINE_CURVE_WITH_KNOTS('',1,(#15939,#15940),.UNSPECIFIED.,
  .F.,.F.,(2,2),(-11.0000006,6.000000070117E-07),
  .PIECEWISE_BEZIER_KNOTS.);
#15939 = CARTESIAN_POINT('',(11.0000006,-10.8473307888));
#15940 = CARTESIAN_POINT('',(-6.000000070117E-07,-10.8473307888));
#15941 = ( GEOMETRIC_REPRESENTATION_CONTEXT(2) 
PARAMETRIC_REPRESENTATION_CONTEXT() REPRESENTATION_CONTEXT('2D SPACE',''
  ) );
#15942 = PCURVE('',#8995,#15943);
#15943 = DEFINITIONAL_REPRESENTATION('',(#15944),#15947);
#15944 = B_SPLINE_CURVE_WITH_KNOTS('',1,(#15945,#15946),.UNSPECIFIED.,
  .F.,.F.,(2,2),(-11.0000006,6.000000070117E-07),
  .PIECEWISE_BEZIER_KNOTS.);
#15945 = CARTESIAN_POINT('',(-4.847414284267,-11.0000006));
#15946 = CARTESIAN_POINT('',(-4.847414284267,6.000000070117E-07));
#15947 = ( GEOMETRIC_REPRESENTATION_CONTEXT(2) 
PARAMETRIC_REPRESENTATION_CONTEXT() REPRESENTATION_CONTEXT('2D SPACE',''
  ) );
#15948 = ORIENTED_EDGE('',*,*,#15949,.F.);
#15949 = EDGE_CURVE('',#14413,#15929,#15950,.T.);
#15950 = SURFACE_CURVE('',#15951,(#15955,#15961),.PCURVE_S1.);
#15951 = LINE('',#15952,#15953);
#15952 = CARTESIAN_POINT('',(77.5,-58.,116.4));
#15953 = VECTOR('',#15954,1.);
#15954 = DIRECTION('',(0.,-1.,0.));
#15955 = PCURVE('',#9023,#15956);
#15956 = DEFINITIONAL_REPRESENTATION('',(#15957),#15960);
#15957 = B_SPLINE_CURVE_WITH_KNOTS('',1,(#15958,#15959),.UNSPECIFIED.,
  .F.,.F.,(2,2),(-13.2,-2.8),.PIECEWISE_BEZIER_KNOTS.);
#15958 = CARTESIAN_POINT('',(11.,-21.2));
#15959 = CARTESIAN_POINT('',(11.,-10.8));
#15960 = ( GEOMETRIC_REPRESENTATION_CONTEXT(2) 
PARAMETRIC_REPRESENTATION_CONTEXT() REPRESENTATION_CONTEXT('2D SPACE',''
  ) );
#15961 = PCURVE('',#14450,#15962);
#15962 = DEFINITIONAL_REPRESENTATION('',(#15963),#15967);
#15963 = LINE('',#15964,#15965);
#15964 = CARTESIAN_POINT('',(0.7,-8.));
#15965 = VECTOR('',#15966,1.);
#15966 = DIRECTION('',(0.,-1.));
#15967 = ( GEOMETRIC_REPRESENTATION_CONTEXT(2) 
PARAMETRIC_REPRESENTATION_CONTEXT() REPRESENTATION_CONTEXT('2D SPACE',''
  ) );
#15968 = ORIENTED_EDGE('',*,*,#14412,.T.);
#15969 = ADVANCED_FACE('',(#15970),#8995,.T.);
#15970 = FACE_BOUND('',#15971,.F.);
#15971 = EDGE_LOOP('',(#15972,#15973,#15994,#16020));
#15972 = ORIENTED_EDGE('',*,*,#8978,.F.);
#15973 = ORIENTED_EDGE('',*,*,#15974,.F.);
#15974 = EDGE_CURVE('',#15975,#8951,#15977,.T.);
#15975 = VERTEX_POINT('',#15976);
#15976 = CARTESIAN_POINT('',(77.5,-44.8473307888,116.4));
#15977 = SURFACE_CURVE('',#15978,(#15982,#15988),.PCURVE_S1.);
#15978 = LINE('',#15979,#15980);
#15979 = CARTESIAN_POINT('',(77.5,-44.8473307888,105.4));
#15980 = VECTOR('',#15981,1.);
#15981 = DIRECTION('',(-0.,-0.,-1.));
#15982 = PCURVE('',#8995,#15983);
#15983 = DEFINITIONAL_REPRESENTATION('',(#15984),#15987);
#15984 = B_SPLINE_CURVE_WITH_KNOTS('',1,(#15985,#15986),.UNSPECIFIED.,
  .F.,.F.,(2,2),(-11.0000006,6.000000070117E-07),
  .PIECEWISE_BEZIER_KNOTS.);
#15985 = CARTESIAN_POINT('',(-1.435771022912,-11.0000006));
#15986 = CARTESIAN_POINT('',(-1.435771022912,6.000000070117E-07));
#15987 = ( GEOMETRIC_REPRESENTATION_CONTEXT(2) 
PARAMETRIC_REPRESENTATION_CONTEXT() REPRESENTATION_CONTEXT('2D SPACE',''
  ) );
#15988 = PCURVE('',#8966,#15989);
#15989 = DEFINITIONAL_REPRESENTATION('',(#15990),#15993);
#15990 = B_SPLINE_CURVE_WITH_KNOTS('',1,(#15991,#15992),.UNSPECIFIED.,
  .F.,.F.,(2,2),(-11.0000006,6.000000070117E-07),
  .PIECEWISE_BEZIER_KNOTS.);
#15991 = CARTESIAN_POINT('',(11.0000006,-21.15266921119));
#15992 = CARTESIAN_POINT('',(-6.000000070117E-07,-21.15266921119));
#15993 = ( GEOMETRIC_REPRESENTATION_CONTEXT(2) 
PARAMETRIC_REPRESENTATION_CONTEXT() REPRESENTATION_CONTEXT('2D SPACE',''
  ) );
#15994 = ORIENTED_EDGE('',*,*,#15995,.F.);
#15995 = EDGE_CURVE('',#15929,#15975,#15996,.T.);
#15996 = SURFACE_CURVE('',#15997,(#16002,#16009),.PCURVE_S1.);
#15997 = CIRCLE('',#15998,5.2);
#15998 = AXIS2_PLACEMENT_3D('',#15999,#16000,#16001);
#15999 = CARTESIAN_POINT('',(76.8,-50.,116.4));
#16000 = DIRECTION('',(0.,-0.,-1.));
#16001 = DIRECTION('',(0.134615384615,-0.99089792523,0.));
#16002 = PCURVE('',#8995,#16003);
#16003 = DEFINITIONAL_REPRESENTATION('',(#16004),#16008);
#16004 = LINE('',#16005,#16006);
#16005 = CARTESIAN_POINT('',(-4.847414284267,-11.));
#16006 = VECTOR('',#16007,1.);
#16007 = DIRECTION('',(1.,-0.));
#16008 = ( GEOMETRIC_REPRESENTATION_CONTEXT(2) 
PARAMETRIC_REPRESENTATION_CONTEXT() REPRESENTATION_CONTEXT('2D SPACE',''
  ) );
#16009 = PCURVE('',#14450,#16010);
#16010 = DEFINITIONAL_REPRESENTATION('',(#16011),#16019);
#16011 = ( BOUNDED_CURVE() B_SPLINE_CURVE(2,(#16012,#16013,#16014,#16015
    ,#16016,#16017,#16018),.UNSPECIFIED.,.T.,.F.) 
B_SPLINE_CURVE_WITH_KNOTS((1,2,2,2,2,1),(-2.094395102393,0.,
    2.094395102393,4.188790204786,6.28318530718,8.377580409573),
.UNSPECIFIED.) CURVE() GEOMETRIC_REPRESENTATION_ITEM() 
RATIONAL_B_SPLINE_CURVE((1.,0.5,1.,0.5,1.,0.5,1.)) REPRESENTATION_ITEM(
  '') );
#16012 = CARTESIAN_POINT('',(0.7,-5.152669211195));
#16013 = CARTESIAN_POINT('',(-8.224684868386,-6.365104776494));
#16014 = CARTESIAN_POINT('',(-4.812342434193,1.970116822949));
#16015 = CARTESIAN_POINT('',(-1.4,10.305338422391));
#16016 = CARTESIAN_POINT('',(4.112342434193,3.182552388247));
#16017 = CARTESIAN_POINT('',(9.624684868386,-3.940233645897));
#16018 = CARTESIAN_POINT('',(0.7,-5.152669211195));
#16019 = ( GEOMETRIC_REPRESENTATION_CONTEXT(2) 
PARAMETRIC_REPRESENTATION_CONTEXT() REPRESENTATION_CONTEXT('2D SPACE',''
  ) );
#16020 = ORIENTED_EDGE('',*,*,#15928,.T.);
#16021 = ADVANCED_FACE('',(#16022),#8966,.F.);
#16022 = FACE_BOUND('',#16023,.F.);
#16023 = EDGE_LOOP('',(#16024,#16025,#16026,#16046,#16047,#16048,#16069,
    #16089));
#16024 = ORIENTED_EDGE('',*,*,#14341,.F.);
#16025 = ORIENTED_EDGE('',*,*,#14466,.F.);
#16026 = ORIENTED_EDGE('',*,*,#16027,.F.);
#16027 = EDGE_CURVE('',#15975,#14434,#16028,.T.);
#16028 = SURFACE_CURVE('',#16029,(#16033,#16039),.PCURVE_S1.);
#16029 = LINE('',#16030,#16031);
#16030 = CARTESIAN_POINT('',(77.5,-58.,116.4));
#16031 = VECTOR('',#16032,1.);
#16032 = DIRECTION('',(0.,-1.,0.));
#16033 = PCURVE('',#8966,#16034);
#16034 = DEFINITIONAL_REPRESENTATION('',(#16035),#16038);
#16035 = B_SPLINE_CURVE_WITH_KNOTS('',1,(#16036,#16037),.UNSPECIFIED.,
  .F.,.F.,(2,2),(-13.2,-2.8),.PIECEWISE_BEZIER_KNOTS.);
#16036 = CARTESIAN_POINT('',(11.,-21.2));
#16037 = CARTESIAN_POINT('',(11.,-10.8));
#16038 = ( GEOMETRIC_REPRESENTATION_CONTEXT(2) 
PARAMETRIC_REPRESENTATION_CONTEXT() REPRESENTATION_CONTEXT('2D SPACE',''
  ) );
#16039 = PCURVE('',#14450,#16040);
#16040 = DEFINITIONAL_REPRESENTATION('',(#16041),#16045);
#16041 = LINE('',#16042,#16043);
#16042 = CARTESIAN_POINT('',(0.7,-8.));
#16043 = VECTOR('',#16044,1.);
#16044 = DIRECTION('',(0.,-1.));
#16045 = ( GEOMETRIC_REPRESENTATION_CONTEXT(2) 
PARAMETRIC_REPRESENTATION_CONTEXT() REPRESENTATION_CONTEXT('2D SPACE',''
  ) );
#16046 = ORIENTED_EDGE('',*,*,#15974,.T.);
#16047 = ORIENTED_EDGE('',*,*,#8950,.T.);
#16048 = ORIENTED_EDGE('',*,*,#16049,.F.);
#16049 = EDGE_CURVE('',#16050,#8922,#16052,.T.);
#16050 = VERTEX_POINT('',#16051);
#16051 = CARTESIAN_POINT('',(77.5,4.847330788805,116.4));
#16052 = SURFACE_CURVE('',#16053,(#16057,#16063),.PCURVE_S1.);
#16053 = LINE('',#16054,#16055);
#16054 = CARTESIAN_POINT('',(77.5,4.847330788805,105.4));
#16055 = VECTOR('',#16056,1.);
#16056 = DIRECTION('',(-0.,-0.,-1.));
#16057 = PCURVE('',#8966,#16058);
#16058 = DEFINITIONAL_REPRESENTATION('',(#16059),#16062);
#16059 = B_SPLINE_CURVE_WITH_KNOTS('',1,(#16060,#16061),.UNSPECIFIED.,
  .F.,.F.,(2,2),(-11.0000006,6.000000070117E-07),
  .PIECEWISE_BEZIER_KNOTS.);
#16060 = CARTESIAN_POINT('',(11.0000006,-70.8473307888));
#16061 = CARTESIAN_POINT('',(-6.000000070117E-07,-70.8473307888));
#16062 = ( GEOMETRIC_REPRESENTATION_CONTEXT(2) 
PARAMETRIC_REPRESENTATION_CONTEXT() REPRESENTATION_CONTEXT('2D SPACE',''
  ) );
#16063 = PCURVE('',#8938,#16064);
#16064 = DEFINITIONAL_REPRESENTATION('',(#16065),#16068);
#16065 = B_SPLINE_CURVE_WITH_KNOTS('',1,(#16066,#16067),.UNSPECIFIED.,
  .F.,.F.,(2,2),(-11.0000006,6.000000070117E-07),
  .PIECEWISE_BEZIER_KNOTS.);
#16066 = CARTESIAN_POINT('',(-4.847414284267,-11.0000006));
#16067 = CARTESIAN_POINT('',(-4.847414284267,6.000000070117E-07));
#16068 = ( GEOMETRIC_REPRESENTATION_CONTEXT(2) 
PARAMETRIC_REPRESENTATION_CONTEXT() REPRESENTATION_CONTEXT('2D SPACE',''
  ) );
#16069 = ORIENTED_EDGE('',*,*,#16070,.F.);
#16070 = EDGE_CURVE('',#14239,#16050,#16071,.T.);
#16071 = SURFACE_CURVE('',#16072,(#16076,#16082),.PCURVE_S1.);
#16072 = LINE('',#16073,#16074);
#16073 = CARTESIAN_POINT('',(77.5,-28.,116.4));
#16074 = VECTOR('',#16075,1.);
#16075 = DIRECTION('',(0.,-1.,0.));
#16076 = PCURVE('',#8966,#16077);
#16077 = DEFINITIONAL_REPRESENTATION('',(#16078),#16081);
#16078 = B_SPLINE_CURVE_WITH_KNOTS('',1,(#16079,#16080),.UNSPECIFIED.,
  .F.,.F.,(2,2),(-43.2,-32.8),.PIECEWISE_BEZIER_KNOTS.);
#16079 = CARTESIAN_POINT('',(11.,-81.2));
#16080 = CARTESIAN_POINT('',(11.,-70.8));
#16081 = ( GEOMETRIC_REPRESENTATION_CONTEXT(2) 
PARAMETRIC_REPRESENTATION_CONTEXT() REPRESENTATION_CONTEXT('2D SPACE',''
  ) );
#16082 = PCURVE('',#14276,#16083);
#16083 = DEFINITIONAL_REPRESENTATION('',(#16084),#16088);
#16084 = LINE('',#16085,#16086);
#16085 = CARTESIAN_POINT('',(0.7,-38.));
#16086 = VECTOR('',#16087,1.);
#16087 = DIRECTION('',(0.,-1.));
#16088 = ( GEOMETRIC_REPRESENTATION_CONTEXT(2) 
PARAMETRIC_REPRESENTATION_CONTEXT() REPRESENTATION_CONTEXT('2D SPACE',''
  ) );
#16089 = ORIENTED_EDGE('',*,*,#14238,.T.);
#16090 = ADVANCED_FACE('',(#16091),#8938,.T.);
#16091 = FACE_BOUND('',#16092,.F.);
#16092 = EDGE_LOOP('',(#16093,#16094,#16115,#16141));
#16093 = ORIENTED_EDGE('',*,*,#8921,.F.);
#16094 = ORIENTED_EDGE('',*,*,#16095,.F.);
#16095 = EDGE_CURVE('',#16096,#8899,#16098,.T.);
#16096 = VERTEX_POINT('',#16097);
#16097 = CARTESIAN_POINT('',(77.5,15.152669211195,116.4));
#16098 = SURFACE_CURVE('',#16099,(#16103,#16109),.PCURVE_S1.);
#16099 = LINE('',#16100,#16101);
#16100 = CARTESIAN_POINT('',(77.5,15.152669211195,105.4));
#16101 = VECTOR('',#16102,1.);
#16102 = DIRECTION('',(-0.,-0.,-1.));
#16103 = PCURVE('',#8938,#16104);
#16104 = DEFINITIONAL_REPRESENTATION('',(#16105),#16108);
#16105 = B_SPLINE_CURVE_WITH_KNOTS('',1,(#16106,#16107),.UNSPECIFIED.,
  .F.,.F.,(2,2),(-11.0000006,6.000000070117E-07),
  .PIECEWISE_BEZIER_KNOTS.);
#16106 = CARTESIAN_POINT('',(-1.435771022912,-11.0000006));
#16107 = CARTESIAN_POINT('',(-1.435771022912,6.000000070117E-07));
#16108 = ( GEOMETRIC_REPRESENTATION_CONTEXT(2) 
PARAMETRIC_REPRESENTATION_CONTEXT() REPRESENTATION_CONTEXT('2D SPACE',''
  ) );
#16109 = PCURVE('',#8808,#16110);
#16110 = DEFINITIONAL_REPRESENTATION('',(#16111),#16114);
#16111 = B_SPLINE_CURVE_WITH_KNOTS('',1,(#16112,#16113),.UNSPECIFIED.,
  .F.,.F.,(2,2),(-11.0000006,6.000000070117E-07),
  .PIECEWISE_BEZIER_KNOTS.);
#16112 = CARTESIAN_POINT('',(11.0000006,-81.15266921119));
#16113 = CARTESIAN_POINT('',(-6.000000070117E-07,-81.15266921119));
#16114 = ( GEOMETRIC_REPRESENTATION_CONTEXT(2) 
PARAMETRIC_REPRESENTATION_CONTEXT() REPRESENTATION_CONTEXT('2D SPACE',''
  ) );
#16115 = ORIENTED_EDGE('',*,*,#16116,.F.);
#16116 = EDGE_CURVE('',#16050,#16096,#16117,.T.);
#16117 = SURFACE_CURVE('',#16118,(#16123,#16130),.PCURVE_S1.);
#16118 = CIRCLE('',#16119,5.2);
#16119 = AXIS2_PLACEMENT_3D('',#16120,#16121,#16122);
#16120 = CARTESIAN_POINT('',(76.8,10.,116.4));
#16121 = DIRECTION('',(0.,-0.,-1.));
#16122 = DIRECTION('',(0.134615384615,-0.99089792523,0.));
#16123 = PCURVE('',#8938,#16124);
#16124 = DEFINITIONAL_REPRESENTATION('',(#16125),#16129);
#16125 = LINE('',#16126,#16127);
#16126 = CARTESIAN_POINT('',(-4.847414284267,-11.));
#16127 = VECTOR('',#16128,1.);
#16128 = DIRECTION('',(1.,-0.));
#16129 = ( GEOMETRIC_REPRESENTATION_CONTEXT(2) 
PARAMETRIC_REPRESENTATION_CONTEXT() REPRESENTATION_CONTEXT('2D SPACE',''
  ) );
#16130 = PCURVE('',#14276,#16131);
#16131 = DEFINITIONAL_REPRESENTATION('',(#16132),#16140);
#16132 = ( BOUNDED_CURVE() B_SPLINE_CURVE(2,(#16133,#16134,#16135,#16136
    ,#16137,#16138,#16139),.UNSPECIFIED.,.T.,.F.) 
B_SPLINE_CURVE_WITH_KNOTS((1,2,2,2,2,1),(-2.094395102393,0.,
    2.094395102393,4.188790204786,6.28318530718,8.377580409573),
.UNSPECIFIED.) CURVE() GEOMETRIC_REPRESENTATION_ITEM() 
RATIONAL_B_SPLINE_CURVE((1.,0.5,1.,0.5,1.,0.5,1.)) REPRESENTATION_ITEM(
  '') );
#16133 = CARTESIAN_POINT('',(0.7,-5.152669211195));
#16134 = CARTESIAN_POINT('',(-8.224684868386,-6.365104776494));
#16135 = CARTESIAN_POINT('',(-4.812342434193,1.970116822949));
#16136 = CARTESIAN_POINT('',(-1.4,10.305338422391));
#16137 = CARTESIAN_POINT('',(4.112342434193,3.182552388247));
#16138 = CARTESIAN_POINT('',(9.624684868386,-3.940233645897));
#16139 = CARTESIAN_POINT('',(0.7,-5.152669211195));
#16140 = ( GEOMETRIC_REPRESENTATION_CONTEXT(2) 
PARAMETRIC_REPRESENTATION_CONTEXT() REPRESENTATION_CONTEXT('2D SPACE',''
  ) );
#16141 = ORIENTED_EDGE('',*,*,#16049,.T.);
#16142 = ADVANCED_FACE('',(#16143),#8808,.F.);
#16143 = FACE_BOUND('',#16144,.F.);
#16144 = EDGE_LOOP('',(#16145,#16146,#16147,#16167,#16168,#16169,#16190,
    #16216,#16235,#16236,#16257,#16277));
#16145 = ORIENTED_EDGE('',*,*,#15056,.F.);
#16146 = ORIENTED_EDGE('',*,*,#14292,.F.);
#16147 = ORIENTED_EDGE('',*,*,#16148,.F.);
#16148 = EDGE_CURVE('',#16096,#14260,#16149,.T.);
#16149 = SURFACE_CURVE('',#16150,(#16154,#16160),.PCURVE_S1.);
#16150 = LINE('',#16151,#16152);
#16151 = CARTESIAN_POINT('',(77.5,-28.,116.4));
#16152 = VECTOR('',#16153,1.);
#16153 = DIRECTION('',(0.,-1.,0.));
#16154 = PCURVE('',#8808,#16155);
#16155 = DEFINITIONAL_REPRESENTATION('',(#16156),#16159);
#16156 = B_SPLINE_CURVE_WITH_KNOTS('',1,(#16157,#16158),.UNSPECIFIED.,
  .F.,.F.,(2,2),(-43.2,-32.8),.PIECEWISE_BEZIER_KNOTS.);
#16157 = CARTESIAN_POINT('',(11.,-81.2));
#16158 = CARTESIAN_POINT('',(11.,-70.8));
#16159 = ( GEOMETRIC_REPRESENTATION_CONTEXT(2) 
PARAMETRIC_REPRESENTATION_CONTEXT() REPRESENTATION_CONTEXT('2D SPACE',''
  ) );
#16160 = PCURVE('',#14276,#16161);
#16161 = DEFINITIONAL_REPRESENTATION('',(#16162),#16166);
#16162 = LINE('',#16163,#16164);
#16163 = CARTESIAN_POINT('',(0.7,-38.));
#16164 = VECTOR('',#16165,1.);
#16165 = DIRECTION('',(0.,-1.));
#16166 = ( GEOMETRIC_REPRESENTATION_CONTEXT(2) 
PARAMETRIC_REPRESENTATION_CONTEXT() REPRESENTATION_CONTEXT('2D SPACE',''
  ) );
#16167 = ORIENTED_EDGE('',*,*,#16095,.T.);
#16168 = ORIENTED_EDGE('',*,*,#8898,.T.);
#16169 = ORIENTED_EDGE('',*,*,#16170,.T.);
#16170 = EDGE_CURVE('',#8873,#16171,#16173,.T.);
#16171 = VERTEX_POINT('',#16172);
#16172 = CARTESIAN_POINT('',(77.5,17.7,111.5));
#16173 = SURFACE_CURVE('',#16174,(#16178,#16184),.PCURVE_S1.);
#16174 = LINE('',#16175,#16176);
#16175 = CARTESIAN_POINT('',(77.5,17.7,103.95));
#16176 = VECTOR('',#16177,1.);
#16177 = DIRECTION('',(0.,0.,1.));
#16178 = PCURVE('',#8808,#16179);
#16179 = DEFINITIONAL_REPRESENTATION('',(#16180),#16183);
#16180 = B_SPLINE_CURVE_WITH_KNOTS('',1,(#16181,#16182),.UNSPECIFIED.,
  .F.,.F.,(2,2),(1.45,7.55),.PIECEWISE_BEZIER_KNOTS.);
#16181 = CARTESIAN_POINT('',(0.,-83.7));
#16182 = CARTESIAN_POINT('',(6.1,-83.7));
#16183 = ( GEOMETRIC_REPRESENTATION_CONTEXT(2) 
PARAMETRIC_REPRESENTATION_CONTEXT() REPRESENTATION_CONTEXT('2D SPACE',''
  ) );
#16184 = PCURVE('',#8887,#16185);
#16185 = DEFINITIONAL_REPRESENTATION('',(#16186),#16189);
#16186 = B_SPLINE_CURVE_WITH_KNOTS('',1,(#16187,#16188),.UNSPECIFIED.,
  .F.,.F.,(2,2),(1.45,7.55),.PIECEWISE_BEZIER_KNOTS.);
#16187 = CARTESIAN_POINT('',(2.9,2.5));
#16188 = CARTESIAN_POINT('',(9.,2.5));
#16189 = ( GEOMETRIC_REPRESENTATION_CONTEXT(2) 
PARAMETRIC_REPRESENTATION_CONTEXT() REPRESENTATION_CONTEXT('2D SPACE',''
  ) );
#16190 = ORIENTED_EDGE('',*,*,#16191,.F.);
#16191 = EDGE_CURVE('',#16192,#16171,#16194,.T.);
#16192 = VERTEX_POINT('',#16193);
#16193 = CARTESIAN_POINT('',(77.5,32.3,111.5));
#16194 = SURFACE_CURVE('',#16195,(#16199,#16205),.PCURVE_S1.);
#16195 = LINE('',#16196,#16197);
#16196 = CARTESIAN_POINT('',(77.5,-24.15,111.5));
#16197 = VECTOR('',#16198,1.);
#16198 = DIRECTION('',(0.,-1.,0.));
#16199 = PCURVE('',#8808,#16200);
#16200 = DEFINITIONAL_REPRESENTATION('',(#16201),#16204);
#16201 = B_SPLINE_CURVE_WITH_KNOTS('',1,(#16202,#16203),.UNSPECIFIED.,
  .F.,.F.,(2,2),(-56.45,-41.85),.PIECEWISE_BEZIER_KNOTS.);
#16202 = CARTESIAN_POINT('',(6.1,-98.3));
#16203 = CARTESIAN_POINT('',(6.1,-83.7));
#16204 = ( GEOMETRIC_REPRESENTATION_CONTEXT(2) 
PARAMETRIC_REPRESENTATION_CONTEXT() REPRESENTATION_CONTEXT('2D SPACE',''
  ) );
#16205 = PCURVE('',#16206,#16211);
#16206 = PLANE('',#16207);
#16207 = AXIS2_PLACEMENT_3D('',#16208,#16209,#16210);
#16208 = CARTESIAN_POINT('',(75.,17.7,111.5));
#16209 = DIRECTION('',(0.,0.,1.));
#16210 = DIRECTION('',(1.,0.,0.));
#16211 = DEFINITIONAL_REPRESENTATION('',(#16212),#16215);
#16212 = B_SPLINE_CURVE_WITH_KNOTS('',1,(#16213,#16214),.UNSPECIFIED.,
  .F.,.F.,(2,2),(-56.45,-41.85),.PIECEWISE_BEZIER_KNOTS.);
#16213 = CARTESIAN_POINT('',(2.5,14.6));
#16214 = CARTESIAN_POINT('',(2.5,0.));
#16215 = ( GEOMETRIC_REPRESENTATION_CONTEXT(2) 
PARAMETRIC_REPRESENTATION_CONTEXT() REPRESENTATION_CONTEXT('2D SPACE',''
  ) );
#16216 = ORIENTED_EDGE('',*,*,#16217,.F.);
#16217 = EDGE_CURVE('',#8793,#16192,#16218,.T.);
#16218 = SURFACE_CURVE('',#16219,(#16223,#16229),.PCURVE_S1.);
#16219 = LINE('',#16220,#16221);
#16220 = CARTESIAN_POINT('',(77.5,32.3,103.95));
#16221 = VECTOR('',#16222,1.);
#16222 = DIRECTION('',(0.,0.,1.));
#16223 = PCURVE('',#8808,#16224);
#16224 = DEFINITIONAL_REPRESENTATION('',(#16225),#16228);
#16225 = B_SPLINE_CURVE_WITH_KNOTS('',1,(#16226,#16227),.UNSPECIFIED.,
  .F.,.F.,(2,2),(1.45,7.55),.PIECEWISE_BEZIER_KNOTS.);
#16226 = CARTESIAN_POINT('',(0.,-98.3));
#16227 = CARTESIAN_POINT('',(6.1,-98.3));
#16228 = ( GEOMETRIC_REPRESENTATION_CONTEXT(2) 
PARAMETRIC_REPRESENTATION_CONTEXT() REPRESENTATION_CONTEXT('2D SPACE',''
  ) );
#16229 = PCURVE('',#8835,#16230);
#16230 = DEFINITIONAL_REPRESENTATION('',(#16231),#16234);
#16231 = B_SPLINE_CURVE_WITH_KNOTS('',1,(#16232,#16233),.UNSPECIFIED.,
  .F.,.F.,(2,2),(1.45,7.55),.PIECEWISE_BEZIER_KNOTS.);
#16232 = CARTESIAN_POINT('',(2.9,2.5));
#16233 = CARTESIAN_POINT('',(9.,2.5));
#16234 = ( GEOMETRIC_REPRESENTATION_CONTEXT(2) 
PARAMETRIC_REPRESENTATION_CONTEXT() REPRESENTATION_CONTEXT('2D SPACE',''
  ) );
#16235 = ORIENTED_EDGE('',*,*,#8792,.T.);
#16236 = ORIENTED_EDGE('',*,*,#16237,.F.);
#16237 = EDGE_CURVE('',#16238,#8764,#16240,.T.);
#16238 = VERTEX_POINT('',#16239);
#16239 = CARTESIAN_POINT('',(77.5,44.847330788805,116.4));
#16240 = SURFACE_CURVE('',#16241,(#16245,#16251),.PCURVE_S1.);
#16241 = LINE('',#16242,#16243);
#16242 = CARTESIAN_POINT('',(77.5,44.847330788805,105.4));
#16243 = VECTOR('',#16244,1.);
#16244 = DIRECTION('',(-0.,-0.,-1.));
#16245 = PCURVE('',#8808,#16246);
#16246 = DEFINITIONAL_REPRESENTATION('',(#16247),#16250);
#16247 = B_SPLINE_CURVE_WITH_KNOTS('',1,(#16248,#16249),.UNSPECIFIED.,
  .F.,.F.,(2,2),(-11.0000006,6.000000070117E-07),
  .PIECEWISE_BEZIER_KNOTS.);
#16248 = CARTESIAN_POINT('',(11.0000006,-110.8473307888));
#16249 = CARTESIAN_POINT('',(-6.000000070117E-07,-110.8473307888));
#16250 = ( GEOMETRIC_REPRESENTATION_CONTEXT(2) 
PARAMETRIC_REPRESENTATION_CONTEXT() REPRESENTATION_CONTEXT('2D SPACE',''
  ) );
#16251 = PCURVE('',#8780,#16252);
#16252 = DEFINITIONAL_REPRESENTATION('',(#16253),#16256);
#16253 = B_SPLINE_CURVE_WITH_KNOTS('',1,(#16254,#16255),.UNSPECIFIED.,
  .F.,.F.,(2,2),(-11.0000006,6.000000070117E-07),
  .PIECEWISE_BEZIER_KNOTS.);
#16254 = CARTESIAN_POINT('',(-4.847414284267,-11.0000006));
#16255 = CARTESIAN_POINT('',(-4.847414284267,6.000000070117E-07));
#16256 = ( GEOMETRIC_REPRESENTATION_CONTEXT(2) 
PARAMETRIC_REPRESENTATION_CONTEXT() REPRESENTATION_CONTEXT('2D SPACE',''
  ) );
#16257 = ORIENTED_EDGE('',*,*,#16258,.F.);
#16258 = EDGE_CURVE('',#14970,#16238,#16259,.T.);
#16259 = SURFACE_CURVE('',#16260,(#16264,#16270),.PCURVE_S1.);
#16260 = LINE('',#16261,#16262);
#16261 = CARTESIAN_POINT('',(77.5,-8.,116.4));
#16262 = VECTOR('',#16263,1.);
#16263 = DIRECTION('',(0.,-1.,0.));
#16264 = PCURVE('',#8808,#16265);
#16265 = DEFINITIONAL_REPRESENTATION('',(#16266),#16269);
#16266 = B_SPLINE_CURVE_WITH_KNOTS('',1,(#16267,#16268),.UNSPECIFIED.,
  .F.,.F.,(2,2),(-63.2,-52.8),.PIECEWISE_BEZIER_KNOTS.);
#16267 = CARTESIAN_POINT('',(11.,-121.2));
#16268 = CARTESIAN_POINT('',(11.,-110.8));
#16269 = ( GEOMETRIC_REPRESENTATION_CONTEXT(2) 
PARAMETRIC_REPRESENTATION_CONTEXT() REPRESENTATION_CONTEXT('2D SPACE',''
  ) );
#16270 = PCURVE('',#15007,#16271);
#16271 = DEFINITIONAL_REPRESENTATION('',(#16272),#16276);
#16272 = LINE('',#16273,#16274);
#16273 = CARTESIAN_POINT('',(0.7,-58.));
#16274 = VECTOR('',#16275,1.);
#16275 = DIRECTION('',(0.,-1.));
#16276 = ( GEOMETRIC_REPRESENTATION_CONTEXT(2) 
PARAMETRIC_REPRESENTATION_CONTEXT() REPRESENTATION_CONTEXT('2D SPACE',''
  ) );
#16277 = ORIENTED_EDGE('',*,*,#14969,.T.);
#16278 = ADVANCED_FACE('',(#16279),#8887,.T.);
#16279 = FACE_BOUND('',#16280,.T.);
#16280 = EDGE_LOOP('',(#16281,#16304,#16305,#16306));
#16281 = ORIENTED_EDGE('',*,*,#16282,.F.);
#16282 = EDGE_CURVE('',#8847,#16283,#16285,.T.);
#16283 = VERTEX_POINT('',#16284);
#16284 = CARTESIAN_POINT('',(80.6,17.7,111.5));
#16285 = SURFACE_CURVE('',#16286,(#16290,#16297),.PCURVE_S1.);
#16286 = LINE('',#16287,#16288);
#16287 = CARTESIAN_POINT('',(80.6,17.7,102.5));
#16288 = VECTOR('',#16289,1.);
#16289 = DIRECTION('',(0.,0.,1.));
#16290 = PCURVE('',#8887,#16291);
#16291 = DEFINITIONAL_REPRESENTATION('',(#16292),#16296);
#16292 = LINE('',#16293,#16294);
#16293 = CARTESIAN_POINT('',(0.,5.6));
#16294 = VECTOR('',#16295,1.);
#16295 = DIRECTION('',(1.,0.));
#16296 = ( GEOMETRIC_REPRESENTATION_CONTEXT(2) 
PARAMETRIC_REPRESENTATION_CONTEXT() REPRESENTATION_CONTEXT('2D SPACE',''
  ) );
#16297 = PCURVE('',#8861,#16298);
#16298 = DEFINITIONAL_REPRESENTATION('',(#16299),#16303);
#16299 = LINE('',#16300,#16301);
#16300 = CARTESIAN_POINT('',(0.,0.));
#16301 = VECTOR('',#16302,1.);
#16302 = DIRECTION('',(1.,0.));
#16303 = ( GEOMETRIC_REPRESENTATION_CONTEXT(2) 
PARAMETRIC_REPRESENTATION_CONTEXT() REPRESENTATION_CONTEXT('2D SPACE',''
  ) );
#16304 = ORIENTED_EDGE('',*,*,#8872,.T.);
#16305 = ORIENTED_EDGE('',*,*,#16170,.T.);
#16306 = ORIENTED_EDGE('',*,*,#16307,.T.);
#16307 = EDGE_CURVE('',#16171,#16283,#16308,.T.);
#16308 = SURFACE_CURVE('',#16309,(#16313,#16320),.PCURVE_S1.);
#16309 = LINE('',#16310,#16311);
#16310 = CARTESIAN_POINT('',(75.,17.7,111.5));
#16311 = VECTOR('',#16312,1.);
#16312 = DIRECTION('',(1.,0.,0.));
#16313 = PCURVE('',#8887,#16314);
#16314 = DEFINITIONAL_REPRESENTATION('',(#16315),#16319);
#16315 = LINE('',#16316,#16317);
#16316 = CARTESIAN_POINT('',(9.,0.));
#16317 = VECTOR('',#16318,1.);
#16318 = DIRECTION('',(0.,1.));
#16319 = ( GEOMETRIC_REPRESENTATION_CONTEXT(2) 
PARAMETRIC_REPRESENTATION_CONTEXT() REPRESENTATION_CONTEXT('2D SPACE',''
  ) );
#16320 = PCURVE('',#16206,#16321);
#16321 = DEFINITIONAL_REPRESENTATION('',(#16322),#16326);
#16322 = LINE('',#16323,#16324);
#16323 = CARTESIAN_POINT('',(0.,0.));
#16324 = VECTOR('',#16325,1.);
#16325 = DIRECTION('',(1.,0.));
#16326 = ( GEOMETRIC_REPRESENTATION_CONTEXT(2) 
PARAMETRIC_REPRESENTATION_CONTEXT() REPRESENTATION_CONTEXT('2D SPACE',''
  ) );
#16327 = ADVANCED_FACE('',(#16328),#8861,.F.);
#16328 = FACE_BOUND('',#16329,.F.);
#16329 = EDGE_LOOP('',(#16330,#16331,#16332,#16355));
#16330 = ORIENTED_EDGE('',*,*,#16282,.F.);
#16331 = ORIENTED_EDGE('',*,*,#8846,.T.);
#16332 = ORIENTED_EDGE('',*,*,#16333,.T.);
#16333 = EDGE_CURVE('',#8821,#16334,#16336,.T.);
#16334 = VERTEX_POINT('',#16335);
#16335 = CARTESIAN_POINT('',(80.6,32.3,111.5));
#16336 = SURFACE_CURVE('',#16337,(#16341,#16348),.PCURVE_S1.);
#16337 = LINE('',#16338,#16339);
#16338 = CARTESIAN_POINT('',(80.6,32.3,102.5));
#16339 = VECTOR('',#16340,1.);
#16340 = DIRECTION('',(0.,0.,1.));
#16341 = PCURVE('',#8861,#16342);
#16342 = DEFINITIONAL_REPRESENTATION('',(#16343),#16347);
#16343 = LINE('',#16344,#16345);
#16344 = CARTESIAN_POINT('',(0.,-14.6));
#16345 = VECTOR('',#16346,1.);
#16346 = DIRECTION('',(1.,0.));
#16347 = ( GEOMETRIC_REPRESENTATION_CONTEXT(2) 
PARAMETRIC_REPRESENTATION_CONTEXT() REPRESENTATION_CONTEXT('2D SPACE',''
  ) );
#16348 = PCURVE('',#8835,#16349);
#16349 = DEFINITIONAL_REPRESENTATION('',(#16350),#16354);
#16350 = LINE('',#16351,#16352);
#16351 = CARTESIAN_POINT('',(0.,5.6));
#16352 = VECTOR('',#16353,1.);
#16353 = DIRECTION('',(1.,0.));
#16354 = ( GEOMETRIC_REPRESENTATION_CONTEXT(2) 
PARAMETRIC_REPRESENTATION_CONTEXT() REPRESENTATION_CONTEXT('2D SPACE',''
  ) );
#16355 = ORIENTED_EDGE('',*,*,#16356,.F.);
#16356 = EDGE_CURVE('',#16283,#16334,#16357,.T.);
#16357 = SURFACE_CURVE('',#16358,(#16362,#16369),.PCURVE_S1.);
#16358 = LINE('',#16359,#16360);
#16359 = CARTESIAN_POINT('',(80.6,17.7,111.5));
#16360 = VECTOR('',#16361,1.);
#16361 = DIRECTION('',(0.,1.,0.));
#16362 = PCURVE('',#8861,#16363);
#16363 = DEFINITIONAL_REPRESENTATION('',(#16364),#16368);
#16364 = LINE('',#16365,#16366);
#16365 = CARTESIAN_POINT('',(9.,0.));
#16366 = VECTOR('',#16367,1.);
#16367 = DIRECTION('',(0.,-1.));
#16368 = ( GEOMETRIC_REPRESENTATION_CONTEXT(2) 
PARAMETRIC_REPRESENTATION_CONTEXT() REPRESENTATION_CONTEXT('2D SPACE',''
  ) );
#16369 = PCURVE('',#16206,#16370);
#16370 = DEFINITIONAL_REPRESENTATION('',(#16371),#16375);
#16371 = LINE('',#16372,#16373);
#16372 = CARTESIAN_POINT('',(5.6,0.));
#16373 = VECTOR('',#16374,1.);
#16374 = DIRECTION('',(0.,1.));
#16375 = ( GEOMETRIC_REPRESENTATION_CONTEXT(2) 
PARAMETRIC_REPRESENTATION_CONTEXT() REPRESENTATION_CONTEXT('2D SPACE',''
  ) );
#16376 = ADVANCED_FACE('',(#16377),#8835,.F.);
#16377 = FACE_BOUND('',#16378,.F.);
#16378 = EDGE_LOOP('',(#16379,#16380,#16381,#16382));
#16379 = ORIENTED_EDGE('',*,*,#16333,.F.);
#16380 = ORIENTED_EDGE('',*,*,#8820,.T.);
#16381 = ORIENTED_EDGE('',*,*,#16217,.T.);
#16382 = ORIENTED_EDGE('',*,*,#16383,.T.);
#16383 = EDGE_CURVE('',#16192,#16334,#16384,.T.);
#16384 = SURFACE_CURVE('',#16385,(#16389,#16396),.PCURVE_S1.);
#16385 = LINE('',#16386,#16387);
#16386 = CARTESIAN_POINT('',(75.,32.3,111.5));
#16387 = VECTOR('',#16388,1.);
#16388 = DIRECTION('',(1.,0.,0.));
#16389 = PCURVE('',#8835,#16390);
#16390 = DEFINITIONAL_REPRESENTATION('',(#16391),#16395);
#16391 = LINE('',#16392,#16393);
#16392 = CARTESIAN_POINT('',(9.,0.));
#16393 = VECTOR('',#16394,1.);
#16394 = DIRECTION('',(0.,1.));
#16395 = ( GEOMETRIC_REPRESENTATION_CONTEXT(2) 
PARAMETRIC_REPRESENTATION_CONTEXT() REPRESENTATION_CONTEXT('2D SPACE',''
  ) );
#16396 = PCURVE('',#16206,#16397);
#16397 = DEFINITIONAL_REPRESENTATION('',(#16398),#16402);
#16398 = LINE('',#16399,#16400);
#16399 = CARTESIAN_POINT('',(0.,14.6));
#16400 = VECTOR('',#16401,1.);
#16401 = DIRECTION('',(1.,0.));
#16402 = ( GEOMETRIC_REPRESENTATION_CONTEXT(2) 
PARAMETRIC_REPRESENTATION_CONTEXT() REPRESENTATION_CONTEXT('2D SPACE',''
  ) );
#16403 = ADVANCED_FACE('',(#16404),#8780,.T.);
#16404 = FACE_BOUND('',#16405,.F.);
#16405 = EDGE_LOOP('',(#16406,#16407,#16428,#16454));
#16406 = ORIENTED_EDGE('',*,*,#8763,.F.);
#16407 = ORIENTED_EDGE('',*,*,#16408,.F.);
#16408 = EDGE_CURVE('',#16409,#8736,#16411,.T.);
#16409 = VERTEX_POINT('',#16410);
#16410 = CARTESIAN_POINT('',(77.5,55.152669211195,116.4));
#16411 = SURFACE_CURVE('',#16412,(#16416,#16422),.PCURVE_S1.);
#16412 = LINE('',#16413,#16414);
#16413 = CARTESIAN_POINT('',(77.5,55.152669211195,105.4));
#16414 = VECTOR('',#16415,1.);
#16415 = DIRECTION('',(-0.,-0.,-1.));
#16416 = PCURVE('',#8780,#16417);
#16417 = DEFINITIONAL_REPRESENTATION('',(#16418),#16421);
#16418 = B_SPLINE_CURVE_WITH_KNOTS('',1,(#16419,#16420),.UNSPECIFIED.,
  .F.,.F.,(2,2),(-11.0000006,6.000000070117E-07),
  .PIECEWISE_BEZIER_KNOTS.);
#16419 = CARTESIAN_POINT('',(-1.435771022912,-11.0000006));
#16420 = CARTESIAN_POINT('',(-1.435771022912,6.000000070117E-07));
#16421 = ( GEOMETRIC_REPRESENTATION_CONTEXT(2) 
PARAMETRIC_REPRESENTATION_CONTEXT() REPRESENTATION_CONTEXT('2D SPACE',''
  ) );
#16422 = PCURVE('',#8751,#16423);
#16423 = DEFINITIONAL_REPRESENTATION('',(#16424),#16427);
#16424 = B_SPLINE_CURVE_WITH_KNOTS('',1,(#16425,#16426),.UNSPECIFIED.,
  .F.,.F.,(2,2),(-11.0000006,6.000000070117E-07),
  .PIECEWISE_BEZIER_KNOTS.);
#16425 = CARTESIAN_POINT('',(11.0000006,-121.1526692111));
#16426 = CARTESIAN_POINT('',(-6.000000070117E-07,-121.1526692111));
#16427 = ( GEOMETRIC_REPRESENTATION_CONTEXT(2) 
PARAMETRIC_REPRESENTATION_CONTEXT() REPRESENTATION_CONTEXT('2D SPACE',''
  ) );
#16428 = ORIENTED_EDGE('',*,*,#16429,.F.);
#16429 = EDGE_CURVE('',#16238,#16409,#16430,.T.);
#16430 = SURFACE_CURVE('',#16431,(#16436,#16443),.PCURVE_S1.);
#16431 = CIRCLE('',#16432,5.2);
#16432 = AXIS2_PLACEMENT_3D('',#16433,#16434,#16435);
#16433 = CARTESIAN_POINT('',(76.8,50.,116.4));
#16434 = DIRECTION('',(0.,-0.,-1.));
#16435 = DIRECTION('',(0.134615384615,-0.99089792523,0.));
#16436 = PCURVE('',#8780,#16437);
#16437 = DEFINITIONAL_REPRESENTATION('',(#16438),#16442);
#16438 = LINE('',#16439,#16440);
#16439 = CARTESIAN_POINT('',(-4.847414284267,-11.));
#16440 = VECTOR('',#16441,1.);
#16441 = DIRECTION('',(1.,-0.));
#16442 = ( GEOMETRIC_REPRESENTATION_CONTEXT(2) 
PARAMETRIC_REPRESENTATION_CONTEXT() REPRESENTATION_CONTEXT('2D SPACE',''
  ) );
#16443 = PCURVE('',#15007,#16444);
#16444 = DEFINITIONAL_REPRESENTATION('',(#16445),#16453);
#16445 = ( BOUNDED_CURVE() B_SPLINE_CURVE(2,(#16446,#16447,#16448,#16449
    ,#16450,#16451,#16452),.UNSPECIFIED.,.T.,.F.) 
B_SPLINE_CURVE_WITH_KNOTS((1,2,2,2,2,1),(-2.094395102393,0.,
    2.094395102393,4.188790204786,6.28318530718,8.377580409573),
.UNSPECIFIED.) CURVE() GEOMETRIC_REPRESENTATION_ITEM() 
RATIONAL_B_SPLINE_CURVE((1.,0.5,1.,0.5,1.,0.5,1.)) REPRESENTATION_ITEM(
  '') );
#16446 = CARTESIAN_POINT('',(0.7,-5.152669211195));
#16447 = CARTESIAN_POINT('',(-8.224684868386,-6.365104776494));
#16448 = CARTESIAN_POINT('',(-4.812342434193,1.970116822949));
#16449 = CARTESIAN_POINT('',(-1.4,10.305338422391));
#16450 = CARTESIAN_POINT('',(4.112342434193,3.182552388247));
#16451 = CARTESIAN_POINT('',(9.624684868386,-3.940233645897));
#16452 = CARTESIAN_POINT('',(0.7,-5.152669211195));
#16453 = ( GEOMETRIC_REPRESENTATION_CONTEXT(2) 
PARAMETRIC_REPRESENTATION_CONTEXT() REPRESENTATION_CONTEXT('2D SPACE',''
  ) );
#16454 = ORIENTED_EDGE('',*,*,#16237,.T.);
#16455 = ADVANCED_FACE('',(#16456),#8751,.F.);
#16456 = FACE_BOUND('',#16457,.F.);
#16457 = EDGE_LOOP('',(#16458,#16459,#16460,#16480,#16481,#16482));
#16458 = ORIENTED_EDGE('',*,*,#11484,.F.);
#16459 = ORIENTED_EDGE('',*,*,#15023,.F.);
#16460 = ORIENTED_EDGE('',*,*,#16461,.F.);
#16461 = EDGE_CURVE('',#16409,#14991,#16462,.T.);
#16462 = SURFACE_CURVE('',#16463,(#16467,#16473),.PCURVE_S1.);
#16463 = LINE('',#16464,#16465);
#16464 = CARTESIAN_POINT('',(77.5,-8.,116.4));
#16465 = VECTOR('',#16466,1.);
#16466 = DIRECTION('',(0.,-1.,0.));
#16467 = PCURVE('',#8751,#16468);
#16468 = DEFINITIONAL_REPRESENTATION('',(#16469),#16472);
#16469 = B_SPLINE_CURVE_WITH_KNOTS('',1,(#16470,#16471),.UNSPECIFIED.,
  .F.,.F.,(2,2),(-63.2,-52.8),.PIECEWISE_BEZIER_KNOTS.);
#16470 = CARTESIAN_POINT('',(11.,-121.2));
#16471 = CARTESIAN_POINT('',(11.,-110.8));
#16472 = ( GEOMETRIC_REPRESENTATION_CONTEXT(2) 
PARAMETRIC_REPRESENTATION_CONTEXT() REPRESENTATION_CONTEXT('2D SPACE',''
  ) );
#16473 = PCURVE('',#15007,#16474);
#16474 = DEFINITIONAL_REPRESENTATION('',(#16475),#16479);
#16475 = LINE('',#16476,#16477);
#16476 = CARTESIAN_POINT('',(0.7,-58.));
#16477 = VECTOR('',#16478,1.);
#16478 = DIRECTION('',(0.,-1.));
#16479 = ( GEOMETRIC_REPRESENTATION_CONTEXT(2) 
PARAMETRIC_REPRESENTATION_CONTEXT() REPRESENTATION_CONTEXT('2D SPACE',''
  ) );
#16480 = ORIENTED_EDGE('',*,*,#16408,.T.);
#16481 = ORIENTED_EDGE('',*,*,#8735,.T.);
#16482 = ORIENTED_EDGE('',*,*,#11534,.T.);
#16483 = ADVANCED_FACE('',(#16484),#9860,.F.);
#16484 = FACE_BOUND('',#16485,.F.);
#16485 = EDGE_LOOP('',(#16486,#16509,#16510,#16511));
#16486 = ORIENTED_EDGE('',*,*,#16487,.F.);
#16487 = EDGE_CURVE('',#9844,#16488,#16490,.T.);
#16488 = VERTEX_POINT('',#16489);
#16489 = CARTESIAN_POINT('',(-74.55,-50.,116.4));
#16490 = SEAM_CURVE('',#16491,(#16495,#16502),.PCURVE_S1.);
#16491 = LINE('',#16492,#16493);
#16492 = CARTESIAN_POINT('',(-74.55,-50.,104.4));
#16493 = VECTOR('',#16494,1.);
#16494 = DIRECTION('',(0.,0.,1.));
#16495 = PCURVE('',#9860,#16496);
#16496 = DEFINITIONAL_REPRESENTATION('',(#16497),#16501);
#16497 = LINE('',#16498,#16499);
#16498 = CARTESIAN_POINT('',(0.,-0.));
#16499 = VECTOR('',#16500,1.);
#16500 = DIRECTION('',(0.,1.));
#16501 = ( GEOMETRIC_REPRESENTATION_CONTEXT(2) 
PARAMETRIC_REPRESENTATION_CONTEXT() REPRESENTATION_CONTEXT('2D SPACE',''
  ) );
#16502 = PCURVE('',#9860,#16503);
#16503 = DEFINITIONAL_REPRESENTATION('',(#16504),#16508);
#16504 = LINE('',#16505,#16506);
#16505 = CARTESIAN_POINT('',(6.28318530718,-0.));
#16506 = VECTOR('',#16507,1.);
#16507 = DIRECTION('',(0.,1.));
#16508 = ( GEOMETRIC_REPRESENTATION_CONTEXT(2) 
PARAMETRIC_REPRESENTATION_CONTEXT() REPRESENTATION_CONTEXT('2D SPACE',''
  ) );
#16509 = ORIENTED_EDGE('',*,*,#9843,.T.);
#16510 = ORIENTED_EDGE('',*,*,#16487,.T.);
#16511 = ORIENTED_EDGE('',*,*,#16512,.F.);
#16512 = EDGE_CURVE('',#16488,#16488,#16513,.T.);
#16513 = SURFACE_CURVE('',#16514,(#16519,#16526),.PCURVE_S1.);
#16514 = CIRCLE('',#16515,2.25);
#16515 = AXIS2_PLACEMENT_3D('',#16516,#16517,#16518);
#16516 = CARTESIAN_POINT('',(-76.8,-50.,116.4));
#16517 = DIRECTION('',(0.,0.,1.));
#16518 = DIRECTION('',(1.,0.,-0.));
#16519 = PCURVE('',#9860,#16520);
#16520 = DEFINITIONAL_REPRESENTATION('',(#16521),#16525);
#16521 = LINE('',#16522,#16523);
#16522 = CARTESIAN_POINT('',(0.,12.));
#16523 = VECTOR('',#16524,1.);
#16524 = DIRECTION('',(1.,0.));
#16525 = ( GEOMETRIC_REPRESENTATION_CONTEXT(2) 
PARAMETRIC_REPRESENTATION_CONTEXT() REPRESENTATION_CONTEXT('2D SPACE',''
  ) );
#16526 = PCURVE('',#13633,#16527);
#16527 = DEFINITIONAL_REPRESENTATION('',(#16528),#16532);
#16528 = CIRCLE('',#16529,2.25);
#16529 = AXIS2_PLACEMENT_2D('',#16530,#16531);
#16530 = CARTESIAN_POINT('',(0.,0.));
#16531 = DIRECTION('',(1.,0.));
#16532 = ( GEOMETRIC_REPRESENTATION_CONTEXT(2) 
PARAMETRIC_REPRESENTATION_CONTEXT() REPRESENTATION_CONTEXT('2D SPACE',''
  ) );
#16533 = ADVANCED_FACE('',(#16534),#9891,.F.);
#16534 = FACE_BOUND('',#16535,.F.);
#16535 = EDGE_LOOP('',(#16536,#16537,#16560,#16582));
#16536 = ORIENTED_EDGE('',*,*,#9874,.T.);
#16537 = ORIENTED_EDGE('',*,*,#16538,.T.);
#16538 = EDGE_CURVE('',#9875,#16539,#16541,.T.);
#16539 = VERTEX_POINT('',#16540);
#16540 = CARTESIAN_POINT('',(79.05,-50.,116.4));
#16541 = SEAM_CURVE('',#16542,(#16546,#16553),.PCURVE_S1.);
#16542 = LINE('',#16543,#16544);
#16543 = CARTESIAN_POINT('',(79.05,-50.,104.4));
#16544 = VECTOR('',#16545,1.);
#16545 = DIRECTION('',(0.,0.,1.));
#16546 = PCURVE('',#9891,#16547);
#16547 = DEFINITIONAL_REPRESENTATION('',(#16548),#16552);
#16548 = LINE('',#16549,#16550);
#16549 = CARTESIAN_POINT('',(6.28318530718,-0.));
#16550 = VECTOR('',#16551,1.);
#16551 = DIRECTION('',(0.,1.));
#16552 = ( GEOMETRIC_REPRESENTATION_CONTEXT(2) 
PARAMETRIC_REPRESENTATION_CONTEXT() REPRESENTATION_CONTEXT('2D SPACE',''
  ) );
#16553 = PCURVE('',#9891,#16554);
#16554 = DEFINITIONAL_REPRESENTATION('',(#16555),#16559);
#16555 = LINE('',#16556,#16557);
#16556 = CARTESIAN_POINT('',(0.,-0.));
#16557 = VECTOR('',#16558,1.);
#16558 = DIRECTION('',(0.,1.));
#16559 = ( GEOMETRIC_REPRESENTATION_CONTEXT(2) 
PARAMETRIC_REPRESENTATION_CONTEXT() REPRESENTATION_CONTEXT('2D SPACE',''
  ) );
#16560 = ORIENTED_EDGE('',*,*,#16561,.F.);
#16561 = EDGE_CURVE('',#16539,#16539,#16562,.T.);
#16562 = SURFACE_CURVE('',#16563,(#16568,#16575),.PCURVE_S1.);
#16563 = CIRCLE('',#16564,2.25);
#16564 = AXIS2_PLACEMENT_3D('',#16565,#16566,#16567);
#16565 = CARTESIAN_POINT('',(76.8,-50.,116.4));
#16566 = DIRECTION('',(0.,0.,1.));
#16567 = DIRECTION('',(1.,0.,-0.));
#16568 = PCURVE('',#9891,#16569);
#16569 = DEFINITIONAL_REPRESENTATION('',(#16570),#16574);
#16570 = LINE('',#16571,#16572);
#16571 = CARTESIAN_POINT('',(0.,12.));
#16572 = VECTOR('',#16573,1.);
#16573 = DIRECTION('',(1.,0.));
#16574 = ( GEOMETRIC_REPRESENTATION_CONTEXT(2) 
PARAMETRIC_REPRESENTATION_CONTEXT() REPRESENTATION_CONTEXT('2D SPACE',''
  ) );
#16575 = PCURVE('',#14450,#16576);
#16576 = DEFINITIONAL_REPRESENTATION('',(#16577),#16581);
#16577 = CIRCLE('',#16578,2.25);
#16578 = AXIS2_PLACEMENT_2D('',#16579,#16580);
#16579 = CARTESIAN_POINT('',(0.,0.));
#16580 = DIRECTION('',(1.,0.));
#16581 = ( GEOMETRIC_REPRESENTATION_CONTEXT(2) 
PARAMETRIC_REPRESENTATION_CONTEXT() REPRESENTATION_CONTEXT('2D SPACE',''
  ) );
#16582 = ORIENTED_EDGE('',*,*,#16538,.F.);
#16583 = ADVANCED_FACE('',(#16584),#9922,.F.);
#16584 = FACE_BOUND('',#16585,.F.);
#16585 = EDGE_LOOP('',(#16586,#16609,#16610,#16611));
#16586 = ORIENTED_EDGE('',*,*,#16587,.F.);
#16587 = EDGE_CURVE('',#9906,#16588,#16590,.T.);
#16588 = VERTEX_POINT('',#16589);
#16589 = CARTESIAN_POINT('',(-74.55,10.,116.4));
#16590 = SEAM_CURVE('',#16591,(#16595,#16602),.PCURVE_S1.);
#16591 = LINE('',#16592,#16593);
#16592 = CARTESIAN_POINT('',(-74.55,10.,104.4));
#16593 = VECTOR('',#16594,1.);
#16594 = DIRECTION('',(0.,0.,1.));
#16595 = PCURVE('',#9922,#16596);
#16596 = DEFINITIONAL_REPRESENTATION('',(#16597),#16601);
#16597 = LINE('',#16598,#16599);
#16598 = CARTESIAN_POINT('',(0.,-0.));
#16599 = VECTOR('',#16600,1.);
#16600 = DIRECTION('',(0.,1.));
#16601 = ( GEOMETRIC_REPRESENTATION_CONTEXT(2) 
PARAMETRIC_REPRESENTATION_CONTEXT() REPRESENTATION_CONTEXT('2D SPACE',''
  ) );
#16602 = PCURVE('',#9922,#16603);
#16603 = DEFINITIONAL_REPRESENTATION('',(#16604),#16608);
#16604 = LINE('',#16605,#16606);
#16605 = CARTESIAN_POINT('',(6.28318530718,-0.));
#16606 = VECTOR('',#16607,1.);
#16607 = DIRECTION('',(0.,1.));
#16608 = ( GEOMETRIC_REPRESENTATION_CONTEXT(2) 
PARAMETRIC_REPRESENTATION_CONTEXT() REPRESENTATION_CONTEXT('2D SPACE',''
  ) );
#16609 = ORIENTED_EDGE('',*,*,#9905,.T.);
#16610 = ORIENTED_EDGE('',*,*,#16587,.T.);
#16611 = ORIENTED_EDGE('',*,*,#16612,.F.);
#16612 = EDGE_CURVE('',#16588,#16588,#16613,.T.);
#16613 = SURFACE_CURVE('',#16614,(#16619,#16626),.PCURVE_S1.);
#16614 = CIRCLE('',#16615,2.25);
#16615 = AXIS2_PLACEMENT_3D('',#16616,#16617,#16618);
#16616 = CARTESIAN_POINT('',(-76.8,10.,116.4));
#16617 = DIRECTION('',(0.,0.,1.));
#16618 = DIRECTION('',(1.,0.,-0.));
#16619 = PCURVE('',#9922,#16620);
#16620 = DEFINITIONAL_REPRESENTATION('',(#16621),#16625);
#16621 = LINE('',#16622,#16623);
#16622 = CARTESIAN_POINT('',(0.,12.));
#16623 = VECTOR('',#16624,1.);
#16624 = DIRECTION('',(1.,0.));
#16625 = ( GEOMETRIC_REPRESENTATION_CONTEXT(2) 
PARAMETRIC_REPRESENTATION_CONTEXT() REPRESENTATION_CONTEXT('2D SPACE',''
  ) );
#16626 = PCURVE('',#13462,#16627);
#16627 = DEFINITIONAL_REPRESENTATION('',(#16628),#16632);
#16628 = CIRCLE('',#16629,2.25);
#16629 = AXIS2_PLACEMENT_2D('',#16630,#16631);
#16630 = CARTESIAN_POINT('',(0.,0.));
#16631 = DIRECTION('',(1.,0.));
#16632 = ( GEOMETRIC_REPRESENTATION_CONTEXT(2) 
PARAMETRIC_REPRESENTATION_CONTEXT() REPRESENTATION_CONTEXT('2D SPACE',''
  ) );
#16633 = ADVANCED_FACE('',(#16634),#9953,.F.);
#16634 = FACE_BOUND('',#16635,.F.);
#16635 = EDGE_LOOP('',(#16636,#16659,#16660,#16661));
#16636 = ORIENTED_EDGE('',*,*,#16637,.F.);
#16637 = EDGE_CURVE('',#9937,#16638,#16640,.T.);
#16638 = VERTEX_POINT('',#16639);
#16639 = CARTESIAN_POINT('',(-74.55,50.,116.4));
#16640 = SEAM_CURVE('',#16641,(#16645,#16652),.PCURVE_S1.);
#16641 = LINE('',#16642,#16643);
#16642 = CARTESIAN_POINT('',(-74.55,50.,104.4));
#16643 = VECTOR('',#16644,1.);
#16644 = DIRECTION('',(0.,0.,1.));
#16645 = PCURVE('',#9953,#16646);
#16646 = DEFINITIONAL_REPRESENTATION('',(#16647),#16651);
#16647 = LINE('',#16648,#16649);
#16648 = CARTESIAN_POINT('',(0.,-0.));
#16649 = VECTOR('',#16650,1.);
#16650 = DIRECTION('',(0.,1.));
#16651 = ( GEOMETRIC_REPRESENTATION_CONTEXT(2) 
PARAMETRIC_REPRESENTATION_CONTEXT() REPRESENTATION_CONTEXT('2D SPACE',''
  ) );
#16652 = PCURVE('',#9953,#16653);
#16653 = DEFINITIONAL_REPRESENTATION('',(#16654),#16658);
#16654 = LINE('',#16655,#16656);
#16655 = CARTESIAN_POINT('',(6.28318530718,-0.));
#16656 = VECTOR('',#16657,1.);
#16657 = DIRECTION('',(0.,1.));
#16658 = ( GEOMETRIC_REPRESENTATION_CONTEXT(2) 
PARAMETRIC_REPRESENTATION_CONTEXT() REPRESENTATION_CONTEXT('2D SPACE',''
  ) );
#16659 = ORIENTED_EDGE('',*,*,#9936,.T.);
#16660 = ORIENTED_EDGE('',*,*,#16637,.T.);
#16661 = ORIENTED_EDGE('',*,*,#16662,.F.);
#16662 = EDGE_CURVE('',#16638,#16638,#16663,.T.);
#16663 = SURFACE_CURVE('',#16664,(#16669,#16676),.PCURVE_S1.);
#16664 = CIRCLE('',#16665,2.25);
#16665 = AXIS2_PLACEMENT_3D('',#16666,#16667,#16668);
#16666 = CARTESIAN_POINT('',(-76.8,50.,116.4));
#16667 = DIRECTION('',(0.,0.,1.));
#16668 = DIRECTION('',(1.,0.,-0.));
#16669 = PCURVE('',#9953,#16670);
#16670 = DEFINITIONAL_REPRESENTATION('',(#16671),#16675);
#16671 = LINE('',#16672,#16673);
#16672 = CARTESIAN_POINT('',(0.,12.));
#16673 = VECTOR('',#16674,1.);
#16674 = DIRECTION('',(1.,0.));
#16675 = ( GEOMETRIC_REPRESENTATION_CONTEXT(2) 
PARAMETRIC_REPRESENTATION_CONTEXT() REPRESENTATION_CONTEXT('2D SPACE',''
  ) );
#16676 = PCURVE('',#14775,#16677);
#16677 = DEFINITIONAL_REPRESENTATION('',(#16678),#16682);
#16678 = CIRCLE('',#16679,2.25);
#16679 = AXIS2_PLACEMENT_2D('',#16680,#16681);
#16680 = CARTESIAN_POINT('',(0.,0.));
#16681 = DIRECTION('',(1.,0.));
#16682 = ( GEOMETRIC_REPRESENTATION_CONTEXT(2) 
PARAMETRIC_REPRESENTATION_CONTEXT() REPRESENTATION_CONTEXT('2D SPACE',''
  ) );
#16683 = ADVANCED_FACE('',(#16684),#9984,.F.);
#16684 = FACE_BOUND('',#16685,.F.);
#16685 = EDGE_LOOP('',(#16686,#16687,#16710,#16732));
#16686 = ORIENTED_EDGE('',*,*,#9967,.T.);
#16687 = ORIENTED_EDGE('',*,*,#16688,.T.);
#16688 = EDGE_CURVE('',#9968,#16689,#16691,.T.);
#16689 = VERTEX_POINT('',#16690);
#16690 = CARTESIAN_POINT('',(79.05,10.,116.4));
#16691 = SEAM_CURVE('',#16692,(#16696,#16703),.PCURVE_S1.);
#16692 = LINE('',#16693,#16694);
#16693 = CARTESIAN_POINT('',(79.05,10.,104.4));
#16694 = VECTOR('',#16695,1.);
#16695 = DIRECTION('',(0.,0.,1.));
#16696 = PCURVE('',#9984,#16697);
#16697 = DEFINITIONAL_REPRESENTATION('',(#16698),#16702);
#16698 = LINE('',#16699,#16700);
#16699 = CARTESIAN_POINT('',(6.28318530718,-0.));
#16700 = VECTOR('',#16701,1.);
#16701 = DIRECTION('',(0.,1.));
#16702 = ( GEOMETRIC_REPRESENTATION_CONTEXT(2) 
PARAMETRIC_REPRESENTATION_CONTEXT() REPRESENTATION_CONTEXT('2D SPACE',''
  ) );
#16703 = PCURVE('',#9984,#16704);
#16704 = DEFINITIONAL_REPRESENTATION('',(#16705),#16709);
#16705 = LINE('',#16706,#16707);
#16706 = CARTESIAN_POINT('',(0.,-0.));
#16707 = VECTOR('',#16708,1.);
#16708 = DIRECTION('',(0.,1.));
#16709 = ( GEOMETRIC_REPRESENTATION_CONTEXT(2) 
PARAMETRIC_REPRESENTATION_CONTEXT() REPRESENTATION_CONTEXT('2D SPACE',''
  ) );
#16710 = ORIENTED_EDGE('',*,*,#16711,.F.);
#16711 = EDGE_CURVE('',#16689,#16689,#16712,.T.);
#16712 = SURFACE_CURVE('',#16713,(#16718,#16725),.PCURVE_S1.);
#16713 = CIRCLE('',#16714,2.25);
#16714 = AXIS2_PLACEMENT_3D('',#16715,#16716,#16717);
#16715 = CARTESIAN_POINT('',(76.8,10.,116.4));
#16716 = DIRECTION('',(0.,0.,1.));
#16717 = DIRECTION('',(1.,0.,-0.));
#16718 = PCURVE('',#9984,#16719);
#16719 = DEFINITIONAL_REPRESENTATION('',(#16720),#16724);
#16720 = LINE('',#16721,#16722);
#16721 = CARTESIAN_POINT('',(0.,12.));
#16722 = VECTOR('',#16723,1.);
#16723 = DIRECTION('',(1.,0.));
#16724 = ( GEOMETRIC_REPRESENTATION_CONTEXT(2) 
PARAMETRIC_REPRESENTATION_CONTEXT() REPRESENTATION_CONTEXT('2D SPACE',''
  ) );
#16725 = PCURVE('',#14276,#16726);
#16726 = DEFINITIONAL_REPRESENTATION('',(#16727),#16731);
#16727 = CIRCLE('',#16728,2.25);
#16728 = AXIS2_PLACEMENT_2D('',#16729,#16730);
#16729 = CARTESIAN_POINT('',(0.,0.));
#16730 = DIRECTION('',(1.,0.));
#16731 = ( GEOMETRIC_REPRESENTATION_CONTEXT(2) 
PARAMETRIC_REPRESENTATION_CONTEXT() REPRESENTATION_CONTEXT('2D SPACE',''
  ) );
#16732 = ORIENTED_EDGE('',*,*,#16688,.F.);
#16733 = ADVANCED_FACE('',(#16734),#10015,.F.);
#16734 = FACE_BOUND('',#16735,.F.);
#16735 = EDGE_LOOP('',(#16736,#16737,#16760,#16782));
#16736 = ORIENTED_EDGE('',*,*,#9998,.T.);
#16737 = ORIENTED_EDGE('',*,*,#16738,.T.);
#16738 = EDGE_CURVE('',#9999,#16739,#16741,.T.);
#16739 = VERTEX_POINT('',#16740);
#16740 = CARTESIAN_POINT('',(79.05,50.,116.4));
#16741 = SEAM_CURVE('',#16742,(#16746,#16753),.PCURVE_S1.);
#16742 = LINE('',#16743,#16744);
#16743 = CARTESIAN_POINT('',(79.05,50.,104.4));
#16744 = VECTOR('',#16745,1.);
#16745 = DIRECTION('',(0.,0.,1.));
#16746 = PCURVE('',#10015,#16747);
#16747 = DEFINITIONAL_REPRESENTATION('',(#16748),#16752);
#16748 = LINE('',#16749,#16750);
#16749 = CARTESIAN_POINT('',(6.28318530718,-0.));
#16750 = VECTOR('',#16751,1.);
#16751 = DIRECTION('',(0.,1.));
#16752 = ( GEOMETRIC_REPRESENTATION_CONTEXT(2) 
PARAMETRIC_REPRESENTATION_CONTEXT() REPRESENTATION_CONTEXT('2D SPACE',''
  ) );
#16753 = PCURVE('',#10015,#16754);
#16754 = DEFINITIONAL_REPRESENTATION('',(#16755),#16759);
#16755 = LINE('',#16756,#16757);
#16756 = CARTESIAN_POINT('',(0.,-0.));
#16757 = VECTOR('',#16758,1.);
#16758 = DIRECTION('',(0.,1.));
#16759 = ( GEOMETRIC_REPRESENTATION_CONTEXT(2) 
PARAMETRIC_REPRESENTATION_CONTEXT() REPRESENTATION_CONTEXT('2D SPACE',''
  ) );
#16760 = ORIENTED_EDGE('',*,*,#16761,.F.);
#16761 = EDGE_CURVE('',#16739,#16739,#16762,.T.);
#16762 = SURFACE_CURVE('',#16763,(#16768,#16775),.PCURVE_S1.);
#16763 = CIRCLE('',#16764,2.25);
#16764 = AXIS2_PLACEMENT_3D('',#16765,#16766,#16767);
#16765 = CARTESIAN_POINT('',(76.8,50.,116.4));
#16766 = DIRECTION('',(0.,0.,1.));
#16767 = DIRECTION('',(1.,0.,-0.));
#16768 = PCURVE('',#10015,#16769);
#16769 = DEFINITIONAL_REPRESENTATION('',(#16770),#16774);
#16770 = LINE('',#16771,#16772);
#16771 = CARTESIAN_POINT('',(0.,12.));
#16772 = VECTOR('',#16773,1.);
#16773 = DIRECTION('',(1.,0.));
#16774 = ( GEOMETRIC_REPRESENTATION_CONTEXT(2) 
PARAMETRIC_REPRESENTATION_CONTEXT() REPRESENTATION_CONTEXT('2D SPACE',''
  ) );
#16775 = PCURVE('',#15007,#16776);
#16776 = DEFINITIONAL_REPRESENTATION('',(#16777),#16781);
#16777 = CIRCLE('',#16778,2.25);
#16778 = AXIS2_PLACEMENT_2D('',#16779,#16780);
#16779 = CARTESIAN_POINT('',(0.,0.));
#16780 = DIRECTION('',(1.,0.));
#16781 = ( GEOMETRIC_REPRESENTATION_CONTEXT(2) 
PARAMETRIC_REPRESENTATION_CONTEXT() REPRESENTATION_CONTEXT('2D SPACE',''
  ) );
#16782 = ORIENTED_EDGE('',*,*,#16738,.F.);
#16783 = ADVANCED_FACE('',(#16784,#16790,#16821),#10091,.F.);
#16784 = FACE_BOUND('',#16785,.F.);
#16785 = EDGE_LOOP('',(#16786,#16787,#16788,#16789));
#16786 = ORIENTED_EDGE('',*,*,#10180,.F.);
#16787 = ORIENTED_EDGE('',*,*,#10077,.T.);
#16788 = ORIENTED_EDGE('',*,*,#10131,.T.);
#16789 = ORIENTED_EDGE('',*,*,#10207,.F.);
#16790 = FACE_BOUND('',#16791,.F.);
#16791 = EDGE_LOOP('',(#16792));
#16792 = ORIENTED_EDGE('',*,*,#16793,.F.);
#16793 = EDGE_CURVE('',#16794,#16794,#16796,.T.);
#16794 = VERTEX_POINT('',#16795);
#16795 = CARTESIAN_POINT('',(-79.85,25.,159.1));
#16796 = SURFACE_CURVE('',#16797,(#16802,#16809),.PCURVE_S1.);
#16797 = CIRCLE('',#16798,3.1);
#16798 = AXIS2_PLACEMENT_3D('',#16799,#16800,#16801);
#16799 = CARTESIAN_POINT('',(-79.85,25.,156.));
#16800 = DIRECTION('',(1.,0.,0.));
#16801 = DIRECTION('',(-0.,0.,1.));
#16802 = PCURVE('',#10091,#16803);
#16803 = DEFINITIONAL_REPRESENTATION('',(#16804),#16808);
#16804 = CIRCLE('',#16805,3.1);
#16805 = AXIS2_PLACEMENT_2D('',#16806,#16807);
#16806 = CARTESIAN_POINT('',(35.8,-60.8));
#16807 = DIRECTION('',(1.,0.));
#16808 = ( GEOMETRIC_REPRESENTATION_CONTEXT(2) 
PARAMETRIC_REPRESENTATION_CONTEXT() REPRESENTATION_CONTEXT('2D SPACE',''
  ) );
#16809 = PCURVE('',#16810,#16815);
#16810 = CYLINDRICAL_SURFACE('',#16811,3.1);
#16811 = AXIS2_PLACEMENT_3D('',#16812,#16813,#16814);
#16812 = CARTESIAN_POINT('',(-79.95,25.,156.));
#16813 = DIRECTION('',(1.,0.,0.));
#16814 = DIRECTION('',(-0.,0.,1.));
#16815 = DEFINITIONAL_REPRESENTATION('',(#16816),#16820);
#16816 = LINE('',#16817,#16818);
#16817 = CARTESIAN_POINT('',(0.,9.999999999999E-02));
#16818 = VECTOR('',#16819,1.);
#16819 = DIRECTION('',(1.,0.));
#16820 = ( GEOMETRIC_REPRESENTATION_CONTEXT(2) 
PARAMETRIC_REPRESENTATION_CONTEXT() REPRESENTATION_CONTEXT('2D SPACE',''
  ) );
#16821 = FACE_BOUND('',#16822,.F.);
#16822 = EDGE_LOOP('',(#16823));
#16823 = ORIENTED_EDGE('',*,*,#16824,.F.);
#16824 = EDGE_CURVE('',#16825,#16825,#16827,.T.);
#16825 = VERTEX_POINT('',#16826);
#16826 = CARTESIAN_POINT('',(-79.85,-25.,159.1));
#16827 = SURFACE_CURVE('',#16828,(#16833,#16840),.PCURVE_S1.);
#16828 = CIRCLE('',#16829,3.1);
#16829 = AXIS2_PLACEMENT_3D('',#16830,#16831,#16832);
#16830 = CARTESIAN_POINT('',(-79.85,-25.,156.));
#16831 = DIRECTION('',(1.,0.,0.));
#16832 = DIRECTION('',(-0.,0.,1.));
#16833 = PCURVE('',#10091,#16834);
#16834 = DEFINITIONAL_REPRESENTATION('',(#16835),#16839);
#16835 = CIRCLE('',#16836,3.1);
#16836 = AXIS2_PLACEMENT_2D('',#16837,#16838);
#16837 = CARTESIAN_POINT('',(35.8,-10.8));
#16838 = DIRECTION('',(1.,0.));
#16839 = ( GEOMETRIC_REPRESENTATION_CONTEXT(2) 
PARAMETRIC_REPRESENTATION_CONTEXT() REPRESENTATION_CONTEXT('2D SPACE',''
  ) );
#16840 = PCURVE('',#16841,#16846);
#16841 = CYLINDRICAL_SURFACE('',#16842,3.1);
#16842 = AXIS2_PLACEMENT_3D('',#16843,#16844,#16845);
#16843 = CARTESIAN_POINT('',(-79.95,-25.,156.));
#16844 = DIRECTION('',(1.,0.,0.));
#16845 = DIRECTION('',(-0.,0.,1.));
#16846 = DEFINITIONAL_REPRESENTATION('',(#16847),#16851);
#16847 = LINE('',#16848,#16849);
#16848 = CARTESIAN_POINT('',(0.,9.999999999999E-02));
#16849 = VECTOR('',#16850,1.);
#16850 = DIRECTION('',(1.,0.));
#16851 = ( GEOMETRIC_REPRESENTATION_CONTEXT(2) 
PARAMETRIC_REPRESENTATION_CONTEXT() REPRESENTATION_CONTEXT('2D SPACE',''
  ) );
#16852 = ADVANCED_FACE('',(#16853,#16858),#10458,.F.);
#16853 = FACE_BOUND('',#16854,.F.);
#16854 = EDGE_LOOP('',(#16855,#16856,#16857));
#16855 = ORIENTED_EDGE('',*,*,#10797,.T.);
#16856 = ORIENTED_EDGE('',*,*,#10745,.T.);
#16857 = ORIENTED_EDGE('',*,*,#10443,.T.);
#16858 = FACE_BOUND('',#16859,.F.);
#16859 = EDGE_LOOP('',(#16860));
#16860 = ORIENTED_EDGE('',*,*,#16861,.F.);
#16861 = EDGE_CURVE('',#16862,#16862,#16864,.T.);
#16862 = VERTEX_POINT('',#16863);
#16863 = CARTESIAN_POINT('',(-63.,79.3,215.9));
#16864 = SURFACE_CURVE('',#16865,(#16870,#16877),.PCURVE_S1.);
#16865 = CIRCLE('',#16866,2.1);
#16866 = AXIS2_PLACEMENT_3D('',#16867,#16868,#16869);
#16867 = CARTESIAN_POINT('',(-63.,79.3,218.));
#16868 = DIRECTION('',(0.,-1.,0.));
#16869 = DIRECTION('',(0.,-0.,-1.));
#16870 = PCURVE('',#10458,#16871);
#16871 = DEFINITIONAL_REPRESENTATION('',(#16872),#16876);
#16872 = CIRCLE('',#16873,2.1);
#16873 = AXIS2_PLACEMENT_2D('',#16874,#16875);
#16874 = CARTESIAN_POINT('',(0.,0.));
#16875 = DIRECTION('',(1.,0.));
#16876 = ( GEOMETRIC_REPRESENTATION_CONTEXT(2) 
PARAMETRIC_REPRESENTATION_CONTEXT() REPRESENTATION_CONTEXT('2D SPACE',''
  ) );
#16877 = PCURVE('',#16878,#16883);
#16878 = CYLINDRICAL_SURFACE('',#16879,2.1);
#16879 = AXIS2_PLACEMENT_3D('',#16880,#16881,#16882);
#16880 = CARTESIAN_POINT('',(-63.,79.8,218.));
#16881 = DIRECTION('',(0.,-1.,0.));
#16882 = DIRECTION('',(0.,-0.,-1.));
#16883 = DEFINITIONAL_REPRESENTATION('',(#16884),#16888);
#16884 = LINE('',#16885,#16886);
#16885 = CARTESIAN_POINT('',(0.,0.5));
#16886 = VECTOR('',#16887,1.);
#16887 = DIRECTION('',(1.,0.));
#16888 = ( GEOMETRIC_REPRESENTATION_CONTEXT(2) 
PARAMETRIC_REPRESENTATION_CONTEXT() REPRESENTATION_CONTEXT('2D SPACE',''
  ) );
#16889 = ADVANCED_FACE('',(#16890,#16895),#10367,.F.);
#16890 = FACE_BOUND('',#16891,.F.);
#16891 = EDGE_LOOP('',(#16892,#16893,#16894));
#16892 = ORIENTED_EDGE('',*,*,#10635,.T.);
#16893 = ORIENTED_EDGE('',*,*,#10583,.T.);
#16894 = ORIENTED_EDGE('',*,*,#10352,.T.);
#16895 = FACE_BOUND('',#16896,.F.);
#16896 = EDGE_LOOP('',(#16897));
#16897 = ORIENTED_EDGE('',*,*,#16898,.F.);
#16898 = EDGE_CURVE('',#16899,#16899,#16901,.T.);
#16899 = VERTEX_POINT('',#16900);
#16900 = CARTESIAN_POINT('',(-63.,79.3,241.9));
#16901 = SURFACE_CURVE('',#16902,(#16907,#16914),.PCURVE_S1.);
#16902 = CIRCLE('',#16903,2.1);
#16903 = AXIS2_PLACEMENT_3D('',#16904,#16905,#16906);
#16904 = CARTESIAN_POINT('',(-63.,79.3,244.));
#16905 = DIRECTION('',(0.,-1.,0.));
#16906 = DIRECTION('',(0.,-0.,-1.));
#16907 = PCURVE('',#10367,#16908);
#16908 = DEFINITIONAL_REPRESENTATION('',(#16909),#16913);
#16909 = CIRCLE('',#16910,2.1);
#16910 = AXIS2_PLACEMENT_2D('',#16911,#16912);
#16911 = CARTESIAN_POINT('',(0.,0.));
#16912 = DIRECTION('',(1.,0.));
#16913 = ( GEOMETRIC_REPRESENTATION_CONTEXT(2) 
PARAMETRIC_REPRESENTATION_CONTEXT() REPRESENTATION_CONTEXT('2D SPACE',''
  ) );
#16914 = PCURVE('',#16915,#16920);
#16915 = CYLINDRICAL_SURFACE('',#16916,2.1);
#16916 = AXIS2_PLACEMENT_3D('',#16917,#16918,#16919);
#16917 = CARTESIAN_POINT('',(-63.,79.8,244.));
#16918 = DIRECTION('',(0.,-1.,0.));
#16919 = DIRECTION('',(0.,-0.,-1.));
#16920 = DEFINITIONAL_REPRESENTATION('',(#16921),#16925);
#16921 = LINE('',#16922,#16923);
#16922 = CARTESIAN_POINT('',(0.,0.5));
#16923 = VECTOR('',#16924,1.);
#16924 = DIRECTION('',(1.,0.));
#16925 = ( GEOMETRIC_REPRESENTATION_CONTEXT(2) 
PARAMETRIC_REPRESENTATION_CONTEXT() REPRESENTATION_CONTEXT('2D SPACE',''
  ) );
#16926 = ADVANCED_FACE('',(#16927),#10570,.T.);
#16927 = FACE_BOUND('',#16928,.T.);
#16928 = EDGE_LOOP('',(#16929));
#16929 = ORIENTED_EDGE('',*,*,#10555,.T.);
#16930 = ADVANCED_FACE('',(#16931),#10732,.T.);
#16931 = FACE_BOUND('',#16932,.T.);
#16932 = EDGE_LOOP('',(#16933));
#16933 = ORIENTED_EDGE('',*,*,#10717,.T.);
#16934 = ADVANCED_FACE('',(#16935),#10968,.F.);
#16935 = FACE_BOUND('',#16936,.F.);
#16936 = EDGE_LOOP('',(#16937,#16938,#16939,#16940));
#16937 = ORIENTED_EDGE('',*,*,#11360,.F.);
#16938 = ORIENTED_EDGE('',*,*,#10952,.T.);
#16939 = ORIENTED_EDGE('',*,*,#11137,.T.);
#16940 = ORIENTED_EDGE('',*,*,#16941,.T.);
#16941 = EDGE_CURVE('',#11138,#11361,#16942,.T.);
#16942 = SURFACE_CURVE('',#16943,(#16947,#16953),.PCURVE_S1.);
#16943 = LINE('',#16944,#16945);
#16944 = CARTESIAN_POINT('',(-44.0615528128,66.85,143.));
#16945 = VECTOR('',#16946,1.);
#16946 = DIRECTION('',(-0.,-0.,-1.));
#16947 = PCURVE('',#10968,#16948);
#16948 = DEFINITIONAL_REPRESENTATION('',(#16949),#16952);
#16949 = B_SPLINE_CURVE_WITH_KNOTS('',1,(#16950,#16951),.UNSPECIFIED.,
  .F.,.F.,(2,2),(-8.0000006,-3.6),.PIECEWISE_BEZIER_KNOTS.);
#16950 = CARTESIAN_POINT('',(4.0000006,31.488447187191));
#16951 = CARTESIAN_POINT('',(-0.4,31.488447187191));
#16952 = ( GEOMETRIC_REPRESENTATION_CONTEXT(2) 
PARAMETRIC_REPRESENTATION_CONTEXT() REPRESENTATION_CONTEXT('2D SPACE',''
  ) );
#16953 = PCURVE('',#11102,#16954);
#16954 = DEFINITIONAL_REPRESENTATION('',(#16955),#16958);
#16955 = B_SPLINE_CURVE_WITH_KNOTS('',1,(#16956,#16957),.UNSPECIFIED.,
  .F.,.F.,(2,2),(-8.0000006,-3.6),.PIECEWISE_BEZIER_KNOTS.);
#16956 = CARTESIAN_POINT('',(-4.236506730724,-8.0000006));
#16957 = CARTESIAN_POINT('',(-4.236506730724,-3.6));
#16958 = ( GEOMETRIC_REPRESENTATION_CONTEXT(2) 
PARAMETRIC_REPRESENTATION_CONTEXT() REPRESENTATION_CONTEXT('2D SPACE',''
  ) );
#16959 = ADVANCED_FACE('',(#16960),#11045,.T.);
#16960 = FACE_BOUND('',#16961,.F.);
#16961 = EDGE_LOOP('',(#16962,#16991,#17012,#17013,#17014,#17015,#17036,
    #17069,#17088,#17089,#17108,#17109));
#16962 = ORIENTED_EDGE('',*,*,#16963,.F.);
#16963 = EDGE_CURVE('',#16964,#16964,#16966,.T.);
#16964 = VERTEX_POINT('',#16965);
#16965 = CARTESIAN_POINT('',(46.5,70.85,143.));
#16966 = SURFACE_CURVE('',#16967,(#16972,#16979),.PCURVE_S1.);
#16967 = CIRCLE('',#16968,4.5);
#16968 = AXIS2_PLACEMENT_3D('',#16969,#16970,#16971);
#16969 = CARTESIAN_POINT('',(42.,70.85,143.));
#16970 = DIRECTION('',(0.,0.,1.));
#16971 = DIRECTION('',(1.,0.,0.));
#16972 = PCURVE('',#11045,#16973);
#16973 = DEFINITIONAL_REPRESENTATION('',(#16974),#16978);
#16974 = LINE('',#16975,#16976);
#16975 = CARTESIAN_POINT('',(-0.,0.));
#16976 = VECTOR('',#16977,1.);
#16977 = DIRECTION('',(-1.,0.));
#16978 = ( GEOMETRIC_REPRESENTATION_CONTEXT(2) 
PARAMETRIC_REPRESENTATION_CONTEXT() REPRESENTATION_CONTEXT('2D SPACE',''
  ) );
#16979 = PCURVE('',#16980,#16985);
#16980 = PLANE('',#16981);
#16981 = AXIS2_PLACEMENT_3D('',#16982,#16983,#16984);
#16982 = CARTESIAN_POINT('',(42.,70.85,143.));
#16983 = DIRECTION('',(0.,0.,1.));
#16984 = DIRECTION('',(1.,0.,-0.));
#16985 = DEFINITIONAL_REPRESENTATION('',(#16986),#16990);
#16986 = CIRCLE('',#16987,4.5);
#16987 = AXIS2_PLACEMENT_2D('',#16988,#16989);
#16988 = CARTESIAN_POINT('',(7.105427357601E-15,0.));
#16989 = DIRECTION('',(1.,0.));
#16990 = ( GEOMETRIC_REPRESENTATION_CONTEXT(2) 
PARAMETRIC_REPRESENTATION_CONTEXT() REPRESENTATION_CONTEXT('2D SPACE',''
  ) );
#16991 = ORIENTED_EDGE('',*,*,#16992,.T.);
#16992 = EDGE_CURVE('',#16964,#12197,#16993,.T.);
#16993 = SEAM_CURVE('',#16994,(#16998,#17005),.PCURVE_S1.);
#16994 = LINE('',#16995,#16996);
#16995 = CARTESIAN_POINT('',(46.5,70.85,143.));
#16996 = VECTOR('',#16997,1.);
#16997 = DIRECTION('',(0.,0.,1.));
#16998 = PCURVE('',#11045,#16999);
#16999 = DEFINITIONAL_REPRESENTATION('',(#17000),#17004);
#17000 = LINE('',#17001,#17002);
#17001 = CARTESIAN_POINT('',(-6.28318530718,0.));
#17002 = VECTOR('',#17003,1.);
#17003 = DIRECTION('',(-0.,-1.));
#17004 = ( GEOMETRIC_REPRESENTATION_CONTEXT(2) 
PARAMETRIC_REPRESENTATION_CONTEXT() REPRESENTATION_CONTEXT('2D SPACE',''
  ) );
#17005 = PCURVE('',#11045,#17006);
#17006 = DEFINITIONAL_REPRESENTATION('',(#17007),#17011);
#17007 = LINE('',#17008,#17009);
#17008 = CARTESIAN_POINT('',(-0.,0.));
#17009 = VECTOR('',#17010,1.);
#17010 = DIRECTION('',(-0.,-1.));
#17011 = ( GEOMETRIC_REPRESENTATION_CONTEXT(2) 
PARAMETRIC_REPRESENTATION_CONTEXT() REPRESENTATION_CONTEXT('2D SPACE',''
  ) );
#17012 = ORIENTED_EDGE('',*,*,#12250,.F.);
#17013 = ORIENTED_EDGE('',*,*,#12123,.F.);
#17014 = ORIENTED_EDGE('',*,*,#11028,.T.);
#17015 = ORIENTED_EDGE('',*,*,#17016,.T.);
#17016 = EDGE_CURVE('',#11029,#17017,#17019,.T.);
#17017 = VERTEX_POINT('',#17018);
#17018 = CARTESIAN_POINT('',(39.938447187191,74.85,147.));
#17019 = SURFACE_CURVE('',#17020,(#17024,#17030),.PCURVE_S1.);
#17020 = LINE('',#17021,#17022);
#17021 = CARTESIAN_POINT('',(39.938447187191,74.85,143.));
#17022 = VECTOR('',#17023,1.);
#17023 = DIRECTION('',(-0.,-0.,-1.));
#17024 = PCURVE('',#11045,#17025);
#17025 = DEFINITIONAL_REPRESENTATION('',(#17026),#17029);
#17026 = B_SPLINE_CURVE_WITH_KNOTS('',1,(#17027,#17028),.UNSPECIFIED.,
  .F.,.F.,(2,2),(-8.0000006,-3.6),.PIECEWISE_BEZIER_KNOTS.);
#17027 = CARTESIAN_POINT('',(-2.046678576455,-8.0000006));
#17028 = CARTESIAN_POINT('',(-2.046678576455,-3.6));
#17029 = ( GEOMETRIC_REPRESENTATION_CONTEXT(2) 
PARAMETRIC_REPRESENTATION_CONTEXT() REPRESENTATION_CONTEXT('2D SPACE',''
  ) );
#17030 = PCURVE('',#11073,#17031);
#17031 = DEFINITIONAL_REPRESENTATION('',(#17032),#17035);
#17032 = B_SPLINE_CURVE_WITH_KNOTS('',1,(#17033,#17034),.UNSPECIFIED.,
  .F.,.F.,(2,2),(-8.0000006,-3.6),.PIECEWISE_BEZIER_KNOTS.);
#17033 = CARTESIAN_POINT('',(4.0000006,115.48844718719));
#17034 = CARTESIAN_POINT('',(-0.4,115.48844718719));
#17035 = ( GEOMETRIC_REPRESENTATION_CONTEXT(2) 
PARAMETRIC_REPRESENTATION_CONTEXT() REPRESENTATION_CONTEXT('2D SPACE',''
  ) );
#17036 = ORIENTED_EDGE('',*,*,#17037,.F.);
#17037 = EDGE_CURVE('',#17038,#17017,#17040,.T.);
#17038 = VERTEX_POINT('',#17039);
#17039 = CARTESIAN_POINT('',(39.938447187191,66.85,147.));
#17040 = SURFACE_CURVE('',#17041,(#17046,#17053),.PCURVE_S1.);
#17041 = CIRCLE('',#17042,4.5);
#17042 = AXIS2_PLACEMENT_3D('',#17043,#17044,#17045);
#17043 = CARTESIAN_POINT('',(42.,70.85,147.));
#17044 = DIRECTION('',(0.,0.,-1.));
#17045 = DIRECTION('',(1.,0.,0.));
#17046 = PCURVE('',#11045,#17047);
#17047 = DEFINITIONAL_REPRESENTATION('',(#17048),#17052);
#17048 = LINE('',#17049,#17050);
#17049 = CARTESIAN_POINT('',(-6.28318530718,-4.));
#17050 = VECTOR('',#17051,1.);
#17051 = DIRECTION('',(1.,-0.));
#17052 = ( GEOMETRIC_REPRESENTATION_CONTEXT(2) 
PARAMETRIC_REPRESENTATION_CONTEXT() REPRESENTATION_CONTEXT('2D SPACE',''
  ) );
#17053 = PCURVE('',#17054,#17059);
#17054 = PLANE('',#17055);
#17055 = AXIS2_PLACEMENT_3D('',#17056,#17057,#17058);
#17056 = CARTESIAN_POINT('',(-75.55,66.85,147.));
#17057 = DIRECTION('',(0.,0.,1.));
#17058 = DIRECTION('',(1.,0.,0.));
#17059 = DEFINITIONAL_REPRESENTATION('',(#17060),#17068);
#17060 = ( BOUNDED_CURVE() B_SPLINE_CURVE(2,(#17061,#17062,#17063,#17064
    ,#17065,#17066,#17067),.UNSPECIFIED.,.T.,.F.) 
B_SPLINE_CURVE_WITH_KNOTS((1,2,2,2,2,1),(-2.094395102393,0.,
    2.094395102393,4.188790204786,6.28318530718,8.377580409573),
.UNSPECIFIED.) CURVE() GEOMETRIC_REPRESENTATION_ITEM() 
RATIONAL_B_SPLINE_CURVE((1.,0.5,1.,0.5,1.,0.5,1.)) REPRESENTATION_ITEM(
  '') );
#17061 = CARTESIAN_POINT('',(122.05,4.));
#17062 = CARTESIAN_POINT('',(122.05,-3.79422863406));
#17063 = CARTESIAN_POINT('',(115.3,0.10288568297));
#17064 = CARTESIAN_POINT('',(108.55,4.));
#17065 = CARTESIAN_POINT('',(115.3,7.89711431703));
#17066 = CARTESIAN_POINT('',(122.05,11.79422863406));
#17067 = CARTESIAN_POINT('',(122.05,4.));
#17068 = ( GEOMETRIC_REPRESENTATION_CONTEXT(2) 
PARAMETRIC_REPRESENTATION_CONTEXT() REPRESENTATION_CONTEXT('2D SPACE',''
  ) );
#17069 = ORIENTED_EDGE('',*,*,#17070,.F.);
#17070 = EDGE_CURVE('',#11185,#17038,#17071,.T.);
#17071 = SURFACE_CURVE('',#17072,(#17076,#17082),.PCURVE_S1.);
#17072 = LINE('',#17073,#17074);
#17073 = CARTESIAN_POINT('',(39.938447187191,66.85,143.));
#17074 = VECTOR('',#17075,1.);
#17075 = DIRECTION('',(-0.,-0.,-1.));
#17076 = PCURVE('',#11045,#17077);
#17077 = DEFINITIONAL_REPRESENTATION('',(#17078),#17081);
#17078 = B_SPLINE_CURVE_WITH_KNOTS('',1,(#17079,#17080),.UNSPECIFIED.,
  .F.,.F.,(2,2),(-8.0000006,-3.6),.PIECEWISE_BEZIER_KNOTS.);
#17079 = CARTESIAN_POINT('',(-4.236506730724,-8.0000006));
#17080 = CARTESIAN_POINT('',(-4.236506730724,-3.6));
#17081 = ( GEOMETRIC_REPRESENTATION_CONTEXT(2) 
PARAMETRIC_REPRESENTATION_CONTEXT() REPRESENTATION_CONTEXT('2D SPACE',''
  ) );
#17082 = PCURVE('',#11200,#17083);
#17083 = DEFINITIONAL_REPRESENTATION('',(#17084),#17087);
#17084 = B_SPLINE_CURVE_WITH_KNOTS('',1,(#17085,#17086),.UNSPECIFIED.,
  .F.,.F.,(2,2),(-8.0000006,-3.6),.PIECEWISE_BEZIER_KNOTS.);
#17085 = CARTESIAN_POINT('',(4.0000006,115.48844718719));
#17086 = CARTESIAN_POINT('',(-0.4,115.48844718719));
#17087 = ( GEOMETRIC_REPRESENTATION_CONTEXT(2) 
PARAMETRIC_REPRESENTATION_CONTEXT() REPRESENTATION_CONTEXT('2D SPACE',''
  ) );
#17088 = ORIENTED_EDGE('',*,*,#11212,.T.);
#17089 = ORIENTED_EDGE('',*,*,#17090,.T.);
#17090 = EDGE_CURVE('',#11213,#12199,#17091,.T.);
#17091 = SURFACE_CURVE('',#17092,(#17096,#17102),.PCURVE_S1.);
#17092 = LINE('',#17093,#17094);
#17093 = CARTESIAN_POINT('',(44.061552812809,66.85,143.));
#17094 = VECTOR('',#17095,1.);
#17095 = DIRECTION('',(-0.,-0.,-1.));
#17096 = PCURVE('',#11045,#17097);
#17097 = DEFINITIONAL_REPRESENTATION('',(#17098),#17101);
#17098 = B_SPLINE_CURVE_WITH_KNOTS('',1,(#17099,#17100),.UNSPECIFIED.,
  .F.,.F.,(2,2),(-8.0000006,-3.6),.PIECEWISE_BEZIER_KNOTS.);
#17099 = CARTESIAN_POINT('',(-5.188271230045,-8.0000006));
#17100 = CARTESIAN_POINT('',(-5.188271230045,-3.6));
#17101 = ( GEOMETRIC_REPRESENTATION_CONTEXT(2) 
PARAMETRIC_REPRESENTATION_CONTEXT() REPRESENTATION_CONTEXT('2D SPACE',''
  ) );
#17102 = PCURVE('',#11252,#17103);
#17103 = DEFINITIONAL_REPRESENTATION('',(#17104),#17107);
#17104 = B_SPLINE_CURVE_WITH_KNOTS('',1,(#17105,#17106),.UNSPECIFIED.,
  .F.,.F.,(2,2),(-8.0000006,-3.6),.PIECEWISE_BEZIER_KNOTS.);
#17105 = CARTESIAN_POINT('',(4.0000006,119.6115528128));
#17106 = CARTESIAN_POINT('',(-0.4,119.6115528128));
#17107 = ( GEOMETRIC_REPRESENTATION_CONTEXT(2) 
PARAMETRIC_REPRESENTATION_CONTEXT() REPRESENTATION_CONTEXT('2D SPACE',''
  ) );
#17108 = ORIENTED_EDGE('',*,*,#12196,.F.);
#17109 = ORIENTED_EDGE('',*,*,#16992,.F.);
#17110 = ADVANCED_FACE('',(#17111),#11073,.T.);
#17111 = FACE_BOUND('',#17112,.T.);
#17112 = EDGE_LOOP('',(#17113,#17136,#17155,#17156));
#17113 = ORIENTED_EDGE('',*,*,#17114,.F.);
#17114 = EDGE_CURVE('',#17115,#17017,#17117,.T.);
#17115 = VERTEX_POINT('',#17116);
#17116 = CARTESIAN_POINT('',(-39.93844718719,74.85,147.));
#17117 = SURFACE_CURVE('',#17118,(#17122,#17129),.PCURVE_S1.);
#17118 = LINE('',#17119,#17120);
#17119 = CARTESIAN_POINT('',(-75.55,74.85,147.));
#17120 = VECTOR('',#17121,1.);
#17121 = DIRECTION('',(1.,0.,0.));
#17122 = PCURVE('',#11073,#17123);
#17123 = DEFINITIONAL_REPRESENTATION('',(#17124),#17128);
#17124 = LINE('',#17125,#17126);
#17125 = CARTESIAN_POINT('',(0.,0.));
#17126 = VECTOR('',#17127,1.);
#17127 = DIRECTION('',(0.,1.));
#17128 = ( GEOMETRIC_REPRESENTATION_CONTEXT(2) 
PARAMETRIC_REPRESENTATION_CONTEXT() REPRESENTATION_CONTEXT('2D SPACE',''
  ) );
#17129 = PCURVE('',#17054,#17130);
#17130 = DEFINITIONAL_REPRESENTATION('',(#17131),#17135);
#17131 = LINE('',#17132,#17133);
#17132 = CARTESIAN_POINT('',(0.,8.));
#17133 = VECTOR('',#17134,1.);
#17134 = DIRECTION('',(1.,0.));
#17135 = ( GEOMETRIC_REPRESENTATION_CONTEXT(2) 
PARAMETRIC_REPRESENTATION_CONTEXT() REPRESENTATION_CONTEXT('2D SPACE',''
  ) );
#17136 = ORIENTED_EDGE('',*,*,#17137,.F.);
#17137 = EDGE_CURVE('',#11058,#17115,#17138,.T.);
#17138 = SURFACE_CURVE('',#17139,(#17143,#17149),.PCURVE_S1.);
#17139 = LINE('',#17140,#17141);
#17140 = CARTESIAN_POINT('',(-39.93844718719,74.85,143.));
#17141 = VECTOR('',#17142,1.);
#17142 = DIRECTION('',(-0.,-0.,-1.));
#17143 = PCURVE('',#11073,#17144);
#17144 = DEFINITIONAL_REPRESENTATION('',(#17145),#17148);
#17145 = B_SPLINE_CURVE_WITH_KNOTS('',1,(#17146,#17147),.UNSPECIFIED.,
  .F.,.F.,(2,2),(-8.0000006,-3.6),.PIECEWISE_BEZIER_KNOTS.);
#17146 = CARTESIAN_POINT('',(4.0000006,35.611552812809));
#17147 = CARTESIAN_POINT('',(-0.4,35.611552812809));
#17148 = ( GEOMETRIC_REPRESENTATION_CONTEXT(2) 
PARAMETRIC_REPRESENTATION_CONTEXT() REPRESENTATION_CONTEXT('2D SPACE',''
  ) );
#17149 = PCURVE('',#11102,#17150);
#17150 = DEFINITIONAL_REPRESENTATION('',(#17151),#17154);
#17151 = B_SPLINE_CURVE_WITH_KNOTS('',1,(#17152,#17153),.UNSPECIFIED.,
  .F.,.F.,(2,2),(-8.0000006,-3.6),.PIECEWISE_BEZIER_KNOTS.);
#17152 = CARTESIAN_POINT('',(-1.094914077134,-8.0000006));
#17153 = CARTESIAN_POINT('',(-1.094914077134,-3.6));
#17154 = ( GEOMETRIC_REPRESENTATION_CONTEXT(2) 
PARAMETRIC_REPRESENTATION_CONTEXT() REPRESENTATION_CONTEXT('2D SPACE',''
  ) );
#17155 = ORIENTED_EDGE('',*,*,#11057,.T.);
#17156 = ORIENTED_EDGE('',*,*,#17016,.T.);
#17157 = ADVANCED_FACE('',(#17158),#11102,.T.);
#17158 = FACE_BOUND('',#17159,.F.);
#17159 = EDGE_LOOP('',(#17160,#17189,#17212,#17238,#17239,#17240,#17241,
    #17242,#17243,#17244,#17265,#17291));
#17160 = ORIENTED_EDGE('',*,*,#17161,.F.);
#17161 = EDGE_CURVE('',#17162,#17162,#17164,.T.);
#17162 = VERTEX_POINT('',#17163);
#17163 = CARTESIAN_POINT('',(-37.5,70.85,143.));
#17164 = SURFACE_CURVE('',#17165,(#17170,#17177),.PCURVE_S1.);
#17165 = CIRCLE('',#17166,4.5);
#17166 = AXIS2_PLACEMENT_3D('',#17167,#17168,#17169);
#17167 = CARTESIAN_POINT('',(-42.,70.85,143.));
#17168 = DIRECTION('',(0.,0.,1.));
#17169 = DIRECTION('',(1.,0.,0.));
#17170 = PCURVE('',#11102,#17171);
#17171 = DEFINITIONAL_REPRESENTATION('',(#17172),#17176);
#17172 = LINE('',#17173,#17174);
#17173 = CARTESIAN_POINT('',(-0.,0.));
#17174 = VECTOR('',#17175,1.);
#17175 = DIRECTION('',(-1.,0.));
#17176 = ( GEOMETRIC_REPRESENTATION_CONTEXT(2) 
PARAMETRIC_REPRESENTATION_CONTEXT() REPRESENTATION_CONTEXT('2D SPACE',''
  ) );
#17177 = PCURVE('',#17178,#17183);
#17178 = PLANE('',#17179);
#17179 = AXIS2_PLACEMENT_3D('',#17180,#17181,#17182);
#17180 = CARTESIAN_POINT('',(-42.,70.85,143.));
#17181 = DIRECTION('',(0.,0.,1.));
#17182 = DIRECTION('',(1.,0.,-0.));
#17183 = DEFINITIONAL_REPRESENTATION('',(#17184),#17188);
#17184 = CIRCLE('',#17185,4.5);
#17185 = AXIS2_PLACEMENT_2D('',#17186,#17187);
#17186 = CARTESIAN_POINT('',(-7.105427357601E-15,0.));
#17187 = DIRECTION('',(1.,0.));
#17188 = ( GEOMETRIC_REPRESENTATION_CONTEXT(2) 
PARAMETRIC_REPRESENTATION_CONTEXT() REPRESENTATION_CONTEXT('2D SPACE',''
  ) );
#17189 = ORIENTED_EDGE('',*,*,#17190,.T.);
#17190 = EDGE_CURVE('',#17162,#17191,#17193,.T.);
#17191 = VERTEX_POINT('',#17192);
#17192 = CARTESIAN_POINT('',(-37.5,70.85,147.));
#17193 = SEAM_CURVE('',#17194,(#17198,#17205),.PCURVE_S1.);
#17194 = LINE('',#17195,#17196);
#17195 = CARTESIAN_POINT('',(-37.5,70.85,143.));
#17196 = VECTOR('',#17197,1.);
#17197 = DIRECTION('',(0.,0.,1.));
#17198 = PCURVE('',#11102,#17199);
#17199 = DEFINITIONAL_REPRESENTATION('',(#17200),#17204);
#17200 = LINE('',#17201,#17202);
#17201 = CARTESIAN_POINT('',(-6.28318530718,0.));
#17202 = VECTOR('',#17203,1.);
#17203 = DIRECTION('',(-0.,-1.));
#17204 = ( GEOMETRIC_REPRESENTATION_CONTEXT(2) 
PARAMETRIC_REPRESENTATION_CONTEXT() REPRESENTATION_CONTEXT('2D SPACE',''
  ) );
#17205 = PCURVE('',#11102,#17206);
#17206 = DEFINITIONAL_REPRESENTATION('',(#17207),#17211);
#17207 = LINE('',#17208,#17209);
#17208 = CARTESIAN_POINT('',(-0.,0.));
#17209 = VECTOR('',#17210,1.);
#17210 = DIRECTION('',(-0.,-1.));
#17211 = ( GEOMETRIC_REPRESENTATION_CONTEXT(2) 
PARAMETRIC_REPRESENTATION_CONTEXT() REPRESENTATION_CONTEXT('2D SPACE',''
  ) );
#17212 = ORIENTED_EDGE('',*,*,#17213,.F.);
#17213 = EDGE_CURVE('',#17115,#17191,#17214,.T.);
#17214 = SURFACE_CURVE('',#17215,(#17220,#17227),.PCURVE_S1.);
#17215 = CIRCLE('',#17216,4.5);
#17216 = AXIS2_PLACEMENT_3D('',#17217,#17218,#17219);
#17217 = CARTESIAN_POINT('',(-42.,70.85,147.));
#17218 = DIRECTION('',(0.,0.,-1.));
#17219 = DIRECTION('',(1.,0.,0.));
#17220 = PCURVE('',#11102,#17221);
#17221 = DEFINITIONAL_REPRESENTATION('',(#17222),#17226);
#17222 = LINE('',#17223,#17224);
#17223 = CARTESIAN_POINT('',(-6.28318530718,-4.));
#17224 = VECTOR('',#17225,1.);
#17225 = DIRECTION('',(1.,-0.));
#17226 = ( GEOMETRIC_REPRESENTATION_CONTEXT(2) 
PARAMETRIC_REPRESENTATION_CONTEXT() REPRESENTATION_CONTEXT('2D SPACE',''
  ) );
#17227 = PCURVE('',#17054,#17228);
#17228 = DEFINITIONAL_REPRESENTATION('',(#17229),#17237);
#17229 = ( BOUNDED_CURVE() B_SPLINE_CURVE(2,(#17230,#17231,#17232,#17233
    ,#17234,#17235,#17236),.UNSPECIFIED.,.T.,.F.) 
B_SPLINE_CURVE_WITH_KNOTS((1,2,2,2,2,1),(-2.094395102393,0.,
    2.094395102393,4.188790204786,6.28318530718,8.377580409573),
.UNSPECIFIED.) CURVE() GEOMETRIC_REPRESENTATION_ITEM() 
RATIONAL_B_SPLINE_CURVE((1.,0.5,1.,0.5,1.,0.5,1.)) REPRESENTATION_ITEM(
  '') );
#17230 = CARTESIAN_POINT('',(38.05,4.));
#17231 = CARTESIAN_POINT('',(38.05,-3.79422863406));
#17232 = CARTESIAN_POINT('',(31.3,0.10288568297));
#17233 = CARTESIAN_POINT('',(24.55,4.));
#17234 = CARTESIAN_POINT('',(31.3,7.89711431703));
#17235 = CARTESIAN_POINT('',(38.05,11.79422863406));
#17236 = CARTESIAN_POINT('',(38.05,4.));
#17237 = ( GEOMETRIC_REPRESENTATION_CONTEXT(2) 
PARAMETRIC_REPRESENTATION_CONTEXT() REPRESENTATION_CONTEXT('2D SPACE',''
  ) );
#17238 = ORIENTED_EDGE('',*,*,#17137,.F.);
#17239 = ORIENTED_EDGE('',*,*,#11085,.T.);
#17240 = ORIENTED_EDGE('',*,*,#11439,.T.);
#17241 = ORIENTED_EDGE('',*,*,#11383,.F.);
#17242 = ORIENTED_EDGE('',*,*,#16941,.F.);
#17243 = ORIENTED_EDGE('',*,*,#11160,.T.);
#17244 = ORIENTED_EDGE('',*,*,#17245,.T.);
#17245 = EDGE_CURVE('',#11161,#17246,#17248,.T.);
#17246 = VERTEX_POINT('',#17247);
#17247 = CARTESIAN_POINT('',(-39.93844718719,66.85,147.));
#17248 = SURFACE_CURVE('',#17249,(#17253,#17259),.PCURVE_S1.);
#17249 = LINE('',#17250,#17251);
#17250 = CARTESIAN_POINT('',(-39.93844718719,66.85,143.));
#17251 = VECTOR('',#17252,1.);
#17252 = DIRECTION('',(-0.,-0.,-1.));
#17253 = PCURVE('',#11102,#17254);
#17254 = DEFINITIONAL_REPRESENTATION('',(#17255),#17258);
#17255 = B_SPLINE_CURVE_WITH_KNOTS('',1,(#17256,#17257),.UNSPECIFIED.,
  .F.,.F.,(2,2),(-8.0000006,-3.6),.PIECEWISE_BEZIER_KNOTS.);
#17256 = CARTESIAN_POINT('',(-5.188271230045,-8.0000006));
#17257 = CARTESIAN_POINT('',(-5.188271230045,-3.6));
#17258 = ( GEOMETRIC_REPRESENTATION_CONTEXT(2) 
PARAMETRIC_REPRESENTATION_CONTEXT() REPRESENTATION_CONTEXT('2D SPACE',''
  ) );
#17259 = PCURVE('',#11200,#17260);
#17260 = DEFINITIONAL_REPRESENTATION('',(#17261),#17264);
#17261 = B_SPLINE_CURVE_WITH_KNOTS('',1,(#17262,#17263),.UNSPECIFIED.,
  .F.,.F.,(2,2),(-8.0000006,-3.6),.PIECEWISE_BEZIER_KNOTS.);
#17262 = CARTESIAN_POINT('',(4.0000006,35.611552812809));
#17263 = CARTESIAN_POINT('',(-0.4,35.611552812809));
#17264 = ( GEOMETRIC_REPRESENTATION_CONTEXT(2) 
PARAMETRIC_REPRESENTATION_CONTEXT() REPRESENTATION_CONTEXT('2D SPACE',''
  ) );
#17265 = ORIENTED_EDGE('',*,*,#17266,.F.);
#17266 = EDGE_CURVE('',#17191,#17246,#17267,.T.);
#17267 = SURFACE_CURVE('',#17268,(#17273,#17280),.PCURVE_S1.);
#17268 = CIRCLE('',#17269,4.5);
#17269 = AXIS2_PLACEMENT_3D('',#17270,#17271,#17272);
#17270 = CARTESIAN_POINT('',(-42.,70.85,147.));
#17271 = DIRECTION('',(0.,0.,-1.));
#17272 = DIRECTION('',(1.,0.,0.));
#17273 = PCURVE('',#11102,#17274);
#17274 = DEFINITIONAL_REPRESENTATION('',(#17275),#17279);
#17275 = LINE('',#17276,#17277);
#17276 = CARTESIAN_POINT('',(-6.28318530718,-4.));
#17277 = VECTOR('',#17278,1.);
#17278 = DIRECTION('',(1.,-0.));
#17279 = ( GEOMETRIC_REPRESENTATION_CONTEXT(2) 
PARAMETRIC_REPRESENTATION_CONTEXT() REPRESENTATION_CONTEXT('2D SPACE',''
  ) );
#17280 = PCURVE('',#17054,#17281);
#17281 = DEFINITIONAL_REPRESENTATION('',(#17282),#17290);
#17282 = ( BOUNDED_CURVE() B_SPLINE_CURVE(2,(#17283,#17284,#17285,#17286
    ,#17287,#17288,#17289),.UNSPECIFIED.,.T.,.F.) 
B_SPLINE_CURVE_WITH_KNOTS((1,2,2,2,2,1),(-2.094395102393,0.,
    2.094395102393,4.188790204786,6.28318530718,8.377580409573),
.UNSPECIFIED.) CURVE() GEOMETRIC_REPRESENTATION_ITEM() 
RATIONAL_B_SPLINE_CURVE((1.,0.5,1.,0.5,1.,0.5,1.)) REPRESENTATION_ITEM(
  '') );
#17283 = CARTESIAN_POINT('',(38.05,4.));
#17284 = CARTESIAN_POINT('',(38.05,-3.79422863406));
#17285 = CARTESIAN_POINT('',(31.3,0.10288568297));
#17286 = CARTESIAN_POINT('',(24.55,4.));
#17287 = CARTESIAN_POINT('',(31.3,7.89711431703));
#17288 = CARTESIAN_POINT('',(38.05,11.79422863406));
#17289 = CARTESIAN_POINT('',(38.05,4.));
#17290 = ( GEOMETRIC_REPRESENTATION_CONTEXT(2) 
PARAMETRIC_REPRESENTATION_CONTEXT() REPRESENTATION_CONTEXT('2D SPACE',''
  ) );
#17291 = ORIENTED_EDGE('',*,*,#17190,.F.);
#17292 = ADVANCED_FACE('',(#17293),#11252,.F.);
#17293 = FACE_BOUND('',#17294,.F.);
#17294 = EDGE_LOOP('',(#17295,#17296,#17297,#17298));
#17295 = ORIENTED_EDGE('',*,*,#12226,.F.);
#17296 = ORIENTED_EDGE('',*,*,#17090,.F.);
#17297 = ORIENTED_EDGE('',*,*,#11236,.T.);
#17298 = ORIENTED_EDGE('',*,*,#12148,.F.);
#17299 = ADVANCED_FACE('',(#17300),#11200,.F.);
#17300 = FACE_BOUND('',#17301,.F.);
#17301 = EDGE_LOOP('',(#17302,#17323,#17324,#17325));
#17302 = ORIENTED_EDGE('',*,*,#17303,.F.);
#17303 = EDGE_CURVE('',#17246,#17038,#17304,.T.);
#17304 = SURFACE_CURVE('',#17305,(#17309,#17316),.PCURVE_S1.);
#17305 = LINE('',#17306,#17307);
#17306 = CARTESIAN_POINT('',(-75.55,66.85,147.));
#17307 = VECTOR('',#17308,1.);
#17308 = DIRECTION('',(1.,0.,0.));
#17309 = PCURVE('',#11200,#17310);
#17310 = DEFINITIONAL_REPRESENTATION('',(#17311),#17315);
#17311 = LINE('',#17312,#17313);
#17312 = CARTESIAN_POINT('',(0.,0.));
#17313 = VECTOR('',#17314,1.);
#17314 = DIRECTION('',(0.,1.));
#17315 = ( GEOMETRIC_REPRESENTATION_CONTEXT(2) 
PARAMETRIC_REPRESENTATION_CONTEXT() REPRESENTATION_CONTEXT('2D SPACE',''
  ) );
#17316 = PCURVE('',#17054,#17317);
#17317 = DEFINITIONAL_REPRESENTATION('',(#17318),#17322);
#17318 = LINE('',#17319,#17320);
#17319 = CARTESIAN_POINT('',(0.,0.));
#17320 = VECTOR('',#17321,1.);
#17321 = DIRECTION('',(1.,0.));
#17322 = ( GEOMETRIC_REPRESENTATION_CONTEXT(2) 
PARAMETRIC_REPRESENTATION_CONTEXT() REPRESENTATION_CONTEXT('2D SPACE',''
  ) );
#17323 = ORIENTED_EDGE('',*,*,#17245,.F.);
#17324 = ORIENTED_EDGE('',*,*,#11184,.T.);
#17325 = ORIENTED_EDGE('',*,*,#17070,.T.);
#17326 = ADVANCED_FACE('',(#17327),#11309,.F.);
#17327 = FACE_BOUND('',#17328,.T.);
#17328 = EDGE_LOOP('',(#17329,#17358,#17379,#17380));
#17329 = ORIENTED_EDGE('',*,*,#17330,.F.);
#17330 = EDGE_CURVE('',#17331,#17331,#17333,.T.);
#17331 = VERTEX_POINT('',#17332);
#17332 = CARTESIAN_POINT('',(-39.9,70.85,145.2));
#17333 = SURFACE_CURVE('',#17334,(#17339,#17346),.PCURVE_S1.);
#17334 = CIRCLE('',#17335,2.1);
#17335 = AXIS2_PLACEMENT_3D('',#17336,#17337,#17338);
#17336 = CARTESIAN_POINT('',(-42.,70.85,145.2));
#17337 = DIRECTION('',(0.,0.,1.));
#17338 = DIRECTION('',(1.,0.,0.));
#17339 = PCURVE('',#11309,#17340);
#17340 = DEFINITIONAL_REPRESENTATION('',(#17341),#17345);
#17341 = LINE('',#17342,#17343);
#17342 = CARTESIAN_POINT('',(-0.,0.));
#17343 = VECTOR('',#17344,1.);
#17344 = DIRECTION('',(-1.,0.));
#17345 = ( GEOMETRIC_REPRESENTATION_CONTEXT(2) 
PARAMETRIC_REPRESENTATION_CONTEXT() REPRESENTATION_CONTEXT('2D SPACE',''
  ) );
#17346 = PCURVE('',#17347,#17352);
#17347 = PLANE('',#17348);
#17348 = AXIS2_PLACEMENT_3D('',#17349,#17350,#17351);
#17349 = CARTESIAN_POINT('',(-42.,70.85,145.2));
#17350 = DIRECTION('',(0.,0.,1.));
#17351 = DIRECTION('',(1.,0.,-0.));
#17352 = DEFINITIONAL_REPRESENTATION('',(#17353),#17357);
#17353 = CIRCLE('',#17354,2.1);
#17354 = AXIS2_PLACEMENT_2D('',#17355,#17356);
#17355 = CARTESIAN_POINT('',(7.105427357601E-15,-1.42108547152E-14));
#17356 = DIRECTION('',(1.,0.));
#17357 = ( GEOMETRIC_REPRESENTATION_CONTEXT(2) 
PARAMETRIC_REPRESENTATION_CONTEXT() REPRESENTATION_CONTEXT('2D SPACE',''
  ) );
#17358 = ORIENTED_EDGE('',*,*,#17359,.T.);
#17359 = EDGE_CURVE('',#17331,#11289,#17360,.T.);
#17360 = SEAM_CURVE('',#17361,(#17365,#17372),.PCURVE_S1.);
#17361 = LINE('',#17362,#17363);
#17362 = CARTESIAN_POINT('',(-39.9,70.85,145.2));
#17363 = VECTOR('',#17364,1.);
#17364 = DIRECTION('',(0.,0.,1.));
#17365 = PCURVE('',#11309,#17366);
#17366 = DEFINITIONAL_REPRESENTATION('',(#17367),#17371);
#17367 = LINE('',#17368,#17369);
#17368 = CARTESIAN_POINT('',(-6.28318530718,0.));
#17369 = VECTOR('',#17370,1.);
#17370 = DIRECTION('',(-0.,-1.));
#17371 = ( GEOMETRIC_REPRESENTATION_CONTEXT(2) 
PARAMETRIC_REPRESENTATION_CONTEXT() REPRESENTATION_CONTEXT('2D SPACE',''
  ) );
#17372 = PCURVE('',#11309,#17373);
#17373 = DEFINITIONAL_REPRESENTATION('',(#17374),#17378);
#17374 = LINE('',#17375,#17376);
#17375 = CARTESIAN_POINT('',(-0.,0.));
#17376 = VECTOR('',#17377,1.);
#17377 = DIRECTION('',(-0.,-1.));
#17378 = ( GEOMETRIC_REPRESENTATION_CONTEXT(2) 
PARAMETRIC_REPRESENTATION_CONTEXT() REPRESENTATION_CONTEXT('2D SPACE',''
  ) );
#17379 = ORIENTED_EDGE('',*,*,#11288,.F.);
#17380 = ORIENTED_EDGE('',*,*,#17359,.F.);
#17381 = ADVANCED_FACE('',(#17382),#11344,.F.);
#17382 = FACE_BOUND('',#17383,.T.);
#17383 = EDGE_LOOP('',(#17384,#17413,#17434,#17435));
#17384 = ORIENTED_EDGE('',*,*,#17385,.F.);
#17385 = EDGE_CURVE('',#17386,#17386,#17388,.T.);
#17386 = VERTEX_POINT('',#17387);
#17387 = CARTESIAN_POINT('',(44.1,70.85,145.2));
#17388 = SURFACE_CURVE('',#17389,(#17394,#17401),.PCURVE_S1.);
#17389 = CIRCLE('',#17390,2.1);
#17390 = AXIS2_PLACEMENT_3D('',#17391,#17392,#17393);
#17391 = CARTESIAN_POINT('',(42.,70.85,145.2));
#17392 = DIRECTION('',(0.,0.,1.));
#17393 = DIRECTION('',(1.,0.,0.));
#17394 = PCURVE('',#11344,#17395);
#17395 = DEFINITIONAL_REPRESENTATION('',(#17396),#17400);
#17396 = LINE('',#17397,#17398);
#17397 = CARTESIAN_POINT('',(-0.,0.));
#17398 = VECTOR('',#17399,1.);
#17399 = DIRECTION('',(-1.,0.));
#17400 = ( GEOMETRIC_REPRESENTATION_CONTEXT(2) 
PARAMETRIC_REPRESENTATION_CONTEXT() REPRESENTATION_CONTEXT('2D SPACE',''
  ) );
#17401 = PCURVE('',#17402,#17407);
#17402 = PLANE('',#17403);
#17403 = AXIS2_PLACEMENT_3D('',#17404,#17405,#17406);
#17404 = CARTESIAN_POINT('',(42.,70.85,145.2));
#17405 = DIRECTION('',(0.,0.,1.));
#17406 = DIRECTION('',(1.,0.,-0.));
#17407 = DEFINITIONAL_REPRESENTATION('',(#17408),#17412);
#17408 = CIRCLE('',#17409,2.1);
#17409 = AXIS2_PLACEMENT_2D('',#17410,#17411);
#17410 = CARTESIAN_POINT('',(-7.105427357601E-15,-1.42108547152E-14));
#17411 = DIRECTION('',(1.,0.));
#17412 = ( GEOMETRIC_REPRESENTATION_CONTEXT(2) 
PARAMETRIC_REPRESENTATION_CONTEXT() REPRESENTATION_CONTEXT('2D SPACE',''
  ) );
#17413 = ORIENTED_EDGE('',*,*,#17414,.T.);
#17414 = EDGE_CURVE('',#17386,#11324,#17415,.T.);
#17415 = SEAM_CURVE('',#17416,(#17420,#17427),.PCURVE_S1.);
#17416 = LINE('',#17417,#17418);
#17417 = CARTESIAN_POINT('',(44.1,70.85,145.2));
#17418 = VECTOR('',#17419,1.);
#17419 = DIRECTION('',(0.,0.,1.));
#17420 = PCURVE('',#11344,#17421);
#17421 = DEFINITIONAL_REPRESENTATION('',(#17422),#17426);
#17422 = LINE('',#17423,#17424);
#17423 = CARTESIAN_POINT('',(-6.28318530718,0.));
#17424 = VECTOR('',#17425,1.);
#17425 = DIRECTION('',(-0.,-1.));
#17426 = ( GEOMETRIC_REPRESENTATION_CONTEXT(2) 
PARAMETRIC_REPRESENTATION_CONTEXT() REPRESENTATION_CONTEXT('2D SPACE',''
  ) );
#17427 = PCURVE('',#11344,#17428);
#17428 = DEFINITIONAL_REPRESENTATION('',(#17429),#17433);
#17429 = LINE('',#17430,#17431);
#17430 = CARTESIAN_POINT('',(-0.,0.));
#17431 = VECTOR('',#17432,1.);
#17432 = DIRECTION('',(-0.,-1.));
#17433 = ( GEOMETRIC_REPRESENTATION_CONTEXT(2) 
PARAMETRIC_REPRESENTATION_CONTEXT() REPRESENTATION_CONTEXT('2D SPACE',''
  ) );
#17434 = ORIENTED_EDGE('',*,*,#11323,.F.);
#17435 = ORIENTED_EDGE('',*,*,#17414,.F.);
#17436 = ADVANCED_FACE('',(#17437,#17442),#11684,.F.);
#17437 = FACE_BOUND('',#17438,.F.);
#17438 = EDGE_LOOP('',(#17439,#17440,#17441));
#17439 = ORIENTED_EDGE('',*,*,#11766,.T.);
#17440 = ORIENTED_EDGE('',*,*,#11667,.T.);
#17441 = ORIENTED_EDGE('',*,*,#12307,.F.);
#17442 = FACE_BOUND('',#17443,.F.);
#17443 = EDGE_LOOP('',(#17444));
#17444 = ORIENTED_EDGE('',*,*,#17445,.F.);
#17445 = EDGE_CURVE('',#17446,#17446,#17448,.T.);
#17446 = VERTEX_POINT('',#17447);
#17447 = CARTESIAN_POINT('',(63.,79.3,215.9));
#17448 = SURFACE_CURVE('',#17449,(#17454,#17461),.PCURVE_S1.);
#17449 = CIRCLE('',#17450,2.1);
#17450 = AXIS2_PLACEMENT_3D('',#17451,#17452,#17453);
#17451 = CARTESIAN_POINT('',(63.,79.3,218.));
#17452 = DIRECTION('',(0.,-1.,0.));
#17453 = DIRECTION('',(0.,-0.,-1.));
#17454 = PCURVE('',#11684,#17455);
#17455 = DEFINITIONAL_REPRESENTATION('',(#17456),#17460);
#17456 = CIRCLE('',#17457,2.1);
#17457 = AXIS2_PLACEMENT_2D('',#17458,#17459);
#17458 = CARTESIAN_POINT('',(0.,0.));
#17459 = DIRECTION('',(1.,0.));
#17460 = ( GEOMETRIC_REPRESENTATION_CONTEXT(2) 
PARAMETRIC_REPRESENTATION_CONTEXT() REPRESENTATION_CONTEXT('2D SPACE',''
  ) );
#17461 = PCURVE('',#17462,#17467);
#17462 = CYLINDRICAL_SURFACE('',#17463,2.1);
#17463 = AXIS2_PLACEMENT_3D('',#17464,#17465,#17466);
#17464 = CARTESIAN_POINT('',(63.,79.8,218.));
#17465 = DIRECTION('',(0.,-1.,0.));
#17466 = DIRECTION('',(0.,-0.,-1.));
#17467 = DEFINITIONAL_REPRESENTATION('',(#17468),#17472);
#17468 = LINE('',#17469,#17470);
#17469 = CARTESIAN_POINT('',(0.,0.5));
#17470 = VECTOR('',#17471,1.);
#17471 = DIRECTION('',(1.,0.));
#17472 = ( GEOMETRIC_REPRESENTATION_CONTEXT(2) 
PARAMETRIC_REPRESENTATION_CONTEXT() REPRESENTATION_CONTEXT('2D SPACE',''
  ) );
#17473 = ADVANCED_FACE('',(#17474),#11654,.T.);
#17474 = FACE_BOUND('',#17475,.T.);
#17475 = EDGE_LOOP('',(#17476));
#17476 = ORIENTED_EDGE('',*,*,#11639,.T.);
#17477 = ADVANCED_FACE('',(#17478,#17483),#11915,.F.);
#17478 = FACE_BOUND('',#17479,.F.);
#17479 = EDGE_LOOP('',(#17480,#17481,#17482));
#17480 = ORIENTED_EDGE('',*,*,#11997,.T.);
#17481 = ORIENTED_EDGE('',*,*,#11898,.T.);
#17482 = ORIENTED_EDGE('',*,*,#12285,.F.);
#17483 = FACE_BOUND('',#17484,.F.);
#17484 = EDGE_LOOP('',(#17485));
#17485 = ORIENTED_EDGE('',*,*,#17486,.F.);
#17486 = EDGE_CURVE('',#17487,#17487,#17489,.T.);
#17487 = VERTEX_POINT('',#17488);
#17488 = CARTESIAN_POINT('',(63.,79.3,241.9));
#17489 = SURFACE_CURVE('',#17490,(#17495,#17502),.PCURVE_S1.);
#17490 = CIRCLE('',#17491,2.1);
#17491 = AXIS2_PLACEMENT_3D('',#17492,#17493,#17494);
#17492 = CARTESIAN_POINT('',(63.,79.3,244.));
#17493 = DIRECTION('',(0.,-1.,0.));
#17494 = DIRECTION('',(0.,-0.,-1.));
#17495 = PCURVE('',#11915,#17496);
#17496 = DEFINITIONAL_REPRESENTATION('',(#17497),#17501);
#17497 = CIRCLE('',#17498,2.1);
#17498 = AXIS2_PLACEMENT_2D('',#17499,#17500);
#17499 = CARTESIAN_POINT('',(0.,0.));
#17500 = DIRECTION('',(1.,0.));
#17501 = ( GEOMETRIC_REPRESENTATION_CONTEXT(2) 
PARAMETRIC_REPRESENTATION_CONTEXT() REPRESENTATION_CONTEXT('2D SPACE',''
  ) );
#17502 = PCURVE('',#17503,#17508);
#17503 = CYLINDRICAL_SURFACE('',#17504,2.1);
#17504 = AXIS2_PLACEMENT_3D('',#17505,#17506,#17507);
#17505 = CARTESIAN_POINT('',(63.,79.8,244.));
#17506 = DIRECTION('',(0.,-1.,0.));
#17507 = DIRECTION('',(0.,-0.,-1.));
#17508 = DEFINITIONAL_REPRESENTATION('',(#17509),#17513);
#17509 = LINE('',#17510,#17511);
#17510 = CARTESIAN_POINT('',(0.,0.5));
#17511 = VECTOR('',#17512,1.);
#17512 = DIRECTION('',(1.,0.));
#17513 = ( GEOMETRIC_REPRESENTATION_CONTEXT(2) 
PARAMETRIC_REPRESENTATION_CONTEXT() REPRESENTATION_CONTEXT('2D SPACE',''
  ) );
#17514 = ADVANCED_FACE('',(#17515),#11885,.T.);
#17515 = FACE_BOUND('',#17516,.T.);
#17516 = EDGE_LOOP('',(#17517));
#17517 = ORIENTED_EDGE('',*,*,#11870,.T.);
#17518 = ADVANCED_FACE('',(#17519,#17525,#17560),#12369,.T.);
#17519 = FACE_BOUND('',#17520,.T.);
#17520 = EDGE_LOOP('',(#17521,#17522,#17523,#17524));
#17521 = ORIENTED_EDGE('',*,*,#12456,.F.);
#17522 = ORIENTED_EDGE('',*,*,#12353,.T.);
#17523 = ORIENTED_EDGE('',*,*,#12407,.T.);
#17524 = ORIENTED_EDGE('',*,*,#12505,.F.);
#17525 = FACE_BOUND('',#17526,.T.);
#17526 = EDGE_LOOP('',(#17527));
#17527 = ORIENTED_EDGE('',*,*,#17528,.T.);
#17528 = EDGE_CURVE('',#17529,#17529,#17531,.T.);
#17529 = VERTEX_POINT('',#17530);
#17530 = CARTESIAN_POINT('',(79.85,25.,152.9));
#17531 = SURFACE_CURVE('',#17532,(#17537,#17548),.PCURVE_S1.);
#17532 = CIRCLE('',#17533,3.1);
#17533 = AXIS2_PLACEMENT_3D('',#17534,#17535,#17536);
#17534 = CARTESIAN_POINT('',(79.85,25.,156.));
#17535 = DIRECTION('',(-1.,0.,0.));
#17536 = DIRECTION('',(0.,0.,-1.));
#17537 = PCURVE('',#12369,#17538);
#17538 = DEFINITIONAL_REPRESENTATION('',(#17539),#17547);
#17539 = ( BOUNDED_CURVE() B_SPLINE_CURVE(2,(#17540,#17541,#17542,#17543
    ,#17544,#17545,#17546),.UNSPECIFIED.,.T.,.F.) 
B_SPLINE_CURVE_WITH_KNOTS((1,2,2,2,2,1),(-2.094395102393,0.,
    2.094395102393,4.188790204786,6.28318530718,8.377580409573),
.UNSPECIFIED.) CURVE() GEOMETRIC_REPRESENTATION_ITEM() 
RATIONAL_B_SPLINE_CURVE((1.,0.5,1.,0.5,1.,0.5,1.)) REPRESENTATION_ITEM(
  '') );
#17540 = CARTESIAN_POINT('',(32.7,-60.8));
#17541 = CARTESIAN_POINT('',(32.7,-55.43064249653));
#17542 = CARTESIAN_POINT('',(37.35,-58.11532124826));
#17543 = CARTESIAN_POINT('',(42.,-60.8));
#17544 = CARTESIAN_POINT('',(37.35,-63.48467875173));
#17545 = CARTESIAN_POINT('',(32.7,-66.16935750346));
#17546 = CARTESIAN_POINT('',(32.7,-60.8));
#17547 = ( GEOMETRIC_REPRESENTATION_CONTEXT(2) 
PARAMETRIC_REPRESENTATION_CONTEXT() REPRESENTATION_CONTEXT('2D SPACE',''
  ) );
#17548 = PCURVE('',#17549,#17554);
#17549 = CYLINDRICAL_SURFACE('',#17550,3.1);
#17550 = AXIS2_PLACEMENT_3D('',#17551,#17552,#17553);
#17551 = CARTESIAN_POINT('',(79.95,25.,156.));
#17552 = DIRECTION('',(-1.,0.,0.));
#17553 = DIRECTION('',(0.,0.,-1.));
#17554 = DEFINITIONAL_REPRESENTATION('',(#17555),#17559);
#17555 = LINE('',#17556,#17557);
#17556 = CARTESIAN_POINT('',(0.,9.999999999999E-02));
#17557 = VECTOR('',#17558,1.);
#17558 = DIRECTION('',(1.,0.));
#17559 = ( GEOMETRIC_REPRESENTATION_CONTEXT(2) 
PARAMETRIC_REPRESENTATION_CONTEXT() REPRESENTATION_CONTEXT('2D SPACE',''
  ) );
#17560 = FACE_BOUND('',#17561,.T.);
#17561 = EDGE_LOOP('',(#17562));
#17562 = ORIENTED_EDGE('',*,*,#17563,.T.);
#17563 = EDGE_CURVE('',#17564,#17564,#17566,.T.);
#17564 = VERTEX_POINT('',#17565);
#17565 = CARTESIAN_POINT('',(79.85,-25.,152.9));
#17566 = SURFACE_CURVE('',#17567,(#17572,#17583),.PCURVE_S1.);
#17567 = CIRCLE('',#17568,3.1);
#17568 = AXIS2_PLACEMENT_3D('',#17569,#17570,#17571);
#17569 = CARTESIAN_POINT('',(79.85,-25.,156.));
#17570 = DIRECTION('',(-1.,0.,0.));
#17571 = DIRECTION('',(0.,0.,-1.));
#17572 = PCURVE('',#12369,#17573);
#17573 = DEFINITIONAL_REPRESENTATION('',(#17574),#17582);
#17574 = ( BOUNDED_CURVE() B_SPLINE_CURVE(2,(#17575,#17576,#17577,#17578
    ,#17579,#17580,#17581),.UNSPECIFIED.,.T.,.F.) 
B_SPLINE_CURVE_WITH_KNOTS((1,2,2,2,2,1),(-2.094395102393,0.,
    2.094395102393,4.188790204786,6.28318530718,8.377580409573),
.UNSPECIFIED.) CURVE() GEOMETRIC_REPRESENTATION_ITEM() 
RATIONAL_B_SPLINE_CURVE((1.,0.5,1.,0.5,1.,0.5,1.)) REPRESENTATION_ITEM(
  '') );
#17575 = CARTESIAN_POINT('',(32.7,-10.8));
#17576 = CARTESIAN_POINT('',(32.7,-5.430642496536));
#17577 = CARTESIAN_POINT('',(37.35,-8.115321248268));
#17578 = CARTESIAN_POINT('',(42.,-10.8));
#17579 = CARTESIAN_POINT('',(37.35,-13.48467875173));
#17580 = CARTESIAN_POINT('',(32.7,-16.16935750346));
#17581 = CARTESIAN_POINT('',(32.7,-10.8));
#17582 = ( GEOMETRIC_REPRESENTATION_CONTEXT(2) 
PARAMETRIC_REPRESENTATION_CONTEXT() REPRESENTATION_CONTEXT('2D SPACE',''
  ) );
#17583 = PCURVE('',#17584,#17589);
#17584 = CYLINDRICAL_SURFACE('',#17585,3.1);
#17585 = AXIS2_PLACEMENT_3D('',#17586,#17587,#17588);
#17586 = CARTESIAN_POINT('',(79.95,-25.,156.));
#17587 = DIRECTION('',(-1.,0.,0.));
#17588 = DIRECTION('',(0.,0.,-1.));
#17589 = DEFINITIONAL_REPRESENTATION('',(#17590),#17594);
#17590 = LINE('',#17591,#17592);
#17591 = CARTESIAN_POINT('',(0.,9.999999999999E-02));
#17592 = VECTOR('',#17593,1.);
#17593 = DIRECTION('',(1.,0.));
#17594 = ( GEOMETRIC_REPRESENTATION_CONTEXT(2) 
PARAMETRIC_REPRESENTATION_CONTEXT() REPRESENTATION_CONTEXT('2D SPACE',''
  ) );
#17595 = ADVANCED_FACE('',(#17596,#17602),#13462,.T.);
#17596 = FACE_BOUND('',#17597,.T.);
#17597 = EDGE_LOOP('',(#17598,#17599,#17600,#17601));
#17598 = ORIENTED_EDGE('',*,*,#15519,.F.);
#17599 = ORIENTED_EDGE('',*,*,#15238,.T.);
#17600 = ORIENTED_EDGE('',*,*,#13445,.T.);
#17601 = ORIENTED_EDGE('',*,*,#15594,.T.);
#17602 = FACE_BOUND('',#17603,.T.);
#17603 = EDGE_LOOP('',(#17604));
#17604 = ORIENTED_EDGE('',*,*,#16612,.F.);
#17605 = ADVANCED_FACE('',(#17606,#17612),#13633,.T.);
#17606 = FACE_BOUND('',#17607,.T.);
#17607 = EDGE_LOOP('',(#17608,#17609,#17610,#17611));
#17608 = ORIENTED_EDGE('',*,*,#15640,.F.);
#17609 = ORIENTED_EDGE('',*,*,#15551,.T.);
#17610 = ORIENTED_EDGE('',*,*,#13616,.T.);
#17611 = ORIENTED_EDGE('',*,*,#15674,.T.);
#17612 = FACE_BOUND('',#17613,.T.);
#17613 = EDGE_LOOP('',(#17614));
#17614 = ORIENTED_EDGE('',*,*,#16512,.F.);
#17615 = ADVANCED_FACE('',(#17616),#13742,.T.);
#17616 = FACE_BOUND('',#17617,.F.);
#17617 = EDGE_LOOP('',(#17618,#17647,#17670,#17703,#17722,#17723,#17724,
    #17725,#17726,#17727,#17748,#17774));
#17618 = ORIENTED_EDGE('',*,*,#17619,.F.);
#17619 = EDGE_CURVE('',#17620,#17620,#17622,.T.);
#17620 = VERTEX_POINT('',#17621);
#17621 = CARTESIAN_POINT('',(-37.5,-14.85,143.));
#17622 = SURFACE_CURVE('',#17623,(#17628,#17635),.PCURVE_S1.);
#17623 = CIRCLE('',#17624,4.5);
#17624 = AXIS2_PLACEMENT_3D('',#17625,#17626,#17627);
#17625 = CARTESIAN_POINT('',(-42.,-14.85,143.));
#17626 = DIRECTION('',(0.,0.,1.));
#17627 = DIRECTION('',(1.,0.,0.));
#17628 = PCURVE('',#13742,#17629);
#17629 = DEFINITIONAL_REPRESENTATION('',(#17630),#17634);
#17630 = LINE('',#17631,#17632);
#17631 = CARTESIAN_POINT('',(-0.,0.));
#17632 = VECTOR('',#17633,1.);
#17633 = DIRECTION('',(-1.,0.));
#17634 = ( GEOMETRIC_REPRESENTATION_CONTEXT(2) 
PARAMETRIC_REPRESENTATION_CONTEXT() REPRESENTATION_CONTEXT('2D SPACE',''
  ) );
#17635 = PCURVE('',#17636,#17641);
#17636 = PLANE('',#17637);
#17637 = AXIS2_PLACEMENT_3D('',#17638,#17639,#17640);
#17638 = CARTESIAN_POINT('',(-42.,-14.85,143.));
#17639 = DIRECTION('',(0.,0.,1.));
#17640 = DIRECTION('',(1.,0.,-0.));
#17641 = DEFINITIONAL_REPRESENTATION('',(#17642),#17646);
#17642 = CIRCLE('',#17643,4.5);
#17643 = AXIS2_PLACEMENT_2D('',#17644,#17645);
#17644 = CARTESIAN_POINT('',(-7.105427357601E-15,-1.7763568394E-15));
#17645 = DIRECTION('',(1.,0.));
#17646 = ( GEOMETRIC_REPRESENTATION_CONTEXT(2) 
PARAMETRIC_REPRESENTATION_CONTEXT() REPRESENTATION_CONTEXT('2D SPACE',''
  ) );
#17647 = ORIENTED_EDGE('',*,*,#17648,.T.);
#17648 = EDGE_CURVE('',#17620,#17649,#17651,.T.);
#17649 = VERTEX_POINT('',#17650);
#17650 = CARTESIAN_POINT('',(-37.5,-14.85,147.));
#17651 = SEAM_CURVE('',#17652,(#17656,#17663),.PCURVE_S1.);
#17652 = LINE('',#17653,#17654);
#17653 = CARTESIAN_POINT('',(-37.5,-14.85,143.));
#17654 = VECTOR('',#17655,1.);
#17655 = DIRECTION('',(0.,0.,1.));
#17656 = PCURVE('',#13742,#17657);
#17657 = DEFINITIONAL_REPRESENTATION('',(#17658),#17662);
#17658 = LINE('',#17659,#17660);
#17659 = CARTESIAN_POINT('',(-6.28318530718,0.));
#17660 = VECTOR('',#17661,1.);
#17661 = DIRECTION('',(-0.,-1.));
#17662 = ( GEOMETRIC_REPRESENTATION_CONTEXT(2) 
PARAMETRIC_REPRESENTATION_CONTEXT() REPRESENTATION_CONTEXT('2D SPACE',''
  ) );
#17663 = PCURVE('',#13742,#17664);
#17664 = DEFINITIONAL_REPRESENTATION('',(#17665),#17669);
#17665 = LINE('',#17666,#17667);
#17666 = CARTESIAN_POINT('',(-0.,0.));
#17667 = VECTOR('',#17668,1.);
#17668 = DIRECTION('',(-0.,-1.));
#17669 = ( GEOMETRIC_REPRESENTATION_CONTEXT(2) 
PARAMETRIC_REPRESENTATION_CONTEXT() REPRESENTATION_CONTEXT('2D SPACE',''
  ) );
#17670 = ORIENTED_EDGE('',*,*,#17671,.F.);
#17671 = EDGE_CURVE('',#17672,#17649,#17674,.T.);
#17672 = VERTEX_POINT('',#17673);
#17673 = CARTESIAN_POINT('',(-39.93844718719,-10.85,147.));
#17674 = SURFACE_CURVE('',#17675,(#17680,#17687),.PCURVE_S1.);
#17675 = CIRCLE('',#17676,4.5);
#17676 = AXIS2_PLACEMENT_3D('',#17677,#17678,#17679);
#17677 = CARTESIAN_POINT('',(-42.,-14.85,147.));
#17678 = DIRECTION('',(0.,0.,-1.));
#17679 = DIRECTION('',(1.,0.,0.));
#17680 = PCURVE('',#13742,#17681);
#17681 = DEFINITIONAL_REPRESENTATION('',(#17682),#17686);
#17682 = LINE('',#17683,#17684);
#17683 = CARTESIAN_POINT('',(-6.28318530718,-4.));
#17684 = VECTOR('',#17685,1.);
#17685 = DIRECTION('',(1.,-0.));
#17686 = ( GEOMETRIC_REPRESENTATION_CONTEXT(2) 
PARAMETRIC_REPRESENTATION_CONTEXT() REPRESENTATION_CONTEXT('2D SPACE',''
  ) );
#17687 = PCURVE('',#17688,#17693);
#17688 = PLANE('',#17689);
#17689 = AXIS2_PLACEMENT_3D('',#17690,#17691,#17692);
#17690 = CARTESIAN_POINT('',(-79.8,-18.85,147.));
#17691 = DIRECTION('',(0.,0.,1.));
#17692 = DIRECTION('',(1.,0.,0.));
#17693 = DEFINITIONAL_REPRESENTATION('',(#17694),#17702);
#17694 = ( BOUNDED_CURVE() B_SPLINE_CURVE(2,(#17695,#17696,#17697,#17698
    ,#17699,#17700,#17701),.UNSPECIFIED.,.T.,.F.) 
B_SPLINE_CURVE_WITH_KNOTS((1,2,2,2,2,1),(-2.094395102393,0.,
    2.094395102393,4.188790204786,6.28318530718,8.377580409573),
.UNSPECIFIED.) CURVE() GEOMETRIC_REPRESENTATION_ITEM() 
RATIONAL_B_SPLINE_CURVE((1.,0.5,1.,0.5,1.,0.5,1.)) REPRESENTATION_ITEM(
  '') );
#17695 = CARTESIAN_POINT('',(42.3,4.));
#17696 = CARTESIAN_POINT('',(42.3,-3.79422863406));
#17697 = CARTESIAN_POINT('',(35.55,0.10288568297));
#17698 = CARTESIAN_POINT('',(28.8,4.));
#17699 = CARTESIAN_POINT('',(35.55,7.89711431703));
#17700 = CARTESIAN_POINT('',(42.3,11.79422863406));
#17701 = CARTESIAN_POINT('',(42.3,4.));
#17702 = ( GEOMETRIC_REPRESENTATION_CONTEXT(2) 
PARAMETRIC_REPRESENTATION_CONTEXT() REPRESENTATION_CONTEXT('2D SPACE',''
  ) );
#17703 = ORIENTED_EDGE('',*,*,#17704,.F.);
#17704 = EDGE_CURVE('',#13904,#17672,#17705,.T.);
#17705 = SURFACE_CURVE('',#17706,(#17710,#17716),.PCURVE_S1.);
#17706 = LINE('',#17707,#17708);
#17707 = CARTESIAN_POINT('',(-39.93844718719,-10.85,143.));
#17708 = VECTOR('',#17709,1.);
#17709 = DIRECTION('',(-0.,-0.,-1.));
#17710 = PCURVE('',#13742,#17711);
#17711 = DEFINITIONAL_REPRESENTATION('',(#17712),#17715);
#17712 = B_SPLINE_CURVE_WITH_KNOTS('',1,(#17713,#17714),.UNSPECIFIED.,
  .F.,.F.,(2,2),(-8.0000006,-3.6),.PIECEWISE_BEZIER_KNOTS.);
#17713 = CARTESIAN_POINT('',(-1.094914077134,-8.0000006));
#17714 = CARTESIAN_POINT('',(-1.094914077134,-3.6));
#17715 = ( GEOMETRIC_REPRESENTATION_CONTEXT(2) 
PARAMETRIC_REPRESENTATION_CONTEXT() REPRESENTATION_CONTEXT('2D SPACE',''
  ) );
#17716 = PCURVE('',#13919,#17717);
#17717 = DEFINITIONAL_REPRESENTATION('',(#17718),#17721);
#17718 = B_SPLINE_CURVE_WITH_KNOTS('',1,(#17719,#17720),.UNSPECIFIED.,
  .F.,.F.,(2,2),(-8.0000006,-3.6),.PIECEWISE_BEZIER_KNOTS.);
#17719 = CARTESIAN_POINT('',(4.0000006,39.861552812809));
#17720 = CARTESIAN_POINT('',(-0.4,39.861552812809));
#17721 = ( GEOMETRIC_REPRESENTATION_CONTEXT(2) 
PARAMETRIC_REPRESENTATION_CONTEXT() REPRESENTATION_CONTEXT('2D SPACE',''
  ) );
#17722 = ORIENTED_EDGE('',*,*,#13931,.T.);
#17723 = ORIENTED_EDGE('',*,*,#13782,.T.);
#17724 = ORIENTED_EDGE('',*,*,#13723,.F.);
#17725 = ORIENTED_EDGE('',*,*,#13829,.F.);
#17726 = ORIENTED_EDGE('',*,*,#13956,.T.);
#17727 = ORIENTED_EDGE('',*,*,#17728,.T.);
#17728 = EDGE_CURVE('',#13957,#17729,#17731,.T.);
#17729 = VERTEX_POINT('',#17730);
#17730 = CARTESIAN_POINT('',(-39.93844718719,-18.85,147.));
#17731 = SURFACE_CURVE('',#17732,(#17736,#17742),.PCURVE_S1.);
#17732 = LINE('',#17733,#17734);
#17733 = CARTESIAN_POINT('',(-39.93844718719,-18.85,143.));
#17734 = VECTOR('',#17735,1.);
#17735 = DIRECTION('',(-0.,-0.,-1.));
#17736 = PCURVE('',#13742,#17737);
#17737 = DEFINITIONAL_REPRESENTATION('',(#17738),#17741);
#17738 = B_SPLINE_CURVE_WITH_KNOTS('',1,(#17739,#17740),.UNSPECIFIED.,
  .F.,.F.,(2,2),(-8.0000006,-3.6),.PIECEWISE_BEZIER_KNOTS.);
#17739 = CARTESIAN_POINT('',(-5.188271230045,-8.0000006));
#17740 = CARTESIAN_POINT('',(-5.188271230045,-3.6));
#17741 = ( GEOMETRIC_REPRESENTATION_CONTEXT(2) 
PARAMETRIC_REPRESENTATION_CONTEXT() REPRESENTATION_CONTEXT('2D SPACE',''
  ) );
#17742 = PCURVE('',#13996,#17743);
#17743 = DEFINITIONAL_REPRESENTATION('',(#17744),#17747);
#17744 = B_SPLINE_CURVE_WITH_KNOTS('',1,(#17745,#17746),.UNSPECIFIED.,
  .F.,.F.,(2,2),(-8.0000006,-3.6),.PIECEWISE_BEZIER_KNOTS.);
#17745 = CARTESIAN_POINT('',(4.0000006,39.861552812809));
#17746 = CARTESIAN_POINT('',(-0.4,39.861552812809));
#17747 = ( GEOMETRIC_REPRESENTATION_CONTEXT(2) 
PARAMETRIC_REPRESENTATION_CONTEXT() REPRESENTATION_CONTEXT('2D SPACE',''
  ) );
#17748 = ORIENTED_EDGE('',*,*,#17749,.F.);
#17749 = EDGE_CURVE('',#17649,#17729,#17750,.T.);
#17750 = SURFACE_CURVE('',#17751,(#17756,#17763),.PCURVE_S1.);
#17751 = CIRCLE('',#17752,4.5);
#17752 = AXIS2_PLACEMENT_3D('',#17753,#17754,#17755);
#17753 = CARTESIAN_POINT('',(-42.,-14.85,147.));
#17754 = DIRECTION('',(0.,0.,-1.));
#17755 = DIRECTION('',(1.,0.,0.));
#17756 = PCURVE('',#13742,#17757);
#17757 = DEFINITIONAL_REPRESENTATION('',(#17758),#17762);
#17758 = LINE('',#17759,#17760);
#17759 = CARTESIAN_POINT('',(-6.28318530718,-4.));
#17760 = VECTOR('',#17761,1.);
#17761 = DIRECTION('',(1.,-0.));
#17762 = ( GEOMETRIC_REPRESENTATION_CONTEXT(2) 
PARAMETRIC_REPRESENTATION_CONTEXT() REPRESENTATION_CONTEXT('2D SPACE',''
  ) );
#17763 = PCURVE('',#17688,#17764);
#17764 = DEFINITIONAL_REPRESENTATION('',(#17765),#17773);
#17765 = ( BOUNDED_CURVE() B_SPLINE_CURVE(2,(#17766,#17767,#17768,#17769
    ,#17770,#17771,#17772),.UNSPECIFIED.,.T.,.F.) 
B_SPLINE_CURVE_WITH_KNOTS((1,2,2,2,2,1),(-2.094395102393,0.,
    2.094395102393,4.188790204786,6.28318530718,8.377580409573),
.UNSPECIFIED.) CURVE() GEOMETRIC_REPRESENTATION_ITEM() 
RATIONAL_B_SPLINE_CURVE((1.,0.5,1.,0.5,1.,0.5,1.)) REPRESENTATION_ITEM(
  '') );
#17766 = CARTESIAN_POINT('',(42.3,4.));
#17767 = CARTESIAN_POINT('',(42.3,-3.79422863406));
#17768 = CARTESIAN_POINT('',(35.55,0.10288568297));
#17769 = CARTESIAN_POINT('',(28.8,4.));
#17770 = CARTESIAN_POINT('',(35.55,7.89711431703));
#17771 = CARTESIAN_POINT('',(42.3,11.79422863406));
#17772 = CARTESIAN_POINT('',(42.3,4.));
#17773 = ( GEOMETRIC_REPRESENTATION_CONTEXT(2) 
PARAMETRIC_REPRESENTATION_CONTEXT() REPRESENTATION_CONTEXT('2D SPACE',''
  ) );
#17774 = ORIENTED_EDGE('',*,*,#17648,.F.);
#17775 = ADVANCED_FACE('',(#17776),#13891,.T.);
#17776 = FACE_BOUND('',#17777,.F.);
#17777 = EDGE_LOOP('',(#17778,#17807,#17828,#17829,#17830,#17831,#17852,
    #17880,#17899,#17900,#17901,#17902));
#17778 = ORIENTED_EDGE('',*,*,#17779,.F.);
#17779 = EDGE_CURVE('',#17780,#17780,#17782,.T.);
#17780 = VERTEX_POINT('',#17781);
#17781 = CARTESIAN_POINT('',(46.5,-14.85,143.));
#17782 = SURFACE_CURVE('',#17783,(#17788,#17795),.PCURVE_S1.);
#17783 = CIRCLE('',#17784,4.5);
#17784 = AXIS2_PLACEMENT_3D('',#17785,#17786,#17787);
#17785 = CARTESIAN_POINT('',(42.,-14.85,143.));
#17786 = DIRECTION('',(0.,0.,1.));
#17787 = DIRECTION('',(1.,0.,0.));
#17788 = PCURVE('',#13891,#17789);
#17789 = DEFINITIONAL_REPRESENTATION('',(#17790),#17794);
#17790 = LINE('',#17791,#17792);
#17791 = CARTESIAN_POINT('',(-0.,0.));
#17792 = VECTOR('',#17793,1.);
#17793 = DIRECTION('',(-1.,0.));
#17794 = ( GEOMETRIC_REPRESENTATION_CONTEXT(2) 
PARAMETRIC_REPRESENTATION_CONTEXT() REPRESENTATION_CONTEXT('2D SPACE',''
  ) );
#17795 = PCURVE('',#17796,#17801);
#17796 = PLANE('',#17797);
#17797 = AXIS2_PLACEMENT_3D('',#17798,#17799,#17800);
#17798 = CARTESIAN_POINT('',(42.,-14.85,143.));
#17799 = DIRECTION('',(0.,0.,1.));
#17800 = DIRECTION('',(1.,0.,-0.));
#17801 = DEFINITIONAL_REPRESENTATION('',(#17802),#17806);
#17802 = CIRCLE('',#17803,4.5);
#17803 = AXIS2_PLACEMENT_2D('',#17804,#17805);
#17804 = CARTESIAN_POINT('',(7.105427357601E-15,-1.7763568394E-15));
#17805 = DIRECTION('',(1.,0.));
#17806 = ( GEOMETRIC_REPRESENTATION_CONTEXT(2) 
PARAMETRIC_REPRESENTATION_CONTEXT() REPRESENTATION_CONTEXT('2D SPACE',''
  ) );
#17807 = ORIENTED_EDGE('',*,*,#17808,.T.);
#17808 = EDGE_CURVE('',#17780,#14521,#17809,.T.);
#17809 = SEAM_CURVE('',#17810,(#17814,#17821),.PCURVE_S1.);
#17810 = LINE('',#17811,#17812);
#17811 = CARTESIAN_POINT('',(46.5,-14.85,143.));
#17812 = VECTOR('',#17813,1.);
#17813 = DIRECTION('',(0.,0.,1.));
#17814 = PCURVE('',#13891,#17815);
#17815 = DEFINITIONAL_REPRESENTATION('',(#17816),#17820);
#17816 = LINE('',#17817,#17818);
#17817 = CARTESIAN_POINT('',(-6.28318530718,0.));
#17818 = VECTOR('',#17819,1.);
#17819 = DIRECTION('',(-0.,-1.));
#17820 = ( GEOMETRIC_REPRESENTATION_CONTEXT(2) 
PARAMETRIC_REPRESENTATION_CONTEXT() REPRESENTATION_CONTEXT('2D SPACE',''
  ) );
#17821 = PCURVE('',#13891,#17822);
#17822 = DEFINITIONAL_REPRESENTATION('',(#17823),#17827);
#17823 = LINE('',#17824,#17825);
#17824 = CARTESIAN_POINT('',(-0.,0.));
#17825 = VECTOR('',#17826,1.);
#17826 = DIRECTION('',(-0.,-1.));
#17827 = ( GEOMETRIC_REPRESENTATION_CONTEXT(2) 
PARAMETRIC_REPRESENTATION_CONTEXT() REPRESENTATION_CONTEXT('2D SPACE',''
  ) );
#17828 = ORIENTED_EDGE('',*,*,#14520,.F.);
#17829 = ORIENTED_EDGE('',*,*,#14602,.F.);
#17830 = ORIENTED_EDGE('',*,*,#13874,.T.);
#17831 = ORIENTED_EDGE('',*,*,#17832,.T.);
#17832 = EDGE_CURVE('',#13875,#17833,#17835,.T.);
#17833 = VERTEX_POINT('',#17834);
#17834 = CARTESIAN_POINT('',(39.938447187191,-10.85,147.));
#17835 = SURFACE_CURVE('',#17836,(#17840,#17846),.PCURVE_S1.);
#17836 = LINE('',#17837,#17838);
#17837 = CARTESIAN_POINT('',(39.938447187191,-10.85,143.));
#17838 = VECTOR('',#17839,1.);
#17839 = DIRECTION('',(-0.,-0.,-1.));
#17840 = PCURVE('',#13891,#17841);
#17841 = DEFINITIONAL_REPRESENTATION('',(#17842),#17845);
#17842 = B_SPLINE_CURVE_WITH_KNOTS('',1,(#17843,#17844),.UNSPECIFIED.,
  .F.,.F.,(2,2),(-8.0000006,-3.6),.PIECEWISE_BEZIER_KNOTS.);
#17843 = CARTESIAN_POINT('',(-2.046678576455,-8.0000006));
#17844 = CARTESIAN_POINT('',(-2.046678576455,-3.6));
#17845 = ( GEOMETRIC_REPRESENTATION_CONTEXT(2) 
PARAMETRIC_REPRESENTATION_CONTEXT() REPRESENTATION_CONTEXT('2D SPACE',''
  ) );
#17846 = PCURVE('',#13919,#17847);
#17847 = DEFINITIONAL_REPRESENTATION('',(#17848),#17851);
#17848 = B_SPLINE_CURVE_WITH_KNOTS('',1,(#17849,#17850),.UNSPECIFIED.,
  .F.,.F.,(2,2),(-8.0000006,-3.6),.PIECEWISE_BEZIER_KNOTS.);
#17849 = CARTESIAN_POINT('',(4.0000006,119.73844718719));
#17850 = CARTESIAN_POINT('',(-0.4,119.73844718719));
#17851 = ( GEOMETRIC_REPRESENTATION_CONTEXT(2) 
PARAMETRIC_REPRESENTATION_CONTEXT() REPRESENTATION_CONTEXT('2D SPACE',''
  ) );
#17852 = ORIENTED_EDGE('',*,*,#17853,.F.);
#17853 = EDGE_CURVE('',#17854,#17833,#17856,.T.);
#17854 = VERTEX_POINT('',#17855);
#17855 = CARTESIAN_POINT('',(39.938447187191,-18.85,147.));
#17856 = SURFACE_CURVE('',#17857,(#17862,#17869),.PCURVE_S1.);
#17857 = CIRCLE('',#17858,4.5);
#17858 = AXIS2_PLACEMENT_3D('',#17859,#17860,#17861);
#17859 = CARTESIAN_POINT('',(42.,-14.85,147.));
#17860 = DIRECTION('',(0.,0.,-1.));
#17861 = DIRECTION('',(1.,0.,0.));
#17862 = PCURVE('',#13891,#17863);
#17863 = DEFINITIONAL_REPRESENTATION('',(#17864),#17868);
#17864 = LINE('',#17865,#17866);
#17865 = CARTESIAN_POINT('',(-6.28318530718,-4.));
#17866 = VECTOR('',#17867,1.);
#17867 = DIRECTION('',(1.,-0.));
#17868 = ( GEOMETRIC_REPRESENTATION_CONTEXT(2) 
PARAMETRIC_REPRESENTATION_CONTEXT() REPRESENTATION_CONTEXT('2D SPACE',''
  ) );
#17869 = PCURVE('',#17688,#17870);
#17870 = DEFINITIONAL_REPRESENTATION('',(#17871),#17879);
#17871 = ( BOUNDED_CURVE() B_SPLINE_CURVE(2,(#17872,#17873,#17874,#17875
    ,#17876,#17877,#17878),.UNSPECIFIED.,.T.,.F.) 
B_SPLINE_CURVE_WITH_KNOTS((1,2,2,2,2,1),(-2.094395102393,0.,
    2.094395102393,4.188790204786,6.28318530718,8.377580409573),
.UNSPECIFIED.) CURVE() GEOMETRIC_REPRESENTATION_ITEM() 
RATIONAL_B_SPLINE_CURVE((1.,0.5,1.,0.5,1.,0.5,1.)) REPRESENTATION_ITEM(
  '') );
#17872 = CARTESIAN_POINT('',(126.3,4.));
#17873 = CARTESIAN_POINT('',(126.3,-3.79422863406));
#17874 = CARTESIAN_POINT('',(119.55,0.10288568297));
#17875 = CARTESIAN_POINT('',(112.8,4.));
#17876 = CARTESIAN_POINT('',(119.55,7.89711431703));
#17877 = CARTESIAN_POINT('',(126.3,11.79422863406));
#17878 = CARTESIAN_POINT('',(126.3,4.));
#17879 = ( GEOMETRIC_REPRESENTATION_CONTEXT(2) 
PARAMETRIC_REPRESENTATION_CONTEXT() REPRESENTATION_CONTEXT('2D SPACE',''
  ) );
#17880 = ORIENTED_EDGE('',*,*,#17881,.F.);
#17881 = EDGE_CURVE('',#13981,#17854,#17882,.T.);
#17882 = SURFACE_CURVE('',#17883,(#17887,#17893),.PCURVE_S1.);
#17883 = LINE('',#17884,#17885);
#17884 = CARTESIAN_POINT('',(39.938447187191,-18.85,143.));
#17885 = VECTOR('',#17886,1.);
#17886 = DIRECTION('',(-0.,-0.,-1.));
#17887 = PCURVE('',#13891,#17888);
#17888 = DEFINITIONAL_REPRESENTATION('',(#17889),#17892);
#17889 = B_SPLINE_CURVE_WITH_KNOTS('',1,(#17890,#17891),.UNSPECIFIED.,
  .F.,.F.,(2,2),(-8.0000006,-3.6),.PIECEWISE_BEZIER_KNOTS.);
#17890 = CARTESIAN_POINT('',(-4.236506730724,-8.0000006));
#17891 = CARTESIAN_POINT('',(-4.236506730724,-3.6));
#17892 = ( GEOMETRIC_REPRESENTATION_CONTEXT(2) 
PARAMETRIC_REPRESENTATION_CONTEXT() REPRESENTATION_CONTEXT('2D SPACE',''
  ) );
#17893 = PCURVE('',#13996,#17894);
#17894 = DEFINITIONAL_REPRESENTATION('',(#17895),#17898);
#17895 = B_SPLINE_CURVE_WITH_KNOTS('',1,(#17896,#17897),.UNSPECIFIED.,
  .F.,.F.,(2,2),(-8.0000006,-3.6),.PIECEWISE_BEZIER_KNOTS.);
#17896 = CARTESIAN_POINT('',(4.0000006,119.73844718719));
#17897 = CARTESIAN_POINT('',(-0.4,119.73844718719));
#17898 = ( GEOMETRIC_REPRESENTATION_CONTEXT(2) 
PARAMETRIC_REPRESENTATION_CONTEXT() REPRESENTATION_CONTEXT('2D SPACE',''
  ) );
#17899 = ORIENTED_EDGE('',*,*,#14008,.T.);
#17900 = ORIENTED_EDGE('',*,*,#14627,.T.);
#17901 = ORIENTED_EDGE('',*,*,#14548,.F.);
#17902 = ORIENTED_EDGE('',*,*,#17808,.F.);
#17903 = ADVANCED_FACE('',(#17904),#13919,.T.);
#17904 = FACE_BOUND('',#17905,.T.);
#17905 = EDGE_LOOP('',(#17906,#17927,#17928,#17929));
#17906 = ORIENTED_EDGE('',*,*,#17907,.F.);
#17907 = EDGE_CURVE('',#17672,#17833,#17908,.T.);
#17908 = SURFACE_CURVE('',#17909,(#17913,#17920),.PCURVE_S1.);
#17909 = LINE('',#17910,#17911);
#17910 = CARTESIAN_POINT('',(-79.8,-10.85,147.));
#17911 = VECTOR('',#17912,1.);
#17912 = DIRECTION('',(1.,0.,0.));
#17913 = PCURVE('',#13919,#17914);
#17914 = DEFINITIONAL_REPRESENTATION('',(#17915),#17919);
#17915 = LINE('',#17916,#17917);
#17916 = CARTESIAN_POINT('',(0.,0.));
#17917 = VECTOR('',#17918,1.);
#17918 = DIRECTION('',(0.,1.));
#17919 = ( GEOMETRIC_REPRESENTATION_CONTEXT(2) 
PARAMETRIC_REPRESENTATION_CONTEXT() REPRESENTATION_CONTEXT('2D SPACE',''
  ) );
#17920 = PCURVE('',#17688,#17921);
#17921 = DEFINITIONAL_REPRESENTATION('',(#17922),#17926);
#17922 = LINE('',#17923,#17924);
#17923 = CARTESIAN_POINT('',(0.,8.));
#17924 = VECTOR('',#17925,1.);
#17925 = DIRECTION('',(1.,0.));
#17926 = ( GEOMETRIC_REPRESENTATION_CONTEXT(2) 
PARAMETRIC_REPRESENTATION_CONTEXT() REPRESENTATION_CONTEXT('2D SPACE',''
  ) );
#17927 = ORIENTED_EDGE('',*,*,#17704,.F.);
#17928 = ORIENTED_EDGE('',*,*,#13903,.T.);
#17929 = ORIENTED_EDGE('',*,*,#17832,.T.);
#17930 = ADVANCED_FACE('',(#17931),#13996,.F.);
#17931 = FACE_BOUND('',#17932,.F.);
#17932 = EDGE_LOOP('',(#17933,#17954,#17955,#17956));
#17933 = ORIENTED_EDGE('',*,*,#17934,.F.);
#17934 = EDGE_CURVE('',#17729,#17854,#17935,.T.);
#17935 = SURFACE_CURVE('',#17936,(#17940,#17947),.PCURVE_S1.);
#17936 = LINE('',#17937,#17938);
#17937 = CARTESIAN_POINT('',(-79.8,-18.85,147.));
#17938 = VECTOR('',#17939,1.);
#17939 = DIRECTION('',(1.,0.,0.));
#17940 = PCURVE('',#13996,#17941);
#17941 = DEFINITIONAL_REPRESENTATION('',(#17942),#17946);
#17942 = LINE('',#17943,#17944);
#17943 = CARTESIAN_POINT('',(0.,0.));
#17944 = VECTOR('',#17945,1.);
#17945 = DIRECTION('',(0.,1.));
#17946 = ( GEOMETRIC_REPRESENTATION_CONTEXT(2) 
PARAMETRIC_REPRESENTATION_CONTEXT() REPRESENTATION_CONTEXT('2D SPACE',''
  ) );
#17947 = PCURVE('',#17688,#17948);
#17948 = DEFINITIONAL_REPRESENTATION('',(#17949),#17953);
#17949 = LINE('',#17950,#17951);
#17950 = CARTESIAN_POINT('',(0.,0.));
#17951 = VECTOR('',#17952,1.);
#17952 = DIRECTION('',(1.,0.));
#17953 = ( GEOMETRIC_REPRESENTATION_CONTEXT(2) 
PARAMETRIC_REPRESENTATION_CONTEXT() REPRESENTATION_CONTEXT('2D SPACE',''
  ) );
#17954 = ORIENTED_EDGE('',*,*,#17728,.F.);
#17955 = ORIENTED_EDGE('',*,*,#13980,.T.);
#17956 = ORIENTED_EDGE('',*,*,#17881,.T.);
#17957 = ADVANCED_FACE('',(#17958),#14077,.F.);
#17958 = FACE_BOUND('',#17959,.T.);
#17959 = EDGE_LOOP('',(#17960,#17989,#18010,#18011));
#17960 = ORIENTED_EDGE('',*,*,#17961,.F.);
#17961 = EDGE_CURVE('',#17962,#17962,#17964,.T.);
#17962 = VERTEX_POINT('',#17963);
#17963 = CARTESIAN_POINT('',(-39.9,-14.85,145.2));
#17964 = SURFACE_CURVE('',#17965,(#17970,#17977),.PCURVE_S1.);
#17965 = CIRCLE('',#17966,2.1);
#17966 = AXIS2_PLACEMENT_3D('',#17967,#17968,#17969);
#17967 = CARTESIAN_POINT('',(-42.,-14.85,145.2));
#17968 = DIRECTION('',(0.,0.,1.));
#17969 = DIRECTION('',(1.,0.,0.));
#17970 = PCURVE('',#14077,#17971);
#17971 = DEFINITIONAL_REPRESENTATION('',(#17972),#17976);
#17972 = LINE('',#17973,#17974);
#17973 = CARTESIAN_POINT('',(-0.,0.));
#17974 = VECTOR('',#17975,1.);
#17975 = DIRECTION('',(-1.,0.));
#17976 = ( GEOMETRIC_REPRESENTATION_CONTEXT(2) 
PARAMETRIC_REPRESENTATION_CONTEXT() REPRESENTATION_CONTEXT('2D SPACE',''
  ) );
#17977 = PCURVE('',#17978,#17983);
#17978 = PLANE('',#17979);
#17979 = AXIS2_PLACEMENT_3D('',#17980,#17981,#17982);
#17980 = CARTESIAN_POINT('',(-42.,-14.85,145.2));
#17981 = DIRECTION('',(0.,0.,1.));
#17982 = DIRECTION('',(1.,0.,-0.));
#17983 = DEFINITIONAL_REPRESENTATION('',(#17984),#17988);
#17984 = CIRCLE('',#17985,2.1);
#17985 = AXIS2_PLACEMENT_2D('',#17986,#17987);
#17986 = CARTESIAN_POINT('',(7.105427357601E-15,0.));
#17987 = DIRECTION('',(1.,0.));
#17988 = ( GEOMETRIC_REPRESENTATION_CONTEXT(2) 
PARAMETRIC_REPRESENTATION_CONTEXT() REPRESENTATION_CONTEXT('2D SPACE',''
  ) );
#17989 = ORIENTED_EDGE('',*,*,#17990,.T.);
#17990 = EDGE_CURVE('',#17962,#14057,#17991,.T.);
#17991 = SEAM_CURVE('',#17992,(#17996,#18003),.PCURVE_S1.);
#17992 = LINE('',#17993,#17994);
#17993 = CARTESIAN_POINT('',(-39.9,-14.85,145.2));
#17994 = VECTOR('',#17995,1.);
#17995 = DIRECTION('',(0.,0.,1.));
#17996 = PCURVE('',#14077,#17997);
#17997 = DEFINITIONAL_REPRESENTATION('',(#17998),#18002);
#17998 = LINE('',#17999,#18000);
#17999 = CARTESIAN_POINT('',(-6.28318530718,0.));
#18000 = VECTOR('',#18001,1.);
#18001 = DIRECTION('',(-0.,-1.));
#18002 = ( GEOMETRIC_REPRESENTATION_CONTEXT(2) 
PARAMETRIC_REPRESENTATION_CONTEXT() REPRESENTATION_CONTEXT('2D SPACE',''
  ) );
#18003 = PCURVE('',#14077,#18004);
#18004 = DEFINITIONAL_REPRESENTATION('',(#18005),#18009);
#18005 = LINE('',#18006,#18007);
#18006 = CARTESIAN_POINT('',(-0.,0.));
#18007 = VECTOR('',#18008,1.);
#18008 = DIRECTION('',(-0.,-1.));
#18009 = ( GEOMETRIC_REPRESENTATION_CONTEXT(2) 
PARAMETRIC_REPRESENTATION_CONTEXT() REPRESENTATION_CONTEXT('2D SPACE',''
  ) );
#18010 = ORIENTED_EDGE('',*,*,#14056,.F.);
#18011 = ORIENTED_EDGE('',*,*,#17990,.F.);
#18012 = ADVANCED_FACE('',(#18013),#14112,.F.);
#18013 = FACE_BOUND('',#18014,.T.);
#18014 = EDGE_LOOP('',(#18015,#18044,#18065,#18066));
#18015 = ORIENTED_EDGE('',*,*,#18016,.F.);
#18016 = EDGE_CURVE('',#18017,#18017,#18019,.T.);
#18017 = VERTEX_POINT('',#18018);
#18018 = CARTESIAN_POINT('',(44.1,-14.85,145.2));
#18019 = SURFACE_CURVE('',#18020,(#18025,#18032),.PCURVE_S1.);
#18020 = CIRCLE('',#18021,2.1);
#18021 = AXIS2_PLACEMENT_3D('',#18022,#18023,#18024);
#18022 = CARTESIAN_POINT('',(42.,-14.85,145.2));
#18023 = DIRECTION('',(0.,0.,1.));
#18024 = DIRECTION('',(1.,0.,0.));
#18025 = PCURVE('',#14112,#18026);
#18026 = DEFINITIONAL_REPRESENTATION('',(#18027),#18031);
#18027 = LINE('',#18028,#18029);
#18028 = CARTESIAN_POINT('',(-0.,0.));
#18029 = VECTOR('',#18030,1.);
#18030 = DIRECTION('',(-1.,0.));
#18031 = ( GEOMETRIC_REPRESENTATION_CONTEXT(2) 
PARAMETRIC_REPRESENTATION_CONTEXT() REPRESENTATION_CONTEXT('2D SPACE',''
  ) );
#18032 = PCURVE('',#18033,#18038);
#18033 = PLANE('',#18034);
#18034 = AXIS2_PLACEMENT_3D('',#18035,#18036,#18037);
#18035 = CARTESIAN_POINT('',(42.,-14.85,145.2));
#18036 = DIRECTION('',(0.,0.,1.));
#18037 = DIRECTION('',(1.,0.,-0.));
#18038 = DEFINITIONAL_REPRESENTATION('',(#18039),#18043);
#18039 = CIRCLE('',#18040,2.1);
#18040 = AXIS2_PLACEMENT_2D('',#18041,#18042);
#18041 = CARTESIAN_POINT('',(0.,0.));
#18042 = DIRECTION('',(1.,0.));
#18043 = ( GEOMETRIC_REPRESENTATION_CONTEXT(2) 
PARAMETRIC_REPRESENTATION_CONTEXT() REPRESENTATION_CONTEXT('2D SPACE',''
  ) );
#18044 = ORIENTED_EDGE('',*,*,#18045,.T.);
#18045 = EDGE_CURVE('',#18017,#14092,#18046,.T.);
#18046 = SEAM_CURVE('',#18047,(#18051,#18058),.PCURVE_S1.);
#18047 = LINE('',#18048,#18049);
#18048 = CARTESIAN_POINT('',(44.1,-14.85,145.2));
#18049 = VECTOR('',#18050,1.);
#18050 = DIRECTION('',(0.,0.,1.));
#18051 = PCURVE('',#14112,#18052);
#18052 = DEFINITIONAL_REPRESENTATION('',(#18053),#18057);
#18053 = LINE('',#18054,#18055);
#18054 = CARTESIAN_POINT('',(-6.28318530718,0.));
#18055 = VECTOR('',#18056,1.);
#18056 = DIRECTION('',(-0.,-1.));
#18057 = ( GEOMETRIC_REPRESENTATION_CONTEXT(2) 
PARAMETRIC_REPRESENTATION_CONTEXT() REPRESENTATION_CONTEXT('2D SPACE',''
  ) );
#18058 = PCURVE('',#14112,#18059);
#18059 = DEFINITIONAL_REPRESENTATION('',(#18060),#18064);
#18060 = LINE('',#18061,#18062);
#18061 = CARTESIAN_POINT('',(-0.,0.));
#18062 = VECTOR('',#18063,1.);
#18063 = DIRECTION('',(-0.,-1.));
#18064 = ( GEOMETRIC_REPRESENTATION_CONTEXT(2) 
PARAMETRIC_REPRESENTATION_CONTEXT() REPRESENTATION_CONTEXT('2D SPACE',''
  ) );
#18065 = ORIENTED_EDGE('',*,*,#14091,.F.);
#18066 = ORIENTED_EDGE('',*,*,#18045,.F.);
#18067 = ADVANCED_FACE('',(#18068),#14166,.F.);
#18068 = FACE_BOUND('',#18069,.T.);
#18069 = EDGE_LOOP('',(#18070));
#18070 = ORIENTED_EDGE('',*,*,#14151,.F.);
#18071 = ADVANCED_FACE('',(#18072,#18078),#14276,.T.);
#18072 = FACE_BOUND('',#18073,.T.);
#18073 = EDGE_LOOP('',(#18074,#18075,#18076,#18077));
#18074 = ORIENTED_EDGE('',*,*,#16070,.F.);
#18075 = ORIENTED_EDGE('',*,*,#14259,.F.);
#18076 = ORIENTED_EDGE('',*,*,#16148,.F.);
#18077 = ORIENTED_EDGE('',*,*,#16116,.F.);
#18078 = FACE_BOUND('',#18079,.T.);
#18079 = EDGE_LOOP('',(#18080));
#18080 = ORIENTED_EDGE('',*,*,#16711,.F.);
#18081 = ADVANCED_FACE('',(#18082,#18088),#14450,.T.);
#18082 = FACE_BOUND('',#18083,.T.);
#18083 = EDGE_LOOP('',(#18084,#18085,#18086,#18087));
#18084 = ORIENTED_EDGE('',*,*,#15949,.F.);
#18085 = ORIENTED_EDGE('',*,*,#14433,.F.);
#18086 = ORIENTED_EDGE('',*,*,#16027,.F.);
#18087 = ORIENTED_EDGE('',*,*,#15995,.F.);
#18088 = FACE_BOUND('',#18089,.T.);
#18089 = EDGE_LOOP('',(#18090));
#18090 = ORIENTED_EDGE('',*,*,#16561,.F.);
#18091 = ADVANCED_FACE('',(#18092),#14690,.F.);
#18092 = FACE_BOUND('',#18093,.T.);
#18093 = EDGE_LOOP('',(#18094));
#18094 = ORIENTED_EDGE('',*,*,#14675,.F.);
#18095 = ADVANCED_FACE('',(#18096,#18102),#14775,.T.);
#18096 = FACE_BOUND('',#18097,.T.);
#18097 = EDGE_LOOP('',(#18098,#18099,#18100,#18101));
#18098 = ORIENTED_EDGE('',*,*,#15206,.F.);
#18099 = ORIENTED_EDGE('',*,*,#15138,.T.);
#18100 = ORIENTED_EDGE('',*,*,#14758,.T.);
#18101 = ORIENTED_EDGE('',*,*,#15348,.T.);
#18102 = FACE_BOUND('',#18103,.T.);
#18103 = EDGE_LOOP('',(#18104));
#18104 = ORIENTED_EDGE('',*,*,#16662,.F.);
#18105 = ADVANCED_FACE('',(#18106),#14907,.F.);
#18106 = FACE_BOUND('',#18107,.T.);
#18107 = EDGE_LOOP('',(#18108));
#18108 = ORIENTED_EDGE('',*,*,#14892,.F.);
#18109 = ADVANCED_FACE('',(#18110,#18116),#15007,.T.);
#18110 = FACE_BOUND('',#18111,.T.);
#18111 = EDGE_LOOP('',(#18112,#18113,#18114,#18115));
#18112 = ORIENTED_EDGE('',*,*,#16258,.F.);
#18113 = ORIENTED_EDGE('',*,*,#14990,.F.);
#18114 = ORIENTED_EDGE('',*,*,#16461,.F.);
#18115 = ORIENTED_EDGE('',*,*,#16429,.F.);
#18116 = FACE_BOUND('',#18117,.T.);
#18117 = EDGE_LOOP('',(#18118));
#18118 = ORIENTED_EDGE('',*,*,#16761,.F.);
#18119 = ADVANCED_FACE('',(#18120),#15120,.F.);
#18120 = FACE_BOUND('',#18121,.T.);
#18121 = EDGE_LOOP('',(#18122));
#18122 = ORIENTED_EDGE('',*,*,#15105,.F.);
#18123 = ADVANCED_FACE('',(#18124),#15316,.F.);
#18124 = FACE_BOUND('',#18125,.F.);
#18125 = EDGE_LOOP('',(#18126,#18127,#18128,#18129));
#18126 = ORIENTED_EDGE('',*,*,#15396,.F.);
#18127 = ORIENTED_EDGE('',*,*,#15446,.F.);
#18128 = ORIENTED_EDGE('',*,*,#15472,.T.);
#18129 = ORIENTED_EDGE('',*,*,#15301,.F.);
#18130 = ADVANCED_FACE('',(#18131),#15753,.F.);
#18131 = FACE_BOUND('',#18132,.F.);
#18132 = EDGE_LOOP('',(#18133,#18134,#18135,#18136));
#18133 = ORIENTED_EDGE('',*,*,#15811,.F.);
#18134 = ORIENTED_EDGE('',*,*,#15860,.T.);
#18135 = ORIENTED_EDGE('',*,*,#15887,.T.);
#18136 = ORIENTED_EDGE('',*,*,#15738,.F.);
#18137 = ADVANCED_FACE('',(#18138),#16206,.F.);
#18138 = FACE_BOUND('',#18139,.F.);
#18139 = EDGE_LOOP('',(#18140,#18141,#18142,#18143));
#18140 = ORIENTED_EDGE('',*,*,#16383,.F.);
#18141 = ORIENTED_EDGE('',*,*,#16191,.T.);
#18142 = ORIENTED_EDGE('',*,*,#16307,.T.);
#18143 = ORIENTED_EDGE('',*,*,#16356,.T.);
#18144 = ADVANCED_FACE('',(#18145),#16810,.F.);
#18145 = FACE_BOUND('',#18146,.F.);
#18146 = EDGE_LOOP('',(#18147,#18170,#18197,#18198));
#18147 = ORIENTED_EDGE('',*,*,#18148,.T.);
#18148 = EDGE_CURVE('',#16794,#18149,#18151,.T.);
#18149 = VERTEX_POINT('',#18150);
#18150 = CARTESIAN_POINT('',(-76.65,25.,159.1));
#18151 = SEAM_CURVE('',#18152,(#18156,#18163),.PCURVE_S1.);
#18152 = LINE('',#18153,#18154);
#18153 = CARTESIAN_POINT('',(-79.95,25.,159.1));
#18154 = VECTOR('',#18155,1.);
#18155 = DIRECTION('',(1.,0.,0.));
#18156 = PCURVE('',#16810,#18157);
#18157 = DEFINITIONAL_REPRESENTATION('',(#18158),#18162);
#18158 = LINE('',#18159,#18160);
#18159 = CARTESIAN_POINT('',(6.28318530718,-0.));
#18160 = VECTOR('',#18161,1.);
#18161 = DIRECTION('',(0.,1.));
#18162 = ( GEOMETRIC_REPRESENTATION_CONTEXT(2) 
PARAMETRIC_REPRESENTATION_CONTEXT() REPRESENTATION_CONTEXT('2D SPACE',''
  ) );
#18163 = PCURVE('',#16810,#18164);
#18164 = DEFINITIONAL_REPRESENTATION('',(#18165),#18169);
#18165 = LINE('',#18166,#18167);
#18166 = CARTESIAN_POINT('',(0.,-0.));
#18167 = VECTOR('',#18168,1.);
#18168 = DIRECTION('',(0.,1.));
#18169 = ( GEOMETRIC_REPRESENTATION_CONTEXT(2) 
PARAMETRIC_REPRESENTATION_CONTEXT() REPRESENTATION_CONTEXT('2D SPACE',''
  ) );
#18170 = ORIENTED_EDGE('',*,*,#18171,.F.);
#18171 = EDGE_CURVE('',#18149,#18149,#18172,.T.);
#18172 = SURFACE_CURVE('',#18173,(#18178,#18185),.PCURVE_S1.);
#18173 = CIRCLE('',#18174,3.1);
#18174 = AXIS2_PLACEMENT_3D('',#18175,#18176,#18177);
#18175 = CARTESIAN_POINT('',(-76.65,25.,156.));
#18176 = DIRECTION('',(1.,0.,0.));
#18177 = DIRECTION('',(-0.,0.,1.));
#18178 = PCURVE('',#16810,#18179);
#18179 = DEFINITIONAL_REPRESENTATION('',(#18180),#18184);
#18180 = LINE('',#18181,#18182);
#18181 = CARTESIAN_POINT('',(0.,3.3));
#18182 = VECTOR('',#18183,1.);
#18183 = DIRECTION('',(1.,0.));
#18184 = ( GEOMETRIC_REPRESENTATION_CONTEXT(2) 
PARAMETRIC_REPRESENTATION_CONTEXT() REPRESENTATION_CONTEXT('2D SPACE',''
  ) );
#18185 = PCURVE('',#18186,#18191);
#18186 = PLANE('',#18187);
#18187 = AXIS2_PLACEMENT_3D('',#18188,#18189,#18190);
#18188 = CARTESIAN_POINT('',(-76.65,25.,156.));
#18189 = DIRECTION('',(1.,0.,0.));
#18190 = DIRECTION('',(-0.,0.,1.));
#18191 = DEFINITIONAL_REPRESENTATION('',(#18192),#18196);
#18192 = CIRCLE('',#18193,3.1);
#18193 = AXIS2_PLACEMENT_2D('',#18194,#18195);
#18194 = CARTESIAN_POINT('',(0.,0.));
#18195 = DIRECTION('',(1.,0.));
#18196 = ( GEOMETRIC_REPRESENTATION_CONTEXT(2) 
PARAMETRIC_REPRESENTATION_CONTEXT() REPRESENTATION_CONTEXT('2D SPACE',''
  ) );
#18197 = ORIENTED_EDGE('',*,*,#18148,.F.);
#18198 = ORIENTED_EDGE('',*,*,#16793,.T.);
#18199 = ADVANCED_FACE('',(#18200),#16841,.F.);
#18200 = FACE_BOUND('',#18201,.F.);
#18201 = EDGE_LOOP('',(#18202,#18225,#18252,#18253));
#18202 = ORIENTED_EDGE('',*,*,#18203,.T.);
#18203 = EDGE_CURVE('',#16825,#18204,#18206,.T.);
#18204 = VERTEX_POINT('',#18205);
#18205 = CARTESIAN_POINT('',(-76.65,-25.,159.1));
#18206 = SEAM_CURVE('',#18207,(#18211,#18218),.PCURVE_S1.);
#18207 = LINE('',#18208,#18209);
#18208 = CARTESIAN_POINT('',(-79.95,-25.,159.1));
#18209 = VECTOR('',#18210,1.);
#18210 = DIRECTION('',(1.,0.,0.));
#18211 = PCURVE('',#16841,#18212);
#18212 = DEFINITIONAL_REPRESENTATION('',(#18213),#18217);
#18213 = LINE('',#18214,#18215);
#18214 = CARTESIAN_POINT('',(6.28318530718,-0.));
#18215 = VECTOR('',#18216,1.);
#18216 = DIRECTION('',(0.,1.));
#18217 = ( GEOMETRIC_REPRESENTATION_CONTEXT(2) 
PARAMETRIC_REPRESENTATION_CONTEXT() REPRESENTATION_CONTEXT('2D SPACE',''
  ) );
#18218 = PCURVE('',#16841,#18219);
#18219 = DEFINITIONAL_REPRESENTATION('',(#18220),#18224);
#18220 = LINE('',#18221,#18222);
#18221 = CARTESIAN_POINT('',(0.,-0.));
#18222 = VECTOR('',#18223,1.);
#18223 = DIRECTION('',(0.,1.));
#18224 = ( GEOMETRIC_REPRESENTATION_CONTEXT(2) 
PARAMETRIC_REPRESENTATION_CONTEXT() REPRESENTATION_CONTEXT('2D SPACE',''
  ) );
#18225 = ORIENTED_EDGE('',*,*,#18226,.F.);
#18226 = EDGE_CURVE('',#18204,#18204,#18227,.T.);
#18227 = SURFACE_CURVE('',#18228,(#18233,#18240),.PCURVE_S1.);
#18228 = CIRCLE('',#18229,3.1);
#18229 = AXIS2_PLACEMENT_3D('',#18230,#18231,#18232);
#18230 = CARTESIAN_POINT('',(-76.65,-25.,156.));
#18231 = DIRECTION('',(1.,0.,0.));
#18232 = DIRECTION('',(-0.,0.,1.));
#18233 = PCURVE('',#16841,#18234);
#18234 = DEFINITIONAL_REPRESENTATION('',(#18235),#18239);
#18235 = LINE('',#18236,#18237);
#18236 = CARTESIAN_POINT('',(0.,3.3));
#18237 = VECTOR('',#18238,1.);
#18238 = DIRECTION('',(1.,0.));
#18239 = ( GEOMETRIC_REPRESENTATION_CONTEXT(2) 
PARAMETRIC_REPRESENTATION_CONTEXT() REPRESENTATION_CONTEXT('2D SPACE',''
  ) );
#18240 = PCURVE('',#18241,#18246);
#18241 = PLANE('',#18242);
#18242 = AXIS2_PLACEMENT_3D('',#18243,#18244,#18245);
#18243 = CARTESIAN_POINT('',(-76.65,-25.,156.));
#18244 = DIRECTION('',(1.,0.,0.));
#18245 = DIRECTION('',(-0.,0.,1.));
#18246 = DEFINITIONAL_REPRESENTATION('',(#18247),#18251);
#18247 = CIRCLE('',#18248,3.1);
#18248 = AXIS2_PLACEMENT_2D('',#18249,#18250);
#18249 = CARTESIAN_POINT('',(0.,0.));
#18250 = DIRECTION('',(1.,0.));
#18251 = ( GEOMETRIC_REPRESENTATION_CONTEXT(2) 
PARAMETRIC_REPRESENTATION_CONTEXT() REPRESENTATION_CONTEXT('2D SPACE',''
  ) );
#18252 = ORIENTED_EDGE('',*,*,#18203,.F.);
#18253 = ORIENTED_EDGE('',*,*,#16824,.T.);
#18254 = ADVANCED_FACE('',(#18255),#16878,.F.);
#18255 = FACE_BOUND('',#18256,.F.);
#18256 = EDGE_LOOP('',(#18257,#18280,#18307,#18308));
#18257 = ORIENTED_EDGE('',*,*,#18258,.T.);
#18258 = EDGE_CURVE('',#16862,#18259,#18261,.T.);
#18259 = VERTEX_POINT('',#18260);
#18260 = CARTESIAN_POINT('',(-63.,72.8,215.9));
#18261 = SEAM_CURVE('',#18262,(#18266,#18273),.PCURVE_S1.);
#18262 = LINE('',#18263,#18264);
#18263 = CARTESIAN_POINT('',(-63.,79.8,215.9));
#18264 = VECTOR('',#18265,1.);
#18265 = DIRECTION('',(0.,-1.,0.));
#18266 = PCURVE('',#16878,#18267);
#18267 = DEFINITIONAL_REPRESENTATION('',(#18268),#18272);
#18268 = LINE('',#18269,#18270);
#18269 = CARTESIAN_POINT('',(6.28318530718,-0.));
#18270 = VECTOR('',#18271,1.);
#18271 = DIRECTION('',(0.,1.));
#18272 = ( GEOMETRIC_REPRESENTATION_CONTEXT(2) 
PARAMETRIC_REPRESENTATION_CONTEXT() REPRESENTATION_CONTEXT('2D SPACE',''
  ) );
#18273 = PCURVE('',#16878,#18274);
#18274 = DEFINITIONAL_REPRESENTATION('',(#18275),#18279);
#18275 = LINE('',#18276,#18277);
#18276 = CARTESIAN_POINT('',(0.,-0.));
#18277 = VECTOR('',#18278,1.);
#18278 = DIRECTION('',(0.,1.));
#18279 = ( GEOMETRIC_REPRESENTATION_CONTEXT(2) 
PARAMETRIC_REPRESENTATION_CONTEXT() REPRESENTATION_CONTEXT('2D SPACE',''
  ) );
#18280 = ORIENTED_EDGE('',*,*,#18281,.F.);
#18281 = EDGE_CURVE('',#18259,#18259,#18282,.T.);
#18282 = SURFACE_CURVE('',#18283,(#18288,#18295),.PCURVE_S1.);
#18283 = CIRCLE('',#18284,2.1);
#18284 = AXIS2_PLACEMENT_3D('',#18285,#18286,#18287);
#18285 = CARTESIAN_POINT('',(-63.,72.8,218.));
#18286 = DIRECTION('',(0.,-1.,0.));
#18287 = DIRECTION('',(0.,-0.,-1.));
#18288 = PCURVE('',#16878,#18289);
#18289 = DEFINITIONAL_REPRESENTATION('',(#18290),#18294);
#18290 = LINE('',#18291,#18292);
#18291 = CARTESIAN_POINT('',(0.,7.));
#18292 = VECTOR('',#18293,1.);
#18293 = DIRECTION('',(1.,0.));
#18294 = ( GEOMETRIC_REPRESENTATION_CONTEXT(2) 
PARAMETRIC_REPRESENTATION_CONTEXT() REPRESENTATION_CONTEXT('2D SPACE',''
  ) );
#18295 = PCURVE('',#18296,#18301);
#18296 = PLANE('',#18297);
#18297 = AXIS2_PLACEMENT_3D('',#18298,#18299,#18300);
#18298 = CARTESIAN_POINT('',(-63.,72.8,218.));
#18299 = DIRECTION('',(0.,-1.,0.));
#18300 = DIRECTION('',(0.,-0.,-1.));
#18301 = DEFINITIONAL_REPRESENTATION('',(#18302),#18306);
#18302 = CIRCLE('',#18303,2.1);
#18303 = AXIS2_PLACEMENT_2D('',#18304,#18305);
#18304 = CARTESIAN_POINT('',(0.,0.));
#18305 = DIRECTION('',(1.,0.));
#18306 = ( GEOMETRIC_REPRESENTATION_CONTEXT(2) 
PARAMETRIC_REPRESENTATION_CONTEXT() REPRESENTATION_CONTEXT('2D SPACE',''
  ) );
#18307 = ORIENTED_EDGE('',*,*,#18258,.F.);
#18308 = ORIENTED_EDGE('',*,*,#16861,.T.);
#18309 = ADVANCED_FACE('',(#18310),#16915,.F.);
#18310 = FACE_BOUND('',#18311,.F.);
#18311 = EDGE_LOOP('',(#18312,#18335,#18362,#18363));
#18312 = ORIENTED_EDGE('',*,*,#18313,.T.);
#18313 = EDGE_CURVE('',#16899,#18314,#18316,.T.);
#18314 = VERTEX_POINT('',#18315);
#18315 = CARTESIAN_POINT('',(-63.,72.8,241.9));
#18316 = SEAM_CURVE('',#18317,(#18321,#18328),.PCURVE_S1.);
#18317 = LINE('',#18318,#18319);
#18318 = CARTESIAN_POINT('',(-63.,79.8,241.9));
#18319 = VECTOR('',#18320,1.);
#18320 = DIRECTION('',(0.,-1.,0.));
#18321 = PCURVE('',#16915,#18322);
#18322 = DEFINITIONAL_REPRESENTATION('',(#18323),#18327);
#18323 = LINE('',#18324,#18325);
#18324 = CARTESIAN_POINT('',(6.28318530718,-0.));
#18325 = VECTOR('',#18326,1.);
#18326 = DIRECTION('',(0.,1.));
#18327 = ( GEOMETRIC_REPRESENTATION_CONTEXT(2) 
PARAMETRIC_REPRESENTATION_CONTEXT() REPRESENTATION_CONTEXT('2D SPACE',''
  ) );
#18328 = PCURVE('',#16915,#18329);
#18329 = DEFINITIONAL_REPRESENTATION('',(#18330),#18334);
#18330 = LINE('',#18331,#18332);
#18331 = CARTESIAN_POINT('',(0.,-0.));
#18332 = VECTOR('',#18333,1.);
#18333 = DIRECTION('',(0.,1.));
#18334 = ( GEOMETRIC_REPRESENTATION_CONTEXT(2) 
PARAMETRIC_REPRESENTATION_CONTEXT() REPRESENTATION_CONTEXT('2D SPACE',''
  ) );
#18335 = ORIENTED_EDGE('',*,*,#18336,.F.);
#18336 = EDGE_CURVE('',#18314,#18314,#18337,.T.);
#18337 = SURFACE_CURVE('',#18338,(#18343,#18350),.PCURVE_S1.);
#18338 = CIRCLE('',#18339,2.1);
#18339 = AXIS2_PLACEMENT_3D('',#18340,#18341,#18342);
#18340 = CARTESIAN_POINT('',(-63.,72.8,244.));
#18341 = DIRECTION('',(0.,-1.,0.));
#18342 = DIRECTION('',(0.,-0.,-1.));
#18343 = PCURVE('',#16915,#18344);
#18344 = DEFINITIONAL_REPRESENTATION('',(#18345),#18349);
#18345 = LINE('',#18346,#18347);
#18346 = CARTESIAN_POINT('',(0.,7.));
#18347 = VECTOR('',#18348,1.);
#18348 = DIRECTION('',(1.,0.));
#18349 = ( GEOMETRIC_REPRESENTATION_CONTEXT(2) 
PARAMETRIC_REPRESENTATION_CONTEXT() REPRESENTATION_CONTEXT('2D SPACE',''
  ) );
#18350 = PCURVE('',#18351,#18356);
#18351 = PLANE('',#18352);
#18352 = AXIS2_PLACEMENT_3D('',#18353,#18354,#18355);
#18353 = CARTESIAN_POINT('',(-63.,72.8,244.));
#18354 = DIRECTION('',(0.,-1.,0.));
#18355 = DIRECTION('',(0.,-0.,-1.));
#18356 = DEFINITIONAL_REPRESENTATION('',(#18357),#18361);
#18357 = CIRCLE('',#18358,2.1);
#18358 = AXIS2_PLACEMENT_2D('',#18359,#18360);
#18359 = CARTESIAN_POINT('',(0.,0.));
#18360 = DIRECTION('',(1.,0.));
#18361 = ( GEOMETRIC_REPRESENTATION_CONTEXT(2) 
PARAMETRIC_REPRESENTATION_CONTEXT() REPRESENTATION_CONTEXT('2D SPACE',''
  ) );
#18362 = ORIENTED_EDGE('',*,*,#18313,.F.);
#18363 = ORIENTED_EDGE('',*,*,#16898,.T.);
#18364 = ADVANCED_FACE('',(#18365),#16980,.F.);
#18365 = FACE_BOUND('',#18366,.F.);
#18366 = EDGE_LOOP('',(#18367));
#18367 = ORIENTED_EDGE('',*,*,#16963,.T.);
#18368 = ADVANCED_FACE('',(#18369),#17054,.F.);
#18369 = FACE_BOUND('',#18370,.F.);
#18370 = EDGE_LOOP('',(#18371,#18372,#18373,#18374,#18375));
#18371 = ORIENTED_EDGE('',*,*,#17213,.T.);
#18372 = ORIENTED_EDGE('',*,*,#17266,.T.);
#18373 = ORIENTED_EDGE('',*,*,#17303,.T.);
#18374 = ORIENTED_EDGE('',*,*,#17037,.T.);
#18375 = ORIENTED_EDGE('',*,*,#17114,.F.);
#18376 = ADVANCED_FACE('',(#18377),#17178,.F.);
#18377 = FACE_BOUND('',#18378,.F.);
#18378 = EDGE_LOOP('',(#18379));
#18379 = ORIENTED_EDGE('',*,*,#17161,.T.);
#18380 = ADVANCED_FACE('',(#18381),#17347,.T.);
#18381 = FACE_BOUND('',#18382,.T.);
#18382 = EDGE_LOOP('',(#18383));
#18383 = ORIENTED_EDGE('',*,*,#17330,.T.);
#18384 = ADVANCED_FACE('',(#18385),#17402,.T.);
#18385 = FACE_BOUND('',#18386,.T.);
#18386 = EDGE_LOOP('',(#18387));
#18387 = ORIENTED_EDGE('',*,*,#17385,.T.);
#18388 = ADVANCED_FACE('',(#18389),#17462,.F.);
#18389 = FACE_BOUND('',#18390,.F.);
#18390 = EDGE_LOOP('',(#18391,#18414,#18441,#18442));
#18391 = ORIENTED_EDGE('',*,*,#18392,.T.);
#18392 = EDGE_CURVE('',#17446,#18393,#18395,.T.);
#18393 = VERTEX_POINT('',#18394);
#18394 = CARTESIAN_POINT('',(63.,72.8,215.9));
#18395 = SEAM_CURVE('',#18396,(#18400,#18407),.PCURVE_S1.);
#18396 = LINE('',#18397,#18398);
#18397 = CARTESIAN_POINT('',(63.,79.8,215.9));
#18398 = VECTOR('',#18399,1.);
#18399 = DIRECTION('',(0.,-1.,0.));
#18400 = PCURVE('',#17462,#18401);
#18401 = DEFINITIONAL_REPRESENTATION('',(#18402),#18406);
#18402 = LINE('',#18403,#18404);
#18403 = CARTESIAN_POINT('',(6.28318530718,-0.));
#18404 = VECTOR('',#18405,1.);
#18405 = DIRECTION('',(0.,1.));
#18406 = ( GEOMETRIC_REPRESENTATION_CONTEXT(2) 
PARAMETRIC_REPRESENTATION_CONTEXT() REPRESENTATION_CONTEXT('2D SPACE',''
  ) );
#18407 = PCURVE('',#17462,#18408);
#18408 = DEFINITIONAL_REPRESENTATION('',(#18409),#18413);
#18409 = LINE('',#18410,#18411);
#18410 = CARTESIAN_POINT('',(0.,-0.));
#18411 = VECTOR('',#18412,1.);
#18412 = DIRECTION('',(0.,1.));
#18413 = ( GEOMETRIC_REPRESENTATION_CONTEXT(2) 
PARAMETRIC_REPRESENTATION_CONTEXT() REPRESENTATION_CONTEXT('2D SPACE',''
  ) );
#18414 = ORIENTED_EDGE('',*,*,#18415,.F.);
#18415 = EDGE_CURVE('',#18393,#18393,#18416,.T.);
#18416 = SURFACE_CURVE('',#18417,(#18422,#18429),.PCURVE_S1.);
#18417 = CIRCLE('',#18418,2.1);
#18418 = AXIS2_PLACEMENT_3D('',#18419,#18420,#18421);
#18419 = CARTESIAN_POINT('',(63.,72.8,218.));
#18420 = DIRECTION('',(0.,-1.,0.));
#18421 = DIRECTION('',(0.,-0.,-1.));
#18422 = PCURVE('',#17462,#18423);
#18423 = DEFINITIONAL_REPRESENTATION('',(#18424),#18428);
#18424 = LINE('',#18425,#18426);
#18425 = CARTESIAN_POINT('',(0.,7.));
#18426 = VECTOR('',#18427,1.);
#18427 = DIRECTION('',(1.,0.));
#18428 = ( GEOMETRIC_REPRESENTATION_CONTEXT(2) 
PARAMETRIC_REPRESENTATION_CONTEXT() REPRESENTATION_CONTEXT('2D SPACE',''
  ) );
#18429 = PCURVE('',#18430,#18435);
#18430 = PLANE('',#18431);
#18431 = AXIS2_PLACEMENT_3D('',#18432,#18433,#18434);
#18432 = CARTESIAN_POINT('',(63.,72.8,218.));
#18433 = DIRECTION('',(0.,-1.,0.));
#18434 = DIRECTION('',(0.,-0.,-1.));
#18435 = DEFINITIONAL_REPRESENTATION('',(#18436),#18440);
#18436 = CIRCLE('',#18437,2.1);
#18437 = AXIS2_PLACEMENT_2D('',#18438,#18439);
#18438 = CARTESIAN_POINT('',(0.,0.));
#18439 = DIRECTION('',(1.,0.));
#18440 = ( GEOMETRIC_REPRESENTATION_CONTEXT(2) 
PARAMETRIC_REPRESENTATION_CONTEXT() REPRESENTATION_CONTEXT('2D SPACE',''
  ) );
#18441 = ORIENTED_EDGE('',*,*,#18392,.F.);
#18442 = ORIENTED_EDGE('',*,*,#17445,.T.);
#18443 = ADVANCED_FACE('',(#18444),#17503,.F.);
#18444 = FACE_BOUND('',#18445,.F.);
#18445 = EDGE_LOOP('',(#18446,#18469,#18496,#18497));
#18446 = ORIENTED_EDGE('',*,*,#18447,.T.);
#18447 = EDGE_CURVE('',#17487,#18448,#18450,.T.);
#18448 = VERTEX_POINT('',#18449);
#18449 = CARTESIAN_POINT('',(63.,72.8,241.9));
#18450 = SEAM_CURVE('',#18451,(#18455,#18462),.PCURVE_S1.);
#18451 = LINE('',#18452,#18453);
#18452 = CARTESIAN_POINT('',(63.,79.8,241.9));
#18453 = VECTOR('',#18454,1.);
#18454 = DIRECTION('',(0.,-1.,0.));
#18455 = PCURVE('',#17503,#18456);
#18456 = DEFINITIONAL_REPRESENTATION('',(#18457),#18461);
#18457 = LINE('',#18458,#18459);
#18458 = CARTESIAN_POINT('',(6.28318530718,-0.));
#18459 = VECTOR('',#18460,1.);
#18460 = DIRECTION('',(0.,1.));
#18461 = ( GEOMETRIC_REPRESENTATION_CONTEXT(2) 
PARAMETRIC_REPRESENTATION_CONTEXT() REPRESENTATION_CONTEXT('2D SPACE',''
  ) );
#18462 = PCURVE('',#17503,#18463);
#18463 = DEFINITIONAL_REPRESENTATION('',(#18464),#18468);
#18464 = LINE('',#18465,#18466);
#18465 = CARTESIAN_POINT('',(0.,-0.));
#18466 = VECTOR('',#18467,1.);
#18467 = DIRECTION('',(0.,1.));
#18468 = ( GEOMETRIC_REPRESENTATION_CONTEXT(2) 
PARAMETRIC_REPRESENTATION_CONTEXT() REPRESENTATION_CONTEXT('2D SPACE',''
  ) );
#18469 = ORIENTED_EDGE('',*,*,#18470,.F.);
#18470 = EDGE_CURVE('',#18448,#18448,#18471,.T.);
#18471 = SURFACE_CURVE('',#18472,(#18477,#18484),.PCURVE_S1.);
#18472 = CIRCLE('',#18473,2.1);
#18473 = AXIS2_PLACEMENT_3D('',#18474,#18475,#18476);
#18474 = CARTESIAN_POINT('',(63.,72.8,244.));
#18475 = DIRECTION('',(0.,-1.,0.));
#18476 = DIRECTION('',(0.,-0.,-1.));
#18477 = PCURVE('',#17503,#18478);
#18478 = DEFINITIONAL_REPRESENTATION('',(#18479),#18483);
#18479 = LINE('',#18480,#18481);
#18480 = CARTESIAN_POINT('',(0.,7.));
#18481 = VECTOR('',#18482,1.);
#18482 = DIRECTION('',(1.,0.));
#18483 = ( GEOMETRIC_REPRESENTATION_CONTEXT(2) 
PARAMETRIC_REPRESENTATION_CONTEXT() REPRESENTATION_CONTEXT('2D SPACE',''
  ) );
#18484 = PCURVE('',#18485,#18490);
#18485 = PLANE('',#18486);
#18486 = AXIS2_PLACEMENT_3D('',#18487,#18488,#18489);
#18487 = CARTESIAN_POINT('',(63.,72.8,244.));
#18488 = DIRECTION('',(0.,-1.,0.));
#18489 = DIRECTION('',(0.,-0.,-1.));
#18490 = DEFINITIONAL_REPRESENTATION('',(#18491),#18495);
#18491 = CIRCLE('',#18492,2.1);
#18492 = AXIS2_PLACEMENT_2D('',#18493,#18494);
#18493 = CARTESIAN_POINT('',(0.,0.));
#18494 = DIRECTION('',(1.,0.));
#18495 = ( GEOMETRIC_REPRESENTATION_CONTEXT(2) 
PARAMETRIC_REPRESENTATION_CONTEXT() REPRESENTATION_CONTEXT('2D SPACE',''
  ) );
#18496 = ORIENTED_EDGE('',*,*,#18447,.F.);
#18497 = ORIENTED_EDGE('',*,*,#17486,.T.);
#18498 = ADVANCED_FACE('',(#18499),#17549,.F.);
#18499 = FACE_BOUND('',#18500,.F.);
#18500 = EDGE_LOOP('',(#18501,#18524,#18551,#18552));
#18501 = ORIENTED_EDGE('',*,*,#18502,.T.);
#18502 = EDGE_CURVE('',#17529,#18503,#18505,.T.);
#18503 = VERTEX_POINT('',#18504);
#18504 = CARTESIAN_POINT('',(76.65,25.,152.9));
#18505 = SEAM_CURVE('',#18506,(#18510,#18517),.PCURVE_S1.);
#18506 = LINE('',#18507,#18508);
#18507 = CARTESIAN_POINT('',(79.95,25.,152.9));
#18508 = VECTOR('',#18509,1.);
#18509 = DIRECTION('',(-1.,0.,0.));
#18510 = PCURVE('',#17549,#18511);
#18511 = DEFINITIONAL_REPRESENTATION('',(#18512),#18516);
#18512 = LINE('',#18513,#18514);
#18513 = CARTESIAN_POINT('',(6.28318530718,-0.));
#18514 = VECTOR('',#18515,1.);
#18515 = DIRECTION('',(0.,1.));
#18516 = ( GEOMETRIC_REPRESENTATION_CONTEXT(2) 
PARAMETRIC_REPRESENTATION_CONTEXT() REPRESENTATION_CONTEXT('2D SPACE',''
  ) );
#18517 = PCURVE('',#17549,#18518);
#18518 = DEFINITIONAL_REPRESENTATION('',(#18519),#18523);
#18519 = LINE('',#18520,#18521);
#18520 = CARTESIAN_POINT('',(0.,-0.));
#18521 = VECTOR('',#18522,1.);
#18522 = DIRECTION('',(0.,1.));
#18523 = ( GEOMETRIC_REPRESENTATION_CONTEXT(2) 
PARAMETRIC_REPRESENTATION_CONTEXT() REPRESENTATION_CONTEXT('2D SPACE',''
  ) );
#18524 = ORIENTED_EDGE('',*,*,#18525,.F.);
#18525 = EDGE_CURVE('',#18503,#18503,#18526,.T.);
#18526 = SURFACE_CURVE('',#18527,(#18532,#18539),.PCURVE_S1.);
#18527 = CIRCLE('',#18528,3.1);
#18528 = AXIS2_PLACEMENT_3D('',#18529,#18530,#18531);
#18529 = CARTESIAN_POINT('',(76.65,25.,156.));
#18530 = DIRECTION('',(-1.,0.,0.));
#18531 = DIRECTION('',(0.,0.,-1.));
#18532 = PCURVE('',#17549,#18533);
#18533 = DEFINITIONAL_REPRESENTATION('',(#18534),#18538);
#18534 = LINE('',#18535,#18536);
#18535 = CARTESIAN_POINT('',(0.,3.3));
#18536 = VECTOR('',#18537,1.);
#18537 = DIRECTION('',(1.,0.));
#18538 = ( GEOMETRIC_REPRESENTATION_CONTEXT(2) 
PARAMETRIC_REPRESENTATION_CONTEXT() REPRESENTATION_CONTEXT('2D SPACE',''
  ) );
#18539 = PCURVE('',#18540,#18545);
#18540 = PLANE('',#18541);
#18541 = AXIS2_PLACEMENT_3D('',#18542,#18543,#18544);
#18542 = CARTESIAN_POINT('',(76.65,25.,156.));
#18543 = DIRECTION('',(-1.,0.,0.));
#18544 = DIRECTION('',(0.,0.,-1.));
#18545 = DEFINITIONAL_REPRESENTATION('',(#18546),#18550);
#18546 = CIRCLE('',#18547,3.1);
#18547 = AXIS2_PLACEMENT_2D('',#18548,#18549);
#18548 = CARTESIAN_POINT('',(0.,0.));
#18549 = DIRECTION('',(1.,0.));
#18550 = ( GEOMETRIC_REPRESENTATION_CONTEXT(2) 
PARAMETRIC_REPRESENTATION_CONTEXT() REPRESENTATION_CONTEXT('2D SPACE',''
  ) );
#18551 = ORIENTED_EDGE('',*,*,#18502,.F.);
#18552 = ORIENTED_EDGE('',*,*,#17528,.T.);
#18553 = ADVANCED_FACE('',(#18554),#17584,.F.);
#18554 = FACE_BOUND('',#18555,.F.);
#18555 = EDGE_LOOP('',(#18556,#18579,#18606,#18607));
#18556 = ORIENTED_EDGE('',*,*,#18557,.T.);
#18557 = EDGE_CURVE('',#17564,#18558,#18560,.T.);
#18558 = VERTEX_POINT('',#18559);
#18559 = CARTESIAN_POINT('',(76.65,-25.,152.9));
#18560 = SEAM_CURVE('',#18561,(#18565,#18572),.PCURVE_S1.);
#18561 = LINE('',#18562,#18563);
#18562 = CARTESIAN_POINT('',(79.95,-25.,152.9));
#18563 = VECTOR('',#18564,1.);
#18564 = DIRECTION('',(-1.,0.,0.));
#18565 = PCURVE('',#17584,#18566);
#18566 = DEFINITIONAL_REPRESENTATION('',(#18567),#18571);
#18567 = LINE('',#18568,#18569);
#18568 = CARTESIAN_POINT('',(6.28318530718,-0.));
#18569 = VECTOR('',#18570,1.);
#18570 = DIRECTION('',(0.,1.));
#18571 = ( GEOMETRIC_REPRESENTATION_CONTEXT(2) 
PARAMETRIC_REPRESENTATION_CONTEXT() REPRESENTATION_CONTEXT('2D SPACE',''
  ) );
#18572 = PCURVE('',#17584,#18573);
#18573 = DEFINITIONAL_REPRESENTATION('',(#18574),#18578);
#18574 = LINE('',#18575,#18576);
#18575 = CARTESIAN_POINT('',(0.,-0.));
#18576 = VECTOR('',#18577,1.);
#18577 = DIRECTION('',(0.,1.));
#18578 = ( GEOMETRIC_REPRESENTATION_CONTEXT(2) 
PARAMETRIC_REPRESENTATION_CONTEXT() REPRESENTATION_CONTEXT('2D SPACE',''
  ) );
#18579 = ORIENTED_EDGE('',*,*,#18580,.F.);
#18580 = EDGE_CURVE('',#18558,#18558,#18581,.T.);
#18581 = SURFACE_CURVE('',#18582,(#18587,#18594),.PCURVE_S1.);
#18582 = CIRCLE('',#18583,3.1);
#18583 = AXIS2_PLACEMENT_3D('',#18584,#18585,#18586);
#18584 = CARTESIAN_POINT('',(76.65,-25.,156.));
#18585 = DIRECTION('',(-1.,0.,0.));
#18586 = DIRECTION('',(0.,0.,-1.));
#18587 = PCURVE('',#17584,#18588);
#18588 = DEFINITIONAL_REPRESENTATION('',(#18589),#18593);
#18589 = LINE('',#18590,#18591);
#18590 = CARTESIAN_POINT('',(0.,3.3));
#18591 = VECTOR('',#18592,1.);
#18592 = DIRECTION('',(1.,0.));
#18593 = ( GEOMETRIC_REPRESENTATION_CONTEXT(2) 
PARAMETRIC_REPRESENTATION_CONTEXT() REPRESENTATION_CONTEXT('2D SPACE',''
  ) );
#18594 = PCURVE('',#18595,#18600);
#18595 = PLANE('',#18596);
#18596 = AXIS2_PLACEMENT_3D('',#18597,#18598,#18599);
#18597 = CARTESIAN_POINT('',(76.65,-25.,156.));
#18598 = DIRECTION('',(-1.,0.,0.));
#18599 = DIRECTION('',(0.,0.,-1.));
#18600 = DEFINITIONAL_REPRESENTATION('',(#18601),#18605);
#18601 = CIRCLE('',#18602,3.1);
#18602 = AXIS2_PLACEMENT_2D('',#18603,#18604);
#18603 = CARTESIAN_POINT('',(0.,0.));
#18604 = DIRECTION('',(1.,0.));
#18605 = ( GEOMETRIC_REPRESENTATION_CONTEXT(2) 
PARAMETRIC_REPRESENTATION_CONTEXT() REPRESENTATION_CONTEXT('2D SPACE',''
  ) );
#18606 = ORIENTED_EDGE('',*,*,#18557,.F.);
#18607 = ORIENTED_EDGE('',*,*,#17563,.T.);
#18608 = ADVANCED_FACE('',(#18609),#17636,.F.);
#18609 = FACE_BOUND('',#18610,.F.);
#18610 = EDGE_LOOP('',(#18611));
#18611 = ORIENTED_EDGE('',*,*,#17619,.T.);
#18612 = ADVANCED_FACE('',(#18613),#17688,.F.);
#18613 = FACE_BOUND('',#18614,.F.);
#18614 = EDGE_LOOP('',(#18615,#18616,#18617,#18618,#18619));
#18615 = ORIENTED_EDGE('',*,*,#17907,.F.);
#18616 = ORIENTED_EDGE('',*,*,#17671,.T.);
#18617 = ORIENTED_EDGE('',*,*,#17749,.T.);
#18618 = ORIENTED_EDGE('',*,*,#17934,.T.);
#18619 = ORIENTED_EDGE('',*,*,#17853,.T.);
#18620 = ADVANCED_FACE('',(#18621),#17796,.F.);
#18621 = FACE_BOUND('',#18622,.F.);
#18622 = EDGE_LOOP('',(#18623));
#18623 = ORIENTED_EDGE('',*,*,#17779,.T.);
#18624 = ADVANCED_FACE('',(#18625),#17978,.T.);
#18625 = FACE_BOUND('',#18626,.T.);
#18626 = EDGE_LOOP('',(#18627));
#18627 = ORIENTED_EDGE('',*,*,#17961,.T.);
#18628 = ADVANCED_FACE('',(#18629),#18033,.T.);
#18629 = FACE_BOUND('',#18630,.T.);
#18630 = EDGE_LOOP('',(#18631));
#18631 = ORIENTED_EDGE('',*,*,#18016,.T.);
#18632 = ADVANCED_FACE('',(#18633),#18186,.F.);
#18633 = FACE_BOUND('',#18634,.F.);
#18634 = EDGE_LOOP('',(#18635));
#18635 = ORIENTED_EDGE('',*,*,#18171,.T.);
#18636 = ADVANCED_FACE('',(#18637),#18241,.F.);
#18637 = FACE_BOUND('',#18638,.F.);
#18638 = EDGE_LOOP('',(#18639));
#18639 = ORIENTED_EDGE('',*,*,#18226,.T.);
#18640 = ADVANCED_FACE('',(#18641),#18296,.F.);
#18641 = FACE_BOUND('',#18642,.F.);
#18642 = EDGE_LOOP('',(#18643));
#18643 = ORIENTED_EDGE('',*,*,#18281,.T.);
#18644 = ADVANCED_FACE('',(#18645),#18351,.F.);
#18645 = FACE_BOUND('',#18646,.F.);
#18646 = EDGE_LOOP('',(#18647));
#18647 = ORIENTED_EDGE('',*,*,#18336,.T.);
#18648 = ADVANCED_FACE('',(#18649),#18430,.F.);
#18649 = FACE_BOUND('',#18650,.F.);
#18650 = EDGE_LOOP('',(#18651));
#18651 = ORIENTED_EDGE('',*,*,#18415,.T.);
#18652 = ADVANCED_FACE('',(#18653),#18485,.F.);
#18653 = FACE_BOUND('',#18654,.F.);
#18654 = EDGE_LOOP('',(#18655));
#18655 = ORIENTED_EDGE('',*,*,#18470,.T.);
#18656 = ADVANCED_FACE('',(#18657),#18540,.F.);
#18657 = FACE_BOUND('',#18658,.F.);
#18658 = EDGE_LOOP('',(#18659));
#18659 = ORIENTED_EDGE('',*,*,#18525,.T.);
#18660 = ADVANCED_FACE('',(#18661),#18595,.F.);
#18661 = FACE_BOUND('',#18662,.F.);
#18662 = EDGE_LOOP('',(#18663));
#18663 = ORIENTED_EDGE('',*,*,#18580,.T.);
#18664 = ( GEOMETRIC_REPRESENTATION_CONTEXT(3) 
GLOBAL_UNCERTAINTY_ASSIGNED_CONTEXT((#18668)) 
GLOBAL_UNIT_ASSIGNED_CONTEXT((#18665,#18666,#18667)) 
REPRESENTATION_CONTEXT('Context #1',
  '3D Context with UNIT and UNCERTAINTY') );
#18665 = ( LENGTH_UNIT() NAMED_UNIT(*) SI_UNIT(.MILLI.,.METRE.) );
#18666 = ( NAMED_UNIT(*) PLANE_ANGLE_UNIT() SI_UNIT($,.RADIAN.) );
#18667 = ( NAMED_UNIT(*) SI_UNIT($,.STERADIAN.) SOLID_ANGLE_UNIT() );
#18668 = UNCERTAINTY_MEASURE_WITH_UNIT(LENGTH_MEASURE(1.E-07),#18665,
  'distance_accuracy_value','confusion accuracy');
#18669 = PRODUCT_RELATED_PRODUCT_CATEGORY('part',$,(#7));
ENDSEC;
END-ISO-10303-21;
